retrieval_run_id,method,setting,example_id,rank,title,score
bm25_per_question_n500_d10_20260726_r01,bm25,per_question,5a71166d5542994082a3e576,1,Battle of Manila (1574),7.1483398997012131
bm25_per_question_n500_d10_20260726_r01,bm25,per_question,5a71166d5542994082a3e576,2,Battle of the Burbia River,6.9503062745217381
bm25_per_question_n500_d10_20260726_r01,bm25,per_question,5a71166d5542994082a3e576,3,Battle of Silda,6.8684783452021634
bm25_per_question_n500_d10_20260726_r01,bm25,per_question,5a71166d5542994082a3e576,4,Battle of Manila (1945),6.7502671910243439
bm25_per_question_n500_d10_20260726_r01,bm25,per_question,5a71166d5542994082a3e576,5,Battle of Alhandic,6.7423394030616688
bm25_per_question_n500_d10_20260726_r01,bm25,per_question,5a71166d5542994082a3e576,6,Battle of Klushino,6.7283082867591162
bm25_per_question_n500_d10_20260726_r01,bm25,per_question,5a71166d5542994082a3e576,7,Battle of Calabria,6.2961546611712853
bm25_per_question_n500_d10_20260726_r01,bm25,per_question,5a71166d5542994082a3e576,8,Battle of Aspromonte,5.6470494685627255
bm25_per_question_n500_d10_20260726_r01,bm25,per_question,5a71166d5542994082a3e576,9,Battle of Guam (1944),5.625122027842071
bm25_per_question_n500_d10_20260726_r01,bm25,per_question,5a71166d5542994082a3e576,10,Battle of Yao (Japan),5.1192695253672849
bm25_per_question_n500_d10_20260726_r01,bm25,per_question,5a7133565542994082a3e65c,1,"Lake Louisvilla, Louisville",8.4857290127306086
bm25_per_question_n500_d10_20260726_r01,bm25,per_question,5a7133565542994082a3e65c,2,Tara Conner,6.5514422514106432
bm25_per_question_n500_d10_20260726_r01,bm25,per_question,5a7133565542994082a3e65c,3,"Oldham County, Kentucky",5.7380458800891567
bm25_per_question_n500_d10_20260726_r01,bm25,per_question,5a7133565542994082a3e65c,4,"Casey County, Kentucky",5.5693682289499904
bm25_per_question_n500_d10_20260726_r01,bm25,per_question,5a7133565542994082a3e65c,5,Battle of Blue Licks,5.375953056222035
bm25_per_question_n500_d10_20260726_r01,bm25,per_question,5a7133565542994082a3e65c,6,John Logan (pioneer),3.6716838767107807
bm25_per_question_n500_d10_20260726_r01,bm25,per_question,5a7133565542994082a3e65c,7,John Bowman (pioneer),3.5357016135068737
bm25_per_question_n500_d10_20260726_r01,bm25,per_question,5a7133565542994082a3e65c,8,"Kentucky County, Virginia",3.432359569271735
bm25_per_question_n500_d10_20260726_r01,bm25,per_question,5a7133565542994082a3e65c,9,Westervelt massacre,3.356268629009072
bm25_per_question_n500_d10_20260726_r01,bm25,per_question,5a7133565542994082a3e65c,10,Benjamin Logan,3.1268483612984719
bm25_per_question_n500_d10_20260726_r01,bm25,per_question,5a713a5a5542994082a3e6a9,1,Gorse Hill,8.3479396466573004
bm25_per_question_n500_d10_20260726_r01,bm25,per_question,5a713a5a5542994082a3e6a9,2,"Old Trafford, Greater Manchester",7.2799855387844721
bm25_per_question_n500_d10_20260726_r01,bm25,per_question,5a713a5a5542994082a3e6a9,3,Aquinas Old Collegians Football Club,5.3900529933768118
bm25_per_question_n500_d10_20260726_r01,bm25,per_question,5a713a5a5542994082a3e6a9,4,Manchester United F.C.,5.2235183101649252
bm25_per_question_n500_d10_20260726_r01,bm25,per_question,5a713a5a5542994082a3e6a9,5,Trojans Rugby Football Club,5.1548141622343993
bm25_per_question_n500_d10_20260726_r01,bm25,per_question,5a713a5a5542994082a3e6a9,6,ŠNK Radgona,5.0278479422487026
bm25_per_question_n500_d10_20260726_r01,bm25,per_question,5a713a5a5542994082a3e6a9,7,Maxine's Tap Room,4.8459989283113618
bm25_per_question_n500_d10_20260726_r01,bm25,per_question,5a713a5a5542994082a3e6a9,8,Manchester United F.C. in European football,4.6797899280059347
bm25_per_question_n500_d10_20260726_r01,bm25,per_question,5a713a5a5542994082a3e6a9,9,Trafford Bar tram stop,4.3831870831509132
bm25_per_question_n500_d10_20260726_r01,bm25,per_question,5a713a5a5542994082a3e6a9,10,Ragbi Klub Mornar Bar,4.087822968890003
bm25_per_question_n500_d10_20260726_r01,bm25,per_question,5a713ea95542994082a3e6e4,1,Alvaro Mexia,8.2940738371183134
bm25_per_question_n500_d10_20260726_r01,bm25,per_question,5a713ea95542994082a3e6e4,2,Indigenous peoples of Florida,5.5021935585187283
bm25_per_question_n500_d10_20260726_r01,bm25,per_question,5a713ea95542994082a3e6e4,3,Diplomatic mission,4.4076798288245822
bm25_per_question_n500_d10_20260726_r01,bm25,per_question,5a713ea95542994082a3e6e4,4,"Embassy of the United States, Nairobi",3.6889338500035671
bm25_per_question_n500_d10_20260726_r01,bm25,per_question,5a713ea95542994082a3e6e4,5,United States Mission to the European Union,3.2982837999904291
bm25_per_question_n500_d10_20260726_r01,bm25,per_question,5a713ea95542994082a3e6e4,6,List of diplomatic missions of Azerbaijan,3.1455304797280568
bm25_per_question_n500_d10_20260726_r01,bm25,per_question,5a713ea95542994082a3e6e4,7,Head of mission,3.1251681446158126
bm25_per_question_n500_d10_20260726_r01,bm25,per_question,5a713ea95542994082a3e6e4,8,"High Commission of Australia, London",2.8788069513559691
bm25_per_question_n500_d10_20260726_r01,bm25,per_question,5a713ea95542994082a3e6e4,9,Diplomatic bag,2.5915951703425115
bm25_per_question_n500_d10_20260726_r01,bm25,per_question,5a713ea95542994082a3e6e4,10,"Embassy of China, London",2.2526349549029514
bm25_per_question_n500_d10_20260726_r01,bm25,per_question,5a7166395542994082a3e814,1,University of Kansas,20.947416704929907
bm25_per_question_n500_d10_20260726_r01,bm25,per_question,5a7166395542994082a3e814,2,University of the Incarnate Word,17.144932285916138
bm25_per_question_n500_d10_20260726_r01,bm25,per_question,5a7166395542994082a3e814,3,Kansas Song,14.402802392262112
bm25_per_question_n500_d10_20260726_r01,bm25,per_question,5a7166395542994082a3e814,4,University of Missouri–Kansas City,14.108944121557723
bm25_per_question_n500_d10_20260726_r01,bm25,per_question,5a7166395542994082a3e814,5,"North Kansas City, Missouri",12.818375498881089
bm25_per_question_n500_d10_20260726_r01,bm25,per_question,5a7166395542994082a3e814,6,Kansas City Scout,12.074149762833972
bm25_per_question_n500_d10_20260726_r01,bm25,per_question,5a7166395542994082a3e814,7,Kansas City jazz,11.71221400811449
bm25_per_question_n500_d10_20260726_r01,bm25,per_question,5a7166395542994082a3e814,8,Downtown Kansas City,11.42654794103967
bm25_per_question_n500_d10_20260726_r01,bm25,per_question,5a7166395542994082a3e814,9,Kansas City metropolitan area,10.759586919773463
bm25_per_question_n500_d10_20260726_r01,bm25,per_question,5a7166395542994082a3e814,10,History of the Kansas City metropolitan area,10.463746710142459
bm25_per_question_n500_d10_20260726_r01,bm25,per_question,5a71717d5542994082a3e834,1,Gryphon (film),8.101396822496616
bm25_per_question_n500_d10_20260726_r01,bm25,per_question,5a71717d5542994082a3e834,2,Steve Nallon,7.7795178835309162
bm25_per_question_n500_d10_20260726_r01,bm25,per_question,5a71717d5542994082a3e834,3,Jeff Bennett,5.4087984820119779
bm25_per_question_n500_d10_20260726_r01,bm25,per_question,5a71717d5542994082a3e834,4,Brian A. Miller,4.4858694149870519
bm25_per_question_n500_d10_20260726_r01,bm25,per_question,5a71717d5542994082a3e834,5,Larry Drake,4.2525814488778266
bm25_per_question_n500_d10_20260726_r01,bm25,per_question,5a71717d5542994082a3e834,6,Festival of New Songs,3.7605552579518515
bm25_per_question_n500_d10_20260726_r01,bm25,per_question,5a71717d5542994082a3e834,7,Sherry Gunther,3.7433784753463666
bm25_per_question_n500_d10_20260726_r01,bm25,per_question,5a71717d5542994082a3e834,8,Rumen Petkov,3.6983680104025076
bm25_per_question_n500_d10_20260726_r01,bm25,per_question,5a71717d5542994082a3e834,9,List of Johnny Bravo episodes,3.1024270078270955
bm25_per_question_n500_d10_20260726_r01,bm25,per_question,5a71717d5542994082a3e834,10,Van Partible,1.1969854800384438
bm25_per_question_n500_d10_20260726_r01,bm25,per_question,5a717d4c5542994082a3e854,1,Gershgorin circle theorem,3.2433419718912466
bm25_per_question_n500_d10_20260726_r01,bm25,per_question,5a717d4c5542994082a3e854,2,Pavel Alexandrov,2.7759535098836636
bm25_per_question_n500_d10_20260726_r01,bm25,per_question,5a717d4c5542994082a3e854,3,Semyon Aranovich Gershgorin,1.9612662179738884
bm25_per_question_n500_d10_20260726_r01,bm25,per_question,5a717d4c5542994082a3e854,4,Confrontation (TV series),1.9050421871801795
bm25_per_question_n500_d10_20260726_r01,bm25,per_question,5a717d4c5542994082a3e854,5,Rafferty (1980 TV series),1.838172531623933
bm25_per_question_n500_d10_20260726_r01,bm25,per_question,5a717d4c5542994082a3e854,6,Pavel Urysohn,1.8266202202854884
bm25_per_question_n500_d10_20260726_r01,bm25,per_question,5a717d4c5542994082a3e854,7,Nerve of a covering,1.6291611703477513
bm25_per_question_n500_d10_20260726_r01,bm25,per_question,5a717d4c5542994082a3e854,8,Semyon Aranovich,1.4472441585682243
bm25_per_question_n500_d10_20260726_r01,bm25,per_question,5a717d4c5542994082a3e854,9,The Year of the Dog (film),0.40912099800708202
bm25_per_question_n500_d10_20260726_r01,bm25,per_question,5a717d4c5542994082a3e854,10,Alexandroff extension,0.38340972335341134
bm25_per_question_n500_d10_20260726_r01,bm25,per_question,5a722b8655429971e9dc9329,1,These Boots Are Made for Walkin',6.464112459628768
bm25_per_question_n500_d10_20260726_r01,bm25,per_question,5a722b8655429971e9dc9329,2,Death of Abdul Wali,6.2703336319036085
bm25_per_question_n500_d10_20260726_r01,bm25,per_question,5a722b8655429971e9dc9329,3,Jim Shoulders,5.5087902724287847
bm25_per_question_n500_d10_20260726_r01,bm25,per_question,5a722b8655429971e9dc9329,4,Boots (album),4.8414166232749238
bm25_per_question_n500_d10_20260726_r01,bm25,per_question,5a722b8655429971e9dc9329,5,The Twenty-fifth Anniversary Anthology,4.5607543835511422
bm25_per_question_n500_d10_20260726_r01,bm25,per_question,5a722b8655429971e9dc9329,6,Boots (EP),4.2319280735200575
bm25_per_question_n500_d10_20260726_r01,bm25,per_question,5a722b8655429971e9dc9329,7,Kon Kan,4.1667876726638022
bm25_per_question_n500_d10_20260726_r01,bm25,per_question,5a722b8655429971e9dc9329,8,Nancy Sinatra,4.0113272161716003
bm25_per_question_n500_d10_20260726_r01,bm25,per_question,5a722b8655429971e9dc9329,9,Puss N' Boots/These Boots Are Made for Walkin',3.2926545047567268
bm25_per_question_n500_d10_20260726_r01,bm25,per_question,5a722b8655429971e9dc9329,10,Lee Hazlewood,2.9499226729001919
bm25_per_question_n500_d10_20260726_r01,bm25,per_question,5a7252db5542990c210a4104,1,Donald Trump Jr.,7.1810435369032728
bm25_per_question_n500_d10_20260726_r01,bm25,per_question,5a7252db5542990c210a4104,2,Clear Creek Meeting House,6.2499211102362091
bm25_per_question_n500_d10_20260726_r01,bm25,per_question,5a7252db5542990c210a4104,3,Child Welfare League of America,5.6081523038343599
bm25_per_question_n500_d10_20260726_r01,bm25,per_question,5a7252db5542990c210a4104,4,Trump campaign–Russian meeting,5.1311332670926548
bm25_per_question_n500_d10_20260726_r01,bm25,per_question,5a7252db5542990c210a4104,5,Mary Elizabeth Day Nursery,5.0274980296520857
bm25_per_question_n500_d10_20260726_r01,bm25,per_question,5a7252db5542990c210a4104,6,Zeresenay Alemseged,4.8984859567510988
bm25_per_question_n500_d10_20260726_r01,bm25,per_question,5a7252db5542990c210a4104,7,Domitia Lepida the Elder,4.7705876772486455
bm25_per_question_n500_d10_20260726_r01,bm25,per_question,5a7252db5542990c210a4104,8,Jessica Mulroney,4.5799003589664631
bm25_per_question_n500_d10_20260726_r01,bm25,per_question,5a7252db5542990c210a4104,9,John Ingram McMorran,4.4556568608186193
bm25_per_question_n500_d10_20260726_r01,bm25,per_question,5a7252db5542990c210a4104,10,Clayton Fountain,4.1740535208525067
bm25_per_question_n500_d10_20260726_r01,bm25,per_question,5a729e7b5542992359bc313d,1,Longhunter,8.174069089181998
bm25_per_question_n500_d10_20260726_r01,bm25,per_question,5a729e7b5542992359bc313d,2,Cotter River System,4.6849111477081102
bm25_per_question_n500_d10_20260726_r01,bm25,per_question,5a729e7b5542992359bc313d,3,Thái Bình river system,3.1841617527993296
bm25_per_question_n500_d10_20260726_r01,bm25,per_question,5a729e7b5542992359bc313d,4,Red River system,3.1214863604300658
bm25_per_question_n500_d10_20260726_r01,bm25,per_question,5a729e7b5542992359bc313d,5,Zambezi River System Action Plan,2.9046955929777205
bm25_per_question_n500_d10_20260726_r01,bm25,per_question,5a729e7b5542992359bc313d,6,Thái Bình River,2.8253201478369134
bm25_per_question_n500_d10_20260726_r01,bm25,per_question,5a729e7b5542992359bc313d,7,Pearl River (China),2.8234188262548092
bm25_per_question_n500_d10_20260726_r01,bm25,per_question,5a729e7b5542992359bc313d,8,Blackback barb,2.5540037811769158
bm25_per_question_n500_d10_20260726_r01,bm25,per_question,5a729e7b5542992359bc313d,9,Eastern freshwater cod,2.5019754772059786
bm25_per_question_n500_d10_20260726_r01,bm25,per_question,5a729e7b5542992359bc313d,10,Holston River,2.0359929683712865
bm25_per_question_n500_d10_20260726_r01,bm25,per_question,5a72a0be5542992359bc3143,1,Dostoevsky and Parricide,15.335473464227816
bm25_per_question_n500_d10_20260726_r01,bm25,per_question,5a72a0be5542992359bc3143,2,Oedipus Rex,11.481685344557388
bm25_per_question_n500_d10_20260726_r01,bm25,per_question,5a72a0be5542992359bc3143,3,Peter Swales (historian),8.7901003701557148
bm25_per_question_n500_d10_20260726_r01,bm25,per_question,5a72a0be5542992359bc3143,4,The Interpretation of Dreams,8.0364599287025023
bm25_per_question_n500_d10_20260726_r01,bm25,per_question,5a72a0be5542992359bc3143,5,Why Freud Was Wrong,7.888642448208655
bm25_per_question_n500_d10_20260726_r01,bm25,per_question,5a72a0be5542992359bc3143,6,The Assault on Truth,7.66271303321719
bm25_per_question_n500_d10_20260726_r01,bm25,per_question,5a72a0be5542992359bc3143,7,The Life and Work of Sigmund Freud,7.4590989502232219
bm25_per_question_n500_d10_20260726_r01,bm25,per_question,5a72a0be5542992359bc3143,8,Freud and Philosophy,7.129424636283348
bm25_per_question_n500_d10_20260726_r01,bm25,per_question,5a72a0be5542992359bc3143,9,Critical approaches to Hamlet,6.7041872820880748
bm25_per_question_n500_d10_20260726_r01,bm25,per_question,5a72a0be5542992359bc3143,10,Freud: A Life for Our Time,6.3408125195677236
bm25_per_question_n500_d10_20260726_r01,bm25,per_question,5a72c6f65542994cef4bc402,1,Wheat salad,3.7493942748122802
bm25_per_question_n500_d10_20260726_r01,bm25,per_question,5a72c6f65542994cef4bc402,2,Wheat allergy,3.3434263265727844
bm25_per_question_n500_d10_20260726_r01,bm25,per_question,5a72c6f65542994cef4bc402,3,Candle salad,3.0856649158649114
bm25_per_question_n500_d10_20260726_r01,bm25,per_question,5a72c6f65542994cef4bc402,4,Bean salad,2.9077924723430768
bm25_per_question_n500_d10_20260726_r01,bm25,per_question,5a72c6f65542994cef4bc402,5,Salad bar,2.4589525860875305
bm25_per_question_n500_d10_20260726_r01,bm25,per_question,5a72c6f65542994cef4bc402,6,Crataegus pinnatifida,2.4090829849267159
bm25_per_question_n500_d10_20260726_r01,bm25,per_question,5a72c6f65542994cef4bc402,7,Fruit salad,1.9621621086786831
bm25_per_question_n500_d10_20260726_r01,bm25,per_question,5a72c6f65542994cef4bc402,8,Tomato,1.2755349764954622
bm25_per_question_n500_d10_20260726_r01,bm25,per_question,5a72c6f65542994cef4bc402,9,Jello salad,1.1491593118668801
bm25_per_question_n500_d10_20260726_r01,bm25,per_question,5a72c6f65542994cef4bc402,10,Pandanus conoideus,0.75947282317561826
bm25_per_question_n500_d10_20260726_r01,bm25,per_question,5a7320565542991f9a20c61d,1,Keith Bostic (American football),5.449792500189468
bm25_per_question_n500_d10_20260726_r01,bm25,per_question,5a7320565542991f9a20c61d,2,Keith Bostic,4.3010191760284915
bm25_per_question_n500_d10_20260726_r01,bm25,per_question,5a7320565542991f9a20c61d,3,Ken Herock,2.2817348270408222
bm25_per_question_n500_d10_20260726_r01,bm25,per_question,5a7320565542991f9a20c61d,4,1987 Pittsburgh Steelers season,1.5718364125287525
bm25_per_question_n500_d10_20260726_r01,bm25,per_question,5a7320565542991f9a20c61d,5,1989 Houston Oilers season,1.2189632342879344
bm25_per_question_n500_d10_20260726_r01,bm25,per_question,5a7320565542991f9a20c61d,6,Lucky to Be Alive (Confederate Railroad album),0.86761371056865111
bm25_per_question_n500_d10_20260726_r01,bm25,per_question,5a7320565542991f9a20c61d,7,Mouse Davis,0.81921567206121204
bm25_per_question_n500_d10_20260726_r01,bm25,per_question,5a7320565542991f9a20c61d,8,Jerry Glanville,0.73218518979526959
bm25_per_question_n500_d10_20260726_r01,bm25,per_question,5a7320565542991f9a20c61d,9,Portland State Vikings football under Jerry Glanville,0.68322732148272391
bm25_per_question_n500_d10_20260726_r01,bm25,per_question,5a7320565542991f9a20c61d,10,1990 Atlanta Falcons season,0.35026588446319551
bm25_per_question_n500_d10_20260726_r01,bm25,per_question,5a7332935542991f9a20c67d,1,Pirate's Cove,5.3455724107331939
bm25_per_question_n500_d10_20260726_r01,bm25,per_question,5a7332935542991f9a20c67d,2,Catan: Seafarers,3.431636439312709
bm25_per_question_n500_d10_20260726_r01,bm25,per_question,5a7332935542991f9a20c67d,3,The Rivals for Catan,2.9789168041285552
bm25_per_question_n500_d10_20260726_r01,bm25,per_question,5a7332935542991f9a20c67d,4,Catan Dice Game,2.565610694156192
bm25_per_question_n500_d10_20260726_r01,bm25,per_question,5a7332935542991f9a20c67d,5,Catan: Cities &amp; Knights,1.9146217434687425
bm25_per_question_n500_d10_20260726_r01,bm25,per_question,5a7332935542991f9a20c67d,6,Catan,1.7182388773952677
bm25_per_question_n500_d10_20260726_r01,bm25,per_question,5a7332935542991f9a20c67d,7,The Kids of Catan,1.5612827821220217
bm25_per_question_n500_d10_20260726_r01,bm25,per_question,5a7332935542991f9a20c67d,8,Struggle for Rome (board game),1.5060345567693108
bm25_per_question_n500_d10_20260726_r01,bm25,per_question,5a7332935542991f9a20c67d,9,Elasund,1.3375182240016898
bm25_per_question_n500_d10_20260726_r01,bm25,per_question,5a7332935542991f9a20c67d,10,Catan Card Game,1.1093120116219888
bm25_per_question_n500_d10_20260726_r01,bm25,per_question,5a738225554299623ed4abc3,1,Bedknobs and Broomsticks,8.7884734641164695
bm25_per_question_n500_d10_20260726_r01,bm25,per_question,5a738225554299623ed4abc3,2,The Muppet Christmas Carol,5.1506248012438967
bm25_per_question_n500_d10_20260726_r01,bm25,per_question,5a738225554299623ed4abc3,3,Kalanta Xristougenon,4.6584348639556969
bm25_per_question_n500_d10_20260726_r01,bm25,per_question,5a738225554299623ed4abc3,4,List of The Muppets productions,4.3530542350310508
bm25_per_question_n500_d10_20260726_r01,bm25,per_question,5a738225554299623ed4abc3,5,The Sword in the Stone (film),3.4949520194321262
bm25_per_question_n500_d10_20260726_r01,bm25,per_question,5a738225554299623ed4abc3,6,Rizzo the Rat,3.3305068591680351
bm25_per_question_n500_d10_20260726_r01,bm25,per_question,5a738225554299623ed4abc3,7,Sam Eagle,2.8268130028538492
bm25_per_question_n500_d10_20260726_r01,bm25,per_question,5a738225554299623ed4abc3,8,A Christmas Carol,2.6404210377460737
bm25_per_question_n500_d10_20260726_r01,bm25,per_question,5a738225554299623ed4abc3,9,Gonzo (Muppet),2.4575615043949179
bm25_per_question_n500_d10_20260726_r01,bm25,per_question,5a738225554299623ed4abc3,10,Bill Barretta,2.2890671502117739
bm25_per_question_n500_d10_20260726_r01,bm25,per_question,5a738d27554299623ed4abf3,1,Café (musician),4.8256061317990344
bm25_per_question_n500_d10_20260726_r01,bm25,per_question,5a738d27554299623ed4abf3,2,Erika Jayne,4.0022251528276866
bm25_per_question_n500_d10_20260726_r01,bm25,per_question,5a738d27554299623ed4abf3,3,Marco Da Silva (dancer),3.7293307976343835
bm25_per_question_n500_d10_20260726_r01,bm25,per_question,5a738d27554299623ed4abf3,4,Marco da Silva (French footballer),2.8521325627286536
bm25_per_question_n500_d10_20260726_r01,bm25,per_question,5a738d27554299623ed4abf3,5,"Marquinhos (footballer, born June 1989)",2.7713729083139365
bm25_per_question_n500_d10_20260726_r01,bm25,per_question,5a738d27554299623ed4abf3,6,Emílio da Silva,2.6385168419063936
bm25_per_question_n500_d10_20260726_r01,bm25,per_question,5a738d27554299623ed4abf3,7,Viscount of Cardoso da Silva,1.9448865737817651
bm25_per_question_n500_d10_20260726_r01,bm25,per_question,5a738d27554299623ed4abf3,8,José Graziano da Silva,1.7378220674950415
bm25_per_question_n500_d10_20260726_r01,bm25,per_question,5a738d27554299623ed4abf3,9,Marisa Letícia Lula da Silva,1.7151244821891707
bm25_per_question_n500_d10_20260726_r01,bm25,per_question,5a738d27554299623ed4abf3,10,Fortaleza Metro,1.4958341395851549
bm25_per_question_n500_d10_20260726_r01,bm25,per_question,5a738fe855429908901be2fb,1,By the Beautiful Sea (song),5.0987472777605856
bm25_per_question_n500_d10_20260726_r01,bm25,per_question,5a738fe855429908901be2fb,2,King Arthur: Legend of the Sword,5.0065415373470215
bm25_per_question_n500_d10_20260726_r01,bm25,per_question,5a738fe855429908901be2fb,3,Here (1954 song),4.5982925335736917
bm25_per_question_n500_d10_20260726_r01,bm25,per_question,5a738fe855429908901be2fb,4,Samuel Sim,4.3549560951240851
bm25_per_question_n500_d10_20260726_r01,bm25,per_question,5a738fe855429908901be2fb,5,Awake (film),3.9881094578247285
bm25_per_question_n500_d10_20260726_r01,bm25,per_question,5a738fe855429908901be2fb,6,Robin Hood (2018 film),3.9034544445730956
bm25_per_question_n500_d10_20260726_r01,bm25,per_question,5a738fe855429908901be2fb,7,Blog Wars,3.779782157388289
bm25_per_question_n500_d10_20260726_r01,bm25,per_question,5a738fe855429908901be2fb,8,Gidget Goes to Rome,3.6479994712356461
bm25_per_question_n500_d10_20260726_r01,bm25,per_question,5a738fe855429908901be2fb,9,Beautiful Young Minds,2.8842630107184823
bm25_per_question_n500_d10_20260726_r01,bm25,per_question,5a738fe855429908901be2fb,10,Joby Talbot,2.5852302507763905
bm25_per_question_n500_d10_20260726_r01,bm25,per_question,5a73977d554299623ed4ac08,1,KOKO-FM,5.9262855621431036
bm25_per_question_n500_d10_20260726_r01,bm25,per_question,5a73977d554299623ed4ac08,2,Chinese Australians,4.8783207401053756
bm25_per_question_n500_d10_20260726_r01,bm25,per_question,5a73977d554299623ed4ac08,3,Art Laboe,4.8419006643863538
bm25_per_question_n500_d10_20260726_r01,bm25,per_question,5a73977d554299623ed4ac08,4,Indian Scout (motorcycle),4.727979841258132
bm25_per_question_n500_d10_20260726_r01,bm25,per_question,5a73977d554299623ed4ac08,5,Arabs in India,4.1736978458928569
bm25_per_question_n500_d10_20260726_r01,bm25,per_question,5a73977d554299623ed4ac08,6,Interamerican Scout Jamboree,3.1693857267360657
bm25_per_question_n500_d10_20260726_r01,bm25,per_question,5a73977d554299623ed4ac08,7,Original Sound,3.0394715633342524
bm25_per_question_n500_d10_20260726_r01,bm25,per_question,5a73977d554299623ed4ac08,8,Scout Promise,2.9366065607374559
bm25_per_question_n500_d10_20260726_r01,bm25,per_question,5a73977d554299623ed4ac08,9,Scout Tufankjian,2.5831959762849337
bm25_per_question_n500_d10_20260726_r01,bm25,per_question,5a73977d554299623ed4ac08,10,Destinations,1.9082959049496127
bm25_per_question_n500_d10_20260726_r01,bm25,per_question,5a73a7c755429978a71e9068,1,Anna Simpson,4.6691631328083316
bm25_per_question_n500_d10_20260726_r01,bm25,per_question,5a73a7c755429978a71e9068,2,Marissa Perry,3.7174862490370497
bm25_per_question_n500_d10_20260726_r01,bm25,per_question,5a73a7c755429978a71e9068,3,Robby Benson,3.6673869699637587
bm25_per_question_n500_d10_20260726_r01,bm25,per_question,5a73a7c755429978a71e9068,4,Beauty and the Beast (Disney song),3.6229311733350165
bm25_per_question_n500_d10_20260726_r01,bm25,per_question,5a73a7c755429978a71e9068,5,Belle (Disney song),3.5354247310605071
bm25_per_question_n500_d10_20260726_r01,bm25,per_question,5a73a7c755429978a71e9068,6,Something There,3.4833139138109086
bm25_per_question_n500_d10_20260726_r01,bm25,per_question,5a73a7c755429978a71e9068,7,Belle (Disney),3.4778324563348568
bm25_per_question_n500_d10_20260726_r01,bm25,per_question,5a73a7c755429978a71e9068,8,Evermore (Beauty and the Beast song),3.4377723905207223
bm25_per_question_n500_d10_20260726_r01,bm25,per_question,5a73a7c755429978a71e9068,9,Be Our Guest,3.3905780409178625
bm25_per_question_n500_d10_20260726_r01,bm25,per_question,5a73a7c755429978a71e9068,10,Paige O'Hara,3.3186195700790577
bm25_per_question_n500_d10_20260726_r01,bm25,per_question,5a74106b55429979e288289e,1,William Connolley,6.2613153114242639
bm25_per_question_n500_d10_20260726_r01,bm25,per_question,5a74106b55429979e288289e,2,Alec Muffett,4.7202064173635456
bm25_per_question_n500_d10_20260726_r01,bm25,per_question,5a74106b55429979e288289e,3,Wes McKinney,4.7023235766305138
bm25_per_question_n500_d10_20260726_r01,bm25,per_question,5a74106b55429979e288289e,4,Tata Consultancy Services,4.2103401815724766
bm25_per_question_n500_d10_20260726_r01,bm25,per_question,5a74106b55429979e288289e,5,Muthuchippi Poloru,4.0019475098975823
bm25_per_question_n500_d10_20260726_r01,bm25,per_question,5a74106b55429979e288289e,6,Sachin Warrier,3.7311180463001397
bm25_per_question_n500_d10_20260726_r01,bm25,per_question,5a74106b55429979e288289e,7,Lead programmer,3.2319549326229229
bm25_per_question_n500_d10_20260726_r01,bm25,per_question,5a74106b55429979e288289e,8,Sachin Bansal,2.4064589058928929
bm25_per_question_n500_d10_20260726_r01,bm25,per_question,5a74106b55429979e288289e,9,Divya S. Menon,1.8776818421239507
bm25_per_question_n500_d10_20260726_r01,bm25,per_question,5a74106b55429979e288289e,10,Kanave Kalayathe,1.7120680420082575
bm25_per_question_n500_d10_20260726_r01,bm25,per_question,5a74684655429929fddd8410,1,"Back Up, Dancer",13.318311082737363
bm25_per_question_n500_d10_20260726_r01,bm25,per_question,5a74684655429929fddd8410,2,Emily Bowker,5.9701211684512554
bm25_per_question_n500_d10_20260726_r01,bm25,per_question,5a74684655429929fddd8410,3,The Surreal Life: Fame Games,5.646047693838316
bm25_per_question_n500_d10_20260726_r01,bm25,per_question,5a74684655429929fddd8410,4,"Glee: The Music, The Power of Madonna",5.5592484601472156
bm25_per_question_n500_d10_20260726_r01,bm25,per_question,5a74684655429929fddd8410,5,Old 8×10,4.5787642757174956
bm25_per_question_n500_d10_20260726_r01,bm25,per_question,5a74684655429929fddd8410,6,Joey Miyashima,3.8450793923300357
bm25_per_question_n500_d10_20260726_r01,bm25,per_question,5a74684655429929fddd8410,7,Let That Be Your Last Battlefield,3.1749646634486348
bm25_per_question_n500_d10_20260726_r01,bm25,per_question,5a74684655429929fddd8410,8,My Generation (talk show),2.5372446975829699
bm25_per_question_n500_d10_20260726_r01,bm25,per_question,5a74684655429929fddd8410,9,Janet Jackson,2.2080072201867207
bm25_per_question_n500_d10_20260726_r01,bm25,per_question,5a74684655429929fddd8410,10,It's Always Sunny in Philadelphia (season 6),2.1495833905042065
bm25_per_question_n500_d10_20260726_r01,bm25,per_question,5a74c85055429916b0164218,1,"Australian referendum, 1937",3.7448573066109101
bm25_per_question_n500_d10_20260726_r01,bm25,per_question,5a74c85055429916b0164218,2,Valentina Tereshkova,3.4267474617232883
bm25_per_question_n500_d10_20260726_r01,bm25,per_question,5a74c85055429916b0164218,3,Arild Nyquist,3.1660110465211662
bm25_per_question_n500_d10_20260726_r01,bm25,per_question,5a74c85055429916b0164218,4,British people,2.4875070079325998
bm25_per_question_n500_d10_20260726_r01,bm25,per_question,5a74c85055429916b0164218,5,William Bonfield,2.4256760610667256
bm25_per_question_n500_d10_20260726_r01,bm25,per_question,5a74c85055429916b0164218,6,Vatroslav Rožić,2.3079543035259658
bm25_per_question_n500_d10_20260726_r01,bm25,per_question,5a74c85055429916b0164218,7,Chawalit Kamutchati,1.98402857761324
bm25_per_question_n500_d10_20260726_r01,bm25,per_question,5a74c85055429916b0164218,8,Paul Méfano,1.6533580550331752
bm25_per_question_n500_d10_20260726_r01,bm25,per_question,5a74c85055429916b0164218,9,Robin Bailie,1.6533580550331752
bm25_per_question_n500_d10_20260726_r01,bm25,per_question,5a74c85055429916b0164218,10,Alistair Grant,1.3812774737286355
bm25_per_question_n500_d10_20260726_r01,bm25,per_question,5a74ce9655429974ef308c6c,1,ABQ Uptown,6.6415097976946154
bm25_per_question_n500_d10_20260726_r01,bm25,per_question,5a74ce9655429974ef308c6c,2,Lush (company),5.8523278554861076
bm25_per_question_n500_d10_20260726_r01,bm25,per_question,5a74ce9655429974ef308c6c,3,Fire Radio,3.7125590776317829
bm25_per_question_n500_d10_20260726_r01,bm25,per_question,5a74ce9655429974ef308c6c,4,Viscount Trenchard,3.1628755368821246
bm25_per_question_n500_d10_20260726_r01,bm25,per_question,5a74ce9655429974ef308c6c,5,Canford Cliffs,3.117233691249468
bm25_per_question_n500_d10_20260726_r01,bm25,per_question,5a74ce9655429974ef308c6c,6,Viscount Wimborne,3.115822590713702
bm25_per_question_n500_d10_20260726_r01,bm25,per_question,5a74ce9655429974ef308c6c,7,Poole Methodist Church,3.0351039706470413
bm25_per_question_n500_d10_20260726_r01,bm25,per_question,5a74ce9655429974ef308c6c,8,Baron de Mauley,2.8366064741493222
bm25_per_question_n500_d10_20260726_r01,bm25,per_question,5a74ce9655429974ef308c6c,9,List of cider producers in Dorset,2.5794663943078335
bm25_per_question_n500_d10_20260726_r01,bm25,per_question,5a74ce9655429974ef308c6c,10,"Dorset County Council election, 2013",1.9600987877053424
bm25_per_question_n500_d10_20260726_r01,bm25,per_question,5a7555215542996c70cfaee1,1,Hey Pa! There's a Goat on the Roof,8.5654160724626198
bm25_per_question_n500_d10_20260726_r01,bm25,per_question,5a7555215542996c70cfaee1,2,Vetigel,5.1805501157034559
bm25_per_question_n500_d10_20260726_r01,bm25,per_question,5a7555215542996c70cfaee1,3,Poleconomy,4.9606521177580518
bm25_per_question_n500_d10_20260726_r01,bm25,per_question,5a7555215542996c70cfaee1,4,Pashmina,4.6879150958936791
bm25_per_question_n500_d10_20260726_r01,bm25,per_question,5a7555215542996c70cfaee1,5,Rove goat,3.8513758650596155
bm25_per_question_n500_d10_20260726_r01,bm25,per_question,5a7555215542996c70cfaee1,6,Verão Vermelho,3.3060398390215262
bm25_per_question_n500_d10_20260726_r01,bm25,per_question,5a7555215542996c70cfaee1,7,Ford flathead V8 engine,3.1369815603606721
bm25_per_question_n500_d10_20260726_r01,bm25,per_question,5a7555215542996c70cfaee1,8,Friendship Hall,2.9399367075995366
bm25_per_question_n500_d10_20260726_r01,bm25,per_question,5a7555215542996c70cfaee1,9,VELUX,2.1155761080950723
bm25_per_question_n500_d10_20260726_r01,bm25,per_question,5a7555215542996c70cfaee1,10,Chatta Bazaar,1.9805821828356645
bm25_per_question_n500_d10_20260726_r01,bm25,per_question,5a756fa15542996c70cfaefb,1,Július Satinský,7.810803048942037
bm25_per_question_n500_d10_20260726_r01,bm25,per_question,5a756fa15542996c70cfaefb,2,Biratnagar,5.9144940391050289
bm25_per_question_n500_d10_20260726_r01,bm25,per_question,5a756fa15542996c70cfaefb,3,Centro de Congresos Queretaro,5.6345599993378501
bm25_per_question_n500_d10_20260726_r01,bm25,per_question,5a756fa15542996c70cfaefb,4,"Orlinda, Tennessee",5.2965165409649586
bm25_per_question_n500_d10_20260726_r01,bm25,per_question,5a756fa15542996c70cfaefb,5,Gorontalo,5.2238701591385928
bm25_per_question_n500_d10_20260726_r01,bm25,per_question,5a756fa15542996c70cfaefb,6,Sabaa Al Bour,4.9452753532317955
bm25_per_question_n500_d10_20260726_r01,bm25,per_question,5a756fa15542996c70cfaefb,7,Chernivtsi,4.7887297721483231
bm25_per_question_n500_d10_20260726_r01,bm25,per_question,5a756fa15542996c70cfaefb,8,Orbis Pictus (film),4.4144420556994053
bm25_per_question_n500_d10_20260726_r01,bm25,per_question,5a756fa15542996c70cfaefb,9,Pune district,3.8803909595612991
bm25_per_question_n500_d10_20260726_r01,bm25,per_question,5a756fa15542996c70cfaefb,10,Bratislava,3.0587865315424532
bm25_per_question_n500_d10_20260726_r01,bm25,per_question,5a7571135542992d0ec05f98,1,Ralph Hefferline,9.2134607583322055
bm25_per_question_n500_d10_20260726_r01,bm25,per_question,5a7571135542992d0ec05f98,2,Princeton Neuroscience Institute,5.6702486206204146
bm25_per_question_n500_d10_20260726_r01,bm25,per_question,5a7571135542992d0ec05f98,3,Kimberly Young,4.8221143076433322
bm25_per_question_n500_d10_20260726_r01,bm25,per_question,5a7571135542992d0ec05f98,4,Mathematically Alive,4.8127508000060573
bm25_per_question_n500_d10_20260726_r01,bm25,per_question,5a7571135542992d0ec05f98,5,E. Mavis Hetherington,4.3995601424200839
bm25_per_question_n500_d10_20260726_r01,bm25,per_question,5a7571135542992d0ec05f98,6,Stanley Coren,4.1608644732507285
bm25_per_question_n500_d10_20260726_r01,bm25,per_question,5a7571135542992d0ec05f98,7,Abraham Maslow,4.0188732097209954
bm25_per_question_n500_d10_20260726_r01,bm25,per_question,5a7571135542992d0ec05f98,8,Frank L. Schmidt,3.975406565049219
bm25_per_question_n500_d10_20260726_r01,bm25,per_question,5a7571135542992d0ec05f98,9,David C. Funder,3.276466257377618
bm25_per_question_n500_d10_20260726_r01,bm25,per_question,5a7571135542992d0ec05f98,10,Columbia University,2.4823220628570741
bm25_per_question_n500_d10_20260726_r01,bm25,per_question,5a7574e25542996c70cfaf01,1,Akbariyya,6.0399450309002667
bm25_per_question_n500_d10_20260726_r01,bm25,per_question,5a7574e25542996c70cfaf01,2,Mahbub ul Haq,3.2869164319574082
bm25_per_question_n500_d10_20260726_r01,bm25,per_question,5a7574e25542996c70cfaf01,3,Chak 86/6.R Sahiwal,2.929931683043951
bm25_per_question_n500_d10_20260726_r01,bm25,per_question,5a7574e25542996c70cfaf01,4,Fazle Hasan Abed,2.6425539421679307
bm25_per_question_n500_d10_20260726_r01,bm25,per_question,5a7574e25542996c70cfaf01,5,Idrees Ul Haq,2.6385279733159792
bm25_per_question_n500_d10_20260726_r01,bm25,per_question,5a7574e25542996c70cfaf01,6,Sami ul Haq,2.5721549674001296
bm25_per_question_n500_d10_20260726_r01,bm25,per_question,5a7574e25542996c70cfaf01,7,Ibn Arabi,2.4313262013782477
bm25_per_question_n500_d10_20260726_r01,bm25,per_question,5a7574e25542996c70cfaf01,8,Inge Kaul,2.3455184685706483
bm25_per_question_n500_d10_20260726_r01,bm25,per_question,5a7574e25542996c70cfaf01,9,Journal of Human Development and Capabilities,1.6054456983227794
bm25_per_question_n500_d10_20260726_r01,bm25,per_question,5a7574e25542996c70cfaf01,10,Human Development Index,1.4324600113982364
bm25_per_question_n500_d10_20260726_r01,bm25,per_question,5a75e05c55429976ec32bc5f,1,"Brown County, Kansas",7.7671761308764058
bm25_per_question_n500_d10_20260726_r01,bm25,per_question,5a75e05c55429976ec32bc5f,2,Brown State Fishing Lake,7.561253414826461
bm25_per_question_n500_d10_20260726_r01,bm25,per_question,5a75e05c55429976ec32bc5f,3,Commanda Lake,6.2777577806645883
bm25_per_question_n500_d10_20260726_r01,bm25,per_question,5a75e05c55429976ec32bc5f,4,Osage State Fishing Lake,6.1919636799155207
bm25_per_question_n500_d10_20260726_r01,bm25,per_question,5a75e05c55429976ec32bc5f,5,Neosho State Fishing Lake,5.4063767199673141
bm25_per_question_n500_d10_20260726_r01,bm25,per_question,5a75e05c55429976ec32bc5f,6,Higgins Lake,5.3402756686557433
bm25_per_question_n500_d10_20260726_r01,bm25,per_question,5a75e05c55429976ec32bc5f,7,Shawnee State Fishing Lake,5.2206816963291658
bm25_per_question_n500_d10_20260726_r01,bm25,per_question,5a75e05c55429976ec32bc5f,8,Fishing Lake,5.0089104006887109
bm25_per_question_n500_d10_20260726_r01,bm25,per_question,5a75e05c55429976ec32bc5f,9,"Higgins Lake, Michigan",4.8139285380144132
bm25_per_question_n500_d10_20260726_r01,bm25,per_question,5a75e05c55429976ec32bc5f,10,Narrow Hills Provincial Park,4.5987871517930738
bm25_per_question_n500_d10_20260726_r01,bm25,per_question,5a75f0ea5542994ccc91866c,1,Backford Cross,2.4762005674060292
bm25_per_question_n500_d10_20260726_r01,bm25,per_question,5a75f0ea5542994ccc91866c,2,Al Haj FAW motors,2.3568797796852032
bm25_per_question_n500_d10_20260726_r01,bm25,per_question,5a75f0ea5542994ccc91866c,3,Pureland Industrial Complex,2.1508699888862735
bm25_per_question_n500_d10_20260726_r01,bm25,per_question,5a75f0ea5542994ccc91866c,4,"Param, Rampur",2.0257195669052073
bm25_per_question_n500_d10_20260726_r01,bm25,per_question,5a75f0ea5542994ccc91866c,5,U.S. Route 19 Truck (Pittsburgh),1.9611141107829286
bm25_per_question_n500_d10_20260726_r01,bm25,per_question,5a75f0ea5542994ccc91866c,6,U.S. Route 287,1.6636074402024068
bm25_per_question_n500_d10_20260726_r01,bm25,per_question,5a75f0ea5542994ccc91866c,7,"Strawberry Park, Cheshire",1.6188921784282084
bm25_per_question_n500_d10_20260726_r01,bm25,per_question,5a75f0ea5542994ccc91866c,8,A41 road,1.6188233135083061
bm25_per_question_n500_d10_20260726_r01,bm25,per_question,5a75f0ea5542994ccc91866c,9,A5117 road,1.6054903900807811
bm25_per_question_n500_d10_20260726_r01,bm25,per_question,5a75f0ea5542994ccc91866c,10,Portland and Southwestern Railroad Tunnel,1.5424016067101076
bm25_per_question_n500_d10_20260726_r01,bm25,per_question,5a75f79555429976ec32bcca,1,Cyclone Kesiny,7.8632008779925622
bm25_per_question_n500_d10_20260726_r01,bm25,per_question,5a75f79555429976ec32bcca,2,Cyclone Esau,7.3985021012978773
bm25_per_question_n500_d10_20260726_r01,bm25,per_question,5a75f79555429976ec32bcca,3,1999 Odisha cyclone,6.4035986501532012
bm25_per_question_n500_d10_20260726_r01,bm25,per_question,5a75f79555429976ec32bcca,4,Cyclone Anne,6.0150869856335865
bm25_per_question_n500_d10_20260726_r01,bm25,per_question,5a75f79555429976ec32bcca,5,Cyclone Donna,5.6873870184338973
bm25_per_question_n500_d10_20260726_r01,bm25,per_question,5a75f79555429976ec32bcca,6,Cyclone Gonu,5.6505729020043693
bm25_per_question_n500_d10_20260726_r01,bm25,per_question,5a75f79555429976ec32bcca,7,Cyclone Hondo,5.3578373953181986
bm25_per_question_n500_d10_20260726_r01,bm25,per_question,5a75f79555429976ec32bcca,8,2002–03 Australian region cyclone season,4.774010498385719
bm25_per_question_n500_d10_20260726_r01,bm25,per_question,5a75f79555429976ec32bcca,9,2011–12 South Pacific cyclone season,4.4323485230479029
bm25_per_question_n500_d10_20260726_r01,bm25,per_question,5a75f79555429976ec32bcca,10,Kathantara,4.3085332212183118
bm25_per_question_n500_d10_20260726_r01,bm25,per_question,5a760ab65542994ccc918697,1,Alfred Balk,20.464805054006401
bm25_per_question_n500_d10_20260726_r01,bm25,per_question,5a760ab65542994ccc918697,2,Gordon Johndroe,12.232977471258854
bm25_per_question_n500_d10_20260726_r01,bm25,per_question,5a760ab65542994ccc918697,3,Gerald Ford,11.714155719042877
bm25_per_question_n500_d10_20260726_r01,bm25,per_question,5a760ab65542994ccc918697,4,Nelson Rockefeller,10.687806630778605
bm25_per_question_n500_d10_20260726_r01,bm25,per_question,5a760ab65542994ccc918697,5,Executive Order 10925,10.641388437067755
bm25_per_question_n500_d10_20260726_r01,bm25,per_question,5a760ab65542994ccc918697,6,Cynthia Hogan,10.462954785435723
bm25_per_question_n500_d10_20260726_r01,bm25,per_question,5a760ab65542994ccc918697,7,Jim Lentz,10.223362349828653
bm25_per_question_n500_d10_20260726_r01,bm25,per_question,5a760ab65542994ccc918697,8,Robert Nyce,9.2709971374170745
bm25_per_question_n500_d10_20260726_r01,bm25,per_question,5a760ab65542994ccc918697,9,President pro tempore of the United States Senate,9.1809176827630452
bm25_per_question_n500_d10_20260726_r01,bm25,per_question,5a760ab65542994ccc918697,10,Gore-Chernomyrdin Commission,9.1064339371388758
bm25_per_question_n500_d10_20260726_r01,bm25,per_question,5a760faa5542994ccc9186a8,1,"Ravedeath, 1972",5.3424233516534585
bm25_per_question_n500_d10_20260726_r01,bm25,per_question,5a760faa5542994ccc9186a8,2,An Imaginary Country,5.149860945980647
bm25_per_question_n500_d10_20260726_r01,bm25,per_question,5a760faa5542994ccc9186a8,3,Virgins (Tim Hecker album),4.9873505711442601
bm25_per_question_n500_d10_20260726_r01,bm25,per_question,5a760faa5542994ccc9186a8,4,Harmony in Ultraviolet,4.9284744803613663
bm25_per_question_n500_d10_20260726_r01,bm25,per_question,5a760faa5542994ccc9186a8,5,"Haunt Me, Haunt Me Do It Again",4.6030221866730265
bm25_per_question_n500_d10_20260726_r01,bm25,per_question,5a760faa5542994ccc9186a8,6,Love Streams (album),4.5957764375330248
bm25_per_question_n500_d10_20260726_r01,bm25,per_question,5a760faa5542994ccc9186a8,7,Radio Amor,4.4998194466351009
bm25_per_question_n500_d10_20260726_r01,bm25,per_question,5a760faa5542994ccc9186a8,8,Mirages (album),4.4104360529887749
bm25_per_question_n500_d10_20260726_r01,bm25,per_question,5a760faa5542994ccc9186a8,9,Tim Hecker,3.7491018180033224
bm25_per_question_n500_d10_20260726_r01,bm25,per_question,5a760faa5542994ccc9186a8,10,Music Maker (label),2.9335658549333541
bm25_per_question_n500_d10_20260726_r01,bm25,per_question,5a7625c7554299109176e668,1,Nerdist Industries,6.9578324496458741
bm25_per_question_n500_d10_20260726_r01,bm25,per_question,5a7625c7554299109176e668,2,Bobby Mehta,6.7553068750044156
bm25_per_question_n500_d10_20260726_r01,bm25,per_question,5a7625c7554299109176e668,3,The Nerdist Podcast,6.0676528371950589
bm25_per_question_n500_d10_20260726_r01,bm25,per_question,5a7625c7554299109176e668,4,Chris Hardwick,5.7600630621259139
bm25_per_question_n500_d10_20260726_r01,bm25,per_question,5a7625c7554299109176e668,5,Comedy Film Nerds,4.7534903039189569
bm25_per_question_n500_d10_20260726_r01,bm25,per_question,5a7625c7554299109176e668,6,Chloe Dykstra,3.6086279449712704
bm25_per_question_n500_d10_20260726_r01,bm25,per_question,5a7625c7554299109176e668,7,Jessica Chobot,2.7129070211450981
bm25_per_question_n500_d10_20260726_r01,bm25,per_question,5a7625c7554299109176e668,8,Maltin on Movies,2.7022674156816771
bm25_per_question_n500_d10_20260726_r01,bm25,per_question,5a7625c7554299109176e668,9,The Drop-In (podcast),2.2781003496622296
bm25_per_question_n500_d10_20260726_r01,bm25,per_question,5a7625c7554299109176e668,10,Nerdist News,2.0288640809587268
bm25_per_question_n500_d10_20260726_r01,bm25,per_question,5a7625e8554299109176e66a,1,1925 Birthday Honours,5.9553267127184988
bm25_per_question_n500_d10_20260726_r01,bm25,per_question,5a7625e8554299109176e66a,2,1951 Birthday Honours,5.3061935797374913
bm25_per_question_n500_d10_20260726_r01,bm25,per_question,5a7625e8554299109176e66a,3,George V,4.5176696647919927
bm25_per_question_n500_d10_20260726_r01,bm25,per_question,5a7625e8554299109176e66a,4,1965 Birthday Honours,3.9334780066599366
bm25_per_question_n500_d10_20260726_r01,bm25,per_question,5a7625e8554299109176e66a,5,Birthday Honours,3.4477827999984436
bm25_per_question_n500_d10_20260726_r01,bm25,per_question,5a7625e8554299109176e66a,6,2016 Birthday Honours,2.1901529358484977
bm25_per_question_n500_d10_20260726_r01,bm25,per_question,5a7625e8554299109176e66a,7,2015 Birthday Honours,2.1895205865981797
bm25_per_question_n500_d10_20260726_r01,bm25,per_question,5a7625e8554299109176e66a,8,2014 Birthday Honours,2.1700532447940635
bm25_per_question_n500_d10_20260726_r01,bm25,per_question,5a7625e8554299109176e66a,9,2013 Birthday Honours,2.1700532447940635
bm25_per_question_n500_d10_20260726_r01,bm25,per_question,5a7625e8554299109176e66a,10,2017 Birthday Honours,1.8599885924410755
bm25_per_question_n500_d10_20260726_r01,bm25,per_question,5a7633ad5542992db9473741,1,Battle of Manila (1945),6.4894480494948423
bm25_per_question_n500_d10_20260726_r01,bm25,per_question,5a7633ad5542992db9473741,2,Northern Virginia Campaign,6.248796241713932
bm25_per_question_n500_d10_20260726_r01,bm25,per_question,5a7633ad5542992db9473741,3,Battle of Port Republic,5.8378709133219449
bm25_per_question_n500_d10_20260726_r01,bm25,per_question,5a7633ad5542992db9473741,4,Seven Days Union order of battle,5.6196840876174381
bm25_per_question_n500_d10_20260726_r01,bm25,per_question,5a7633ad5542992db9473741,5,Battle of Cross Keys,5.5939456887236769
bm25_per_question_n500_d10_20260726_r01,bm25,per_question,5a7633ad5542992db9473741,6,Battle of Gaines's Mill,5.5358714757619518
bm25_per_question_n500_d10_20260726_r01,bm25,per_question,5a7633ad5542992db9473741,7,Seven Days Confederate order of battle,5.4907476184113158
bm25_per_question_n500_d10_20260726_r01,bm25,per_question,5a7633ad5542992db9473741,8,"Savage's Station, Virginia",5.1494824484544486
bm25_per_question_n500_d10_20260726_r01,bm25,per_question,5a7633ad5542992db9473741,9,Seven Days Battles,5.0980198882292322
bm25_per_question_n500_d10_20260726_r01,bm25,per_question,5a7633ad5542992db9473741,10,Battle of Malvern Hill,5.0192447238975886
bm25_per_question_n500_d10_20260726_r01,bm25,per_question,5a7634f155429976ec32bd6b,1,Ogallala Aquifer,5.9459680032224744
bm25_per_question_n500_d10_20260726_r01,bm25,per_question,5a7634f155429976ec32bd6b,2,"Ogallala, Nebraska",4.3549126623175152
bm25_per_question_n500_d10_20260726_r01,bm25,per_question,5a7634f155429976ec32bd6b,3,"Keith County, Nebraska",3.4639879514687593
bm25_per_question_n500_d10_20260726_r01,bm25,per_question,5a7634f155429976ec32bd6b,4,"Keystone, Nebraska",3.458380314461782
bm25_per_question_n500_d10_20260726_r01,bm25,per_question,5a7634f155429976ec32bd6b,5,Flatwood,3.4293483169019665
bm25_per_question_n500_d10_20260726_r01,bm25,per_question,5a7634f155429976ec32bd6b,6,Dune Dam,3.2559282242784509
bm25_per_question_n500_d10_20260726_r01,bm25,per_question,5a7634f155429976ec32bd6b,7,Souris Beach Provincial Park,3.1300011239887691
bm25_per_question_n500_d10_20260726_r01,bm25,per_question,5a7634f155429976ec32bd6b,8,"Lemoyne, Nebraska",3.0097680758230005
bm25_per_question_n500_d10_20260726_r01,bm25,per_question,5a7634f155429976ec32bd6b,9,Kingsley Dam,2.7593107416633864
bm25_per_question_n500_d10_20260726_r01,bm25,per_question,5a7634f155429976ec32bd6b,10,Ingram–Schipper Farm,2.4500898695019151
bm25_per_question_n500_d10_20260726_r01,bm25,per_question,5a76387d554299109176e6ba,1,Am Rong,5.5156626940276716
bm25_per_question_n500_d10_20260726_r01,bm25,per_question,5a76387d554299109176e6ba,2,Ava DuVernay,3.2076366883569833
bm25_per_question_n500_d10_20260726_r01,bm25,per_question,5a76387d554299109176e6ba,3,Emayatzy Corinealdi,2.2362544602830035
bm25_per_question_n500_d10_20260726_r01,bm25,per_question,5a76387d554299109176e6ba,4,♯JusticeForFlint,1.6198089492372489
bm25_per_question_n500_d10_20260726_r01,bm25,per_question,5a76387d554299109176e6ba,5,Takeshi Fukunaga,1.521638709889537
bm25_per_question_n500_d10_20260726_r01,bm25,per_question,5a76387d554299109176e6ba,6,This Is the Life (2008 film),0.53439688211130409
bm25_per_question_n500_d10_20260726_r01,bm25,per_question,5a76387d554299109176e6ba,7,Spencer Averick,0.44679083586354934
bm25_per_question_n500_d10_20260726_r01,bm25,per_question,5a76387d554299109176e6ba,8,Selma (film),0.41169548319753047
bm25_per_question_n500_d10_20260726_r01,bm25,per_question,5a76387d554299109176e6ba,9,Howard Barish,0.38171205865093155
bm25_per_question_n500_d10_20260726_r01,bm25,per_question,5a76387d554299109176e6ba,10,Robert Glasper,0.27641218040239873
bm25_per_question_n500_d10_20260726_r01,bm25,per_question,5a764c0b55429976ec32bd89,1,Eighth Wonder of the World,9.1525172719625143
bm25_per_question_n500_d10_20260726_r01,bm25,per_question,5a764c0b55429976ec32bd89,2,Astrodome,5.7211445403975025
bm25_per_question_n500_d10_20260726_r01,bm25,per_question,5a764c0b55429976ec32bd89,3,Fearless (Eighth Wonder album),5.2330220829963601
bm25_per_question_n500_d10_20260726_r01,bm25,per_question,5a764c0b55429976ec32bd89,4,Shreveport Steamer,4.4933245822107928
bm25_per_question_n500_d10_20260726_r01,bm25,per_question,5a764c0b55429976ec32bd89,5,1973 Astro-Bluebonnet Bowl,4.3620090879277003
bm25_per_question_n500_d10_20260726_r01,bm25,per_question,5a764c0b55429976ec32bd89,6,For the Last Time: Live from the Astrodome,4.2871929616672277
bm25_per_question_n500_d10_20260726_r01,bm25,per_question,5a764c0b55429976ec32bd89,7,Brewster McCloud,4.1529354004999881
bm25_per_question_n500_d10_20260726_r01,bm25,per_question,5a764c0b55429976ec32bd89,8,1965 Houston Astros season,3.8119419405623054
bm25_per_question_n500_d10_20260726_r01,bm25,per_question,5a764c0b55429976ec32bd89,9,Live! The Last Concert,3.747065762196728
bm25_per_question_n500_d10_20260726_r01,bm25,per_question,5a764c0b55429976ec32bd89,10,Walter Suggs,3.3169675867267769
bm25_per_question_n500_d10_20260726_r01,bm25,per_question,5a76e88555429972597f13f4,1,The Soloist,5.6305201013133193
bm25_per_question_n500_d10_20260726_r01,bm25,per_question,5a76e88555429972597f13f4,2,True Love (book),5.1019103652614586
bm25_per_question_n500_d10_20260726_r01,bm25,per_question,5a76e88555429972597f13f4,3,The Three Lives of Thomasina,4.3435963496248045
bm25_per_question_n500_d10_20260726_r01,bm25,per_question,5a76e88555429972597f13f4,4,Patrick Tatten,3.6803477694648459
bm25_per_question_n500_d10_20260726_r01,bm25,per_question,5a76e88555429972597f13f4,5,Can't Buy Me Love (film),3.2535265577547889
bm25_per_question_n500_d10_20260726_r01,bm25,per_question,5a76e88555429972597f13f4,6,Njan Steve Lopez,3.2085545636550292
bm25_per_question_n500_d10_20260726_r01,bm25,per_question,5a76e88555429972597f13f4,7,The Fear Merchants,2.9489707609978608
bm25_per_question_n500_d10_20260726_r01,bm25,per_question,5a76e88555429972597f13f4,8,Farhaan Faasil,2.2124293165686257
bm25_per_question_n500_d10_20260726_r01,bm25,per_question,5a76e88555429972597f13f4,9,Third and Indiana,2.0114197531361921
bm25_per_question_n500_d10_20260726_r01,bm25,per_question,5a76e88555429972597f13f4,10,Alencier Ley Lopez,1.5833318603876514
bm25_per_question_n500_d10_20260726_r01,bm25,per_question,5a77152355429966f1a36c2e,1,What Are Little Girls Made Of?,9.9024014139391756
bm25_per_question_n500_d10_20260726_r01,bm25,per_question,5a77152355429966f1a36c2e,2,What Are Little Boys Made Of?,7.4316663319293736
bm25_per_question_n500_d10_20260726_r01,bm25,per_question,5a77152355429966f1a36c2e,3,Tweedledum and Tweedledee,7.3859502511679374
bm25_per_question_n500_d10_20260726_r01,bm25,per_question,5a77152355429966f1a36c2e,4,A Wise Old Owl,5.604806265637384
bm25_per_question_n500_d10_20260726_r01,bm25,per_question,5a77152355429966f1a36c2e,5,Billy Boy,4.4873555968451733
bm25_per_question_n500_d10_20260726_r01,bm25,per_question,5a77152355429966f1a36c2e,6,Three Little Kittens,4.2580761558299258
bm25_per_question_n500_d10_20260726_r01,bm25,per_question,5a77152355429966f1a36c2e,7,Aiken Drum,4.1390271408135586
bm25_per_question_n500_d10_20260726_r01,bm25,per_question,5a77152355429966f1a36c2e,8,Pretty Little Dutch Girl,3.5270181541714267
bm25_per_question_n500_d10_20260726_r01,bm25,per_question,5a77152355429966f1a36c2e,9,Did You Ever See a Lassie?,3.161112711318431
bm25_per_question_n500_d10_20260726_r01,bm25,per_question,5a77152355429966f1a36c2e,10,"Row, Row, Row Your Boat",2.9554001302264821
bm25_per_question_n500_d10_20260726_r01,bm25,per_question,5a77309d55429972597f1487,1,José Echegaray,6.7136906848425708
bm25_per_question_n500_d10_20260726_r01,bm25,per_question,5a77309d55429972597f1487,2,Patricio Echegaray,3.9238334585913841
bm25_per_question_n500_d10_20260726_r01,bm25,per_question,5a77309d55429972597f1487,3,Republican Party Reptile,3.8635419440345276
bm25_per_question_n500_d10_20260726_r01,bm25,per_question,5a77309d55429972597f1487,4,National Lampoon 1964 High School Yearbook Parody,3.8452366697870053
bm25_per_question_n500_d10_20260726_r01,bm25,per_question,5a77309d55429972597f1487,5,Despoina,3.6943369589538162
bm25_per_question_n500_d10_20260726_r01,bm25,per_question,5a77309d55429972597f1487,6,Augustine of Canterbury,1.8565449884719321
bm25_per_question_n500_d10_20260726_r01,bm25,per_question,5a77309d55429972597f1487,7,Paddy O'Rourke (Meath footballer),1.4166343744721324
bm25_per_question_n500_d10_20260726_r01,bm25,per_question,5a77309d55429972597f1487,8,Wale Adebanwi,0.54555101992918809
bm25_per_question_n500_d10_20260726_r01,bm25,per_question,5a77309d55429972597f1487,9,P. J. O'Rourke,0.34468424807555031
bm25_per_question_n500_d10_20260726_r01,bm25,per_question,5a77309d55429972597f1487,10,Give War a Chance,0
bm25_per_question_n500_d10_20260726_r01,bm25,per_question,5a774e9c55429972597f14f3,1,Just as I Am (Yolanda Adams album),6.2141777420236961
bm25_per_question_n500_d10_20260726_r01,bm25,per_question,5a774e9c55429972597f14f3,2,David Huntsinger,5.7753080087217139
bm25_per_question_n500_d10_20260726_r01,bm25,per_question,5a774e9c55429972597f14f3,3,Andraé Crouch,4.4681401826276188
bm25_per_question_n500_d10_20260726_r01,bm25,per_question,5a774e9c55429972597f14f3,4,J-Shin,4.0214067675932093
bm25_per_question_n500_d10_20260726_r01,bm25,per_question,5a774e9c55429972597f14f3,5,Kierra Sheard,3.9789722011654503
bm25_per_question_n500_d10_20260726_r01,bm25,per_question,5a774e9c55429972597f14f3,6,Muyiwa Olarewaju,3.8490380519638112
bm25_per_question_n500_d10_20260726_r01,bm25,per_question,5a774e9c55429972597f14f3,7,Charles Charamba,3.2465540968957423
bm25_per_question_n500_d10_20260726_r01,bm25,per_question,5a774e9c55429972597f14f3,8,Karen Clark Sheard,2.8633048318704177
bm25_per_question_n500_d10_20260726_r01,bm25,per_question,5a774e9c55429972597f14f3,9,Latice Crawford,2.7414082780993501
bm25_per_question_n500_d10_20260726_r01,bm25,per_question,5a774e9c55429972597f14f3,10,Larnelle Harris,2.178692607181727
bm25_per_question_n500_d10_20260726_r01,bm25,per_question,5a7757215542993569682d58,1,Lucy Fry,7.1257479137096311
bm25_per_question_n500_d10_20260726_r01,bm25,per_question,5a7757215542993569682d58,2,Spin Out (2016 film),6.4669914536914108
bm25_per_question_n500_d10_20260726_r01,bm25,per_question,5a7757215542993569682d58,3,A Few Best Men,4.6144918659218082
bm25_per_question_n500_d10_20260726_r01,bm25,per_question,5a7757215542993569682d58,4,Mr. Church,4.2888818320691717
bm25_per_question_n500_d10_20260726_r01,bm25,per_question,5a7757215542993569682d58,5,Love &amp; Friendship,3.996789240894012
bm25_per_question_n500_d10_20260726_r01,bm25,per_question,5a7757215542993569682d58,6,Vampire Academy,3.6105630841073602
bm25_per_question_n500_d10_20260726_r01,bm25,per_question,5a7757215542993569682d58,7,Healing (film),3.4825503122687325
bm25_per_question_n500_d10_20260726_r01,bm25,per_question,5a7757215542993569682d58,8,Plush (film),3.2501803632405659
bm25_per_question_n500_d10_20260726_r01,bm25,per_question,5a7757215542993569682d58,9,Frostbite (Mead novel),3.1105545792225024
bm25_per_question_n500_d10_20260726_r01,bm25,per_question,5a7757215542993569682d58,10,Vampire Academy (film),2.7117193224359006
bm25_per_question_n500_d10_20260726_r01,bm25,per_question,5a7759fc5542993569682d60,1,Adenocarpus viscosus,4.7641830885692116
bm25_per_question_n500_d10_20260726_r01,bm25,per_question,5a7759fc5542993569682d60,2,Alpine National Park,4.7092603449370207
bm25_per_question_n500_d10_20260726_r01,bm25,per_question,5a7759fc5542993569682d60,3,Garajonay National Park,4.4365390236533475
bm25_per_question_n500_d10_20260726_r01,bm25,per_question,5a7759fc5542993569682d60,4,Crater Lake National Park,4.0231507985195352
bm25_per_question_n500_d10_20260726_r01,bm25,per_question,5a7759fc5542993569682d60,5,North Cascades National Park,3.9494246173720073
bm25_per_question_n500_d10_20260726_r01,bm25,per_question,5a7759fc5542993569682d60,6,Hermigua,3.7834643775513577
bm25_per_question_n500_d10_20260726_r01,bm25,per_question,5a7759fc5542993569682d60,7,Glacier National Park Fund,3.7296004901742399
bm25_per_question_n500_d10_20260726_r01,bm25,per_question,5a7759fc5542993569682d60,8,Teide National Park,3.5628795039260317
bm25_per_question_n500_d10_20260726_r01,bm25,per_question,5a7759fc5542993569682d60,9,Training centre for release of the Atma-energy,2.4600074437593804
bm25_per_question_n500_d10_20260726_r01,bm25,per_question,5a7759fc5542993569682d60,10,Roque Cinchado,2.4216941829158576
bm25_per_question_n500_d10_20260726_r01,bm25,per_question,5a77724455429972597f153e,1,Carolina Dodge Dealers 400,5.1652237290501013
bm25_per_question_n500_d10_20260726_r01,bm25,per_question,5a77724455429972597f153e,2,Allison Transmission,4.4356116324249903
bm25_per_question_n500_d10_20260726_r01,bm25,per_question,5a77724455429972597f153e,3,Orange County Fair Speedway,4.2882581778204232
bm25_per_question_n500_d10_20260726_r01,bm25,per_question,5a77724455429972597f153e,4,Subway 400,4.165392078240556
bm25_per_question_n500_d10_20260726_r01,bm25,per_question,5a77724455429972597f153e,5,1964 Armstrong 500,4.0639892872542651
bm25_per_question_n500_d10_20260726_r01,bm25,per_question,5a77724455429972597f153e,6,Louis Schwitzer Award,4.0292373622785895
bm25_per_question_n500_d10_20260726_r01,bm25,per_question,5a77724455429972597f153e,7,Lean Horse Ultramarathon,3.6716263535309497
bm25_per_question_n500_d10_20260726_r01,bm25,per_question,5a77724455429972597f153e,8,Johnny Rutherford,3.04478844520367
bm25_per_question_n500_d10_20260726_r01,bm25,per_question,5a77724455429972597f153e,9,1957 Indianapolis 500,2.4173912258233075
bm25_per_question_n500_d10_20260726_r01,bm25,per_question,5a77724455429972597f153e,10,Indianapolis Motor Speedway,1.9618427426954719
bm25_per_question_n500_d10_20260726_r01,bm25,per_question,5a77a65b5542992a6e59df57,1,Small Town Boy (song),9.6494824065800113
bm25_per_question_n500_d10_20260726_r01,bm25,per_question,5a77a65b5542992a6e59df57,2,Dustin Lynch (album),6.5373226995994482
bm25_per_question_n500_d10_20260726_r01,bm25,per_question,5a77a65b5542992a6e59df57,3,Current Mood,6.4159917509728688
bm25_per_question_n500_d10_20260726_r01,bm25,per_question,5a77a65b5542992a6e59df57,4,Where It's At (album),5.9004789330498406
bm25_per_question_n500_d10_20260726_r01,bm25,per_question,5a77a65b5542992a6e59df57,5,Kill the Lights (Luke Bryan album),5.1994824432913118
bm25_per_question_n500_d10_20260726_r01,bm25,per_question,5a77a65b5542992a6e59df57,6,Seein' Red (Dustin Lynch song),4.8631291425687584
bm25_per_question_n500_d10_20260726_r01,bm25,per_question,5a77a65b5542992a6e59df57,7,Mind Reader (Dustin Lynch song),4.7596055758453559
bm25_per_question_n500_d10_20260726_r01,bm25,per_question,5a77a65b5542992a6e59df57,8,Cowboys and Angels (Dustin Lynch song),4.3678838002783191
bm25_per_question_n500_d10_20260726_r01,bm25,per_question,5a77a65b5542992a6e59df57,9,"Where It's At (Yep, Yep)",3.7985514586576556
bm25_per_question_n500_d10_20260726_r01,bm25,per_question,5a77a65b5542992a6e59df57,10,Adam Craig (singer-songwriter),2.6317449705885867
bm25_per_question_n500_d10_20260726_r01,bm25,per_question,5a77beae5542992a6e59dfae,1,The Boy Next Door (album),6.3361812162330597
bm25_per_question_n500_d10_20260726_r01,bm25,per_question,5a77beae5542992a6e59dfae,2,'Tis Autumn,6.0384427802933685
bm25_per_question_n500_d10_20260726_r01,bm25,per_question,5a77beae5542992a6e59dfae,3,Superstar – The Hits,3.7103488435884011
bm25_per_question_n500_d10_20260726_r01,bm25,per_question,5a77beae5542992a6e59dfae,4,Not the Boy Next Door,3.2996394457167373
bm25_per_question_n500_d10_20260726_r01,bm25,per_question,5a77beae5542992a6e59dfae,5,Fire! (manga),2.6973127527573366
bm25_per_question_n500_d10_20260726_r01,bm25,per_question,5a77beae5542992a6e59dfae,6,Hold Me in Your Arms (album),2.5944568420830474
bm25_per_question_n500_d10_20260726_r01,bm25,per_question,5a77beae5542992a6e59dfae,7,Boy next door,2.5895708320773259
bm25_per_question_n500_d10_20260726_r01,bm25,per_question,5a77beae5542992a6e59dfae,8,Boy Next Door (song),2.5472392754745741
bm25_per_question_n500_d10_20260726_r01,bm25,per_question,5a77beae5542992a6e59dfae,9,Boy Meets Girl (novel),2.1882168639910113
bm25_per_question_n500_d10_20260726_r01,bm25,per_question,5a77beae5542992a6e59dfae,10,Stacey Kent,1.1797165505964233
bm25_per_question_n500_d10_20260726_r01,bm25,per_question,5a77c1505542997042120b1b,1,Steers &amp; Stripes,9.7194362497976137
bm25_per_question_n500_d10_20260726_r01,bm25,per_question,5a77c1505542997042120b1b,2,Chattahoochee (song),8.8895155493652496
bm25_per_question_n500_d10_20260726_r01,bm25,per_question,5a77c1505542997042120b1b,3,Alan Jackson albums discography,8.0630808460037429
bm25_per_question_n500_d10_20260726_r01,bm25,per_question,5a77c1505542997042120b1b,4,(Who Says) You Can't Have It All,7.9771821399473621
bm25_per_question_n500_d10_20260726_r01,bm25,per_question,5a77c1505542997042120b1b,5,Tonight I Climbed the Wall,7.7683179233140853
bm25_per_question_n500_d10_20260726_r01,bm25,per_question,5a77c1505542997042120b1b,6,We'll Burn That Bridge,7.6062670991070522
bm25_per_question_n500_d10_20260726_r01,bm25,per_question,5a77c1505542997042120b1b,7,A Lot About Livin' (And a Little 'bout Love),7.5279591572276106
bm25_per_question_n500_d10_20260726_r01,bm25,per_question,5a77c1505542997042120b1b,8,She's Got the Rhythm (And I Got the Blues),7.5025901038102187
bm25_per_question_n500_d10_20260726_r01,bm25,per_question,5a77c1505542997042120b1b,9,Holler Back,6.4556029736171325
bm25_per_question_n500_d10_20260726_r01,bm25,per_question,5a77c1505542997042120b1b,10,High Lonesome (Randy Travis album),6.2814726456735617
bm25_per_question_n500_d10_20260726_r01,bm25,per_question,5a77cb335542997042120b3a,1,John John Florence,6.3490101290171648
bm25_per_question_n500_d10_20260726_r01,bm25,per_question,5a77cb335542997042120b3a,2,Coco Ho,4.3203277724712219
bm25_per_question_n500_d10_20260726_r01,bm25,per_question,5a77cb335542997042120b3a,3,MEO Rip Curl Pro Portugal,3.7493196151203585
bm25_per_question_n500_d10_20260726_r01,bm25,per_question,5a77cb335542997042120b3a,4,Andy Irons,2.8203779365940407
bm25_per_question_n500_d10_20260726_r01,bm25,per_question,5a77cb335542997042120b3a,5,MEO Rip Curl Pro Portugal 2017,2.1688639143345236
bm25_per_question_n500_d10_20260726_r01,bm25,per_question,5a77cb335542997042120b3a,6,Moche Rip Curl Pro Portugal 2015,2.162345607487453
bm25_per_question_n500_d10_20260726_r01,bm25,per_question,5a77cb335542997042120b3a,7,Moche Rip Curl Pro Portugal 2014,2.162345607487453
bm25_per_question_n500_d10_20260726_r01,bm25,per_question,5a77cb335542997042120b3a,8,MEO Rip Curl Pro Portugal 2016,2.1171000312959922
bm25_per_question_n500_d10_20260726_r01,bm25,per_question,5a77cb335542997042120b3a,9,Supertubos,1.8090779066738227
bm25_per_question_n500_d10_20260726_r01,bm25,per_question,5a77cb335542997042120b3a,10,Barton Lynch,1.6301215248179761
bm25_per_question_n500_d10_20260726_r01,bm25,per_question,5a77cb5e55429967ab1052a7,1,Damon Dark,7.3528983757969089
bm25_per_question_n500_d10_20260726_r01,bm25,per_question,5a77cb5e55429967ab1052a7,2,Hubert Gagnon,6.8640658021752765
bm25_per_question_n500_d10_20260726_r01,bm25,per_question,5a77cb5e55429967ab1052a7,3,Dan Castellaneta,6.5849769875799851
bm25_per_question_n500_d10_20260726_r01,bm25,per_question,5a77cb5e55429967ab1052a7,4,Grampa Simpson,5.8372067261968041
bm25_per_question_n500_d10_20260726_r01,bm25,per_question,5a77cb5e55429967ab1052a7,5,Santa's Little Helper,5.586359191024898
bm25_per_question_n500_d10_20260726_r01,bm25,per_question,5a77cb5e55429967ab1052a7,6,Ned Flanders,5.4289364455114146
bm25_per_question_n500_d10_20260726_r01,bm25,per_question,5a77cb5e55429967ab1052a7,7,Homer to the Max,5.4161681522044081
bm25_per_question_n500_d10_20260726_r01,bm25,per_question,5a77cb5e55429967ab1052a7,8,Patty and Selma,4.5922334902498028
bm25_per_question_n500_d10_20260726_r01,bm25,per_question,5a77cb5e55429967ab1052a7,9,Kang and Kodos,4.455176209351178
bm25_per_question_n500_d10_20260726_r01,bm25,per_question,5a77cb5e55429967ab1052a7,10,Do the Bartman,4.2769598933959285
bm25_per_question_n500_d10_20260726_r01,bm25,per_question,5a78b209554299148911f93e,1,Three Tall Women,2.9309564640564081
bm25_per_question_n500_d10_20260726_r01,bm25,per_question,5a78b209554299148911f93e,2,Edward Albee's At Home at the Zoo,2.5218004498380373
bm25_per_question_n500_d10_20260726_r01,bm25,per_question,5a78b209554299148911f93e,3,Oppenheimer Award,2.2794725287402127
bm25_per_question_n500_d10_20260726_r01,bm25,per_question,5a78b209554299148911f93e,4,Finding the Sun,1.87483164103485
bm25_per_question_n500_d10_20260726_r01,bm25,per_question,5a78b209554299148911f93e,5,Reed A. Albee,1.5509946538300001
bm25_per_question_n500_d10_20260726_r01,bm25,per_question,5a78b209554299148911f93e,6,J. M. Barrie,1.4544202139155877
bm25_per_question_n500_d10_20260726_r01,bm25,per_question,5a78b209554299148911f93e,7,The Zoo Story,1.3909431613279131
bm25_per_question_n500_d10_20260726_r01,bm25,per_question,5a78b209554299148911f93e,8,Edward F. Albee Foundation,1.2274197195208534
bm25_per_question_n500_d10_20260726_r01,bm25,per_question,5a78b209554299148911f93e,9,Jack Gelber,1.0666317413585003
bm25_per_question_n500_d10_20260726_r01,bm25,per_question,5a78b209554299148911f93e,10,Edward Albee,0.78163009818359752
bm25_per_question_n500_d10_20260726_r01,bm25,per_question,5a78bd9b554299078472774a,1,Alfred Gell,4.779544120407178
bm25_per_question_n500_d10_20260726_r01,bm25,per_question,5a78bd9b554299078472774a,2,Coral Gardens and Their Magic,2.9178903484227239
bm25_per_question_n500_d10_20260726_r01,bm25,per_question,5a78bd9b554299078472774a,3,Edmund Leach,2.604502009198121
bm25_per_question_n500_d10_20260726_r01,bm25,per_question,5a78bd9b554299078472774a,4,Association of Social Anthropologists,2.3394051990862512
bm25_per_question_n500_d10_20260726_r01,bm25,per_question,5a78bd9b554299078472774a,5,Network Analysis and Ethnographic Problems,2.2858835573062626
bm25_per_question_n500_d10_20260726_r01,bm25,per_question,5a78bd9b554299078472774a,6,Muted group theory,1.7033084902081885
bm25_per_question_n500_d10_20260726_r01,bm25,per_question,5a78bd9b554299078472774a,7,Aleksandar Bošković,1.4047028060936053
bm25_per_question_n500_d10_20260726_r01,bm25,per_question,5a78bd9b554299078472774a,8,Social Anthropology (journal),1.390653074767596
bm25_per_question_n500_d10_20260726_r01,bm25,per_question,5a78bd9b554299078472774a,9,Participant observation,1.3122518488066941
bm25_per_question_n500_d10_20260726_r01,bm25,per_question,5a78bd9b554299078472774a,10,Thomas Hylland Eriksen,1.2229549093248528
bm25_per_question_n500_d10_20260726_r01,bm25,per_question,5a78daf855429970f5fffdae,1,Kill Doctor Lucky,5.6696479734381198
bm25_per_question_n500_d10_20260726_r01,bm25,per_question,5a78daf855429970f5fffdae,2,Treehouse (game),5.1190539263328176
bm25_per_question_n500_d10_20260726_r01,bm25,per_question,5a78daf855429970f5fffdae,3,Icehouse pieces,5.014455423216873
bm25_per_question_n500_d10_20260726_r01,bm25,per_question,5a78daf855429970f5fffdae,4,List of Marvel Comics characters: N,2.4084891764652641
bm25_per_question_n500_d10_20260726_r01,bm25,per_question,5a78daf855429970f5fffdae,5,Love in Motion (song),2.0437397266090049
bm25_per_question_n500_d10_20260726_r01,bm25,per_question,5a78daf855429970f5fffdae,6,No Promises (Icehouse song),1.3723755630007823
bm25_per_question_n500_d10_20260726_r01,bm25,per_question,5a78daf855429970f5fffdae,7,We Can Get Together,1.2238297412504564
bm25_per_question_n500_d10_20260726_r01,bm25,per_question,5a78daf855429970f5fffdae,8,Boxes (Icehouse album),1.2032033972967968
bm25_per_question_n500_d10_20260726_r01,bm25,per_question,5a78daf855429970f5fffdae,9,Can't Help Myself,1.1917942368095222
bm25_per_question_n500_d10_20260726_r01,bm25,per_question,5a78daf855429970f5fffdae,10,Icehouse (song),0.90558226096756811
bm25_per_question_n500_d10_20260726_r01,bm25,per_question,5a78db8055429970f5fffdb2,1,Treat Williams,5.7241634584285928
bm25_per_question_n500_d10_20260726_r01,bm25,per_question,5a78db8055429970f5fffdb2,2,Silicon Imaging,3.9658791726796983
bm25_per_question_n500_d10_20260726_r01,bm25,per_question,5a78db8055429970f5fffdb2,3,Danny Boyle,3.2640762333765703
bm25_per_question_n500_d10_20260726_r01,bm25,per_question,5a78db8055429970f5fffdb2,4,127 Hours,2.9397610976322333
bm25_per_question_n500_d10_20260726_r01,bm25,per_question,5a78db8055429970f5fffdb2,5,James Franco,2.7518557997373305
bm25_per_question_n500_d10_20260726_r01,bm25,per_question,5a78db8055429970f5fffdb2,6,Flyboys (film),2.7013104725334562
bm25_per_question_n500_d10_20260726_r01,bm25,per_question,5a78db8055429970f5fffdb2,7,Academy Award for Best Film Editing,2.6698126879084869
bm25_per_question_n500_d10_20260726_r01,bm25,per_question,5a78db8055429970f5fffdb2,8,List of accolades received by 127 Hours,2.4446398691548175
bm25_per_question_n500_d10_20260726_r01,bm25,per_question,5a78db8055429970f5fffdb2,9,127 Hours (soundtrack),1.2182017789304451
bm25_per_question_n500_d10_20260726_r01,bm25,per_question,5a78db8055429970f5fffdb2,10,People Like Us (soundtrack),1.2168292648953307
bm25_per_question_n500_d10_20260726_r01,bm25,per_question,5a78f59755429970f5fffdf7,1,Fat Cat Brewery,6.7506980687771367
bm25_per_question_n500_d10_20260726_r01,bm25,per_question,5a78f59755429970f5fffdf7,2,"Adam &amp; Eve, Birmingham",5.9897812356343145
bm25_per_question_n500_d10_20260726_r01,bm25,per_question,5a78f59755429970f5fffdf7,3,"Shakespeare Public House, Bristol",5.0457202022985941
bm25_per_question_n500_d10_20260726_r01,bm25,per_question,5a78f59755429970f5fffdf7,4,Mick Carter,4.7899308549761477
bm25_per_question_n500_d10_20260726_r01,bm25,per_question,5a78f59755429970f5fffdf7,5,"The Gatehouse, Monmouth",4.7291497201222228
bm25_per_question_n500_d10_20260726_r01,bm25,per_question,5a78f59755429970f5fffdf7,6,"Square and Compass, Worth Matravers",4.7124136859214145
bm25_per_question_n500_d10_20260726_r01,bm25,per_question,5a78f59755429970f5fffdf7,7,Linda Carter,3.7078258409506901
bm25_per_question_n500_d10_20260726_r01,bm25,per_question,5a78f59755429970f5fffdf7,8,Nancy Carter,3.6693571026951597
bm25_per_question_n500_d10_20260726_r01,bm25,per_question,5a78f59755429970f5fffdf7,9,Whitney Dean,3.2450613091771787
bm25_per_question_n500_d10_20260726_r01,bm25,per_question,5a78f59755429970f5fffdf7,10,The Queen Victoria,3.0114675357280341
bm25_per_question_n500_d10_20260726_r01,bm25,per_question,5a790d8f554299029c4b5eec,1,See Yourself,8.3687158815452722
bm25_per_question_n500_d10_20260726_r01,bm25,per_question,5a790d8f554299029c4b5eec,2,Sharon Gannon,5.622111891063529
bm25_per_question_n500_d10_20260726_r01,bm25,per_question,5a790d8f554299029c4b5eec,3,Gem Archer,5.1502612129795349
bm25_per_question_n500_d10_20260726_r01,bm25,per_question,5a790d8f554299029c4b5eec,4,Love Songs: A Compilation... Old and New,4.908851635132061
bm25_per_question_n500_d10_20260726_r01,bm25,per_question,5a790d8f554299029c4b5eec,5,List of songs recorded by Syd Barrett,4.5113319871984539
bm25_per_question_n500_d10_20260726_r01,bm25,per_question,5a790d8f554299029c4b5eec,6,Within You Without You,4.1801692283500023
bm25_per_question_n500_d10_20260726_r01,bm25,per_question,5a790d8f554299029c4b5eec,7,5:55,3.3456630702093659
bm25_per_question_n500_d10_20260726_r01,bm25,per_question,5a790d8f554299029c4b5eec,8,We Laughed,3.2642674076747422
bm25_per_question_n500_d10_20260726_r01,bm25,per_question,5a790d8f554299029c4b5eec,9,Who Can See It,2.9788571184689774
bm25_per_question_n500_d10_20260726_r01,bm25,per_question,5a790d8f554299029c4b5eec,10,No Plan (EP),2.8022834056512353
bm25_per_question_n500_d10_20260726_r01,bm25,per_question,5a791a97554299148911f9f2,1,Ellie Kemper,5.9518236403811855
bm25_per_question_n500_d10_20260726_r01,bm25,per_question,5a791a97554299148911f9f2,2,Kimmy Schmidt,3.6382223337120756
bm25_per_question_n500_d10_20260726_r01,bm25,per_question,5a791a97554299148911f9f2,3,Claire Temple (Marvel Cinematic Universe),3.2926983942747956
bm25_per_question_n500_d10_20260726_r01,bm25,per_question,5a791a97554299148911f9f2,4,Brenda Bennett,3.2760522634282587
bm25_per_question_n500_d10_20260726_r01,bm25,per_question,5a791a97554299148911f9f2,5,List of Unbreakable Kimmy Schmidt episodes,2.4740446602616868
bm25_per_question_n500_d10_20260726_r01,bm25,per_question,5a791a97554299148911f9f2,6,Unbreakable Kimmy Schmidt,2.4588746578653682
bm25_per_question_n500_d10_20260726_r01,bm25,per_question,5a791a97554299148911f9f2,7,Sam Means,2.114434936672164
bm25_per_question_n500_d10_20260726_r01,bm25,per_question,5a791a97554299148911f9f2,8,Azie Mira Dungey,2.0695798843845985
bm25_per_question_n500_d10_20260726_r01,bm25,per_question,5a791a97554299148911f9f2,9,Wet Hot American Summer (series),1.5670984306382847
bm25_per_question_n500_d10_20260726_r01,bm25,per_question,5a791a97554299148911f9f2,10,Claire Liddell,1.3521788410675426
bm25_per_question_n500_d10_20260726_r01,bm25,per_question,5a79311755429970f5fffe67,1,I&quot;s,10.483821623925765
bm25_per_question_n500_d10_20260726_r01,bm25,per_question,5a79311755429970f5fffe67,2,Clear Skies!,9.4173152566597498
bm25_per_question_n500_d10_20260726_r01,bm25,per_question,5a79311755429970f5fffe67,3,The Kindaichi Case Files,8.4727642922075557
bm25_per_question_n500_d10_20260726_r01,bm25,per_question,5a79311755429970f5fffe67,4,Neuro: Supernatural Detective,7.8472134467368813
bm25_per_question_n500_d10_20260726_r01,bm25,per_question,5a79311755429970f5fffe67,5,My Bride is a Mermaid,7.5774160271301696
bm25_per_question_n500_d10_20260726_r01,bm25,per_question,5a79311755429970f5fffe67,6,Haven't You Heard? I'm Sakamoto,7.5042198159954179
bm25_per_question_n500_d10_20260726_r01,bm25,per_question,5a79311755429970f5fffe67,7,Silver Spoon (manga),7.4685600808107937
bm25_per_question_n500_d10_20260726_r01,bm25,per_question,5a79311755429970f5fffe67,8,Manga Bible (series),7.4518022937817907
bm25_per_question_n500_d10_20260726_r01,bm25,per_question,5a79311755429970f5fffe67,9,The Prince of Tennis,6.6496766518178543
bm25_per_question_n500_d10_20260726_r01,bm25,per_question,5a79311755429970f5fffe67,10,Masakazu Katsura,5.9298121308882958
bm25_per_question_n500_d10_20260726_r01,bm25,per_question,5a7997a2554299029c4b5f59,1,Tefik Mborja,10.184606869537133
bm25_per_question_n500_d10_20260726_r01,bm25,per_question,5a7997a2554299029c4b5f59,2,Albanian Fascist Party,7.737527187279742
bm25_per_question_n500_d10_20260726_r01,bm25,per_question,5a7997a2554299029c4b5f59,3,People's Socialist Republic of Albania,6.4290312881113492
bm25_per_question_n500_d10_20260726_r01,bm25,per_question,5a7997a2554299029c4b5f59,4,"Madras Legislative Assembly election, 1967",5.6088099896002843
bm25_per_question_n500_d10_20260726_r01,bm25,per_question,5a7997a2554299029c4b5f59,5,United Bermuda Party,5.1338104569114122
bm25_per_question_n500_d10_20260726_r01,bm25,per_question,5a7997a2554299029c4b5f59,6,"Swedish general election, 1982",5.0904068976306158
bm25_per_question_n500_d10_20260726_r01,bm25,per_question,5a7997a2554299029c4b5f59,7,Hungarian Communist Party,4.8628273438815555
bm25_per_question_n500_d10_20260726_r01,bm25,per_question,5a7997a2554299029c4b5f59,8,Confederation of Mexican Workers,4.771567203961669
bm25_per_question_n500_d10_20260726_r01,bm25,per_question,5a7997a2554299029c4b5f59,9,Bal'arab bin Himyar,3.5224761487172866
bm25_per_question_n500_d10_20260726_r01,bm25,per_question,5a7997a2554299029c4b5f59,10,"Australian federal election, 1972",3.0533151332248964
bm25_per_question_n500_d10_20260726_r01,bm25,per_question,5a79b7f6554299029c4b5f6f,1,Fast food restaurant,4.291557295656963
bm25_per_question_n500_d10_20260726_r01,bm25,per_question,5a79b7f6554299029c4b5f6f,2,Hero Certified Burgers,3.6194058108817782
bm25_per_question_n500_d10_20260726_r01,bm25,per_question,5a79b7f6554299029c4b5f6f,3,Ron Joyce,3.5806382117979529
bm25_per_question_n500_d10_20260726_r01,bm25,per_question,5a79b7f6554299029c4b5f6f,4,Arcos Dorados Holdings,3.1353260739120241
bm25_per_question_n500_d10_20260726_r01,bm25,per_question,5a79b7f6554299029c4b5f6f,5,Toddle House,2.7551469881189492
bm25_per_question_n500_d10_20260726_r01,bm25,per_question,5a79b7f6554299029c4b5f6f,6,Lion's Choice,2.6203608140933743
bm25_per_question_n500_d10_20260726_r01,bm25,per_question,5a79b7f6554299029c4b5f6f,7,Tim Hortons,2.281544554054288
bm25_per_question_n500_d10_20260726_r01,bm25,per_question,5a79b7f6554299029c4b5f6f,8,Shawarmer,2.2187794537489709
bm25_per_question_n500_d10_20260726_r01,bm25,per_question,5a79b7f6554299029c4b5f6f,9,Noodle Box,2.1829783552922009
bm25_per_question_n500_d10_20260726_r01,bm25,per_question,5a79b7f6554299029c4b5f6f,10,Leeann Chin,2.1546459852514066
bm25_per_question_n500_d10_20260726_r01,bm25,per_question,5a79c1335542994bb9457066,1,Kevin Shields,4.9633168732957369
bm25_per_question_n500_d10_20260726_r01,bm25,per_question,5a79c1335542994bb9457066,2,David Coderre,3.7887388454933704
bm25_per_question_n500_d10_20260726_r01,bm25,per_question,5a79c1335542994bb9457066,3,Carol Shields,3.4496495617872642
bm25_per_question_n500_d10_20260726_r01,bm25,per_question,5a79c1335542994bb9457066,4,The New Lot,2.6449437906810616
bm25_per_question_n500_d10_20260726_r01,bm25,per_question,5a79c1335542994bb9457066,5,W. F. Morris,2.2431184743558639
bm25_per_question_n500_d10_20260726_r01,bm25,per_question,5a79c1335542994bb9457066,6,The Card (1952 film),2.1923230588727542
bm25_per_question_n500_d10_20260726_r01,bm25,per_question,5a79c1335542994bb9457066,7,The Mask of Dimitrios,2.016429528175482
bm25_per_question_n500_d10_20260726_r01,bm25,per_question,5a79c1335542994bb9457066,8,Rough Shoot,1.8054953999199934
bm25_per_question_n500_d10_20260726_r01,bm25,per_question,5a79c1335542994bb9457066,9,The Cruel Sea (1953 film),1.3854501134486048
bm25_per_question_n500_d10_20260726_r01,bm25,per_question,5a79c1335542994bb9457066,10,Eric Ambler,1.0032366812011451
bm25_per_question_n500_d10_20260726_r01,bm25,per_question,5a79c6a55542994bb9457091,1,George Cayley,10.094569551131839
bm25_per_question_n500_d10_20260726_r01,bm25,per_question,5a79c6a55542994bb9457091,2,Hot air engine,7.0642081780416976
bm25_per_question_n500_d10_20260726_r01,bm25,per_question,5a79c6a55542994bb9457091,3,Piccard Balloons,6.8639705595949323
bm25_per_question_n500_d10_20260726_r01,bm25,per_question,5a79c6a55542994bb9457091,4,Gas-generator cycle,6.3157173653747742
bm25_per_question_n500_d10_20260726_r01,bm25,per_question,5a79c6a55542994bb9457091,5,External combustion engine,5.3948851921696024
bm25_per_question_n500_d10_20260726_r01,bm25,per_question,5a79c6a55542994bb9457091,6,Manson-Guise Engine,4.3116949065239982
bm25_per_question_n500_d10_20260726_r01,bm25,per_question,5a79c6a55542994bb9457091,7,Stephen Boreham,4.2216738461692707
bm25_per_question_n500_d10_20260726_r01,bm25,per_question,5a79c6a55542994bb9457091,8,Daboll trumpet,3.7895627136232823
bm25_per_question_n500_d10_20260726_r01,bm25,per_question,5a79c6a55542994bb9457091,9,Stoddard engine,3.3520428647774319
bm25_per_question_n500_d10_20260726_r01,bm25,per_question,5a79c6a55542994bb9457091,10,Working fluid,2.3228530392593818
bm25_per_question_n500_d10_20260726_r01,bm25,per_question,5a79ea435542996c55b2dc9e,1,J. Edward Snyder,8.292254453115115
bm25_per_question_n500_d10_20260726_r01,bm25,per_question,5a79ea435542996c55b2dc9e,2,USS New Jersey (BB-62),7.9608622006000482
bm25_per_question_n500_d10_20260726_r01,bm25,per_question,5a79ea435542996c55b2dc9e,3,List of battleships of Italy,7.3722396577789651
bm25_per_question_n500_d10_20260726_r01,bm25,per_question,5a79ea435542996c55b2dc9e,4,Soviet cruiser Kirov,7.2562732835973813
bm25_per_question_n500_d10_20260726_r01,bm25,per_question,5a79ea435542996c55b2dc9e,5,French battleship Jean Bart (1911),5.923454194280632
bm25_per_question_n500_d10_20260726_r01,bm25,per_question,5a79ea435542996c55b2dc9e,6,United States naval gunfire support debate,5.6373318713408613
bm25_per_question_n500_d10_20260726_r01,bm25,per_question,5a79ea435542996c55b2dc9e,7,Naval gunfire support,5.3225164564240028
bm25_per_question_n500_d10_20260726_r01,bm25,per_question,5a79ea435542996c55b2dc9e,8,USS Trippe (FF-1075),5.2604518655960035
bm25_per_question_n500_d10_20260726_r01,bm25,per_question,5a79ea435542996c55b2dc9e,9,Operation Market Time,4.7126299697466036
bm25_per_question_n500_d10_20260726_r01,bm25,per_question,5a79ea435542996c55b2dc9e,10,Tonkin Gulf Yacht Club,4.0308713224840647
bm25_per_question_n500_d10_20260726_r01,bm25,per_question,5a79f6ca554299029c4b5f90,1,Doctor Jones,5.9051797222003772
bm25_per_question_n500_d10_20260726_r01,bm25,per_question,5a79f6ca554299029c4b5f90,2,Aquarium (Aqua album),5.5951143734045283
bm25_per_question_n500_d10_20260726_r01,bm25,per_question,5a79f6ca554299029c4b5f90,3,Lollipop (Candyman),3.780510293872605
bm25_per_question_n500_d10_20260726_r01,bm25,per_question,5a79f6ca554299029c4b5f90,4,Aqua (band),3.568926995002963
bm25_per_question_n500_d10_20260726_r01,bm25,per_question,5a79f6ca554299029c4b5f90,5,"Mattel, Inc. v. MCA Records, Inc.",3.4785163693994074
bm25_per_question_n500_d10_20260726_r01,bm25,per_question,5a79f6ca554299029c4b5f90,6,René Dif,3.3393183819961747
bm25_per_question_n500_d10_20260726_r01,bm25,per_question,5a79f6ca554299029c4b5f90,7,Daze (band),3.0199420973094888
bm25_per_question_n500_d10_20260726_r01,bm25,per_question,5a79f6ca554299029c4b5f90,8,Søren Rasted,2.8811277399625359
bm25_per_question_n500_d10_20260726_r01,bm25,per_question,5a79f6ca554299029c4b5f90,9,Perfect Day (Cascada album),2.8196584611561395
bm25_per_question_n500_d10_20260726_r01,bm25,per_question,5a79f6ca554299029c4b5f90,10,Lene Nystrøm,2.0394754166347604
bm25_per_question_n500_d10_20260726_r01,bm25,per_question,5a7a014a5542996c55b2dccf,1,German battleship Bismarck,10.670993856656512
bm25_per_question_n500_d10_20260726_r01,bm25,per_question,5a7a014a5542996c55b2dccf,2,Ernst Heinrich Lindemann,8.1605171208702902
bm25_per_question_n500_d10_20260726_r01,bm25,per_question,5a7a014a5542996c55b2dccf,3,Ernst Lindemann,7.3846681804487684
bm25_per_question_n500_d10_20260726_r01,bm25,per_question,5a7a014a5542996c55b2dccf,4,Hansjürgen Reinicke,5.3291036022466516
bm25_per_question_n500_d10_20260726_r01,bm25,per_question,5a7a014a5542996c55b2dccf,5,Ernst Kals,5.2311535412350132
bm25_per_question_n500_d10_20260726_r01,bm25,per_question,5a7a014a5542996c55b2dccf,6,Hans Jenisch,5.0293349327841348
bm25_per_question_n500_d10_20260726_r01,bm25,per_question,5a7a014a5542996c55b2dccf,7,21st U-boat Flotilla,4.561389509986383
bm25_per_question_n500_d10_20260726_r01,bm25,per_question,5a7a014a5542996c55b2dccf,8,German auxiliary cruiser Widder,4.5210883812613112
bm25_per_question_n500_d10_20260726_r01,bm25,per_question,5a7a014a5542996c55b2dccf,9,German destroyer Z43,3.250315170021369
bm25_per_question_n500_d10_20260726_r01,bm25,per_question,5a7a014a5542996c55b2dccf,10,Wolf Junge,3.1797788430625165
bm25_per_question_n500_d10_20260726_r01,bm25,per_question,5a7a0e1e5542990783324e1a,1,Scotch Collie,9.3245425459573532
bm25_per_question_n500_d10_20260726_r01,bm25,per_question,5a7a0e1e5542990783324e1a,2,English Setter,5.319055462589068
bm25_per_question_n500_d10_20260726_r01,bm25,per_question,5a7a0e1e5542990783324e1a,3,Viol,5.0791743478727893
bm25_per_question_n500_d10_20260726_r01,bm25,per_question,5a7a0e1e5542990783324e1a,4,Florence Nagle,3.7320243024785764
bm25_per_question_n500_d10_20260726_r01,bm25,per_question,5a7a0e1e5542990783324e1a,5,Feist (dog),3.2395554202951038
bm25_per_question_n500_d10_20260726_r01,bm25,per_question,5a7a0e1e5542990783324e1a,6,Russkiy Toy,2.539139292103096
bm25_per_question_n500_d10_20260726_r01,bm25,per_question,5a7a0e1e5542990783324e1a,7,Teddy Roosevelt Terrier,2.4956920438954935
bm25_per_question_n500_d10_20260726_r01,bm25,per_question,5a7a0e1e5542990783324e1a,8,Toy Manchester Terrier,2.4641107370590634
bm25_per_question_n500_d10_20260726_r01,bm25,per_question,5a7a0e1e5542990783324e1a,9,Collie,2.3249316832463154
bm25_per_question_n500_d10_20260726_r01,bm25,per_question,5a7a0e1e5542990783324e1a,10,Manchester Terrier,1.595046122268202
bm25_per_question_n500_d10_20260726_r01,bm25,per_question,5a7a1cd85542990783324e65,1,"United States presidential election, 2016",7.5132160313703649
bm25_per_question_n500_d10_20260726_r01,bm25,per_question,5a7a1cd85542990783324e65,2,"Michigan Democratic primary, 2016",7.1252490207847128
bm25_per_question_n500_d10_20260726_r01,bm25,per_question,5a7a1cd85542990783324e65,3,"United States presidential election, 1960",5.9086046954089451
bm25_per_question_n500_d10_20260726_r01,bm25,per_question,5a7a1cd85542990783324e65,4,"United States presidential election, 1976",5.5581665976691959
bm25_per_question_n500_d10_20260726_r01,bm25,per_question,5a7a1cd85542990783324e65,5,"United States presidential election, 2012",4.9509891311340199
bm25_per_question_n500_d10_20260726_r01,bm25,per_question,5a7a1cd85542990783324e65,6,"United States presidential election, 1968",4.5632697684575652
bm25_per_question_n500_d10_20260726_r01,bm25,per_question,5a7a1cd85542990783324e65,7,"United States presidential election, 1892",4.3866907002922284
bm25_per_question_n500_d10_20260726_r01,bm25,per_question,5a7a1cd85542990783324e65,8,"United States presidential election, 1964",3.8282577197399155
bm25_per_question_n500_d10_20260726_r01,bm25,per_question,5a7a1cd85542990783324e65,9,2044 election,3.0890180774663332
bm25_per_question_n500_d10_20260726_r01,bm25,per_question,5a7a1cd85542990783324e65,10,"United States presidential election, 2020",3.0890180774663332
bm25_per_question_n500_d10_20260726_r01,bm25,per_question,5a7a230e5542996a35c170ee,1,Nat Wolff,4.7451679679940151
bm25_per_question_n500_d10_20260726_r01,bm25,per_question,5a7a230e5542996a35c170ee,2,Nat and Alex Wolff,4.1734934328802193
bm25_per_question_n500_d10_20260726_r01,bm25,per_question,5a7a230e5542996a35c170ee,3,The Naked Brothers Band: Music from the Movie,3.6972382625822342
bm25_per_question_n500_d10_20260726_r01,bm25,per_question,5a7a230e5542996a35c170ee,4,I Don't Want to Go to School,3.6954154940298984
bm25_per_question_n500_d10_20260726_r01,bm25,per_question,5a7a230e5542996a35c170ee,5,The Naked Brothers Band (album),3.6879617590504568
bm25_per_question_n500_d10_20260726_r01,bm25,per_question,5a7a230e5542996a35c170ee,6,Alex Wolff,3.0139306517179634
bm25_per_question_n500_d10_20260726_r01,bm25,per_question,5a7a230e5542996a35c170ee,7,The Fault in Our Stars (film),2.8841731944153595
bm25_per_question_n500_d10_20260726_r01,bm25,per_question,5a7a230e5542996a35c170ee,8,Mystery Girl (film),2.8746775600243182
bm25_per_question_n500_d10_20260726_r01,bm25,per_question,5a7a230e5542996a35c170ee,9,The Premiere (film),2.8205695562281137
bm25_per_question_n500_d10_20260726_r01,bm25,per_question,5a7a230e5542996a35c170ee,10,Operation Mojo,2.6844138591762641
bm25_per_question_n500_d10_20260726_r01,bm25,per_question,5a7a276d5542996c55b2dd27,1,Charles Hastings Judd,8.8274171978392992
bm25_per_question_n500_d10_20260726_r01,bm25,per_question,5a7a276d5542996c55b2dd27,2,George W. Macfarlane,8.0117992687084332
bm25_per_question_n500_d10_20260726_r01,bm25,per_question,5a7a276d5542996c55b2dd27,3,James A. Winnefeld Jr.,5.573428972733784
bm25_per_question_n500_d10_20260726_r01,bm25,per_question,5a7a276d5542996c55b2dd27,4,Corps of Military Staff Clerks,5.5114263619099537
bm25_per_question_n500_d10_20260726_r01,bm25,per_question,5a7a276d5542996c55b2dd27,5,Merrie Monarch Festival,5.3142800651850539
bm25_per_question_n500_d10_20260726_r01,bm25,per_question,5a7a276d5542996c55b2dd27,6,Ottoman Military College,4.6947345851081286
bm25_per_question_n500_d10_20260726_r01,bm25,per_question,5a7a276d5542996c55b2dd27,7,Staff (military),4.6913144319655613
bm25_per_question_n500_d10_20260726_r01,bm25,per_question,5a7a276d5542996c55b2dd27,8,Kalākaua,4.2105974855407977
bm25_per_question_n500_d10_20260726_r01,bm25,per_question,5a7a276d5542996c55b2dd27,9,Muumuu,3.4325493426717304
bm25_per_question_n500_d10_20260726_r01,bm25,per_question,5a7a276d5542996c55b2dd27,10,Aloha Dalire,2.5876322681727992
bm25_per_question_n500_d10_20260726_r01,bm25,per_question,5a7a3a945542996a35c17147,1,One Raffles Place,20.435365226573698
bm25_per_question_n500_d10_20260726_r01,bm25,per_question,5a7a3a945542996a35c17147,2,Raffles Place MRT Station,11.096679862169282
bm25_per_question_n500_d10_20260726_r01,bm25,per_question,5a7a3a945542996a35c17147,3,Raffles Place,10.992150125267317
bm25_per_question_n500_d10_20260726_r01,bm25,per_question,5a7a3a945542996a35c17147,4,One Raffles Link,10.469811163188908
bm25_per_question_n500_d10_20260726_r01,bm25,per_question,5a7a3a945542996a35c17147,5,CapitaGreen,10.409487752089854
bm25_per_question_n500_d10_20260726_r01,bm25,per_question,5a7a3a945542996a35c17147,6,List of tallest buildings in São Paulo,10.001432690516182
bm25_per_question_n500_d10_20260726_r01,bm25,per_question,5a7a3a945542996a35c17147,7,One Marina Boulevard,9.4113967465983617
bm25_per_question_n500_d10_20260726_r01,bm25,per_question,5a7a3a945542996a35c17147,8,Republic Plaza (Singapore),9.3794300333357121
bm25_per_question_n500_d10_20260726_r01,bm25,per_question,5a7a3a945542996a35c17147,9,Chevron House,9.2062290194340086
bm25_per_question_n500_d10_20260726_r01,bm25,per_question,5a7a3a945542996a35c17147,10,Bank of China Tower (Hong Kong),8.6433379936488866
bm25_per_question_n500_d10_20260726_r01,bm25,per_question,5a7a455c5542994f819ef1a7,1,Ralph Murphy,2.1052393105329941
bm25_per_question_n500_d10_20260726_r01,bm25,per_question,5a7a455c5542994f819ef1a7,2,Hoppy Serves a Writ,1.5394503243736666
bm25_per_question_n500_d10_20260726_r01,bm25,per_question,5a7a455c5542994f819ef1a7,3,Alias French Gertie,1.2671385352110514
bm25_per_question_n500_d10_20260726_r01,bm25,per_question,5a7a455c5542994f819ef1a7,4,George Archainbaud,1.2294531418598538
bm25_per_question_n500_d10_20260726_r01,bm25,per_question,5a7a455c5542994f819ef1a7,5,The Big Brain,1.1078173776301332
bm25_per_question_n500_d10_20260726_r01,bm25,per_question,5a7a455c5542994f819ef1a7,6,Arthur Roberts (editor),1.0989816163270192
bm25_per_question_n500_d10_20260726_r01,bm25,per_question,5a7a455c5542994f819ef1a7,7,Flying with Music,1.093915580323086
bm25_per_question_n500_d10_20260726_r01,bm25,per_question,5a7a455c5542994f819ef1a7,8,Thrill of a Lifetime (film),1.0355713673587894
bm25_per_question_n500_d10_20260726_r01,bm25,per_question,5a7a455c5542994f819ef1a7,9,Campus Confessions,0.54259437877387284
bm25_per_question_n500_d10_20260726_r01,bm25,per_question,5a7a455c5542994f819ef1a7,10,Criminal Lawyer,0.33067713163952606
bm25_per_question_n500_d10_20260726_r01,bm25,per_question,5a7a46605542994f819ef1ad,1,Dale Evans,5.4318389418651405
bm25_per_question_n500_d10_20260726_r01,bm25,per_question,5a7a46605542994f819ef1ad,2,Rainbow Over Texas,3.6549425111366332
bm25_per_question_n500_d10_20260726_r01,bm25,per_question,5a7a46605542994f819ef1ad,3,Song of Arizona,3.643455745287751
bm25_per_question_n500_d10_20260726_r01,bm25,per_question,5a7a46605542994f819ef1ad,4,Lights of Old Santa Fe,3.6341391690651488
bm25_per_question_n500_d10_20260726_r01,bm25,per_question,5a7a46605542994f819ef1ad,5,My Pal Trigger,3.463209082472559
bm25_per_question_n500_d10_20260726_r01,bm25,per_question,5a7a46605542994f819ef1ad,6,Don't Fence Me In (film),3.3700763222678227
bm25_per_question_n500_d10_20260726_r01,bm25,per_question,5a7a46605542994f819ef1ad,7,San Fernando Valley (film),3.0918291397627127
bm25_per_question_n500_d10_20260726_r01,bm25,per_question,5a7a46605542994f819ef1ad,8,Sons of the Pioneers (film),2.9777614705411053
bm25_per_question_n500_d10_20260726_r01,bm25,per_question,5a7a46605542994f819ef1ad,9,Along the Navajo Trail (film),2.5710264634732702
bm25_per_question_n500_d10_20260726_r01,bm25,per_question,5a7a46605542994f819ef1ad,10,Frank McDonald (director),2.3393612587681178
bm25_per_question_n500_d10_20260726_r01,bm25,per_question,5a7a5b3a5542996c55b2dd71,1,St James's Palace,7.50646234876295
bm25_per_question_n500_d10_20260726_r01,bm25,per_question,5a7a5b3a5542996c55b2dd71,2,"Mark Masons' Hall, London",6.8960643345672992
bm25_per_question_n500_d10_20260726_r01,bm25,per_question,5a7a5b3a5542996c55b2dd71,3,President of the Queen's Privy Council for Canada,6.5929638185590393
bm25_per_question_n500_d10_20260726_r01,bm25,per_question,5a7a5b3a5542996c55b2dd71,4,Accession Council,6.3742240989612924
bm25_per_question_n500_d10_20260726_r01,bm25,per_question,5a7a5b3a5542996c55b2dd71,5,Crowther Masonic Hall,6.2654397021704407
bm25_per_question_n500_d10_20260726_r01,bm25,per_question,5a7a5b3a5542996c55b2dd71,6,"Grange Hall (Murphysboro, Illinois)",6.095391456389371
bm25_per_question_n500_d10_20260726_r01,bm25,per_question,5a7a5b3a5542996c55b2dd71,7,Great Hall of the People,6.0928445519833456
bm25_per_question_n500_d10_20260726_r01,bm25,per_question,5a7a5b3a5542996c55b2dd71,8,Pollokshields Burgh Hall,5.4915137221097048
bm25_per_question_n500_d10_20260726_r01,bm25,per_question,5a7a5b3a5542996c55b2dd71,9,Warriparinga,5.3329849824641427
bm25_per_question_n500_d10_20260726_r01,bm25,per_question,5a7a5b3a5542996c55b2dd71,10,Blackman-Bosworth Store,5.1192504216189691
bm25_per_question_n500_d10_20260726_r01,bm25,per_question,5a7a8a9c554299042af8f666,1,Argand lamp,7.8522156232569333
bm25_per_question_n500_d10_20260726_r01,bm25,per_question,5a7a8a9c554299042af8f666,2,Lewis lamp,7.0010396566470376
bm25_per_question_n500_d10_20260726_r01,bm25,per_question,5a7a8a9c554299042af8f666,3,Carbon button lamp,6.2557025567362254
bm25_per_question_n500_d10_20260726_r01,bm25,per_question,5a7a8a9c554299042af8f666,4,Hefner lamp,4.6777431664606635
bm25_per_question_n500_d10_20260726_r01,bm25,per_question,5a7a8a9c554299042af8f666,5,Glow switch starter,4.4802131792115754
bm25_per_question_n500_d10_20260726_r01,bm25,per_question,5a7a8a9c554299042af8f666,6,Hollow-cathode lamp,4.1922634419504696
bm25_per_question_n500_d10_20260726_r01,bm25,per_question,5a7a8a9c554299042af8f666,7,Kerosene lamp,3.6202878137225203
bm25_per_question_n500_d10_20260726_r01,bm25,per_question,5a7a8a9c554299042af8f666,8,Trouble light,3.3155834279175087
bm25_per_question_n500_d10_20260726_r01,bm25,per_question,5a7a8a9c554299042af8f666,9,Kudlik,3.0644144198489984
bm25_per_question_n500_d10_20260726_r01,bm25,per_question,5a7a8a9c554299042af8f666,10,Antoine Quinquet,2.4999504931048175
bm25_per_question_n500_d10_20260726_r01,bm25,per_question,5a7b12a355429927d897bf2a,1,Columba de Dunbar,4.7958904507620321
bm25_per_question_n500_d10_20260726_r01,bm25,per_question,5a7b12a355429927d897bf2a,2,Bishop Dunbar's Hospital,3.965009017750603
bm25_per_question_n500_d10_20260726_r01,bm25,per_question,5a7b12a355429927d897bf2a,3,Haripur Barabari,3.5637018504800593
bm25_per_question_n500_d10_20260726_r01,bm25,per_question,5a7b12a355429927d897bf2a,4,Mike Dunbar,3.4878503946300938
bm25_per_question_n500_d10_20260726_r01,bm25,per_question,5a7b12a355429927d897bf2a,5,Spynie Palace,2.7208918722022806
bm25_per_question_n500_d10_20260726_r01,bm25,per_question,5a7b12a355429927d897bf2a,6,"Patrick IV, Earl of March",2.4936304045324493
bm25_per_question_n500_d10_20260726_r01,bm25,per_question,5a7b12a355429927d897bf2a,7,"George I, Earl of March",2.3524287069010268
bm25_per_question_n500_d10_20260726_r01,bm25,per_question,5a7b12a355429927d897bf2a,8,Earl of Dunbar,2.1393468244762026
bm25_per_question_n500_d10_20260726_r01,bm25,per_question,5a7b12a355429927d897bf2a,9,"George II, Earl of March",1.7915002801839712
bm25_per_question_n500_d10_20260726_r01,bm25,per_question,5a7b12a355429927d897bf2a,10,"Gospatric, Earl of Northumbria",1.6476352118037365
bm25_per_question_n500_d10_20260726_r01,bm25,per_question,5a7b3f4d5542992d025e67bb,1,A Christmas Story: The Musical,10.206392843263902
bm25_per_question_n500_d10_20260726_r01,bm25,per_question,5a7b3f4d5542992d025e67bb,2,Pasek and Paul,9.707121585831235
bm25_per_question_n500_d10_20260726_r01,bm25,per_question,5a7b3f4d5542992d025e67bb,3,David and Sandy Reynolds-Wasco,5.5192762194273284
bm25_per_question_n500_d10_20260726_r01,bm25,per_question,5a7b3f4d5542992d025e67bb,4,City of Stars,4.2760131854690018
bm25_per_question_n500_d10_20260726_r01,bm25,per_question,5a7b3f4d5542992d025e67bb,5,Audition (The Fools Who Dream),4.1431049114167209
bm25_per_question_n500_d10_20260726_r01,bm25,per_question,5a7b3f4d5542992d025e67bb,6,Mary Zophres,3.8798062491227463
bm25_per_question_n500_d10_20260726_r01,bm25,per_question,5a7b3f4d5542992d025e67bb,7,List of accolades received by La La Land,3.3177069194617115
bm25_per_question_n500_d10_20260726_r01,bm25,per_question,5a7b3f4d5542992d025e67bb,8,La La Land (Demi Lovato song),2.8613937565454761
bm25_per_question_n500_d10_20260726_r01,bm25,per_question,5a7b3f4d5542992d025e67bb,9,La La Land (soundtrack),2.3584091763181685
bm25_per_question_n500_d10_20260726_r01,bm25,per_question,5a7b3f4d5542992d025e67bb,10,Another Day of Sun,2.326114287829026
bm25_per_question_n500_d10_20260726_r01,bm25,per_question,5a7b46e55542995eb53be8e5,1,Ordos City,10.93815758531232
bm25_per_question_n500_d10_20260726_r01,bm25,per_question,5a7b46e55542995eb53be8e5,2,Spaceware Sky Vision II,9.1937006686806235
bm25_per_question_n500_d10_20260726_r01,bm25,per_question,5a7b46e55542995eb53be8e5,3,Ejin–Hami Railway,4.9620072256405559
bm25_per_question_n500_d10_20260726_r01,bm25,per_question,5a7b46e55542995eb53be8e5,4,Bu Xiaolin,4.22907919794502
bm25_per_question_n500_d10_20260726_r01,bm25,per_question,5a7b46e55542995eb53be8e5,5,Inner Mongolia Medical University,4.0403305592217205
bm25_per_question_n500_d10_20260726_r01,bm25,per_question,5a7b46e55542995eb53be8e5,6,Inner Mongolia University of Technology,3.9210737829618436
bm25_per_question_n500_d10_20260726_r01,bm25,per_question,5a7b46e55542995eb53be8e5,7,G5511 Jining–Arun Expressway,3.5989825101513984
bm25_per_question_n500_d10_20260726_r01,bm25,per_question,5a7b46e55542995eb53be8e5,8,2011 Inner Mongolia unrest,3.5794724678802754
bm25_per_question_n500_d10_20260726_r01,bm25,per_question,5a7b46e55542995eb53be8e5,9,Zhukaigou culture,3.4769667156448731
bm25_per_question_n500_d10_20260726_r01,bm25,per_question,5a7b46e55542995eb53be8e5,10,Inner Mongolia First Machinery Group Corporation,2.9798721522423808
bm25_per_question_n500_d10_20260726_r01,bm25,per_question,5a7b4bc35542992d025e67e0,1,Eric A. Sykes,5.8757132570205508
bm25_per_question_n500_d10_20260726_r01,bm25,per_question,5a7b4bc35542992d025e67e0,2,Demography of Greater Manchester,3.9185162525156958
bm25_per_question_n500_d10_20260726_r01,bm25,per_question,5a7b4bc35542992d025e67e0,3,Greater Manchester Police and Crime Commissioner,2.3715712567000651
bm25_per_question_n500_d10_20260726_r01,bm25,per_question,5a7b4bc35542992d025e67e0,4,Transport for Greater Manchester,2.3394221648420315
bm25_per_question_n500_d10_20260726_r01,bm25,per_question,5a7b4bc35542992d025e67e0,5,Mayor of Greater Manchester,2.3303316669318468
bm25_per_question_n500_d10_20260726_r01,bm25,per_question,5a7b4bc35542992d025e67e0,6,"Church of St Mary the Virgin, Eccles",2.2925709415924662
bm25_per_question_n500_d10_20260726_r01,bm25,per_question,5a7b4bc35542992d025e67e0,7,Greater Manchester County Council,2.1800335574742751
bm25_per_question_n500_d10_20260726_r01,bm25,per_question,5a7b4bc35542992d025e67e0,8,Greater Manchester Integrated Transport Authority,2.0250708625669125
bm25_per_question_n500_d10_20260726_r01,bm25,per_question,5a7b4bc35542992d025e67e0,9,Eccles Interchange,1.9479073897995345
bm25_per_question_n500_d10_20260726_r01,bm25,per_question,5a7b4bc35542992d025e67e0,10,"Eccles, Greater Manchester",1.9382184022587166
bm25_per_question_n500_d10_20260726_r01,bm25,per_question,5a7b65ab5542997c3ec97144,1,"Governor's House, Knutsford",7.7018365905410668
bm25_per_question_n500_d10_20260726_r01,bm25,per_question,5a7b65ab5542997c3ec97144,2,Jeff Hoover,5.7082024641774955
bm25_per_question_n500_d10_20260726_r01,bm25,per_question,5a7b65ab5542997c3ec97144,3,Edmund Sharpe,5.4526665878673679
bm25_per_question_n500_d10_20260726_r01,bm25,per_question,5a7b65ab5542997c3ec97144,4,Thomas H. Gale House,5.2568709900645549
bm25_per_question_n500_d10_20260726_r01,bm25,per_question,5a7b65ab5542997c3ec97144,5,Charles T. Holt House,4.9900296838934439
bm25_per_question_n500_d10_20260726_r01,bm25,per_question,5a7b65ab5542997c3ec97144,6,Feirstein Graduate School of Cinema,4.6257396966166651
bm25_per_question_n500_d10_20260726_r01,bm25,per_question,5a7b65ab5542997c3ec97144,7,Gateway College of Architecture and Design,3.9615761410653674
bm25_per_question_n500_d10_20260726_r01,bm25,per_question,5a7b65ab5542997c3ec97144,8,Farr House,3.7770097875575597
bm25_per_question_n500_d10_20260726_r01,bm25,per_question,5a7b65ab5542997c3ec97144,9,Julia Morgan School for Girls,3.7392898783603243
bm25_per_question_n500_d10_20260726_r01,bm25,per_question,5a7b65ab5542997c3ec97144,10,Dukenfield Hall,3.5709191060248564
bm25_per_question_n500_d10_20260726_r01,bm25,per_question,5a7b76735542997c3ec9719f,1,Hot toddy,5.3927397180176593
bm25_per_question_n500_d10_20260726_r01,bm25,per_question,5a7b76735542997c3ec9719f,2,Blueberry Tea,3.1452512976258489
bm25_per_question_n500_d10_20260726_r01,bm25,per_question,5a7b76735542997c3ec9719f,3,Hot toddy (disambiguation),2.6206243857854687
bm25_per_question_n500_d10_20260726_r01,bm25,per_question,5a7b76735542997c3ec9719f,4,Submarino (beverage),2.2737705515317534
bm25_per_question_n500_d10_20260726_r01,bm25,per_question,5a7b76735542997c3ec9719f,5,Om Records,1.8474673999296003
bm25_per_question_n500_d10_20260726_r01,bm25,per_question,5a7b76735542997c3ec9719f,6,Wassail,1.7965025842040396
bm25_per_question_n500_d10_20260726_r01,bm25,per_question,5a7b76735542997c3ec9719f,7,Ralph Giannini,1.5210579588337154
bm25_per_question_n500_d10_20260726_r01,bm25,per_question,5a7b76735542997c3ec9719f,8,Vino cotto,1.3526652256049803
bm25_per_question_n500_d10_20260726_r01,bm25,per_question,5a7b76735542997c3ec9719f,9,Nadar climber,1.3298998302919174
bm25_per_question_n500_d10_20260726_r01,bm25,per_question,5a7b76735542997c3ec9719f,10,Kir (cocktail),0.59125845292165236
bm25_per_question_n500_d10_20260726_r01,bm25,per_question,5a7b7bed5542997c3ec971bc,1,Waterloo Vase,8.8881355191215601
bm25_per_question_n500_d10_20260726_r01,bm25,per_question,5a7b7bed5542997c3ec971bc,2,Buckingham Palace,7.8877976995565575
bm25_per_question_n500_d10_20260726_r01,bm25,per_question,5a7b7bed5542997c3ec971bc,3,Achalla,4.4451717001259805
bm25_per_question_n500_d10_20260726_r01,bm25,per_question,5a7b7bed5542997c3ec971bc,4,Whirligig,4.4194644471901139
bm25_per_question_n500_d10_20260726_r01,bm25,per_question,5a7b7bed5542997c3ec971bc,5,Medici Vase,3.5861369678266799
bm25_per_question_n500_d10_20260726_r01,bm25,per_question,5a7b7bed5542997c3ec971bc,6,Borghese Vase,3.5861369678266799
bm25_per_question_n500_d10_20260726_r01,bm25,per_question,5a7b7bed5542997c3ec971bc,7,Suikinkutsu,3.3520333473775841
bm25_per_question_n500_d10_20260726_r01,bm25,per_question,5a7b7bed5542997c3ec971bc,8,Wind chime,3.3333826745279103
bm25_per_question_n500_d10_20260726_r01,bm25,per_question,5a7b7bed5542997c3ec971bc,9,Garden ornament,2.6289770405248034
bm25_per_question_n500_d10_20260726_r01,bm25,per_question,5a7b7bed5542997c3ec971bc,10,Bird bath,2.0137744857728124
bm25_per_question_n500_d10_20260726_r01,bm25,per_question,5a7b7ff75542995eb53be93d,1,Adrian Conan Doyle,3.9737502191203342
bm25_per_question_n500_d10_20260726_r01,bm25,per_question,5a7b7ff75542995eb53be93d,2,Douglas Ainslie,2.8369181648631718
bm25_per_question_n500_d10_20260726_r01,bm25,per_question,5a7b7ff75542995eb53be93d,3,Penelope Lively,2.2761187221145791
bm25_per_question_n500_d10_20260726_r01,bm25,per_question,5a7b7ff75542995eb53be93d,4,Sherlock Holmes (1916 film),2.0942853412815476
bm25_per_question_n500_d10_20260726_r01,bm25,per_question,5a7b7ff75542995eb53be93d,5,The Return of Sherlock Holmes (1929 film),1.543483078662625
bm25_per_question_n500_d10_20260726_r01,bm25,per_question,5a7b7ff75542995eb53be93d,6,The Lost World (TV series),1.4590661562273541
bm25_per_question_n500_d10_20260726_r01,bm25,per_question,5a7b7ff75542995eb53be93d,7,Dead Man's Land,1.4057405709432089
bm25_per_question_n500_d10_20260726_r01,bm25,per_question,5a7b7ff75542995eb53be93d,8,Arthur Conan Doyle,1.3524536234938784
bm25_per_question_n500_d10_20260726_r01,bm25,per_question,5a7b7ff75542995eb53be93d,9,Sherlock Holmes (2010 film),1.0885639952810804
bm25_per_question_n500_d10_20260726_r01,bm25,per_question,5a7b7ff75542995eb53be93d,10,The Adventure of the Empty House,0.98440542516716567
bm25_per_question_n500_d10_20260726_r01,bm25,per_question,5a7b8749554299294a54a9db,1,Thomas Friedman,6.942984405544399
bm25_per_question_n500_d10_20260726_r01,bm25,per_question,5a7b8749554299294a54a9db,2,2011 Pulitzer Prize,4.4258532389889496
bm25_per_question_n500_d10_20260726_r01,bm25,per_question,5a7b8749554299294a54a9db,3,Samuel Eliot Morison,3.8488033779742166
bm25_per_question_n500_d10_20260726_r01,bm25,per_question,5a7b8749554299294a54a9db,4,Introduction to Metaphysics (Bergson),2.4309440996564708
bm25_per_question_n500_d10_20260726_r01,bm25,per_question,5a7b8749554299294a54a9db,5,Moina Mathers,2.2858463397336553
bm25_per_question_n500_d10_20260726_r01,bm25,per_question,5a7b8749554299294a54a9db,6,Duration (philosophy),1.8649299723724073
bm25_per_question_n500_d10_20260726_r01,bm25,per_question,5a7b8749554299294a54a9db,7,Time and Free Will,1.1023090621078637
bm25_per_question_n500_d10_20260726_r01,bm25,per_question,5a7b8749554299294a54a9db,8,Élan vital,1.0725710933406079
bm25_per_question_n500_d10_20260726_r01,bm25,per_question,5a7b8749554299294a54a9db,9,Matter and Memory,0.60745326619511031
bm25_per_question_n500_d10_20260726_r01,bm25,per_question,5a7b8749554299294a54a9db,10,Henri Bergson,0
bm25_per_question_n500_d10_20260726_r01,bm25,per_question,5a7bae20554299294a54aa96,1,Nicki Minaj,6.4387449505700003
bm25_per_question_n500_d10_20260726_r01,bm25,per_question,5a7bae20554299294a54aa96,2,Freedom Watch with Judge Napolitano,6.1201741906351916
bm25_per_question_n500_d10_20260726_r01,bm25,per_question,5a7bae20554299294a54aa96,3,Rewrapped,4.9509059570110008
bm25_per_question_n500_d10_20260726_r01,bm25,per_question,5a7bae20554299294a54aa96,4,On the Ball (ITV television show),4.6325200152534647
bm25_per_question_n500_d10_20260726_r01,bm25,per_question,5a7bae20554299294a54aa96,5,The Apartment - Design Your Destiny,4.4396276585465184
bm25_per_question_n500_d10_20260726_r01,bm25,per_question,5a7bae20554299294a54aa96,6,The House of Tiny Tearaways,4.3957689038977179
bm25_per_question_n500_d10_20260726_r01,bm25,per_question,5a7bae20554299294a54aa96,7,The Sarah Millican Television Programme,3.7852925193984532
bm25_per_question_n500_d10_20260726_r01,bm25,per_question,5a7bae20554299294a54aa96,8,Sarah Palin's Alaska,3.6390944842906943
bm25_per_question_n500_d10_20260726_r01,bm25,per_question,5a7bae20554299294a54aa96,9,Tómbola (TV series),3.3084225157032581
bm25_per_question_n500_d10_20260726_r01,bm25,per_question,5a7bae20554299294a54aa96,10,American Idol (season 12),2.2514775789638066
bm25_per_question_n500_d10_20260726_r01,bm25,per_question,5a7bbb64554299042af8f7cc,1,Annie Morton,3.987363446248736
bm25_per_question_n500_d10_20260726_r01,bm25,per_question,5a7bbb64554299042af8f7cc,2,Kenton Richardson,3.0659340578279419
bm25_per_question_n500_d10_20260726_r01,bm25,per_question,5a7bbb64554299042af8f7cc,3,Index Magazine,1.9571344730205515
bm25_per_question_n500_d10_20260726_r01,bm25,per_question,5a7bbb64554299042af8f7cc,4,Terry Richardson,1.9565430532232266
bm25_per_question_n500_d10_20260726_r01,bm25,per_question,5a7bbb64554299042af8f7cc,5,Gumbo (PJ Morton album),1.6987341085157603
bm25_per_question_n500_d10_20260726_r01,bm25,per_question,5a7bbb64554299042af8f7cc,6,Madonna (book),1.1806293631897837
bm25_per_question_n500_d10_20260726_r01,bm25,per_question,5a7bbb64554299042af8f7cc,7,Lady Gaga x Terry Richardson,1.0027575625154024
bm25_per_question_n500_d10_20260726_r01,bm25,per_question,5a7bbb64554299042af8f7cc,8,Amanda Lepore,0.93328851386801615
bm25_per_question_n500_d10_20260726_r01,bm25,per_question,5a7bbb64554299042af8f7cc,9,Snoecks,0.91925358310053606
bm25_per_question_n500_d10_20260726_r01,bm25,per_question,5a7bbb64554299042af8f7cc,10,Piano Girl,0.75874584386547794
bm25_per_question_n500_d10_20260726_r01,bm25,per_question,5a7be2595542997c3ec972ac,1,Emma Bull,3.7133548051827945
bm25_per_question_n500_d10_20260726_r01,bm25,per_question,5a7be2595542997c3ec972ac,2,Virginia Woolf,2.7878298659233796
bm25_per_question_n500_d10_20260726_r01,bm25,per_question,5a7be2595542997c3ec972ac,3,The Mark on the Wall,2.7313054608640135
bm25_per_question_n500_d10_20260726_r01,bm25,per_question,5a7be2595542997c3ec972ac,4,Me! I'm Afraid of Virginia Woolf,2.7146575628288625
bm25_per_question_n500_d10_20260726_r01,bm25,per_question,5a7be2595542997c3ec972ac,5,Jane de Gay,0.9157191646745475
bm25_per_question_n500_d10_20260726_r01,bm25,per_question,5a7be2595542997c3ec972ac,6,Freshwater (opera),0.90006016670778055
bm25_per_question_n500_d10_20260726_r01,bm25,per_question,5a7be2595542997c3ec972ac,7,Orlando: A Biography,0.67976215423312836
bm25_per_question_n500_d10_20260726_r01,bm25,per_question,5a7be2595542997c3ec972ac,8,Moments of Being,0.60274409212986013
bm25_per_question_n500_d10_20260726_r01,bm25,per_question,5a7be2595542997c3ec972ac,9,The Duchess and the Jeweller,0.40660079642393004
bm25_per_question_n500_d10_20260726_r01,bm25,per_question,5a7be2595542997c3ec972ac,10,Jane Marcus,0.32874106944913489
bm25_per_question_n500_d10_20260726_r01,bm25,per_question,5a7be5bd5542997c3ec972ba,1,Leonberger,8.3687379583194286
bm25_per_question_n500_d10_20260726_r01,bm25,per_question,5a7be5bd5542997c3ec972ba,2,Cão de Gado Transmontano,7.1880788739552202
bm25_per_question_n500_d10_20260726_r01,bm25,per_question,5a7be5bd5542997c3ec972ba,3,Dog Tales (1958 film),6.0450159583747496
bm25_per_question_n500_d10_20260726_r01,bm25,per_question,5a7be5bd5542997c3ec972ba,4,Bulldog,4.2886560464345731
bm25_per_question_n500_d10_20260726_r01,bm25,per_question,5a7be5bd5542997c3ec972ba,5,Basset Hound,4.0721279116235234
bm25_per_question_n500_d10_20260726_r01,bm25,per_question,5a7be5bd5542997c3ec972ba,6,List of U.S. state dogs,3.9362976907137308
bm25_per_question_n500_d10_20260726_r01,bm25,per_question,5a7be5bd5542997c3ec972ba,7,Breed standard (dogs),3.6095254577415261
bm25_per_question_n500_d10_20260726_r01,bm25,per_question,5a7be5bd5542997c3ec972ba,8,Giant dog breed,2.9033745188334676
bm25_per_question_n500_d10_20260726_r01,bm25,per_question,5a7be5bd5542997c3ec972ba,9,Fred Basset,2.8514232743372463
bm25_per_question_n500_d10_20260726_r01,bm25,per_question,5a7be5bd5542997c3ec972ba,10,Barnyard Dawg,2.332483603770604
bm25_per_question_n500_d10_20260726_r01,bm25,per_question,5a7c6bcc55429935c91b519c,1,Rock Springs (short story collection),7.6099890804977122
bm25_per_question_n500_d10_20260726_r01,bm25,per_question,5a7c6bcc55429935c91b519c,2,Ambulanse,6.4848469989414976
bm25_per_question_n500_d10_20260726_r01,bm25,per_question,5a7c6bcc55429935c91b519c,3,Vacuum Diagrams,6.0437380560101177
bm25_per_question_n500_d10_20260726_r01,bm25,per_question,5a7c6bcc55429935c91b519c,4,J. J. Syvrud,5.47462085991911
bm25_per_question_n500_d10_20260726_r01,bm25,per_question,5a7c6bcc55429935c91b519c,5,Mai Al-Nakib,5.3779663098514368
bm25_per_question_n500_d10_20260726_r01,bm25,per_question,5a7c6bcc55429935c91b519c,6,The Rest of the Robots,5.024403432809402
bm25_per_question_n500_d10_20260726_r01,bm25,per_question,5a7c6bcc55429935c91b519c,7,A Good Man Is Hard to Find and Other Stories,4.8979900297230756
bm25_per_question_n500_d10_20260726_r01,bm25,per_question,5a7c6bcc55429935c91b519c,8,Richard Marsh (author),4.5779976708082621
bm25_per_question_n500_d10_20260726_r01,bm25,per_question,5a7c6bcc55429935c91b519c,9,Richard Honaker,3.8473301873277501
bm25_per_question_n500_d10_20260726_r01,bm25,per_question,5a7c6bcc55429935c91b519c,10,Richard Ford,3.1864805247149004
bm25_per_question_n500_d10_20260726_r01,bm25,per_question,5a7c960655429935c91b5244,1,Texas Tech University,7.2814333165896326
bm25_per_question_n500_d10_20260726_r01,bm25,per_question,5a7c960655429935c91b5244,2,1974 Texas Tech Red Raiders football team,6.8111937985989739
bm25_per_question_n500_d10_20260726_r01,bm25,per_question,5a7c960655429935c91b5244,3,2013 Texas Tech Red Raiders football team,5.0803771430461691
bm25_per_question_n500_d10_20260726_r01,bm25,per_question,5a7c960655429935c91b5244,4,2016 Texas Tech Red Raiders football team,4.9461709698036227
bm25_per_question_n500_d10_20260726_r01,bm25,per_question,5a7c960655429935c91b5244,5,2014 Texas Tech Red Raiders football team,4.9121350208820989
bm25_per_question_n500_d10_20260726_r01,bm25,per_question,5a7c960655429935c91b5244,6,2009 Texas Tech Red Raiders football team,4.8652167540963003
bm25_per_question_n500_d10_20260726_r01,bm25,per_question,5a7c960655429935c91b5244,7,2015 Texas Tech Red Raiders football team,4.7763431615766594
bm25_per_question_n500_d10_20260726_r01,bm25,per_question,5a7c960655429935c91b5244,8,2012 Texas Tech Red Raiders football team,4.6808595813338281
bm25_per_question_n500_d10_20260726_r01,bm25,per_question,5a7c960655429935c91b5244,9,1986 Texas Tech Red Raiders football team,4.4958618194984998
bm25_per_question_n500_d10_20260726_r01,bm25,per_question,5a7c960655429935c91b5244,10,Texas A&amp;M–Texas Tech football rivalry,3.7124217952834346
bm25_per_question_n500_d10_20260726_r01,bm25,per_question,5a7c9f325542990527d554e6,1,Innocent Records,11.938142732221577
bm25_per_question_n500_d10_20260726_r01,bm25,per_question,5a7c9f325542990527d554e6,2,RGB color model,7.3946452636173454
bm25_per_question_n500_d10_20260726_r01,bm25,per_question,5a7c9f325542990527d554e6,3,Color space,6.4272541811665693
bm25_per_question_n500_d10_20260726_r01,bm25,per_question,5a7c9f325542990527d554e6,4,RGB color space,5.6201177746954594
bm25_per_question_n500_d10_20260726_r01,bm25,per_question,5a7c9f325542990527d554e6,5,RGBA color space,5.605614064073297
bm25_per_question_n500_d10_20260726_r01,bm25,per_question,5a7c9f325542990527d554e6,6,ProPhoto RGB color space,5.322525949996515
bm25_per_question_n500_d10_20260726_r01,bm25,per_question,5a7c9f325542990527d554e6,7,Brown,5.3200702457216815
bm25_per_question_n500_d10_20260726_r01,bm25,per_question,5a7c9f325542990527d554e6,8,YCoCg,5.2761300284334682
bm25_per_question_n500_d10_20260726_r01,bm25,per_question,5a7c9f325542990527d554e6,9,Blue,5.1484989928749734
bm25_per_question_n500_d10_20260726_r01,bm25,per_question,5a7c9f325542990527d554e6,10,HCL color space,4.3799172463951246
bm25_per_question_n500_d10_20260726_r01,bm25,per_question,5a7caae75542996dd594b971,1,Belling-Lee connector,3.8460566961803275
bm25_per_question_n500_d10_20260726_r01,bm25,per_question,5a7caae75542996dd594b971,2,Pox (drink),3.5719822029820647
bm25_per_question_n500_d10_20260726_r01,bm25,per_question,5a7caae75542996dd594b971,3,Docking (animal),3.4557955840012586
bm25_per_question_n500_d10_20260726_r01,bm25,per_question,5a7caae75542996dd594b971,4,Tensile testing,3.249955227003305
bm25_per_question_n500_d10_20260726_r01,bm25,per_question,5a7caae75542996dd594b971,5,Metandienone,3.2392690843702461
bm25_per_question_n500_d10_20260726_r01,bm25,per_question,5a7caae75542996dd594b971,6,Methyltestosterone,3.2100683068280689
bm25_per_question_n500_d10_20260726_r01,bm25,per_question,5a7caae75542996dd594b971,7,Trickle valve,2.9955807849922995
bm25_per_question_n500_d10_20260726_r01,bm25,per_question,5a7caae75542996dd594b971,8,STOLport,2.6223869614907693
bm25_per_question_n500_d10_20260726_r01,bm25,per_question,5a7caae75542996dd594b971,9,Steroid use in Australia,2.2875472572900488
bm25_per_question_n500_d10_20260726_r01,bm25,per_question,5a7caae75542996dd594b971,10,Anabolic steroid,1.846397234028057
bm25_per_question_n500_d10_20260726_r01,bm25,per_question,5a7cb9b95542990527d55515,1,Making Today a Perfect Day,5.935628578664593
bm25_per_question_n500_d10_20260726_r01,bm25,per_question,5a7cb9b95542990527d55515,2,A Young Girl in 1941 with No Waist at All,5.6942133437118905
bm25_per_question_n500_d10_20260726_r01,bm25,per_question,5a7cb9b95542990527d55515,3,New Scandinavian Cooking,5.2467463994816592
bm25_per_question_n500_d10_20260726_r01,bm25,per_question,5a7cb9b95542990527d55515,4,Frozen Fever,5.051873521589676
bm25_per_question_n500_d10_20260726_r01,bm25,per_question,5a7cb9b95542990527d55515,5,One Perfect Day (Lydia Denker song),4.5509173425705232
bm25_per_question_n500_d10_20260726_r01,bm25,per_question,5a7cb9b95542990527d55515,6,Shaggy Dog Story (TV),4.0210940929238967
bm25_per_question_n500_d10_20260726_r01,bm25,per_question,5a7cb9b95542990527d55515,7,Perfect Day (Jim Jones song),3.9673205222696049
bm25_per_question_n500_d10_20260726_r01,bm25,per_question,5a7cb9b95542990527d55515,8,A Perfect Day (song),3.8484904502152157
bm25_per_question_n500_d10_20260726_r01,bm25,per_question,5a7cb9b95542990527d55515,9,Naruto: Shippuden (season 21),3.7940164754523975
bm25_per_question_n500_d10_20260726_r01,bm25,per_question,5a7cb9b95542990527d55515,10,Walk on the Wild Side (Lou Reed song),3.7387543445878455
bm25_per_question_n500_d10_20260726_r01,bm25,per_question,5a7cbf8c554299452d57b9f4,1,"McFarland, USA",4.6393198590686939
bm25_per_question_n500_d10_20260726_r01,bm25,per_question,5a7cbf8c554299452d57b9f4,2,Cinizasaurus,0.74010030045253783
bm25_per_question_n500_d10_20260726_r01,bm25,per_question,5a7cbf8c554299452d57b9f4,3,Comanchesaurus,0.73713963608056132
bm25_per_question_n500_d10_20260726_r01,bm25,per_question,5a7cbf8c554299452d57b9f4,4,Cryptoraptor,0.72553012216906421
bm25_per_question_n500_d10_20260726_r01,bm25,per_question,5a7cbf8c554299452d57b9f4,5,Oryctodromeus,0.45366204873153998
bm25_per_question_n500_d10_20260726_r01,bm25,per_question,5a7cbf8c554299452d57b9f4,6,Dinosaur (film),0.44458779950699534
bm25_per_question_n500_d10_20260726_r01,bm25,per_question,5a7cbf8c554299452d57b9f4,7,Dakotadon,0.39343550081261186
bm25_per_question_n500_d10_20260726_r01,bm25,per_question,5a7cbf8c554299452d57b9f4,8,Sphaerotholus,0.27107836626895115
bm25_per_question_n500_d10_20260726_r01,bm25,per_question,5a7cbf8c554299452d57b9f4,9,Mark Ciardi,0
bm25_per_question_n500_d10_20260726_r01,bm25,per_question,5a7cbf8c554299452d57b9f4,10,Fruitadens,0
bm25_per_question_n500_d10_20260726_r01,bm25,per_question,5a7cc50e554299452d57ba3e,1,Letters to Cleo,5.3074678238160029
bm25_per_question_n500_d10_20260726_r01,bm25,per_question,5a7cc50e554299452d57ba3e,2,Screaming Trees discography,4.8054438026307782
bm25_per_question_n500_d10_20260726_r01,bm25,per_question,5a7cc50e554299452d57ba3e,3,Gary Lee Conner,2.7545042237160269
bm25_per_question_n500_d10_20260726_r01,bm25,per_question,5a7cc50e554299452d57ba3e,4,Jamboree (Beat Happening album),2.3292509023458772
bm25_per_question_n500_d10_20260726_r01,bm25,per_question,5a7cc50e554299452d57ba3e,5,Van Conner,2.0409344713431263
bm25_per_question_n500_d10_20260726_r01,bm25,per_question,5a7cc50e554299452d57ba3e,6,Screaming Trees,1.9527507067691765
bm25_per_question_n500_d10_20260726_r01,bm25,per_question,5a7cc50e554299452d57ba3e,7,Beat Happening/Screaming Trees,1.2920808489322626
bm25_per_question_n500_d10_20260726_r01,bm25,per_question,5a7cc50e554299452d57ba3e,8,Change Has Come,1.1773818508131515
bm25_per_question_n500_d10_20260726_r01,bm25,per_question,5a7cc50e554299452d57ba3e,9,Truly,0.93839982999263627
bm25_per_question_n500_d10_20260726_r01,bm25,per_question,5a7cc50e554299452d57ba3e,10,Mad Season (band),0.92442555289579498
bm25_per_question_n500_d10_20260726_r01,bm25,per_question,5a7cf29255429909bec768b8,1,Suanfa tongzong,9.1693466077504304
bm25_per_question_n500_d10_20260726_r01,bm25,per_question,5a7cf29255429909bec768b8,2,Ingerophrynus,6.0811868205479378
bm25_per_question_n500_d10_20260726_r01,bm25,per_question,5a7cf29255429909bec768b8,3,Cosmological interpretation of quantum mechanics,5.1084065628112336
bm25_per_question_n500_d10_20260726_r01,bm25,per_question,5a7cf29255429909bec768b8,4,Gollum (genus),4.8000929919193842
bm25_per_question_n500_d10_20260726_r01,bm25,per_question,5a7cf29255429909bec768b8,5,Ingerophrynus gollum,4.6658654828888633
bm25_per_question_n500_d10_20260726_r01,bm25,per_question,5a7cf29255429909bec768b8,6,Gollum: How We Made Movie Magic,4.4736497195844693
bm25_per_question_n500_d10_20260726_r01,bm25,per_question,5a7cf29255429909bec768b8,7,Gollum,4.4520851589964625
bm25_per_question_n500_d10_20260726_r01,bm25,per_question,5a7cf29255429909bec768b8,8,From Unknown Worlds,4.1827999602351102
bm25_per_question_n500_d10_20260726_r01,bm25,per_question,5a7cf29255429909bec768b8,9,The Burning Red,3.9756973015536059
bm25_per_question_n500_d10_20260726_r01,bm25,per_question,5a7cf29255429909bec768b8,10,The Lord of the Rings,3.2188123973013347
bm25_per_question_n500_d10_20260726_r01,bm25,per_question,5a7d19d85542995ed0d165e8,1,1896 Tennessee Volunteers football team,5.878858840145349
bm25_per_question_n500_d10_20260726_r01,bm25,per_question,5a7d19d85542995ed0d165e8,2,1983 Tennessee Volunteers football team,4.8618174996489181
bm25_per_question_n500_d10_20260726_r01,bm25,per_question,5a7d19d85542995ed0d165e8,3,1984 Tennessee Volunteers football team,4.7122509024420483
bm25_per_question_n500_d10_20260726_r01,bm25,per_question,5a7d19d85542995ed0d165e8,4,1985 Tennessee Volunteers football team,4.7002293306987344
bm25_per_question_n500_d10_20260726_r01,bm25,per_question,5a7d19d85542995ed0d165e8,5,1899 Tennessee Volunteers football team,4.3199542358112586
bm25_per_question_n500_d10_20260726_r01,bm25,per_question,5a7d19d85542995ed0d165e8,6,1930 Tennessee Volunteers football team,4.247574572256374
bm25_per_question_n500_d10_20260726_r01,bm25,per_question,5a7d19d85542995ed0d165e8,7,1938 Tennessee Volunteers football team,3.7239966453850153
bm25_per_question_n500_d10_20260726_r01,bm25,per_question,5a7d19d85542995ed0d165e8,8,Southeastern Conference,3.6756896692052394
bm25_per_question_n500_d10_20260726_r01,bm25,per_question,5a7d19d85542995ed0d165e8,9,1891 Tennessee Volunteers football team,3.2545962791170737
bm25_per_question_n500_d10_20260726_r01,bm25,per_question,5a7d19d85542995ed0d165e8,10,Tennessee Volunteers football statistical leaders,2.9707789021614635
bm25_per_question_n500_d10_20260726_r01,bm25,per_question,5a7d2afd5542995f4f402221,1,Ferdi Taygan,2.6258789873798412
bm25_per_question_n500_d10_20260726_r01,bm25,per_question,5a7d2afd5542995f4f402221,2,Mahesh Bhupathi,2.1359255737857561
bm25_per_question_n500_d10_20260726_r01,bm25,per_question,5a7d2afd5542995f4f402221,3,Mahesh Bhupathi Tennis Academy,1.9081966906734182
bm25_per_question_n500_d10_20260726_r01,bm25,per_question,5a7d2afd5542995f4f402221,4,1983 Volvo International – Doubles,1.6094136476210414
bm25_per_question_n500_d10_20260726_r01,bm25,per_question,5a7d2afd5542995f4f402221,5,1982 French Open – Men's Doubles,0.96714743427311922
bm25_per_question_n500_d10_20260726_r01,bm25,per_question,5a7d2afd5542995f4f402221,6,2000 Wimbledon Championships – Men's Doubles,0.82492756556866609
bm25_per_question_n500_d10_20260726_r01,bm25,per_question,5a7d2afd5542995f4f402221,7,1982 Volvo Masters – Doubles,0.50152157802448816
bm25_per_question_n500_d10_20260726_r01,bm25,per_question,5a7d2afd5542995f4f402221,8,1982 U.S. Pro Indoor – Doubles,0.46183726114194551
bm25_per_question_n500_d10_20260726_r01,bm25,per_question,5a7d2afd5542995f4f402221,9,1983 Donnay Indoor Championships – Doubles,0.44090456674739703
bm25_per_question_n500_d10_20260726_r01,bm25,per_question,5a7d2afd5542995f4f402221,10,1982 US Open – Mixed Doubles,0.44090456674739703
bm25_per_question_n500_d10_20260726_r01,bm25,per_question,5a7d3470554299452d57bb56,1,Strip search phone call scam,13.427276764117053
bm25_per_question_n500_d10_20260726_r01,bm25,per_question,5a7d3470554299452d57bb56,2,Jacob D. Robida,11.169135069838003
bm25_per_question_n500_d10_20260726_r01,bm25,per_question,5a7d3470554299452d57bb56,3,"Coronado, Panama",8.0002514993465486
bm25_per_question_n500_d10_20260726_r01,bm25,per_question,5a7d3470554299452d57bb56,4,Compliance (film),7.3081527573974459
bm25_per_question_n500_d10_20260726_r01,bm25,per_question,5a7d3470554299452d57bb56,5,Police perjury,7.0351923398701306
bm25_per_question_n500_d10_20260726_r01,bm25,per_question,5a7d3470554299452d57bb56,6,A&amp;W Restaurants,5.749610703342511
bm25_per_question_n500_d10_20260726_r01,bm25,per_question,5a7d3470554299452d57bb56,7,Part-time job terrorism,5.6345277771408941
bm25_per_question_n500_d10_20260726_r01,bm25,per_question,5a7d3470554299452d57bb56,8,Devyani Khobragade,5.6325452136476093
bm25_per_question_n500_d10_20260726_r01,bm25,per_question,5a7d3470554299452d57bb56,9,Body cavity search,5.5525722358730505
bm25_per_question_n500_d10_20260726_r01,bm25,per_question,5a7d3470554299452d57bb56,10,Ringer Hut,4.5968305642217855
bm25_per_question_n500_d10_20260726_r01,bm25,per_question,5a7d54165542995f4f402256,1,Dirleton Castle,8.2681342813808261
bm25_per_question_n500_d10_20260726_r01,bm25,per_question,5a7d54165542995f4f402256,2,Dirleton Kirk,6.5377227453403561
bm25_per_question_n500_d10_20260726_r01,bm25,per_question,5a7d54165542995f4f402256,3,Scottish Borders,5.8864545232784842
bm25_per_question_n500_d10_20260726_r01,bm25,per_question,5a7d54165542995f4f402256,4,Lothian and Borders,5.5598265078070792
bm25_per_question_n500_d10_20260726_r01,bm25,per_question,5a7d54165542995f4f402256,5,Yellowcraigs,5.5214933962836756
bm25_per_question_n500_d10_20260726_r01,bm25,per_question,5a7d54165542995f4f402256,6,St. Mary's Priory (Lothian),4.804121553246806
bm25_per_question_n500_d10_20260726_r01,bm25,per_question,5a7d54165542995f4f402256,7,Dirleton,4.3690344276596029
bm25_per_question_n500_d10_20260726_r01,bm25,per_question,5a7d54165542995f4f402256,8,"Haddington, East Lothian",3.9918212939354403
bm25_per_question_n500_d10_20260726_r01,bm25,per_question,5a7d54165542995f4f402256,9,John Home Robertson,2.9127414733693033
bm25_per_question_n500_d10_20260726_r01,bm25,per_question,5a7d54165542995f4f402256,10,Lord Haliburton of Dirleton,2.7213108047050518
bm25_per_question_n500_d10_20260726_r01,bm25,per_question,5a7d61775542991319bc93b9,1,Claude Auchinleck,10.111207434292812
bm25_per_question_n500_d10_20260726_r01,bm25,per_question,5a7d61775542991319bc93b9,2,"Commander-in-Chief, India",9.7522790659133403
bm25_per_question_n500_d10_20260726_r01,bm25,per_question,5a7d61775542991319bc93b9,3,"Stapleton Cotton, 1st Viscount Combermere",7.9317156617010012
bm25_per_question_n500_d10_20260726_r01,bm25,per_question,5a7d61775542991319bc93b9,4,"Maharaja Surajmal Brij University, Bharatpur",7.467919942306029
bm25_per_question_n500_d10_20260726_r01,bm25,per_question,5a7d61775542991319bc93b9,5,Siege of Bharatpur (1805),7.3706479870131822
bm25_per_question_n500_d10_20260726_r01,bm25,per_question,5a7d61775542991319bc93b9,6,Lohagarh Fort,7.0882389532851304
bm25_per_question_n500_d10_20260726_r01,bm25,per_question,5a7d61775542991319bc93b9,7,Siege of Bharatpur,6.4473781222224176
bm25_per_question_n500_d10_20260726_r01,bm25,per_question,5a7d61775542991319bc93b9,8,"Bharatpur, Rajasthan",6.1735950362721486
bm25_per_question_n500_d10_20260726_r01,bm25,per_question,5a7d61775542991319bc93b9,9,Vishvendra Singh,5.9797095710034016
bm25_per_question_n500_d10_20260726_r01,bm25,per_question,5a7d61775542991319bc93b9,10,Bharatpur district,4.5366902817705608
bm25_per_question_n500_d10_20260726_r01,bm25,per_question,5a7dc2495542997cc2c4749a,1,Mr. Nepal,7.7318774731553574
bm25_per_question_n500_d10_20260726_r01,bm25,per_question,5a7dc2495542997cc2c4749a,2,Julian Bolling,4.9584533471397059
bm25_per_question_n500_d10_20260726_r01,bm25,per_question,5a7dc2495542997cc2c4749a,3,1984 South Asian Games,3.8833746441546149
bm25_per_question_n500_d10_20260726_r01,bm25,per_question,5a7dc2495542997cc2c4749a,4,2015 Nepal Premier League,2.1698317899505097
bm25_per_question_n500_d10_20260726_r01,bm25,per_question,5a7dc2495542997cc2c4749a,5,Miss Nepal 2010,2.1674653132508839
bm25_per_question_n500_d10_20260726_r01,bm25,per_question,5a7dc2495542997cc2c4749a,6,Bhadrabas,2.0922601930322728
bm25_per_question_n500_d10_20260726_r01,bm25,per_question,5a7dc2495542997cc2c4749a,7,Miss Nepal 2014,2.0250306301830019
bm25_per_question_n500_d10_20260726_r01,bm25,per_question,5a7dc2495542997cc2c4749a,8,Miss Nepal 2013,2.0168640698388596
bm25_per_question_n500_d10_20260726_r01,bm25,per_question,5a7dc2495542997cc2c4749a,9,Miss Nepal 2012,2.016507447117029
bm25_per_question_n500_d10_20260726_r01,bm25,per_question,5a7dc2495542997cc2c4749a,10,Miss Nepal 2015,1.9214483031002609
bm25_per_question_n500_d10_20260726_r01,bm25,per_question,5a7dcc775542990b8f503ab5,1,Conductivity near the percolation threshold,4.3337372346547127
bm25_per_question_n500_d10_20260726_r01,bm25,per_question,5a7dcc775542990b8f503ab5,2,Shellite (explosive),3.5504155242675433
bm25_per_question_n500_d10_20260726_r01,bm25,per_question,5a7dcc775542990b8f503ab5,3,1-Hexanol,2.8383207443627274
bm25_per_question_n500_d10_20260726_r01,bm25,per_question,5a7dcc775542990b8f503ab5,4,Index of alcohol-related articles,2.7944132942324003
bm25_per_question_n500_d10_20260726_r01,bm25,per_question,5a7dcc775542990b8f503ab5,5,Picric acid,2.6868900222463274
bm25_per_question_n500_d10_20260726_r01,bm25,per_question,5a7dcc775542990b8f503ab5,6,Xylitol,1.9841885234525072
bm25_per_question_n500_d10_20260726_r01,bm25,per_question,5a7dcc775542990b8f503ab5,7,Aldonic acid,1.973852973650535
bm25_per_question_n500_d10_20260726_r01,bm25,per_question,5a7dcc775542990b8f503ab5,8,1-Pentanol,1.8411571201372063
bm25_per_question_n500_d10_20260726_r01,bm25,per_question,5a7dcc775542990b8f503ab5,9,Isopropyl alcohol,1.8332467115905948
bm25_per_question_n500_d10_20260726_r01,bm25,per_question,5a7dcc775542990b8f503ab5,10,Tetrakis(hydroxymethyl)phosphonium chloride,1.7188858349296625
bm25_per_question_n500_d10_20260726_r01,bm25,per_question,5a7dd9445542997cc2c474ac,1,J. G. Farrell,11.44412470990623
bm25_per_question_n500_d10_20260726_r01,bm25,per_question,5a7dd9445542997cc2c474ac,2,Human rights in Niger,7.182807904989625
bm25_per_question_n500_d10_20260726_r01,bm25,per_question,5a7dd9445542997cc2c474ac,3,Les Chansons d'Aragon,6.5827161597140593
bm25_per_question_n500_d10_20260726_r01,bm25,per_question,5a7dd9445542997cc2c474ac,4,L'affiche rouge,5.9890582681746354
bm25_per_question_n500_d10_20260726_r01,bm25,per_question,5a7dd9445542997cc2c474ac,5,Origins of the Sri Lankan civil war,5.320059950088913
bm25_per_question_n500_d10_20260726_r01,bm25,per_question,5a7dd9445542997cc2c474ac,6,Mwambutsa IV of Burundi,5.2466183155327863
bm25_per_question_n500_d10_20260726_r01,bm25,per_question,5a7dd9445542997cc2c474ac,7,Louis Aragon,4.2290608145841588
bm25_per_question_n500_d10_20260726_r01,bm25,per_question,5a7dd9445542997cc2c474ac,8,1985 Hong Kong electoral reform,4.0843659597967061
bm25_per_question_n500_d10_20260726_r01,bm25,per_question,5a7dd9445542997cc2c474ac,9,Murree rebellion of 1857,3.8292429859969639
bm25_per_question_n500_d10_20260726_r01,bm25,per_question,5a7dd9445542997cc2c474ac,10,Fort Diu,3.6090116524044173
bm25_per_question_n500_d10_20260726_r01,bm25,per_question,5a7ddc5a5542995f4f4022da,1,Bishop Carroll Catholic High School,12.233427592049672
bm25_per_question_n500_d10_20260726_r01,bm25,per_question,5a7ddc5a5542995f4f4022da,2,Kapaun Mt. Carmel Catholic High School,9.8350842068000741
bm25_per_question_n500_d10_20260726_r01,bm25,per_question,5a7ddc5a5542995f4f4022da,3,Fremont School District 79,7.3551254887225745
bm25_per_question_n500_d10_20260726_r01,bm25,per_question,5a7ddc5a5542995f4f4022da,4,John S. Burke Catholic High School,7.1582243719408902
bm25_per_question_n500_d10_20260726_r01,bm25,per_question,5a7ddc5a5542995f4f4022da,5,Bishop Manogue High School,7.0247061007583822
bm25_per_question_n500_d10_20260726_r01,bm25,per_question,5a7ddc5a5542995f4f4022da,6,St. Petersburg Catholic High School,6.9958633183747994
bm25_per_question_n500_d10_20260726_r01,bm25,per_question,5a7ddc5a5542995f4f4022da,7,Spalding Catholic High School,6.8231198512174531
bm25_per_question_n500_d10_20260726_r01,bm25,per_question,5a7ddc5a5542995f4f4022da,8,"Carmel High School (Mundelein, Illinois)",6.7796618416072061
bm25_per_question_n500_d10_20260726_r01,bm25,per_question,5a7ddc5a5542995f4f4022da,9,Bishop Sullivan Catholic High School,6.3879012960682138
bm25_per_question_n500_d10_20260726_r01,bm25,per_question,5a7ddc5a5542995f4f4022da,10,Monroe Catholic High School,6.1974113936650808
bm25_per_question_n500_d10_20260726_r01,bm25,per_question,5a7e05ba5542995f4f402392,1,For One Night Only (Irish TV series),7.239413757568105
bm25_per_question_n500_d10_20260726_r01,bm25,per_question,5a7e05ba5542995f4f402392,2,One Night Only (TV series),7.1359246450126772
bm25_per_question_n500_d10_20260726_r01,bm25,per_question,5a7e05ba5542995f4f402392,3,Gay Byrne,6.2525102116535187
bm25_per_question_n500_d10_20260726_r01,bm25,per_question,5a7e05ba5542995f4f402392,4,WWE Extreme Rules,5.682207509634547
bm25_per_question_n500_d10_20260726_r01,bm25,per_question,5a7e05ba5542995f4f402392,5,WWE One Night Stand,5.2869062162253151
bm25_per_question_n500_d10_20260726_r01,bm25,per_question,5a7e05ba5542995f4f402392,6,Elton John One Night Only – The Greatest Hits,5.1433248767664645
bm25_per_question_n500_d10_20260726_r01,bm25,per_question,5a7e05ba5542995f4f402392,7,You and Me (One Night Only song),4.8367356992585133
bm25_per_question_n500_d10_20260726_r01,bm25,per_question,5a7e05ba5542995f4f402392,8,One Night Stand (video game),4.7084559533415016
bm25_per_question_n500_d10_20260726_r01,bm25,per_question,5a7e05ba5542995f4f402392,9,One Night (ELO Part II album),4.5873114911348116
bm25_per_question_n500_d10_20260726_r01,bm25,per_question,5a7e05ba5542995f4f402392,10,One Night in One City,3.5044302860206358
bm25_per_question_n500_d10_20260726_r01,bm25,per_question,5a7e7ed05542991319bc94c2,1,Linda Duvall,3.3520006467245844
bm25_per_question_n500_d10_20260726_r01,bm25,per_question,5a7e7ed05542991319bc94c2,2,Vanguard (magazine),3.2134937965076005
bm25_per_question_n500_d10_20260726_r01,bm25,per_question,5a7e7ed05542991319bc94c2,3,Gallery (magazine),2.2203602915438378
bm25_per_question_n500_d10_20260726_r01,bm25,per_question,5a7e7ed05542991319bc94c2,4,Dime Magazine,1.8554466640741851
bm25_per_question_n500_d10_20260726_r01,bm25,per_question,5a7e7ed05542991319bc94c2,5,The Little Review Gallery,1.5832068317092682
bm25_per_question_n500_d10_20260726_r01,bm25,per_question,5a7e7ed05542991319bc94c2,6,Dime novel,1.4344198176799419
bm25_per_question_n500_d10_20260726_r01,bm25,per_question,5a7e7ed05542991319bc94c2,7,Jessica Todd Harper,1.3756711330547757
bm25_per_question_n500_d10_20260726_r01,bm25,per_question,5a7e7ed05542991319bc94c2,8,C24 Gallery,1.2646737274445625
bm25_per_question_n500_d10_20260726_r01,bm25,per_question,5a7e7ed05542991319bc94c2,9,Pluck and Luck,1.0415587522632319
bm25_per_question_n500_d10_20260726_r01,bm25,per_question,5a7e7ed05542991319bc94c2,10,H. Bedford-Jones,0.6442896021836888
bm25_per_question_n500_d10_20260726_r01,bm25,per_question,5a7ec61a55429934daa2fc5f,1,This Is Elvis,5.9504828825312526
bm25_per_question_n500_d10_20260726_r01,bm25,per_question,5a7ec61a55429934daa2fc5f,2,Staten Island Catapult,5.6623641815782042
bm25_per_question_n500_d10_20260726_r01,bm25,per_question,5a7ec61a55429934daa2fc5f,3,Staten Island,4.2773738366396659
bm25_per_question_n500_d10_20260726_r01,bm25,per_question,5a7ec61a55429934daa2fc5f,4,Staten Island Borough Hall,2.8631599673084938
bm25_per_question_n500_d10_20260726_r01,bm25,per_question,5a7ec61a55429934daa2fc5f,5,"St. George, Staten Island",2.812244030810569
bm25_per_question_n500_d10_20260726_r01,bm25,per_question,5a7ec61a55429934daa2fc5f,6,College of Staten Island Baseball Complex,2.7548530445305337
bm25_per_question_n500_d10_20260726_r01,bm25,per_question,5a7ec61a55429934daa2fc5f,7,Staten Island Community Board 1,2.4633521125169122
bm25_per_question_n500_d10_20260726_r01,bm25,per_question,5a7ec61a55429934daa2fc5f,8,Staten Island Technical High School,2.2593384056367123
bm25_per_question_n500_d10_20260726_r01,bm25,per_question,5a7ec61a55429934daa2fc5f,9,Brian C. Bialiy,1.7852524311561528
bm25_per_question_n500_d10_20260726_r01,bm25,per_question,5a7ec61a55429934daa2fc5f,10,Staten Island Register,1.701632644389161
bm25_per_question_n500_d10_20260726_r01,bm25,per_question,5a7ed2c655429930675135e5,1,Brooklyn Nine-Nine,9.506552078607017
bm25_per_question_n500_d10_20260726_r01,bm25,per_question,5a7ed2c655429930675135e5,2,71st Golden Globe Awards,7.0411250423366054
bm25_per_question_n500_d10_20260726_r01,bm25,per_question,5a7ed2c655429930675135e5,3,Dancing on the Edge (TV series),6.5881915378292861
bm25_per_question_n500_d10_20260726_r01,bm25,per_question,5a7ed2c655429930675135e5,4,Golden Globe Award for Best Animated Feature Film,5.4212895712212896
bm25_per_question_n500_d10_20260726_r01,bm25,per_question,5a7ed2c655429930675135e5,5,51st Golden Globe Awards,5.0253642732611583
bm25_per_question_n500_d10_20260726_r01,bm25,per_question,5a7ed2c655429930675135e5,6,61st Golden Globe Awards,5.0253642732611583
bm25_per_question_n500_d10_20260726_r01,bm25,per_question,5a7ed2c655429930675135e5,7,31st Golden Globe Awards,4.4864622468179949
bm25_per_question_n500_d10_20260726_r01,bm25,per_question,5a7ed2c655429930675135e5,8,Breaking Bad,4.3826615760433087
bm25_per_question_n500_d10_20260726_r01,bm25,per_question,5a7ed2c655429930675135e5,9,Scarface (soundtrack),4.1701007699306931
bm25_per_question_n500_d10_20260726_r01,bm25,per_question,5a7ed2c655429930675135e5,10,Flight of the Innocent,2.9815676223127072
bm25_per_question_n500_d10_20260726_r01,bm25,per_question,5a7f113d55429934daa2fcbe,1,Greatest Sports Legends,7.6395680121731466
bm25_per_question_n500_d10_20260726_r01,bm25,per_question,5a7f113d55429934daa2fcbe,2,Emma Carney,7.5405081201692123
bm25_per_question_n500_d10_20260726_r01,bm25,per_question,5a7f113d55429934daa2fcbe,3,Mickey Mantle,6.3615443668177365
bm25_per_question_n500_d10_20260726_r01,bm25,per_question,5a7f113d55429934daa2fcbe,4,Babe Ruth,6.3554192328222312
bm25_per_question_n500_d10_20260726_r01,bm25,per_question,5a7f113d55429934daa2fcbe,5,Tim Jorgensen,6.3249918207835512
bm25_per_question_n500_d10_20260726_r01,bm25,per_question,5a7f113d55429934daa2fcbe,6,Eddy Furniss,5.9968878899757794
bm25_per_question_n500_d10_20260726_r01,bm25,per_question,5a7f113d55429934daa2fcbe,7,Reggie Jackson,5.9935617546616324
bm25_per_question_n500_d10_20260726_r01,bm25,per_question,5a7f113d55429934daa2fcbe,8,Dizzy Dean,5.8094063319406013
bm25_per_question_n500_d10_20260726_r01,bm25,per_question,5a7f113d55429934daa2fcbe,9,Robin Ventura,5.5454185063721093
bm25_per_question_n500_d10_20260726_r01,bm25,per_question,5a7f113d55429934daa2fcbe,10,Charles Teague (baseball),4.9984022178955936
bm25_per_question_n500_d10_20260726_r01,bm25,per_question,5a7f5c9f55429969796c1a0f,1,Kunming Museum,6.0986897503800552
bm25_per_question_n500_d10_20260726_r01,bm25,per_question,5a7f5c9f55429969796c1a0f,2,Karel Dežman,5.5490166569926487
bm25_per_question_n500_d10_20260726_r01,bm25,per_question,5a7f5c9f55429969796c1a0f,3,Kunming,5.1814790596224496
bm25_per_question_n500_d10_20260726_r01,bm25,per_question,5a7f5c9f55429969796c1a0f,4,Flores Island Marine Provincial Park,5.069625748416696
bm25_per_question_n500_d10_20260726_r01,bm25,per_question,5a7f5c9f55429969796c1a0f,5,Luang Namtha Museum,3.6329588249317553
bm25_per_question_n500_d10_20260726_r01,bm25,per_question,5a7f5c9f55429969796c1a0f,6,Yangzong Lake,3.5622397497928864
bm25_per_question_n500_d10_20260726_r01,bm25,per_question,5a7f5c9f55429969796c1a0f,7,Dian Lake,3.3213840387269697
bm25_per_question_n500_d10_20260726_r01,bm25,per_question,5a7f5c9f55429969796c1a0f,8,Dali–Ruili Railway,2.9559347551259756
bm25_per_question_n500_d10_20260726_r01,bm25,per_question,5a7f5c9f55429969796c1a0f,9,Xin Zhui,2.9524771619058736
bm25_per_question_n500_d10_20260726_r01,bm25,per_question,5a7f5c9f55429969796c1a0f,10,Yunnan Provincial Museum,2.6743519500933166
bm25_per_question_n500_d10_20260726_r01,bm25,per_question,5a7f6eab5542992097ad2f66,1,"Cold Spring, New York",11.595964573069734
bm25_per_question_n500_d10_20260726_r01,bm25,per_question,5a7f6eab5542992097ad2f66,2,Bull Hill,10.040523448385828
bm25_per_question_n500_d10_20260726_r01,bm25,per_question,5a7f6eab5542992097ad2f66,3,Robert Parker Parrott,9.1532060244764484
bm25_per_question_n500_d10_20260726_r01,bm25,per_question,5a7f6eab5542992097ad2f66,4,"Jones Point, New York",8.9601333380419206
bm25_per_question_n500_d10_20260726_r01,bm25,per_question,5a7f6eab5542992097ad2f66,5,"Garrison, New York",8.9173696422650934
bm25_per_question_n500_d10_20260726_r01,bm25,per_question,5a7f6eab5542992097ad2f66,6,Cortland Condit House,8.3990015998364704
bm25_per_question_n500_d10_20260726_r01,bm25,per_question,5a7f6eab5542992097ad2f66,7,Breakneck Brook,8.1341991486452496
bm25_per_question_n500_d10_20260726_r01,bm25,per_question,5a7f6eab5542992097ad2f66,8,New York State Route 121,7.8171269905186298
bm25_per_question_n500_d10_20260726_r01,bm25,per_question,5a7f6eab5542992097ad2f66,9,Hudson Highlands State Park,7.4978847233414418
bm25_per_question_n500_d10_20260726_r01,bm25,per_question,5a7f6eab5542992097ad2f66,10,Hudson River Valley Greenway,6.2875259137817183
bm25_per_question_n500_d10_20260726_r01,bm25,per_question,5a80071f5542992bc0c4a684,1,Alice David,12.98370601971874
bm25_per_question_n500_d10_20260726_r01,bm25,per_question,5a80071f5542992bc0c4a684,2,Lara Croft Go,6.2576218742287839
bm25_per_question_n500_d10_20260726_r01,bm25,per_question,5a80071f5542992bc0c4a684,3,Tomb Raider III,5.9351910014669844
bm25_per_question_n500_d10_20260726_r01,bm25,per_question,5a80071f5542992bc0c4a684,4,Lara Croft and the Temple of Osiris,5.9187966191624843
bm25_per_question_n500_d10_20260726_r01,bm25,per_question,5a80071f5542992bc0c4a684,5,Tomb Raider,5.7985128091307061
bm25_per_question_n500_d10_20260726_r01,bm25,per_question,5a80071f5542992bc0c4a684,6,Lara Croft,5.7269388196358424
bm25_per_question_n500_d10_20260726_r01,bm25,per_question,5a80071f5542992bc0c4a684,7,List of Tomb Raider media,5.6143832806709941
bm25_per_question_n500_d10_20260726_r01,bm25,per_question,5a80071f5542992bc0c4a684,8,Lara Croft and the Guardian of Light,5.5669463147008482
bm25_per_question_n500_d10_20260726_r01,bm25,per_question,5a80071f5542992bc0c4a684,9,Tomb Raider (2013 video game),4.9661160663319075
bm25_per_question_n500_d10_20260726_r01,bm25,per_question,5a80071f5542992bc0c4a684,10,Lara Croft: Tomb Raider,4.4859475026739943
bm25_per_question_n500_d10_20260726_r01,bm25,per_question,5a8038b55542996402f6a485,1,Fugitive in Trieste,3.5598621789092082
bm25_per_question_n500_d10_20260726_r01,bm25,per_question,5a8038b55542996402f6a485,2,Jacques Sernas,3.3866562883284113
bm25_per_question_n500_d10_20260726_r01,bm25,per_question,5a8038b55542996402f6a485,3,Jump into Hell,2.2996361130793108
bm25_per_question_n500_d10_20260726_r01,bm25,per_question,5a8038b55542996402f6a485,4,Man from 1997,1.9407349068148902
bm25_per_question_n500_d10_20260726_r01,bm25,per_question,5a8038b55542996402f6a485,5,Balearic Caper,1.7466359381157801
bm25_per_question_n500_d10_20260726_r01,bm25,per_question,5a8038b55542996402f6a485,6,Finishing School (1953 film),1.4017873888106034
bm25_per_question_n500_d10_20260726_r01,bm25,per_question,5a8038b55542996402f6a485,7,It's All Adam's Fault,1.2653176159078907
bm25_per_question_n500_d10_20260726_r01,bm25,per_question,5a8038b55542996402f6a485,8,Loving You Is My Sin,0.890451300248426
bm25_per_question_n500_d10_20260726_r01,bm25,per_question,5a8038b55542996402f6a485,9,Altair (film),0.5200751094347531
bm25_per_question_n500_d10_20260726_r01,bm25,per_question,5a8038b55542996402f6a485,10,Dieci canzoni d'amore da salvare,0.36890676026112484
bm25_per_question_n500_d10_20260726_r01,bm25,per_question,5a80721b554299485f5985ef,1,World War II casualties,10.636671027124269
bm25_per_question_n500_d10_20260726_r01,bm25,per_question,5a80721b554299485f5985ef,2,Livesey Hall War Memorial,9.8956277093997969
bm25_per_question_n500_d10_20260726_r01,bm25,per_question,5a80721b554299485f5985ef,3,Masnières Newfoundland Memorial,6.2129233428144808
bm25_per_question_n500_d10_20260726_r01,bm25,per_question,5a80721b554299485f5985ef,4,Alamein Memorial,3.9409739634010434
bm25_per_question_n500_d10_20260726_r01,bm25,per_question,5a80721b554299485f5985ef,5,Arras Flying Services Memorial,3.8868534945555493
bm25_per_question_n500_d10_20260726_r01,bm25,per_question,5a80721b554299485f5985ef,6,"Vietnam War Memorial, Hanoi",3.7873950745152749
bm25_per_question_n500_d10_20260726_r01,bm25,per_question,5a80721b554299485f5985ef,7,Portsmouth Naval Memorial,3.7575577642589097
bm25_per_question_n500_d10_20260726_r01,bm25,per_question,5a80721b554299485f5985ef,8,Tower Hill Memorial,3.7059082839665098
bm25_per_question_n500_d10_20260726_r01,bm25,per_question,5a80721b554299485f5985ef,9,Rainham War Memorial,3.6431395594091751
bm25_per_question_n500_d10_20260726_r01,bm25,per_question,5a80721b554299485f5985ef,10,Freetown Memorial,3.5843838790163538
bm25_per_question_n500_d10_20260726_r01,bm25,per_question,5a80840f554299485f59863b,1,Kay Tagal Kang Hinintay,5.6576515045455755
bm25_per_question_n500_d10_20260726_r01,bm25,per_question,5a80840f554299485f59863b,2,Rose McGowan,5.0873067318814655
bm25_per_question_n500_d10_20260726_r01,bm25,per_question,5a80840f554299485f59863b,3,Safe Harbor (TV series),4.7269552110380326
bm25_per_question_n500_d10_20260726_r01,bm25,per_question,5a80840f554299485f59863b,4,Kerr Smith,2.9409569571321295
bm25_per_question_n500_d10_20260726_r01,bm25,per_question,5a80840f554299485f59863b,5,Sarah Drew,2.8561272533265756
bm25_per_question_n500_d10_20260726_r01,bm25,per_question,5a80840f554299485f59863b,6,Jawbreaker (film),2.387960072799304
bm25_per_question_n500_d10_20260726_r01,bm25,per_question,5a80840f554299485f59863b,7,List of Charmed characters,2.3333022630399971
bm25_per_question_n500_d10_20260726_r01,bm25,per_question,5a80840f554299485f59863b,8,Charmed (season 4),1.5280410927553842
bm25_per_question_n500_d10_20260726_r01,bm25,per_question,5a80840f554299485f59863b,9,Charmed,1.4552212497068566
bm25_per_question_n500_d10_20260726_r01,bm25,per_question,5a80840f554299485f59863b,10,Power of Three (Charmed),0.72710728583012141
bm25_per_question_n500_d10_20260726_r01,bm25,per_question,5a8085705542992bc0c4a74b,1,Garden Island Naval Chapel,13.345815705053786
bm25_per_question_n500_d10_20260726_r01,bm25,per_question,5a8085705542992bc0c4a74b,2,Royal Australian Navy,5.8676960533582179
bm25_per_question_n500_d10_20260726_r01,bm25,per_question,5a8085705542992bc0c4a74b,3,Royal Australian Navy Heritage Centre,5.7593803872383917
bm25_per_question_n500_d10_20260726_r01,bm25,per_question,5a8085705542992bc0c4a74b,4,Vietnam People's Navy,5.0266206085246568
bm25_per_question_n500_d10_20260726_r01,bm25,per_question,5a8085705542992bc0c4a74b,5,Australian Transformation and Innovation Centre,4.453457370879069
bm25_per_question_n500_d10_20260726_r01,bm25,per_question,5a8085705542992bc0c4a74b,6,List of ships of the Yugoslav Navy,4.3776284612902154
bm25_per_question_n500_d10_20260726_r01,bm25,per_question,5a8085705542992bc0c4a74b,7,Defence Force Service Medal,4.0531400129150068
bm25_per_question_n500_d10_20260726_r01,bm25,per_question,5a8085705542992bc0c4a74b,8,Mohammad Anwar Mohammad Nor,3.9767193277695281
bm25_per_question_n500_d10_20260726_r01,bm25,per_question,5a8085705542992bc0c4a74b,9,Royal Bahamas Defence Force,3.7377435439062503
bm25_per_question_n500_d10_20260726_r01,bm25,per_question,5a8085705542992bc0c4a74b,10,Defence Long Service Medal,3.4088783144710701
bm25_per_question_n500_d10_20260726_r01,bm25,per_question,5a8099935542996402f6a58b,1,Brian Dennehy,9.3864902557895995
bm25_per_question_n500_d10_20260726_r01,bm25,per_question,5a8099935542996402f6a58b,2,Darkroom (TV series),6.5726515287787723
bm25_per_question_n500_d10_20260726_r01,bm25,per_question,5a8099935542996402f6a58b,3,List of awards and nominations received by Lost,5.9177691586135275
bm25_per_question_n500_d10_20260726_r01,bm25,per_question,5a8099935542996402f6a58b,4,Laura Linney,5.6068850126450078
bm25_per_question_n500_d10_20260726_r01,bm25,per_question,5a8099935542996402f6a58b,5,John Lithgow,5.2664094986996686
bm25_per_question_n500_d10_20260726_r01,bm25,per_question,5a8099935542996402f6a58b,6,Elisabeth Moss,4.9541078552408493
bm25_per_question_n500_d10_20260726_r01,bm25,per_question,5a8099935542996402f6a58b,7,Blythe Danner,4.8392052666935719
bm25_per_question_n500_d10_20260726_r01,bm25,per_question,5a8099935542996402f6a58b,8,Al Pacino on stage and screen,4.6672218489067792
bm25_per_question_n500_d10_20260726_r01,bm25,per_question,5a8099935542996402f6a58b,9,Al Pacino,4.5292270513223158
bm25_per_question_n500_d10_20260726_r01,bm25,per_question,5a8099935542996402f6a58b,10,Betty Suarez,4.4358089958711355
bm25_per_question_n500_d10_20260726_r01,bm25,per_question,5a80ad7c5542992097ad3018,1,Mark Whitacre,6.3395373714424439
bm25_per_question_n500_d10_20260726_r01,bm25,per_question,5a80ad7c5542992097ad3018,2,The Informant!,5.5770510505333286
bm25_per_question_n500_d10_20260726_r01,bm25,per_question,5a80ad7c5542992097ad3018,3,And Everything Is Going Fine,5.1673018378594602
bm25_per_question_n500_d10_20260726_r01,bm25,per_question,5a80ad7c5542992097ad3018,4,Bubble (film),4.7862041843045571
bm25_per_question_n500_d10_20260726_r01,bm25,per_question,5a80ad7c5542992097ad3018,5,The Knick,4.5953184878433904
bm25_per_question_n500_d10_20260726_r01,bm25,per_question,5a80ad7c5542992097ad3018,6,Contagion (film),3.4921072283943868
bm25_per_question_n500_d10_20260726_r01,bm25,per_question,5a80ad7c5542992097ad3018,7,Logan Lucky,3.4338987075210023
bm25_per_question_n500_d10_20260726_r01,bm25,per_question,5a80ad7c5542992097ad3018,8,Out of Sight,3.4094435660099864
bm25_per_question_n500_d10_20260726_r01,bm25,per_question,5a80ad7c5542992097ad3018,9,Gray's Anatomy (film),3.2094843672381943
bm25_per_question_n500_d10_20260726_r01,bm25,per_question,5a80ad7c5542992097ad3018,10,Schizopolis,2.5477619808716252
bm25_per_question_n500_d10_20260726_r01,bm25,per_question,5a80aeff5542996402f6a5eb,1,Ivory Lee Brown,6.074733041116132
bm25_per_question_n500_d10_20260726_r01,bm25,per_question,5a80aeff5542996402f6a5eb,2,Reds Bagnell,3.5333608580208642
bm25_per_question_n500_d10_20260726_r01,bm25,per_question,5a80aeff5542996402f6a5eb,3,1964 Illinois Fighting Illini football team,3.51826359793816
bm25_per_question_n500_d10_20260726_r01,bm25,per_question,5a80aeff5542996402f6a5eb,4,Bobby Humphrey,3.2737407461458128
bm25_per_question_n500_d10_20260726_r01,bm25,per_question,5a80aeff5542996402f6a5eb,5,Casey Weldon,3.099220674553758
bm25_per_question_n500_d10_20260726_r01,bm25,per_question,5a80aeff5542996402f6a5eb,6,Nick Eddy,2.9132142568829984
bm25_per_question_n500_d10_20260726_r01,bm25,per_question,5a80aeff5542996402f6a5eb,7,Adrian Peterson,2.5480538534102379
bm25_per_question_n500_d10_20260726_r01,bm25,per_question,5a80aeff5542996402f6a5eb,8,Kurt Burris,2.4513154235960473
bm25_per_question_n500_d10_20260726_r01,bm25,per_question,5a80aeff5542996402f6a5eb,9,Darnell Autry,2.4505559382139865
bm25_per_question_n500_d10_20260726_r01,bm25,per_question,5a80aeff5542996402f6a5eb,10,Heisman curse,2.3820800652229464
bm25_per_question_n500_d10_20260726_r01,bm25,per_question,5a80b3a9554299485f5986cc,1,Tysons Galleria,3.5227349707628801
bm25_per_question_n500_d10_20260726_r01,bm25,per_question,5a80b3a9554299485f5986cc,2,Poughkeepsie Galleria,2.7593463773000906
bm25_per_question_n500_d10_20260726_r01,bm25,per_question,5a80b3a9554299485f5986cc,3,Cobb Galleria Centre,2.6540767493190414
bm25_per_question_n500_d10_20260726_r01,bm25,per_question,5a80b3a9554299485f5986cc,4,Spring Hill station,2.562360632078891
bm25_per_question_n500_d10_20260726_r01,bm25,per_question,5a80b3a9554299485f5986cc,5,McLean station,2.4893215703447868
bm25_per_question_n500_d10_20260726_r01,bm25,per_question,5a80b3a9554299485f5986cc,6,"West McLean, Virginia",2.0594663896843688
bm25_per_question_n500_d10_20260726_r01,bm25,per_question,5a80b3a9554299485f5986cc,7,"Tysons, Virginia",1.98502156597101
bm25_per_question_n500_d10_20260726_r01,bm25,per_question,5a80b3a9554299485f5986cc,8,"McLean, Virginia",1.9587039609035533
bm25_per_question_n500_d10_20260726_r01,bm25,per_question,5a80b3a9554299485f5986cc,9,Scott's Run Nature Preserve,1.939112722898813
bm25_per_question_n500_d10_20260726_r01,bm25,per_question,5a80b3a9554299485f5986cc,10,Tysons Corner Center,1.914433960887024
bm25_per_question_n500_d10_20260726_r01,bm25,per_question,5a811152554299260e20a22e,1,Congleton (UK Parliament constituency),5.5782932588456422
bm25_per_question_n500_d10_20260726_r01,bm25,per_question,5a811152554299260e20a22e,2,Dean of the House (Canada),4.0608007487117819
bm25_per_question_n500_d10_20260726_r01,bm25,per_question,5a811152554299260e20a22e,3,Baron Dunalley,3.9258894050899475
bm25_per_question_n500_d10_20260726_r01,bm25,per_question,5a811152554299260e20a22e,4,Earl Belmore,3.7222212153697485
bm25_per_question_n500_d10_20260726_r01,bm25,per_question,5a811152554299260e20a22e,5,"Glasgow North East by-election, 2009",3.6578608910986308
bm25_per_question_n500_d10_20260726_r01,bm25,per_question,5a811152554299260e20a22e,6,Jean-Marie Boisvert,3.4358984793286789
bm25_per_question_n500_d10_20260726_r01,bm25,per_question,5a811152554299260e20a22e,7,Earl of Lanesborough,3.3234516360464337
bm25_per_question_n500_d10_20260726_r01,bm25,per_question,5a811152554299260e20a22e,8,Prosper Boulanger,3.320053255420929
bm25_per_question_n500_d10_20260726_r01,bm25,per_question,5a811152554299260e20a22e,9,"Canadian federal election, 1926",3.2593287893024305
bm25_per_question_n500_d10_20260726_r01,bm25,per_question,5a811152554299260e20a22e,10,Fiona Bruce (politician),2.3885205510999641
bm25_per_question_n500_d10_20260726_r01,bm25,per_question,5a8133725542995ce29dcbdb,1,Henry Roth,5.9958417562398942
bm25_per_question_n500_d10_20260726_r01,bm25,per_question,5a8133725542995ce29dcbdb,2,Gretchen Osgood Warren,3.2998775151477027
bm25_per_question_n500_d10_20260726_r01,bm25,per_question,5a8133725542995ce29dcbdb,3,Erskine Barton Childers,3.1326995821571599
bm25_per_question_n500_d10_20260726_r01,bm25,per_question,5a8133725542995ce29dcbdb,4,Molly Childers,2.5673752125897149
bm25_per_question_n500_d10_20260726_r01,bm25,per_question,5a8133725542995ce29dcbdb,5,Irish Bulletin,2.441942317424564
bm25_per_question_n500_d10_20260726_r01,bm25,per_question,5a8133725542995ce29dcbdb,6,Asgard (yacht),1.8166033992747435
bm25_per_question_n500_d10_20260726_r01,bm25,per_question,5a8133725542995ce29dcbdb,7,Robert Caesar Childers,1.8153088980339016
bm25_per_question_n500_d10_20260726_r01,bm25,per_question,5a8133725542995ce29dcbdb,8,Robert Erskine Childers,1.6664387925649466
bm25_per_question_n500_d10_20260726_r01,bm25,per_question,5a8133725542995ce29dcbdb,9,Robert Barton,1.612463491867862
bm25_per_question_n500_d10_20260726_r01,bm25,per_question,5a8133725542995ce29dcbdb,10,R509 road (Ireland),0.43814451736112964
bm25_per_question_n500_d10_20260726_r01,bm25,per_question,5a818387554299260e20a291,1,Based on a True Story...,9.0085494069419259
bm25_per_question_n500_d10_20260726_r01,bm25,per_question,5a818387554299260e20a291,2,Christy Sutherland,6.9696971542532049
bm25_per_question_n500_d10_20260726_r01,bm25,per_question,5a818387554299260e20a291,3,My Eyes (Blake Shelton song),6.7227351253596428
bm25_per_question_n500_d10_20260726_r01,bm25,per_question,5a818387554299260e20a291,4,Randy Travis,6.3754330727551825
bm25_per_question_n500_d10_20260726_r01,bm25,per_question,5a818387554299260e20a291,5,Stranger in the House (song),5.5288689395590804
bm25_per_question_n500_d10_20260726_r01,bm25,per_question,5a818387554299260e20a291,6,This Is Me (Randy Travis album),4.9392820416520555
bm25_per_question_n500_d10_20260726_r01,bm25,per_question,5a818387554299260e20a291,7,Old 8×10,4.3401535685235944
bm25_per_question_n500_d10_20260726_r01,bm25,per_question,5a818387554299260e20a291,8,Keyed Up,4.1865766857743445
bm25_per_question_n500_d10_20260726_r01,bm25,per_question,5a818387554299260e20a291,9,Country Music Star No. 1,4.1349345305299829
bm25_per_question_n500_d10_20260726_r01,bm25,per_question,5a818387554299260e20a291,10,Gruhn Guitars,3.6681924696331158
bm25_per_question_n500_d10_20260726_r01,bm25,per_question,5a81ebee554299676cceb16d,1,Rings (2017 film),8.7693396345161378
bm25_per_question_n500_d10_20260726_r01,bm25,per_question,5a81ebee554299676cceb16d,2,Marta Ribera,3.5811173151897679
bm25_per_question_n500_d10_20260726_r01,bm25,per_question,5a81ebee554299676cceb16d,3,Janine Gutierrez,3.2532574294421956
bm25_per_question_n500_d10_20260726_r01,bm25,per_question,5a81ebee554299676cceb16d,4,Astrophel and Stella,3.2119662611297217
bm25_per_question_n500_d10_20260726_r01,bm25,per_question,5a81ebee554299676cceb16d,5,Eleonora Pedron,3.1127863079767595
bm25_per_question_n500_d10_20260726_r01,bm25,per_question,5a81ebee554299676cceb16d,6,Alex Belli,2.8109790471199987
bm25_per_question_n500_d10_20260726_r01,bm25,per_question,5a81ebee554299676cceb16d,7,Eva Riccobono,1.969595353490547
bm25_per_question_n500_d10_20260726_r01,bm25,per_question,5a81ebee554299676cceb16d,8,Basaglia Law,1.9338604492469009
bm25_per_question_n500_d10_20260726_r01,bm25,per_question,5a81ebee554299676cceb16d,9,Matilda Lutz,1.8193401453412363
bm25_per_question_n500_d10_20260726_r01,bm25,per_question,5a81ebee554299676cceb16d,10,Margareth Madè,1.6466179796442835
bm25_per_question_n500_d10_20260726_r01,bm25,per_question,5a81ff62554299676cceb1c4,1,Ithu Engal Neethi,7.884262642643856
bm25_per_question_n500_d10_20260726_r01,bm25,per_question,5a81ff62554299676cceb1c4,2,Shoba Chandrasekhar,2.4224678412582965
bm25_per_question_n500_d10_20260726_r01,bm25,per_question,5a81ff62554299676cceb1c4,3,Naalaiya Theerpu,2.2840997975063964
bm25_per_question_n500_d10_20260726_r01,bm25,per_question,5a81ff62554299676cceb1c4,4,Rajanadai,2.004740796555696
bm25_per_question_n500_d10_20260726_r01,bm25,per_question,5a81ff62554299676cceb1c4,5,Sattam Oru Vilayaattu,1.8850160100052928
bm25_per_question_n500_d10_20260726_r01,bm25,per_question,5a81ff62554299676cceb1c4,6,Neethikku Thandanai,1.7923879892554011
bm25_per_question_n500_d10_20260726_r01,bm25,per_question,5a81ff62554299676cceb1c4,7,Neethiyin Marupakkam,1.7786158664240257
bm25_per_question_n500_d10_20260726_r01,bm25,per_question,5a81ff62554299676cceb1c4,8,Pudhu Yugam,1.7180277488140838
bm25_per_question_n500_d10_20260726_r01,bm25,per_question,5a81ff62554299676cceb1c4,9,Palaivana Solai (1981 film),1.1672865683222111
bm25_per_question_n500_d10_20260726_r01,bm25,per_question,5a81ff62554299676cceb1c4,10,V. V. Creations,0.51196950827707821
bm25_per_question_n500_d10_20260726_r01,bm25,per_question,5a825bb455429940e5e1a874,1,Folie à Deux (album),7.9552986780898776
bm25_per_question_n500_d10_20260726_r01,bm25,per_question,5a825bb455429940e5e1a874,2,Fall Out Boy,6.9525465330361698
bm25_per_question_n500_d10_20260726_r01,bm25,per_question,5a825bb455429940e5e1a874,3,Daughtry (album),6.7865536255580468
bm25_per_question_n500_d10_20260726_r01,bm25,per_question,5a825bb455429940e5e1a874,4,Headfirst Slide into Cooperstown on a Bad Bet,5.6162296443250632
bm25_per_question_n500_d10_20260726_r01,bm25,per_question,5a825bb455429940e5e1a874,5,Believers Never Die Tour Part Deux,5.4050215943804227
bm25_per_question_n500_d10_20260726_r01,bm25,per_question,5a825bb455429940e5e1a874,6,I Don't Care (Fall Out Boy song),5.2879700374814194
bm25_per_question_n500_d10_20260726_r01,bm25,per_question,5a825bb455429940e5e1a874,7,Steve Miller Band,5.2320549150199822
bm25_per_question_n500_d10_20260726_r01,bm25,per_question,5a825bb455429940e5e1a874,8,America's Suitehearts,4.7927185047258902
bm25_per_question_n500_d10_20260726_r01,bm25,per_question,5a825bb455429940e5e1a874,9,"What a Catch, Donnie",3.4339242819785634
bm25_per_question_n500_d10_20260726_r01,bm25,per_question,5a825bb455429940e5e1a874,10,Welcome to the New Administration,3.047894453659556
bm25_per_question_n500_d10_20260726_r01,bm25,per_question,5a828c8355429966c78a6a50,1,Henry J. Kaiser,11.465536826173279
bm25_per_question_n500_d10_20260726_r01,bm25,per_question,5a828c8355429966c78a6a50,2,Edgar Kaiser Sr.,5.9302362162691225
bm25_per_question_n500_d10_20260726_r01,bm25,per_question,5a828c8355429966c78a6a50,3,Edgar Kaiser Jr.,5.7382372186259989
bm25_per_question_n500_d10_20260726_r01,bm25,per_question,5a828c8355429966c78a6a50,4,Nutri Ventures – The Quest for the 7 Kingdoms,5.7184243491992257
bm25_per_question_n500_d10_20260726_r01,bm25,per_question,5a828c8355429966c78a6a50,5,Kaiser Ventures,5.2641000917541492
bm25_per_question_n500_d10_20260726_r01,bm25,per_question,5a828c8355429966c78a6a50,6,Kaiser Shipyards,5.1243236220744874
bm25_per_question_n500_d10_20260726_r01,bm25,per_question,5a828c8355429966c78a6a50,7,Neafie &amp; Levy,4.1736455139234367
bm25_per_question_n500_d10_20260726_r01,bm25,per_question,5a828c8355429966c78a6a50,8,John Roach &amp; Sons,4.1536863737229321
bm25_per_question_n500_d10_20260726_r01,bm25,per_question,5a828c8355429966c78a6a50,9,Eagle Mountain Railroad,3.3241694462247127
bm25_per_question_n500_d10_20260726_r01,bm25,per_question,5a828c8355429966c78a6a50,10,New York Shipbuilding Corporation,3.2302212623597129
bm25_per_question_n500_d10_20260726_r01,bm25,per_question,5a8324815542990548d0b184,1,Dead but Rising,6.8498118634618468
bm25_per_question_n500_d10_20260726_r01,bm25,per_question,5a8324815542990548d0b184,2,Home Dead (album),6.7776529653085102
bm25_per_question_n500_d10_20260726_r01,bm25,per_question,5a8324815542990548d0b184,3,Life of a Ghost,5.8246039900805799
bm25_per_question_n500_d10_20260726_r01,bm25,per_question,5a8324815542990548d0b184,4,Better Than Yourself (Criminal Mind Pt 2),5.7107225234072603
bm25_per_question_n500_d10_20260726_r01,bm25,per_question,5a8324815542990548d0b184,5,Re-Sepp-Ten,5.4523015789871323
bm25_per_question_n500_d10_20260726_r01,bm25,per_question,5a8324815542990548d0b184,6,Søndagsbarn,5.3529890670126097
bm25_per_question_n500_d10_20260726_r01,bm25,per_question,5a8324815542990548d0b184,7,The Danish Way to Rock,5.2088573413482537
bm25_per_question_n500_d10_20260726_r01,bm25,per_question,5a8324815542990548d0b184,8,Dancin' (on a Saturday Night),4.9675029333107013
bm25_per_question_n500_d10_20260726_r01,bm25,per_question,5a8324815542990548d0b184,9,Claess &amp; Willumsen,4.9145362338413303
bm25_per_question_n500_d10_20260726_r01,bm25,per_question,5a8324815542990548d0b184,10,Volbeat,3.8747399708382608
bm25_per_question_n500_d10_20260726_r01,bm25,per_question,5a8325b35542990548d0b18f,1,Kathy Sullivan (Australian politician),22.509207927692309
bm25_per_question_n500_d10_20260726_r01,bm25,per_question,5a8325b35542990548d0b18f,2,Bronwyn Bishop,13.173128491538591
bm25_per_question_n500_d10_20260726_r01,bm25,per_question,5a8325b35542990548d0b18f,3,Philip Ruddock,10.894195705101287
bm25_per_question_n500_d10_20260726_r01,bm25,per_question,5a8325b35542990548d0b18f,4,Mehmet Tillem,10.14992550633251
bm25_per_question_n500_d10_20260726_r01,bm25,per_question,5a8325b35542990548d0b18f,5,Peter Blacker,9.9653187081465244
bm25_per_question_n500_d10_20260726_r01,bm25,per_question,5a8325b35542990548d0b18f,6,Bob Debus,9.436258067366877
bm25_per_question_n500_d10_20260726_r01,bm25,per_question,5a8325b35542990548d0b18f,7,Carol Martin,9.4036887209703419
bm25_per_question_n500_d10_20260726_r01,bm25,per_question,5a8325b35542990548d0b18f,8,Roslyn Dundas,8.5700866589663818
bm25_per_question_n500_d10_20260726_r01,bm25,per_question,5a8325b35542990548d0b18f,9,Michael Atkinson,8.4147780589734644
bm25_per_question_n500_d10_20260726_r01,bm25,per_question,5a8325b35542990548d0b18f,10,Richard Torbay,8.2798353158995148
bm25_per_question_n500_d10_20260726_r01,bm25,per_question,5a834ed95542990548d0b1ca,1,Whole life insurance,6.2780571725658039
bm25_per_question_n500_d10_20260726_r01,bm25,per_question,5a834ed95542990548d0b1ca,2,712 Fifth Avenue,5.466809318059294
bm25_per_question_n500_d10_20260726_r01,bm25,per_question,5a834ed95542990548d0b1ca,3,Flatiron Building,3.9554802608993729
bm25_per_question_n500_d10_20260726_r01,bm25,per_question,5a834ed95542990548d0b1ca,4,Manhattan Life Insurance Company,3.526803127541088
bm25_per_question_n500_d10_20260726_r01,bm25,per_question,5a834ed95542990548d0b1ca,5,Manhattan Life Insurance Building,3.4754126827500618
bm25_per_question_n500_d10_20260726_r01,bm25,per_question,5a834ed95542990548d0b1ca,6,Supreme Life Building,2.9163390246640839
bm25_per_question_n500_d10_20260726_r01,bm25,per_question,5a834ed95542990548d0b1ca,7,New York Life Insurance Building (Montreal),2.5836772790513232
bm25_per_question_n500_d10_20260726_r01,bm25,per_question,5a834ed95542990548d0b1ca,8,Francis H. Kimball,2.1865410000187011
bm25_per_question_n500_d10_20260726_r01,bm25,per_question,5a834ed95542990548d0b1ca,9,Physicians Mutual,2.0912896064090036
bm25_per_question_n500_d10_20260726_r01,bm25,per_question,5a834ed95542990548d0b1ca,10,New York Life Building,2.0397566692168301
bm25_per_question_n500_d10_20260726_r01,bm25,per_question,5a835478554299123d8c20ed,1,Mrs. Bixby and the Colonel's Coat,5.8543856698108581
bm25_per_question_n500_d10_20260726_r01,bm25,per_question,5a835478554299123d8c20ed,2,The Collected Short Stories of Roald Dahl,3.4396734722115965
bm25_per_question_n500_d10_20260726_r01,bm25,per_question,5a835478554299123d8c20ed,3,Roald Dahl,3.1456951340639776
bm25_per_question_n500_d10_20260726_r01,bm25,per_question,5a835478554299123d8c20ed,4,Roald Dahl Children's Gallery,3.0967189793864907
bm25_per_question_n500_d10_20260726_r01,bm25,per_question,5a835478554299123d8c20ed,5,Roald Dahl Plass,3.053495256871348
bm25_per_question_n500_d10_20260726_r01,bm25,per_question,5a835478554299123d8c20ed,6,The Best of Roald Dahl,2.0496166371699536
bm25_per_question_n500_d10_20260726_r01,bm25,per_question,5a835478554299123d8c20ed,7,Roald Dahl short stories bibliography,1.9039392960758108
bm25_per_question_n500_d10_20260726_r01,bm25,per_question,5a835478554299123d8c20ed,8,Roald Dahl: Collected Stories,1.5963487455105074
bm25_per_question_n500_d10_20260726_r01,bm25,per_question,5a835478554299123d8c20ed,9,Roald Dahl's Willy Wonka (musical),1.364756315724222
bm25_per_question_n500_d10_20260726_r01,bm25,per_question,5a835478554299123d8c20ed,10,The Roald Dahl Treasury,1.362317405213451
bm25_per_question_n500_d10_20260726_r01,bm25,per_question,5a835c9f5542992ef85e228a,1,SS General von Steuben,12.250521830154943
bm25_per_question_n500_d10_20260726_r01,bm25,per_question,5a835c9f5542992ef85e228a,2,United States Army,10.562646345810311
bm25_per_question_n500_d10_20260726_r01,bm25,per_question,5a835c9f5542992ef85e228a,3,Friedrich Wilhelm von Steuben,8.9622013650404782
bm25_per_question_n500_d10_20260726_r01,bm25,per_question,5a835c9f5542992ef85e228a,4,HMS Swan (1767),8.2572039494990346
bm25_per_question_n500_d10_20260726_r01,bm25,per_question,5a835c9f5542992ef85e228a,5,Robert Plampin,8.021198903569557
bm25_per_question_n500_d10_20260726_r01,bm25,per_question,5a835c9f5542992ef85e228a,6,MV Empire Windrush,7.6999989972524405
bm25_per_question_n500_d10_20260726_r01,bm25,per_question,5a835c9f5542992ef85e228a,7,HMS Vulture (1776),7.4670881661667829
bm25_per_question_n500_d10_20260726_r01,bm25,per_question,5a835c9f5542992ef85e228a,8,Tobago (1793 ship),6.6285461658339564
bm25_per_question_n500_d10_20260726_r01,bm25,per_question,5a835c9f5542992ef85e228a,9,USS Zeilin (APA-3),6.6008590013402202
bm25_per_question_n500_d10_20260726_r01,bm25,per_question,5a835c9f5542992ef85e228a,10,USS Proton (AG-147),6.1009676706495926
bm25_per_question_n500_d10_20260726_r01,bm25,per_question,5a8361b65542992ef85e22a0,1,International Boxing Federation,6.3856355363866726
bm25_per_question_n500_d10_20260726_r01,bm25,per_question,5a8361b65542992ef85e22a0,2,Vince Phillips,6.3440202154006506
bm25_per_question_n500_d10_20260726_r01,bm25,per_question,5a8361b65542992ef85e22a0,3,Bunny Grant,4.6488259731549419
bm25_per_question_n500_d10_20260726_r01,bm25,per_question,5a8361b65542992ef85e22a0,4,Zab Judah,4.4278963145890247
bm25_per_question_n500_d10_20260726_r01,bm25,per_question,5a8361b65542992ef85e22a0,5,Andrew Murray (Guyanese boxer),3.4700700734300409
bm25_per_question_n500_d10_20260726_r01,bm25,per_question,5a8361b65542992ef85e22a0,6,Ralph Charles,3.2371699561500882
bm25_per_question_n500_d10_20260726_r01,bm25,per_question,5a8361b65542992ef85e22a0,7,Lawrence Austin,3.1577746107055273
bm25_per_question_n500_d10_20260726_r01,bm25,per_question,5a8361b65542992ef85e22a0,8,Jeff Malcolm,2.8595251376432129
bm25_per_question_n500_d10_20260726_r01,bm25,per_question,5a8361b65542992ef85e22a0,9,Fatai Onikeke,2.0093752839732422
bm25_per_question_n500_d10_20260726_r01,bm25,per_question,5a8361b65542992ef85e22a0,10,Julian Holland (boxer),1.563284906695265
bm25_per_question_n500_d10_20260726_r01,bm25,per_question,5a837d9a554299123d8c213e,1,General Hospital cast members,8.6353947646120783
bm25_per_question_n500_d10_20260726_r01,bm25,per_question,5a837d9a554299123d8c213e,2,Alice Upside Down,7.7128403002420667
bm25_per_question_n500_d10_20260726_r01,bm25,per_question,5a837d9a554299123d8c213e,3,List of Switched at Birth episodes,6.0926372758531357
bm25_per_question_n500_d10_20260726_r01,bm25,per_question,5a837d9a554299123d8c213e,4,Lucas Grabeel,6.0841603886755546
bm25_per_question_n500_d10_20260726_r01,bm25,per_question,5a837d9a554299123d8c213e,5,Constance Marie,5.1480282299067239
bm25_per_question_n500_d10_20260726_r01,bm25,per_question,5a837d9a554299123d8c213e,6,Lea Thompson,4.4740462756831647
bm25_per_question_n500_d10_20260726_r01,bm25,per_question,5a837d9a554299123d8c213e,7,Switched at Birth (season 2),3.879440510917
bm25_per_question_n500_d10_20260726_r01,bm25,per_question,5a837d9a554299123d8c213e,8,Switched at Birth (season 3),3.553086585617363
bm25_per_question_n500_d10_20260726_r01,bm25,per_question,5a837d9a554299123d8c213e,9,Switched at Birth (TV series),3.2812232275180371
bm25_per_question_n500_d10_20260726_r01,bm25,per_question,5a837d9a554299123d8c213e,10,Switched at Birth (season 4),3.1326745255060655
bm25_per_question_n500_d10_20260726_r01,bm25,per_question,5a83880e554299123d8c214e,1,Suicide (1977 album),2.8109297181109851
bm25_per_question_n500_d10_20260726_r01,bm25,per_question,5a83880e554299123d8c214e,2,A Boy in a Man's World,2.4224738846519633
bm25_per_question_n500_d10_20260726_r01,bm25,per_question,5a83880e554299123d8c214e,3,A Week of Garfield,2.1467947954857474
bm25_per_question_n500_d10_20260726_r01,bm25,per_question,5a83880e554299123d8c214e,4,Impossible Dream,2.117334071768505
bm25_per_question_n500_d10_20260726_r01,bm25,per_question,5a83880e554299123d8c214e,5,Kiss (Carly Rae Jepsen album),2.0158941436127513
bm25_per_question_n500_d10_20260726_r01,bm25,per_question,5a83880e554299123d8c214e,6,Ghost Rider (Suicide song),2.0023055553578253
bm25_per_question_n500_d10_20260726_r01,bm25,per_question,5a83880e554299123d8c214e,7,Nagaram (2010 film),1.9628749906207228
bm25_per_question_n500_d10_20260726_r01,bm25,per_question,5a83880e554299123d8c214e,8,In My Country There Is Problem,1.8987112306885365
bm25_per_question_n500_d10_20260726_r01,bm25,per_question,5a83880e554299123d8c214e,9,Deceit (Doctor Who novel),1.738210892887168
bm25_per_question_n500_d10_20260726_r01,bm25,per_question,5a83880e554299123d8c214e,10,Levolution (album),1.67223229286083
bm25_per_question_n500_d10_20260726_r01,bm25,per_question,5a83a532554299334474606f,1,"Wolfson College, Cambridge",7.1761795995271935
bm25_per_question_n500_d10_20260726_r01,bm25,per_question,5a83a532554299334474606f,2,UC Berkeley College of Natural Resources,6.9717235007631544
bm25_per_question_n500_d10_20260726_r01,bm25,per_question,5a83a532554299334474606f,3,Ian Harland,5.4638890247481875
bm25_per_question_n500_d10_20260726_r01,bm25,per_question,5a83a532554299334474606f,4,Doehling–Heselton Memorial Trophy,5.4625417581972648
bm25_per_question_n500_d10_20260726_r01,bm25,per_question,5a83a532554299334474606f,5,College of Charleston,5.3358607183098616
bm25_per_question_n500_d10_20260726_r01,bm25,per_question,5a83a532554299334474606f,6,Scott Christian College,4.9496713405334853
bm25_per_question_n500_d10_20260726_r01,bm25,per_question,5a83a532554299334474606f,7,Campbell Field (Colorado),4.7229796102906647
bm25_per_question_n500_d10_20260726_r01,bm25,per_question,5a83a532554299334474606f,8,Trinity Hall Boat Club,4.5596663787646481
bm25_per_question_n500_d10_20260726_r01,bm25,per_question,5a83a532554299334474606f,9,"Peterhouse, Cambridge",4.4753333758956684
bm25_per_question_n500_d10_20260726_r01,bm25,per_question,5a83a532554299334474606f,10,Ismail Yusuf College,3.9195389140505186
bm25_per_question_n500_d10_20260726_r01,bm25,per_question,5a83aaeb5542996488c2e483,1,Hip Hop Since 1978,4.7851900018632332
bm25_per_question_n500_d10_20260726_r01,bm25,per_question,5a83aaeb5542996488c2e483,2,Watch the Throne,4.0002497260674907
bm25_per_question_n500_d10_20260726_r01,bm25,per_question,5a83aaeb5542996488c2e483,3,Late Registration,3.8941532948374769
bm25_per_question_n500_d10_20260726_r01,bm25,per_question,5a83aaeb5542996488c2e483,4,PRhyme,3.8716124667247791
bm25_per_question_n500_d10_20260726_r01,bm25,per_question,5a83aaeb5542996488c2e483,5,Graduation (album),3.3901707373493721
bm25_per_question_n500_d10_20260726_r01,bm25,per_question,5a83aaeb5542996488c2e483,6,Power (Kanye West song),3.2635190513773682
bm25_per_question_n500_d10_20260726_r01,bm25,per_question,5a83aaeb5542996488c2e483,7,The People (Common song),3.2169973095242965
bm25_per_question_n500_d10_20260726_r01,bm25,per_question,5a83aaeb5542996488c2e483,8,The College Dropout,3.1759303460850914
bm25_per_question_n500_d10_20260726_r01,bm25,per_question,5a83aaeb5542996488c2e483,9,My Beautiful Dark Twisted Fantasy,3.1324199788061211
bm25_per_question_n500_d10_20260726_r01,bm25,per_question,5a83aaeb5542996488c2e483,10,Flashing Lights (Kanye West song),3.0397262437147647
bm25_per_question_n500_d10_20260726_r01,bm25,per_question,5a8463545542990548d0b2a3,1,Henry III of France,13.21124429122313
bm25_per_question_n500_d10_20260726_r01,bm25,per_question,5a8463545542990548d0b2a3,2,Paul Androuet du Cerceau,8.9405906797844708
bm25_per_question_n500_d10_20260726_r01,bm25,per_question,5a8463545542990548d0b2a3,3,Warsaw Confederation,8.9001039627761873
bm25_per_question_n500_d10_20260726_r01,bm25,per_question,5a8463545542990548d0b2a3,4,Jean Baptiste Androuet du Cerceau,8.5171247620904058
bm25_per_question_n500_d10_20260726_r01,bm25,per_question,5a8463545542990548d0b2a3,5,Jean Androuet du Cerceau,7.9425735644123474
bm25_per_question_n500_d10_20260726_r01,bm25,per_question,5a8463545542990548d0b2a3,6,Jean Baptiste Assenede,7.8881534062570378
bm25_per_question_n500_d10_20260726_r01,bm25,per_question,5a8463545542990548d0b2a3,7,Jacques I Androuet du Cerceau,7.773210730447599
bm25_per_question_n500_d10_20260726_r01,bm25,per_question,5a8463545542990548d0b2a3,8,Salomon de Brosse,6.5868847412076015
bm25_per_question_n500_d10_20260726_r01,bm25,per_question,5a8463545542990548d0b2a3,9,Androuet du Cerceau,5.8826058313025378
bm25_per_question_n500_d10_20260726_r01,bm25,per_question,5a8463545542990548d0b2a3,10,Jacques Androuet II du Cerceau,4.2973368779263383
bm25_per_question_n500_d10_20260726_r01,bm25,per_question,5a84873e5542997175ce1eec,1,2017 US Open (tennis),7.1507405372804289
bm25_per_question_n500_d10_20260726_r01,bm25,per_question,5a84873e5542997175ce1eec,2,Petra Kvitová career statistics,6.0881967332441143
bm25_per_question_n500_d10_20260726_r01,bm25,per_question,5a84873e5542997175ce1eec,3,2017 BB&amp;T Atlanta Open,5.8078672632643062
bm25_per_question_n500_d10_20260726_r01,bm25,per_question,5a84873e5542997175ce1eec,4,2017 Connecticut Open,5.6037840791717564
bm25_per_question_n500_d10_20260726_r01,bm25,per_question,5a84873e5542997175ce1eec,5,2017 Winston-Salem Open,5.4814003990360209
bm25_per_question_n500_d10_20260726_r01,bm25,per_question,5a84873e5542997175ce1eec,6,2017 US Open Series,5.3830684526321821
bm25_per_question_n500_d10_20260726_r01,bm25,per_question,5a84873e5542997175ce1eec,7,2013 US Open Series,4.858389879347043
bm25_per_question_n500_d10_20260726_r01,bm25,per_question,5a84873e5542997175ce1eec,8,2014 US Open Series,4.7585870885320487
bm25_per_question_n500_d10_20260726_r01,bm25,per_question,5a84873e5542997175ce1eec,9,Caroline Wozniacki career statistics,4.5898461200239469
bm25_per_question_n500_d10_20260726_r01,bm25,per_question,5a84873e5542997175ce1eec,10,Jamie Murray career statistics,3.982862798056042
bm25_per_question_n500_d10_20260726_r01,bm25,per_question,5a8488f45542992a431d1a47,1,Brett C. Leonard,5.7515582841847586
bm25_per_question_n500_d10_20260726_r01,bm25,per_question,5a8488f45542992a431d1a47,2,Alexis Soriano,4.4777249006561446
bm25_per_question_n500_d10_20260726_r01,bm25,per_question,5a8488f45542992a431d1a47,3,Lord Byron (opera),4.4025958934698428
bm25_per_question_n500_d10_20260726_r01,bm25,per_question,5a8488f45542992a431d1a47,4,Peter Hall (director),4.338560102620173
bm25_per_question_n500_d10_20260726_r01,bm25,per_question,5a8488f45542992a431d1a47,5,Phillip Boykin,4.1817312324034246
bm25_per_question_n500_d10_20260726_r01,bm25,per_question,5a8488f45542992a431d1a47,6,Bum Phillips (opera),4.0616467497742166
bm25_per_question_n500_d10_20260726_r01,bm25,per_question,5a8488f45542992a431d1a47,7,David Alden,3.6010360278997351
bm25_per_question_n500_d10_20260726_r01,bm25,per_question,5a8488f45542992a431d1a47,8,Julien Nitzberg,3.5701925631814686
bm25_per_question_n500_d10_20260726_r01,bm25,per_question,5a8488f45542992a431d1a47,9,4 Devils,2.0454466669235192
bm25_per_question_n500_d10_20260726_r01,bm25,per_question,5a8488f45542992a431d1a47,10,The Devils (play),2.0068656221773562
bm25_per_question_n500_d10_20260726_r01,bm25,per_question,5a84c4135542994c784dda31,1,Xiapu County,2.7576385323224466
bm25_per_question_n500_d10_20260726_r01,bm25,per_question,5a84c4135542994c784dda31,2,Yingkou East Railway Station,2.6298506125153391
bm25_per_question_n500_d10_20260726_r01,bm25,per_question,5a84c4135542994c784dda31,3,Yingkou,2.1709089239924237
bm25_per_question_n500_d10_20260726_r01,bm25,per_question,5a84c4135542994c784dda31,4,Bayuquan Railway Station,2.0444201322853974
bm25_per_question_n500_d10_20260726_r01,bm25,per_question,5a84c4135542994c784dda31,5,Fuding Railway Station,1.7148996168380646
bm25_per_question_n500_d10_20260726_r01,bm25,per_question,5a84c4135542994c784dda31,6,Taimushan Railway Station,1.3723123083345303
bm25_per_question_n500_d10_20260726_r01,bm25,per_question,5a84c4135542994c784dda31,7,Roman Catholic Diocese of Yingkou,1.2797950893329531
bm25_per_question_n500_d10_20260726_r01,bm25,per_question,5a84c4135542994c784dda31,8,"Tongcheng Subdistrict, Fuding",1.199103033351498
bm25_per_question_n500_d10_20260726_r01,bm25,per_question,5a84c4135542994c784dda31,9,Yingkou Lanqi Airport,1.1095177190707339
bm25_per_question_n500_d10_20260726_r01,bm25,per_question,5a84c4135542994c784dda31,10,Fuding,1.0003001592035254
bm25_per_question_n500_d10_20260726_r01,bm25,per_question,5a8574945542997b5ce3fffb,1,LaLee's Kin: The Legacy of Cotton,11.589746792434397
bm25_per_question_n500_d10_20260726_r01,bm25,per_question,5a8574945542997b5ce3fffb,2,Gimme Shelter (1970 film),6.9046465228735849
bm25_per_question_n500_d10_20260726_r01,bm25,per_question,5a8574945542997b5ce3fffb,3,Gimme Shelter (album),3.706911249402999
bm25_per_question_n500_d10_20260726_r01,bm25,per_question,5a8574945542997b5ce3fffb,4,Altamont Diary,3.5094871287742433
bm25_per_question_n500_d10_20260726_r01,bm25,per_question,5a8574945542997b5ce3fffb,5,Gimme Shelter,2.8125955293952138
bm25_per_question_n500_d10_20260726_r01,bm25,per_question,5a8574945542997b5ce3fffb,6,Baird Bryant,2.6790684278057917
bm25_per_question_n500_d10_20260726_r01,bm25,per_question,5a8574945542997b5ce3fffb,7,Keith Richards,2.6265791096095574
bm25_per_question_n500_d10_20260726_r01,bm25,per_question,5a8574945542997b5ce3fffb,8,Merry Clayton,2.3066862704853666
bm25_per_question_n500_d10_20260726_r01,bm25,per_question,5a8574945542997b5ce3fffb,9,Stanton Y. Hill,2.0248237721856284
bm25_per_question_n500_d10_20260726_r01,bm25,per_question,5a8574945542997b5ce3fffb,10,Gimme Shelter (disambiguation),1.9383786722090854
bm25_per_question_n500_d10_20260726_r01,bm25,per_question,5a85ab905542994c784ddb35,1,The Voice of Ireland (series 4),8.2059270292871371
bm25_per_question_n500_d10_20260726_r01,bm25,per_question,5a85ab905542994c784ddb35,2,List of Girls Aloud concert tours,8.0581999614263324
bm25_per_question_n500_d10_20260726_r01,bm25,per_question,5a85ab905542994c784ddb35,3,The Saturdays,7.2082772472638403
bm25_per_question_n500_d10_20260726_r01,bm25,per_question,5a85ab905542994c784ddb35,4,Headlines!,5.0317506493067139
bm25_per_question_n500_d10_20260726_r01,bm25,per_question,5a85ab905542994c784ddb35,5,Vanessa White,3.8003972817000156
bm25_per_question_n500_d10_20260726_r01,bm25,per_question,5a85ab905542994c784ddb35,6,Notorious (The Saturdays song),3.7700165159868932
bm25_per_question_n500_d10_20260726_r01,bm25,per_question,5a85ab905542994c784ddb35,7,On Your Radar,3.6956036711246192
bm25_per_question_n500_d10_20260726_r01,bm25,per_question,5a85ab905542994c784ddb35,8,Issues (The Saturdays song),2.9911374692506119
bm25_per_question_n500_d10_20260726_r01,bm25,per_question,5a85ab905542994c784ddb35,9,Higher (The Saturdays song),2.6534489196526265
bm25_per_question_n500_d10_20260726_r01,bm25,per_question,5a85ab905542994c784ddb35,10,Forever Is Over,2.1832075707397607
bm25_per_question_n500_d10_20260726_r01,bm25,per_question,5a85b2d95542997b5ce40028,1,Lil Ru,7.7700388955528359
bm25_per_question_n500_d10_20260726_r01,bm25,per_question,5a85b2d95542997b5ce40028,2,Management consulting,6.649579662330245
bm25_per_question_n500_d10_20260726_r01,bm25,per_question,5a85b2d95542997b5ce40028,3,Amaruk Kayshapanta,6.3020851904751014
bm25_per_question_n500_d10_20260726_r01,bm25,per_question,5a85b2d95542997b5ce40028,4,ELDee,5.8054009882597661
bm25_per_question_n500_d10_20260726_r01,bm25,per_question,5a85b2d95542997b5ce40028,5,Method Man,5.7309972230627864
bm25_per_question_n500_d10_20260726_r01,bm25,per_question,5a85b2d95542997b5ce40028,6,Eenasul Fateh,4.4559509177086971
bm25_per_question_n500_d10_20260726_r01,bm25,per_question,5a85b2d95542997b5ce40028,7,Criss Angel,4.4007016783516582
bm25_per_question_n500_d10_20260726_r01,bm25,per_question,5a85b2d95542997b5ce40028,8,James P. Comer,4.3269543758613507
bm25_per_question_n500_d10_20260726_r01,bm25,per_question,5a85b2d95542997b5ce40028,9,Indriati Iskak,3.6925425173719262
bm25_per_question_n500_d10_20260726_r01,bm25,per_question,5a85b2d95542997b5ce40028,10,Mick (DJ),3.6552611014930543
bm25_per_question_n500_d10_20260726_r01,bm25,per_question,5a85c3a15542992a431d1b97,1,Snowdrop (game engine),9.5631888002274668
bm25_per_question_n500_d10_20260726_r01,bm25,per_question,5a85c3a15542992a431d1b97,2,Tom Clancy's The Division,8.493075639674899
bm25_per_question_n500_d10_20260726_r01,bm25,per_question,5a85c3a15542992a431d1b97,3,Charlie Murder,8.21620892919087
bm25_per_question_n500_d10_20260726_r01,bm25,per_question,5a85c3a15542992a431d1b97,4,Id Tech 5,5.5466900842639255
bm25_per_question_n500_d10_20260726_r01,bm25,per_question,5a85c3a15542992a431d1b97,5,Rockstar Advanced Game Engine,5.1053189376155883
bm25_per_question_n500_d10_20260726_r01,bm25,per_question,5a85c3a15542992a431d1b97,6,Amen: The Awakening,4.9504895844622911
bm25_per_question_n500_d10_20260726_r01,bm25,per_question,5a85c3a15542992a431d1b97,7,Zero (game engine),4.8182763912091033
bm25_per_question_n500_d10_20260726_r01,bm25,per_question,5a85c3a15542992a431d1b97,8,Call of Duty 4: Modern Warfare,4.786631971367
bm25_per_question_n500_d10_20260726_r01,bm25,per_question,5a85c3a15542992a431d1b97,9,Project I.G.I.: I'm Going In,4.6734434766983446
bm25_per_question_n500_d10_20260726_r01,bm25,per_question,5a85c3a15542992a431d1b97,10,ParaEngine,4.4295993901925126
bm25_per_question_n500_d10_20260726_r01,bm25,per_question,5a85cead5542991dd0999ea9,1,Frank Thomas (designated hitter),11.029125168631435
bm25_per_question_n500_d10_20260726_r01,bm25,per_question,5a85cead5542991dd0999ea9,2,List of Major League Baseball batting champions,8.8102604880565849
bm25_per_question_n500_d10_20260726_r01,bm25,per_question,5a85cead5542991dd0999ea9,3,Ron Herbel,7.3374962717669785
bm25_per_question_n500_d10_20260726_r01,bm25,per_question,5a85cead5542991dd0999ea9,4,Germán Barranca,6.9390117745829443
bm25_per_question_n500_d10_20260726_r01,bm25,per_question,5a85cead5542991dd0999ea9,5,Frank Thomas' Big Hurt,5.6633490436221745
bm25_per_question_n500_d10_20260726_r01,bm25,per_question,5a85cead5542991dd0999ea9,6,Frank Crossin,5.418450972995581
bm25_per_question_n500_d10_20260726_r01,bm25,per_question,5a85cead5542991dd0999ea9,7,Dick Kauffman,5.3790859624724519
bm25_per_question_n500_d10_20260726_r01,bm25,per_question,5a85cead5542991dd0999ea9,8,Jack Fox (baseball),5.1095660206365796
bm25_per_question_n500_d10_20260726_r01,bm25,per_question,5a85cead5542991dd0999ea9,9,1921 Detroit Tigers season,5.0562876218506405
bm25_per_question_n500_d10_20260726_r01,bm25,per_question,5a85cead5542991dd0999ea9,10,Chick Shorten,4.5764357280231138
bm25_per_question_n500_d10_20260726_r01,bm25,per_question,5a85dfcc5542994775f60673,1,Heading to the Ground,13.72340615736708
bm25_per_question_n500_d10_20260726_r01,bm25,per_question,5a85dfcc5542994775f60673,2,Yunho,8.7839116478962183
bm25_per_question_n500_d10_20260726_r01,bm25,per_question,5a85dfcc5542994775f60673,3,List of TVXQ concert tours,8.7694954826931681
bm25_per_question_n500_d10_20260726_r01,bm25,per_question,5a85dfcc5542994775f60673,4,Changmin,7.6614549043717179
bm25_per_question_n500_d10_20260726_r01,bm25,per_question,5a85dfcc5542994775f60673,5,Catch Me (album),6.2685860807479763
bm25_per_question_n500_d10_20260726_r01,bm25,per_question,5a85dfcc5542994775f60673,6,Catch Me (TVXQ song),6.216859845190652
bm25_per_question_n500_d10_20260726_r01,bm25,per_question,5a85dfcc5542994775f60673,7,Something (TVXQ song),6.2135008501558184
bm25_per_question_n500_d10_20260726_r01,bm25,per_question,5a85dfcc5542994775f60673,8,List of songs recorded by TVXQ,5.4051923904790842
bm25_per_question_n500_d10_20260726_r01,bm25,per_question,5a85dfcc5542994775f60673,9,Live World Tour: Catch Me in Seoul,5.339492120282487
bm25_per_question_n500_d10_20260726_r01,bm25,per_question,5a85dfcc5542994775f60673,10,Spellbound (TVXQ album),5.0902105333345506
bm25_per_question_n500_d10_20260726_r01,bm25,per_question,5a85ea095542994775f606a8,1,Animorphs,12.433203863476431
bm25_per_question_n500_d10_20260726_r01,bm25,per_question,5a85ea095542994775f606a8,2,The Hork-Bajir Chronicles,7.7238801775057233
bm25_per_question_n500_d10_20260726_r01,bm25,per_question,5a85ea095542994775f606a8,3,Left Behind: The Kids,7.441105458137292
bm25_per_question_n500_d10_20260726_r01,bm25,per_question,5a85ea095542994775f606a8,4,List of Square Enix companion books,7.2470236091668134
bm25_per_question_n500_d10_20260726_r01,bm25,per_question,5a85ea095542994775f606a8,5,Etiquette &amp; Espionage,7.1981089548022936
bm25_per_question_n500_d10_20260726_r01,bm25,per_question,5a85ea095542994775f606a8,6,Andre Norton Award,7.029963904659005
bm25_per_question_n500_d10_20260726_r01,bm25,per_question,5a85ea095542994775f606a8,7,Victoria Hanley,6.0374596335592967
bm25_per_question_n500_d10_20260726_r01,bm25,per_question,5a85ea095542994775f606a8,8,Science Fantasy (magazine),5.7870979107566791
bm25_per_question_n500_d10_20260726_r01,bm25,per_question,5a85ea095542994775f606a8,9,Shadowshaper,5.3318867599352373
bm25_per_question_n500_d10_20260726_r01,bm25,per_question,5a85ea095542994775f606a8,10,The Divide trilogy,5.3127237142979817
bm25_per_question_n500_d10_20260726_r01,bm25,per_question,5a85eed75542996432c5713b,1,Black Seminoles,11.507022886376824
bm25_per_question_n500_d10_20260726_r01,bm25,per_question,5a85eed75542996432c5713b,2,Mascogos,9.2580175992424465
bm25_per_question_n500_d10_20260726_r01,bm25,per_question,5a85eed75542996432c5713b,3,Seminole Nation of Oklahoma,6.8075653219095429
bm25_per_question_n500_d10_20260726_r01,bm25,per_question,5a85eed75542996432c5713b,4,Battle of Jupiter Inlet,5.6741788006550191
bm25_per_question_n500_d10_20260726_r01,bm25,per_question,5a85eed75542996432c5713b,5,Seminole,5.6038807779123605
bm25_per_question_n500_d10_20260726_r01,bm25,per_question,5a85eed75542996432c5713b,6,Seminole music,4.9697997202719355
bm25_per_question_n500_d10_20260726_r01,bm25,per_question,5a85eed75542996432c5713b,7,Draining and development of the Everglades,4.9153698117347018
bm25_per_question_n500_d10_20260726_r01,bm25,per_question,5a85eed75542996432c5713b,8,"Seminole County, Oklahoma",4.6902003672917179
bm25_per_question_n500_d10_20260726_r01,bm25,per_question,5a85eed75542996432c5713b,9,Dhoolpet,4.4826213473659609
bm25_per_question_n500_d10_20260726_r01,bm25,per_question,5a85eed75542996432c5713b,10,Muscogee language,3.7631426886156976
bm25_per_question_n500_d10_20260726_r01,bm25,per_question,5a85fb085542994775f606de,1,Lionheart (1987 film),7.9947462205870767
bm25_per_question_n500_d10_20260726_r01,bm25,per_question,5a85fb085542994775f606de,2,Alien (soundtrack),7.9917614602872886
bm25_per_question_n500_d10_20260726_r01,bm25,per_question,5a85fb085542994775f606de,3,Christus Apollo,7.4198784026428344
bm25_per_question_n500_d10_20260726_r01,bm25,per_question,5a85fb085542994775f606de,4,Legend (film score),7.3876168340383188
bm25_per_question_n500_d10_20260726_r01,bm25,per_question,5a85fb085542994775f606de,5,Alien (film),6.9812263289959242
bm25_per_question_n500_d10_20260726_r01,bm25,per_question,5a85fb085542994775f606de,6,Total Recall (1990 film),6.8789486010145264
bm25_per_question_n500_d10_20260726_r01,bm25,per_question,5a85fb085542994775f606de,7,L.A. Confidential (soundtrack),6.2064078208615534
bm25_per_question_n500_d10_20260726_r01,bm25,per_question,5a85fb085542994775f606de,8,Aliens (soundtrack),6.1190724209558303
bm25_per_question_n500_d10_20260726_r01,bm25,per_question,5a85fb085542994775f606de,9,Innerspace,6.1028778140668472
bm25_per_question_n500_d10_20260726_r01,bm25,per_question,5a85fb085542994775f606de,10,Mulan (soundtrack),4.8222410760412799
bm25_per_question_n500_d10_20260726_r01,bm25,per_question,5a864ff7554299211dda2af2,1,Yoann Lemoine,14.354594430434735
bm25_per_question_n500_d10_20260726_r01,bm25,per_question,5a864ff7554299211dda2af2,2,Blue Jeans (Lana Del Rey song),12.939944146022743
bm25_per_question_n500_d10_20260726_r01,bm25,per_question,5a864ff7554299211dda2af2,3,Back to December,11.794861759941046
bm25_per_question_n500_d10_20260726_r01,bm25,per_question,5a864ff7554299211dda2af2,4,Lana Del Rey videography,7.7369234908325808
bm25_per_question_n500_d10_20260726_r01,bm25,per_question,5a864ff7554299211dda2af2,5,Video Games (song),6.3876051735584376
bm25_per_question_n500_d10_20260726_r01,bm25,per_question,5a864ff7554299211dda2af2,6,Yayo (Lana Del Rey song),5.4341465913623761
bm25_per_question_n500_d10_20260726_r01,bm25,per_question,5a864ff7554299211dda2af2,7,Lana Del Rey (EP),4.1308050211860809
bm25_per_question_n500_d10_20260726_r01,bm25,per_question,5a864ff7554299211dda2af2,8,Lana Del Rey discography,3.7660263065726287
bm25_per_question_n500_d10_20260726_r01,bm25,per_question,5a864ff7554299211dda2af2,9,Lana Del Ray (album),3.7060971195731005
bm25_per_question_n500_d10_20260726_r01,bm25,per_question,5a864ff7554299211dda2af2,10,Kill Kill (song),2.5572225101680166
bm25_per_question_n500_d10_20260726_r01,bm25,per_question,5a867089554299211dda2b30,1,Weekly Shonen Jump (American magazine),5.3401346639083958
bm25_per_question_n500_d10_20260726_r01,bm25,per_question,5a867089554299211dda2b30,2,Kyosuke Usuta,4.8571840090979359
bm25_per_question_n500_d10_20260726_r01,bm25,per_question,5a867089554299211dda2b30,3,Rolling Stone,3.3073397587085633
bm25_per_question_n500_d10_20260726_r01,bm25,per_question,5a867089554299211dda2b30,4,List of Naruto chapters (Part I),2.7611300121415239
bm25_per_question_n500_d10_20260726_r01,bm25,per_question,5a867089554299211dda2b30,5,Shonen Jump (magazine),2.5495874616371301
bm25_per_question_n500_d10_20260726_r01,bm25,per_question,5a867089554299211dda2b30,6,Cross Manage,2.2414003321058571
bm25_per_question_n500_d10_20260726_r01,bm25,per_question,5a867089554299211dda2b30,7,Black Clover,1.9702633731926336
bm25_per_question_n500_d10_20260726_r01,bm25,per_question,5a867089554299211dda2b30,8,Nisekoi,1.8736478745494138
bm25_per_question_n500_d10_20260726_r01,bm25,per_question,5a867089554299211dda2b30,9,List of Bobobo-bo Bo-bobo chapters,1.7082636389593944
bm25_per_question_n500_d10_20260726_r01,bm25,per_question,5a867089554299211dda2b30,10,Rosario + Vampire,1.297608983232494
bm25_per_question_n500_d10_20260726_r01,bm25,per_question,5a86769c5542994775f60776,1,Armageddon in Retrospect,6.2449191513508966
bm25_per_question_n500_d10_20260726_r01,bm25,per_question,5a86769c5542994775f60776,2,José María Gironella,5.5225481077448153
bm25_per_question_n500_d10_20260726_r01,bm25,per_question,5a86769c5542994775f60776,3,The Magic Christian (novel),5.1917069365152351
bm25_per_question_n500_d10_20260726_r01,bm25,per_question,5a86769c5542994775f60776,4,Jaroslav Hašek,4.155809366090609
bm25_per_question_n500_d10_20260726_r01,bm25,per_question,5a86769c5542994775f60776,5,Claudia Durst Johnson,4.0728441457526667
bm25_per_question_n500_d10_20260726_r01,bm25,per_question,5a86769c5542994775f60776,6,Hugh Gallagher (humorist),3.4779545634712883
bm25_per_question_n500_d10_20260726_r01,bm25,per_question,5a86769c5542994775f60776,7,Joanna Russ,3.3197306294117221
bm25_per_question_n500_d10_20260726_r01,bm25,per_question,5a86769c5542994775f60776,8,Little Big Man (novel),3.0446415550263861
bm25_per_question_n500_d10_20260726_r01,bm25,per_question,5a86769c5542994775f60776,9,Satyricon,2.6943261174476461
bm25_per_question_n500_d10_20260726_r01,bm25,per_question,5a86769c5542994775f60776,10,Kurt Vonnegut,2.111761358851779
bm25_per_question_n500_d10_20260726_r01,bm25,per_question,5a86ebac55429960ec39b6d6,1,Handi-Snacks,10.315721564689394
bm25_per_question_n500_d10_20260726_r01,bm25,per_question,5a86ebac55429960ec39b6d6,2,Mondelez International,9.1492224526597745
bm25_per_question_n500_d10_20260726_r01,bm25,per_question,5a86ebac55429960ec39b6d6,3,Canyon Creek Food Company,7.5863519715640644
bm25_per_question_n500_d10_20260726_r01,bm25,per_question,5a86ebac55429960ec39b6d6,4,PepsiCo,6.6820363603190795
bm25_per_question_n500_d10_20260726_r01,bm25,per_question,5a86ebac55429960ec39b6d6,5,Deep-fried peanuts,5.842718186024582
bm25_per_question_n500_d10_20260726_r01,bm25,per_question,5a86ebac55429960ec39b6d6,6,Snack Foods Limited,5.7535514380570243
bm25_per_question_n500_d10_20260726_r01,bm25,per_question,5a86ebac55429960ec39b6d6,7,Rewrapped,5.4008181059505702
bm25_per_question_n500_d10_20260726_r01,bm25,per_question,5a86ebac55429960ec39b6d6,8,Robert's American Gourmet Food,5.33797218922063
bm25_per_question_n500_d10_20260726_r01,bm25,per_question,5a86ebac55429960ec39b6d6,9,Twisties,4.9975928651899331
bm25_per_question_n500_d10_20260726_r01,bm25,per_question,5a86ebac55429960ec39b6d6,10,Snackbox Food Holdings,4.3596938660440667
bm25_per_question_n500_d10_20260726_r01,bm25,per_question,5a8704f8554299211dda2ba4,1,Aonghus Mór,9.9046111006611888
bm25_per_question_n500_d10_20260726_r01,bm25,per_question,5a8704f8554299211dda2ba4,2,Lord of Islay,9.0392158184328011
bm25_per_question_n500_d10_20260726_r01,bm25,per_question,5a8704f8554299211dda2ba4,3,Kingdom of the Isles,8.4835720837598672
bm25_per_question_n500_d10_20260726_r01,bm25,per_question,5a8704f8554299211dda2ba4,4,List of rulers of the Kingdom of the Isles,8.4658775689378949
bm25_per_question_n500_d10_20260726_r01,bm25,per_question,5a8704f8554299211dda2ba4,5,List of islands of Tasmania,7.7276180480916921
bm25_per_question_n500_d10_20260726_r01,bm25,per_question,5a8704f8554299211dda2ba4,6,Jaluit Atoll,6.7910172472979982
bm25_per_question_n500_d10_20260726_r01,bm25,per_question,5a8704f8554299211dda2ba4,7,Ashanti Region,6.708276646550126
bm25_per_question_n500_d10_20260726_r01,bm25,per_question,5a8704f8554299211dda2ba4,8,Geography of the Philippines,6.4829521234932415
bm25_per_question_n500_d10_20260726_r01,bm25,per_question,5a8704f8554299211dda2ba4,9,Protected areas of Himachal Pradesh,6.3543058320148527
bm25_per_question_n500_d10_20260726_r01,bm25,per_question,5a8704f8554299211dda2ba4,10,National parks of Taiwan,5.3029848878933104
bm25_per_question_n500_d10_20260726_r01,bm25,per_question,5a8739a05542994775f607ab,1,Kenneth LaValle,8.578711189085114
bm25_per_question_n500_d10_20260726_r01,bm25,per_question,5a8739a05542994775f607ab,2,Nesting (voting districts),8.3704001578859142
bm25_per_question_n500_d10_20260726_r01,bm25,per_question,5a8739a05542994775f607ab,3,Andrea Stewart-Cousins,7.9654934154549784
bm25_per_question_n500_d10_20260726_r01,bm25,per_question,5a8739a05542994775f607ab,4,California State Senate,7.6453465089935433
bm25_per_question_n500_d10_20260726_r01,bm25,per_question,5a8739a05542994775f607ab,5,New York's 1st State Senate district,7.472261870081212
bm25_per_question_n500_d10_20260726_r01,bm25,per_question,5a8739a05542994775f607ab,6,Hawaii Senate,7.3670587419736266
bm25_per_question_n500_d10_20260726_r01,bm25,per_question,5a8739a05542994775f607ab,7,New York's 2nd State Senate district,7.0949415336799362
bm25_per_question_n500_d10_20260726_r01,bm25,per_question,5a8739a05542994775f607ab,8,New York's 3rd State Senate district,6.3958023961117378
bm25_per_question_n500_d10_20260726_r01,bm25,per_question,5a8739a05542994775f607ab,9,Steven Bradford,6.3863698937098299
bm25_per_question_n500_d10_20260726_r01,bm25,per_question,5a8739a05542994775f607ab,10,New York's 4th State Senate district,6.3560697233713519
bm25_per_question_n500_d10_20260726_r01,bm25,per_question,5a874ce15542996432c57256,1,Apprentice Adept,5.387793240551991
bm25_per_question_n500_d10_20260726_r01,bm25,per_question,5a874ce15542996432c57256,2,Mamzer,5.3303108867868438
bm25_per_question_n500_d10_20260726_r01,bm25,per_question,5a874ce15542996432c57256,3,Fred H. Hale Sr.,5.1270262104928728
bm25_per_question_n500_d10_20260726_r01,bm25,per_question,5a874ce15542996432c57256,4,Les Irwin,4.6991150967741202
bm25_per_question_n500_d10_20260726_r01,bm25,per_question,5a874ce15542996432c57256,5,Leontyne Price,4.4040912774392424
bm25_per_question_n500_d10_20260726_r01,bm25,per_question,5a874ce15542996432c57256,6,Edwin L. Mechem,4.1507851505904547
bm25_per_question_n500_d10_20260726_r01,bm25,per_question,5a874ce15542996432c57256,7,Nabi Tajima,3.9232627345914688
bm25_per_question_n500_d10_20260726_r01,bm25,per_question,5a874ce15542996432c57256,8,Myrna Sharlow,3.7978937183062729
bm25_per_question_n500_d10_20260726_r01,bm25,per_question,5a874ce15542996432c57256,9,Camille Zamora,3.7768270637257677
bm25_per_question_n500_d10_20260726_r01,bm25,per_question,5a874ce15542996432c57256,10,Mississippi Institute of Arts and Letters,2.6029676781754993
bm25_per_question_n500_d10_20260726_r01,bm25,per_question,5a877e5d5542993e715abf7d,1,David Weissman,9.2353029192521685
bm25_per_question_n500_d10_20260726_r01,bm25,per_question,5a877e5d5542993e715abf7d,2,The Family Man,6.9515463184168009
bm25_per_question_n500_d10_20260726_r01,bm25,per_question,5a877e5d5542993e715abf7d,3,Deadfall (1993 film),5.612600828523898
bm25_per_question_n500_d10_20260726_r01,bm25,per_question,5a877e5d5542993e715abf7d,4,Season of the Witch (2011 film),4.5884980013990759
bm25_per_question_n500_d10_20260726_r01,bm25,per_question,5a877e5d5542993e715abf7d,5,Ungod,4.2791342526161928
bm25_per_question_n500_d10_20260726_r01,bm25,per_question,5a877e5d5542993e715abf7d,6,Drive Angry,4.1605154305713299
bm25_per_question_n500_d10_20260726_r01,bm25,per_question,5a877e5d5542993e715abf7d,7,It Could Happen to You (1994 film),3.8297942346326797
bm25_per_question_n500_d10_20260726_r01,bm25,per_question,5a877e5d5542993e715abf7d,8,City of Angels (film),3.7327321470515664
bm25_per_question_n500_d10_20260726_r01,bm25,per_question,5a877e5d5542993e715abf7d,9,Time to Kill (1989 film),3.5627082556015686
bm25_per_question_n500_d10_20260726_r01,bm25,per_question,5a877e5d5542993e715abf7d,10,Gone in 60 Seconds (2000 film),2.7945535101854362
bm25_per_question_n500_d10_20260726_r01,bm25,per_question,5a8799c55542996e4f308877,1,Jens Risom,8.5017445154333124
bm25_per_question_n500_d10_20260726_r01,bm25,per_question,5a8799c55542996e4f308877,2,Scandinavian design,5.2888588934458545
bm25_per_question_n500_d10_20260726_r01,bm25,per_question,5a8799c55542996e4f308877,3,Jacqueline Winsor,4.7343288158353847
bm25_per_question_n500_d10_20260726_r01,bm25,per_question,5a8799c55542996e4f308877,4,Jens Ritter Instruments,4.4027723665612566
bm25_per_question_n500_d10_20260726_r01,bm25,per_question,5a8799c55542996e4f308877,5,Workflow Resource Planning,3.1198430295795463
bm25_per_question_n500_d10_20260726_r01,bm25,per_question,5a8799c55542996e4f308877,6,NTFS symbolic link,2.981344035431698
bm25_per_question_n500_d10_20260726_r01,bm25,per_question,5a8799c55542996e4f308877,7,Bio-inspired robotics,2.8510283475155855
bm25_per_question_n500_d10_20260726_r01,bm25,per_question,5a8799c55542996e4f308877,8,HTML attribute,2.3997633310848672
bm25_per_question_n500_d10_20260726_r01,bm25,per_question,5a8799c55542996e4f308877,9,Extensibility,2.1070098124888403
bm25_per_question_n500_d10_20260726_r01,bm25,per_question,5a8799c55542996e4f308877,10,Functionality doctrine,1.869685854707102
bm25_per_question_n500_d10_20260726_r01,bm25,per_question,5a879adb5542996e4f30887f,1,State Secretary (Norway),4.6913109776990796
bm25_per_question_n500_d10_20260726_r01,bm25,per_question,5a879adb5542996e4f30887f,2,Hannah Gale,4.4352482443529153
bm25_per_question_n500_d10_20260726_r01,bm25,per_question,5a879adb5542996e4f30887f,3,DISCLOSE Act,2.5510801466176654
bm25_per_question_n500_d10_20260726_r01,bm25,per_question,5a879adb5542996e4f30887f,4,Public Law 113-167,2.3991333522020533
bm25_per_question_n500_d10_20260726_r01,bm25,per_question,5a879adb5542996e4f30887f,5,Abteilungsleiter (NSDAP),2.3285843106523343
bm25_per_question_n500_d10_20260726_r01,bm25,per_question,5a879adb5542996e4f30887f,6,Modernization of Investigative Techniques Act,2.3106164123667119
bm25_per_question_n500_d10_20260726_r01,bm25,per_question,5a879adb5542996e4f30887f,7,Campaign finance reform in the United States,2.2371062347941812
bm25_per_question_n500_d10_20260726_r01,bm25,per_question,5a879adb5542996e4f30887f,8,Vice President of Panama,2.1866432037013119
bm25_per_question_n500_d10_20260726_r01,bm25,per_question,5a879adb5542996e4f30887f,9,Chris Van Hollen,1.590103477463962
bm25_per_question_n500_d10_20260726_r01,bm25,per_question,5a879adb5542996e4f30887f,10,Attorney misconduct,1.421245131952853
bm25_per_question_n500_d10_20260726_r01,bm25,per_question,5a879ba55542993e715abfc3,1,Muriel (film),5.5523229680164166
bm25_per_question_n500_d10_20260726_r01,bm25,per_question,5a879ba55542993e715abfc3,2,Life of Riley (2014 film),3.058408254218592
bm25_per_question_n500_d10_20260726_r01,bm25,per_question,5a879ba55542993e715abfc3,3,Alain Resnais,2.7534173056888185
bm25_per_question_n500_d10_20260726_r01,bm25,per_question,5a879ba55542993e715abfc3,4,Scott Sidney,2.6484775354148815
bm25_per_question_n500_d10_20260726_r01,bm25,per_question,5a879ba55542993e715abfc3,5,Last Year at Marienbad,1.8677371036784045
bm25_per_question_n500_d10_20260726_r01,bm25,per_question,5a879ba55542993e715abfc3,6,Julián Hernández (filmmaker),1.7317323207413953
bm25_per_question_n500_d10_20260726_r01,bm25,per_question,5a879ba55542993e715abfc3,7,The War Is Over (film),1.5711825651528208
bm25_per_question_n500_d10_20260726_r01,bm25,per_question,5a879ba55542993e715abfc3,8,Isle of Flowers,1.5454944166990272
bm25_per_question_n500_d10_20260726_r01,bm25,per_question,5a879ba55542993e715abfc3,9,Hiroshima mon amour,1.3821904549759236
bm25_per_question_n500_d10_20260726_r01,bm25,per_question,5a879ba55542993e715abfc3,10,Chris Marker,0.97846541551669119
bm25_per_question_n500_d10_20260726_r01,bm25,per_question,5a87ab905542996e4f3088c1,1,Dwyer Arena,8.345385802606728
bm25_per_question_n500_d10_20260726_r01,bm25,per_question,5a87ab905542996e4f3088c1,2,Loan modification in the United States,6.6234274887331983
bm25_per_question_n500_d10_20260726_r01,bm25,per_question,5a87ab905542996e4f3088c1,3,2011–12 QMJHL season,5.5563941394005116
bm25_per_question_n500_d10_20260726_r01,bm25,per_question,5a87ab905542996e4f3088c1,4,Billings Bulls,5.3796022244932136
bm25_per_question_n500_d10_20260726_r01,bm25,per_question,5a87ab905542996e4f3088c1,5,Lewiston Maineiacs,5.0110294189173192
bm25_per_question_n500_d10_20260726_r01,bm25,per_question,5a87ab905542996e4f3088c1,6,2006–07 QMJHL season,4.9113339069576902
bm25_per_question_n500_d10_20260726_r01,bm25,per_question,5a87ab905542996e4f3088c1,7,Case Gym,4.6301568599643499
bm25_per_question_n500_d10_20260726_r01,bm25,per_question,5a87ab905542996e4f3088c1,8,Robins Center,4.3408977637727704
bm25_per_question_n500_d10_20260726_r01,bm25,per_question,5a87ab905542996e4f3088c1,9,2007 Memorial Cup,3.0763609285036599
bm25_per_question_n500_d10_20260726_r01,bm25,per_question,5a87ab905542996e4f3088c1,10,Androscoggin Bank Colisée,1.8660406579409328
bm25_per_question_n500_d10_20260726_r01,bm25,per_question,5a87ab9b5542996e4f3088c2,1,Tecumseh,14.35014817361365
bm25_per_question_n500_d10_20260726_r01,bm25,per_question,5a87ab9b5542996e4f3088c2,2,Battle of Fallen Timbers,10.029079962729796
bm25_per_question_n500_d10_20260726_r01,bm25,per_question,5a87ab9b5542996e4f3088c2,3,Battle of Tippecanoe,9.7583480153520821
bm25_per_question_n500_d10_20260726_r01,bm25,per_question,5a87ab9b5542996e4f3088c2,4,Tecumseh's Confederacy,8.2996842081656457
bm25_per_question_n500_d10_20260726_r01,bm25,per_question,5a87ab9b5542996e4f3088c2,5,Prophetstown State Park,6.6220659584989132
bm25_per_question_n500_d10_20260726_r01,bm25,per_question,5a87ab9b5542996e4f3088c2,6,Tippecanoe order of battle,6.2996328254300051
bm25_per_question_n500_d10_20260726_r01,bm25,per_question,5a87ab9b5542996e4f3088c2,7,Tenskwatawa,6.1809388816469424
bm25_per_question_n500_d10_20260726_r01,bm25,per_question,5a87ab9b5542996e4f3088c2,8,"Zafar, Yemen",6.0252247310070643
bm25_per_question_n500_d10_20260726_r01,bm25,per_question,5a87ab9b5542996e4f3088c2,9,Kasi (Pashtun tribe),5.9508741280642861
bm25_per_question_n500_d10_20260726_r01,bm25,per_question,5a87ab9b5542996e4f3088c2,10,Ziri ibn Atiyya,4.1941209604497312
bm25_per_question_n500_d10_20260726_r01,bm25,per_question,5a87bada5542994846c1cddc,1,Bell Labs,11.422793118475331
bm25_per_question_n500_d10_20260726_r01,bm25,per_question,5a87bada5542994846c1cddc,2,Pharma Medica,8.8387070620100197
bm25_per_question_n500_d10_20260726_r01,bm25,per_question,5a87bada5542994846c1cddc,3,Annie Easley,6.5821222016141867
bm25_per_question_n500_d10_20260726_r01,bm25,per_question,5a87bada5542994846c1cddc,4,Ravi Sethi,6.5482249214239285
bm25_per_question_n500_d10_20260726_r01,bm25,per_question,5a87bada5542994846c1cddc,5,Albanian University in Berat,6.1564947666942968
bm25_per_question_n500_d10_20260726_r01,bm25,per_question,5a87bada5542994846c1cddc,6,Sethi–Ullman algorithm,6.0833375032886767
bm25_per_question_n500_d10_20260726_r01,bm25,per_question,5a87bada5542994846c1cddc,7,David H. Bailey,5.4979327464625074
bm25_per_question_n500_d10_20260726_r01,bm25,per_question,5a87bada5542994846c1cddc,8,Nuria Oliver,4.7287106088840591
bm25_per_question_n500_d10_20260726_r01,bm25,per_question,5a87bada5542994846c1cddc,9,Franz Josef Och,4.4939045457840354
bm25_per_question_n500_d10_20260726_r01,bm25,per_question,5a87bada5542994846c1cddc,10,"Compilers: Principles, Techniques, and Tools",4.2327168559942008
bm25_per_question_n500_d10_20260726_r01,bm25,per_question,5a87c13f5542996e4f30890c,1,Franco Corelli,6.9766325304631795
bm25_per_question_n500_d10_20260726_r01,bm25,per_question,5a87c13f5542996e4f30890c,2,Ron Bottcher,5.5429703244739565
bm25_per_question_n500_d10_20260726_r01,bm25,per_question,5a87c13f5542996e4f30890c,3,Tosca (1956 film),5.3959631220587099
bm25_per_question_n500_d10_20260726_r01,bm25,per_question,5a87c13f5542996e4f30890c,4,La Bohème (1988 film),5.145745071448375
bm25_per_question_n500_d10_20260726_r01,bm25,per_question,5a87c13f5542996e4f30890c,5,Cesira Ferrani,4.9344332290416162
bm25_per_question_n500_d10_20260726_r01,bm25,per_question,5a87c13f5542996e4f30890c,6,La fanciulla del West,4.839644598881863
bm25_per_question_n500_d10_20260726_r01,bm25,per_question,5a87c13f5542996e4f30890c,7,Gianni Schicchi,4.7525013313428666
bm25_per_question_n500_d10_20260726_r01,bm25,per_question,5a87c13f5542996e4f30890c,8,O mio babbino caro,4.566936251708217
bm25_per_question_n500_d10_20260726_r01,bm25,per_question,5a87c13f5542996e4f30890c,9,Festival Puccini,4.3379088937018935
bm25_per_question_n500_d10_20260726_r01,bm25,per_question,5a87c13f5542996e4f30890c,10,Jacopo Puccini,4.090333994999007
bm25_per_question_n500_d10_20260726_r01,bm25,per_question,5a87d8215542994775f60800,1,David Ayer,15.172080737588718
bm25_per_question_n500_d10_20260726_r01,bm25,per_question,5a87d8215542994775f60800,2,South of 8,8.9259949190201713
bm25_per_question_n500_d10_20260726_r01,bm25,per_question,5a87d8215542994775f60800,3,End of Watch,8.5985837905381644
bm25_per_question_n500_d10_20260726_r01,bm25,per_question,5a87d8215542994775f60800,4,Harsh Times,8.2681519464806144
bm25_per_question_n500_d10_20260726_r01,bm25,per_question,5a87d8215542994775f60800,5,Central Avenue (Los Angeles),6.6718765293683004
bm25_per_question_n500_d10_20260726_r01,bm25,per_question,5a87d8215542994775f60800,6,Barriox13,6.5217934000312603
bm25_per_question_n500_d10_20260726_r01,bm25,per_question,5a87d8215542994775f60800,7,Street Kings 2: Motor City,6.0347689780483558
bm25_per_question_n500_d10_20260726_r01,bm25,per_question,5a87d8215542994775f60800,8,Bonsallo Avenue,5.943028126321118
bm25_per_question_n500_d10_20260726_r01,bm25,per_question,5a87d8215542994775f60800,9,DoubleTree by Hilton Hotel Los Angeles Downtown,5.7022321262644402
bm25_per_question_n500_d10_20260726_r01,bm25,per_question,5a87d8215542994775f60800,10,"West Athens, California",5.5494208321717267
bm25_per_question_n500_d10_20260726_r01,bm25,per_question,5a88658955429938390d3f47,1,Rostker v. Goldberg,9.827738962582524
bm25_per_question_n500_d10_20260726_r01,bm25,per_question,5a88658955429938390d3f47,2,Conscription in the United States,6.9421728303701418
bm25_per_question_n500_d10_20260726_r01,bm25,per_question,5a88658955429938390d3f47,3,Fernando Tapias Stahelin,5.9299714985948295
bm25_per_question_n500_d10_20260726_r01,bm25,per_question,5a88658955429938390d3f47,4,Franklin D. Roosevelt's record on civil rights,5.8603620817431077
bm25_per_question_n500_d10_20260726_r01,bm25,per_question,5a88658955429938390d3f47,5,Armed Forces Covenant,5.371728147906623
bm25_per_question_n500_d10_20260726_r01,bm25,per_question,5a88658955429938390d3f47,6,2010 Kiev Victory Day Parade,4.7981519071364769
bm25_per_question_n500_d10_20260726_r01,bm25,per_question,5a88658955429938390d3f47,7,Armed Forces Day (Poland),4.5749383381684519
bm25_per_question_n500_d10_20260726_r01,bm25,per_question,5a88658955429938390d3f47,8,"One Rank, One Pension",4.3935796863955288
bm25_per_question_n500_d10_20260726_r01,bm25,per_question,5a88658955429938390d3f47,9,September 16 military parade,4.1636077726658804
bm25_per_question_n500_d10_20260726_r01,bm25,per_question,5a88658955429938390d3f47,10,Chief of the Defence Staff (Canada),4.1299523260926785
bm25_per_question_n500_d10_20260726_r01,bm25,per_question,5a886886554299206df2b258,1,Liu Ailing,8.9405926137152747
bm25_per_question_n500_d10_20260726_r01,bm25,per_question,5a886886554299206df2b258,2,EAFF E-1 Football Championship,5.9045243088501564
bm25_per_question_n500_d10_20260726_r01,bm25,per_question,5a886886554299206df2b258,3,Gambia women's national football team,5.68334045844139
bm25_per_question_n500_d10_20260726_r01,bm25,per_question,5a886886554299206df2b258,4,1929–30 British Home Championship,5.5192937461050011
bm25_per_question_n500_d10_20260726_r01,bm25,per_question,5a886886554299206df2b258,5,Togo women's national football team,4.9357385599265644
bm25_per_question_n500_d10_20260726_r01,bm25,per_question,5a886886554299206df2b258,6,EAFF E-1 Football Championship (women),4.5502396786673298
bm25_per_question_n500_d10_20260726_r01,bm25,per_question,5a886886554299206df2b258,7,2016 COTIF Tournament,4.2635510021386747
bm25_per_question_n500_d10_20260726_r01,bm25,per_question,5a886886554299206df2b258,8,FIFA Women's World Cup,4.2441165888629797
bm25_per_question_n500_d10_20260726_r01,bm25,per_question,5a886886554299206df2b258,9,Geri Donnelly,3.8664809941996308
bm25_per_question_n500_d10_20260726_r01,bm25,per_question,5a886886554299206df2b258,10,Women's Nordic Football Championship,3.7047368745042029
bm25_per_question_n500_d10_20260726_r01,bm25,per_question,5a887bc0554299206df2b2b6,1,Argentine PGA Championship,6.7802871179113424
bm25_per_question_n500_d10_20260726_r01,bm25,per_question,5a887bc0554299206df2b2b6,2,Middle Atlantic PGA Championship,4.6168232083072107
bm25_per_question_n500_d10_20260726_r01,bm25,per_question,5a887bc0554299206df2b2b6,3,Roberto De Vicenzo,4.0909732607085498
bm25_per_question_n500_d10_20260726_r01,bm25,per_question,5a887bc0554299206df2b2b6,4,Northern California PGA Championship,2.8344322860146725
bm25_per_question_n500_d10_20260726_r01,bm25,per_question,5a887bc0554299206df2b2b6,5,2000 PGA Championship,2.761564530386007
bm25_per_question_n500_d10_20260726_r01,bm25,per_question,5a887bc0554299206df2b2b6,6,1939 PGA Championship,2.7238307538099411
bm25_per_question_n500_d10_20260726_r01,bm25,per_question,5a887bc0554299206df2b2b6,7,1940 PGA Championship,2.564848221711566
bm25_per_question_n500_d10_20260726_r01,bm25,per_question,5a887bc0554299206df2b2b6,8,1977 PGA Championship,2.5456010909516795
bm25_per_question_n500_d10_20260726_r01,bm25,per_question,5a887bc0554299206df2b2b6,9,2006 PGA Championship,2.3875955459789773
bm25_per_question_n500_d10_20260726_r01,bm25,per_question,5a887bc0554299206df2b2b6,10,2018 PGA Championship,2.3361491395703835
bm25_per_question_n500_d10_20260726_r01,bm25,per_question,5a88a4245542997e5c09a668,1,Roscoe Channing,8.5044191629972605
bm25_per_question_n500_d10_20260726_r01,bm25,per_question,5a88a4245542997e5c09a668,2,Cornelius Vanderbilt Whitney,7.5447040323447547
bm25_per_question_n500_d10_20260726_r01,bm25,per_question,5a88a4245542997e5c09a668,3,Equix,4.5102711229028927
bm25_per_question_n500_d10_20260726_r01,bm25,per_question,5a88a4245542997e5c09a668,4,Palm Meadows Thoroughbred Training Center,3.9721703647388193
bm25_per_question_n500_d10_20260726_r01,bm25,per_question,5a88a4245542997e5c09a668,5,Night Raid,3.4885774403228478
bm25_per_question_n500_d10_20260726_r01,bm25,per_question,5a88a4245542997e5c09a668,6,2008 World Thoroughbred Rankings,3.0814256344379372
bm25_per_question_n500_d10_20260726_r01,bm25,per_question,5a88a4245542997e5c09a668,7,List of leading Thoroughbred racehorses,3.0068833019182457
bm25_per_question_n500_d10_20260726_r01,bm25,per_question,5a88a4245542997e5c09a668,8,2009 World Thoroughbred Rankings,2.7583994385850197
bm25_per_question_n500_d10_20260726_r01,bm25,per_question,5a88a4245542997e5c09a668,9,2012 World Thoroughbred Rankings,2.7583994385850197
bm25_per_question_n500_d10_20260726_r01,bm25,per_question,5a88a4245542997e5c09a668,10,2011 World Thoroughbred Rankings,2.7583994385850197
bm25_per_question_n500_d10_20260726_r01,bm25,per_question,5a88d745554299206df2b378,1,David Yates,5.5881790005891681
bm25_per_question_n500_d10_20260726_r01,bm25,per_question,5a88d745554299206df2b378,2,Divorce Italian Style,2.1061278927095519
bm25_per_question_n500_d10_20260726_r01,bm25,per_question,5a88d745554299206df2b378,3,Black 13,2.0893126879070061
bm25_per_question_n500_d10_20260726_r01,bm25,per_question,5a88d745554299206df2b378,4,Cineriz,1.9324945620445
bm25_per_question_n500_d10_20260726_r01,bm25,per_question,5a88d745554299206df2b378,5,The Testimony (1946 film),1.8465598971753092
bm25_per_question_n500_d10_20260726_r01,bm25,per_question,5a88d745554299206df2b378,6,Lipstick (1960 film),1.7430393398540009
bm25_per_question_n500_d10_20260726_r01,bm25,per_question,5a88d745554299206df2b378,7,Pietro Germi,1.736916595569391
bm25_per_question_n500_d10_20260726_r01,bm25,per_question,5a88d745554299206df2b378,8,Serafino (film),1.1180295247478156
bm25_per_question_n500_d10_20260726_r01,bm25,per_question,5a88d745554299206df2b378,9,Ottavio Alessi,1.0451295638713514
bm25_per_question_n500_d10_20260726_r01,bm25,per_question,5a88d745554299206df2b378,10,Commedia all'italiana,0.78389822816335253
bm25_per_question_n500_d10_20260726_r01,bm25,per_question,5a88dcf9554299206df2b383,1,Hatton Hill,6.0661609908201992
bm25_per_question_n500_d10_20260726_r01,bm25,per_question,5a88dcf9554299206df2b383,2,"Hatton Castle, Angus",4.0645750937633505
bm25_per_question_n500_d10_20260726_r01,bm25,per_question,5a88dcf9554299206df2b383,3,Angus cattle,3.9408519830204805
bm25_per_question_n500_d10_20260726_r01,bm25,per_question,5a88dcf9554299206df2b383,4,Hatton baronets,3.7863108024285062
bm25_per_question_n500_d10_20260726_r01,bm25,per_question,5a88dcf9554299206df2b383,5,"Hatton Castle, Aberdeenshire",3.7718153154224408
bm25_per_question_n500_d10_20260726_r01,bm25,per_question,5a88dcf9554299206df2b383,6,Lung Fu Shan Country Park,3.2785389638651043
bm25_per_question_n500_d10_20260726_r01,bm25,per_question,5a88dcf9554299206df2b383,7,Auchterhouse Castle,3.0728311554588057
bm25_per_question_n500_d10_20260726_r01,bm25,per_question,5a88dcf9554299206df2b383,8,"Hatton, Warwickshire",2.791016229608223
bm25_per_question_n500_d10_20260726_r01,bm25,per_question,5a88dcf9554299206df2b383,9,Hutton Castle,2.411140402777332
bm25_per_question_n500_d10_20260726_r01,bm25,per_question,5a88dcf9554299206df2b383,10,Broughty Castle,1.7599116493392133
bm25_per_question_n500_d10_20260726_r01,bm25,per_question,5a88e605554299206df2b39c,1,"Wytheville, Virginia",18.514633335650888
bm25_per_question_n500_d10_20260726_r01,bm25,per_question,5a88e605554299206df2b39c,2,Interstate 81 in Virginia,12.182160242822949
bm25_per_question_n500_d10_20260726_r01,bm25,per_question,5a88e605554299206df2b39c,3,List of Interstate Highways in Maryland,11.447686651223417
bm25_per_question_n500_d10_20260726_r01,bm25,per_question,5a88e605554299206df2b39c,4,List of Interstate Highways in Illinois,11.081210241908092
bm25_per_question_n500_d10_20260726_r01,bm25,per_question,5a88e605554299206df2b39c,5,List of auxiliary Interstate Highways,11.071941918210955
bm25_per_question_n500_d10_20260726_r01,bm25,per_question,5a88e605554299206df2b39c,6,List of Interstate Highways in Texas,10.957641175939589
bm25_per_question_n500_d10_20260726_r01,bm25,per_question,5a88e605554299206df2b39c,7,List of Interstate Highways in New York,10.178594822281141
bm25_per_question_n500_d10_20260726_r01,bm25,per_question,5a88e605554299206df2b39c,8,Interstate 85 in Virginia,10.074218746766658
bm25_per_question_n500_d10_20260726_r01,bm25,per_question,5a88e605554299206df2b39c,9,1962 Utah state route renumbering,9.6405723738895084
bm25_per_question_n500_d10_20260726_r01,bm25,per_question,5a88e605554299206df2b39c,10,Interstate 40 in North Carolina,9.4350112289464008
bm25_per_question_n500_d10_20260726_r01,bm25,per_question,5a88f9555542995153361214,1,Jeep Cherokee,10.054894285784339
bm25_per_question_n500_d10_20260726_r01,bm25,per_question,5a88f9555542995153361214,2,Jeep Wagoneer (SJ),7.4471937024653467
bm25_per_question_n500_d10_20260726_r01,bm25,per_question,5a88f9555542995153361214,3,Jeep Cherokee (XJ),5.9116076867606733
bm25_per_question_n500_d10_20260726_r01,bm25,per_question,5a88f9555542995153361214,4,Jeep Liberty,5.7203381346489968
bm25_per_question_n500_d10_20260726_r01,bm25,per_question,5a88f9555542995153361214,5,Jeep Cherokee (SJ),5.4417416783077845
bm25_per_question_n500_d10_20260726_r01,bm25,per_question,5a88f9555542995153361214,6,Jeep Liberty (KJ),5.4124671609855817
bm25_per_question_n500_d10_20260726_r01,bm25,per_question,5a88f9555542995153361214,7,Jeep Liberty (KK),5.1172481581049487
bm25_per_question_n500_d10_20260726_r01,bm25,per_question,5a88f9555542995153361214,8,Jeep Cherokee (KL),4.2963277318392379
bm25_per_question_n500_d10_20260726_r01,bm25,per_question,5a88f9555542995153361214,9,Richard A. Teague,4.2453742446201046
bm25_per_question_n500_d10_20260726_r01,bm25,per_question,5a88f9555542995153361214,10,Jeep Grand Cherokee (WK2),4.2080767060752722
bm25_per_question_n500_d10_20260726_r01,bm25,per_question,5a895d305542993b751ca931,1,Lewis Young,4.2720274730960881
bm25_per_question_n500_d10_20260726_r01,bm25,per_question,5a895d305542993b751ca931,2,Rick Clausen,3.2163646139965172
bm25_per_question_n500_d10_20260726_r01,bm25,per_question,5a895d305542993b751ca931,3,William T. Van de Graaff,2.304601647241701
bm25_per_question_n500_d10_20260726_r01,bm25,per_question,5a895d305542993b751ca931,4,Ashley Young,1.7358971053106167
bm25_per_question_n500_d10_20260726_r01,bm25,per_question,5a895d305542993b751ca931,5,Scott Young (American football),1.1854703920318552
bm25_per_question_n500_d10_20260726_r01,bm25,per_question,5a895d305542993b751ca931,6,Yasuhito Endō,0.91566765203887279
bm25_per_question_n500_d10_20260726_r01,bm25,per_question,5a895d305542993b751ca931,7,Bob Young (American football),0.9021377142723549
bm25_per_question_n500_d10_20260726_r01,bm25,per_question,5a895d305542993b751ca931,8,Lewis Young (Australian footballer),0.85335112018691506
bm25_per_question_n500_d10_20260726_r01,bm25,per_question,5a895d305542993b751ca931,9,George Young (Scottish footballer),0.48363705612211089
bm25_per_question_n500_d10_20260726_r01,bm25,per_question,5a895d305542993b751ca931,10,Vanda &amp; Young,0
bm25_per_question_n500_d10_20260726_r01,bm25,per_question,5a89706055429951533612f9,1,Scott Sandelin,7.1601153112356295
bm25_per_question_n500_d10_20260726_r01,bm25,per_question,5a89706055429951533612f9,2,John Scott (ice hockey),5.5975132668477547
bm25_per_question_n500_d10_20260726_r01,bm25,per_question,5a89706055429951533612f9,3,"Audra, Texas",3.4845161350695104
bm25_per_question_n500_d10_20260726_r01,bm25,per_question,5a89706055429951533612f9,4,Mike Beard (politician),3.4625306376974816
bm25_per_question_n500_d10_20260726_r01,bm25,per_question,5a89706055429951533612f9,5,Scott County Transit,3.1236996574630784
bm25_per_question_n500_d10_20260726_r01,bm25,per_question,5a89706055429951533612f9,6,"Mankato, Minnesota",2.7852591442765311
bm25_per_question_n500_d10_20260726_r01,bm25,per_question,5a89706055429951533612f9,7,Martin Mahoney,2.6623088271385242
bm25_per_question_n500_d10_20260726_r01,bm25,per_question,5a89706055429951533612f9,8,Scottsburg Courthouse Square Historic District,2.6509121998202874
bm25_per_question_n500_d10_20260726_r01,bm25,per_question,5a89706055429951533612f9,9,"Lewiston, Dakota County, Minnesota",2.536521932004443
bm25_per_question_n500_d10_20260726_r01,bm25,per_question,5a89706055429951533612f9,10,"Hibbing, Minnesota",2.2518321710398075
bm25_per_question_n500_d10_20260726_r01,bm25,per_question,5a8979f4554299669944a52e,1,Bobbi Bacha,9.4874181950587246
bm25_per_question_n500_d10_20260726_r01,bm25,per_question,5a8979f4554299669944a52e,2,Suburban Madness,6.8339760244346461
bm25_per_question_n500_d10_20260726_r01,bm25,per_question,5a8979f4554299669944a52e,3,Chris Funk,5.883688054333625
bm25_per_question_n500_d10_20260726_r01,bm25,per_question,5a8979f4554299669944a52e,4,Jeff Strabone,5.2270769316386412
bm25_per_question_n500_d10_20260726_r01,bm25,per_question,5a8979f4554299669944a52e,5,Middle name,4.5751115094692034
bm25_per_question_n500_d10_20260726_r01,bm25,per_question,5a8979f4554299669944a52e,6,Latvian name,4.1402292645096548
bm25_per_question_n500_d10_20260726_r01,bm25,per_question,5a8979f4554299669944a52e,7,Barend,4.0102006704616606
bm25_per_question_n500_d10_20260726_r01,bm25,per_question,5a8979f4554299669944a52e,8,Singh,3.8426515590930137
bm25_per_question_n500_d10_20260726_r01,bm25,per_question,5a8979f4554299669944a52e,9,Marion Christopher Barry,3.0556086455780482
bm25_per_question_n500_d10_20260726_r01,bm25,per_question,5a8979f4554299669944a52e,10,Sela Ward,2.3542369465752921
bm25_per_question_n500_d10_20260726_r01,bm25,per_question,5a89f5815542993b751ca9c5,1,The Magical Legend of the Leprechauns,6.0834803318535533
bm25_per_question_n500_d10_20260726_r01,bm25,per_question,5a89f5815542993b751ca9c5,2,The Boys Next Door (1996 film),4.4309922897574854
bm25_per_question_n500_d10_20260726_r01,bm25,per_question,5a89f5815542993b751ca9c5,3,Snow White: The Fairest of Them All,3.6205832326132983
bm25_per_question_n500_d10_20260726_r01,bm25,per_question,5a89f5815542993b751ca9c5,4,Snow Queen (2002 film),3.6022953229489181
bm25_per_question_n500_d10_20260726_r01,bm25,per_question,5a89f5815542993b751ca9c5,5,You Me and Captain Longbridge,3.3967968065735468
bm25_per_question_n500_d10_20260726_r01,bm25,per_question,5a89f5815542993b751ca9c5,6,Caroline Carver (actress),3.2679690185607324
bm25_per_question_n500_d10_20260726_r01,bm25,per_question,5a89f5815542993b751ca9c5,7,La Femme Musketeer,2.2034590471511621
bm25_per_question_n500_d10_20260726_r01,bm25,per_question,5a89f5815542993b751ca9c5,8,Family Plan,2.2024467109475379
bm25_per_question_n500_d10_20260726_r01,bm25,per_question,5a89f5815542993b751ca9c5,9,Silver Bells (film),1.2870585684311198
bm25_per_question_n500_d10_20260726_r01,bm25,per_question,5a89f5815542993b751ca9c5,10,Donald J. Hall Jr.,1.2391749992177008
bm25_per_question_n500_d10_20260726_r01,bm25,per_question,5a89fb525542993b751ca9d6,1,Night Ferry (composition),9.0663261472774472
bm25_per_question_n500_d10_20260726_r01,bm25,per_question,5a89fb525542993b751ca9d6,2,Symphony No. 5 (Rouse),2.6060871836965749
bm25_per_question_n500_d10_20260726_r01,bm25,per_question,5a89fb525542993b751ca9d6,3,Alternative Energy (composition),2.3679371481456779
bm25_per_question_n500_d10_20260726_r01,bm25,per_question,5a89fb525542993b751ca9d6,4,The Seamstress (Clyne),2.3627194093574864
bm25_per_question_n500_d10_20260726_r01,bm25,per_question,5a89fb525542993b751ca9d6,5,Spangled Unicorn,2.0959713679487559
bm25_per_question_n500_d10_20260726_r01,bm25,per_question,5a89fb525542993b751ca9d6,6,Soundings (Carter),2.0685998676627086
bm25_per_question_n500_d10_20260726_r01,bm25,per_question,5a89fb525542993b751ca9d6,7,"Proceed, Moon",2.0160658139147869
bm25_per_question_n500_d10_20260726_r01,bm25,per_question,5a89fb525542993b751ca9d6,8,Symphony Center,1.9826206666712314
bm25_per_question_n500_d10_20260726_r01,bm25,per_question,5a89fb525542993b751ca9d6,9,Clarinet Concerto (Rouse),1.9534308730264567
bm25_per_question_n500_d10_20260726_r01,bm25,per_question,5a89fb525542993b751ca9d6,10,Anthology of Fantastic Zoology,1.9251881489899501
bm25_per_question_n500_d10_20260726_r01,bm25,per_question,5a8a3e745542996c9b8d5e70,1,Tunnels &amp; Trolls,9.3586071679295806
bm25_per_question_n500_d10_20260726_r01,bm25,per_question,5a8a3e745542996c9b8d5e70,2,"Mercenaries, Spies and Private Eyes",8.6105723998032264
bm25_per_question_n500_d10_20260726_r01,bm25,per_question,5a8a3e745542996c9b8d5e70,3,Tunnels &amp; Trolls: Crusaders of Khazan,7.9551967874593963
bm25_per_question_n500_d10_20260726_r01,bm25,per_question,5a8a3e745542996c9b8d5e70,4,Crank Caverns,6.6981680724300272
bm25_per_question_n500_d10_20260726_r01,bm25,per_question,5a8a3e745542996c9b8d5e70,5,Starfaring,6.3619316177470502
bm25_per_question_n500_d10_20260726_r01,bm25,per_question,5a8a3e745542996c9b8d5e70,6,Arena of Khazan,5.6574022973994493
bm25_per_question_n500_d10_20260726_r01,bm25,per_question,5a8a3e745542996c9b8d5e70,7,St. Andre's Parish,4.2519293631396264
bm25_per_question_n500_d10_20260726_r01,bm25,per_question,5a8a3e745542996c9b8d5e70,8,Ken St. Andre,3.7166163117361459
bm25_per_question_n500_d10_20260726_r01,bm25,per_question,5a8a3e745542996c9b8d5e70,9,St. Andre (Goa Assembly constituency),3.6327959613068161
bm25_per_question_n500_d10_20260726_r01,bm25,per_question,5a8a3e745542996c9b8d5e70,10,Jon St. Andre,3.2010374575434835
bm25_per_question_n500_d10_20260726_r01,bm25,per_question,5a8a43eb5542996c9b8d5e82,1,PNG solution,16.193468174944744
bm25_per_question_n500_d10_20260726_r01,bm25,per_question,5a8a43eb5542996c9b8d5e82,2,"Westminster School, Adelaide",13.603710158976909
bm25_per_question_n500_d10_20260726_r01,bm25,per_question,5a8a43eb5542996c9b8d5e82,3,"Sainik School Balachadi, Jamnagar",11.351701596932259
bm25_per_question_n500_d10_20260726_r01,bm25,per_question,5a8a43eb5542996c9b8d5e82,4,Grace Church School,10.144448705214105
bm25_per_question_n500_d10_20260726_r01,bm25,per_question,5a8a43eb5542996c9b8d5e82,5,"Cotter High School (Winona, Minnesota)",9.7866030347377571
bm25_per_question_n500_d10_20260726_r01,bm25,per_question,5a8a43eb5542996c9b8d5e82,6,"Marion, South Australia",9.6254611132999131
bm25_per_question_n500_d10_20260726_r01,bm25,per_question,5a8a43eb5542996c9b8d5e82,7,Concho Indian Boarding School,8.7289507470711172
bm25_per_question_n500_d10_20260726_r01,bm25,per_question,5a8a43eb5542996c9b8d5e82,8,Grennaskolan,8.5639534977848726
bm25_per_question_n500_d10_20260726_r01,bm25,per_question,5a8a43eb5542996c9b8d5e82,9,Princeton High School (Illinois),8.350073778561601
bm25_per_question_n500_d10_20260726_r01,bm25,per_question,5a8a43eb5542996c9b8d5e82,10,Vishwajyoti Higher Secondary School,8.2699640110383914
bm25_per_question_n500_d10_20260726_r01,bm25,per_question,5a8af28555429951533613b5,1,"Albert Park, Victoria",17.420679909333039
bm25_per_question_n500_d10_20260726_r01,bm25,per_question,5a8af28555429951533613b5,2,1956 Night Series Cup,3.9081139377897545
bm25_per_question_n500_d10_20260726_r01,bm25,per_question,5a8af28555429951533613b5,3,1958 Night Series Cup,3.3783234737659966
bm25_per_question_n500_d10_20260726_r01,bm25,per_question,5a8af28555429951533613b5,4,1967 Golden Fleece Cup,2.7641442271591403
bm25_per_question_n500_d10_20260726_r01,bm25,per_question,5a8af28555429951533613b5,5,1960 Night Series Cup,2.7398881955964662
bm25_per_question_n500_d10_20260726_r01,bm25,per_question,5a8af28555429951533613b5,6,1961 Night Series Cup,2.7001512351046877
bm25_per_question_n500_d10_20260726_r01,bm25,per_question,5a8af28555429951533613b5,7,1966 Golden Fleece Cup,2.681943422534883
bm25_per_question_n500_d10_20260726_r01,bm25,per_question,5a8af28555429951533613b5,8,1965 Golden Fleece Cup,2.6507816855831465
bm25_per_question_n500_d10_20260726_r01,bm25,per_question,5a8af28555429951533613b5,9,1971 Heinz Cup,2.6137865079836935
bm25_per_question_n500_d10_20260726_r01,bm25,per_question,5a8af28555429951533613b5,10,1957 Night Series Cup,2.6050792099485505
bm25_per_question_n500_d10_20260726_r01,bm25,per_question,5a8b20335542996c9b8d5fb3,1,Charlotte Hornets,14.544432223960968
bm25_per_question_n500_d10_20260726_r01,bm25,per_question,5a8b20335542996c9b8d5fb3,2,Muggsy Bogues,12.80028924030457
bm25_per_question_n500_d10_20260726_r01,bm25,per_question,5a8b20335542996c9b8d5fb3,3,Ayana Walker,11.668238647210817
bm25_per_question_n500_d10_20260726_r01,bm25,per_question,5a8b20335542996c9b8d5fb3,4,2014–15 Charlotte Hornets season,10.594345173829693
bm25_per_question_n500_d10_20260726_r01,bm25,per_question,5a8b20335542996c9b8d5fb3,5,1992–93 Charlotte Hornets season,8.5510266761607188
bm25_per_question_n500_d10_20260726_r01,bm25,per_question,5a8b20335542996c9b8d5fb3,6,Charlotte Hornets draft history,8.5003437566682774
bm25_per_question_n500_d10_20260726_r01,bm25,per_question,5a8b20335542996c9b8d5fb3,7,List of Texas Tech Lady Raiders in the WNBA Draft,7.9351186387454771
bm25_per_question_n500_d10_20260726_r01,bm25,per_question,5a8b20335542996c9b8d5fb3,8,Charlotte Hornets all-time roster,7.7795865696187647
bm25_per_question_n500_d10_20260726_r01,bm25,per_question,5a8b20335542996c9b8d5fb3,9,List of Charlotte Hornets seasons,7.7526188095507269
bm25_per_question_n500_d10_20260726_r01,bm25,per_question,5a8b20335542996c9b8d5fb3,10,2003 WNBA season,7.2729035027891369
bm25_per_question_n500_d10_20260726_r01,bm25,per_question,5a8b3af455429971feec467b,1,Blinding Edge Pictures,7.2914324460615019
bm25_per_question_n500_d10_20260726_r01,bm25,per_question,5a8b3af455429971feec467b,2,Signs (film),4.5877103623753097
bm25_per_question_n500_d10_20260726_r01,bm25,per_question,5a8b3af455429971feec467b,3,In Country,2.667752262016164
bm25_per_question_n500_d10_20260726_r01,bm25,per_question,5a8b3af455429971feec467b,4,The Whole Nine Yards (film),2.3077182692660596
bm25_per_question_n500_d10_20260726_r01,bm25,per_question,5a8b3af455429971feec467b,5,Last Man Standing (1996 film),1.7649701981293835
bm25_per_question_n500_d10_20260726_r01,bm25,per_question,5a8b3af455429971feec467b,6,Unbreakable (film),1.6258108491096812
bm25_per_question_n500_d10_20260726_r01,bm25,per_question,5a8b3af455429971feec467b,7,Striking Distance,1.6098339316978429
bm25_per_question_n500_d10_20260726_r01,bm25,per_question,5a8b3af455429971feec467b,8,Lay the Favorite,1.566796312982937
bm25_per_question_n500_d10_20260726_r01,bm25,per_question,5a8b3af455429971feec467b,9,Mercury Rising,1.2803232907213244
bm25_per_question_n500_d10_20260726_r01,bm25,per_question,5a8b3af455429971feec467b,10,Cop Out (2010 film),1.2781626505694828
bm25_per_question_n500_d10_20260726_r01,bm25,per_question,5a8b452655429971feec468e,1,2000–01 Minnesota Timberwolves season,8.6630453970978625
bm25_per_question_n500_d10_20260726_r01,bm25,per_question,5a8b452655429971feec468e,2,Delray Brooks,7.2670164489867419
bm25_per_question_n500_d10_20260726_r01,bm25,per_question,5a8b452655429971feec468e,3,Ricky Rubio,6.5915294474528077
bm25_per_question_n500_d10_20260726_r01,bm25,per_question,5a8b452655429971feec468e,4,Mike Edwards (basketball),6.3134786728976806
bm25_per_question_n500_d10_20260726_r01,bm25,per_question,5a8b452655429971feec468e,5,Von McDade,6.1975882594276319
bm25_per_question_n500_d10_20260726_r01,bm25,per_question,5a8b452655429971feec468e,6,Richie Garner,5.8938234896480317
bm25_per_question_n500_d10_20260726_r01,bm25,per_question,5a8b452655429971feec468e,7,Kevin Garnett,5.4305410450935003
bm25_per_question_n500_d10_20260726_r01,bm25,per_question,5a8b452655429971feec468e,8,Jerry Lucas,5.1470923423737496
bm25_per_question_n500_d10_20260726_r01,bm25,per_question,5a8b452655429971feec468e,9,Curt Smith (basketball),4.6444089461652274
bm25_per_question_n500_d10_20260726_r01,bm25,per_question,5a8b452655429971feec468e,10,Eduardo Portela,3.2318951850118935
bm25_per_question_n500_d10_20260726_r01,bm25,per_question,5a8b57f25542995d1e6f1371,1,Doctor Strange (2016 film),4.1583864132720958
bm25_per_question_n500_d10_20260726_r01,bm25,per_question,5a8b57f25542995d1e6f1371,2,"Woodson, Arkansas",3.9267577414193515
bm25_per_question_n500_d10_20260726_r01,bm25,per_question,5a8b57f25542995d1e6f1371,3,Conrad Brooks,3.0445821567082128
bm25_per_question_n500_d10_20260726_r01,bm25,per_question,5a8b57f25542995d1e6f1371,4,Scott Derrickson,2.9746788189511681
bm25_per_question_n500_d10_20260726_r01,bm25,per_question,5a8b57f25542995d1e6f1371,5,Sinister (film),2.9180954561851511
bm25_per_question_n500_d10_20260726_r01,bm25,per_question,5a8b57f25542995d1e6f1371,6,Ed Wood (film),2.8857698675061934
bm25_per_question_n500_d10_20260726_r01,bm25,per_question,5a8b57f25542995d1e6f1371,7,Tyler Bates,2.6961342836492541
bm25_per_question_n500_d10_20260726_r01,bm25,per_question,5a8b57f25542995d1e6f1371,8,Deliver Us from Evil (2014 film),2.6710154719559576
bm25_per_question_n500_d10_20260726_r01,bm25,per_question,5a8b57f25542995d1e6f1371,9,Adam Collis,2.4634593794559874
bm25_per_question_n500_d10_20260726_r01,bm25,per_question,5a8b57f25542995d1e6f1371,10,Ed Wood,1.1611922667006305
bm25_per_question_n500_d10_20260726_r01,bm25,per_question,5a8b63fa55429950cd6afcd7,1,Darling's Waterfront Pavilion,7.1932702765523633
bm25_per_question_n500_d10_20260726_r01,bm25,per_question,5a8b63fa55429950cd6afcd7,2,Sala (architecture),5.8779230121371189
bm25_per_question_n500_d10_20260726_r01,bm25,per_question,5a8b63fa55429950cd6afcd7,3,Kertha Gosa Pavilion,5.1718689231955244
bm25_per_question_n500_d10_20260726_r01,bm25,per_question,5a8b63fa55429950cd6afcd7,4,Concord Pavilion,5.0504499585494642
bm25_per_question_n500_d10_20260726_r01,bm25,per_question,5a8b63fa55429950cd6afcd7,5,Oleson Park Music Pavilion,4.9942458781449321
bm25_per_question_n500_d10_20260726_r01,bm25,per_question,5a8b63fa55429950cd6afcd7,6,Corus Quay,4.9360733235520833
bm25_per_question_n500_d10_20260726_r01,bm25,per_question,5a8b63fa55429950cd6afcd7,7,"Bangor, Maine",4.8470292321769293
bm25_per_question_n500_d10_20260726_r01,bm25,per_question,5a8b63fa55429950cd6afcd7,8,"Paulus Hook, Jersey City",4.6608582731924981
bm25_per_question_n500_d10_20260726_r01,bm25,per_question,5a8b63fa55429950cd6afcd7,9,Grandview Park Music Pavilion,4.3129575799788418
bm25_per_question_n500_d10_20260726_r01,bm25,per_question,5a8b63fa55429950cd6afcd7,10,Silver Line Way (MBTA station),4.13780063079217
bm25_per_question_n500_d10_20260726_r01,bm25,per_question,5a8b770f5542995d1e6f13a7,1,B Boy (song),4.7548019817428671
bm25_per_question_n500_d10_20260726_r01,bm25,per_question,5a8b770f5542995d1e6f13a7,2,B Boy Baby,3.5574055535917655
bm25_per_question_n500_d10_20260726_r01,bm25,per_question,5a8b770f5542995d1e6f13a7,3,Omarion,1.7646257352042107
bm25_per_question_n500_d10_20260726_r01,bm25,per_question,5a8b770f5542995d1e6f13a7,4,Raz-B,1.6994015218466654
bm25_per_question_n500_d10_20260726_r01,bm25,per_question,5a8b770f5542995d1e6f13a7,5,Under the Blue Moon,1.3699141315416583
bm25_per_question_n500_d10_20260726_r01,bm25,per_question,5a8b770f5542995d1e6f13a7,6,The Journey (Immature album),1.2885799786563978
bm25_per_question_n500_d10_20260726_r01,bm25,per_question,5a8b770f5542995d1e6f13a7,7,Imajin,1.276576097439601
bm25_per_question_n500_d10_20260726_r01,bm25,per_question,5a8b770f5542995d1e6f13a7,8,Meek Mill,1.0333407701096435
bm25_per_question_n500_d10_20260726_r01,bm25,per_question,5a8b770f5542995d1e6f13a7,9,Dr. Freeze,0.92133367075473915
bm25_per_question_n500_d10_20260726_r01,bm25,per_question,5a8b770f5542995d1e6f13a7,10,B2K,0.76962394731702866
bm25_per_question_n500_d10_20260726_r01,bm25,per_question,5a8b78775542997f31a41d3d,1,Baji Rao I,18.201548721267617
bm25_per_question_n500_d10_20260726_r01,bm25,per_question,5a8b78775542997f31a41d3d,2,Chimaji Appa,12.339721118836616
bm25_per_question_n500_d10_20260726_r01,bm25,per_question,5a8b78775542997f31a41d3d,3,Shahu I,10.210141563739061
bm25_per_question_n500_d10_20260726_r01,bm25,per_question,5a8b78775542997f31a41d3d,4,Balaji Vishwanath,10.076886906871616
bm25_per_question_n500_d10_20260726_r01,bm25,per_question,5a8b78775542997f31a41d3d,5,Maynak Bhandari,9.2033076777403053
bm25_per_question_n500_d10_20260726_r01,bm25,per_question,5a8b78775542997f31a41d3d,6,Maratha emperors,8.6921711763467098
bm25_per_question_n500_d10_20260726_r01,bm25,per_question,5a8b78775542997f31a41d3d,7,Maratha Navy,8.3062818187660898
bm25_per_question_n500_d10_20260726_r01,bm25,per_question,5a8b78775542997f31a41d3d,8,Balaji Kunjar,7.9971178929474691
bm25_per_question_n500_d10_20260726_r01,bm25,per_question,5a8b78775542997f31a41d3d,9,"New Palace, Kolhapur",6.9762475231186656
bm25_per_question_n500_d10_20260726_r01,bm25,per_question,5a8b78775542997f31a41d3d,10,Rajaram II of Satara,6.9049628924991779
bm25_per_question_n500_d10_20260726_r01,bm25,per_question,5a8b8b3155429949d91db5d7,1,Owner earnings,6.1199470745884463
bm25_per_question_n500_d10_20260726_r01,bm25,per_question,5a8b8b3155429949d91db5d7,2,George D. Buffett,4.3678788162887159
bm25_per_question_n500_d10_20260726_r01,bm25,per_question,5a8b8b3155429949d91db5d7,3,Warren Buffett,3.183686754189575
bm25_per_question_n500_d10_20260726_r01,bm25,per_question,5a8b8b3155429949d91db5d7,4,Buffett Foundation,3.0167595045746882
bm25_per_question_n500_d10_20260726_r01,bm25,per_question,5a8b8b3155429949d91db5d7,5,Susan Buffett,2.9931571112482787
bm25_per_question_n500_d10_20260726_r01,bm25,per_question,5a8b8b3155429949d91db5d7,6,Howard Warren Buffett,2.977623072308512
bm25_per_question_n500_d10_20260726_r01,bm25,per_question,5a8b8b3155429949d91db5d7,7,TaeguTec,2.8920340703336711
bm25_per_question_n500_d10_20260726_r01,bm25,per_question,5a8b8b3155429949d91db5d7,8,Susan Alice Buffett,2.8373201708448654
bm25_per_question_n500_d10_20260726_r01,bm25,per_question,5a8b8b3155429949d91db5d7,9,Howard Graham Buffett,2.373426268856639
bm25_per_question_n500_d10_20260726_r01,bm25,per_question,5a8b8b3155429949d91db5d7,10,The Warren Buffett Way,1.9516820827706254
bm25_per_question_n500_d10_20260726_r01,bm25,per_question,5a8b987f5542997f31a41d7a,1,Rubislaw quarry,8.059301699232698
bm25_per_question_n500_d10_20260726_r01,bm25,per_question,5a8b987f5542997f31a41d7a,2,Sue Grafton,7.4583806639650589
bm25_per_question_n500_d10_20260726_r01,bm25,per_question,5a8b987f5542997f31a41d7a,3,He Who Whispers,7.3186253325506394
bm25_per_question_n500_d10_20260726_r01,bm25,per_question,5a8b987f5542997f31a41d7a,4,The Crooked Hinge,6.2910880093076162
bm25_per_question_n500_d10_20260726_r01,bm25,per_question,5a8b987f5542997f31a41d7a,5,C. Hugh Holman,5.9156436853818484
bm25_per_question_n500_d10_20260726_r01,bm25,per_question,5a8b987f5542997f31a41d7a,6,Rupaye Dus Karod,5.3032429553368035
bm25_per_question_n500_d10_20260726_r01,bm25,per_question,5a8b987f5542997f31a41d7a,7,Lake District Mysteries,5.2766152198047962
bm25_per_question_n500_d10_20260726_r01,bm25,per_question,5a8b987f5542997f31a41d7a,8,&quot;Q&quot; Is for Quarry,5.0539302197152525
bm25_per_question_n500_d10_20260726_r01,bm25,per_question,5a8b987f5542997f31a41d7a,9,Andy Straka,4.7310148487231407
bm25_per_question_n500_d10_20260726_r01,bm25,per_question,5a8b987f5542997f31a41d7a,10,June Thomson,1.909222925384658
bm25_per_question_n500_d10_20260726_r01,bm25,per_question,5a8bb29b554299240d9c2089,1,George Raft,7.6036897112511506
bm25_per_question_n500_d10_20260726_r01,bm25,per_question,5a8bb29b554299240d9c2089,2,Claudia Drake,6.4520637105436869
bm25_per_question_n500_d10_20260726_r01,bm25,per_question,5a8bb29b554299240d9c2089,3,Gösta Prüzelius,3.9118110819565306
bm25_per_question_n500_d10_20260726_r01,bm25,per_question,5a8bb29b554299240d9c2089,4,William D. Russell (director),3.8979057867803246
bm25_per_question_n500_d10_20260726_r01,bm25,per_question,5a8bb29b554299240d9c2089,5,Cool from the Wire,3.789204116317459
bm25_per_question_n500_d10_20260726_r01,bm25,per_question,5a8bb29b554299240d9c2089,6,Johnny Angel,3.4227234055865705
bm25_per_question_n500_d10_20260726_r01,bm25,per_question,5a8bb29b554299240d9c2089,7,Johnny Lee Clary,3.0655771107533827
bm25_per_question_n500_d10_20260726_r01,bm25,per_question,5a8bb29b554299240d9c2089,8,Johnny Angel Wendell,2.6042298724623469
bm25_per_question_n500_d10_20260726_r01,bm25,per_question,5a8bb29b554299240d9c2089,9,Johnny Angel (song),2.2633465005394222
bm25_per_question_n500_d10_20260726_r01,bm25,per_question,5a8bb29b554299240d9c2089,10,Shelley Fabares,2.1638941260641413
bm25_per_question_n500_d10_20260726_r01,bm25,per_question,5a8c4c625542995e66a475a1,1,Hill Air Force Base,7.3173544614472537
bm25_per_question_n500_d10_20260726_r01,bm25,per_question,5a8c4c625542995e66a475a1,2,486th Flight Test Squadron,6.9649882192975809
bm25_per_question_n500_d10_20260726_r01,bm25,per_question,5a8c4c625542995e66a475a1,3,514th Flight Test Squadron,6.0303434517771688
bm25_per_question_n500_d10_20260726_r01,bm25,per_question,5a8c4c625542995e66a475a1,4,339th Flight Test Squadron,5.5406290535722045
bm25_per_question_n500_d10_20260726_r01,bm25,per_question,5a8c4c625542995e66a475a1,5,417th Flight Test Squadron,4.7598287142619382
bm25_per_question_n500_d10_20260726_r01,bm25,per_question,5a8c4c625542995e66a475a1,6,370th Flight Test Squadron,4.0245782893396251
bm25_per_question_n500_d10_20260726_r01,bm25,per_question,5a8c4c625542995e66a475a1,7,413th Flight Test Squadron,3.8792298476375793
bm25_per_question_n500_d10_20260726_r01,bm25,per_question,5a8c4c625542995e66a475a1,8,419th Flight Test Squadron,3.8656785784924255
bm25_per_question_n500_d10_20260726_r01,bm25,per_question,5a8c4c625542995e66a475a1,9,10th Flight Test Squadron,3.3194233949937355
bm25_per_question_n500_d10_20260726_r01,bm25,per_question,5a8c4c625542995e66a475a1,10,415th Flight Test Flight,3.1896465632693398
bm25_per_question_n500_d10_20260726_r01,bm25,per_question,5a8c5569554299240d9c2126,1,Gerry Marsden,3.5128544430506339
bm25_per_question_n500_d10_20260726_r01,bm25,per_question,5a8c5569554299240d9c2126,2,Ferry Cross the Mersey,3.4623953100751348
bm25_per_question_n500_d10_20260726_r01,bm25,per_question,5a8c5569554299240d9c2126,3,Don't Let the Sun Catch You Crying,3.3783160809843387
bm25_per_question_n500_d10_20260726_r01,bm25,per_question,5a8c5569554299240d9c2126,4,Hall &amp; Oates,3.2544870633766552
bm25_per_question_n500_d10_20260726_r01,bm25,per_question,5a8c5569554299240d9c2126,5,Live from Daryl's House,2.1441684199420021
bm25_per_question_n500_d10_20260726_r01,bm25,per_question,5a8c5569554299240d9c2126,6,Daryl Hall,1.9609957954145061
bm25_per_question_n500_d10_20260726_r01,bm25,per_question,5a8c5569554299240d9c2126,7,Did It in a Minute,1.7803935127241663
bm25_per_question_n500_d10_20260726_r01,bm25,per_question,5a8c5569554299240d9c2126,8,Jonathan Wolfson,1.6957812526077245
bm25_per_question_n500_d10_20260726_r01,bm25,per_question,5a8c5569554299240d9c2126,9,Janna Allen,1.6423250079797245
bm25_per_question_n500_d10_20260726_r01,bm25,per_question,5a8c5569554299240d9c2126,10,One on One (song),1.2083234273634522
bm25_per_question_n500_d10_20260726_r01,bm25,per_question,5a8c65a1554299585d9e3680,1,Ancient Order of Hibernians,15.59754121744205
bm25_per_question_n500_d10_20260726_r01,bm25,per_question,5a8c65a1554299585d9e3680,2,Shiners' War,15.094185087659659
bm25_per_question_n500_d10_20260726_r01,bm25,per_question,5a8c65a1554299585d9e3680,3,History of Irish Americans in Boston,12.552757512408668
bm25_per_question_n500_d10_20260726_r01,bm25,per_question,5a8c65a1554299585d9e3680,4,French Canadians,12.297404559456824
bm25_per_question_n500_d10_20260726_r01,bm25,per_question,5a8c65a1554299585d9e3680,5,History of the Irish Americans in Philadelphia,11.459142653772926
bm25_per_question_n500_d10_20260726_r01,bm25,per_question,5a8c65a1554299585d9e3680,6,Americo-Liberians,10.887850589017237
bm25_per_question_n500_d10_20260726_r01,bm25,per_question,5a8c65a1554299585d9e3680,7,Czechs in Ukraine,10.786808494990893
bm25_per_question_n500_d10_20260726_r01,bm25,per_question,5a8c65a1554299585d9e3680,8,Pingpu peoples,10.183387956512933
bm25_per_question_n500_d10_20260726_r01,bm25,per_question,5a8c65a1554299585d9e3680,9,Black Bermudian,9.6869198840287929
bm25_per_question_n500_d10_20260726_r01,bm25,per_question,5a8c65a1554299585d9e3680,10,Oku people (Sierra Leone),9.5078324577190472
bm25_per_question_n500_d10_20260726_r01,bm25,per_question,5a8c66db554299585d9e3683,1,Trading Mom,5.5911781301841348
bm25_per_question_n500_d10_20260726_r01,bm25,per_question,5a8c66db554299585d9e3683,2,Mom (film),4.9402569692745786
bm25_per_question_n500_d10_20260726_r01,bm25,per_question,5a8c66db554299585d9e3683,3,Phir Bhi Tumko Chaahunga,4.1324146948440186
bm25_per_question_n500_d10_20260726_r01,bm25,per_question,5a8c66db554299585d9e3683,4,Christian Bale filmography,3.7196530787270392
bm25_per_question_n500_d10_20260726_r01,bm25,per_question,5a8c66db554299585d9e3683,5,Gidget Goes to Rome,3.4850517827034158
bm25_per_question_n500_d10_20260726_r01,bm25,per_question,5a8c66db554299585d9e3683,6,Shashaa Tirupati,3.3799635033562594
bm25_per_question_n500_d10_20260726_r01,bm25,per_question,5a8c66db554299585d9e3683,7,Garfield Gets Real,3.2741523261845265
bm25_per_question_n500_d10_20260726_r01,bm25,per_question,5a8c66db554299585d9e3683,8,Chinatown Nights (1929 film),3.0830416801180505
bm25_per_question_n500_d10_20260726_r01,bm25,per_question,5a8c66db554299585d9e3683,9,Valentina (2008 film),2.7733365820129654
bm25_per_question_n500_d10_20260726_r01,bm25,per_question,5a8c66db554299585d9e3683,10,Eleventh Mom,1.2041655867726599
bm25_per_question_n500_d10_20260726_r01,bm25,per_question,5a8c7595554299585d9e36b6,1,A Kiss for Corliss,7.5356356141732403
bm25_per_question_n500_d10_20260726_r01,bm25,per_question,5a8c7595554299585d9e36b6,2,Secretary of State for Constitutional Affairs,6.9115020291135849
bm25_per_question_n500_d10_20260726_r01,bm25,per_question,5a8c7595554299585d9e36b6,3,Meet Corliss Archer (TV series),6.2368084134721427
bm25_per_question_n500_d10_20260726_r01,bm25,per_question,5a8c7595554299585d9e36b6,4,Village accountant,5.9283890272848634
bm25_per_question_n500_d10_20260726_r01,bm25,per_question,5a8c7595554299585d9e36b6,5,Kiss and Tell (1945 film),5.5025933846032018
bm25_per_question_n500_d10_20260726_r01,bm25,per_question,5a8c7595554299585d9e36b6,6,Lord High Treasurer,5.3947856259215845
bm25_per_question_n500_d10_20260726_r01,bm25,per_question,5a8c7595554299585d9e36b6,7,Charles Craft,5.0556927635007911
bm25_per_question_n500_d10_20260726_r01,bm25,per_question,5a8c7595554299585d9e36b6,8,Shirley Temple,4.5190459605333011
bm25_per_question_n500_d10_20260726_r01,bm25,per_question,5a8c7595554299585d9e36b6,9,Janet Waldo,3.9938496210399106
bm25_per_question_n500_d10_20260726_r01,bm25,per_question,5a8c7595554299585d9e36b6,10,Meet Corliss Archer,2.6820374251270471
bm25_per_question_n500_d10_20260726_r01,bm25,per_question,5a8cb288554299585d9e3726,1,Los Cabos International Film Festival,12.1004124801158
bm25_per_question_n500_d10_20260726_r01,bm25,per_question,5a8cb288554299585d9e3726,2,Oikos University shooting,10.795361169105078
bm25_per_question_n500_d10_20260726_r01,bm25,per_question,5a8cb288554299585d9e3726,3,Early-April 1957 tornado outbreak sequence,10.246546737483348
bm25_per_question_n500_d10_20260726_r01,bm25,per_question,5a8cb288554299585d9e3726,4,Robinson Ekspeditionen 2008,8.9099549749575395
bm25_per_question_n500_d10_20260726_r01,bm25,per_question,5a8cb288554299585d9e3726,5,Gymnastics at the 2002 Asian Games,8.7076532801423383
bm25_per_question_n500_d10_20260726_r01,bm25,per_question,5a8cb288554299585d9e3726,6,Tezno massacre,8.4735145624088961
bm25_per_question_n500_d10_20260726_r01,bm25,per_question,5a8cb288554299585d9e3726,7,April 2007 Mosul massacre,8.4198034276037745
bm25_per_question_n500_d10_20260726_r01,bm25,per_question,5a8cb288554299585d9e3726,8,1972 American League Championship Series,8.2547183922325544
bm25_per_question_n500_d10_20260726_r01,bm25,per_question,5a8cb288554299585d9e3726,9,Račak massacre,6.7512712177328487
bm25_per_question_n500_d10_20260726_r01,bm25,per_question,5a8cb288554299585d9e3726,10,Umpqua Community College shooting,6.7061300990026735
bm25_per_question_n500_d10_20260726_r01,bm25,per_question,5a8cfee555429941ae14df5c,1,Elephant,0
bm25_per_question_n500_d10_20260726_r01,bm25,per_question,5a8cfee555429941ae14df5c,2,Gajabrishta,0
bm25_per_question_n500_d10_20260726_r01,bm25,per_question,5a8d02cc554299441c6b9fb6,1,"John MacGregor, Baron MacGregor of Pulham Market",14.99147564197612
bm25_per_question_n500_d10_20260726_r01,bm25,per_question,5a8d02cc554299441c6b9fb6,2,Pulham Market,8.742999750640589
bm25_per_question_n500_d10_20260726_r01,bm25,per_question,5a8d02cc554299441c6b9fb6,3,Prior of St Andrews,7.5286512698959234
bm25_per_question_n500_d10_20260726_r01,bm25,per_question,5a8d02cc554299441c6b9fb6,4,King's College London,6.5504293754544864
bm25_per_question_n500_d10_20260726_r01,bm25,per_question,5a8d02cc554299441c6b9fb6,5,University of St Andrews,6.2568904233929263
bm25_per_question_n500_d10_20260726_r01,bm25,per_question,5a8d02cc554299441c6b9fb6,6,University of St Andrews Boat Club,6.1718613671135518
bm25_per_question_n500_d10_20260726_r01,bm25,per_question,5a8d02cc554299441c6b9fb6,7,John MacGregor (VC),5.6978707246321365
bm25_per_question_n500_d10_20260726_r01,bm25,per_question,5a8d02cc554299441c6b9fb6,8,Archdeaconry of St Andrews,5.6142050250864886
bm25_per_question_n500_d10_20260726_r01,bm25,per_question,5a8d02cc554299441c6b9fb6,9,St Andrews Links,5.2111776330374102
bm25_per_question_n500_d10_20260726_r01,bm25,per_question,5a8d02cc554299441c6b9fb6,10,John MacGregor,4.9287361295147978
bm25_per_question_n500_d10_20260726_r01,bm25,per_question,5a8d5fc6554299585d9e37c6,1,The Spiderwick Chronicles (film),9.2885008098963695
bm25_per_question_n500_d10_20260726_r01,bm25,per_question,5a8d5fc6554299585d9e37c6,2,John Ridge,8.3611395762517482
bm25_per_question_n500_d10_20260726_r01,bm25,per_question,5a8d5fc6554299585d9e37c6,3,Sinbad of the Seven Seas,7.7869813089307263
bm25_per_question_n500_d10_20260726_r01,bm25,per_question,5a8d5fc6554299585d9e37c6,4,Magic in Harry Potter,5.8923559558829721
bm25_per_question_n500_d10_20260726_r01,bm25,per_question,5a8d5fc6554299585d9e37c6,5,As Cool as I Am (film),5.6098173274024727
bm25_per_question_n500_d10_20260726_r01,bm25,per_question,5a8d5fc6554299585d9e37c6,6,Barbie and the Secret Door,5.0476476836061064
bm25_per_question_n500_d10_20260726_r01,bm25,per_question,5a8d5fc6554299585d9e37c6,7,Identity Films,4.0546182440047591
bm25_per_question_n500_d10_20260726_r01,bm25,per_question,5a8d5fc6554299585d9e37c6,8,The Moth Diaries (film),3.913703009325185
bm25_per_question_n500_d10_20260726_r01,bm25,per_question,5a8d5fc6554299585d9e37c6,9,Stormbreaker (film),3.7230038509786452
bm25_per_question_n500_d10_20260726_r01,bm25,per_question,5a8d5fc6554299585d9e37c6,10,Sarah Bolger,3.5414813307386388
bm25_per_question_n500_d10_20260726_r01,bm25,per_question,5a8d7b1755429941ae14dfc6,1,"Smyrna, Georgia",9.7517359812930842
bm25_per_question_n500_d10_20260726_r01,bm25,per_question,5a8d7b1755429941ae14dfc6,2,RAF Warmwell,5.8994986964592186
bm25_per_question_n500_d10_20260726_r01,bm25,per_question,5a8d7b1755429941ae14dfc6,3,Stramshall,5.2989036849698623
bm25_per_question_n500_d10_20260726_r01,bm25,per_question,5a8d7b1755429941ae14dfc6,4,Marietta Air Force Station,4.8314115251037659
bm25_per_question_n500_d10_20260726_r01,bm25,per_question,5a8d7b1755429941ae14dfc6,5,Eldorado Air Force Station,4.3963496609213513
bm25_per_question_n500_d10_20260726_r01,bm25,per_question,5a8d7b1755429941ae14dfc6,6,RAF Cottesmore,4.2333991389245353
bm25_per_question_n500_d10_20260726_r01,bm25,per_question,5a8d7b1755429941ae14dfc6,7,Topsham Air Force Station,4.210770367482195
bm25_per_question_n500_d10_20260726_r01,bm25,per_question,5a8d7b1755429941ae14dfc6,8,410th Bombardment Squadron,4.1110762518126283
bm25_per_question_n500_d10_20260726_r01,bm25,per_question,5a8d7b1755429941ae14dfc6,9,302d Air Division,3.9940120529400307
bm25_per_question_n500_d10_20260726_r01,bm25,per_question,5a8d7b1755429941ae14dfc6,10,Camp Pedricktown radar station,3.6163961204226913
bm25_per_question_n500_d10_20260726_r01,bm25,per_question,5a8d93ad554299653c1aa13d,1,Almost Saturday Night,4.3771086826429739
bm25_per_question_n500_d10_20260726_r01,bm25,per_question,5a8d93ad554299653c1aa13d,2,John Fogerty (album),2.3906223771266912
bm25_per_question_n500_d10_20260726_r01,bm25,per_question,5a8d93ad554299653c1aa13d,3,Rockin' All Over the World,1.9240345449717629
bm25_per_question_n500_d10_20260726_r01,bm25,per_question,5a8d93ad554299653c1aa13d,4,John Fogerty (engineer),1.2488798053169627
bm25_per_question_n500_d10_20260726_r01,bm25,per_question,5a8d93ad554299653c1aa13d,5,Joseph Fogerty Sr.,1.1929060792871602
bm25_per_question_n500_d10_20260726_r01,bm25,per_question,5a8d93ad554299653c1aa13d,6,Duke Tumatoe,1.0930845675065051
bm25_per_question_n500_d10_20260726_r01,bm25,per_question,5a8d93ad554299653c1aa13d,7,John Frederick Fogerty,0.92921289486758485
bm25_per_question_n500_d10_20260726_r01,bm25,per_question,5a8d93ad554299653c1aa13d,8,John Fogerty,0.91815401436617516
bm25_per_question_n500_d10_20260726_r01,bm25,per_question,5a8d93ad554299653c1aa13d,9,The Long Road Home,0.60611508718080098
bm25_per_question_n500_d10_20260726_r01,bm25,per_question,5a8d93ad554299653c1aa13d,10,Serri (singer),0
bm25_per_question_n500_d10_20260726_r01,bm25,per_question,5a8da81e554299068b959d7e,1,Impresario,8.5666751872800901
bm25_per_question_n500_d10_20260726_r01,bm25,per_question,5a8da81e554299068b959d7e,2,Vanessa Bley,8.5582249866410809
bm25_per_question_n500_d10_20260726_r01,bm25,per_question,5a8da81e554299068b959d7e,3,Financial plan,5.14280696812994
bm25_per_question_n500_d10_20260726_r01,bm25,per_question,5a8da81e554299068b959d7e,4,Freight forwarder,4.5869359497698206
bm25_per_question_n500_d10_20260726_r01,bm25,per_question,5a8da81e554299068b959d7e,5,Mozarteum Argentino,2.7149354511940484
bm25_per_question_n500_d10_20260726_r01,bm25,per_question,5a8da81e554299068b959d7e,6,Joseph Anderer,2.6510834752677428
bm25_per_question_n500_d10_20260726_r01,bm25,per_question,5a8da81e554299068b959d7e,7,Audra McDonald,2.3281534814730627
bm25_per_question_n500_d10_20260726_r01,bm25,per_question,5a8da81e554299068b959d7e,8,Shanghai Grand Theatre,2.3194579734284102
bm25_per_question_n500_d10_20260726_r01,bm25,per_question,5a8da81e554299068b959d7e,9,Robert Nagy (tenor),2.2622496793530886
bm25_per_question_n500_d10_20260726_r01,bm25,per_question,5a8da81e554299068b959d7e,10,Theater Erfurt,2.001070534455311
bm25_per_question_n500_d10_20260726_r01,bm25,per_question,5a8db19d5542994ba4e3dd00,1,Local H,5.17665757766407
bm25_per_question_n500_d10_20260726_r01,bm25,per_question,5a8db19d5542994ba4e3dd00,2,For Against,5.1604781082766129
bm25_per_question_n500_d10_20260726_r01,bm25,per_question,5a8db19d5542994ba4e3dd00,3,"Amherst, Massachusetts",4.1924005524259691
bm25_per_question_n500_d10_20260726_r01,bm25,per_question,5a8db19d5542994ba4e3dd00,4,Suffrajett,2.8242623317020001
bm25_per_question_n500_d10_20260726_r01,bm25,per_question,5a8db19d5542994ba4e3dd00,5,Ophur,2.8237155598535963
bm25_per_question_n500_d10_20260726_r01,bm25,per_question,5a8db19d5542994ba4e3dd00,6,Mendocino County GMO Ban,2.6454537606091084
bm25_per_question_n500_d10_20260726_r01,bm25,per_question,5a8db19d5542994ba4e3dd00,7,William H. Cook Water Tank House,2.4507621433567133
bm25_per_question_n500_d10_20260726_r01,bm25,per_question,5a8db19d5542994ba4e3dd00,8,"United States Senate election in Illinois, 1978",2.4033887861401673
bm25_per_question_n500_d10_20260726_r01,bm25,per_question,5a8db19d5542994ba4e3dd00,9,Wilford H. Fawcett House,2.2807236437045026
bm25_per_question_n500_d10_20260726_r01,bm25,per_question,5a8db19d5542994ba4e3dd00,10,Hallelujah! I'm a Bum (album),1.8233854801055509
bm25_per_question_n500_d10_20260726_r01,bm25,per_question,5a8dd5f955429917b4a5bcc7,1,1998 Toyota Grand Prix of Long Beach,6.4087338835257395
bm25_per_question_n500_d10_20260726_r01,bm25,per_question,5a8dd5f955429917b4a5bcc7,2,2017 Toyota Grand Prix of Long Beach,3.9017795335785177
bm25_per_question_n500_d10_20260726_r01,bm25,per_question,5a8dd5f955429917b4a5bcc7,3,2014 Toyota Grand Prix of Long Beach,3.8882066245166347
bm25_per_question_n500_d10_20260726_r01,bm25,per_question,5a8dd5f955429917b4a5bcc7,4,2013 Toyota Grand Prix of Long Beach,3.8803284389244785
bm25_per_question_n500_d10_20260726_r01,bm25,per_question,5a8dd5f955429917b4a5bcc7,5,2015 Toyota Grand Prix of Long Beach,3.6209785827025289
bm25_per_question_n500_d10_20260726_r01,bm25,per_question,5a8dd5f955429917b4a5bcc7,6,Toyota Pro/Celebrity Race,3.5369294158225655
bm25_per_question_n500_d10_20260726_r01,bm25,per_question,5a8dd5f955429917b4a5bcc7,7,2006 Toyota Grand Prix of Long Beach,3.5349273438122646
bm25_per_question_n500_d10_20260726_r01,bm25,per_question,5a8dd5f955429917b4a5bcc7,8,2016 Toyota Grand Prix of Long Beach,3.3495891156103186
bm25_per_question_n500_d10_20260726_r01,bm25,per_question,5a8dd5f955429917b4a5bcc7,9,Ryan Hunter-Reay,3.2528906017545691
bm25_per_question_n500_d10_20260726_r01,bm25,per_question,5a8dd5f955429917b4a5bcc7,10,Alex Zanardi,0
bm25_per_question_n500_d10_20260726_r01,bm25,per_question,5a8e068b5542995085b37384,1,Ferocactus,4.4326336037987968
bm25_per_question_n500_d10_20260726_r01,bm25,per_question,5a8e068b5542995085b37384,2,Silene menziesii,4.0310113236351235
bm25_per_question_n500_d10_20260726_r01,bm25,per_question,5a8e068b5542995085b37384,3,Silene conoidea,2.1002817387566428
bm25_per_question_n500_d10_20260726_r01,bm25,per_question,5a8e068b5542995085b37384,4,Silene suksdorfii,2.0559240500302765
bm25_per_question_n500_d10_20260726_r01,bm25,per_question,5a8e068b5542995085b37384,5,Sex determination in Silene,1.9536299333849643
bm25_per_question_n500_d10_20260726_r01,bm25,per_question,5a8e068b5542995085b37384,6,Silene,1.9284786814575867
bm25_per_question_n500_d10_20260726_r01,bm25,per_question,5a8e068b5542995085b37384,7,Silene antirrhina,1.9088255643126999
bm25_per_question_n500_d10_20260726_r01,bm25,per_question,5a8e068b5542995085b37384,8,Silene stenophylla,1.6964840669198622
bm25_per_question_n500_d10_20260726_r01,bm25,per_question,5a8e068b5542995085b37384,9,Silene tomentosa,1.6663060307235564
bm25_per_question_n500_d10_20260726_r01,bm25,per_question,5a8e068b5542995085b37384,10,Silene latifolia,1.271599089084005
bm25_per_question_n500_d10_20260726_r01,bm25,per_question,5a8e0a005542995085b373a1,1,Bordan Tkachuk,9.4979892178583789
bm25_per_question_n500_d10_20260726_r01,bm25,per_question,5a8e0a005542995085b373a1,2,Jonathan Michael Ansell,8.2214606493002922
bm25_per_question_n500_d10_20260726_r01,bm25,per_question,5a8e0a005542995085b373a1,3,Cardinal Health,5.2810368866235091
bm25_per_question_n500_d10_20260726_r01,bm25,per_question,5a8e0a005542995085b373a1,4,Terren Peizer,4.7972655159792739
bm25_per_question_n500_d10_20260726_r01,bm25,per_question,5a8e0a005542995085b373a1,5,Kingstone Companies,4.5580808388481486
bm25_per_question_n500_d10_20260726_r01,bm25,per_question,5a8e0a005542995085b373a1,6,BankUnited,4.1552252301489485
bm25_per_question_n500_d10_20260726_r01,bm25,per_question,5a8e0a005542995085b373a1,7,Owens &amp; Minor,4.0307638699015849
bm25_per_question_n500_d10_20260726_r01,bm25,per_question,5a8e0a005542995085b373a1,8,Compass Minerals,3.8110783600582754
bm25_per_question_n500_d10_20260726_r01,bm25,per_question,5a8e0a005542995085b373a1,9,Clean Power Finance,2.7446451697164713
bm25_per_question_n500_d10_20260726_r01,bm25,per_question,5a8e0a005542995085b373a1,10,Viglen,0.67249541970069759
bm25_per_question_n500_d10_20260726_r01,bm25,per_question,5a8e1027554299653c1aa15f,1,2009 Big 12 Conference football season,15.070118288193772
bm25_per_question_n500_d10_20260726_r01,bm25,per_question,5a8e1027554299653c1aa15f,2,1989 Colorado Buffaloes football team,9.881053939353567
bm25_per_question_n500_d10_20260726_r01,bm25,per_question,5a8e1027554299653c1aa15f,3,2009 Colorado Buffaloes football team,8.5976458963161217
bm25_per_question_n500_d10_20260726_r01,bm25,per_question,5a8e1027554299653c1aa15f,4,2011 Colorado Buffaloes football team,7.6926325488036955
bm25_per_question_n500_d10_20260726_r01,bm25,per_question,5a8e1027554299653c1aa15f,5,2014–15 Colorado Buffaloes men's basketball team,7.6750312874785314
bm25_per_question_n500_d10_20260726_r01,bm25,per_question,5a8e1027554299653c1aa15f,6,2012 Colorado Buffaloes football team,7.0265677791652559
bm25_per_question_n500_d10_20260726_r01,bm25,per_question,5a8e1027554299653c1aa15f,7,2015–16 Colorado Buffaloes men's basketball team,6.7289833236760854
bm25_per_question_n500_d10_20260726_r01,bm25,per_question,5a8e1027554299653c1aa15f,8,2015 Colorado Buffaloes football team,5.5701184009073668
bm25_per_question_n500_d10_20260726_r01,bm25,per_question,5a8e1027554299653c1aa15f,9,2014 Colorado Buffaloes football team,5.5701184009073668
bm25_per_question_n500_d10_20260726_r01,bm25,per_question,5a8e1027554299653c1aa15f,10,2016–17 Colorado Buffaloes men's basketball team,5.3680326033811143
bm25_per_question_n500_d10_20260726_r01,bm25,per_question,5a8e3dc05542995085b37401,1,West v. Barnes,4.7477248841238264
bm25_per_question_n500_d10_20260726_r01,bm25,per_question,5a8e3dc05542995085b37401,2,Selle v. Gibb,4.4246098171306301
bm25_per_question_n500_d10_20260726_r01,bm25,per_question,5a8e3dc05542995085b37401,3,Reynolds v. Pegler,2.7094294827601422
bm25_per_question_n500_d10_20260726_r01,bm25,per_question,5a8e3dc05542995085b37401,4,Reynolds v. Sims,2.3106841933272189
bm25_per_question_n500_d10_20260726_r01,bm25,per_question,5a8e3dc05542995085b37401,5,Reynolds v. United States,2.1729983515751918
bm25_per_question_n500_d10_20260726_r01,bm25,per_question,5a8e3dc05542995085b37401,6,George Reynolds (Mormon),1.9701071896826661
bm25_per_question_n500_d10_20260726_r01,bm25,per_question,5a8e3dc05542995085b37401,7,Charles Morgan Jr.,1.8053889124330855
bm25_per_question_n500_d10_20260726_r01,bm25,per_question,5a8e3dc05542995085b37401,8,Criminal law in the Waite Court,1.7249463365745448
bm25_per_question_n500_d10_20260726_r01,bm25,per_question,5a8e3dc05542995085b37401,9,Reynolds v Times Newspapers Ltd,1.1558102544570197
bm25_per_question_n500_d10_20260726_r01,bm25,per_question,5a8e3dc05542995085b37401,10,Jameel v Wall Street Journal Europe Sprl,0.70245250259402991
bm25_per_question_n500_d10_20260726_r01,bm25,per_question,5a8e3ea95542995a26add48d,1,Big Stone Gap (film),5.9156853592639047
bm25_per_question_n500_d10_20260726_r01,bm25,per_question,5a8e3ea95542995a26add48d,2,New York Society of Model Engineers,5.6772377561368099
bm25_per_question_n500_d10_20260726_r01,bm25,per_question,5a8e3ea95542995a26add48d,3,"Clinton, Minnesota",5.1572069377263006
bm25_per_question_n500_d10_20260726_r01,bm25,per_question,5a8e3ea95542995a26add48d,4,I Love NY (2015 film),5.0306820726361652
bm25_per_question_n500_d10_20260726_r01,bm25,per_question,5a8e3ea95542995a26add48d,5,Nola (film),4.7460284190166622
bm25_per_question_n500_d10_20260726_r01,bm25,per_question,5a8e3ea95542995a26add48d,6,Just Another Romantic Wrestling Comedy,4.4820065639819173
bm25_per_question_n500_d10_20260726_r01,bm25,per_question,5a8e3ea95542995a26add48d,7,Great Eastern Conventions,4.2955580894923795
bm25_per_question_n500_d10_20260726_r01,bm25,per_question,5a8e3ea95542995a26add48d,8,Adriana Trigiani,3.9770234349640532
bm25_per_question_n500_d10_20260726_r01,bm25,per_question,5a8e3ea95542995a26add48d,9,Hamish and Andy's Gap Year,3.8717311057496531
bm25_per_question_n500_d10_20260726_r01,bm25,per_question,5a8e3ea95542995a26add48d,10,Kingston Morning,3.8442001793804224
bm25_per_question_n500_d10_20260726_r01,bm25,per_question,5a8eb4d65542990e94052b82,1,Van Gogh (1991 film),6.5786424143308349
bm25_per_question_n500_d10_20260726_r01,bm25,per_question,5a8eb4d65542990e94052b82,2,Tahar Rahim,6.1933388151508506
bm25_per_question_n500_d10_20260726_r01,bm25,per_question,5a8eb4d65542990e94052b82,3,Jacques Mathou,5.4503378108942719
bm25_per_question_n500_d10_20260726_r01,bm25,per_question,5a8eb4d65542990e94052b82,4,James Gamble Rogers II,4.7216572696006818
bm25_per_question_n500_d10_20260726_r01,bm25,per_question,5a8eb4d65542990e94052b82,5,Samuel Poe,4.4319843603433355
bm25_per_question_n500_d10_20260726_r01,bm25,per_question,5a8eb4d65542990e94052b82,6,Schwartz's,4.364877728764478
bm25_per_question_n500_d10_20260726_r01,bm25,per_question,5a8eb4d65542990e94052b82,7,Paris Awakens,4.1114803407913252
bm25_per_question_n500_d10_20260726_r01,bm25,per_question,5a8eb4d65542990e94052b82,8,Delicatessen (film),3.8514066640244637
bm25_per_question_n500_d10_20260726_r01,bm25,per_question,5a8eb4d65542990e94052b82,9,Mariette Leslie Cotton,3.10854446531647
bm25_per_question_n500_d10_20260726_r01,bm25,per_question,5a8eb4d65542990e94052b82,10,Mark T. Smith,2.9789890231894085
bm25_per_question_n500_d10_20260726_r01,bm25,per_question,5a8ee4315542990e94052ba7,1,Second Anglo-Afghan War,16.603297304579829
bm25_per_question_n500_d10_20260726_r01,bm25,per_question,5a8ee4315542990e94052ba7,2,Shagai Plateau,12.630125983925884
bm25_per_question_n500_d10_20260726_r01,bm25,per_question,5a8ee4315542990e94052ba7,3,Emirate of Afghanistan,9.94023864910897
bm25_per_question_n500_d10_20260726_r01,bm25,per_question,5a8ee4315542990e94052ba7,4,Afghan Civil War (1996–2001),9.6242826524664995
bm25_per_question_n500_d10_20260726_r01,bm25,per_question,5a8ee4315542990e94052ba7,5,Bukhara operation (1920),9.5535727504182617
bm25_per_question_n500_d10_20260726_r01,bm25,per_question,5a8ee4315542990e94052ba7,6,Edict of Amboise,9.4738168725200431
bm25_per_question_n500_d10_20260726_r01,bm25,per_question,5a8ee4315542990e94052ba7,7,Treaty of Gandamak,9.1927874363789535
bm25_per_question_n500_d10_20260726_r01,bm25,per_question,5a8ee4315542990e94052ba7,8,2010 Northern Hemisphere summer heat waves,8.5488133844518064
bm25_per_question_n500_d10_20260726_r01,bm25,per_question,5a8ee4315542990e94052ba7,9,"Line 2, Suzhou Rail Transit",8.2804505074331125
bm25_per_question_n500_d10_20260726_r01,bm25,per_question,5a8ee4315542990e94052ba7,10,Working Group on Internet Governance,7.8489347255607793
bm25_per_question_n500_d10_20260726_r01,bm25,per_question,5a8ee6915542990e94052bad,1,The Legend of Korra,14.693184946018688
bm25_per_question_n500_d10_20260726_r01,bm25,per_question,5a8ee6915542990e94052bad,2,Zaheer,14.386017818755676
bm25_per_question_n500_d10_20260726_r01,bm25,per_question,5a8ee6915542990e94052bad,3,Kuvira,13.354537701513506
bm25_per_question_n500_d10_20260726_r01,bm25,per_question,5a8ee6915542990e94052bad,4,Bolin (The Legend of Korra),12.428591347371386
bm25_per_question_n500_d10_20260726_r01,bm25,per_question,5a8ee6915542990e94052bad,5,Avatar: The Last Airbender (season 1),11.536907249494286
bm25_per_question_n500_d10_20260726_r01,bm25,per_question,5a8ee6915542990e94052bad,6,List of Avatar: The Last Airbender episodes,10.271896940186229
bm25_per_question_n500_d10_20260726_r01,bm25,per_question,5a8ee6915542990e94052bad,7,Avatar: The Last Airbender (season 2),9.8180222126506589
bm25_per_question_n500_d10_20260726_r01,bm25,per_question,5a8ee6915542990e94052bad,8,Avatar: The Last Airbender (season 3),9.7743858371198833
bm25_per_question_n500_d10_20260726_r01,bm25,per_question,5a8ee6915542990e94052bad,9,Iroh,9.6857080084677563
bm25_per_question_n500_d10_20260726_r01,bm25,per_question,5a8ee6915542990e94052bad,10,List of The Legend of Korra episodes,8.5083875099413948
bm25_per_question_n500_d10_20260726_r01,bm25,per_question,5a8eea4a5542990e94052bb7,1,Leda (river),11.450459636899456
bm25_per_question_n500_d10_20260726_r01,bm25,per_question,5a8eea4a5542990e94052bb7,2,Leer,9.2760371352215962
bm25_per_question_n500_d10_20260726_r01,bm25,per_question,5a8eea4a5542990e94052bb7,3,English language,8.3924466598002319
bm25_per_question_n500_d10_20260726_r01,bm25,per_question,5a8eea4a5542990e94052bb7,4,Suorva,6.9838823945442128
bm25_per_question_n500_d10_20260726_r01,bm25,per_question,5a8eea4a5542990e94052bb7,5,Old Frisian,6.2711969836530272
bm25_per_question_n500_d10_20260726_r01,bm25,per_question,5a8eea4a5542990e94052bb7,6,Old Saxon,6.2674645297019822
bm25_per_question_n500_d10_20260726_r01,bm25,per_question,5a8eea4a5542990e94052bb7,7,Afrikaans,5.4211163102339297
bm25_per_question_n500_d10_20260726_r01,bm25,per_question,5a8eea4a5542990e94052bb7,8,Proto-Norse language,4.808326114991659
bm25_per_question_n500_d10_20260726_r01,bm25,per_question,5a8eea4a5542990e94052bb7,9,German language,4.4043765408488218
bm25_per_question_n500_d10_20260726_r01,bm25,per_question,5a8eea4a5542990e94052bb7,10,Dutch language,3.9473500759212552
bm25_per_question_n500_d10_20260726_r01,bm25,per_question,5a8ef2a75542995a26add583,1,Seven Brief Lessons on Physics,12.297150026413219
bm25_per_question_n500_d10_20260726_r01,bm25,per_question,5a8ef2a75542995a26add583,2,Carlo Rovelli,6.8445663262922958
bm25_per_question_n500_d10_20260726_r01,bm25,per_question,5a8ef2a75542995a26add583,3,Enrico Fermi,4.1187953593113908
bm25_per_question_n500_d10_20260726_r01,bm25,per_question,5a8ef2a75542995a26add583,4,Claudio Pellegrini,3.8750231656889866
bm25_per_question_n500_d10_20260726_r01,bm25,per_question,5a8ef2a75542995a26add583,5,Guido Caldarelli,3.502117718616637
bm25_per_question_n500_d10_20260726_r01,bm25,per_question,5a8ef2a75542995a26add583,6,Aldo Pontremoli,3.3109892779067449
bm25_per_question_n500_d10_20260726_r01,bm25,per_question,5a8ef2a75542995a26add583,7,Antonino Lo Surdo,2.4723890839462275
bm25_per_question_n500_d10_20260726_r01,bm25,per_question,5a8ef2a75542995a26add583,8,Sergio Ferrara,2.3511940706291026
bm25_per_question_n500_d10_20260726_r01,bm25,per_question,5a8ef2a75542995a26add583,9,Chiara Nappi,1.2575360737906778
bm25_per_question_n500_d10_20260726_r01,bm25,per_question,5a8ef2a75542995a26add583,10,Micropædia,0.89315852717258026
bm25_per_question_n500_d10_20260726_r01,bm25,per_question,5a8f05b1554299458435d517,1,"William Street, Limerick",10.101926240043452
bm25_per_question_n500_d10_20260726_r01,bm25,per_question,5a8f05b1554299458435d517,2,"William Monson, 1st Viscount Oxenbridge",9.395018958122229
bm25_per_question_n500_d10_20260726_r01,bm25,per_question,5a8f05b1554299458435d517,3,"William Pery, 3rd Earl of Limerick",8.5543136230021481
bm25_per_question_n500_d10_20260726_r01,bm25,per_question,5a8f05b1554299458435d517,4,"Henry Fox-Strangways, 3rd Earl of Ilchester",8.2728035062592333
bm25_per_question_n500_d10_20260726_r01,bm25,per_question,5a8f05b1554299458435d517,5,Earl of Aylesford,7.7452968202183508
bm25_per_question_n500_d10_20260726_r01,bm25,per_question,5a8f05b1554299458435d517,6,"Robert Gascoyne-Cecil, 3rd Marquess of Salisbury",7.5149398459590078
bm25_per_question_n500_d10_20260726_r01,bm25,per_question,5a8f05b1554299458435d517,7,Yeomen of the Guard,7.4447817845748405
bm25_per_question_n500_d10_20260726_r01,bm25,per_question,5a8f05b1554299458435d517,8,"George Percy, 5th Duke of Northumberland",7.2913337193007779
bm25_per_question_n500_d10_20260726_r01,bm25,per_question,5a8f05b1554299458435d517,9,Baron Berkeley of Stratton,7.0851548000814786
bm25_per_question_n500_d10_20260726_r01,bm25,per_question,5a8f05b1554299458435d517,10,"Henry Cadogan, 4th Earl Cadogan",6.4799936998431846
bm25_per_question_n500_d10_20260726_r01,bm25,per_question,5a8f45ca5542997ba9cb320e,1,Tukufu Zuberi,4.8043605215928693
bm25_per_question_n500_d10_20260726_r01,bm25,per_question,5a8f45ca5542997ba9cb320e,2,500 Years Later,2.7828318213619179
bm25_per_question_n500_d10_20260726_r01,bm25,per_question,5a8f45ca5542997ba9cb320e,3,Idiocracy,2.7032468214583689
bm25_per_question_n500_d10_20260726_r01,bm25,per_question,5a8f45ca5542997ba9cb320e,4,Elizabeth Martínez,2.3877402587906675
bm25_per_question_n500_d10_20260726_r01,bm25,per_question,5a8f45ca5542997ba9cb320e,5,Motherland (2010 film),2.3543830857320667
bm25_per_question_n500_d10_20260726_r01,bm25,per_question,5a8f45ca5542997ba9cb320e,6,Ako Mitchell,2.0664194581774455
bm25_per_question_n500_d10_20260726_r01,bm25,per_question,5a8f45ca5542997ba9cb320e,7,Ruakuri Cave,1.9357845828136511
bm25_per_question_n500_d10_20260726_r01,bm25,per_question,5a8f45ca5542997ba9cb320e,8,Ife Piankhi,1.6722823134098441
bm25_per_question_n500_d10_20260726_r01,bm25,per_question,5a8f45ca5542997ba9cb320e,9,Kyokusui-no-en,1.5206095257111072
bm25_per_question_n500_d10_20260726_r01,bm25,per_question,5a8f45ca5542997ba9cb320e,10,Manson (film),1.4369567987674225
bm25_per_question_n500_d10_20260726_r01,bm25,per_question,5a8f4c8d554299458435d5a3,1,Scott Parkin,11.483585894698667
bm25_per_question_n500_d10_20260726_r01,bm25,per_question,5a8f4c8d554299458435d5a3,2,Yvonne Ridley,7.3547891499450282
bm25_per_question_n500_d10_20260726_r01,bm25,per_question,5a8f4c8d554299458435d5a3,3,Mobil Producing Nigeria,4.0100916214117692
bm25_per_question_n500_d10_20260726_r01,bm25,per_question,5a8f4c8d554299458435d5a3,4,Halliburton,3.8594535952118023
bm25_per_question_n500_d10_20260726_r01,bm25,per_question,5a8f4c8d554299458435d5a3,5,PRX-07034,3.2115621895254058
bm25_per_question_n500_d10_20260726_r01,bm25,per_question,5a8f4c8d554299458435d5a3,6,Exxon,3.1988332977473424
bm25_per_question_n500_d10_20260726_r01,bm25,per_question,5a8f4c8d554299458435d5a3,7,Oregon and Transcontinental Company,3.0515608133395178
bm25_per_question_n500_d10_20260726_r01,bm25,per_question,5a8f4c8d554299458435d5a3,8,Religious Technology Center,2.1495486968987763
bm25_per_question_n500_d10_20260726_r01,bm25,per_question,5a8f4c8d554299458435d5a3,9,Dummy corporation,1.9922915802893382
bm25_per_question_n500_d10_20260726_r01,bm25,per_question,5a8f4c8d554299458435d5a3,10,Corporate synergy,0.75254941188062607
bm25_per_question_n500_d10_20260726_r01,bm25,per_question,5a8f69b55542997ba9cb324f,1,Gilbert Town Historic District,7.9507105579517745
bm25_per_question_n500_d10_20260726_r01,bm25,per_question,5a8f69b55542997ba9cb324f,2,"Cold Spring, New York",7.8212970462622433
bm25_per_question_n500_d10_20260726_r01,bm25,per_question,5a8f69b55542997ba9cb324f,3,"Arrow Rock, Missouri",6.5601424564460258
bm25_per_question_n500_d10_20260726_r01,bm25,per_question,5a8f69b55542997ba9cb324f,4,Glimmerglass Historic District,6.4664807399346049
bm25_per_question_n500_d10_20260726_r01,bm25,per_question,5a8f69b55542997ba9cb324f,5,Calumet Downtown Historic District,6.3267116640005474
bm25_per_question_n500_d10_20260726_r01,bm25,per_question,5a8f69b55542997ba9cb324f,6,Greater Newport Rural Historic District,5.7748002813580994
bm25_per_question_n500_d10_20260726_r01,bm25,per_question,5a8f69b55542997ba9cb324f,7,Elmwood Historic District–East,5.164558559489568
bm25_per_question_n500_d10_20260726_r01,bm25,per_question,5a8f69b55542997ba9cb324f,8,Cromwell's Run Rural Historic District,5.1498527662793636
bm25_per_question_n500_d10_20260726_r01,bm25,per_question,5a8f69b55542997ba9cb324f,9,Elmwood Historic District–West,5.1198617446867729
bm25_per_question_n500_d10_20260726_r01,bm25,per_question,5a8f69b55542997ba9cb324f,10,Valhalla Highlands Historic District,5.0073419291564907
bm25_per_question_n500_d10_20260726_r01,bm25,per_question,5a8f9b8c5542997ba9cb32e6,1,Deadwood (song),3.4367551974289161
bm25_per_question_n500_d10_20260726_r01,bm25,per_question,5a8f9b8c5542997ba9cb32e6,2,Fireflight,2.6263431365901719
bm25_per_question_n500_d10_20260726_r01,bm25,per_question,5a8f9b8c5542997ba9cb32e6,3,Johanna Bennett,2.0748416330362867
bm25_per_question_n500_d10_20260726_r01,bm25,per_question,5a8f9b8c5542997ba9cb32e6,4,Carl Barât,1.7424394888039749
bm25_per_question_n500_d10_20260726_r01,bm25,per_question,5a8f9b8c5542997ba9cb32e6,5,Wondering (Dirty Pretty Things song),1.6986167826443108
bm25_per_question_n500_d10_20260726_r01,bm25,per_question,5a8f9b8c5542997ba9cb32e6,6,Anthony Rossomando,1.6643399973215001
bm25_per_question_n500_d10_20260726_r01,bm25,per_question,5a8f9b8c5542997ba9cb32e6,7,Bang Bang You're Dead (song),1.6270075365879724
bm25_per_question_n500_d10_20260726_r01,bm25,per_question,5a8f9b8c5542997ba9cb32e6,8,Mirage (Digitalism album),1.6076435220028211
bm25_per_question_n500_d10_20260726_r01,bm25,per_question,5a8f9b8c5542997ba9cb32e6,9,Didz Hammond,1.217709835830429
bm25_per_question_n500_d10_20260726_r01,bm25,per_question,5a8f9b8c5542997ba9cb32e6,10,Dirty Pretty Things (band),1.170494285655854
bm25_per_question_n500_d10_20260726_r01,bm25,per_question,5a90580655429933b8a204ef,1,1999 St. Louis Rams season,6.5294210470816711
bm25_per_question_n500_d10_20260726_r01,bm25,per_question,5a90580655429933b8a204ef,2,Ted Plumb,6.4156119578479407
bm25_per_question_n500_d10_20260726_r01,bm25,per_question,5a90580655429933b8a204ef,3,Super Bowl LIII,4.3477983786838621
bm25_per_question_n500_d10_20260726_r01,bm25,per_question,5a90580655429933b8a204ef,4,List of Tennessee Titans seasons,4.2658134659816334
bm25_per_question_n500_d10_20260726_r01,bm25,per_question,5a90580655429933b8a204ef,5,Super Bowl XXXVII,3.9676856208751765
bm25_per_question_n500_d10_20260726_r01,bm25,per_question,5a90580655429933b8a204ef,6,Ricky Proehl,3.9625820727928343
bm25_per_question_n500_d10_20260726_r01,bm25,per_question,5a90580655429933b8a204ef,7,Super Bowl XXXIV,3.9308305606778755
bm25_per_question_n500_d10_20260726_r01,bm25,per_question,5a90580655429933b8a204ef,8,Bill Leavy,3.7678139777076076
bm25_per_question_n500_d10_20260726_r01,bm25,per_question,5a90580655429933b8a204ef,9,2000 Tennessee Titans season,3.7468417267607865
bm25_per_question_n500_d10_20260726_r01,bm25,per_question,5a90580655429933b8a204ef,10,Dré Bly,3.6992255721608691
bm25_per_question_n500_d10_20260726_r01,bm25,per_question,5a90605d5542995651fb514d,1,Uptown 3000,5.0366681589832334
bm25_per_question_n500_d10_20260726_r01,bm25,per_question,5a90605d5542995651fb514d,2,Jason Gilbert,3.8167866218146753
bm25_per_question_n500_d10_20260726_r01,bm25,per_question,5a90605d5542995651fb514d,3,Xtended Play Version 3.13,3.7455056367007362
bm25_per_question_n500_d10_20260726_r01,bm25,per_question,5a90605d5542995651fb514d,4,Sunset Blvd. (Yancey Boys album),3.6266798912990916
bm25_per_question_n500_d10_20260726_r01,bm25,per_question,5a90605d5542995651fb514d,5,Swifty McVay,3.6259209002437376
bm25_per_question_n500_d10_20260726_r01,bm25,per_question,5a90605d5542995651fb514d,6,Bad Meets Evil,3.5848550717023455
bm25_per_question_n500_d10_20260726_r01,bm25,per_question,5a90605d5542995651fb514d,7,Bizarre (rapper),3.4751721471010431
bm25_per_question_n500_d10_20260726_r01,bm25,per_question,5a90605d5542995651fb514d,8,Thirty Eight (album),3.3387764757076197
bm25_per_question_n500_d10_20260726_r01,bm25,per_question,5a90605d5542995651fb514d,9,Clouds (Apollo Brown album),3.2529393729398892
bm25_per_question_n500_d10_20260726_r01,bm25,per_question,5a90605d5542995651fb514d,10,Platinum Pied Pipers,1.7965073499108759
bm25_per_question_n500_d10_20260726_r01,bm25,per_question,5a9068a95542990a98493621,1,Pinewood Studios,6.6564251183195795
bm25_per_question_n500_d10_20260726_r01,bm25,per_question,5a9068a95542990a98493621,2,Filming of James Bond in the 1990s,5.8603481426660942
bm25_per_question_n500_d10_20260726_r01,bm25,per_question,5a9068a95542990a98493621,3,Julia Ormond,4.3122980908020878
bm25_per_question_n500_d10_20260726_r01,bm25,per_question,5a9068a95542990a98493621,4,1995 Benson and Hedges Open,3.8389114753816811
bm25_per_question_n500_d10_20260726_r01,bm25,per_question,5a9068a95542990a98493621,5,Kurama Tatsuya,3.7450999680867412
bm25_per_question_n500_d10_20260726_r01,bm25,per_question,5a9068a95542990a98493621,6,Donald Duffy,2.6284183610049259
bm25_per_question_n500_d10_20260726_r01,bm25,per_question,5a9068a95542990a98493621,7,List of Home and Away characters (1995),2.3085679016237606
bm25_per_question_n500_d10_20260726_r01,bm25,per_question,5a9068a95542990a98493621,8,"Danny Bakker (footballer, born 16 January 1995)",2.1049039030547929
bm25_per_question_n500_d10_20260726_r01,bm25,per_question,5a9068a95542990a98493621,9,Sam Long,1.9142744876264604
bm25_per_question_n500_d10_20260726_r01,bm25,per_question,5a9068a95542990a98493621,10,BBC World News,1.7729062920252645
bm25_per_question_n500_d10_20260726_r01,bm25,per_question,5a90692f5542990a98493625,1,Johnny Galecki,8.7728098997600164
bm25_per_question_n500_d10_20260726_r01,bm25,per_question,5a90692f5542990a98493625,2,Suicide Kings,4.2176442192912171
bm25_per_question_n500_d10_20260726_r01,bm25,per_question,5a90692f5542990a98493625,3,Morgan's Ferry,2.8425848238928779
bm25_per_question_n500_d10_20260726_r01,bm25,per_question,5a90692f5542990a98493625,4,The Mystery of the Yellow Room (1919 film),2.2619775805750004
bm25_per_question_n500_d10_20260726_r01,bm25,per_question,5a90692f5542990a98493625,5,The Renegades,2.1131878683248799
bm25_per_question_n500_d10_20260726_r01,bm25,per_question,5a90692f5542990a98493625,6,Penny (The Big Bang Theory),2.0333491868578433
bm25_per_question_n500_d10_20260726_r01,bm25,per_question,5a90692f5542990a98493625,7,Kingston: Confidential,1.9741962180331101
bm25_per_question_n500_d10_20260726_r01,bm25,per_question,5a90692f5542990a98493625,8,Herbert Brean,1.9409762204131624
bm25_per_question_n500_d10_20260726_r01,bm25,per_question,5a90692f5542990a98493625,9,The Law &amp; Harry McGraw,1.676705270695017
bm25_per_question_n500_d10_20260726_r01,bm25,per_question,5a90692f5542990a98493625,10,Mystic River (film),1.2366341009703838
bm25_per_question_n500_d10_20260726_r01,bm25,per_question,5a906a685542990a9849362e,1,Algeria at the FIFA World Cup,13.844224625088161
bm25_per_question_n500_d10_20260726_r01,bm25,per_question,5a906a685542990a9849362e,2,1968–69 in Belgian football,8.057877010060313
bm25_per_question_n500_d10_20260726_r01,bm25,per_question,5a906a685542990a9849362e,3,1991 Rugby World Cup,6.8751972462955413
bm25_per_question_n500_d10_20260726_r01,bm25,per_question,5a906a685542990a9849362e,4,Ukraine national football team,6.5614087184438272
bm25_per_question_n500_d10_20260726_r01,bm25,per_question,5a906a685542990a9849362e,5,2002 FIFA World Cup,6.4850613734829521
bm25_per_question_n500_d10_20260726_r01,bm25,per_question,5a906a685542990a9849362e,6,Switzerland women's national football team,6.3951238759226552
bm25_per_question_n500_d10_20260726_r01,bm25,per_question,5a906a685542990a9849362e,7,Orvar Bergmark,6.010877423744545
bm25_per_question_n500_d10_20260726_r01,bm25,per_question,5a906a685542990a9849362e,8,2014 FIFA World Cup,5.9470666386254605
bm25_per_question_n500_d10_20260726_r01,bm25,per_question,5a906a685542990a9849362e,9,2015 Cricket World Cup opening ceremony,5.288468976912033
bm25_per_question_n500_d10_20260726_r01,bm25,per_question,5a906a685542990a9849362e,10,Tertiary Student Rugby League World Cup,4.8150202222553613
bm25_per_question_n500_d10_20260726_r01,bm25,per_question,5a90843c5542995651fb517e,1,Ted Kubiak,5.5968146169153457
bm25_per_question_n500_d10_20260726_r01,bm25,per_question,5a90843c5542995651fb517e,2,Frank Martin (basketball),5.4054470907192185
bm25_per_question_n500_d10_20260726_r01,bm25,per_question,5a90843c5542995651fb517e,3,Treaty of Taipei,4.8433910255520924
bm25_per_question_n500_d10_20260726_r01,bm25,per_question,5a90843c5542995651fb517e,4,Michael Lunin,4.7318724516455628
bm25_per_question_n500_d10_20260726_r01,bm25,per_question,5a90843c5542995651fb517e,5,MLS Cup 2003,4.3242167469919721
bm25_per_question_n500_d10_20260726_r01,bm25,per_question,5a90843c5542995651fb517e,6,Battle of Clitheroe,4.2823164685988289
bm25_per_question_n500_d10_20260726_r01,bm25,per_question,5a90843c5542995651fb517e,7,Francisco Jose Hernandez,2.8061600520745476
bm25_per_question_n500_d10_20260726_r01,bm25,per_question,5a90843c5542995651fb517e,8,WWF Invasion,2.6436256461710026
bm25_per_question_n500_d10_20260726_r01,bm25,per_question,5a90843c5542995651fb517e,9,Allied invasion of Italy,2.5671952596161174
bm25_per_question_n500_d10_20260726_r01,bm25,per_question,5a90843c5542995651fb517e,10,Bay of Pigs Invasion,1.2174806364056918
bm25_per_question_n500_d10_20260726_r01,bm25,per_question,5a90b43455429916514e7523,1,Allen &amp; Company Sun Valley Conference,7.440319382629796
bm25_per_question_n500_d10_20260726_r01,bm25,per_question,5a90b43455429916514e7523,2,A Girl like Me (film),6.5107607064291919
bm25_per_question_n500_d10_20260726_r01,bm25,per_question,5a90b43455429916514e7523,3,Elisabeth Murdoch (businesswoman),4.5355262175966455
bm25_per_question_n500_d10_20260726_r01,bm25,per_question,5a90b43455429916514e7523,4,Rupert Murdoch,3.259470809431714
bm25_per_question_n500_d10_20260726_r01,bm25,per_question,5a90b43455429916514e7523,5,Mona Scott-Young,2.6564667994503308
bm25_per_question_n500_d10_20260726_r01,bm25,per_question,5a90b43455429916514e7523,6,Pat Robertson,2.6371063644393553
bm25_per_question_n500_d10_20260726_r01,bm25,per_question,5a90b43455429916514e7523,7,Turner,2.0440815876845866
bm25_per_question_n500_d10_20260726_r01,bm25,per_question,5a90b43455429916514e7523,8,Merv Griffin Entertainment,1.973806112428341
bm25_per_question_n500_d10_20260726_r01,bm25,per_question,5a90b43455429916514e7523,9,Media proprietor,1.7718772066812027
bm25_per_question_n500_d10_20260726_r01,bm25,per_question,5a90b43455429916514e7523,10,Caroline Spencer,1.3012587381034557
bm25_per_question_n500_d10_20260726_r01,bm25,per_question,5ab1d7ac554299449642c7e6,1,Xanthoceras,-0.045638497545233303
bm25_per_question_n500_d10_20260726_r01,bm25,per_question,5ab1d7ac554299449642c7e6,2,Ehretia,-0.063918516116958563
bm25_per_question_n500_d10_20260726_r01,bm25,per_question,5ab1e984554299340b525428,1,Asante Traditional Buildings,6.1120581487655095
bm25_per_question_n500_d10_20260726_r01,bm25,per_question,5ab1e984554299340b525428,2,Groups of Traditional Buildings,2.9210097139747702
bm25_per_question_n500_d10_20260726_r01,bm25,per_question,5ab1e984554299340b525428,3,Open-air museums in Slovakia,2.0299781147270521
bm25_per_question_n500_d10_20260726_r01,bm25,per_question,5ab1e984554299340b525428,4,Museumsdorf Niedersulz,1.6628366622556645
bm25_per_question_n500_d10_20260726_r01,bm25,per_question,5ab1e984554299340b525428,5,Ballenberg,1.6097474921023112
bm25_per_question_n500_d10_20260726_r01,bm25,per_question,5ab1e984554299340b525428,6,Imanishi family's House,1.5594236390028677
bm25_per_question_n500_d10_20260726_r01,bm25,per_question,5ab1e984554299340b525428,7,Jeonju Hanok Village,1.4106904078312628
bm25_per_question_n500_d10_20260726_r01,bm25,per_question,5ab1e984554299340b525428,8,Omodos,1.1747359630191712
bm25_per_question_n500_d10_20260726_r01,bm25,per_question,5ab1e984554299340b525428,9,Cultural Property (Japan),1.1084114317968452
bm25_per_question_n500_d10_20260726_r01,bm25,per_question,5ab1e984554299340b525428,10,Gulangyu,0.97797536724687639
bm25_per_question_n500_d10_20260726_r01,bm25,per_question,5ab1eac95542993be8fa987f,1,Nancy Soderberg,9.601867107392799
bm25_per_question_n500_d10_20260726_r01,bm25,per_question,5ab1eac95542993be8fa987f,2,"United States elections, 2018",7.2265393641584019
bm25_per_question_n500_d10_20260726_r01,bm25,per_question,5ab1eac95542993be8fa987f,3,80th United States Congress,6.2418955624386507
bm25_per_question_n500_d10_20260726_r01,bm25,per_question,5ab1eac95542993be8fa987f,4,Classes of United States Senators,5.8938353143847673
bm25_per_question_n500_d10_20260726_r01,bm25,per_question,5ab1eac95542993be8fa987f,5,"United States Senate elections, 2002",5.3851964803943879
bm25_per_question_n500_d10_20260726_r01,bm25,per_question,5ab1eac95542993be8fa987f,6,United States midterm election,4.6219101710202093
bm25_per_question_n500_d10_20260726_r01,bm25,per_question,5ab1eac95542993be8fa987f,7,"United States Senate elections, 2008",3.7340977952745096
bm25_per_question_n500_d10_20260726_r01,bm25,per_question,5ab1eac95542993be8fa987f,8,"Wisconsin elections, 2016",3.1421921023050512
bm25_per_question_n500_d10_20260726_r01,bm25,per_question,5ab1eac95542993be8fa987f,9,TEAM Unity,2.8834525291369224
bm25_per_question_n500_d10_20260726_r01,bm25,per_question,5ab1eac95542993be8fa987f,10,"United States elections, 2002",2.4970779369194975
bm25_per_question_n500_d10_20260726_r01,bm25,per_question,5ab25004554299722f9b4cd7,1,Battle of Stones River,12.888733137481484
bm25_per_question_n500_d10_20260726_r01,bm25,per_question,5ab25004554299722f9b4cd7,2,Battle of the Ch'ongch'on River,12.407944116427418
bm25_per_question_n500_d10_20260726_r01,bm25,per_question,5ab25004554299722f9b4cd7,3,Battle of Berestechko,9.5803643736912836
bm25_per_question_n500_d10_20260726_r01,bm25,per_question,5ab25004554299722f9b4cd7,4,Joseph L. Follett,9.4229722561776512
bm25_per_question_n500_d10_20260726_r01,bm25,per_question,5ab25004554299722f9b4cd7,5,"Savage's Station, Virginia",9.1741252910683606
bm25_per_question_n500_d10_20260726_r01,bm25,per_question,5ab25004554299722f9b4cd7,6,Collins Ferry Historic District,9.0249545625748002
bm25_per_question_n500_d10_20260726_r01,bm25,per_question,5ab25004554299722f9b4cd7,7,Battle of Glendale (Skye),9.0082072999187144
bm25_per_question_n500_d10_20260726_r01,bm25,per_question,5ab25004554299722f9b4cd7,8,Umba River (Tanzania),8.9610646756650123
bm25_per_question_n500_d10_20260726_r01,bm25,per_question,5ab25004554299722f9b4cd7,9,Register Cliff,8.4639490875432628
bm25_per_question_n500_d10_20260726_r01,bm25,per_question,5ab25004554299722f9b4cd7,10,Military history of Mexico,8.0568706661667164
bm25_per_question_n500_d10_20260726_r01,bm25,per_question,5ab2659e554299340b5254b2,1,Farrukhzad Khosrow V,15.962816430094051
bm25_per_question_n500_d10_20260726_r01,bm25,per_question,5ab2659e554299340b5254b2,2,Duchy of Thuringia,6.1298526735372016
bm25_per_question_n500_d10_20260726_r01,bm25,per_question,5ab2659e554299340b5254b2,3,Sasanian Empire,5.7394194963521299
bm25_per_question_n500_d10_20260726_r01,bm25,per_question,5ab2659e554299340b5254b2,4,Samo,5.253436006665213
bm25_per_question_n500_d10_20260726_r01,bm25,per_question,5ab2659e554299340b5254b2,5,Hormizd VI,4.7446987727420771
bm25_per_question_n500_d10_20260726_r01,bm25,per_question,5ab2659e554299340b5254b2,6,Samo's Empire,4.6669969494860304
bm25_per_question_n500_d10_20260726_r01,bm25,per_question,5ab2659e554299340b5254b2,7,Suintila,4.517264799225706
bm25_per_question_n500_d10_20260726_r01,bm25,per_question,5ab2659e554299340b5254b2,8,Chach of Alor,4.4471560565863779
bm25_per_question_n500_d10_20260726_r01,bm25,per_question,5ab2659e554299340b5254b2,9,Khosrow IV,4.3758921026437516
bm25_per_question_n500_d10_20260726_r01,bm25,per_question,5ab2659e554299340b5254b2,10,Ashur-etil-ilani,4.1660927917935986
bm25_per_question_n500_d10_20260726_r01,bm25,per_question,5ab271fe554299449642c8a6,1,The Importance of Being Icelandic,9.9743803508054079
bm25_per_question_n500_d10_20260726_r01,bm25,per_question,5ab271fe554299449642c8a6,2,The Five Obstructions,7.4666649316714269
bm25_per_question_n500_d10_20260726_r01,bm25,per_question,5ab271fe554299449642c8a6,3,Music composition and composers in Pristina,6.9355728361917492
bm25_per_question_n500_d10_20260726_r01,bm25,per_question,5ab271fe554299449642c8a6,4,Parody film,4.2023235158649186
bm25_per_question_n500_d10_20260726_r01,bm25,per_question,5ab271fe554299449642c8a6,5,Take 21,4.1949995697761375
bm25_per_question_n500_d10_20260726_r01,bm25,per_question,5ab271fe554299449642c8a6,6,Jackie Lou Blanco,4.150216414600381
bm25_per_question_n500_d10_20260726_r01,bm25,per_question,5ab271fe554299449642c8a6,7,Buddy film,3.9342523829788907
bm25_per_question_n500_d10_20260726_r01,bm25,per_question,5ab271fe554299449642c8a6,8,Film laboratory,3.4151297582795723
bm25_per_question_n500_d10_20260726_r01,bm25,per_question,5ab271fe554299449642c8a6,9,Poetical Refugee,3.0839667686633394
bm25_per_question_n500_d10_20260726_r01,bm25,per_question,5ab271fe554299449642c8a6,10,Three are Three,1.2905310258091143
bm25_per_question_n500_d10_20260726_r01,bm25,per_question,5ab28019554299722f9b4d51,1,Damian Wayne,8.807995180089927
bm25_per_question_n500_d10_20260726_r01,bm25,per_question,5ab28019554299722f9b4d51,2,Omar Khadr,6.2698091467883978
bm25_per_question_n500_d10_20260726_r01,bm25,per_question,5ab28019554299722f9b4d51,3,Duty to settle,5.4410553099115875
bm25_per_question_n500_d10_20260726_r01,bm25,per_question,5ab28019554299722f9b4d51,4,List of largest pharmaceutical settlements,5.3494724628908923
bm25_per_question_n500_d10_20260726_r01,bm25,per_question,5ab28019554299722f9b4d51,5,Al Utouriya,5.1197216475321321
bm25_per_question_n500_d10_20260726_r01,bm25,per_question,5ab28019554299722f9b4d51,6,"Fraley v. Facebook, Inc.",5.0046365089149729
bm25_per_question_n500_d10_20260726_r01,bm25,per_question,5ab28019554299722f9b4d51,7,Mana Al Otaiba,4.8548107972764019
bm25_per_question_n500_d10_20260726_r01,bm25,per_question,5ab28019554299722f9b4d51,8,Tell El Sakan,4.7446635265497541
bm25_per_question_n500_d10_20260726_r01,bm25,per_question,5ab28019554299722f9b4d51,9,Kasia Al Thani,4.3894035991808185
bm25_per_question_n500_d10_20260726_r01,bm25,per_question,5ab28019554299722f9b4d51,10,Son of al Qaeda,2.0427393725682057
bm25_per_question_n500_d10_20260726_r01,bm25,per_question,5ab28b12554299449642c8ee,1,Kingdom of Northumbria,8.2721853174963957
bm25_per_question_n500_d10_20260726_r01,bm25,per_question,5ab28b12554299449642c8ee,2,Northumbrian dialect,6.4921808189303958
bm25_per_question_n500_d10_20260726_r01,bm25,per_question,5ab28b12554299449642c8ee,3,Essex dialect,5.4256345835029753
bm25_per_question_n500_d10_20260726_r01,bm25,per_question,5ab28b12554299449642c8ee,4,M180 motorway,4.3160774875954262
bm25_per_question_n500_d10_20260726_r01,bm25,per_question,5ab28b12554299449642c8ee,5,Cumbrian dialect,4.2693382561046951
bm25_per_question_n500_d10_20260726_r01,bm25,per_question,5ab28b12554299449642c8ee,6,Humber Warhawks,3.7412067592467086
bm25_per_question_n500_d10_20260726_r01,bm25,per_question,5ab28b12554299449642c8ee,7,Humber Forts,3.6775146170427151
bm25_per_question_n500_d10_20260726_r01,bm25,per_question,5ab28b12554299449642c8ee,8,Humberside,3.5887108085306956
bm25_per_question_n500_d10_20260726_r01,bm25,per_question,5ab28b12554299449642c8ee,9,South Ferriby,3.5146224390034484
bm25_per_question_n500_d10_20260726_r01,bm25,per_question,5ab28b12554299449642c8ee,10,Humberhead Levels,3.4936835340333188
bm25_per_question_n500_d10_20260726_r01,bm25,per_question,5ab29c24554299449642c932,1,Ambroise Thomas,4.0717368943413268
bm25_per_question_n500_d10_20260726_r01,bm25,per_question,5ab29c24554299449642c932,2,Ferdinando Provesi,2.5262631816073462
bm25_per_question_n500_d10_20260726_r01,bm25,per_question,5ab29c24554299449642c932,3,Giuseppe Verdi (film),1.9442974642684105
bm25_per_question_n500_d10_20260726_r01,bm25,per_question,5ab29c24554299449642c932,4,"Verdi, the King of Melody",1.8853029801757544
bm25_per_question_n500_d10_20260726_r01,bm25,per_question,5ab29c24554299449642c932,5,Teatro Giuseppe Verdi,1.856177154065781
bm25_per_question_n500_d10_20260726_r01,bm25,per_question,5ab29c24554299449642c932,6,Bernhard Bötel,1.4459183647651237
bm25_per_question_n500_d10_20260726_r01,bm25,per_question,5ab29c24554299449642c932,7,Armand Castelmary,1.3957370242521654
bm25_per_question_n500_d10_20260726_r01,bm25,per_question,5ab29c24554299449642c932,8,Giuseppe Verdi,1.244480527706848
bm25_per_question_n500_d10_20260726_r01,bm25,per_question,5ab29c24554299449642c932,9,Parma Airport,1.1535040829061534
bm25_per_question_n500_d10_20260726_r01,bm25,per_question,5ab29c24554299449642c932,10,List of major opera composers,1.0600252607457241
bm25_per_question_n500_d10_20260726_r01,bm25,per_question,5ab2a186554299295394677b,1,Maiwand Lion,8.4621520688601422
bm25_per_question_n500_d10_20260726_r01,bm25,per_question,5ab2a186554299295394677b,2,Manchester Cenotaph,7.8336543219554722
bm25_per_question_n500_d10_20260726_r01,bm25,per_question,5ab2a186554299295394677b,3,Spalding War Memorial,7.5769729662350445
bm25_per_question_n500_d10_20260726_r01,bm25,per_question,5ab2a186554299295394677b,4,York City War Memorial,5.9852239831197647
bm25_per_question_n500_d10_20260726_r01,bm25,per_question,5ab2a186554299295394677b,5,Devon County War Memorial,5.5148749079629589
bm25_per_question_n500_d10_20260726_r01,bm25,per_question,5ab2a186554299295394677b,6,Dras War Memorial,5.4241620822652932
bm25_per_question_n500_d10_20260726_r01,bm25,per_question,5ab2a186554299295394677b,7,The Forbury Hotel,4.4564641477018609
bm25_per_question_n500_d10_20260726_r01,bm25,per_question,5ab2a186554299295394677b,8,Reading Post,4.4232654735560173
bm25_per_question_n500_d10_20260726_r01,bm25,per_question,5ab2a186554299295394677b,9,Forbury Gardens,3.9374101874902849
bm25_per_question_n500_d10_20260726_r01,bm25,per_question,5ab2a186554299295394677b,10,"St James's Church, Reading",3.8488279438435669
bm25_per_question_n500_d10_20260726_r01,bm25,per_question,5ab2c5e255429916697740ba,1,57th National Hockey League All-Star Game,7.3807552847307942
bm25_per_question_n500_d10_20260726_r01,bm25,per_question,5ab2c5e255429916697740ba,2,60th National Hockey League All-Star Game,7.0643735088380968
bm25_per_question_n500_d10_20260726_r01,bm25,per_question,5ab2c5e255429916697740ba,3,National Hockey League All-Star Game,7.02534514999821
bm25_per_question_n500_d10_20260726_r01,bm25,per_question,5ab2c5e255429916697740ba,4,Ryan Johansen,6.7482875351957397
bm25_per_question_n500_d10_20260726_r01,bm25,per_question,5ab2c5e255429916697740ba,5,List of Stanley Cup champions,6.6822719472858036
bm25_per_question_n500_d10_20260726_r01,bm25,per_question,5ab2c5e255429916697740ba,6,20th National Hockey League All-Star Game,6.2291033167217158
bm25_per_question_n500_d10_20260726_r01,bm25,per_question,5ab2c5e255429916697740ba,7,NHL All-Star Skills Competition,6.1208423234800566
bm25_per_question_n500_d10_20260726_r01,bm25,per_question,5ab2c5e255429916697740ba,8,Fred Doherty,5.8818273623915083
bm25_per_question_n500_d10_20260726_r01,bm25,per_question,5ab2c5e255429916697740ba,9,Jonathan Toews,5.7891497617346168
bm25_per_question_n500_d10_20260726_r01,bm25,per_question,5ab2c5e255429916697740ba,10,Travis Richards,5.4063399645825934
bm25_per_question_n500_d10_20260726_r01,bm25,per_question,5ab2d3df554299194fa9352c,1,Giuseppe Arimondi,5.1554517532126525
bm25_per_question_n500_d10_20260726_r01,bm25,per_question,5ab2d3df554299194fa9352c,2,Battle of Adwa,5.0439764028148613
bm25_per_question_n500_d10_20260726_r01,bm25,per_question,5ab2d3df554299194fa9352c,3,Herbert S. Lewis,4.6125037202612686
bm25_per_question_n500_d10_20260726_r01,bm25,per_question,5ab2d3df554299194fa9352c,4,Ephigenia of Ethiopia,3.077047346721324
bm25_per_question_n500_d10_20260726_r01,bm25,per_question,5ab2d3df554299194fa9352c,5,First Italo-Ethiopian War,2.8328020539509282
bm25_per_question_n500_d10_20260726_r01,bm25,per_question,5ab2d3df554299194fa9352c,6,Second Battle of Agordat,2.3248340734472404
bm25_per_question_n500_d10_20260726_r01,bm25,per_question,5ab2d3df554299194fa9352c,7,Outline of Ethiopia,2.2803255012437043
bm25_per_question_n500_d10_20260726_r01,bm25,per_question,5ab2d3df554299194fa9352c,8,P'ent'ay,2.2444964272021388
bm25_per_question_n500_d10_20260726_r01,bm25,per_question,5ab2d3df554299194fa9352c,9,Treaty of Addis Ababa,2.090699126366375
bm25_per_question_n500_d10_20260726_r01,bm25,per_question,5ab2d3df554299194fa9352c,10,Ethiopia–Japan relations,1.5194142941814917
bm25_per_question_n500_d10_20260726_r01,bm25,per_question,5ab31864554299233954ff06,1,Chander Bari,2.795379717321079
bm25_per_question_n500_d10_20260726_r01,bm25,per_question,5ab31864554299233954ff06,2,Experimental musical instrument,2.5269462101228184
bm25_per_question_n500_d10_20260726_r01,bm25,per_question,5ab31864554299233954ff06,3,Asset classes,2.4149651735344362
bm25_per_question_n500_d10_20260726_r01,bm25,per_question,5ab31864554299233954ff06,4,Apratim Majumdar,2.3858548577156133
bm25_per_question_n500_d10_20260726_r01,bm25,per_question,5ab31864554299233954ff06,5,Sousaphone,1.4952868934231209
bm25_per_question_n500_d10_20260726_r01,bm25,per_question,5ab31864554299233954ff06,6,Keyboard glockenspiel,1.4157733129352277
bm25_per_question_n500_d10_20260726_r01,bm25,per_question,5ab31864554299233954ff06,7,Udaka vadya,1.3791751868617266
bm25_per_question_n500_d10_20260726_r01,bm25,per_question,5ab31864554299233954ff06,8,Sarod,1.274437856085497
bm25_per_question_n500_d10_20260726_r01,bm25,per_question,5ab31864554299233954ff06,9,Accompaniment,1.0943935256853399
bm25_per_question_n500_d10_20260726_r01,bm25,per_question,5ab31864554299233954ff06,10,Bukkehorn,1.0369274358610769
bm25_per_question_n500_d10_20260726_r01,bm25,per_question,5ab3306a55429969a97a80fd,1,The Boatniks,7.7628559773385746
bm25_per_question_n500_d10_20260726_r01,bm25,per_question,5ab3306a55429969a97a80fd,2,"Cornelia, Georgia",6.0145665515589872
bm25_per_question_n500_d10_20260726_r01,bm25,per_question,5ab3306a55429969a97a80fd,3,Rogers Locomotive and Machine Works,4.8299810185743492
bm25_per_question_n500_d10_20260726_r01,bm25,per_question,5ab3306a55429969a97a80fd,4,The General (locomotive),4.5212683650409264
bm25_per_question_n500_d10_20260726_r01,bm25,per_question,5ab3306a55429969a97a80fd,5,The Great Locomotive Chase Festival,4.3525474792277832
bm25_per_question_n500_d10_20260726_r01,bm25,per_question,5ab3306a55429969a97a80fd,6,The Texas (locomotive),4.3008687545612725
bm25_per_question_n500_d10_20260726_r01,bm25,per_question,5ab3306a55429969a97a80fd,7,The General (1926 film),4.2527167573271329
bm25_per_question_n500_d10_20260726_r01,bm25,per_question,5ab3306a55429969a97a80fd,8,Henry P. Haney,4.1475882564186666
bm25_per_question_n500_d10_20260726_r01,bm25,per_question,5ab3306a55429969a97a80fd,9,The Great Locomotive Chase,3.9008305379228352
bm25_per_question_n500_d10_20260726_r01,bm25,per_question,5ab3306a55429969a97a80fd,10,The Yonah (locomotive),3.6622986075873438
bm25_per_question_n500_d10_20260726_r01,bm25,per_question,5ab341f755429969a97a8114,1,Chim Chim Cher-ee,19.985686104372455
bm25_per_question_n500_d10_20260726_r01,bm25,per_question,5ab341f755429969a97a8114,2,My Kind of Town,9.2175722745358435
bm25_per_question_n500_d10_20260726_r01,bm25,per_question,5ab341f755429969a97a8114,3,The Great Movie Ride,9.0849456001132314
bm25_per_question_n500_d10_20260726_r01,bm25,per_question,5ab341f755429969a97a8114,4,I Love to Laugh,7.4487484651456795
bm25_per_question_n500_d10_20260726_r01,bm25,per_question,5ab341f755429969a97a8114,5,Mary Poppins (song),6.5473968346902112
bm25_per_question_n500_d10_20260726_r01,bm25,per_question,5ab341f755429969a97a8114,6,Mary Poppins (film),5.4105771842960317
bm25_per_question_n500_d10_20260726_r01,bm25,per_question,5ab341f755429969a97a8114,7,A Man Has Dreams,5.4034408770892615
bm25_per_question_n500_d10_20260726_r01,bm25,per_question,5ab341f755429969a97a8114,8,Step in Time,5.0461644525128353
bm25_per_question_n500_d10_20260726_r01,bm25,per_question,5ab341f755429969a97a8114,9,Mary Poppins Opens the Door,4.5533853974423382
bm25_per_question_n500_d10_20260726_r01,bm25,per_question,5ab341f755429969a97a8114,10,Mary Poppins Returns,3.8308019982010295
bm25_per_question_n500_d10_20260726_r01,bm25,per_question,5ab3b0bf5542992ade7c6e39,1,End of Days (film),8.2488949386806389
bm25_per_question_n500_d10_20260726_r01,bm25,per_question,5ab3b0bf5542992ade7c6e39,2,Get Christie Love!,7.7418115690263347
bm25_per_question_n500_d10_20260726_r01,bm25,per_question,5ab3b0bf5542992ade7c6e39,3,Oh My God (Guns N' Roses song),6.0902853999405
bm25_per_question_n500_d10_20260726_r01,bm25,per_question,5ab3b0bf5542992ade7c6e39,4,Last Action Hero,5.7807069286627071
bm25_per_question_n500_d10_20260726_r01,bm25,per_question,5ab3b0bf5542992ade7c6e39,5,Guns N' Roses discography,4.8562120928669126
bm25_per_question_n500_d10_20260726_r01,bm25,per_question,5ab3b0bf5542992ade7c6e39,6,True Lies,4.0332783549894664
bm25_per_question_n500_d10_20260726_r01,bm25,per_question,5ab3b0bf5542992ade7c6e39,7,Hammerjack's,3.433114960381479
bm25_per_question_n500_d10_20260726_r01,bm25,per_question,5ab3b0bf5542992ade7c6e39,8,Steven Adler,3.2886880470369828
bm25_per_question_n500_d10_20260726_r01,bm25,per_question,5ab3b0bf5542992ade7c6e39,9,Arnold Schwarzenegger filmography,2.643641942494166
bm25_per_question_n500_d10_20260726_r01,bm25,per_question,5ab3b0bf5542992ade7c6e39,10,Faction Punk,2.0762540339294464
bm25_per_question_n500_d10_20260726_r01,bm25,per_question,5ab3d69255429969a97a81c9,1,VMF-213,6.6254870659046716
bm25_per_question_n500_d10_20260726_r01,bm25,per_question,5ab3d69255429969a97a81c9,2,VMF-511,5.3813497402222952
bm25_per_question_n500_d10_20260726_r01,bm25,per_question,5ab3d69255429969a97a81c9,3,VMF-512,4.828587034100372
bm25_per_question_n500_d10_20260726_r01,bm25,per_question,5ab3d69255429969a97a81c9,4,VMF-221,4.5994146259267286
bm25_per_question_n500_d10_20260726_r01,bm25,per_question,5ab3d69255429969a97a81c9,5,VMF-222,4.1546575959814955
bm25_per_question_n500_d10_20260726_r01,bm25,per_question,5ab3d69255429969a97a81c9,6,VMF-111,4.1416407038582657
bm25_per_question_n500_d10_20260726_r01,bm25,per_question,5ab3d69255429969a97a81c9,7,VMF-215,3.8610637238476246
bm25_per_question_n500_d10_20260726_r01,bm25,per_question,5ab3d69255429969a97a81c9,8,VMF-236,3.844740168654087
bm25_per_question_n500_d10_20260726_r01,bm25,per_question,5ab3d69255429969a97a81c9,9,VMF-452,3.8188800332611779
bm25_per_question_n500_d10_20260726_r01,bm25,per_question,5ab3d69255429969a97a81c9,10,USS Essex (CV-9),2.9353878654116907
bm25_per_question_n500_d10_20260726_r01,bm25,per_question,5ab3e45655429976abd1bcd4,1,America East Conference,13.024191525369195
bm25_per_question_n500_d10_20260726_r01,bm25,per_question,5ab3e45655429976abd1bcd4,2,Vermont Catamounts men's soccer,8.0333393148661685
bm25_per_question_n500_d10_20260726_r01,bm25,per_question,5ab3e45655429976abd1bcd4,3,Vermont Catamounts men's basketball,7.5093500758310263
bm25_per_question_n500_d10_20260726_r01,bm25,per_question,5ab3e45655429976abd1bcd4,4,Vermont Catamounts men's ice hockey,5.7357913049222899
bm25_per_question_n500_d10_20260726_r01,bm25,per_question,5ab3e45655429976abd1bcd4,5,2013–14 Vermont Catamounts men's basketball team,4.0858111336375202
bm25_per_question_n500_d10_20260726_r01,bm25,per_question,5ab3e45655429976abd1bcd4,6,2016–17 Vermont Catamounts men's basketball team,4.0827494740903383
bm25_per_question_n500_d10_20260726_r01,bm25,per_question,5ab3e45655429976abd1bcd4,7,2010–11 Vermont Catamounts men's basketball team,3.7504075768420151
bm25_per_question_n500_d10_20260726_r01,bm25,per_question,5ab3e45655429976abd1bcd4,8,2012–13 Vermont Catamounts men's basketball team,3.0037942768755861
bm25_per_question_n500_d10_20260726_r01,bm25,per_question,5ab3e45655429976abd1bcd4,9,2015–16 Vermont Catamounts men's basketball team,2.8855126154651223
bm25_per_question_n500_d10_20260726_r01,bm25,per_question,5ab3e45655429976abd1bcd4,10,2011–12 Vermont Catamounts men's basketball team,2.6723404617873388
bm25_per_question_n500_d10_20260726_r01,bm25,per_question,5ab41d855542996a3a969f4b,1,Kent County Cricket Club in 2011,10.030304742524869
bm25_per_question_n500_d10_20260726_r01,bm25,per_question,5ab41d855542996a3a969f4b,2,List of Kent County Cricket Club captains,6.3425017689455077
bm25_per_question_n500_d10_20260726_r01,bm25,per_question,5ab41d855542996a3a969f4b,3,Kent County Cricket Club in 2013,6.0873430981733732
bm25_per_question_n500_d10_20260726_r01,bm25,per_question,5ab41d855542996a3a969f4b,4,Doug Bollinger,5.83564443203284
bm25_per_question_n500_d10_20260726_r01,bm25,per_question,5ab41d855542996a3a969f4b,5,Jack Mason,5.6597750431680076
bm25_per_question_n500_d10_20260726_r01,bm25,per_question,5ab41d855542996a3a969f4b,6,Wayne Parnell,5.5819456493150499
bm25_per_question_n500_d10_20260726_r01,bm25,per_question,5ab41d855542996a3a969f4b,7,Arthur Fielder,5.3524680478435984
bm25_per_question_n500_d10_20260726_r01,bm25,per_question,5ab41d855542996a3a969f4b,8,Kent County Cricket Club in 2010,5.0744935803630575
bm25_per_question_n500_d10_20260726_r01,bm25,per_question,5ab41d855542996a3a969f4b,9,Tom Caplen,4.0554043257584524
bm25_per_question_n500_d10_20260726_r01,bm25,per_question,5ab41d855542996a3a969f4b,10,Wahab Riaz,3.5615393269443354
bm25_per_question_n500_d10_20260726_r01,bm25,per_question,5ab446d455429942dd415f07,1,Gargoyles (TV series),12.30831309381513
bm25_per_question_n500_d10_20260726_r01,bm25,per_question,5ab446d455429942dd415f07,2,Escalante Petrified Forest State Park,12.00031523375983
bm25_per_question_n500_d10_20260726_r01,bm25,per_question,5ab446d455429942dd415f07,3,Gargoyles the Movie: The Heroes Awaken,11.414489928289985
bm25_per_question_n500_d10_20260726_r01,bm25,per_question,5ab446d455429942dd415f07,4,Rainbow Girl,8.3839418885290709
bm25_per_question_n500_d10_20260726_r01,bm25,per_question,5ab446d455429942dd415f07,5,A Million Miles in a Thousand Years,7.9525959008414118
bm25_per_question_n500_d10_20260726_r01,bm25,per_question,5ab446d455429942dd415f07,6,Race of a Thousand Years,6.0068379150305686
bm25_per_question_n500_d10_20260726_r01,bm25,per_question,5ab446d455429942dd415f07,7,Desert kite,5.984252768469581
bm25_per_question_n500_d10_20260726_r01,bm25,per_question,5ab446d455429942dd415f07,8,Shadow War,5.6910504883860744
bm25_per_question_n500_d10_20260726_r01,bm25,per_question,5ab446d455429942dd415f07,9,Beer in Hungary,5.3405521621233873
bm25_per_question_n500_d10_20260726_r01,bm25,per_question,5ab446d455429942dd415f07,10,Quaternary,4.4543194927704111
bm25_per_question_n500_d10_20260726_r01,bm25,per_question,5ab45a0b5542991779162c7e,1,Viaport Rotterdam,4.7660761690679703
bm25_per_question_n500_d10_20260726_r01,bm25,per_question,5ab45a0b5542991779162c7e,2,Pierre Bossier Mall,3.7637028223145004
bm25_per_question_n500_d10_20260726_r01,bm25,per_question,5ab45a0b5542991779162c7e,3,Birchwood Mall,2.9634927202656245
bm25_per_question_n500_d10_20260726_r01,bm25,per_question,5ab45a0b5542991779162c7e,4,ViaPort Florida,2.3143774493296889
bm25_per_question_n500_d10_20260726_r01,bm25,per_question,5ab45a0b5542991779162c7e,5,Karcher Mall,1.6094132873676175
bm25_per_question_n500_d10_20260726_r01,bm25,per_question,5ab45a0b5542991779162c7e,6,Wilton Mall,1.5927176110698194
bm25_per_question_n500_d10_20260726_r01,bm25,per_question,5ab45a0b5542991779162c7e,7,Original Outlet Mall,1.2575847450977582
bm25_per_question_n500_d10_20260726_r01,bm25,per_question,5ab45a0b5542991779162c7e,8,Saratoga Mall,1.1371307711938432
bm25_per_question_n500_d10_20260726_r01,bm25,per_question,5ab45a0b5542991779162c7e,9,"Eastland Mall (Charlotte, North Carolina)",1.0587431543303771
bm25_per_question_n500_d10_20260726_r01,bm25,per_question,5ab45a0b5542991779162c7e,10,Hubert Wilton,1.0069588100294249
bm25_per_question_n500_d10_20260726_r01,bm25,per_question,5ab47cd75542991751b4d78d,1,AFC North,5.6044806745892881
bm25_per_question_n500_d10_20260726_r01,bm25,per_question,5ab47cd75542991751b4d78d,2,Ron Snidow,5.4032647141677792
bm25_per_question_n500_d10_20260726_r01,bm25,per_question,5ab47cd75542991751b4d78d,3,2011 Cleveland Browns season,4.5819715435715906
bm25_per_question_n500_d10_20260726_r01,bm25,per_question,5ab47cd75542991751b4d78d,4,2010 Cleveland Browns season,4.4827199961779094
bm25_per_question_n500_d10_20260726_r01,bm25,per_question,5ab47cd75542991751b4d78d,5,2007 Cleveland Browns season,4.0700323250725772
bm25_per_question_n500_d10_20260726_r01,bm25,per_question,5ab47cd75542991751b4d78d,6,Freddie Summers,3.8087903549822215
bm25_per_question_n500_d10_20260726_r01,bm25,per_question,5ab47cd75542991751b4d78d,7,2008 Cleveland Browns season,3.6566745100589091
bm25_per_question_n500_d10_20260726_r01,bm25,per_question,5ab47cd75542991751b4d78d,8,2012 Cleveland Browns season,3.4328562501849627
bm25_per_question_n500_d10_20260726_r01,bm25,per_question,5ab47cd75542991751b4d78d,9,2009 Cleveland Browns season,3.3022487510532987
bm25_per_question_n500_d10_20260726_r01,bm25,per_question,5ab47cd75542991751b4d78d,10,Lamar Chapman,2.6032769075513835
bm25_per_question_n500_d10_20260726_r01,bm25,per_question,5ab47d765542991751b4d78f,1,2017 Mr. Olympia,5.3089975416080861
bm25_per_question_n500_d10_20260726_r01,bm25,per_question,5ab47d765542991751b4d78f,2,1980 Ms. Olympia,4.4258655537807057
bm25_per_question_n500_d10_20260726_r01,bm25,per_question,5ab47d765542991751b4d78f,3,1991 Mr. Olympia,4.4027003211470284
bm25_per_question_n500_d10_20260726_r01,bm25,per_question,5ab47d765542991751b4d78f,4,1981 Ms. Olympia,4.2930588387110236
bm25_per_question_n500_d10_20260726_r01,bm25,per_question,5ab47d765542991751b4d78f,5,1975 Mr. Olympia,3.9833681982396829
bm25_per_question_n500_d10_20260726_r01,bm25,per_question,5ab47d765542991751b4d78f,6,2012 Ms. Olympia,3.8834683751757426
bm25_per_question_n500_d10_20260726_r01,bm25,per_question,5ab47d765542991751b4d78f,7,1991 Ms. Olympia,3.794139931034672
bm25_per_question_n500_d10_20260726_r01,bm25,per_question,5ab47d765542991751b4d78f,8,2010 Ms. Olympia,3.7431389824100467
bm25_per_question_n500_d10_20260726_r01,bm25,per_question,5ab47d765542991751b4d78f,9,Walt Disney World Dolphin,3.7372760198321271
bm25_per_question_n500_d10_20260726_r01,bm25,per_question,5ab47d765542991751b4d78f,10,2011 Ms. Olympia,3.7283165102092957
bm25_per_question_n500_d10_20260726_r01,bm25,per_question,5ab48c325542996a3a969f93,1,Edith the Fair,4.3049765755786806
bm25_per_question_n500_d10_20260726_r01,bm25,per_question,5ab48c325542996a3a969f93,2,Edith Walks,4.2352027977688254
bm25_per_question_n500_d10_20260726_r01,bm25,per_question,5ab48c325542996a3a969f93,3,The Last English King,3.2020918544083532
bm25_per_question_n500_d10_20260726_r01,bm25,per_question,5ab48c325542996a3a969f93,4,Battle of Stamford Bridge,3.0176311413362176
bm25_per_question_n500_d10_20260726_r01,bm25,per_question,5ab48c325542996a3a969f93,5,Cultural depictions of Harold Godwinson,2.6848352168977105
bm25_per_question_n500_d10_20260726_r01,bm25,per_question,5ab48c325542996a3a969f93,6,"Godwin, Earl of Wessex",2.4742384281384773
bm25_per_question_n500_d10_20260726_r01,bm25,per_question,5ab48c325542996a3a969f93,7,Waltham Abbey Church,2.0688634646060429
bm25_per_question_n500_d10_20260726_r01,bm25,per_question,5ab48c325542996a3a969f93,8,Gytha Thorkelsdóttir,1.8638768000489008
bm25_per_question_n500_d10_20260726_r01,bm25,per_question,5ab48c325542996a3a969f93,9,Tostig Godwinson,1.8126761922531243
bm25_per_question_n500_d10_20260726_r01,bm25,per_question,5ab48c325542996a3a969f93,10,Leofwine Godwinson,1.7706393526981536
bm25_per_question_n500_d10_20260726_r01,bm25,per_question,5ab4e3065542990594ba9cb4,1,Discovery Museum and Planetarium,4.6203268983837713
bm25_per_question_n500_d10_20260726_r01,bm25,per_question,5ab4e3065542990594ba9cb4,2,Truth in Science,2.9233622655521008
bm25_per_question_n500_d10_20260726_r01,bm25,per_question,5ab4e3065542990594ba9cb4,3,I Am... Gabriel,2.8677974495122145
bm25_per_question_n500_d10_20260726_r01,bm25,per_question,5ab4e3065542990594ba9cb4,4,Discovery Networks Benelux,2.8008806789993033
bm25_per_question_n500_d10_20260726_r01,bm25,per_question,5ab4e3065542990594ba9cb4,5,Truth Initiative,2.1532838433106445
bm25_per_question_n500_d10_20260726_r01,bm25,per_question,5ab4e3065542990594ba9cb4,6,Truth (anti-tobacco campaign),1.933222471651403
bm25_per_question_n500_d10_20260726_r01,bm25,per_question,5ab4e3065542990594ba9cb4,7,Discovery Institute,1.6483887029117339
bm25_per_question_n500_d10_20260726_r01,bm25,per_question,5ab4e3065542990594ba9cb4,8,Extrema (band),1.4347599792392522
bm25_per_question_n500_d10_20260726_r01,bm25,per_question,5ab4e3065542990594ba9cb4,9,Every Voice,1.3050527542239507
bm25_per_question_n500_d10_20260726_r01,bm25,per_question,5ab4e3065542990594ba9cb4,10,The Last Embrace,1.2514034144887132
bm25_per_question_n500_d10_20260726_r01,bm25,per_question,5ab5057b5542991779162d56,1,Ninnu Kori,4.6892753990251803
bm25_per_question_n500_d10_20260726_r01,bm25,per_question,5ab5057b5542991779162d56,2,Highland Inn,2.5477766210082793
bm25_per_question_n500_d10_20260726_r01,bm25,per_question,5ab5057b5542991779162d56,3,Voice type,2.3008455881317875
bm25_per_question_n500_d10_20260726_r01,bm25,per_question,5ab5057b5542991779162d56,4,Exchange Ilford,2.1289686632493439
bm25_per_question_n500_d10_20260726_r01,bm25,per_question,5ab5057b5542991779162d56,5,Callington Mill,2.026755542612297
bm25_per_question_n500_d10_20260726_r01,bm25,per_question,5ab5057b5542991779162d56,6,Wishing Stairs,1.7122809884455295
bm25_per_question_n500_d10_20260726_r01,bm25,per_question,5ab5057b5542991779162d56,7,Rimstone,1.5866458152664289
bm25_per_question_n500_d10_20260726_r01,bm25,per_question,5ab5057b5542991779162d56,8,List of ancient spiral stairs,1.3953811785535943
bm25_per_question_n500_d10_20260726_r01,bm25,per_question,5ab5057b5542991779162d56,9,Voice (film),1.3509581007886011
bm25_per_question_n500_d10_20260726_r01,bm25,per_question,5ab5057b5542991779162d56,10,Song Ji-hyo,1.0203736560953875
bm25_per_question_n500_d10_20260726_r01,bm25,per_question,5ab51dae5542991779162d82,1,Elko Regional Airport,5.4972571773554861
bm25_per_question_n500_d10_20260726_r01,bm25,per_question,5ab51dae5542991779162d82,2,Gerald R. Ford International Airport,4.9149635743912956
bm25_per_question_n500_d10_20260726_r01,bm25,per_question,5ab51dae5542991779162d82,3,Gerald R. Ford Freeway,4.6912580945213938
bm25_per_question_n500_d10_20260726_r01,bm25,per_question,5ab51dae5542991779162d82,4,Bishop International Airport,4.6600890310181988
bm25_per_question_n500_d10_20260726_r01,bm25,per_question,5ab51dae5542991779162d82,5,Gerald R. Ford Presidential Library,4.277184576564264
bm25_per_question_n500_d10_20260726_r01,bm25,per_question,5ab51dae5542991779162d82,6,Pre-Commissioning Unit,3.7482733428116801
bm25_per_question_n500_d10_20260726_r01,bm25,per_question,5ab51dae5542991779162d82,7,Grantley Adams International Airport,3.7391885813353651
bm25_per_question_n500_d10_20260726_r01,bm25,per_question,5ab51dae5542991779162d82,8,Pensacola International Airport,3.4826580328504204
bm25_per_question_n500_d10_20260726_r01,bm25,per_question,5ab51dae5542991779162d82,9,John Glenn Columbus International Airport,2.8036957355976364
bm25_per_question_n500_d10_20260726_r01,bm25,per_question,5ab51dae5542991779162d82,10,Raleigh Executive Jetport,2.7797816510074065
bm25_per_question_n500_d10_20260726_r01,bm25,per_question,5ab531cc5542990594ba9d23,1,KGOT,9.3210789323289536
bm25_per_question_n500_d10_20260726_r01,bm25,per_question,5ab531cc5542990594ba9d23,2,Kentucky Oaks Mall,4.8030340272196561
bm25_per_question_n500_d10_20260726_r01,bm25,per_question,5ab531cc5542990594ba9d23,3,Mall of New Hampshire,4.4656710385836842
bm25_per_question_n500_d10_20260726_r01,bm25,per_question,5ab531cc5542990594ba9d23,4,SM City Cebu,4.3342092844693312
bm25_per_question_n500_d10_20260726_r01,bm25,per_question,5ab531cc5542990594ba9d23,5,Tower City station,4.3108270531952808
bm25_per_question_n500_d10_20260726_r01,bm25,per_question,5ab531cc5542990594ba9d23,6,Park City Center,4.0781690837748661
bm25_per_question_n500_d10_20260726_r01,bm25,per_question,5ab531cc5542990594ba9d23,7,Pavilion Mall,3.6129132100758996
bm25_per_question_n500_d10_20260726_r01,bm25,per_question,5ab531cc5542990594ba9d23,8,Dimond Center,3.5410869159637901
bm25_per_question_n500_d10_20260726_r01,bm25,per_question,5ab531cc5542990594ba9d23,9,Bedok Mall,3.2121261054789731
bm25_per_question_n500_d10_20260726_r01,bm25,per_question,5ab531cc5542990594ba9d23,10,Mall of Georgia,3.0432351171012386
bm25_per_question_n500_d10_20260726_r01,bm25,per_question,5ab5499e5542992aa134a295,1,Luke Clark,6.5263983129710734
bm25_per_question_n500_d10_20260726_r01,bm25,per_question,5ab5499e5542992aa134a295,2,Luke Hubbins,4.2105968758933034
bm25_per_question_n500_d10_20260726_r01,bm25,per_question,5ab5499e5542992aa134a295,3,Curzon Ashton F.C.,4.1640744318716285
bm25_per_question_n500_d10_20260726_r01,bm25,per_question,5ab5499e5542992aa134a295,4,Leigh Broxham,3.6082875536518801
bm25_per_question_n500_d10_20260726_r01,bm25,per_question,5ab5499e5542992aa134a295,5,Bjørn Helge Riise,3.4639504713007971
bm25_per_question_n500_d10_20260726_r01,bm25,per_question,5ab5499e5542992aa134a295,6,Atiqur Rahman Meshu,3.2333588438547594
bm25_per_question_n500_d10_20260726_r01,bm25,per_question,5ab5499e5542992aa134a295,7,Nico Pandiani,3.2268546346303721
bm25_per_question_n500_d10_20260726_r01,bm25,per_question,5ab5499e5542992aa134a295,8,Ibrahim Tall,3.0873120447535412
bm25_per_question_n500_d10_20260726_r01,bm25,per_question,5ab5499e5542992aa134a295,9,Martin Linnes,2.7735774328989562
bm25_per_question_n500_d10_20260726_r01,bm25,per_question,5ab5499e5542992aa134a295,10,Michalis Bakakis,2.458118605726642
bm25_per_question_n500_d10_20260726_r01,bm25,per_question,5ab56e32554299637185c594,1,Random House Tower,7.7320557442408226
bm25_per_question_n500_d10_20260726_r01,bm25,per_question,5ab56e32554299637185c594,2,Villard (imprint),4.5663652013659179
bm25_per_question_n500_d10_20260726_r01,bm25,per_question,5ab56e32554299637185c594,3,Real estate technology,4.3138420195989031
bm25_per_question_n500_d10_20260726_r01,bm25,per_question,5ab56e32554299637185c594,4,Pershing Square Capital Management,3.3529518170569288
bm25_per_question_n500_d10_20260726_r01,bm25,per_question,5ab56e32554299637185c594,5,Loan modification in the United States,3.3158298774817352
bm25_per_question_n500_d10_20260726_r01,bm25,per_question,5ab56e32554299637185c594,6,888 7th Avenue,2.7428938379563035
bm25_per_question_n500_d10_20260726_r01,bm25,per_question,5ab56e32554299637185c594,7,Real estate benchmarking,2.4005977448990077
bm25_per_question_n500_d10_20260726_r01,bm25,per_question,5ab56e32554299637185c594,8,Carl B. Stokes United States Courthouse,2.3948349870963397
bm25_per_question_n500_d10_20260726_r01,bm25,per_question,5ab56e32554299637185c594,9,"Hounsfield Heights/Briar Hill, Calgary",2.3837327638961727
bm25_per_question_n500_d10_20260726_r01,bm25,per_question,5ab56e32554299637185c594,10,South Phoenix,1.5306047764313617
bm25_per_question_n500_d10_20260726_r01,bm25,per_question,5ab5b6c1554299637185c5e5,1,Hellogoodbye,3.2859240598869572
bm25_per_question_n500_d10_20260726_r01,bm25,per_question,5ab5b6c1554299637185c5e5,2,Bobby Fox,2.8125557155477821
bm25_per_question_n500_d10_20260726_r01,bm25,per_question,5ab5b6c1554299637185c5e5,3,The Wonder Who?,2.694683363418684
bm25_per_question_n500_d10_20260726_r01,bm25,per_question,5ab5b6c1554299637185c5e5,4,The Four Seasons (band),2.5808224709886933
bm25_per_question_n500_d10_20260726_r01,bm25,per_question,5ab5b6c1554299637185c5e5,5,Dean Valli,2.5650569521527151
bm25_per_question_n500_d10_20260726_r01,bm25,per_question,5ab5b6c1554299637185c5e5,6,Roy Roman,2.4804569155257976
bm25_per_question_n500_d10_20260726_r01,bm25,per_question,5ab5b6c1554299637185c5e5,7,Valli (album),2.4145346755184871
bm25_per_question_n500_d10_20260726_r01,bm25,per_question,5ab5b6c1554299637185c5e5,8,Jersey Boys: Original Broadway Cast Recording,1.833270764278621
bm25_per_question_n500_d10_20260726_r01,bm25,per_question,5ab5b6c1554299637185c5e5,9,My Eyes Adored You,1.7926284392907674
bm25_per_question_n500_d10_20260726_r01,bm25,per_question,5ab5b6c1554299637185c5e5,10,Can't Take My Eyes Off You,1.6852967836912556
bm25_per_question_n500_d10_20260726_r01,bm25,per_question,5ab5ed505542997d4ad1f255,1,Bruce Spizer,9.2904077737746498
bm25_per_question_n500_d10_20260726_r01,bm25,per_question,5ab5ed505542997d4ad1f255,2,Marsha Albert,7.8047467623258884
bm25_per_question_n500_d10_20260726_r01,bm25,per_question,5ab5ed505542997d4ad1f255,3,Cultural impact of the Beatles,5.2590336400001361
bm25_per_question_n500_d10_20260726_r01,bm25,per_question,5ab5ed505542997d4ad1f255,4,The Beatles,4.7644226937200891
bm25_per_question_n500_d10_20260726_r01,bm25,per_question,5ab5ed505542997d4ad1f255,5,Adam and the Ants,4.350594120054283
bm25_per_question_n500_d10_20260726_r01,bm25,per_question,5ab5ed505542997d4ad1f255,6,Azra,3.5966940323277536
bm25_per_question_n500_d10_20260726_r01,bm25,per_question,5ab5ed505542997d4ad1f255,7,Cargo Records (Canada),3.5779459196532231
bm25_per_question_n500_d10_20260726_r01,bm25,per_question,5ab5ed505542997d4ad1f255,8,Cultural depictions of Elvis Presley,3.4210885882631352
bm25_per_question_n500_d10_20260726_r01,bm25,per_question,5ab5ed505542997d4ad1f255,9,The Beach Boys,3.2412728351953355
bm25_per_question_n500_d10_20260726_r01,bm25,per_question,5ab5ed505542997d4ad1f255,10,Christian Death,3.2126871850632792
bm25_per_question_n500_d10_20260726_r01,bm25,per_question,5ab5f854554299637185c64e,1,Adnan Akmal,6.2611236218245043
bm25_per_question_n500_d10_20260726_r01,bm25,per_question,5ab5f854554299637185c64e,2,Zulqarnain Haider,3.1284426543761312
bm25_per_question_n500_d10_20260726_r01,bm25,per_question,5ab5f854554299637185c64e,3,Kamran Akmal,2.9350656185577955
bm25_per_question_n500_d10_20260726_r01,bm25,per_question,5ab5f854554299637185c64e,4,2013 East Africa Premier League,2.0958348828967637
bm25_per_question_n500_d10_20260726_r01,bm25,per_question,5ab5f854554299637185c64e,5,Lahore Qalandars in 2016,1.9979391645822626
bm25_per_question_n500_d10_20260726_r01,bm25,per_question,5ab5f854554299637185c64e,6,Umar Akmal,1.9889775122014544
bm25_per_question_n500_d10_20260726_r01,bm25,per_question,5ab5f854554299637185c64e,7,999 (Malaysian TV series),1.967878755298853
bm25_per_question_n500_d10_20260726_r01,bm25,per_question,5ab5f854554299637185c64e,8,"Mohammad Salman (cricketer, born 1981)",1.6616789108252437
bm25_per_question_n500_d10_20260726_r01,bm25,per_question,5ab5f854554299637185c64e,9,"Imran Ali (cricketer, born 1985)",1.0758935486975196
bm25_per_question_n500_d10_20260726_r01,bm25,per_question,5ab5f854554299637185c64e,10,Kamran Rasheed,0.43073323923744555
bm25_per_question_n500_d10_20260726_r01,bm25,per_question,5ab626d555429953192ad279,1,Anthony Avent,10.159385595006908
bm25_per_question_n500_d10_20260726_r01,bm25,per_question,5ab626d555429953192ad279,2,Kelsall,6.8461387315722346
bm25_per_question_n500_d10_20260726_r01,bm25,per_question,5ab626d555429953192ad279,3,James Blackmon Sr.,6.7722607232270695
bm25_per_question_n500_d10_20260726_r01,bm25,per_question,5ab626d555429953192ad279,4,"Canton, Michigan",6.206771592851152
bm25_per_question_n500_d10_20260726_r01,bm25,per_question,5ab626d555429953192ad279,5,Jeff Horner,5.9076875651288034
bm25_per_question_n500_d10_20260726_r01,bm25,per_question,5ab626d555429953192ad279,6,"Newark, New Jersey",5.6718516569780908
bm25_per_question_n500_d10_20260726_r01,bm25,per_question,5ab626d555429953192ad279,7,Finchampstead,5.2565421415051938
bm25_per_question_n500_d10_20260726_r01,bm25,per_question,5ab626d555429953192ad279,8,Weldon Drew,4.5685380378198603
bm25_per_question_n500_d10_20260726_r01,bm25,per_question,5ab626d555429953192ad279,9,Larry Friend,4.2152732029014679
bm25_per_question_n500_d10_20260726_r01,bm25,per_question,5ab626d555429953192ad279,10,Presley Askew,3.7699568522018136
bm25_per_question_n500_d10_20260726_r01,bm25,per_question,5ab6369655429953192ad2a1,1,Eucryphia,-0.15056552471819176
bm25_per_question_n500_d10_20260726_r01,bm25,per_question,5ab6369655429953192ad2a1,2,Lepidozamia,-0.1640490045437015
bm25_per_question_n500_d10_20260726_r01,bm25,per_question,5ab642845542995eadeeff8e,1,Laeliocattleya,3.0245617578907957
bm25_per_question_n500_d10_20260726_r01,bm25,per_question,5ab642845542995eadeeff8e,2,Broughtonia,2.1814751960668151
bm25_per_question_n500_d10_20260726_r01,bm25,per_question,5ab642845542995eadeeff8e,3,Broughtonia sanguinea,2.079559285357123
bm25_per_question_n500_d10_20260726_r01,bm25,per_question,5ab642845542995eadeeff8e,4,Paracaleana,1.7873233982561518
bm25_per_question_n500_d10_20260726_r01,bm25,per_question,5ab642845542995eadeeff8e,5,Caladenia,1.7174838410813993
bm25_per_question_n500_d10_20260726_r01,bm25,per_question,5ab642845542995eadeeff8e,6,Calochilus,1.2289276134675036
bm25_per_question_n500_d10_20260726_r01,bm25,per_question,5ab642845542995eadeeff8e,7,William Henry Nicholls,0.60598273118052104
bm25_per_question_n500_d10_20260726_r01,bm25,per_question,5ab642845542995eadeeff8e,8,Cattleytonia,0.54003646682563533
bm25_per_question_n500_d10_20260726_r01,bm25,per_question,5ab642845542995eadeeff8e,9,Hawkinsara,0.54003646682563533
bm25_per_question_n500_d10_20260726_r01,bm25,per_question,5ab642845542995eadeeff8e,10,Otaara,0.5284573644994156
bm25_per_question_n500_d10_20260726_r01,bm25,per_question,5ab659e355429954757d324e,1,Three Men on a Horse,11.930422747583195
bm25_per_question_n500_d10_20260726_r01,bm25,per_question,5ab659e355429954757d324e,2,Michael Wynne (playwright),7.3773356508945529
bm25_per_question_n500_d10_20260726_r01,bm25,per_question,5ab659e355429954757d324e,3,Lenelle Moïse,6.1505188099292507
bm25_per_question_n500_d10_20260726_r01,bm25,per_question,5ab659e355429954757d324e,4,Finn Iunker,4.7797993456947045
bm25_per_question_n500_d10_20260726_r01,bm25,per_question,5ab659e355429954757d324e,5,Jeffrey Stanley,4.5379990498741885
bm25_per_question_n500_d10_20260726_r01,bm25,per_question,5ab659e355429954757d324e,6,Bertha Runkle,3.9051075925265062
bm25_per_question_n500_d10_20260726_r01,bm25,per_question,5ab659e355429954757d324e,7,James Roland MacLaren,3.3901194869850322
bm25_per_question_n500_d10_20260726_r01,bm25,per_question,5ab659e355429954757d324e,8,Sumie Tanaka,2.7737432553722456
bm25_per_question_n500_d10_20260726_r01,bm25,per_question,5ab659e355429954757d324e,9,DeObia Oparei,2.4590006918053642
bm25_per_question_n500_d10_20260726_r01,bm25,per_question,5ab659e355429954757d324e,10,George Abbott,0
bm25_per_question_n500_d10_20260726_r01,bm25,per_question,5ab67772554299110f219a12,1,J. T. Petty,6.1513778292176351
bm25_per_question_n500_d10_20260726_r01,bm25,per_question,5ab67772554299110f219a12,2,Kegelhelm,4.0676375566311131
bm25_per_question_n500_d10_20260726_r01,bm25,per_question,5ab67772554299110f219a12,3,Petit jury,3.8341893333103396
bm25_per_question_n500_d10_20260726_r01,bm25,per_question,5ab67772554299110f219a12,4,M Music &amp; Musicians,3.6559046099967039
bm25_per_question_n500_d10_20260726_r01,bm25,per_question,5ab67772554299110f219a12,5,Outlast,3.0811905406094335
bm25_per_question_n500_d10_20260726_r01,bm25,per_question,5ab67772554299110f219a12,6,Uterine cancer,2.927925749314976
bm25_per_question_n500_d10_20260726_r01,bm25,per_question,5ab67772554299110f219a12,7,Petty treason,2.6083084255723188
bm25_per_question_n500_d10_20260726_r01,bm25,per_question,5ab67772554299110f219a12,8,High treason,2.5388311752949519
bm25_per_question_n500_d10_20260726_r01,bm25,per_question,5ab67772554299110f219a12,9,W. Morgan Petty,2.0783761249265229
bm25_per_question_n500_d10_20260726_r01,bm25,per_question,5ab67772554299110f219a12,10,Imprest system,1.3807262358040453
bm25_per_question_n500_d10_20260726_r01,bm25,per_question,5ab67bd355429954757d32f2,1,Curt Menefee,16.654132588143039
bm25_per_question_n500_d10_20260726_r01,bm25,per_question,5ab67bd355429954757d32f2,2,Michael Strahan,13.877621586510072
bm25_per_question_n500_d10_20260726_r01,bm25,per_question,5ab67bd355429954757d32f2,3,Charissa Thompson,7.9234697284577837
bm25_per_question_n500_d10_20260726_r01,bm25,per_question,5ab67bd355429954757d32f2,4,Ray Nitschke,7.1402409842762795
bm25_per_question_n500_d10_20260726_r01,bm25,per_question,5ab67bd355429954757d32f2,5,Al Wilson (offensive lineman),6.2328415558724419
bm25_per_question_n500_d10_20260726_r01,bm25,per_question,5ab67bd355429954757d32f2,6,Fiona Forbes,6.1523375536388123
bm25_per_question_n500_d10_20260726_r01,bm25,per_question,5ab67bd355429954757d32f2,7,Bill Freehan,6.058154464232647
bm25_per_question_n500_d10_20260726_r01,bm25,per_question,5ab67bd355429954757d32f2,8,Merlin Olsen,5.4977056976307779
bm25_per_question_n500_d10_20260726_r01,bm25,per_question,5ab67bd355429954757d32f2,9,Michael Hjälm,5.2105643229129432
bm25_per_question_n500_d10_20260726_r01,bm25,per_question,5ab67bd355429954757d32f2,10,Tamika Catchings,4.2899183153397651
bm25_per_question_n500_d10_20260726_r01,bm25,per_question,5ab69c25554299110f219a39,1,Owsley Stanley,22.944908213985819
bm25_per_question_n500_d10_20260726_r01,bm25,per_question,5ab69c25554299110f219a39,2,Gary Arlington,15.713675484518873
bm25_per_question_n500_d10_20260726_r01,bm25,per_question,5ab69c25554299110f219a39,3,Key System,12.863066698906398
bm25_per_question_n500_d10_20260726_r01,bm25,per_question,5ab69c25554299110f219a39,4,Old and in the Way (album),12.279674227048284
bm25_per_question_n500_d10_20260726_r01,bm25,per_question,5ab69c25554299110f219a39,5,Ragazzi Boys Chorus,12.019040904589273
bm25_per_question_n500_d10_20260726_r01,bm25,per_question,5ab69c25554299110f219a39,6,Codornices Creek,11.522838390661905
bm25_per_question_n500_d10_20260726_r01,bm25,per_question,5ab69c25554299110f219a39,7,Jory Prum,10.700688841490338
bm25_per_question_n500_d10_20260726_r01,bm25,per_question,5ab69c25554299110f219a39,8,"Oakland, California",10.157445258354945
bm25_per_question_n500_d10_20260726_r01,bm25,per_question,5ab69c25554299110f219a39,9,San Francisco Bay Area Water Trail,9.5163924041591201
bm25_per_question_n500_d10_20260726_r01,bm25,per_question,5ab69c25554299110f219a39,10,Association of Bay Area Governments,8.952088886683045
bm25_per_question_n500_d10_20260726_r01,bm25,per_question,5ab6a2be554299710c8d1f08,1,Battle Beyond the Sun,7.8550119958813713
bm25_per_question_n500_d10_20260726_r01,bm25,per_question,5ab6a2be554299710c8d1f08,2,Queen of Blood,7.6067735176341333
bm25_per_question_n500_d10_20260726_r01,bm25,per_question,5ab6a2be554299710c8d1f08,3,I Was a Satellite of the Sun,4.9609789612972168
bm25_per_question_n500_d10_20260726_r01,bm25,per_question,5ab6a2be554299710c8d1f08,4,Battle Beyond the Stars,4.7161441465195466
bm25_per_question_n500_d10_20260726_r01,bm25,per_question,5ab6a2be554299710c8d1f08,5,Girl Seeks Father,3.1698180373813458
bm25_per_question_n500_d10_20260726_r01,bm25,per_question,5ab6a2be554299710c8d1f08,6,All Costs Paid,2.8817134430413613
bm25_per_question_n500_d10_20260726_r01,bm25,per_question,5ab6a2be554299710c8d1f08,7,The Scarlet Flower (1952 film),2.6138723968769022
bm25_per_question_n500_d10_20260726_r01,bm25,per_question,5ab6a2be554299710c8d1f08,8,The Key (1961 film),1.8875644950953574
bm25_per_question_n500_d10_20260726_r01,bm25,per_question,5ab6a2be554299710c8d1f08,9,Tracker (1987 film),1.6268403281218313
bm25_per_question_n500_d10_20260726_r01,bm25,per_question,5ab6a2be554299710c8d1f08,10,Older Sister,1.5912766580875912
bm25_per_question_n500_d10_20260726_r01,bm25,per_question,5ab6aaff55429953192ad35b,1,Phoenix Hong Kong Channel,15.279444948634456
bm25_per_question_n500_d10_20260726_r01,bm25,per_question,5ab6aaff55429953192ad35b,2,Phoenix Television,13.388257240708363
bm25_per_question_n500_d10_20260726_r01,bm25,per_question,5ab6aaff55429953192ad35b,3,.ky,2.8576398709146225
bm25_per_question_n500_d10_20260726_r01,bm25,per_question,5ab6aaff55429953192ad35b,4,Anthony Travers,2.4523701014707879
bm25_per_question_n500_d10_20260726_r01,bm25,per_question,5ab6aaff55429953192ad35b,5,Cayman Islands national rugby sevens team,2.1596017266869603
bm25_per_question_n500_d10_20260726_r01,bm25,per_question,5ab6aaff55429953192ad35b,6,Carey Olsen,1.7773867772585907
bm25_per_question_n500_d10_20260726_r01,bm25,per_question,5ab6aaff55429953192ad35b,7,Cayman Islands Open 2011,1.5404473578519942
bm25_per_question_n500_d10_20260726_r01,bm25,per_question,5ab6aaff55429953192ad35b,8,Cayman Islands at the 2011 Pan American Games,1.3738780821804253
bm25_per_question_n500_d10_20260726_r01,bm25,per_question,5ab6aaff55429953192ad35b,9,Cayman Enterprise City,1.2894919322052378
bm25_per_question_n500_d10_20260726_r01,bm25,per_question,5ab6aaff55429953192ad35b,10,Walkers (law firm),1.1211633963716043
bm25_per_question_n500_d10_20260726_r01,bm25,per_question,5ab6ba245542995eadef007f,1,Danny Jones,5.9951613441588281
bm25_per_question_n500_d10_20260726_r01,bm25,per_question,5ab6ba245542995eadef007f,2,The Voice of the Philippines,2.7566024328304648
bm25_per_question_n500_d10_20260726_r01,bm25,per_question,5ab6ba245542995eadef007f,3,The Voice Teens (Philippine TV series),1.9038844357038798
bm25_per_question_n500_d10_20260726_r01,bm25,per_question,5ab6ba245542995eadef007f,4,Bamboo Mañalac,1.8682123322025523
bm25_per_question_n500_d10_20260726_r01,bm25,per_question,5ab6ba245542995eadef007f,5,As the Music Plays,1.5075644889011748
bm25_per_question_n500_d10_20260726_r01,bm25,per_question,5ab6ba245542995eadef007f,6,Bamboo (band),1.2989684033959161
bm25_per_question_n500_d10_20260726_r01,bm25,per_question,5ab6ba245542995eadef007f,7,Rivermaya,1.1292270850904793
bm25_per_question_n500_d10_20260726_r01,bm25,per_question,5ab6ba245542995eadef007f,8,The Voice Teens (Philippines season 1),1.1055931309878648
bm25_per_question_n500_d10_20260726_r01,bm25,per_question,5ab6ba245542995eadef007f,9,"No Water, No Moon",1.0409214308607089
bm25_per_question_n500_d10_20260726_r01,bm25,per_question,5ab6ba245542995eadef007f,10,Kakoy Legaspi,0.96461815324282396
bm25_per_question_n500_d10_20260726_r01,bm25,per_question,5ab6bf6d55429953192ad372,1,Phlebodium,3.9480407437752643
bm25_per_question_n500_d10_20260726_r01,bm25,per_question,5ab6bf6d55429953192ad372,2,Phlebodium aureum,3.244107344730947
bm25_per_question_n500_d10_20260726_r01,bm25,per_question,5ab6bf6d55429953192ad372,3,Pieris (plant),3.1993692860767213
bm25_per_question_n500_d10_20260726_r01,bm25,per_question,5ab6bf6d55429953192ad372,4,Pieris floribunda,3.0131348533886224
bm25_per_question_n500_d10_20260726_r01,bm25,per_question,5ab6bf6d55429953192ad372,5,Pieris (butterfly),2.8364721280947762
bm25_per_question_n500_d10_20260726_r01,bm25,per_question,5ab6bf6d55429953192ad372,6,Pieris canidia,2.6368321759229514
bm25_per_question_n500_d10_20260726_r01,bm25,per_question,5ab6bf6d55429953192ad372,7,Leptosporangiate fern,2.5385381100137066
bm25_per_question_n500_d10_20260726_r01,bm25,per_question,5ab6bf6d55429953192ad372,8,Sinopieris,2.4099052083792509
bm25_per_question_n500_d10_20260726_r01,bm25,per_question,5ab6bf6d55429953192ad372,9,Tree fern,2.084311437464148
bm25_per_question_n500_d10_20260726_r01,bm25,per_question,5ab6bf6d55429953192ad372,10,Stephanitis takeyai,0.6821842239994107
bm25_per_question_n500_d10_20260726_r01,bm25,per_question,5ab6d09255429954757d337d,1,1996 FA Charity Shield,3.0326721764929507
bm25_per_question_n500_d10_20260726_r01,bm25,per_question,5ab6d09255429954757d337d,2,David Beckham Academy,2.9366862195552641
bm25_per_question_n500_d10_20260726_r01,bm25,per_question,5ab6d09255429954757d337d,3,Joshua Parlby,2.8651755278507296
bm25_per_question_n500_d10_20260726_r01,bm25,per_question,5ab6d09255429954757d337d,4,Sir Matt Busby Sports Complex,2.8527192686464478
bm25_per_question_n500_d10_20260726_r01,bm25,per_question,5ab6d09255429954757d337d,5,Ernest Mangnall,2.8113423762699674
bm25_per_question_n500_d10_20260726_r01,bm25,per_question,5ab6d09255429954757d337d,6,Alex Ferguson,2.6840725989945455
bm25_per_question_n500_d10_20260726_r01,bm25,per_question,5ab6d09255429954757d337d,7,Matt Busby,2.5932399688371421
bm25_per_question_n500_d10_20260726_r01,bm25,per_question,5ab6d09255429954757d337d,8,David Beckham's Soccer USA,1.9411750844047608
bm25_per_question_n500_d10_20260726_r01,bm25,per_question,5ab6d09255429954757d337d,9,The Class of '92,1.9051418967907177
bm25_per_question_n500_d10_20260726_r01,bm25,per_question,5ab6d09255429954757d337d,10,1995–96 Manchester United F.C. season,1.4603453112657829
bm25_per_question_n500_d10_20260726_r01,bm25,per_question,5ab6f0c25542995eadef00ea,1,Sine Novela,6.4749251248259894
bm25_per_question_n500_d10_20260726_r01,bm25,per_question,5ab6f0c25542995eadef00ea,2,Buried Country,5.404589471869877
bm25_per_question_n500_d10_20260726_r01,bm25,per_question,5ab6f0c25542995eadef00ea,3,Woody Guthrie Folk Festival,5.2345095055760007
bm25_per_question_n500_d10_20260726_r01,bm25,per_question,5ab6f0c25542995eadef00ea,4,Leah Flanagan,4.7728225827106447
bm25_per_question_n500_d10_20260726_r01,bm25,per_question,5ab6f0c25542995eadef00ea,5,South of the Border (2009 film),4.1742558334272175
bm25_per_question_n500_d10_20260726_r01,bm25,per_question,5ab6f0c25542995eadef00ea,6,E. J. Carroll,3.4105184647552149
bm25_per_question_n500_d10_20260726_r01,bm25,per_question,5ab6f0c25542995eadef00ea,7,Araby Lockhart,3.3447716031827595
bm25_per_question_n500_d10_20260726_r01,bm25,per_question,5ab6f0c25542995eadef00ea,8,Manorama (Tamil actress),3.1924571887951485
bm25_per_question_n500_d10_20260726_r01,bm25,per_question,5ab6f0c25542995eadef00ea,9,Milan Murray,2.837863042362216
bm25_per_question_n500_d10_20260726_r01,bm25,per_question,5ab6f0c25542995eadef00ea,10,Clinton Walker,1.844444882649025
bm25_per_question_n500_d10_20260726_r01,bm25,per_question,5ab6ff3a5542991d3222372a,1,James Fieser,9.4678049353894291
bm25_per_question_n500_d10_20260726_r01,bm25,per_question,5ab6ff3a5542991d3222372a,2,Bard College Berlin,6.328141625761103
bm25_per_question_n500_d10_20260726_r01,bm25,per_question,5ab6ff3a5542991d3222372a,3,Macalester College,4.5796830937205772
bm25_per_question_n500_d10_20260726_r01,bm25,per_question,5ab6ff3a5542991d3222372a,4,List of liberal arts colleges,4.5233625298037543
bm25_per_question_n500_d10_20260726_r01,bm25,per_question,5ab6ff3a5542991d3222372a,5,Altruism (ethics),3.930531426456537
bm25_per_question_n500_d10_20260726_r01,bm25,per_question,5ab6ff3a5542991d3222372a,6,Berea College,3.7625992001467616
bm25_per_question_n500_d10_20260726_r01,bm25,per_question,5ab6ff3a5542991d3222372a,7,Alice Lloyd College,3.5841777655971012
bm25_per_question_n500_d10_20260726_r01,bm25,per_question,5ab6ff3a5542991d3222372a,8,Work college,3.5512370420389803
bm25_per_question_n500_d10_20260726_r01,bm25,per_question,5ab6ff3a5542991d3222372a,9,Nancy K. Pearson,3.3625422459726781
bm25_per_question_n500_d10_20260726_r01,bm25,per_question,5ab6ff3a5542991d3222372a,10,Liberal arts college,3.1673017641868331
bm25_per_question_n500_d10_20260726_r01,bm25,per_question,5ab72a025542992aa3b8c7b8,1,All Ages: The Boston Hardcore Film,5.8011910401665885
bm25_per_question_n500_d10_20260726_r01,bm25,per_question,5ab72a025542992aa3b8c7b8,2,"When People Grow, People Go",4.9264356230214954
bm25_per_question_n500_d10_20260726_r01,bm25,per_question,5ab72a025542992aa3b8c7b8,3,A Summer in the Cage,3.7090307184928308
bm25_per_question_n500_d10_20260726_r01,bm25,per_question,5ab72a025542992aa3b8c7b8,4,Combat Zone Wrestling,3.3179002500006156
bm25_per_question_n500_d10_20260726_r01,bm25,per_question,5ab72a025542992aa3b8c7b8,5,Hellfest (American music festival),3.2951928949338418
bm25_per_question_n500_d10_20260726_r01,bm25,per_question,5ab72a025542992aa3b8c7b8,6,I Against I,3.2524478603638705
bm25_per_question_n500_d10_20260726_r01,bm25,per_question,5ab72a025542992aa3b8c7b8,7,The Suicide File,3.1939367891112109
bm25_per_question_n500_d10_20260726_r01,bm25,per_question,5ab72a025542992aa3b8c7b8,8,American Hardcore (film),2.0487697985873736
bm25_per_question_n500_d10_20260726_r01,bm25,per_question,5ab72a025542992aa3b8c7b8,9,Deadfall (1993 film),1.8358777290208321
bm25_per_question_n500_d10_20260726_r01,bm25,per_question,5ab72a025542992aa3b8c7b8,10,Punk's Not Dead (2007 film),1.469447433014951
bm25_per_question_n500_d10_20260726_r01,bm25,per_question,5ab78edc5542995dae37e95c,1,Tyler Kalinoski,5.1368811459210022
bm25_per_question_n500_d10_20260726_r01,bm25,per_question,5ab78edc5542995dae37e95c,2,Calvin Tyler Scott,4.7688528258399154
bm25_per_question_n500_d10_20260726_r01,bm25,per_question,5ab78edc5542995dae37e95c,3,Kevin Lockett,4.702562655119177
bm25_per_question_n500_d10_20260726_r01,bm25,per_question,5ab78edc5542995dae37e95c,4,Middlebourne Historic District,3.7308399830932721
bm25_per_question_n500_d10_20260726_r01,bm25,per_question,5ab78edc5542995dae37e95c,5,Woodville High School (Texas),2.9429178128694007
bm25_per_question_n500_d10_20260726_r01,bm25,per_question,5ab78edc5542995dae37e95c,6,Tyler Consolidated High School,2.9413756712851509
bm25_per_question_n500_d10_20260726_r01,bm25,per_question,5ab78edc5542995dae37e95c,7,East Haven High School,2.7444735798493918
bm25_per_question_n500_d10_20260726_r01,bm25,per_question,5ab78edc5542995dae37e95c,8,Tyler School of Art,2.6917611402607156
bm25_per_question_n500_d10_20260726_r01,bm25,per_question,5ab78edc5542995dae37e95c,9,Olathe East High School,2.2985861142291704
bm25_per_question_n500_d10_20260726_r01,bm25,per_question,5ab78edc5542995dae37e95c,10,Harvest Time Christian Academy,1.9660668705945588
bm25_per_question_n500_d10_20260726_r01,bm25,per_question,5ab7bae95542993667793ff4,1,1994 FA Women's Cup Final,7.6270079469126131
bm25_per_question_n500_d10_20260726_r01,bm25,per_question,5ab7bae95542993667793ff4,2,2000 FA Women's Cup Final,5.0831282458501992
bm25_per_question_n500_d10_20260726_r01,bm25,per_question,5ab7bae95542993667793ff4,3,2016 FA Women's Cup Final,4.7012453678276129
bm25_per_question_n500_d10_20260726_r01,bm25,per_question,5ab7bae95542993667793ff4,4,2017 FA Women's Cup Final,4.5883300938424592
bm25_per_question_n500_d10_20260726_r01,bm25,per_question,5ab7bae95542993667793ff4,5,2002 FA Women's Cup Final,4.4798807322932905
bm25_per_question_n500_d10_20260726_r01,bm25,per_question,5ab7bae95542993667793ff4,6,1997 FA Women's Cup Final,4.3911438331104975
bm25_per_question_n500_d10_20260726_r01,bm25,per_question,5ab7bae95542993667793ff4,7,2015 FA Women's Cup Final,3.7823158609527927
bm25_per_question_n500_d10_20260726_r01,bm25,per_question,5ab7bae95542993667793ff4,8,Doncaster Rovers Belles L.F.C.,3.7088779298132426
bm25_per_question_n500_d10_20260726_r01,bm25,per_question,5ab7bae95542993667793ff4,9,Glanford Park,3.1335253982283047
bm25_per_question_n500_d10_20260726_r01,bm25,per_question,5ab7bae95542993667793ff4,10,Sammy Howarth,2.6364641535848565
bm25_per_question_n500_d10_20260726_r01,bm25,per_question,5ab7bbbf55429928e1fe38bf,1,William Cammisano,5.5226592689709939
bm25_per_question_n500_d10_20260726_r01,bm25,per_question,5ab7bbbf55429928e1fe38bf,2,Rosario Naimo,3.3680584663471493
bm25_per_question_n500_d10_20260726_r01,bm25,per_question,5ab7bbbf55429928e1fe38bf,3,Antonio Cottone,1.9315451351241937
bm25_per_question_n500_d10_20260726_r01,bm25,per_question,5ab7bbbf55429928e1fe38bf,4,Antonio Rotolo,1.8490892774441336
bm25_per_question_n500_d10_20260726_r01,bm25,per_question,5ab7bbbf55429928e1fe38bf,5,Calcedonio Di Pisa,1.8160285275605663
bm25_per_question_n500_d10_20260726_r01,bm25,per_question,5ab7bbbf55429928e1fe38bf,6,Salvatore La Barbera,1.7807628632574344
bm25_per_question_n500_d10_20260726_r01,bm25,per_question,5ab7bbbf55429928e1fe38bf,7,Angelo La Barbera,1.774791538817944
bm25_per_question_n500_d10_20260726_r01,bm25,per_question,5ab7bbbf55429928e1fe38bf,8,Greco Mafia clan,1.7522023364682708
bm25_per_question_n500_d10_20260726_r01,bm25,per_question,5ab7bbbf55429928e1fe38bf,9,Gaspare Spatuzza,1.656177334800256
bm25_per_question_n500_d10_20260726_r01,bm25,per_question,5ab7bbbf55429928e1fe38bf,10,Kansas City crime family,0.5396066101323872
bm25_per_question_n500_d10_20260726_r01,bm25,per_question,5ab7c1a955429928e1fe38c8,1,Cressida Bonas,9.6008096914457823
bm25_per_question_n500_d10_20260726_r01,bm25,per_question,5ab7c1a955429928e1fe38c8,2,Bottom of the World (film),7.7317327754971235
bm25_per_question_n500_d10_20260726_r01,bm25,per_question,5ab7c1a955429928e1fe38c8,3,Lady Alexandra Curzon,6.1896715143066654
bm25_per_question_n500_d10_20260726_r01,bm25,per_question,5ab7c1a955429928e1fe38c8,4,Gelston Castle,5.6851122415542408
bm25_per_question_n500_d10_20260726_r01,bm25,per_question,5ab7c1a955429928e1fe38c8,5,The Bye Bye Man,5.3837958123676781
bm25_per_question_n500_d10_20260726_r01,bm25,per_question,5ab7c1a955429928e1fe38c8,6,Princess Olga of Hanover,3.9786076524191825
bm25_per_question_n500_d10_20260726_r01,bm25,per_question,5ab7c1a955429928e1fe38c8,7,One Night in Istanbul,3.8652489848994578
bm25_per_question_n500_d10_20260726_r01,bm25,per_question,5ab7c1a955429928e1fe38c8,8,Sian Powers,3.0703858110964934
bm25_per_question_n500_d10_20260726_r01,bm25,per_question,5ab7c1a955429928e1fe38c8,9,Love Beats Rhymes,2.6949675754164097
bm25_per_question_n500_d10_20260726_r01,bm25,per_question,5ab7c1a955429928e1fe38c8,10,Chainsaw (Scream Queens),2.4085562880086897
bm25_per_question_n500_d10_20260726_r01,bm25,per_question,5ab7da6f55429928e1fe3928,1,Patrick Kennedy (folklorist),7.749881705912685
bm25_per_question_n500_d10_20260726_r01,bm25,per_question,5ab7da6f55429928e1fe3928,2,Leinster,6.6817551818955678
bm25_per_question_n500_d10_20260726_r01,bm25,per_question,5ab7da6f55429928e1fe3928,3,Sindhi folk tales,6.237764108441703
bm25_per_question_n500_d10_20260726_r01,bm25,per_question,5ab7da6f55429928e1fe3928,4,Amy Corzine,4.464049439549532
bm25_per_question_n500_d10_20260726_r01,bm25,per_question,5ab7da6f55429928e1fe3928,5,Brian Kennedy (singer),4.3523112388517671
bm25_per_question_n500_d10_20260726_r01,bm25,per_question,5ab7da6f55429928e1fe3928,6,Irish Fairy Tales,4.0508026180897971
bm25_per_question_n500_d10_20260726_r01,bm25,per_question,5ab7da6f55429928e1fe3928,7,Jack and His Comrades,4.0255414688135236
bm25_per_question_n500_d10_20260726_r01,bm25,per_question,5ab7da6f55429928e1fe3928,8,Seumas MacManus,3.4323129874378169
bm25_per_question_n500_d10_20260726_r01,bm25,per_question,5ab7da6f55429928e1fe3928,9,The Greek Princess and the Young Gardener,2.8347556086124657
bm25_per_question_n500_d10_20260726_r01,bm25,per_question,5ab7da6f55429928e1fe3928,10,Patrick Kennedy (1823–1858),2.3769960049754997
bm25_per_question_n500_d10_20260726_r01,bm25,per_question,5ab7e4dc5542995dae37e9df,1,Armie Hammer,9.7108080516965405
bm25_per_question_n500_d10_20260726_r01,bm25,per_question,5ab7e4dc5542995dae37e9df,2,The Lone Ranger (2013 film),8.5561065442760409
bm25_per_question_n500_d10_20260726_r01,bm25,per_question,5ab7e4dc5542995dae37e9df,3,Cars 3,7.7525288193280408
bm25_per_question_n500_d10_20260726_r01,bm25,per_question,5ab7e4dc5542995dae37e9df,4,The Polar Bears,7.0318444736525896
bm25_per_question_n500_d10_20260726_r01,bm25,per_question,5ab7e4dc5542995dae37e9df,5,Wapusk National Park,6.6466210948841002
bm25_per_question_n500_d10_20260726_r01,bm25,per_question,5ab7e4dc5542995dae37e9df,6,Kermode bear,6.3053771972976458
bm25_per_question_n500_d10_20260726_r01,bm25,per_question,5ab7e4dc5542995dae37e9df,7,Cheech Marin,6.2785363077724767
bm25_per_question_n500_d10_20260726_r01,bm25,per_question,5ab7e4dc5542995dae37e9df,8,Beatitude (album),6.0768321534039274
bm25_per_question_n500_d10_20260726_r01,bm25,per_question,5ab7e4dc5542995dae37e9df,9,Nagesh Bhonsle,5.5843385773423417
bm25_per_question_n500_d10_20260726_r01,bm25,per_question,5ab7e4dc5542995dae37e9df,10,Ian Stirling (biologist),4.9655653856594046
bm25_per_question_n500_d10_20260726_r01,bm25,per_question,5ab7f0015542992aa3b8c88b,1,Double Dagger,4.8510259944220246
bm25_per_question_n500_d10_20260726_r01,bm25,per_question,5ab7f0015542992aa3b8c88b,2,Sean Yseult,4.1707034785561019
bm25_per_question_n500_d10_20260726_r01,bm25,per_question,5ab7f0015542992aa3b8c88b,3,Zachary Throne,3.7631957723457794
bm25_per_question_n500_d10_20260726_r01,bm25,per_question,5ab7f0015542992aa3b8c88b,4,Didi Beck,2.4659660255708724
bm25_per_question_n500_d10_20260726_r01,bm25,per_question,5ab7f0015542992aa3b8c88b,5,Even Steven Levee,2.3693419106838416
bm25_per_question_n500_d10_20260726_r01,bm25,per_question,5ab7f0015542992aa3b8c88b,6,Rodney Slatford,2.2779412719165077
bm25_per_question_n500_d10_20260726_r01,bm25,per_question,5ab7f0015542992aa3b8c88b,7,Winnebago Deal,2.2536993074433518
bm25_per_question_n500_d10_20260726_r01,bm25,per_question,5ab7f0015542992aa3b8c88b,8,Dave Meros,2.2407451743006979
bm25_per_question_n500_d10_20260726_r01,bm25,per_question,5ab7f0015542992aa3b8c88b,9,Walkdown,1.9611593760109125
bm25_per_question_n500_d10_20260726_r01,bm25,per_question,5ab7f0015542992aa3b8c88b,10,Supagroup,1.5369626328341452
bm25_per_question_n500_d10_20260726_r01,bm25,per_question,5ab7f97a5542991d322237ef,1,Opry Mills,5.2325160499712391
bm25_per_question_n500_d10_20260726_r01,bm25,per_question,5ab7f97a5542991d322237ef,2,Music City Queen,4.742272098862272
bm25_per_question_n500_d10_20260726_r01,bm25,per_question,5ab7f97a5542991d322237ef,3,Ryman Auditorium,2.8228214098752571
bm25_per_question_n500_d10_20260726_r01,bm25,per_question,5ab7f97a5542991d322237ef,4,Grand Ole Opry,2.8008344444104583
bm25_per_question_n500_d10_20260726_r01,bm25,per_question,5ab7f97a5542991d322237ef,5,Keith Bilbrey,2.644128270655044
bm25_per_question_n500_d10_20260726_r01,bm25,per_question,5ab7f97a5542991d322237ef,6,Infinity Cat Recordings,2.0535956677512139
bm25_per_question_n500_d10_20260726_r01,bm25,per_question,5ab7f97a5542991d322237ef,7,Bradley Gaskin,1.7824487803794815
bm25_per_question_n500_d10_20260726_r01,bm25,per_question,5ab7f97a5542991d322237ef,8,Nashville Terminal Subdivision,1.5641003862187861
bm25_per_question_n500_d10_20260726_r01,bm25,per_question,5ab7f97a5542991d322237ef,9,The Bailey Brothers and the Happy Valley Boys,1.4233318695561696
bm25_per_question_n500_d10_20260726_r01,bm25,per_question,5ab7f97a5542991d322237ef,10,John England &amp; the Western Swingers,1.2218038917228289
bm25_per_question_n500_d10_20260726_r01,bm25,per_question,5ab802085542990e739ec7ca,1,Young adult fiction,6.7591755520277479
bm25_per_question_n500_d10_20260726_r01,bm25,per_question,5ab802085542990e739ec7ca,2,Irish prose fiction,5.6286421681666194
bm25_per_question_n500_d10_20260726_r01,bm25,per_question,5ab802085542990e739ec7ca,3,Junior school,4.8906827929182537
bm25_per_question_n500_d10_20260726_r01,bm25,per_question,5ab802085542990e739ec7ca,4,The Inventors,4.855602786987447
bm25_per_question_n500_d10_20260726_r01,bm25,per_question,5ab802085542990e739ec7ca,5,Sugardaddyforme.com,4.6448130106075647
bm25_per_question_n500_d10_20260726_r01,bm25,per_question,5ab802085542990e739ec7ca,6,Escape from Furnace,4.640060423591482
bm25_per_question_n500_d10_20260726_r01,bm25,per_question,5ab802085542990e739ec7ca,7,James Ogilvie,3.2273495528952516
bm25_per_question_n500_d10_20260726_r01,bm25,per_question,5ab802085542990e739ec7ca,8,George Gordon (bishop),2.5588423609291358
bm25_per_question_n500_d10_20260726_r01,bm25,per_question,5ab802085542990e739ec7ca,9,Grant Smith (footballer),2.3314144544253006
bm25_per_question_n500_d10_20260726_r01,bm25,per_question,5ab802085542990e739ec7ca,10,Alexander Gordon Smith,1.2782999398352726
bm25_per_question_n500_d10_20260726_r01,bm25,per_question,5ab808ea5542991d3222380e,1,Charles Deaton,7.7824743789383586
bm25_per_question_n500_d10_20260726_r01,bm25,per_question,5ab808ea5542991d3222380e,2,Arrowhead Stadium,6.1614413342086021
bm25_per_question_n500_d10_20260726_r01,bm25,per_question,5ab808ea5542991d3222380e,3,Kauffman Stadium,5.1125780224743096
bm25_per_question_n500_d10_20260726_r01,bm25,per_question,5ab808ea5542991d3222380e,4,Truman Sports Complex,4.4783626826474006
bm25_per_question_n500_d10_20260726_r01,bm25,per_question,5ab808ea5542991d3222380e,5,2012 Kansas City Royals season,4.4459898893013001
bm25_per_question_n500_d10_20260726_r01,bm25,per_question,5ab808ea5542991d3222380e,6,Sculptured House,3.9585237143829382
bm25_per_question_n500_d10_20260726_r01,bm25,per_question,5ab808ea5542991d3222380e,7,2012 Major League Baseball All-Star Game,3.2590835847515969
bm25_per_question_n500_d10_20260726_r01,bm25,per_question,5ab808ea5542991d3222380e,8,2016 Kansas City Royals season,2.2957549556609047
bm25_per_question_n500_d10_20260726_r01,bm25,per_question,5ab808ea5542991d3222380e,9,2017 Kansas City Royals season,2.0630252723768043
bm25_per_question_n500_d10_20260726_r01,bm25,per_question,5ab808ea5542991d3222380e,10,2009 Kansas City Royals season,1.9432422270989766
bm25_per_question_n500_d10_20260726_r01,bm25,per_question,5ab83d595542990e739ec886,1,Banshee,10.165304649027732
bm25_per_question_n500_d10_20260726_r01,bm25,per_question,5ab83d595542990e739ec886,2,Picobrouwerij Alvinne,6.5639233775097798
bm25_per_question_n500_d10_20260726_r01,bm25,per_question,5ab83d595542990e739ec886,3,VMAQT-1,6.1974048838108438
bm25_per_question_n500_d10_20260726_r01,bm25,per_question,5ab83d595542990e739ec886,4,Rusalka,5.2230326900852342
bm25_per_question_n500_d10_20260726_r01,bm25,per_question,5ab83d595542990e739ec886,5,Sea nymph,5.1137817189339332
bm25_per_question_n500_d10_20260726_r01,bm25,per_question,5ab83d595542990e739ec886,6,Fomorians,4.4127714791339168
bm25_per_question_n500_d10_20260726_r01,bm25,per_question,5ab83d595542990e739ec886,7,Likhoradka,4.3332316327599134
bm25_per_question_n500_d10_20260726_r01,bm25,per_question,5ab83d595542990e739ec886,8,Al Basty,3.06882331612168
bm25_per_question_n500_d10_20260726_r01,bm25,per_question,5ab83d595542990e739ec886,9,Pramlocha,2.9994222742682126
bm25_per_question_n500_d10_20260726_r01,bm25,per_question,5ab83d595542990e739ec886,10,Apsara (disambiguation),2.5596730735650306
bm25_per_question_n500_d10_20260726_r01,bm25,per_question,5ab84bf555429916710eb01f,1,Lewis's,6.7522578762880876
bm25_per_question_n500_d10_20260726_r01,bm25,per_question,5ab84bf555429916710eb01f,2,Uno-X,6.2584589158737227
bm25_per_question_n500_d10_20260726_r01,bm25,per_question,5ab84bf555429916710eb01f,3,Selver,6.0712795162596258
bm25_per_question_n500_d10_20260726_r01,bm25,per_question,5ab84bf555429916710eb01f,4,Carrefour,6.0291557102021756
bm25_per_question_n500_d10_20260726_r01,bm25,per_question,5ab84bf555429916710eb01f,5,SavaCentre,5.9060647026625031
bm25_per_question_n500_d10_20260726_r01,bm25,per_question,5ab84bf555429916710eb01f,6,Euromarché,5.4866166244254035
bm25_per_question_n500_d10_20260726_r01,bm25,per_question,5ab84bf555429916710eb01f,7,John A. Brown (department store),5.4592002734401888
bm25_per_question_n500_d10_20260726_r01,bm25,per_question,5ab84bf555429916710eb01f,8,Holiday Inn Lake Buena Vista Downtown,4.4974741513608665
bm25_per_question_n500_d10_20260726_r01,bm25,per_question,5ab84bf555429916710eb01f,9,Tazweed Center,4.3633185302608579
bm25_per_question_n500_d10_20260726_r01,bm25,per_question,5ab84bf555429916710eb01f,10,Tesco Extra,3.1474584277032425
bm25_per_question_n500_d10_20260726_r01,bm25,per_question,5ab859a955429934fafe6d7b,1,To Know Him Is to Love Him,15.419536588679007
bm25_per_question_n500_d10_20260726_r01,bm25,per_question,5ab859a955429934fafe6d7b,2,Back to Mono (1958–1969),12.654294231372274
bm25_per_question_n500_d10_20260726_r01,bm25,per_question,5ab859a955429934fafe6d7b,3,Nashville Rebel (box set),12.507284840820137
bm25_per_question_n500_d10_20260726_r01,bm25,per_question,5ab859a955429934fafe6d7b,4,Mono Masters,10.875563827484688
bm25_per_question_n500_d10_20260726_r01,bm25,per_question,5ab859a955429934fafe6d7b,5,Trash Box,10.387051024436253
bm25_per_question_n500_d10_20260726_r01,bm25,per_question,5ab859a955429934fafe6d7b,6,Led Zeppelin Boxed Set 2,9.9737747625541378
bm25_per_question_n500_d10_20260726_r01,bm25,per_question,5ab859a955429934fafe6d7b,7,"Chrome, Smoke &amp; BBQ",9.6679737801469852
bm25_per_question_n500_d10_20260726_r01,bm25,per_question,5ab859a955429934fafe6d7b,8,The Doors: Vinyl Box Set,9.5702685820605247
bm25_per_question_n500_d10_20260726_r01,bm25,per_question,5ab859a955429934fafe6d7b,9,Radiohead Box Set,9.3533077676855587
bm25_per_question_n500_d10_20260726_r01,bm25,per_question,5ab859a955429934fafe6d7b,10,Live in Japan (John Coltrane album),8.3845406917422398
bm25_per_question_n500_d10_20260726_r01,bm25,per_question,5ab85a1155429934fafe6d7c,1,Carnegie Mellon University in Qatar,6.187811450666473
bm25_per_question_n500_d10_20260726_r01,bm25,per_question,5ab85a1155429934fafe6d7c,2,David S. Touretzky,4.8101540762107842
bm25_per_question_n500_d10_20260726_r01,bm25,per_question,5ab85a1155429934fafe6d7c,3,Rutgers University,4.3183568538751107
bm25_per_question_n500_d10_20260726_r01,bm25,per_question,5ab85a1155429934fafe6d7c,4,Jeff Friedman,4.1783697752509168
bm25_per_question_n500_d10_20260726_r01,bm25,per_question,5ab85a1155429934fafe6d7c,5,Venkatesan Guruswami,3.8708015551971782
bm25_per_question_n500_d10_20260726_r01,bm25,per_question,5ab85a1155429934fafe6d7c,6,Gloriana St. Clair,3.7949377526958812
bm25_per_question_n500_d10_20260726_r01,bm25,per_question,5ab85a1155429934fafe6d7c,7,Lori L. Holt,3.786735550221997
bm25_per_question_n500_d10_20260726_r01,bm25,per_question,5ab85a1155429934fafe6d7c,8,Dzvinia Orlowsky,3.7729055777588543
bm25_per_question_n500_d10_20260726_r01,bm25,per_question,5ab85a1155429934fafe6d7c,9,Carnegie Mellon University,3.6792012961744902
bm25_per_question_n500_d10_20260726_r01,bm25,per_question,5ab85a1155429934fafe6d7c,10,CUPS (CMU),3.5828772844540477
bm25_per_question_n500_d10_20260726_r01,bm25,per_question,5ab8688b55429934fafe6daa,1,Maurice Ward,7.9051491263152718
bm25_per_question_n500_d10_20260726_r01,bm25,per_question,5ab8688b55429934fafe6daa,2,Starlite,6.8728629872674611
bm25_per_question_n500_d10_20260726_r01,bm25,per_question,5ab8688b55429934fafe6daa,3,Norman Yardley,4.2146378689332886
bm25_per_question_n500_d10_20260726_r01,bm25,per_question,5ab8688b55429934fafe6daa,4,University of Leeds,2.8836891933418398
bm25_per_question_n500_d10_20260726_r01,bm25,per_question,5ab8688b55429934fafe6daa,5,West Yorkshire Association Football League,2.3580749551542777
bm25_per_question_n500_d10_20260726_r01,bm25,per_question,5ab8688b55429934fafe6daa,6,William Levett (baron),2.1597851574424576
bm25_per_question_n500_d10_20260726_r01,bm25,per_question,5ab8688b55429934fafe6daa,7,Bedale,2.1175989925871836
bm25_per_question_n500_d10_20260726_r01,bm25,per_question,5ab8688b55429934fafe6daa,8,"Bradley, North Yorkshire",2.0400364089634468
bm25_per_question_n500_d10_20260726_r01,bm25,per_question,5ab8688b55429934fafe6daa,9,History of the East Riding of Yorkshire,1.8841035311145737
bm25_per_question_n500_d10_20260726_r01,bm25,per_question,5ab8688b55429934fafe6daa,10,Nidderdale Museum,1.1461648942613463
bm25_per_question_n500_d10_20260726_r01,bm25,per_question,5ab8854555429934fafe6e0c,1,Hanna Varis,13.241944119908593
bm25_per_question_n500_d10_20260726_r01,bm25,per_question,5ab8854555429934fafe6e0c,2,Albertina,8.9863363145651274
bm25_per_question_n500_d10_20260726_r01,bm25,per_question,5ab8854555429934fafe6e0c,3,Karaboro languages,5.4938708215650989
bm25_per_question_n500_d10_20260726_r01,bm25,per_question,5ab8854555429934fafe6e0c,4,Darayim District,4.7618687565663516
bm25_per_question_n500_d10_20260726_r01,bm25,per_question,5ab8854555429934fafe6e0c,5,Marovoay,4.7136320407618175
bm25_per_question_n500_d10_20260726_r01,bm25,per_question,5ab8854555429934fafe6e0c,6,United Negro College Fund,4.517304880194005
bm25_per_question_n500_d10_20260726_r01,bm25,per_question,5ab8854555429934fafe6e0c,7,Remington Model 51,3.6716929157476419
bm25_per_question_n500_d10_20260726_r01,bm25,per_question,5ab8854555429934fafe6e0c,8,Amistad Dam Port of Entry,3.3786657175600698
bm25_per_question_n500_d10_20260726_r01,bm25,per_question,5ab8854555429934fafe6e0c,9,Gwangjang Market,3.2806266053509132
bm25_per_question_n500_d10_20260726_r01,bm25,per_question,5ab8854555429934fafe6e0c,10,Pakistan Air Force,2.8258935116363713
bm25_per_question_n500_d10_20260726_r01,bm25,per_question,5ab8ee035542991b5579f04b,1,The Memory of Our People,9.0724525675712488
bm25_per_question_n500_d10_20260726_r01,bm25,per_question,5ab8ee035542991b5579f04b,2,Hot Rod Lincoln,5.500691438233102
bm25_per_question_n500_d10_20260726_r01,bm25,per_question,5ab8ee035542991b5579f04b,3,California Hot Rod Reunion,5.0499828833860718
bm25_per_question_n500_d10_20260726_r01,bm25,per_question,5ab8ee035542991b5579f04b,4,Fender Hot Rod DeVille,3.7535206571444406
bm25_per_question_n500_d10_20260726_r01,bm25,per_question,5ab8ee035542991b5579f04b,5,National Hot Rod Reunion,3.5885133008831254
bm25_per_question_n500_d10_20260726_r01,bm25,per_question,5ab8ee035542991b5579f04b,6,Rat rod,3.5384891100003673
bm25_per_question_n500_d10_20260726_r01,bm25,per_question,5ab8ee035542991b5579f04b,7,Fender Hot Rod Deluxe,3.4862106330394811
bm25_per_question_n500_d10_20260726_r01,bm25,per_question,5ab8ee035542991b5579f04b,8,Volvo T6,3.1421310496898731
bm25_per_question_n500_d10_20260726_r01,bm25,per_question,5ab8ee035542991b5579f04b,9,Ala Kart (custom car),2.4077444494426796
bm25_per_question_n500_d10_20260726_r01,bm25,per_question,5ab8ee035542991b5579f04b,10,Hot Rod (magazine),2.1041325398028254
bm25_per_question_n500_d10_20260726_r01,bm25,per_question,5ab8f57b5542991b5579f097,1,Joseph McGrath (film director),5.9043125074339589
bm25_per_question_n500_d10_20260726_r01,bm25,per_question,5ab8f57b5542991b5579f097,2,Ralph Ince,3.4611032497110936
bm25_per_question_n500_d10_20260726_r01,bm25,per_question,5ab8f57b5542991b5579f097,3,The Scourge of the Desert,3.1511358489224919
bm25_per_question_n500_d10_20260726_r01,bm25,per_question,5ab8f57b5542991b5579f097,4,Elinor Kershaw,3.0905261476787178
bm25_per_question_n500_d10_20260726_r01,bm25,per_question,5ab8f57b5542991b5579f097,5,The Deserter (1912 film),3.0164768317519881
bm25_per_question_n500_d10_20260726_r01,bm25,per_question,5ab8f57b5542991b5579f097,6,John Ince (actor),2.9725654225119102
bm25_per_question_n500_d10_20260726_r01,bm25,per_question,5ab8f57b5542991b5579f097,7,The Coward (1915 film),2.9214988062132674
bm25_per_question_n500_d10_20260726_r01,bm25,per_question,5ab8f57b5542991b5579f097,8,Thomas Ince: Hollywood's Independent Pioneer,2.5397239596750074
bm25_per_question_n500_d10_20260726_r01,bm25,per_question,5ab8f57b5542991b5579f097,9,Château Élysée,1.9167138641078922
bm25_per_question_n500_d10_20260726_r01,bm25,per_question,5ab8f57b5542991b5579f097,10,Thomas H. Ince,1.6307005953651466
bm25_per_question_n500_d10_20260726_r01,bm25,per_question,5ab8f7535542991b5579f0a7,1,Sacred Planet,7.6050272734896094
bm25_per_question_n500_d10_20260726_r01,bm25,per_question,5ab8f7535542991b5579f0a7,2,Toys in the Attic (2009 film),5.7039423634935726
bm25_per_question_n500_d10_20260726_r01,bm25,per_question,5ab8f7535542991b5579f0a7,3,Oz the Great and Powerful,5.5591316796801404
bm25_per_question_n500_d10_20260726_r01,bm25,per_question,5ab8f7535542991b5579f0a7,4,James Franco,4.5682712799698617
bm25_per_question_n500_d10_20260726_r01,bm25,per_question,5ab8f7535542991b5579f0a7,5,The Marvelous Land of Oz,3.9311035943230608
bm25_per_question_n500_d10_20260726_r01,bm25,per_question,5ab8f7535542991b5579f0a7,6,Sneha (actress),3.6804029072780824
bm25_per_question_n500_d10_20260726_r01,bm25,per_question,5ab8f7535542991b5579f0a7,7,Deewana (1992 film),3.570072480503244
bm25_per_question_n500_d10_20260726_r01,bm25,per_question,5ab8f7535542991b5579f0a7,8,Game (2016 film),3.561731197453315
bm25_per_question_n500_d10_20260726_r01,bm25,per_question,5ab8f7535542991b5579f0a7,9,Snegithiye,3.3270582195090377
bm25_per_question_n500_d10_20260726_r01,bm25,per_question,5ab8f7535542991b5579f0a7,10,Compilation (The Clean album),2.2620429326802505
bm25_per_question_n500_d10_20260726_r01,bm25,per_question,5ab9374b554299131ca422c6,1,Australia 2022 FIFA World Cup bid,8.0860811470698639
bm25_per_question_n500_d10_20260726_r01,bm25,per_question,5ab9374b554299131ca422c6,2,2018 and 2022 FIFA World Cup bids,6.3015646164238408
bm25_per_question_n500_d10_20260726_r01,bm25,per_question,5ab9374b554299131ca422c6,3,United States 2022 FIFA World Cup bid,6.106245847135308
bm25_per_question_n500_d10_20260726_r01,bm25,per_question,5ab9374b554299131ca422c6,4,Russia 2018 FIFA World Cup bid,5.8369943684141452
bm25_per_question_n500_d10_20260726_r01,bm25,per_question,5ab9374b554299131ca422c6,5,Japan 2022 FIFA World Cup bid,4.5459111918759767
bm25_per_question_n500_d10_20260726_r01,bm25,per_question,5ab9374b554299131ca422c6,6,Qatar 2022 FIFA World Cup bid,4.4685521034172631
bm25_per_question_n500_d10_20260726_r01,bm25,per_question,5ab9374b554299131ca422c6,7,South Korea 2022 FIFA World Cup bid,4.4462230956676159
bm25_per_question_n500_d10_20260726_r01,bm25,per_question,5ab9374b554299131ca422c6,8,Indonesia 2022 FIFA World Cup bid,4.3725858147335535
bm25_per_question_n500_d10_20260726_r01,bm25,per_question,5ab9374b554299131ca422c6,9,Morocco 2026 FIFA World Cup bid,4.0774062561407076
bm25_per_question_n500_d10_20260726_r01,bm25,per_question,5ab9374b554299131ca422c6,10,Frank Lowy,2.9831979869239023
bm25_per_question_n500_d10_20260726_r01,bm25,per_question,5ab96ab755429970cfb8eacd,1,Halcyon (album),5.8607874120870749
bm25_per_question_n500_d10_20260726_r01,bm25,per_question,5ab96ab755429970cfb8eacd,2,List of songs recorded by Ellie Goulding,5.0312644172954171
bm25_per_question_n500_d10_20260726_r01,bm25,per_question,5ab96ab755429970cfb8eacd,3,Army (Ellie Goulding song),3.5719770410104514
bm25_per_question_n500_d10_20260726_r01,bm25,per_question,5ab96ab755429970cfb8eacd,4,Something in the Way You Move,3.1941741236442924
bm25_per_question_n500_d10_20260726_r01,bm25,per_question,5ab96ab755429970cfb8eacd,5,Delirium World Tour,3.0012936437412732
bm25_per_question_n500_d10_20260726_r01,bm25,per_question,5ab96ab755429970cfb8eacd,6,Outside (Calvin Harris song),2.8265792438995518
bm25_per_question_n500_d10_20260726_r01,bm25,per_question,5ab96ab755429970cfb8eacd,7,Flashlight (DJ Fresh song),2.8045832052184729
bm25_per_question_n500_d10_20260726_r01,bm25,per_question,5ab96ab755429970cfb8eacd,8,On My Mind (Ellie Goulding song),2.6696609764796748
bm25_per_question_n500_d10_20260726_r01,bm25,per_question,5ab96ab755429970cfb8eacd,9,Love Me like You Do,2.6044423826684597
bm25_per_question_n500_d10_20260726_r01,bm25,per_question,5ab96ab755429970cfb8eacd,10,Delirium (Ellie Goulding album),2.4260559840170997
bm25_per_question_n500_d10_20260726_r01,bm25,per_question,5ab978855542996be2020512,1,Montezuma Castle National Monument,5.3664471616565699
bm25_per_question_n500_d10_20260726_r01,bm25,per_question,5ab978855542996be2020512,2,List of oldest synagogues,4.8082176057137866
bm25_per_question_n500_d10_20260726_r01,bm25,per_question,5ab978855542996be2020512,3,Flaming Feather,4.7463862229956737
bm25_per_question_n500_d10_20260726_r01,bm25,per_question,5ab978855542996be2020512,4,Tabernacle,4.0032422092643918
bm25_per_question_n500_d10_20260726_r01,bm25,per_question,5ab978855542996be2020512,5,Oldest synagogues in the United Kingdom,3.8936415850458186
bm25_per_question_n500_d10_20260726_r01,bm25,per_question,5ab978855542996be2020512,6,Inquiline,3.6742904184517529
bm25_per_question_n500_d10_20260726_r01,bm25,per_question,5ab978855542996be2020512,7,Heaven in Judaism,3.0918338320972669
bm25_per_question_n500_d10_20260726_r01,bm25,per_question,5ab978855542996be2020512,8,Vídbláin,3.0506295286298268
bm25_per_question_n500_d10_20260726_r01,bm25,per_question,5ab978855542996be2020512,9,Andlang,2.9869924538064061
bm25_per_question_n500_d10_20260726_r01,bm25,per_question,5ab978855542996be2020512,10,Château de Druyes,2.8509390905631116
bm25_per_question_n500_d10_20260726_r01,bm25,per_question,5ab9b29c554299743d22ebae,1,"United States v. Paramount Pictures, Inc.",7.8190317321898082
bm25_per_question_n500_d10_20260726_r01,bm25,per_question,5ab9b29c554299743d22ebae,2,Craig v. Boren,7.400892744872432
bm25_per_question_n500_d10_20260726_r01,bm25,per_question,5ab9b29c554299743d22ebae,3,City of Norwood v. Horney,4.0744323708243506
bm25_per_question_n500_d10_20260726_r01,bm25,per_question,5ab9b29c554299743d22ebae,4,United States v. Binion,3.8207210942379728
bm25_per_question_n500_d10_20260726_r01,bm25,per_question,5ab9b29c554299743d22ebae,5,Block booking,3.812542932017279
bm25_per_question_n500_d10_20260726_r01,bm25,per_question,5ab9b29c554299743d22ebae,6,Criminal law in the Waite Court,3.1049409419183376
bm25_per_question_n500_d10_20260726_r01,bm25,per_question,5ab9b29c554299743d22ebae,7,Baker v. Nelson,3.0112126350480564
bm25_per_question_n500_d10_20260726_r01,bm25,per_question,5ab9b29c554299743d22ebae,8,Criminal law in the Marshall Court,2.6399086084577839
bm25_per_question_n500_d10_20260726_r01,bm25,per_question,5ab9b29c554299743d22ebae,9,Lau Kong Yung v Director of Immigration,2.6375608310194587
bm25_per_question_n500_d10_20260726_r01,bm25,per_question,5ab9b29c554299743d22ebae,10,R v Van der Peet,1.4410444908823248
bm25_per_question_n500_d10_20260726_r01,bm25,per_question,5ab9debb55429955dce3ed97,1,Kris Marshall,7.9775091825514703
bm25_per_question_n500_d10_20260726_r01,bm25,per_question,5ab9debb55429955dce3ed97,2,Humphrey Goodman,7.3249746235132349
bm25_per_question_n500_d10_20260726_r01,bm25,per_question,5ab9debb55429955dce3ed97,3,Death in Paradise (TV series),5.7571063467748855
bm25_per_question_n500_d10_20260726_r01,bm25,per_question,5ab9debb55429955dce3ed97,4,Ambulance (TV series),5.1942846081086236
bm25_per_question_n500_d10_20260726_r01,bm25,per_question,5ab9debb55429955dce3ed97,5,My Family (series 1),4.8927944488159714
bm25_per_question_n500_d10_20260726_r01,bm25,per_question,5ab9debb55429955dce3ed97,6,List of Death in Paradise episodes,4.6066749512470402
bm25_per_question_n500_d10_20260726_r01,bm25,per_question,5ab9debb55429955dce3ed97,7,Metropolis (TV series),3.6961022956843528
bm25_per_question_n500_d10_20260726_r01,bm25,per_question,5ab9debb55429955dce3ed97,8,Murder City (TV series),3.4954011727665479
bm25_per_question_n500_d10_20260726_r01,bm25,per_question,5ab9debb55429955dce3ed97,9,Citizen Khan,3.204385134721027
bm25_per_question_n500_d10_20260726_r01,bm25,per_question,5ab9debb55429955dce3ed97,10,Sold (TV series),2.1668145510505648
bm25_per_question_n500_d10_20260726_r01,bm25,per_question,5aba5d2e55429901930fa799,1,Their Lives,17.077588603745834
bm25_per_question_n500_d10_20260726_r01,bm25,per_question,5aba5d2e55429901930fa799,2,The White House Doctor,12.217752107124936
bm25_per_question_n500_d10_20260726_r01,bm25,per_question,5aba5d2e55429901930fa799,3,Sheila Cavanagh,10.842441438108697
bm25_per_question_n500_d10_20260726_r01,bm25,per_question,5aba5d2e55429901930fa799,4,Once Upon a Secret,9.5714984797378193
bm25_per_question_n500_d10_20260726_r01,bm25,per_question,5aba5d2e55429901930fa799,5,Gregory B. Craig,8.7869441869815752
bm25_per_question_n500_d10_20260726_r01,bm25,per_question,5aba5d2e55429901930fa799,6,Eric Schultz,8.4718665826662995
bm25_per_question_n500_d10_20260726_r01,bm25,per_question,5aba5d2e55429901930fa799,7,Lewinsky scandal,8.1760088287474257
bm25_per_question_n500_d10_20260726_r01,bm25,per_question,5aba5d2e55429901930fa799,8,Mark D. Fabiani,7.5214194587801826
bm25_per_question_n500_d10_20260726_r01,bm25,per_question,5aba5d2e55429901930fa799,9,Monica Lewinsky,2.6631449280188706
bm25_per_question_n500_d10_20260726_r01,bm25,per_question,5aba5d2e55429901930fa799,10,William H. Ginsburg,1.8162266019112261
bm25_per_question_n500_d10_20260726_r01,bm25,per_question,5aba65a055429939ce03dcd2,1,Georges-Henri Bousquet,6.7995857348714459
bm25_per_question_n500_d10_20260726_r01,bm25,per_question,5aba65a055429939ce03dcd2,2,Ghulam Nabi Firaq,4.9169718276819259
bm25_per_question_n500_d10_20260726_r01,bm25,per_question,5aba65a055429939ce03dcd2,3,Sally Gibson,4.7747614101731859
bm25_per_question_n500_d10_20260726_r01,bm25,per_question,5aba65a055429939ce03dcd2,4,Latresne,4.6370691680139506
bm25_per_question_n500_d10_20260726_r01,bm25,per_question,5aba65a055429939ce03dcd2,5,Blackstone River and Canal Heritage State Park,4.2876899342026116
bm25_per_question_n500_d10_20260726_r01,bm25,per_question,5aba65a055429939ce03dcd2,6,Jean Portante,3.8062858621310127
bm25_per_question_n500_d10_20260726_r01,bm25,per_question,5aba65a055429939ce03dcd2,7,Armando Mook,3.4854858682454641
bm25_per_question_n500_d10_20260726_r01,bm25,per_question,5aba65a055429939ce03dcd2,8,Don Bousquet,3.285580816895858
bm25_per_question_n500_d10_20260726_r01,bm25,per_question,5aba65a055429939ce03dcd2,9,John Hirst (historian),3.2418674779335839
bm25_per_question_n500_d10_20260726_r01,bm25,per_question,5aba65a055429939ce03dcd2,10,Ibn Khaldun,0.60930443742902585
bm25_per_question_n500_d10_20260726_r01,bm25,per_question,5aba749055429901930fa7d8,1,Chris Menges,2.69217003826888
bm25_per_question_n500_d10_20260726_r01,bm25,per_question,5aba749055429901930fa7d8,2,CrissCross,2.5359257992032136
bm25_per_question_n500_d10_20260726_r01,bm25,per_question,5aba749055429901930fa7d8,3,End of the Road (1970 film),2.099590542354179
bm25_per_question_n500_d10_20260726_r01,bm25,per_question,5aba749055429901930fa7d8,4,Aram Avakian,1.8704450908376635
bm25_per_question_n500_d10_20260726_r01,bm25,per_question,5aba749055429901930fa7d8,5,Cops and Robbers (1973 film),1.8538259000036699
bm25_per_question_n500_d10_20260726_r01,bm25,per_question,5aba749055429901930fa7d8,6,A World Apart (film),1.0278276683237659
bm25_per_question_n500_d10_20260726_r01,bm25,per_question,5aba749055429901930fa7d8,7,Second Best (film),0.93557251989862478
bm25_per_question_n500_d10_20260726_r01,bm25,per_question,5aba749055429901930fa7d8,8,11 Harrowhouse,0.81237444101797429
bm25_per_question_n500_d10_20260726_r01,bm25,per_question,5aba749055429901930fa7d8,9,Made in Britain,0.80246332138595
bm25_per_question_n500_d10_20260726_r01,bm25,per_question,5aba749055429901930fa7d8,10,Linda Mvusi,0.6841389018045485
bm25_per_question_n500_d10_20260726_r01,bm25,per_question,5aba7cfe554299232ef4a2fd,1,2017–18 Wigan Athletic F.C. season,13.525961493066218
bm25_per_question_n500_d10_20260726_r01,bm25,per_question,5aba7cfe554299232ef4a2fd,2,EFL Cup,8.7248640189527471
bm25_per_question_n500_d10_20260726_r01,bm25,per_question,5aba7cfe554299232ef4a2fd,3,List of Wigan Borough F.C. players,8.7172715586014622
bm25_per_question_n500_d10_20260726_r01,bm25,per_question,5aba7cfe554299232ef4a2fd,4,Trinidad and Tobago League Cup,8.4131641737173126
bm25_per_question_n500_d10_20260726_r01,bm25,per_question,5aba7cfe554299232ef4a2fd,5,1978–79 Wigan Athletic F.C. season,7.7733995394212432
bm25_per_question_n500_d10_20260726_r01,bm25,per_question,5aba7cfe554299232ef4a2fd,6,1979–80 Wigan Athletic F.C. season,7.4522788297950813
bm25_per_question_n500_d10_20260726_r01,bm25,per_question,5aba7cfe554299232ef4a2fd,7,Springfield Park (Wigan),7.4461065079190982
bm25_per_question_n500_d10_20260726_r01,bm25,per_question,5aba7cfe554299232ef4a2fd,8,2007–08 Wigan Athletic F.C. season,7.0265628585052671
bm25_per_question_n500_d10_20260726_r01,bm25,per_question,5aba7cfe554299232ef4a2fd,9,2006–07 Wigan Athletic F.C. season,7.0265628585052671
bm25_per_question_n500_d10_20260726_r01,bm25,per_question,5aba7cfe554299232ef4a2fd,10,Nick Powell,6.2327532997153536
bm25_per_question_n500_d10_20260726_r01,bm25,per_question,5aba9e2455429939ce03dd3a,1,Rejuvelac,18.432433365583645
bm25_per_question_n500_d10_20260726_r01,bm25,per_question,5aba9e2455429939ce03dd3a,2,Ann Wigmore,9.4827276529563544
bm25_per_question_n500_d10_20260726_r01,bm25,per_question,5aba9e2455429939ce03dd3a,3,Crystal Bright,4.5886541764217759
bm25_per_question_n500_d10_20260726_r01,bm25,per_question,5aba9e2455429939ce03dd3a,4,Susan Lark,4.1100941265549276
bm25_per_question_n500_d10_20260726_r01,bm25,per_question,5aba9e2455429939ce03dd3a,5,Mickey Mehta,3.8810787641790285
bm25_per_question_n500_d10_20260726_r01,bm25,per_question,5aba9e2455429939ce03dd3a,6,Holistic dentistry,3.8011227338600944
bm25_per_question_n500_d10_20260726_r01,bm25,per_question,5aba9e2455429939ce03dd3a,7,Guelph Community Health Centre,3.571187634648858
bm25_per_question_n500_d10_20260726_r01,bm25,per_question,5aba9e2455429939ce03dd3a,8,Kripalu Center,3.4787897487803021
bm25_per_question_n500_d10_20260726_r01,bm25,per_question,5aba9e2455429939ce03dd3a,9,Elizabeth Neilson,2.9241541672986706
bm25_per_question_n500_d10_20260726_r01,bm25,per_question,5aba9e2455429939ce03dd3a,10,Viktoras Kulvinskas,1.9797450690080525
bm25_per_question_n500_d10_20260726_r01,bm25,per_question,5abaf3195542996cc5e49f2c,1,Archery at the Commonwealth Games,6.7586937151942612
bm25_per_question_n500_d10_20260726_r01,bm25,per_question,5abaf3195542996cc5e49f2c,2,Samoa,6.0365078523286986
bm25_per_question_n500_d10_20260726_r01,bm25,per_question,5abaf3195542996cc5e49f2c,3,Gerald Reive,5.5335667743035764
bm25_per_question_n500_d10_20260726_r01,bm25,per_question,5abaf3195542996cc5e49f2c,4,2010 Commonwealth Games,5.5217492351539459
bm25_per_question_n500_d10_20260726_r01,bm25,per_question,5abaf3195542996cc5e49f2c,5,2010 Commonwealth Games medal table,5.4735399371489182
bm25_per_question_n500_d10_20260726_r01,bm25,per_question,5abaf3195542996cc5e49f2c,6,Falkland Islands at the 2010 Commonwealth Games,5.3211211825196898
bm25_per_question_n500_d10_20260726_r01,bm25,per_question,5abaf3195542996cc5e49f2c,7,Falkland Islands official football team,5.2197462604155929
bm25_per_question_n500_d10_20260726_r01,bm25,per_question,5abaf3195542996cc5e49f2c,8,George Paice (bowls),5.0676474470910016
bm25_per_question_n500_d10_20260726_r01,bm25,per_question,5abaf3195542996cc5e49f2c,9,Falkland Islands at the 2014 Commonwealth Games,4.752740210878474
bm25_per_question_n500_d10_20260726_r01,bm25,per_question,5abaf3195542996cc5e49f2c,10,KTV Ltd.,3.2763932483664826
bm25_per_question_n500_d10_20260726_r01,bm25,per_question,5abb30755542996cc5e49fd8,1,Reagan Democrat,6.8292309454966107
bm25_per_question_n500_d10_20260726_r01,bm25,per_question,5abb30755542996cc5e49fd8,2,Second inauguration of Ronald Reagan,4.8800282825279915
bm25_per_question_n500_d10_20260726_r01,bm25,per_question,5abb30755542996cc5e49fd8,3,First inauguration of Ronald Reagan,4.0695756635992471
bm25_per_question_n500_d10_20260726_r01,bm25,per_question,5abb30755542996cc5e49fd8,4,William Flynn Martin,3.8850232095689212
bm25_per_question_n500_d10_20260726_r01,bm25,per_question,5abb30755542996cc5e49fd8,5,Elliott Abrams,3.674106733818248
bm25_per_question_n500_d10_20260726_r01,bm25,per_question,5abb30755542996cc5e49fd8,6,Lawrence Eagleburger,3.3918888191645111
bm25_per_question_n500_d10_20260726_r01,bm25,per_question,5abb30755542996cc5e49fd8,7,Presidency of Ronald Reagan,3.2814076643317756
bm25_per_question_n500_d10_20260726_r01,bm25,per_question,5abb30755542996cc5e49fd8,8,Otto Reich,3.2511700752069412
bm25_per_question_n500_d10_20260726_r01,bm25,per_question,5abb30755542996cc5e49fd8,9,Ronald Reagan judicial appointment controversies,2.5886244488542718
bm25_per_question_n500_d10_20260726_r01,bm25,per_question,5abb30755542996cc5e49fd8,10,George H. W. Bush,2.5301783099541639
bm25_per_question_n500_d10_20260726_r01,bm25,per_question,5abba4855542993f40c73b68,1,Gamer (film),13.62724275238644
bm25_per_question_n500_d10_20260726_r01,bm25,per_question,5abba4855542993f40c73b68,2,List of Dexter episodes,9.2918370304351665
bm25_per_question_n500_d10_20260726_r01,bm25,per_question,5abba4855542993f40c73b68,3,Dexter (TV series),8.9108385435071167
bm25_per_question_n500_d10_20260726_r01,bm25,per_question,5abba4855542993f40c73b68,4,Michael C. Hall,8.2233544073383662
bm25_per_question_n500_d10_20260726_r01,bm25,per_question,5abba4855542993f40c73b68,5,Vince Masuka,6.4439596426217651
bm25_per_question_n500_d10_20260726_r01,bm25,per_question,5abba4855542993f40c73b68,6,"Hello, Dexter Morgan",6.2575621016486709
bm25_per_question_n500_d10_20260726_r01,bm25,per_question,5abba4855542993f40c73b68,7,The Damage a Man Can Do,6.1218657433398729
bm25_per_question_n500_d10_20260726_r01,bm25,per_question,5abba4855542993f40c73b68,8,It's Alive! (Dexter),6.101045183200033
bm25_per_question_n500_d10_20260726_r01,bm25,per_question,5abba4855542993f40c73b68,9,The British Invasion (Dexter),5.9796422214461646
bm25_per_question_n500_d10_20260726_r01,bm25,per_question,5abba4855542993f40c73b68,10,Sage Kirkpatrick,5.2345214574631287
bm25_per_question_n500_d10_20260726_r01,bm25,per_question,5abbd3ac55429931dba1458b,1,Affiliated Managers Group,5.7716288449670436
bm25_per_question_n500_d10_20260726_r01,bm25,per_question,5abbd3ac55429931dba1458b,2,Crystal River Energy Complex,3.4866940530623993
bm25_per_question_n500_d10_20260726_r01,bm25,per_question,5abbd3ac55429931dba1458b,3,Sean Healey,2.9798257119766438
bm25_per_question_n500_d10_20260726_r01,bm25,per_question,5abbd3ac55429931dba1458b,4,Darrell Crate,2.9702011468876099
bm25_per_question_n500_d10_20260726_r01,bm25,per_question,5abbd3ac55429931dba1458b,5,Duke Energy,1.9476382292368299
bm25_per_question_n500_d10_20260726_r01,bm25,per_question,5abbd3ac55429931dba1458b,6,Duke Energy Florida,1.9283767609194817
bm25_per_question_n500_d10_20260726_r01,bm25,per_question,5abbd3ac55429931dba1458b,7,Crescent Communities,1.8738142190442413
bm25_per_question_n500_d10_20260726_r01,bm25,per_question,5abbd3ac55429931dba1458b,8,Progress Energy Inc,1.7984935096299619
bm25_per_question_n500_d10_20260726_r01,bm25,per_question,5abbd3ac55429931dba1458b,9,Sabal Trail Transmission Pipeline,1.7812021027657567
bm25_per_question_n500_d10_20260726_r01,bm25,per_question,5abbd3ac55429931dba1458b,10,Gulfstream Natural Gas Pipeline,1.1338428123353654
bm25_per_question_n500_d10_20260726_r01,bm25,per_question,5abbf698554299114383a0b5,1,English Electric Canberra,8.6386135760234453
bm25_per_question_n500_d10_20260726_r01,bm25,per_question,5abbf698554299114383a0b5,2,South West Pacific Area (command),7.3691620364796604
bm25_per_question_n500_d10_20260726_r01,bm25,per_question,5abbf698554299114383a0b5,3,Savoia-Marchetti SM.79,7.0324715139325242
bm25_per_question_n500_d10_20260726_r01,bm25,per_question,5abbf698554299114383a0b5,4,Tupolev Tu-12,6.3776613237167572
bm25_per_question_n500_d10_20260726_r01,bm25,per_question,5abbf698554299114383a0b5,5,Edwin A. Doss,6.0275368760139933
bm25_per_question_n500_d10_20260726_r01,bm25,per_question,5abbf698554299114383a0b5,6,Asiatic-Pacific Theater,5.8201042095194824
bm25_per_question_n500_d10_20260726_r01,bm25,per_question,5abbf698554299114383a0b5,7,South West Pacific theatre of World War II,5.6965407948679179
bm25_per_question_n500_d10_20260726_r01,bm25,per_question,5abbf698554299114383a0b5,8,No. 12 Squadron RAAF,5.6461539202426998
bm25_per_question_n500_d10_20260726_r01,bm25,per_question,5abbf698554299114383a0b5,9,No. 2 Squadron RAAF,5.5639141579675488
bm25_per_question_n500_d10_20260726_r01,bm25,per_question,5abbf698554299114383a0b5,10,Coastwatchers,4.2992068469320071
bm25_per_question_n500_d10_20260726_r01,bm25,per_question,5abc0a5d5542993f40c73c64,1,In the Realm of the Hackers,6.2042239319911694
bm25_per_question_n500_d10_20260726_r01,bm25,per_question,5abc0a5d5542993f40c73c64,2,Psycho Realm,6.0876677310611846
bm25_per_question_n500_d10_20260726_r01,bm25,per_question,5abc0a5d5542993f40c73c64,3,Hackers (film),5.5396499144730837
bm25_per_question_n500_d10_20260726_r01,bm25,per_question,5abc0a5d5542993f40c73c64,4,Robin Goldstein,5.5362874292340098
bm25_per_question_n500_d10_20260726_r01,bm25,per_question,5abc0a5d5542993f40c73c64,5,Freakonomics Radio,5.2497793457502731
bm25_per_question_n500_d10_20260726_r01,bm25,per_question,5abc0a5d5542993f40c73c64,6,Jay Leiderman,4.4980354990828859
bm25_per_question_n500_d10_20260726_r01,bm25,per_question,5abc0a5d5542993f40c73c64,7,Freakonomics (film),4.2533893012616
bm25_per_question_n500_d10_20260726_r01,bm25,per_question,5abc0a5d5542993f40c73c64,8,Shayne Workman,4.2235685183061129
bm25_per_question_n500_d10_20260726_r01,bm25,per_question,5abc0a5d5542993f40c73c64,9,Heidi Ewing,4.1373935642715196
bm25_per_question_n500_d10_20260726_r01,bm25,per_question,5abc0a5d5542993f40c73c64,10,Peter W. Smith,3.8246523039861944
bm25_per_question_n500_d10_20260726_r01,bm25,per_question,5abc3a65554299700f9d782d,1,Candy Coburn,13.204575134743202
bm25_per_question_n500_d10_20260726_r01,bm25,per_question,5abc3a65554299700f9d782d,2,Highspeed Hayride,6.1827945115279999
bm25_per_question_n500_d10_20260726_r01,bm25,per_question,5abc3a65554299700f9d782d,3,Hanna–McEuen,4.4772915452510924
bm25_per_question_n500_d10_20260726_r01,bm25,per_question,5abc3a65554299700f9d782d,4,Hometown News,4.2693410758274375
bm25_per_question_n500_d10_20260726_r01,bm25,per_question,5abc3a65554299700f9d782d,5,The Bama Band,3.8758375305393216
bm25_per_question_n500_d10_20260726_r01,bm25,per_question,5abc3a65554299700f9d782d,6,Baby Girl (Sugarland song),3.7982526226477558
bm25_per_question_n500_d10_20260726_r01,bm25,per_question,5abc3a65554299700f9d782d,7,Lady Antebellum,3.6952733299317697
bm25_per_question_n500_d10_20260726_r01,bm25,per_question,5abc3a65554299700f9d782d,8,Carolina Rain,3.5716694631088748
bm25_per_question_n500_d10_20260726_r01,bm25,per_question,5abc3a65554299700f9d782d,9,Heaven Bound (I'm Ready),3.491411770114401
bm25_per_question_n500_d10_20260726_r01,bm25,per_question,5abc3a65554299700f9d782d,10,Snapback (song),2.7614689639545471
bm25_per_question_n500_d10_20260726_r01,bm25,per_question,5abc5951554299114383a116,1,Graduados,8.6523738785750233
bm25_per_question_n500_d10_20260726_r01,bm25,per_question,5abc5951554299114383a116,2,Patricia Longo,6.4534335463367984
bm25_per_question_n500_d10_20260726_r01,bm25,per_question,5abc5951554299114383a116,3,List of songs recorded by Lali Espósito,4.800340292874937
bm25_per_question_n500_d10_20260726_r01,bm25,per_question,5abc5951554299114383a116,4,Niní,3.2772143224110142
bm25_per_question_n500_d10_20260726_r01,bm25,per_question,5abc5951554299114383a116,5,Montecristo (Argentine telenovela),2.4800346971506726
bm25_per_question_n500_d10_20260726_r01,bm25,per_question,5abc5951554299114383a116,6,Guapas,2.3268786151915157
bm25_per_question_n500_d10_20260726_r01,bm25,per_question,5abc5951554299114383a116,7,Amar después de amar,2.142342430805197
bm25_per_question_n500_d10_20260726_r01,bm25,per_question,5abc5951554299114383a116,8,Verano del '98,1.8752352485655379
bm25_per_question_n500_d10_20260726_r01,bm25,per_question,5abc5951554299114383a116,9,Botineras,1.739055106000408
bm25_per_question_n500_d10_20260726_r01,bm25,per_question,5abc5951554299114383a116,10,Alma Pirata,1.2200582654203287
bm25_per_question_n500_d10_20260726_r01,bm25,per_question,5abc8620554299700f9d78e2,1,Bitter electromagnet,4.645906023456404
bm25_per_question_n500_d10_20260726_r01,bm25,per_question,5abc8620554299700f9d78e2,2,Sicko,3.6917133279010654
bm25_per_question_n500_d10_20260726_r01,bm25,per_question,5abc8620554299700f9d78e2,3,Hollywood Outlaw Movie,3.3313204717423988
bm25_per_question_n500_d10_20260726_r01,bm25,per_question,5abc8620554299700f9d78e2,4,Light cavalerie vodka,3.1154377734012035
bm25_per_question_n500_d10_20260726_r01,bm25,per_question,5abc8620554299700f9d78e2,5,Ratafia,2.9294602633689855
bm25_per_question_n500_d10_20260726_r01,bm25,per_question,5abc8620554299700f9d78e2,6,Bitter Jester,2.8931843622682556
bm25_per_question_n500_d10_20260726_r01,bm25,per_question,5abc8620554299700f9d78e2,7,Mırra,2.6336972463423276
bm25_per_question_n500_d10_20260726_r01,bm25,per_question,5abc8620554299700f9d78e2,8,Zaječická hořká,2.3317468848108476
bm25_per_question_n500_d10_20260726_r01,bm25,per_question,5abc8620554299700f9d78e2,9,Jester,2.1728339888351043
bm25_per_question_n500_d10_20260726_r01,bm25,per_question,5abc8620554299700f9d78e2,10,Leucopaxillus gentianeus,1.3700269109489953
bm25_per_question_n500_d10_20260726_r01,bm25,per_question,5abc8d75554299700f9d7900,1,Leader of Fine Gael,11.388972474822097
bm25_per_question_n500_d10_20260726_r01,bm25,per_question,5abc8d75554299700f9d7900,2,James Reilly (Irish politician),7.8932173095135205
bm25_per_question_n500_d10_20260726_r01,bm25,per_question,5abc8d75554299700f9d7900,3,Enda Kenny,7.594308799704991
bm25_per_question_n500_d10_20260726_r01,bm25,per_question,5abc8d75554299700f9d7900,4,Simon Coveney,7.5634203413296062
bm25_per_question_n500_d10_20260726_r01,bm25,per_question,5abc8d75554299700f9d7900,5,Frances Fitzgerald (politician),7.4907975115360692
bm25_per_question_n500_d10_20260726_r01,bm25,per_question,5abc8d75554299700f9d7900,6,Liam Cosgrave,7.4657437538673008
bm25_per_question_n500_d10_20260726_r01,bm25,per_question,5abc8d75554299700f9d7900,7,Leo Varadkar,7.3688739242374757
bm25_per_question_n500_d10_20260726_r01,bm25,per_question,5abc8d75554299700f9d7900,8,"Fine Gael leadership election, 2017",6.9361939721280317
bm25_per_question_n500_d10_20260726_r01,bm25,per_question,5abc8d75554299700f9d7900,9,John Bruton,6.9343586426612056
bm25_per_question_n500_d10_20260726_r01,bm25,per_question,5abc8d75554299700f9d7900,10,Paddy O'Toole,5.3558368108100058
bm25_per_question_n500_d10_20260726_r01,bm25,per_question,5abcc96c5542996583600492,1,Conan the Barbarian (2011 film),8.3999320986823633
bm25_per_question_n500_d10_20260726_r01,bm25,per_question,5abcc96c5542996583600492,2,Emotional Technology,7.4869728363577579
bm25_per_question_n500_d10_20260726_r01,bm25,per_question,5abcc96c5542996583600492,3,The Pastor's Wife (film),7.2928768184276569
bm25_per_question_n500_d10_20260726_r01,bm25,per_question,5abcc96c5542996583600492,4,Earl and Edgar McGraw,7.1733188265778871
bm25_per_question_n500_d10_20260726_r01,bm25,per_question,5abcc96c5542996583600492,5,Paige Matthews,6.5343465118396535
bm25_per_question_n500_d10_20260726_r01,bm25,per_question,5abcc96c5542996583600492,6,Scream (1996 film),5.9562071536997596
bm25_per_question_n500_d10_20260726_r01,bm25,per_question,5abcc96c5542996583600492,7,Dead Awake (2010 film),5.7238694972584527
bm25_per_question_n500_d10_20260726_r01,bm25,per_question,5abcc96c5542996583600492,8,Devil in the Flesh (1998 film),5.5051876429631221
bm25_per_question_n500_d10_20260726_r01,bm25,per_question,5abcc96c5542996583600492,9,The Doom Generation,5.4378866262225607
bm25_per_question_n500_d10_20260726_r01,bm25,per_question,5abcc96c5542996583600492,10,Planet Terror,5.0957574691649432
bm25_per_question_n500_d10_20260726_r01,bm25,per_question,5abcfc365542993a06baf9d6,1,Casey Braxton,8.5028575295396251
bm25_per_question_n500_d10_20260726_r01,bm25,per_question,5abcfc365542993a06baf9d6,2,Stewart Stern,7.0874621461230776
bm25_per_question_n500_d10_20260726_r01,bm25,per_question,5abcfc365542993a06baf9d6,3,Jack Grinnage,7.0566581633789465
bm25_per_question_n500_d10_20260726_r01,bm25,per_question,5abcfc365542993a06baf9d6,4,Corey Allen,6.2400091010885488
bm25_per_question_n500_d10_20260726_r01,bm25,per_question,5abcfc365542993a06baf9d6,5,Sal Mineo,5.9581684126130652
bm25_per_question_n500_d10_20260726_r01,bm25,per_question,5abcfc365542993a06baf9d6,6,Rebel Highway,4.9039236077336339
bm25_per_question_n500_d10_20260726_r01,bm25,per_question,5abcfc365542993a06baf9d6,7,Jim Backus,4.839768955112679
bm25_per_question_n500_d10_20260726_r01,bm25,per_question,5abcfc365542993a06baf9d6,8,CBS Television Workshop,4.8317915744718736
bm25_per_question_n500_d10_20260726_r01,bm25,per_question,5abcfc365542993a06baf9d6,9,James Dean,4.1086161797536223
bm25_per_question_n500_d10_20260726_r01,bm25,per_question,5abcfc365542993a06baf9d6,10,Rebel Without a Pause,3.8264041417040446
bm25_per_question_n500_d10_20260726_r01,bm25,per_question,5abd01205542992ac4f3819b,1,Mummulgum,8.0167126449498038
bm25_per_question_n500_d10_20260726_r01,bm25,per_question,5abd01205542992ac4f3819b,2,"Casino, New South Wales",7.2396109921862548
bm25_per_question_n500_d10_20260726_r01,bm25,per_question,5abd01205542992ac4f3819b,3,"Bonshaw, New South Wales",5.7407937868342804
bm25_per_question_n500_d10_20260726_r01,bm25,per_question,5abd01205542992ac4f3819b,4,"Wollongbar, New South Wales",5.2216677069934629
bm25_per_question_n500_d10_20260726_r01,bm25,per_question,5abd01205542992ac4f3819b,5,Richmond Valley Council,5.0613613219293363
bm25_per_question_n500_d10_20260726_r01,bm25,per_question,5abd01205542992ac4f3819b,6,"Alstonville, New South Wales",4.9022415084131259
bm25_per_question_n500_d10_20260726_r01,bm25,per_question,5abd01205542992ac4f3819b,7,"Goonellabah, New South Wales",4.8098147657160419
bm25_per_question_n500_d10_20260726_r01,bm25,per_question,5abd01205542992ac4f3819b,8,Tabulam,4.7937770353552072
bm25_per_question_n500_d10_20260726_r01,bm25,per_question,5abd01205542992ac4f3819b,9,"Tenterfield, New South Wales",4.3481038399071537
bm25_per_question_n500_d10_20260726_r01,bm25,per_question,5abd01205542992ac4f3819b,10,Bruxner Highway,3.7906313920692822
bm25_per_question_n500_d10_20260726_r01,bm25,per_question,5abd0d635542992ac4f381b8,1,Robson &amp; Jerome (album),14.122226948920922
bm25_per_question_n500_d10_20260726_r01,bm25,per_question,5abd0d635542992ac4f381b8,2,MTV Video Music Award for Best New Artist,8.9827837016347836
bm25_per_question_n500_d10_20260726_r01,bm25,per_question,5abd0d635542992ac4f381b8,3,Premio Lo Nuestro 2003,8.8458021524006529
bm25_per_question_n500_d10_20260726_r01,bm25,per_question,5abd0d635542992ac4f381b8,4,Every End of the Day,8.8425832064134937
bm25_per_question_n500_d10_20260726_r01,bm25,per_question,5abd0d635542992ac4f381b8,5,Adele,8.5827438973494186
bm25_per_question_n500_d10_20260726_r01,bm25,per_question,5abd0d635542992ac4f381b8,6,SAIC-GM-Wuling,8.1947999042903241
bm25_per_question_n500_d10_20260726_r01,bm25,per_question,5abd0d635542992ac4f381b8,7,Encore (Eminem album),7.8371274048566821
bm25_per_question_n500_d10_20260726_r01,bm25,per_question,5abd0d635542992ac4f381b8,8,List of Billboard 200 number-one albums of 2002,7.2011435315797003
bm25_per_question_n500_d10_20260726_r01,bm25,per_question,5abd0d635542992ac4f381b8,9,The Foundation (Zac Brown Band album),6.8853529838483736
bm25_per_question_n500_d10_20260726_r01,bm25,per_question,5abd0d635542992ac4f381b8,10,Japan Record Award for Best New Artist,4.0476698584960848
bm25_per_question_n500_d10_20260726_r01,bm25,per_question,5abd1529554299114383a1e3,1,Eugene Habecker,6.2238671474417719
bm25_per_question_n500_d10_20260726_r01,bm25,per_question,5abd1529554299114383a1e3,2,QBB-95,4.2145581518408388
bm25_per_question_n500_d10_20260726_r01,bm25,per_question,5abd1529554299114383a1e3,3,Eugene Melnyk,3.9160162518825805
bm25_per_question_n500_d10_20260726_r01,bm25,per_question,5abd1529554299114383a1e3,4,Type I Rifle,3.7403259445073131
bm25_per_question_n500_d10_20260726_r01,bm25,per_question,5abd1529554299114383a1e3,5,Type 4 rifle,3.4062415486302005
bm25_per_question_n500_d10_20260726_r01,bm25,per_question,5abd1529554299114383a1e3,6,Chasing Daylight (book),3.2967245837033521
bm25_per_question_n500_d10_20260726_r01,bm25,per_question,5abd1529554299114383a1e3,7,Eugene Cross Park,3.1767615761511339
bm25_per_question_n500_d10_20260726_r01,bm25,per_question,5abd1529554299114383a1e3,8,Eugene R. Black Sr.,2.856394420340874
bm25_per_question_n500_d10_20260726_r01,bm25,per_question,5abd1529554299114383a1e3,9,Edward E. Cox,2.2099610445912665
bm25_per_question_n500_d10_20260726_r01,bm25,per_question,5abd1529554299114383a1e3,10,Christianity Today,1.8348971344092795
bm25_per_question_n500_d10_20260726_r01,bm25,per_question,5abd259d55429924427fcf1a,1,Dictyosperma,-0.10536470836200805
bm25_per_question_n500_d10_20260726_r01,bm25,per_question,5abd259d55429924427fcf1a,2,Huernia,-0.12827450045030792
bm25_per_question_n500_d10_20260726_r01,bm25,per_question,5abd2eab5542992ac4f38210,1,Ramsay Street,11.342958624374774
bm25_per_question_n500_d10_20260726_r01,bm25,per_question,5abd2eab5542992ac4f38210,2,Beverly Marshall,6.2208521150140008
bm25_per_question_n500_d10_20260726_r01,bm25,per_question,5abd2eab5542992ac4f38210,3,Katie Landers,5.6820077700951277
bm25_per_question_n500_d10_20260726_r01,bm25,per_question,5abd2eab5542992ac4f38210,4,Alamo Heights SA,4.3806368106195857
bm25_per_question_n500_d10_20260726_r01,bm25,per_question,5abd2eab5542992ac4f38210,5,Phil Mitchell,4.0353397242376596
bm25_per_question_n500_d10_20260726_r01,bm25,per_question,5abd2eab5542992ac4f38210,6,John Black (Days of Our Lives),3.9742555176991887
bm25_per_question_n500_d10_20260726_r01,bm25,per_question,5abd2eab5542992ac4f38210,7,Victor Newman,3.8611552497744235
bm25_per_question_n500_d10_20260726_r01,bm25,per_question,5abd2eab5542992ac4f38210,8,Shaunna O'Grady,3.7890701329672023
bm25_per_question_n500_d10_20260726_r01,bm25,per_question,5abd2eab5542992ac4f38210,9,The Greatest Gift (TV series),3.6936118365662383
bm25_per_question_n500_d10_20260726_r01,bm25,per_question,5abd2eab5542992ac4f38210,10,Roger Howarth,3.2444498612045862
bm25_per_question_n500_d10_20260726_r01,bm25,per_question,5abd6bf055429933744ab7c8,1,Larry Coker,7.0614408958233232
bm25_per_question_n500_d10_20260726_r01,bm25,per_question,5abd6bf055429933744ab7c8,2,Richard Jacob,6.0438264347015185
bm25_per_question_n500_d10_20260726_r01,bm25,per_question,5abd6bf055429933744ab7c8,3,Maggie Dixon Award,5.4283521947042521
bm25_per_question_n500_d10_20260726_r01,bm25,per_question,5abd6bf055429933744ab7c8,4,2006 Alabama Crimson Tide football team,5.0624904721610662
bm25_per_question_n500_d10_20260726_r01,bm25,per_question,5abd6bf055429933744ab7c8,5,Brian Knorr,5.0467665300168161
bm25_per_question_n500_d10_20260726_r01,bm25,per_question,5abd6bf055429933744ab7c8,6,Reggie Witherspoon (basketball),4.5527344407633619
bm25_per_question_n500_d10_20260726_r01,bm25,per_question,5abd6bf055429933744ab7c8,7,Buzz Peterson,3.7674010000058762
bm25_per_question_n500_d10_20260726_r01,bm25,per_question,5abd6bf055429933744ab7c8,8,2006 Miami Hurricanes football team,3.1972123322978003
bm25_per_question_n500_d10_20260726_r01,bm25,per_question,5abd6bf055429933744ab7c8,9,2009 Virginia Cavaliers football team,3.1173158585550071
bm25_per_question_n500_d10_20260726_r01,bm25,per_question,5abd6bf055429933744ab7c8,10,Holly Bruder,2.7230160426909196
bm25_per_question_n500_d10_20260726_r01,bm25,per_question,5abd94525542992ac4f382d2,1,2014 S/S,9.4258425406241493
bm25_per_question_n500_d10_20260726_r01,bm25,per_question,5abd94525542992ac4f382d2,2,Madtown,6.4688741293472862
bm25_per_question_n500_d10_20260726_r01,bm25,per_question,5abd94525542992ac4f382d2,3,Seventeen discography,5.8434685862163693
bm25_per_question_n500_d10_20260726_r01,bm25,per_question,5abd94525542992ac4f382d2,4,List of songs written by Ravi,5.5382713361269982
bm25_per_question_n500_d10_20260726_r01,bm25,per_question,5abd94525542992ac4f382d2,5,SF9 (band),5.4547210558982853
bm25_per_question_n500_d10_20260726_r01,bm25,per_question,5abd94525542992ac4f382d2,6,Winner (band),5.1194310358822035
bm25_per_question_n500_d10_20260726_r01,bm25,per_question,5abd94525542992ac4f382d2,7,Cho Kyuhyun,5.0898411363497331
bm25_per_question_n500_d10_20260726_r01,bm25,per_question,5abd94525542992ac4f382d2,8,History (band),4.5195819919694555
bm25_per_question_n500_d10_20260726_r01,bm25,per_question,5abd94525542992ac4f382d2,9,BTS discography,3.6440934378461063
bm25_per_question_n500_d10_20260726_r01,bm25,per_question,5abd94525542992ac4f382d2,10,List of awards and nominations received by Shinee,3.2120123038138386
bm25_per_question_n500_d10_20260726_r01,bm25,per_question,5abdf12255429976d4830a2f,1,Against the Wind (album),10.868142422947372
bm25_per_question_n500_d10_20260726_r01,bm25,per_question,5abdf12255429976d4830a2f,2,Mark Britten,10.662367973576135
bm25_per_question_n500_d10_20260726_r01,bm25,per_question,5abdf12255429976d4830a2f,3,Heaven Knows (Robert Plant song),8.1238799141532816
bm25_per_question_n500_d10_20260726_r01,bm25,per_question,5abdf12255429976d4830a2f,4,Gary Cherone,8.100035869699898
bm25_per_question_n500_d10_20260726_r01,bm25,per_question,5abdf12255429976d4830a2f,5,Bob Seger,8.043154254009611
bm25_per_question_n500_d10_20260726_r01,bm25,per_question,5abdf12255429976d4830a2f,6,Freudiana,7.9238843966081696
bm25_per_question_n500_d10_20260726_r01,bm25,per_question,5abdf12255429976d4830a2f,7,Stranger in Town (album),7.8376073351911364
bm25_per_question_n500_d10_20260726_r01,bm25,per_question,5abdf12255429976d4830a2f,8,10 Hronia Mazi,7.450784706414046
bm25_per_question_n500_d10_20260726_r01,bm25,per_question,5abdf12255429976d4830a2f,9,Ride Out (album),7.222291171849978
bm25_per_question_n500_d10_20260726_r01,bm25,per_question,5abdf12255429976d4830a2f,10,Anggun discography,6.8993826226510633
bm25_per_question_n500_d10_20260726_r01,bm25,per_question,5abe239355429976d4830a7d,1,Jamie Harris (actor),12.277047673702803
bm25_per_question_n500_d10_20260726_r01,bm25,per_question,5abe239355429976d4830a7d,2,Usman Ally,6.6246144282357626
bm25_per_question_n500_d10_20260726_r01,bm25,per_question,5abe239355429976d4830a7d,3,Midnight Sun (2006 film),6.2684453646171523
bm25_per_question_n500_d10_20260726_r01,bm25,per_question,5abe239355429976d4830a7d,4,Man Against the Mob,5.5901232610978662
bm25_per_question_n500_d10_20260726_r01,bm25,per_question,5abe239355429976d4830a7d,5,Badla Jatti Da,5.5644520433878322
bm25_per_question_n500_d10_20260726_r01,bm25,per_question,5abe239355429976d4830a7d,6,"The Dragon, the Hero",5.2920381862059038
bm25_per_question_n500_d10_20260726_r01,bm25,per_question,5abe239355429976d4830a7d,7,Jalam (film),4.9589656830070448
bm25_per_question_n500_d10_20260726_r01,bm25,per_question,5abe239355429976d4830a7d,8,Lemony Snicket's A Series of Unfortunate Events,3.8052919715276508
bm25_per_question_n500_d10_20260726_r01,bm25,per_question,5abe239355429976d4830a7d,9,Estelle Hemsley,3.7082986811064131
bm25_per_question_n500_d10_20260726_r01,bm25,per_question,5abe239355429976d4830a7d,10,Maurice Walsh,3.2287118398633616
bm25_per_question_n500_d10_20260726_r01,bm25,per_question,5abe689a55429976d4830b16,1,2011 French Open – Women's Singles,6.2717510734859765
bm25_per_question_n500_d10_20260726_r01,bm25,per_question,5abe689a55429976d4830b16,2,Williams sisters,5.8555601813927494
bm25_per_question_n500_d10_20260726_r01,bm25,per_question,5abe689a55429976d4830b16,3,1973 Queen's Club Championships,5.5605287061844795
bm25_per_question_n500_d10_20260726_r01,bm25,per_question,5abe689a55429976d4830b16,4,Francesca Schiavone,5.2919886664290434
bm25_per_question_n500_d10_20260726_r01,bm25,per_question,5abe689a55429976d4830b16,5,Olga Morozova,4.7608220514892894
bm25_per_question_n500_d10_20260726_r01,bm25,per_question,5abe689a55429976d4830b16,6,Sandra Reynolds,3.7731886409411066
bm25_per_question_n500_d10_20260726_r01,bm25,per_question,5abe689a55429976d4830b16,7,Li Na,3.6148009154135181
bm25_per_question_n500_d10_20260726_r01,bm25,per_question,5abe689a55429976d4830b16,8,1968 US Open (tennis),3.3353682590494378
bm25_per_question_n500_d10_20260726_r01,bm25,per_question,5abe689a55429976d4830b16,9,2017 Australian Open – Men's singles final,3.2699573284979295
bm25_per_question_n500_d10_20260726_r01,bm25,per_question,5abe689a55429976d4830b16,10,2012 US Open – Men's singles final,2.7287928605270899
bm25_per_question_n500_d10_20260726_r01,bm25,per_question,5abf10b75542997719eab659,1,Daniel Talia,6.1696805465521187
bm25_per_question_n500_d10_20260726_r01,bm25,per_question,5abf10b75542997719eab659,2,2015 AFL Rising Star,5.6667923441027259
bm25_per_question_n500_d10_20260726_r01,bm25,per_question,5abf10b75542997719eab659,3,Marcus Bontempelli,5.4056337637562306
bm25_per_question_n500_d10_20260726_r01,bm25,per_question,5abf10b75542997719eab659,4,Clayton Oliver,5.1402220085269867
bm25_per_question_n500_d10_20260726_r01,bm25,per_question,5abf10b75542997719eab659,5,AFL Rising Star,4.6933137209313376
bm25_per_question_n500_d10_20260726_r01,bm25,per_question,5abf10b75542997719eab659,6,Jesse Hogan,4.4969230116656851
bm25_per_question_n500_d10_20260726_r01,bm25,per_question,5abf10b75542997719eab659,7,Stephen Coniglio,4.335400818371804
bm25_per_question_n500_d10_20260726_r01,bm25,per_question,5abf10b75542997719eab659,8,Kevin Sheehan,4.1840108380374721
bm25_per_question_n500_d10_20260726_r01,bm25,per_question,5abf10b75542997719eab659,9,BAFTA Rising Star Award,3.782649794528024
bm25_per_question_n500_d10_20260726_r01,bm25,per_question,5abf10b75542997719eab659,10,Nick Holland,2.7435108671542796
bm25_per_question_n500_d10_20260726_r01,bm25,per_question,5abf44025542993fe9a41def,1,Ian McEwan,7.1720310377167102
bm25_per_question_n500_d10_20260726_r01,bm25,per_question,5abf44025542993fe9a41def,2,Langston Hughes Medal,5.2945725828541166
bm25_per_question_n500_d10_20260726_r01,bm25,per_question,5abf44025542993fe9a41def,3,Langston Hughes Performing Arts Center,4.4911960609229604
bm25_per_question_n500_d10_20260726_r01,bm25,per_question,5abf44025542993fe9a41def,4,Robert Earl Jones,3.6717630626937137
bm25_per_question_n500_d10_20260726_r01,bm25,per_question,5abf44025542993fe9a41def,5,Langston Hughes Society,3.181480256037899
bm25_per_question_n500_d10_20260726_r01,bm25,per_question,5abf44025542993fe9a41def,6,Le Conversazioni,2.9002749834517134
bm25_per_question_n500_d10_20260726_r01,bm25,per_question,5abf44025542993fe9a41def,7,Black Nativity,2.5996411195506344
bm25_per_question_n500_d10_20260726_r01,bm25,per_question,5abf44025542993fe9a41def,8,"I, Too (Langston Hughes poem)",2.5897348355908396
bm25_per_question_n500_d10_20260726_r01,bm25,per_question,5abf44025542993fe9a41def,9,Langston Hughes House,1.7972390513569112
bm25_per_question_n500_d10_20260726_r01,bm25,per_question,5abf44025542993fe9a41def,10,Langston Hughes,1.2459677048908968
bm25_per_question_n500_d10_20260726_r01,bm25,per_question,5abf63f15542997ec76fd3ea,1,Socialist Revolutionary Party,11.675161908341794
bm25_per_question_n500_d10_20260726_r01,bm25,per_question,5abf63f15542997ec76fd3ea,2,Russian Civil War,8.8046431742737763
bm25_per_question_n500_d10_20260726_r01,bm25,per_question,5abf63f15542997ec76fd3ea,3,Communism in Russia,7.5215379719564037
bm25_per_question_n500_d10_20260726_r01,bm25,per_question,5abf63f15542997ec76fd3ea,4,Left-wing uprisings against the Bolsheviks,6.9159771419806448
bm25_per_question_n500_d10_20260726_r01,bm25,per_question,5abf63f15542997ec76fd3ea,5,Battle of Romanovka,6.6621444732533188
bm25_per_question_n500_d10_20260726_r01,bm25,per_question,5abf63f15542997ec76fd3ea,6,Alexander Kerensky,6.4780894609545712
bm25_per_question_n500_d10_20260726_r01,bm25,per_question,5abf63f15542997ec76fd3ea,7,Lavr Kornilov,6.4759479159346887
bm25_per_question_n500_d10_20260726_r01,bm25,per_question,5abf63f15542997ec76fd3ea,8,Louise Bryant,6.247065276570396
bm25_per_question_n500_d10_20260726_r01,bm25,per_question,5abf63f15542997ec76fd3ea,9,Timofey Samsonov,6.2265628746020125
bm25_per_question_n500_d10_20260726_r01,bm25,per_question,5abf63f15542997ec76fd3ea,10,Kerensky–Krasnov uprising,4.4352535360005305
bm25_per_question_n500_d10_20260726_r01,bm25,per_question,5abfb3425542990832d3a1c0,1,Andrew Jaspan,6.1605109088841523
bm25_per_question_n500_d10_20260726_r01,bm25,per_question,5abfb3425542990832d3a1c0,2,14ymedio,3.601695354282421
bm25_per_question_n500_d10_20260726_r01,bm25,per_question,5abfb3425542990832d3a1c0,3,Advice column,2.7310801490634917
bm25_per_question_n500_d10_20260726_r01,bm25,per_question,5abfb3425542990832d3a1c0,4,EvidenceNetwork.ca,1.8250929028175649
bm25_per_question_n500_d10_20260726_r01,bm25,per_question,5abfb3425542990832d3a1c0,5,The Conversation (website),1.7869587916307963
bm25_per_question_n500_d10_20260726_r01,bm25,per_question,5abfb3425542990832d3a1c0,6,Vatican leaks scandal,1.5799857600375531
bm25_per_question_n500_d10_20260726_r01,bm25,per_question,5abfb3425542990832d3a1c0,7,State media,1.5390816005556631
bm25_per_question_n500_d10_20260726_r01,bm25,per_question,5abfb3425542990832d3a1c0,8,Chicago Public Media,1.1938591307898052
bm25_per_question_n500_d10_20260726_r01,bm25,per_question,5abfb3425542990832d3a1c0,9,990WBOB,1.0907077776628054
bm25_per_question_n500_d10_20260726_r01,bm25,per_question,5abfb3425542990832d3a1c0,10,Accessible Media,0.46780935616864672
bm25_per_question_n500_d10_20260726_r01,bm25,per_question,5abffc41554299012d1db551,1,Marlene (1984 film),5.8742557906621453
bm25_per_question_n500_d10_20260726_r01,bm25,per_question,5abffc41554299012d1db551,2,Sara Botsford,4.4015000367977946
bm25_per_question_n500_d10_20260726_r01,bm25,per_question,5abffc41554299012d1db551,3,Lisa Wilcox,4.331905980459827
bm25_per_question_n500_d10_20260726_r01,bm25,per_question,5abffc41554299012d1db551,4,Gina Pareño,4.2317533416553337
bm25_per_question_n500_d10_20260726_r01,bm25,per_question,5abffc41554299012d1db551,5,Marlene Dietrich,4.1268983422112147
bm25_per_question_n500_d10_20260726_r01,bm25,per_question,5abffc41554299012d1db551,6,Madhuri Dixit filmography,3.9437065668365676
bm25_per_question_n500_d10_20260726_r01,bm25,per_question,5abffc41554299012d1db551,7,Daniela Castillo,3.9209846631165899
bm25_per_question_n500_d10_20260726_r01,bm25,per_question,5abffc41554299012d1db551,8,Kishore Dang,3.8280816404191427
bm25_per_question_n500_d10_20260726_r01,bm25,per_question,5abffc41554299012d1db551,9,Evelina Simonaho,3.3664194087701951
bm25_per_question_n500_d10_20260726_r01,bm25,per_question,5abffc41554299012d1db551,10,Julie Ordon,3.2367311343119645
bm25_per_question_n500_d10_20260726_r01,bm25,per_question,5ac01bb8554299012d1db5a6,1,Don S. Davis,9.5851136382142688
bm25_per_question_n500_d10_20260726_r01,bm25,per_question,5ac01bb8554299012d1db5a6,2,Episode 8 (Twin Peaks),8.2621917497855666
bm25_per_question_n500_d10_20260726_r01,bm25,per_question,5ac01bb8554299012d1db5a6,3,Stargate SG-1 (season 8),7.2928771955230571
bm25_per_question_n500_d10_20260726_r01,bm25,per_question,5ac01bb8554299012d1db5a6,4,Redemption (Stargate SG-1),6.9676715209840205
bm25_per_question_n500_d10_20260726_r01,bm25,per_question,5ac01bb8554299012d1db5a6,5,Samantha Carter,6.2568936807561251
bm25_per_question_n500_d10_20260726_r01,bm25,per_question,5ac01bb8554299012d1db5a6,6,Lost City (Stargate SG-1),6.1883962904918164
bm25_per_question_n500_d10_20260726_r01,bm25,per_question,5ac01bb8554299012d1db5a6,7,Vala Mal Doran,6.1513783155126669
bm25_per_question_n500_d10_20260726_r01,bm25,per_question,5ac01bb8554299012d1db5a6,8,George Hammond (Stargate),6.0330505807194275
bm25_per_question_n500_d10_20260726_r01,bm25,per_question,5ac01bb8554299012d1db5a6,9,Stargate SG-1,5.5406698864814858
bm25_per_question_n500_d10_20260726_r01,bm25,per_question,5ac01bb8554299012d1db5a6,10,Stargate: Continuum,4.7144643621689415
bm25_per_question_n500_d10_20260726_r01,bm25,per_question,5ac01bca5542992a796dec8d,1,Happy Death Day,6.549832122506916
bm25_per_question_n500_d10_20260726_r01,bm25,per_question,5ac01bca5542992a796dec8d,2,Jessica Rothe,4.8273127551542299
bm25_per_question_n500_d10_20260726_r01,bm25,per_question,5ac01bca5542992a796dec8d,3,Forever My Girl,4.3865599430365982
bm25_per_question_n500_d10_20260726_r01,bm25,per_question,5ac01bca5542992a796dec8d,4,Scouts Guide to the Zombie Apocalypse,4.1628236095656845
bm25_per_question_n500_d10_20260726_r01,bm25,per_question,5ac01bca5542992a796dec8d,5,Paranormal Activity: The Marked Ones,3.1699926182834406
bm25_per_question_n500_d10_20260726_r01,bm25,per_question,5ac01bca5542992a796dec8d,6,Fatal Games,2.9687316543672821
bm25_per_question_n500_d10_20260726_r01,bm25,per_question,5ac01bca5542992a796dec8d,7,Savage Weekend,2.6804812696083555
bm25_per_question_n500_d10_20260726_r01,bm25,per_question,5ac01bca5542992a796dec8d,8,My Bloody Valentine 3D,2.3882361566648251
bm25_per_question_n500_d10_20260726_r01,bm25,per_question,5ac01bca5542992a796dec8d,9,The Preppie Connection,1.4053728457547061
bm25_per_question_n500_d10_20260726_r01,bm25,per_question,5ac01bca5542992a796dec8d,10,Parallels (film),0.67814385829271018
bm25_per_question_n500_d10_20260726_r01,bm25,per_question,5ac02e31554299294b218f3f,1,Justice League (film),10.859510224190542
bm25_per_question_n500_d10_20260726_r01,bm25,per_question,5ac02e31554299294b218f3f,2,Aquaman (film),10.750312093709866
bm25_per_question_n500_d10_20260726_r01,bm25,per_question,5ac02e31554299294b218f3f,3,Gal Gadot,9.3931479483869413
bm25_per_question_n500_d10_20260726_r01,bm25,per_question,5ac02e31554299294b218f3f,4,Man of Steel (film),7.6828666099691567
bm25_per_question_n500_d10_20260726_r01,bm25,per_question,5ac02e31554299294b218f3f,5,Suicide Squad (film),7.5930957371407111
bm25_per_question_n500_d10_20260726_r01,bm25,per_question,5ac02e31554299294b218f3f,6,Wonder Woman (2017 film),7.2637438370069951
bm25_per_question_n500_d10_20260726_r01,bm25,per_question,5ac02e31554299294b218f3f,7,List of DC Extended Universe cast members,6.8918848100822601
bm25_per_question_n500_d10_20260726_r01,bm25,per_question,5ac02e31554299294b218f3f,8,Batman v Superman: Dawn of Justice,6.524890104090205
bm25_per_question_n500_d10_20260726_r01,bm25,per_question,5ac02e31554299294b218f3f,9,DC Extended Universe,6.1092141074070572
bm25_per_question_n500_d10_20260726_r01,bm25,per_question,5ac02e31554299294b218f3f,10,Arrowverse,5.3227639167148695
bm25_per_question_n500_d10_20260726_r01,bm25,per_question,5ac02edb554299294b218f41,1,Tarzan (1999 film),8.6685558723522735
bm25_per_question_n500_d10_20260726_r01,bm25,per_question,5ac02edb554299294b218f41,2,You'll Be in My Heart,7.2029856063159698
bm25_per_question_n500_d10_20260726_r01,bm25,per_question,5ac02edb554299294b218f41,3,Brother Bear,6.1708414087757149
bm25_per_question_n500_d10_20260726_r01,bm25,per_question,5ac02edb554299294b218f41,4,Peter Pan (1953 film),6.0193141184551981
bm25_per_question_n500_d10_20260726_r01,bm25,per_question,5ac02edb554299294b218f41,5,The Sword in the Stone (film),5.5800573495240009
bm25_per_question_n500_d10_20260726_r01,bm25,per_question,5ac02edb554299294b218f41,6,Hercules (1997 film),5.1066831154838237
bm25_per_question_n500_d10_20260726_r01,bm25,per_question,5ac02edb554299294b218f41,7,Home on the Range (2004 film),4.8990654693143219
bm25_per_question_n500_d10_20260726_r01,bm25,per_question,5ac02edb554299294b218f41,8,Beauty and the Beast (1991 film),4.8894352892814092
bm25_per_question_n500_d10_20260726_r01,bm25,per_question,5ac02edb554299294b218f41,9,Dinosaur (film),4.8728459044538344
bm25_per_question_n500_d10_20260726_r01,bm25,per_question,5ac02edb554299294b218f41,10,Lady and the Tramp,4.3920441658194562
bm25_per_question_n500_d10_20260726_r01,bm25,per_question,5ac038db554299294b218f57,1,Rich Lee,11.399727573156092
bm25_per_question_n500_d10_20260726_r01,bm25,per_question,5ac038db554299294b218f57,2,Justin Timberlake videography,6.6823827825079389
bm25_per_question_n500_d10_20260726_r01,bm25,per_question,5ac038db554299294b218f57,3,Rhythm Divine,3.9497936033575307
bm25_per_question_n500_d10_20260726_r01,bm25,per_question,5ac038db554299294b218f57,4,What's So Different?,3.2661049381637826
bm25_per_question_n500_d10_20260726_r01,bm25,per_question,5ac038db554299294b218f57,5,Red Sparrow,3.0164168089052872
bm25_per_question_n500_d10_20260726_r01,bm25,per_question,5ac038db554299294b218f57,6,The Hunger Games (film series),3.0028730270689565
bm25_per_question_n500_d10_20260726_r01,bm25,per_question,5ac038db554299294b218f57,7,The Hunger Games: Mockingjay – Part 1,2.7822920962009396
bm25_per_question_n500_d10_20260726_r01,bm25,per_question,5ac038db554299294b218f57,8,The Hunger Games: Mockingjay – Part 2,2.743596960954406
bm25_per_question_n500_d10_20260726_r01,bm25,per_question,5ac038db554299294b218f57,9,Constantine (film),2.2270151125290267
bm25_per_question_n500_d10_20260726_r01,bm25,per_question,5ac038db554299294b218f57,10,Kristof Konrad,1.352745302551793
bm25_per_question_n500_d10_20260726_r01,bm25,per_question,5ac056385542997d64295a08,1,Chris Eubank Jr.,18.194894260504832
bm25_per_question_n500_d10_20260726_r01,bm25,per_question,5ac056385542997d64295a08,2,Ambrose Mendy,17.498977706735825
bm25_per_question_n500_d10_20260726_r01,bm25,per_question,5ac056385542997d64295a08,3,Natascha Ragosina,7.3916250967022474
bm25_per_question_n500_d10_20260726_r01,bm25,per_question,5ac056385542997d64295a08,4,Luke Blackledge,6.5841464057709587
bm25_per_question_n500_d10_20260726_r01,bm25,per_question,5ac056385542997d64295a08,5,Dean Francis,5.0261947329423293
bm25_per_question_n500_d10_20260726_r01,bm25,per_question,5ac056385542997d64295a08,6,Henry Wharton (boxer),4.5730908286906846
bm25_per_question_n500_d10_20260726_r01,bm25,per_question,5ac056385542997d64295a08,7,Scott Dixon (boxer),4.106229894015744
bm25_per_question_n500_d10_20260726_r01,bm25,per_question,5ac056385542997d64295a08,8,Rod Carr,3.9639123881991667
bm25_per_question_n500_d10_20260726_r01,bm25,per_question,5ac056385542997d64295a08,9,Jermain Mackey,3.9572639166190022
bm25_per_question_n500_d10_20260726_r01,bm25,per_question,5ac056385542997d64295a08,10,Andre Thysse,3.8047314919467961
bm25_per_question_n500_d10_20260726_r01,bm25,per_question,5ac0cf0f554299294b219018,1,Dev Hynes,4.3373899332566106
bm25_per_question_n500_d10_20260726_r01,bm25,per_question,5ac0cf0f554299294b219018,2,Boa vs. Python (song),2.2614240882364163
bm25_per_question_n500_d10_20260726_r01,bm25,per_question,5ac0cf0f554299294b219018,3,Circle. Square. Triangle,2.2428251512044075
bm25_per_question_n500_d10_20260726_r01,bm25,per_question,5ac0cf0f554299294b219018,4,Test Icicles,2.1354912499801824
bm25_per_question_n500_d10_20260726_r01,bm25,per_question,5ac0cf0f554299294b219018,5,Jungle (X Ambassadors and Jamie N Commons song),1.1853566026876809
bm25_per_question_n500_d10_20260726_r01,bm25,per_question,5ac0cf0f554299294b219018,6,Dig Your Own Grave,1.0595927952495319
bm25_per_question_n500_d10_20260726_r01,bm25,per_question,5ac0cf0f554299294b219018,7,Cannonball (Skylar Grey song),0.99116358085888567
bm25_per_question_n500_d10_20260726_r01,bm25,per_question,5ac0cf0f554299294b219018,8,X Ambassadors,0.82134593725995886
bm25_per_question_n500_d10_20260726_r01,bm25,per_question,5ac0cf0f554299294b219018,9,For Screening Purposes Only,0.5911339942553866
bm25_per_question_n500_d10_20260726_r01,bm25,per_question,5ac0cf0f554299294b219018,10,Rory Attwell,0.36947532273862627
bm25_per_question_n500_d10_20260726_r01,bm25,per_question,5ac0d83a554299294b219038,1,Randall Cunningham,6.9233467887556568
bm25_per_question_n500_d10_20260726_r01,bm25,per_question,5ac0d83a554299294b219038,2,Nevada Union High School,6.4558235415898473
bm25_per_question_n500_d10_20260726_r01,bm25,per_question,5ac0d83a554299294b219038,3,Randall Cunningham II,6.0581646816231709
bm25_per_question_n500_d10_20260726_r01,bm25,per_question,5ac0d83a554299294b219038,4,Vashti Cunningham,5.8760342149609039
bm25_per_question_n500_d10_20260726_r01,bm25,per_question,5ac0d83a554299294b219038,5,Bishop Gorman High School,4.9784186446486949
bm25_per_question_n500_d10_20260726_r01,bm25,per_question,5ac0d83a554299294b219038,6,Guo Jie,4.3021733914704869
bm25_per_question_n500_d10_20260726_r01,bm25,per_question,5ac0d83a554299294b219038,7,David Masur,4.301729993800385
bm25_per_question_n500_d10_20260726_r01,bm25,per_question,5ac0d83a554299294b219038,8,Adam Thielen,3.9499757831102458
bm25_per_question_n500_d10_20260726_r01,bm25,per_question,5ac0d83a554299294b219038,9,List of multi-sport athletes,3.7311135305316716
bm25_per_question_n500_d10_20260726_r01,bm25,per_question,5ac0d83a554299294b219038,10,Ken Rose (gridiron football),2.7725115788939023
bm25_per_question_n500_d10_20260726_r01,bm25,per_question,5ac119335542992a796dede4,1,I'd Come for You,8.3916518411794137
bm25_per_question_n500_d10_20260726_r01,bm25,per_question,5ac119335542992a796dede4,2,The Smalls,6.0734886140895137
bm25_per_question_n500_d10_20260726_r01,bm25,per_question,5ac119335542992a796dede4,3,Beija Flor,4.2505017070121456
bm25_per_question_n500_d10_20260726_r01,bm25,per_question,5ac119335542992a796dede4,4,Wool on Wolves,3.8984521883708858
bm25_per_question_n500_d10_20260726_r01,bm25,per_question,5ac119335542992a796dede4,5,The Famines (band),3.7673294058136393
bm25_per_question_n500_d10_20260726_r01,bm25,per_question,5ac119335542992a796dede4,6,Dead Jesus,3.6257886068849343
bm25_per_question_n500_d10_20260726_r01,bm25,per_question,5ac119335542992a796dede4,7,Chixdiggit,3.5990713613542091
bm25_per_question_n500_d10_20260726_r01,bm25,per_question,5ac119335542992a796dede4,8,Nickelback,3.498392322076485
bm25_per_question_n500_d10_20260726_r01,bm25,per_question,5ac119335542992a796dede4,9,Jane Vain and the Dark Matter,3.1724052731052956
bm25_per_question_n500_d10_20260726_r01,bm25,per_question,5ac119335542992a796dede4,10,The Grassroot Deviation,2.9511674886028314
bm25_per_question_n500_d10_20260726_r01,bm25,per_question,5ac120c55542992a796dedfc,1,Maxeda,9.8171899351842189
bm25_per_question_n500_d10_20260726_r01,bm25,per_question,5ac120c55542992a796dedfc,2,Kohlberg Kravis Roberts,4.3823905189194745
bm25_per_question_n500_d10_20260726_r01,bm25,per_question,5ac120c55542992a796dedfc,3,Court Square Capital Partners,2.8536070949512453
bm25_per_question_n500_d10_20260726_r01,bm25,per_question,5ac120c55542992a796dedfc,4,Mekong Capital,2.1296085929900666
bm25_per_question_n500_d10_20260726_r01,bm25,per_question,5ac120c55542992a796dedfc,5,Polycom,1.8863557622385461
bm25_per_question_n500_d10_20260726_r01,bm25,per_question,5ac120c55542992a796dedfc,6,HGGC,1.715880747754746
bm25_per_question_n500_d10_20260726_r01,bm25,per_question,5ac120c55542992a796dedfc,7,Lincolnshire Management,0.76701206038839476
bm25_per_question_n500_d10_20260726_r01,bm25,per_question,5ac120c55542992a796dedfc,8,Leeds Equity Partners,0.74360808628500397
bm25_per_question_n500_d10_20260726_r01,bm25,per_question,5ac120c55542992a796dedfc,9,Avenue Capital Group,0.61390240100552051
bm25_per_question_n500_d10_20260726_r01,bm25,per_question,5ac120c55542992a796dedfc,10,Manischewitz,0.54155700021362418
bm25_per_question_n500_d10_20260726_r01,bm25,per_question,5ac1795f5542994ab5c67d5f,1,Aaron Faulls,8.5489121986403376
bm25_per_question_n500_d10_20260726_r01,bm25,per_question,5ac1795f5542994ab5c67d5f,2,National Geographic Explorer,8.1758495475874344
bm25_per_question_n500_d10_20260726_r01,bm25,per_question,5ac1795f5542994ab5c67d5f,3,Connections (TV series),7.4150475566524516
bm25_per_question_n500_d10_20260726_r01,bm25,per_question,5ac1795f5542994ab5c67d5f,4,The Day the Universe Changed,7.4026343796518663
bm25_per_question_n500_d10_20260726_r01,bm25,per_question,5ac1795f5542994ab5c67d5f,5,James Burke (science historian),6.4225392724162589
bm25_per_question_n500_d10_20260726_r01,bm25,per_question,5ac1795f5542994ab5c67d5f,6,Sci Fi Science: Physics of the Impossible,6.2977054587986547
bm25_per_question_n500_d10_20260726_r01,bm25,per_question,5ac1795f5542994ab5c67d5f,7,Cosmos: A Spacetime Odyssey,5.6137248020255095
bm25_per_question_n500_d10_20260726_r01,bm25,per_question,5ac1795f5542994ab5c67d5f,8,Ripley's Believe It or Not! (TV series),5.4009195292436729
bm25_per_question_n500_d10_20260726_r01,bm25,per_question,5ac1795f5542994ab5c67d5f,9,Richard Hammond's Engineering Connections,5.047860003647318
bm25_per_question_n500_d10_20260726_r01,bm25,per_question,5ac1795f5542994ab5c67d5f,10,Freaky Eaters (TLC series),4.9628000882641725
bm25_per_question_n500_d10_20260726_r01,bm25,per_question,5ac1a3665542994ab5c67daf,1,Krajmir,6.1923362845859851
bm25_per_question_n500_d10_20260726_r01,bm25,per_question,5ac1a3665542994ab5c67daf,2,Armie Hammer,5.9332829335703554
bm25_per_question_n500_d10_20260726_r01,bm25,per_question,5ac1a3665542994ab5c67daf,3,Princess Henriette of Nassau-Weilburg,5.3672091262149451
bm25_per_question_n500_d10_20260726_r01,bm25,per_question,5ac1a3665542994ab5c67daf,4,Joe Gilmore,4.4343251473249987
bm25_per_question_n500_d10_20260726_r01,bm25,per_question,5ac1a3665542994ab5c67daf,5,John Hartmann,4.1879855910692374
bm25_per_question_n500_d10_20260726_r01,bm25,per_question,5ac1a3665542994ab5c67daf,6,Royal Marriages Act 1772,3.2223060840465205
bm25_per_question_n500_d10_20260726_r01,bm25,per_question,5ac1a3665542994ab5c67daf,7,Wedding dress of Sarah Ferguson,3.1326475659761868
bm25_per_question_n500_d10_20260726_r01,bm25,per_question,5ac1a3665542994ab5c67daf,8,List of royal tours of Canada (21st century),3.0537967245567934
bm25_per_question_n500_d10_20260726_r01,bm25,per_question,5ac1a3665542994ab5c67daf,9,"Prince Andrew, Duke of York",2.9689773456860342
bm25_per_question_n500_d10_20260726_r01,bm25,per_question,5ac1a3665542994ab5c67daf,10,Neil Blair,2.0521892960874357
bm25_per_question_n500_d10_20260726_r01,bm25,per_question,5ac1b8ee5542994d76dccedc,1,AES+F,3.6395569110523085
bm25_per_question_n500_d10_20260726_r01,bm25,per_question,5ac1b8ee5542994d76dccedc,2,Lev Kuleshov,3.6256942631509603
bm25_per_question_n500_d10_20260726_r01,bm25,per_question,5ac1b8ee5542994d76dccedc,3,Lev Yilmaz,3.4934681472831501
bm25_per_question_n500_d10_20260726_r01,bm25,per_question,5ac1b8ee5542994d76dccedc,4,Pamela B. Green,2.2340320888189518
bm25_per_question_n500_d10_20260726_r01,bm25,per_question,5ac1b8ee5542994d76dccedc,5,Pamela B. Davis,2.2092523392510803
bm25_per_question_n500_d10_20260726_r01,bm25,per_question,5ac1b8ee5542994d76dccedc,6,Aryanto Yuniawan,2.092246851700426
bm25_per_question_n500_d10_20260726_r01,bm25,per_question,5ac1b8ee5542994d76dccedc,7,Eliezer ben Jacob I,1.7828778191335954
bm25_per_question_n500_d10_20260726_r01,bm25,per_question,5ac1b8ee5542994d76dccedc,8,Pamela Gilbert,1.431818994738604
bm25_per_question_n500_d10_20260726_r01,bm25,per_question,5ac1b8ee5542994d76dccedc,9,Seasoned Veteran,1.3684523300559688
bm25_per_question_n500_d10_20260726_r01,bm25,per_question,5ac1b8ee5542994d76dccedc,10,Anani ben Sason,0.9397776346205442
bm25_per_question_n500_d10_20260726_r01,bm25,per_question,5ac1c6805542994ab5c67e11,1,Larry Wilson (screenwriter),9.755996224624047
bm25_per_question_n500_d10_20260726_r01,bm25,per_question,5ac1c6805542994ab5c67e11,2,Santa's Workshop (Colorado),6.8792916301391918
bm25_per_question_n500_d10_20260726_r01,bm25,per_question,5ac1c6805542994ab5c67e11,3,Jonathan Meath,6.7750646041293106
bm25_per_question_n500_d10_20260726_r01,bm25,per_question,5ac1c6805542994ab5c67e11,4,Santa Claus Is a Black Man,6.4508417963497191
bm25_per_question_n500_d10_20260726_r01,bm25,per_question,5ac1c6805542994ab5c67e11,5,The Year Without a Santa Claus (2006 film),6.4249265709942405
bm25_per_question_n500_d10_20260726_r01,bm25,per_question,5ac1c6805542994ab5c67e11,6,Santa Claus in film,6.0462429724456115
bm25_per_question_n500_d10_20260726_r01,bm25,per_question,5ac1c6805542994ab5c67e11,7,The Year Without a Santa Claus,6.0167168702187999
bm25_per_question_n500_d10_20260726_r01,bm25,per_question,5ac1c6805542994ab5c67e11,8,Rankin/Bass Productions,5.2960019114945309
bm25_per_question_n500_d10_20260726_r01,bm25,per_question,5ac1c6805542994ab5c67e11,9,A Miser Brothers' Christmas,5.2788153325139149
bm25_per_question_n500_d10_20260726_r01,bm25,per_question,5ac1c6805542994ab5c67e11,10,Santa Claus: The Movie,4.0069219955547899
bm25_per_question_n500_d10_20260726_r01,bm25,per_question,5ac1f4495542991316484bd2,1,Phil Rosen,5.0252873249169214
bm25_per_question_n500_d10_20260726_r01,bm25,per_question,5ac1f4495542991316484bd2,2,The Hanging Tree,2.5481104928823686
bm25_per_question_n500_d10_20260726_r01,bm25,per_question,5ac1f4495542991316484bd2,3,Dark Passage (film),1.05295114973523
bm25_per_question_n500_d10_20260726_r01,bm25,per_question,5ac1f4495542991316484bd2,4,The Petrified Forest,0.97892030095722427
bm25_per_question_n500_d10_20260726_r01,bm25,per_question,5ac1f4495542991316484bd2,5,Parrish (film),0.79952368577543809
bm25_per_question_n500_d10_20260726_r01,bm25,per_question,5ac1f4495542991316484bd2,6,Broken Arrow (1950 film),0.66753882336171488
bm25_per_question_n500_d10_20260726_r01,bm25,per_question,5ac1f4495542991316484bd2,7,Delmer Daves,0.59399641061847519
bm25_per_question_n500_d10_20260726_r01,bm25,per_question,5ac1f4495542991316484bd2,8,Destination Tokyo,0.58900484414268972
bm25_per_question_n500_d10_20260726_r01,bm25,per_question,5ac1f4495542991316484bd2,9,Drum Beat,0.42913210073253105
bm25_per_question_n500_d10_20260726_r01,bm25,per_question,5ac1f4495542991316484bd2,10,Shipmates Forever,0.42223841236734982
bm25_per_question_n500_d10_20260726_r01,bm25,per_question,5ac23ff0554299636651994d,1,"Shut Up, Make Love",5.989917794117547
bm25_per_question_n500_d10_20260726_r01,bm25,per_question,5ac23ff0554299636651994d,2,Be the One (Poison song),4.0777066675690987
bm25_per_question_n500_d10_20260726_r01,bm25,per_question,5ac23ff0554299636651994d,3,The Longer We Make Love,1.8132342929710457
bm25_per_question_n500_d10_20260726_r01,bm25,per_question,5ac23ff0554299636651994d,4,All I Wanna Do Is Make Love to You,1.1967395713422935
bm25_per_question_n500_d10_20260726_r01,bm25,per_question,5ac23ff0554299636651994d,5,Mind If We Make Love to You,1.1141064953047002
bm25_per_question_n500_d10_20260726_r01,bm25,per_question,5ac23ff0554299636651994d,6,Make Love,1.0643214233712246
bm25_per_question_n500_d10_20260726_r01,bm25,per_question,5ac23ff0554299636651994d,7,Chuck Berry on Stage,1.0071795228118008
bm25_per_question_n500_d10_20260726_r01,bm25,per_question,5ac23ff0554299636651994d,8,Make Love Not War (album),0.38739489404547839
bm25_per_question_n500_d10_20260726_r01,bm25,per_question,5ac23ff0554299636651994d,9,Poison (American band),0.33687427754253613
bm25_per_question_n500_d10_20260726_r01,bm25,per_question,5ac23ff0554299636651994d,10,Greatest Hits (Dan Fogelberg album),0
bm25_per_question_n500_d10_20260726_r01,bm25,per_question,5ac2659b55429963665199a1,1,"10,000 metres",7.3791503399854799
bm25_per_question_n500_d10_20260726_r01,bm25,per_question,5ac2659b55429963665199a1,2,Harry Prowell,7.0180294164476331
bm25_per_question_n500_d10_20260726_r01,bm25,per_question,5ac2659b55429963665199a1,3,Dave Bailey (athlete),4.3675196808234018
bm25_per_question_n500_d10_20260726_r01,bm25,per_question,5ac2659b55429963665199a1,4,Kavita Tungar,3.9546638772177771
bm25_per_question_n500_d10_20260726_r01,bm25,per_question,5ac2659b55429963665199a1,5,Brian MacLaren,3.6355024395847213
bm25_per_question_n500_d10_20260726_r01,bm25,per_question,5ac2659b55429963665199a1,6,Ross MacKenzie (athlete),3.6153417152266414
bm25_per_question_n500_d10_20260726_r01,bm25,per_question,5ac2659b55429963665199a1,7,2015 Pan American Games,3.4647211358940053
bm25_per_question_n500_d10_20260726_r01,bm25,per_question,5ac2659b55429963665199a1,8,Nora Rocha,3.460721113147069
bm25_per_question_n500_d10_20260726_r01,bm25,per_question,5ac2659b55429963665199a1,9,2011 Pan American Games,3.1598654205208065
bm25_per_question_n500_d10_20260726_r01,bm25,per_question,5ac2659b55429963665199a1,10,"European 10,000m Cup",3.1174451085890791
bm25_per_question_n500_d10_20260726_r01,bm25,per_question,5ac289ff5542996366519a02,1,Brabejum,8.1039685613614321
bm25_per_question_n500_d10_20260726_r01,bm25,per_question,5ac289ff5542996366519a02,2,Marsilea,7.8156225470209293
bm25_per_question_n500_d10_20260726_r01,bm25,per_question,5ac289ff5542996366519a02,3,Marsilea minuta,7.2136439390757401
bm25_per_question_n500_d10_20260726_r01,bm25,per_question,5ac289ff5542996366519a02,4,Sinocyclocheilus,6.8464706619726732
bm25_per_question_n500_d10_20260726_r01,bm25,per_question,5ac289ff5542996366519a02,5,Myiodynastes,6.5938539826918694
bm25_per_question_n500_d10_20260726_r01,bm25,per_question,5ac289ff5542996366519a02,6,Araripesuchus wegeneri,6.5418566767581918
bm25_per_question_n500_d10_20260726_r01,bm25,per_question,5ac289ff5542996366519a02,7,Leptospermum,6.4356092078516545
bm25_per_question_n500_d10_20260726_r01,bm25,per_question,5ac289ff5542996366519a02,8,Be'er Sheva fringe-fingered lizard,6.269855798184782
bm25_per_question_n500_d10_20260726_r01,bm25,per_question,5ac289ff5542996366519a02,9,Marsileaceae,6.0313983500172146
bm25_per_question_n500_d10_20260726_r01,bm25,per_question,5ac289ff5542996366519a02,10,Fen,5.6513150129989036
bm25_per_question_n500_d10_20260726_r01,bm25,per_question,5ac298f9554299657fa28fc9,1,Ian Watkins (Lostprophets),8.4138075167074273
bm25_per_question_n500_d10_20260726_r01,bm25,per_question,5ac298f9554299657fa28fc9,2,Lostprophets,4.8014965726664665
bm25_per_question_n500_d10_20260726_r01,bm25,per_question,5ac298f9554299657fa28fc9,3,Josey Scott,4.3029714353846549
bm25_per_question_n500_d10_20260726_r01,bm25,per_question,5ac298f9554299657fa28fc9,4,Under Your Skin (album),3.3802442302151157
bm25_per_question_n500_d10_20260726_r01,bm25,per_question,5ac298f9554299657fa28fc9,5,Shinobi vs. Dragon Ninja,2.6092732854580358
bm25_per_question_n500_d10_20260726_r01,bm25,per_question,5ac298f9554299657fa28fc9,6,In It to Win It (Saliva album),2.2304768018370358
bm25_per_question_n500_d10_20260726_r01,bm25,per_question,5ac298f9554299657fa28fc9,7,Where We Belong (Lostprophets song),2.0584289116063772
bm25_per_question_n500_d10_20260726_r01,bm25,per_question,5ac298f9554299657fa28fc9,8,Always (Saliva song),1.8673732602181876
bm25_per_question_n500_d10_20260726_r01,bm25,per_question,5ac298f9554299657fa28fc9,9,We Bring an Arsenal,1.3756964605610409
bm25_per_question_n500_d10_20260726_r01,bm25,per_question,5ac298f9554299657fa28fc9,10,Family Reunion (Saliva song),1.3741079006110806
bm25_per_question_n500_d10_20260726_r01,bm25,per_question,5ac2a399554299218029dada,1,Shepardson Microsystems,11.395445423465064
bm25_per_question_n500_d10_20260726_r01,bm25,per_question,5ac2a399554299218029dada,2,Atari Assembler Editor,6.4852077096575922
bm25_per_question_n500_d10_20260726_r01,bm25,per_question,5ac2a399554299218029dada,3,Atari XEGS,4.1043135393445294
bm25_per_question_n500_d10_20260726_r01,bm25,per_question,5ac2a399554299218029dada,4,HP 64000,3.5436376839129977
bm25_per_question_n500_d10_20260726_r01,bm25,per_question,5ac2a399554299218029dada,5,Star Ship,3.3119586078108352
bm25_per_question_n500_d10_20260726_r01,bm25,per_question,5ac2a399554299218029dada,6,New York City Employment and Training Coalition,3.1935314668949246
bm25_per_question_n500_d10_20260726_r01,bm25,per_question,5ac2a399554299218029dada,7,Surround (video game),2.8827733449771946
bm25_per_question_n500_d10_20260726_r01,bm25,per_question,5ac2a399554299218029dada,8,Manned Orbital Development System,2.7676554722319215
bm25_per_question_n500_d10_20260726_r01,bm25,per_question,5ac2a399554299218029dada,9,Vancouver Whitecaps FC U-23,2.650644717257931
bm25_per_question_n500_d10_20260726_r01,bm25,per_question,5ac2a399554299218029dada,10,Portland Timbers U23s,1.8588224820344816
bm25_per_question_n500_d10_20260726_r01,bm25,per_question,5ac2acff55429921a00ab02b,1,Evicted!,7.0522997913784105
bm25_per_question_n500_d10_20260726_r01,bm25,per_question,5ac2acff55429921a00ab02b,2,The Hard Easy (film),6.8609726240432689
bm25_per_question_n500_d10_20260726_r01,bm25,per_question,5ac2acff55429921a00ab02b,3,The Hard Easy (Adventure Time),6.8246129563822509
bm25_per_question_n500_d10_20260726_r01,bm25,per_question,5ac2acff55429921a00ab02b,4,Roy's Wedding,6.079994075821423
bm25_per_question_n500_d10_20260726_r01,bm25,per_question,5ac2acff55429921a00ab02b,5,Moving On (The Office),5.763298123451424
bm25_per_question_n500_d10_20260726_r01,bm25,per_question,5ac2acff55429921a00ab02b,6,Andy's Ancestry,5.7345497894579367
bm25_per_question_n500_d10_20260726_r01,bm25,per_question,5ac2acff55429921a00ab02b,7,Brother from Another Series,5.7249828094542448
bm25_per_question_n500_d10_20260726_r01,bm25,per_question,5ac2acff55429921a00ab02b,8,The Farm (The Office),5.4854346871559727
bm25_per_question_n500_d10_20260726_r01,bm25,per_question,5ac2acff55429921a00ab02b,9,Web Weirdos,5.2119243835082099
bm25_per_question_n500_d10_20260726_r01,bm25,per_question,5ac2acff55429921a00ab02b,10,Brian Doyle-Murray,4.1943828998468504
bm25_per_question_n500_d10_20260726_r01,bm25,per_question,5ac2bbd0554299218029db09,1,The Thing of It Is...,6.3011640900298387
bm25_per_question_n500_d10_20260726_r01,bm25,per_question,5ac2bbd0554299218029db09,2,Australian property law,6.1491811769222284
bm25_per_question_n500_d10_20260726_r01,bm25,per_question,5ac2bbd0554299218029db09,3,A Thing of Beauty,4.8872201656078342
bm25_per_question_n500_d10_20260726_r01,bm25,per_question,5ac2bbd0554299218029db09,4,The Most Incredible Thing,4.5272085291097728
bm25_per_question_n500_d10_20260726_r01,bm25,per_question,5ac2bbd0554299218029db09,5,Who Goes There? (collection),4.4082262007718311
bm25_per_question_n500_d10_20260726_r01,bm25,per_question,5ac2bbd0554299218029db09,6,Joshua D. Zimmerman,4.2769404294412565
bm25_per_question_n500_d10_20260726_r01,bm25,per_question,5ac2bbd0554299218029db09,7,Man Booker International Prize,4.140498315319002
bm25_per_question_n500_d10_20260726_r01,bm25,per_question,5ac2bbd0554299218029db09,8,Creacionismo,3.9596834660178386
bm25_per_question_n500_d10_20260726_r01,bm25,per_question,5ac2bbd0554299218029db09,9,Viola Concerto (Walton),3.9232898916480385
bm25_per_question_n500_d10_20260726_r01,bm25,per_question,5ac2bbd0554299218029db09,10,William Goldman,3.0288363107953131
bm25_per_question_n500_d10_20260726_r01,bm25,per_question,5ac2d1d755429921a00ab053,1,Marta Domachowska,2.836114421588948
bm25_per_question_n500_d10_20260726_r01,bm25,per_question,5ac2d1d755429921a00ab053,2,Flavia Pennetta,1.7148857503813089
bm25_per_question_n500_d10_20260726_r01,bm25,per_question,5ac2d1d755429921a00ab053,3,Roberta Vinci,1.5195521506601772
bm25_per_question_n500_d10_20260726_r01,bm25,per_question,5ac2d1d755429921a00ab053,4,2011 Barcelona Ladies Open – Doubles,1.5153838943036331
bm25_per_question_n500_d10_20260726_r01,bm25,per_question,5ac2d1d755429921a00ab053,5,Jorge Lozano,1.4557381330239674
bm25_per_question_n500_d10_20260726_r01,bm25,per_question,5ac2d1d755429921a00ab053,6,2015 Wimbledon Championships – Women's Doubles,1.258307330390523
bm25_per_question_n500_d10_20260726_r01,bm25,per_question,5ac2d1d755429921a00ab053,7,2015 Rogers Cup – Women's Doubles,1.2352272260468533
bm25_per_question_n500_d10_20260726_r01,bm25,per_question,5ac2d1d755429921a00ab053,8,1994 Athens International – Doubles,1.1992272692609927
bm25_per_question_n500_d10_20260726_r01,bm25,per_question,5ac2d1d755429921a00ab053,9,1988 Volvo International – Doubles,1.1992272692609927
bm25_per_question_n500_d10_20260726_r01,bm25,per_question,5ac2d1d755429921a00ab053,10,Morbo (band),0.99900885051247401
bm25_per_question_n500_d10_20260726_r01,bm25,per_question,5ac2ffbd554299677310267b,1,Jo Marie Payton,5.852008912584167
bm25_per_question_n500_d10_20260726_r01,bm25,per_question,5ac2ffbd554299677310267b,2,Hilarie Burton,5.1996223805174626
bm25_per_question_n500_d10_20260726_r01,bm25,per_question,5ac2ffbd554299677310267b,3,Jenna Dewan,5.1365412446731744
bm25_per_question_n500_d10_20260726_r01,bm25,per_question,5ac2ffbd554299677310267b,4,Mitch Pileggi,5.0400000674961554
bm25_per_question_n500_d10_20260726_r01,bm25,per_question,5ac2ffbd554299677310267b,5,John Amos,4.9519482196194691
bm25_per_question_n500_d10_20260726_r01,bm25,per_question,5ac2ffbd554299677310267b,6,Helen Modern,4.7034871717178017
bm25_per_question_n500_d10_20260726_r01,bm25,per_question,5ac2ffbd554299677310267b,7,Jeff Hephner,4.3683927723339577
bm25_per_question_n500_d10_20260726_r01,bm25,per_question,5ac2ffbd554299677310267b,8,John Pappas,4.3535993642653796
bm25_per_question_n500_d10_20260726_r01,bm25,per_question,5ac2ffbd554299677310267b,9,SuperMansion,3.8739198380822057
bm25_per_question_n500_d10_20260726_r01,bm25,per_question,5ac2ffbd554299677310267b,10,Jillian Bell,2.5364307274580331
bm25_per_question_n500_d10_20260726_r01,bm25,per_question,5ac3165c5542995ef918c10a,1,Independent Spirit Award for Best First Feature,4.6710412290837287
bm25_per_question_n500_d10_20260726_r01,bm25,per_question,5ac3165c5542995ef918c10a,2,28th Independent Spirit Awards,3.8753202141270959
bm25_per_question_n500_d10_20260726_r01,bm25,per_question,5ac3165c5542995ef918c10a,3,Independent Spirit Award for Best Cinematography,3.109076847980166
bm25_per_question_n500_d10_20260726_r01,bm25,per_question,5ac3165c5542995ef918c10a,4,Independent Spirit Award for Best Editing,3.109076847980166
bm25_per_question_n500_d10_20260726_r01,bm25,per_question,5ac3165c5542995ef918c10a,5,32nd Independent Spirit Awards,3.0830011696950868
bm25_per_question_n500_d10_20260726_r01,bm25,per_question,5ac3165c5542995ef918c10a,6,John Waters,3.0429323382631628
bm25_per_question_n500_d10_20260726_r01,bm25,per_question,5ac3165c5542995ef918c10a,7,18th Independent Spirit Awards,2.8655659577274077
bm25_per_question_n500_d10_20260726_r01,bm25,per_question,5ac3165c5542995ef918c10a,8,Independent Spirit Awards,2.4759830715918003
bm25_per_question_n500_d10_20260726_r01,bm25,per_question,5ac3165c5542995ef918c10a,9,Silent Light,1.8630025470830947
bm25_per_question_n500_d10_20260726_r01,bm25,per_question,5ac3165c5542995ef918c10a,10,Mihai Mălaimare Jr.,1.8186020172033472
bm25_per_question_n500_d10_20260726_r01,bm25,per_question,5ac32b565542995ef918c154,1,1964 Georgia Tech Yellow Jackets football team,8.1976870281862517
bm25_per_question_n500_d10_20260726_r01,bm25,per_question,5ac32b565542995ef918c154,2,1959 Georgia Tech Yellow Jackets football team,7.3194768735728317
bm25_per_question_n500_d10_20260726_r01,bm25,per_question,5ac32b565542995ef918c154,3,1988 Georgia Tech Yellow Jackets football team,7.304244735689096
bm25_per_question_n500_d10_20260726_r01,bm25,per_question,5ac32b565542995ef918c154,4,1953 Georgia Tech Yellow Jackets football team,6.59683817241506
bm25_per_question_n500_d10_20260726_r01,bm25,per_question,5ac32b565542995ef918c154,5,Bobby Dodd Stadium,6.349551934312518
bm25_per_question_n500_d10_20260726_r01,bm25,per_question,5ac32b565542995ef918c154,6,Georgia Tech Yellow Jackets football,5.8509649891872657
bm25_per_question_n500_d10_20260726_r01,bm25,per_question,5ac32b565542995ef918c154,7,1987 Georgia Tech Yellow Jackets football team,5.4422747976912662
bm25_per_question_n500_d10_20260726_r01,bm25,per_question,5ac32b565542995ef918c154,8,1980 Georgia Tech Yellow Jackets football team,5.1617298936542602
bm25_per_question_n500_d10_20260726_r01,bm25,per_question,5ac32b565542995ef918c154,9,Georgia Tech Yellow Jackets men's basketball,4.6795624337203492
bm25_per_question_n500_d10_20260726_r01,bm25,per_question,5ac32b565542995ef918c154,10,1990 Georgia Tech Yellow Jackets football team,3.5550803366320727
bm25_per_question_n500_d10_20260726_r01,bm25,per_question,5ac3ae475542995ef918c1e5,1,The Progressive Populist,5.9600800501333993
bm25_per_question_n500_d10_20260726_r01,bm25,per_question,5ac3ae475542995ef918c1e5,2,Skeptical Inquirer,3.977273345407025
bm25_per_question_n500_d10_20260726_r01,bm25,per_question,5ac3ae475542995ef918c1e5,3,Barry Beyerstein,3.1532855528262669
bm25_per_question_n500_d10_20260726_r01,bm25,per_question,5ac3ae475542995ef918c1e5,4,Wonder en is gheen Wonder,2.0409630088861115
bm25_per_question_n500_d10_20260726_r01,bm25,per_question,5ac3ae475542995ef918c1e5,5,James Alcock,1.9859832834834603
bm25_per_question_n500_d10_20260726_r01,bm25,per_question,5ac3ae475542995ef918c1e5,6,Susan Gerbic,1.9679337836729252
bm25_per_question_n500_d10_20260726_r01,bm25,per_question,5ac3ae475542995ef918c1e5,7,CSICon,1.9673558020924355
bm25_per_question_n500_d10_20260726_r01,bm25,per_question,5ac3ae475542995ef918c1e5,8,Kendrick Frazier,1.8598676259040963
bm25_per_question_n500_d10_20260726_r01,bm25,per_question,5ac3ae475542995ef918c1e5,9,William R. Harwood,1.6476154265716143
bm25_per_question_n500_d10_20260726_r01,bm25,per_question,5ac3ae475542995ef918c1e5,10,Exeter incident,1.2524482246759487
bm25_per_question_n500_d10_20260726_r01,bm25,per_question,5ac3d9c9554299204fd21ea3,1,Erica Packer,6.7998420518345757
bm25_per_question_n500_d10_20260726_r01,bm25,per_question,5ac3d9c9554299204fd21ea3,2,Trevor Kennedy,3.1858923443507776
bm25_per_question_n500_d10_20260726_r01,bm25,per_question,5ac3d9c9554299204fd21ea3,3,Ben Roberts-Smith,2.8784950159998663
bm25_per_question_n500_d10_20260726_r01,bm25,per_question,5ac3d9c9554299204fd21ea3,4,Leg of mutton nude,2.5929715018641257
bm25_per_question_n500_d10_20260726_r01,bm25,per_question,5ac3d9c9554299204fd21ea3,5,Brian Cook (football administrator),2.3385583464500082
bm25_per_question_n500_d10_20260726_r01,bm25,per_question,5ac3d9c9554299204fd21ea3,6,Crazy John's,2.2418771844287977
bm25_per_question_n500_d10_20260726_r01,bm25,per_question,5ac3d9c9554299204fd21ea3,7,Dipangkorn Rasmijoti,2.2295572552586869
bm25_per_question_n500_d10_20260726_r01,bm25,per_question,5ac3d9c9554299204fd21ea3,8,Alan Cransberg,2.1949208066355057
bm25_per_question_n500_d10_20260726_r01,bm25,per_question,5ac3d9c9554299204fd21ea3,9,James Packer,1.9291158002552331
bm25_per_question_n500_d10_20260726_r01,bm25,per_question,5ac3d9c9554299204fd21ea3,10,Polygamy in Morocco,1.061884235871374
bm25_per_question_n500_d10_20260726_r01,bm25,per_question,5ac3e0f7554299194317388b,1,List of accolades received by American Beauty,3.3405453943886432
bm25_per_question_n500_d10_20260726_r01,bm25,per_question,5ac3e0f7554299194317388b,2,American Beauty/American Psycho Tour,2.3844687321752374
bm25_per_question_n500_d10_20260726_r01,bm25,per_question,5ac3e0f7554299194317388b,3,The Kids Aren't Alright (Fall Out Boy song),2.1937239938427293
bm25_per_question_n500_d10_20260726_r01,bm25,per_question,5ac3e0f7554299194317388b,4,"Coty, Inc.",2.138642380491325
bm25_per_question_n500_d10_20260726_r01,bm25,per_question,5ac3e0f7554299194317388b,5,American Beauty (1927 film),2.0906331898601356
bm25_per_question_n500_d10_20260726_r01,bm25,per_question,5ac3e0f7554299194317388b,6,American Beauty (1999 film),2.0513482085541388
bm25_per_question_n500_d10_20260726_r01,bm25,per_question,5ac3e0f7554299194317388b,7,Christopher Greenbury,1.9983253735644202
bm25_per_question_n500_d10_20260726_r01,bm25,per_question,5ac3e0f7554299194317388b,8,La Belle Américaine,1.8207201414786964
bm25_per_question_n500_d10_20260726_r01,bm25,per_question,5ac3e0f7554299194317388b,9,American Beauty (soundtrack),1.8142266091565933
bm25_per_question_n500_d10_20260726_r01,bm25,per_question,5ac3e0f7554299194317388b,10,Miss American Beauty 1963,1.4006374477546617
bm25_per_question_n500_d10_20260726_r01,bm25,per_question,5ac4392e5542997ea680ca32,1,Lionel Ngakane,4.775250200488232
bm25_per_question_n500_d10_20260726_r01,bm25,per_question,5ac4392e5542997ea680ca32,2,Carreras Cigarette Factory,3.8206847779491904
bm25_per_question_n500_d10_20260726_r01,bm25,per_question,5ac4392e5542997ea680ca32,3,Lionel S. Reiss,3.7975298936593598
bm25_per_question_n500_d10_20260726_r01,bm25,per_question,5ac4392e5542997ea680ca32,4,Enrique Carreras,3.7856735286698342
bm25_per_question_n500_d10_20260726_r01,bm25,per_question,5ac4392e5542997ea680ca32,5,Enrique Banchs,3.5774863393311565
bm25_per_question_n500_d10_20260726_r01,bm25,per_question,5ac4392e5542997ea680ca32,6,Enrique Echeverría,3.1882990752264884
bm25_per_question_n500_d10_20260726_r01,bm25,per_question,5ac4392e5542997ea680ca32,7,John Darby (Dean of Chester),3.170904492760485
bm25_per_question_n500_d10_20260726_r01,bm25,per_question,5ac4392e5542997ea680ca32,8,Enrique Grau,2.5061326171243934
bm25_per_question_n500_d10_20260726_r01,bm25,per_question,5ac4392e5542997ea680ca32,9,Conchita Badía,2.1643353135643579
bm25_per_question_n500_d10_20260726_r01,bm25,per_question,5ac4392e5542997ea680ca32,10,Manuel Quiroga (violinist),2.1483979865024629
bm25_per_question_n500_d10_20260726_r01,bm25,per_question,5ac45b58554299076e296dad,1,Urad Rear Banner,4.2635501516470162
bm25_per_question_n500_d10_20260726_r01,bm25,per_question,5ac45b58554299076e296dad,2,"Shuangmiao, Inner Mongolia",2.7794845403211346
bm25_per_question_n500_d10_20260726_r01,bm25,per_question,5ac45b58554299076e296dad,3,Shanghai,2.7250632108889392
bm25_per_question_n500_d10_20260726_r01,bm25,per_question,5ac45b58554299076e296dad,4,Chahar Right Rear Banner,2.6616851736890355
bm25_per_question_n500_d10_20260726_r01,bm25,per_question,5ac45b58554299076e296dad,5,"Riverview, New Brunswick",2.2917306865556415
bm25_per_question_n500_d10_20260726_r01,bm25,per_question,5ac45b58554299076e296dad,6,Statistical inference,2.0446348417433797
bm25_per_question_n500_d10_20260726_r01,bm25,per_question,5ac45b58554299076e296dad,7,Altanochir (1882–1949),2.0288140650658337
bm25_per_question_n500_d10_20260726_r01,bm25,per_question,5ac45b58554299076e296dad,8,Shia Muslims in the Arab world,2.0230762991165037
bm25_per_question_n500_d10_20260726_r01,bm25,per_question,5ac45b58554299076e296dad,9,Hanggin Rear Banner,1.7765312713759429
bm25_per_question_n500_d10_20260726_r01,bm25,per_question,5ac45b58554299076e296dad,10,Horqin Left Rear Banner,1.2668755538379697
bm25_per_question_n500_d10_20260726_r01,bm25,per_question,5ac497025542997ea680ca8d,1,Peter McKay (cricketer),7.6013246514384258
bm25_per_question_n500_d10_20260726_r01,bm25,per_question,5ac497025542997ea680ca8d,2,Brandon Dickerson,6.4541898789996832
bm25_per_question_n500_d10_20260726_r01,bm25,per_question,5ac497025542997ea680ca8d,3,ATL (film),6.3873838258482634
bm25_per_question_n500_d10_20260726_r01,bm25,per_question,5ac497025542997ea680ca8d,4,Spare Me (film),4.764933927279988
bm25_per_question_n500_d10_20260726_r01,bm25,per_question,5ac497025542997ea680ca8d,5,Paresh Mokashi,4.662711808540374
bm25_per_question_n500_d10_20260726_r01,bm25,per_question,5ac497025542997ea680ca8d,6,The Lego Batman Movie,4.3315127874484967
bm25_per_question_n500_d10_20260726_r01,bm25,per_question,5ac497025542997ea680ca8d,7,Chimères (film),4.173192978433268
bm25_per_question_n500_d10_20260726_r01,bm25,per_question,5ac497025542997ea680ca8d,8,Chris McKay,4.0699689297037178
bm25_per_question_n500_d10_20260726_r01,bm25,per_question,5ac497025542997ea680ca8d,9,You Can't Kill Stephen King,3.924318585552478
bm25_per_question_n500_d10_20260726_r01,bm25,per_question,5ac497025542997ea680ca8d,10,Afflicted (film),3.7019110456184734
bm25_per_question_n500_d10_20260726_r01,bm25,per_question,5ac5199a5542994611c8b38a,1,Weak heap,3.5100954090281653
bm25_per_question_n500_d10_20260726_r01,bm25,per_question,5ac5199a5542994611c8b38a,2,Pachypodium,3.2868110810710571
bm25_per_question_n500_d10_20260726_r01,bm25,per_question,5ac5199a5542994611c8b38a,3,Stenocereus,2.8526941749085148
bm25_per_question_n500_d10_20260726_r01,bm25,per_question,5ac5199a5542994611c8b38a,4,Parkia timoriana,2.7310542845032901
bm25_per_question_n500_d10_20260726_r01,bm25,per_question,5ac5199a5542994611c8b38a,5,Coprosma repens,2.4177787179722952
bm25_per_question_n500_d10_20260726_r01,bm25,per_question,5ac5199a5542994611c8b38a,6,Davey Tree Expert Company,2.3488530575381672
bm25_per_question_n500_d10_20260726_r01,bm25,per_question,5ac5199a5542994611c8b38a,7,Our Casuarina Tree,2.2502739834889067
bm25_per_question_n500_d10_20260726_r01,bm25,per_question,5ac5199a5542994611c8b38a,8,Durvillaea willana,1.6967105483787952
bm25_per_question_n500_d10_20260726_r01,bm25,per_question,5ac5199a5542994611c8b38a,9,Nitrogen assimilation,1.226213947889927
bm25_per_question_n500_d10_20260726_r01,bm25,per_question,5ac5199a5542994611c8b38a,10,Pachypodium lealii,0.75904427363072979
bm25_per_question_n500_d10_20260726_r01,bm25,per_question,5ac52fc35542994611c8b403,1,Official Ireland,6.4451886692654448
bm25_per_question_n500_d10_20260726_r01,bm25,per_question,5ac52fc35542994611c8b403,2,Lord Howe Island,6.3811838006602128
bm25_per_question_n500_d10_20260726_r01,bm25,per_question,5ac52fc35542994611c8b403,3,Mangsee Islands,5.0289871597035454
bm25_per_question_n500_d10_20260726_r01,bm25,per_question,5ac52fc35542994611c8b403,4,Catholic Church in Ireland,4.1676442913611345
bm25_per_question_n500_d10_20260726_r01,bm25,per_question,5ac52fc35542994611c8b403,5,Arbuthnott-Garvock Group,3.6842534980859218
bm25_per_question_n500_d10_20260726_r01,bm25,per_question,5ac52fc35542994611c8b403,6,Young People's Socialist League,3.5160464645775154
bm25_per_question_n500_d10_20260726_r01,bm25,per_question,5ac52fc35542994611c8b403,7,2013 Rugby League World Cup Group A,3.2916387337126367
bm25_per_question_n500_d10_20260726_r01,bm25,per_question,5ac52fc35542994611c8b403,8,2017 Rugby League World Cup Group C,3.2116617838291552
bm25_per_question_n500_d10_20260726_r01,bm25,per_question,5ac52fc35542994611c8b403,9,Booty Luv,2.9200128485685375
bm25_per_question_n500_d10_20260726_r01,bm25,per_question,5ac52fc35542994611c8b403,10,Solway Group,2.6037956567929079
bm25_per_question_n500_d10_20260726_r01,bm25,per_question,5ac537975542996feb3fea3c,1,Walt Zeboski,8.1440535227863577
bm25_per_question_n500_d10_20260726_r01,bm25,per_question,5ac537975542996feb3fea3c,2,2/40th Battalion (Australia),3.3962994119582164
bm25_per_question_n500_d10_20260726_r01,bm25,per_question,5ac537975542996feb3fea3c,3,40th Battalion (Australia),2.535649186819402
bm25_per_question_n500_d10_20260726_r01,bm25,per_question,5ac537975542996feb3fea3c,4,"John F. Kennedy presidential campaign, 1960",2.3451047363007631
bm25_per_question_n500_d10_20260726_r01,bm25,per_question,5ac537975542996feb3fea3c,5,José Mujica,2.2538989648443799
bm25_per_question_n500_d10_20260726_r01,bm25,per_question,5ac537975542996feb3fea3c,6,Speeches and debates of Ronald Reagan,1.8589472024156677
bm25_per_question_n500_d10_20260726_r01,bm25,per_question,5ac537975542996feb3fea3c,7,Bernhard Vogel (politician),1.7416825422006534
bm25_per_question_n500_d10_20260726_r01,bm25,per_question,5ac537975542996feb3fea3c,8,"Wyman Park, Baltimore",1.0900516801109559
bm25_per_question_n500_d10_20260726_r01,bm25,per_question,5ac537975542996feb3fea3c,9,Gerald Ford,1.0707566761885274
bm25_per_question_n500_d10_20260726_r01,bm25,per_question,5ac537975542996feb3fea3c,10,Ronald Reagan,1.0371801260007534
bm25_per_question_n500_d10_20260726_r01,bm25,per_question,5ac547525542993e66e822a3,1,"Center for Pan Asian Community Services, Inc.",12.497035643502727
bm25_per_question_n500_d10_20260726_r01,bm25,per_question,5ac547525542993e66e822a3,2,Supporting Healthy Marriage Project,12.309534980261427
bm25_per_question_n500_d10_20260726_r01,bm25,per_question,5ac547525542993e66e822a3,3,Food and Drug Administration,12.124206516542031
bm25_per_question_n500_d10_20260726_r01,bm25,per_question,5ac547525542993e66e822a3,4,Western University of Health Sciences,11.360685197012877
bm25_per_question_n500_d10_20260726_r01,bm25,per_question,5ac547525542993e66e822a3,5,Oyewale Tomori,10.724985835420096
bm25_per_question_n500_d10_20260726_r01,bm25,per_question,5ac547525542993e66e822a3,6,United States Public Health Service,9.8865387141601975
bm25_per_question_n500_d10_20260726_r01,bm25,per_question,5ac547525542993e66e822a3,7,Ontario Veterinary College,9.7418112838776363
bm25_per_question_n500_d10_20260726_r01,bm25,per_question,5ac547525542993e66e822a3,8,New Bolton Center,9.6427480331513884
bm25_per_question_n500_d10_20260726_r01,bm25,per_question,5ac547525542993e66e822a3,9,Brenda McCowan,9.6240938386431836
bm25_per_question_n500_d10_20260726_r01,bm25,per_question,5ac547525542993e66e822a3,10,Melarsomine,9.0346201377286768
bm25_per_question_n500_d10_20260726_r01,bm25,per_question,5adbda2755429944faac2385,1,The Ganymede Takeover,9.2381674741400168
bm25_per_question_n500_d10_20260726_r01,bm25,per_question,5adbda2755429944faac2385,2,"Aye, and Gomorrah, and other stories",6.1878969833750945
bm25_per_question_n500_d10_20260726_r01,bm25,per_question,5adbda2755429944faac2385,3,Nobuteru Yūki,5.8907669927678228
bm25_per_question_n500_d10_20260726_r01,bm25,per_question,5adbda2755429944faac2385,4,The Man in the High Castle,5.5251808097639694
bm25_per_question_n500_d10_20260726_r01,bm25,per_question,5adbda2755429944faac2385,5,The Man in the High Castle (TV series),5.0365866654336378
bm25_per_question_n500_d10_20260726_r01,bm25,per_question,5adbda2755429944faac2385,6,Hartbeat!,4.9532118823697102
bm25_per_question_n500_d10_20260726_r01,bm25,per_question,5adbda2755429944faac2385,7,Kanakkan,4.7472317891022371
bm25_per_question_n500_d10_20260726_r01,bm25,per_question,5adbda2755429944faac2385,8,Tzi Ma,4.5629059848353526
bm25_per_question_n500_d10_20260726_r01,bm25,per_question,5adbda2755429944faac2385,9,Eric Overmyer,4.2749107364769721
bm25_per_question_n500_d10_20260726_r01,bm25,per_question,5adbda2755429944faac2385,10,Vulcan's Hammer,3.5604431331688824
bm25_per_question_n500_d10_20260726_r01,bm25,per_question,5adbe1a7554299438c868cc3,1,Lowe's,10.564652202091835
bm25_per_question_n500_d10_20260726_r01,bm25,per_question,5adbe1a7554299438c868cc3,2,House Rules (2003 TV series),8.6466207742242389
bm25_per_question_n500_d10_20260726_r01,bm25,per_question,5adbe1a7554299438c868cc3,3,Lithia Motors,8.360065203257296
bm25_per_question_n500_d10_20260726_r01,bm25,per_question,5adbe1a7554299438c868cc3,4,EpiCentre K,6.8549377478502951
bm25_per_question_n500_d10_20260726_r01,bm25,per_question,5adbe1a7554299438c868cc3,5,S.A.C.I. Falabella,6.5924558701447387
bm25_per_question_n500_d10_20260726_r01,bm25,per_question,5adbe1a7554299438c868cc3,6,Pergament Home Centers,6.4250961968324987
bm25_per_question_n500_d10_20260726_r01,bm25,per_question,5adbe1a7554299438c868cc3,7,Charlotte metropolitan area,5.7009722521264994
bm25_per_question_n500_d10_20260726_r01,bm25,per_question,5adbe1a7554299438c868cc3,8,Yardbirds Home Center,5.3261271167516053
bm25_per_question_n500_d10_20260726_r01,bm25,per_question,5adbe1a7554299438c868cc3,9,Brico Dépôt,4.8358201286875255
bm25_per_question_n500_d10_20260726_r01,bm25,per_question,5adbe1a7554299438c868cc3,10,BauMax,4.4067637200043848
bm25_per_question_n500_d10_20260726_r01,bm25,per_question,5adbf0a255429947ff17385a,1,Esma Sultan Mansion,6.3175667997163094
bm25_per_question_n500_d10_20260726_r01,bm25,per_question,5adbf0a255429947ff17385a,2,Laleli Mosque,6.0404419364385991
bm25_per_question_n500_d10_20260726_r01,bm25,per_question,5adbf0a255429947ff17385a,3,Sultan Ahmed Mosque,4.7149377795072658
bm25_per_question_n500_d10_20260726_r01,bm25,per_question,5adbf0a255429947ff17385a,4,Djamaâ el Kebir,4.5800710569755614
bm25_per_question_n500_d10_20260726_r01,bm25,per_question,5adbf0a255429947ff17385a,5,Gevheri Kadın,3.198289140610882
bm25_per_question_n500_d10_20260726_r01,bm25,per_question,5adbf0a255429947ff17385a,6,Esma Sultan (daughter of Abdülaziz),3.1691355789132132
bm25_per_question_n500_d10_20260726_r01,bm25,per_question,5adbf0a255429947ff17385a,7,Esma Sultan (daughter of Ahmed III),2.8958817219816693
bm25_per_question_n500_d10_20260726_r01,bm25,per_question,5adbf0a255429947ff17385a,8,Esma Sultan (daughter of Abdul Hamid I),2.8821987966177538
bm25_per_question_n500_d10_20260726_r01,bm25,per_question,5adbf0a255429947ff17385a,9,Esma Sultan,2.5309525582080736
bm25_per_question_n500_d10_20260726_r01,bm25,per_question,5adbf0a255429947ff17385a,10,Küçük Hüseyin Pasha,1.9774951904743072
bm25_per_question_n500_d10_20260726_r01,bm25,per_question,5adbfbd555429947ff173893,1,2014 Young Hollywood Awards,4.2493970954931015
bm25_per_question_n500_d10_20260726_r01,bm25,per_question,5adbfbd555429947ff173893,2,2003 Kids' Choice Awards,3.7146512742467817
bm25_per_question_n500_d10_20260726_r01,bm25,per_question,5adbfbd555429947ff173893,3,Kelly Osbourne,2.2680122047134827
bm25_per_question_n500_d10_20260726_r01,bm25,per_question,5adbfbd555429947ff173893,4,Puerto Roc Records,2.2359288252883225
bm25_per_question_n500_d10_20260726_r01,bm25,per_question,5adbfbd555429947ff173893,5,Maureen Dragone,2.183359001101203
bm25_per_question_n500_d10_20260726_r01,bm25,per_question,5adbfbd555429947ff173893,6,12th Youth in Film Awards,1.9959910987035343
bm25_per_question_n500_d10_20260726_r01,bm25,per_question,5adbfbd555429947ff173893,7,2013 Young Hollywood Awards,1.8772799994575697
bm25_per_question_n500_d10_20260726_r01,bm25,per_question,5adbfbd555429947ff173893,8,Jeremy Schoenberg,1.6086184733542239
bm25_per_question_n500_d10_20260726_r01,bm25,per_question,5adbfbd555429947ff173893,9,Penske Media Corporation,1.4383384862580144
bm25_per_question_n500_d10_20260726_r01,bm25,per_question,5adbfbd555429947ff173893,10,Young Hollywood Awards,1.4373033749326414
bm25_per_question_n500_d10_20260726_r01,bm25,per_question,5adc094a55429947ff1738c0,1,Slash's Blues Ball,5.1454590422520203
bm25_per_question_n500_d10_20260726_r01,bm25,per_question,5adc094a55429947ff1738c0,2,Live at Carnegie Hall (Stevie Ray Vaughan album),5.1141227763810875
bm25_per_question_n500_d10_20260726_r01,bm25,per_question,5adc094a55429947ff1738c0,3,Mabel Greer's Toyshop,4.3440489061954759
bm25_per_question_n500_d10_20260726_r01,bm25,per_question,5adc094a55429947ff1738c0,4,The Muggs,3.8619507317836792
bm25_per_question_n500_d10_20260726_r01,bm25,per_question,5adc094a55429947ff1738c0,5,Frank Beard (musician),3.5299999330853371
bm25_per_question_n500_d10_20260726_r01,bm25,per_question,5adc094a55429947ff1738c0,6,Double Trouble (band),3.319108741304357
bm25_per_question_n500_d10_20260726_r01,bm25,per_question,5adc094a55429947ff1738c0,7,American Blues,3.1769748544297527
bm25_per_question_n500_d10_20260726_r01,bm25,per_question,5adc094a55429947ff1738c0,8,Five Horse Johnson,3.1463378134544318
bm25_per_question_n500_d10_20260726_r01,bm25,per_question,5adc094a55429947ff1738c0,9,Chris Robinson Brotherhood,2.7887090976799307
bm25_per_question_n500_d10_20260726_r01,bm25,per_question,5adc094a55429947ff1738c0,10,List of Canned Heat members,2.7871988045639471
bm25_per_question_n500_d10_20260726_r01,bm25,per_question,5adc0c2b55429947ff1738db,1,To Shoot an Elephant,4.2321818104993074
bm25_per_question_n500_d10_20260726_r01,bm25,per_question,5adc0c2b55429947ff1738db,2,Marcel Trillat,4.1561952206589758
bm25_per_question_n500_d10_20260726_r01,bm25,per_question,5adc0c2b55429947ff1738db,3,Agee (film),3.1537687916276371
bm25_per_question_n500_d10_20260726_r01,bm25,per_question,5adc0c2b55429947ff1738db,4,Carlos Rendón Zipagauta,2.7036901927450847
bm25_per_question_n500_d10_20260726_r01,bm25,per_question,5adc0c2b55429947ff1738db,5,Hannibal Brooks,2.2890248803133022
bm25_per_question_n500_d10_20260726_r01,bm25,per_question,5adc0c2b55429947ff1738db,6,Khan Kluay,1.876033151759755
bm25_per_question_n500_d10_20260726_r01,bm25,per_question,5adc0c2b55429947ff1738db,7,Surus,1.6604070503152055
bm25_per_question_n500_d10_20260726_r01,bm25,per_question,5adc0c2b55429947ff1738db,8,Elephant Pass railway station,1.6409977479362987
bm25_per_question_n500_d10_20260726_r01,bm25,per_question,5adc0c2b55429947ff1738db,9,North African elephant,1.6297342725347632
bm25_per_question_n500_d10_20260726_r01,bm25,per_question,5adc0c2b55429947ff1738db,10,James Howard Williams,1.3519527422710693
bm25_per_question_n500_d10_20260726_r01,bm25,per_question,5adc1ae5554299438c868d5c,1,Hate Them,6.3025791893922163
bm25_per_question_n500_d10_20260726_r01,bm25,per_question,5adc1ae5554299438c868d5c,2,I Hate Myself (for Loving You),5.2210151393682711
bm25_per_question_n500_d10_20260726_r01,bm25,per_question,5adc1ae5554299438c868d5c,3,Osc-Dis,4.4018252262536368
bm25_per_question_n500_d10_20260726_r01,bm25,per_question,5adc1ae5554299438c868d5c,4,Free (Bonfire album),4.35551600775797
bm25_per_question_n500_d10_20260726_r01,bm25,per_question,5adc1ae5554299438c868d5c,5,Darkthrone,4.3041515592772468
bm25_per_question_n500_d10_20260726_r01,bm25,per_question,5adc1ae5554299438c868d5c,6,Timbiriche VIII &amp; IX,4.1831104388344595
bm25_per_question_n500_d10_20260726_r01,bm25,per_question,5adc1ae5554299438c868d5c,7,Lonestar discography,4.0353977963420569
bm25_per_question_n500_d10_20260726_r01,bm25,per_question,5adc1ae5554299438c868d5c,8,Liquid Acrobat as Regards the Air,3.4799742638743423
bm25_per_question_n500_d10_20260726_r01,bm25,per_question,5adc1ae5554299438c868d5c,9,Still Restless,3.3727480546270865
bm25_per_question_n500_d10_20260726_r01,bm25,per_question,5adc1ae5554299438c868d5c,10,Reckless (Jeremy Camp album),2.8986413578011012
bm25_per_question_n500_d10_20260726_r01,bm25,per_question,5adc53f75542996e6852530a,1,Libocedrus,4.0283448335205954
bm25_per_question_n500_d10_20260726_r01,bm25,per_question,5adc53f75542996e6852530a,2,Ajuga,2.4853386917946598
bm25_per_question_n500_d10_20260726_r01,bm25,per_question,5adc53f75542996e6852530a,3,Cedrol,1.7557377289373839
bm25_per_question_n500_d10_20260726_r01,bm25,per_question,5adc53f75542996e6852530a,4,Fokienia,1.2064499266660067
bm25_per_question_n500_d10_20260726_r01,bm25,per_question,5adc53f75542996e6852530a,5,Pilgerodendron,0.97198621745436886
bm25_per_question_n500_d10_20260726_r01,bm25,per_question,5adc53f75542996e6852530a,6,Frenchman Formation,0.90367110874984236
bm25_per_question_n500_d10_20260726_r01,bm25,per_question,5adc53f75542996e6852530a,7,Cypress-pine,0.58211776906219614
bm25_per_question_n500_d10_20260726_r01,bm25,per_question,5adc53f75542996e6852530a,8,Cupressus,0.54860565868974553
bm25_per_question_n500_d10_20260726_r01,bm25,per_question,5adc53f75542996e6852530a,9,Ajugeae,0.52832865282441621
bm25_per_question_n500_d10_20260726_r01,bm25,per_question,5adc53f75542996e6852530a,10,Cypress,0.47037669821844735
bm25_per_question_n500_d10_20260726_r01,bm25,per_question,5adc65e85542996e68525350,1,Dazhou,2.0738604429102652
bm25_per_question_n500_d10_20260726_r01,bm25,per_question,5adc65e85542996e68525350,2,Dafeng District,1.3064611311334844
bm25_per_question_n500_d10_20260726_r01,bm25,per_question,5adc65e85542996e68525350,3,Sichuan–Shanghai gas pipeline,1.2804774171824511
bm25_per_question_n500_d10_20260726_r01,bm25,per_question,5adc65e85542996e68525350,4,Tinghu District,1.072705503689668
bm25_per_question_n500_d10_20260726_r01,bm25,per_question,5adc65e85542996e68525350,5,Yandu District,0.93659376705631781
bm25_per_question_n500_d10_20260726_r01,bm25,per_question,5adc8977554299438c868de2,1,Norse mythology,4.5971268493554236
bm25_per_question_n500_d10_20260726_r01,bm25,per_question,5adc8977554299438c868de2,2,Nanna (Norse deity),3.7292879914703105
bm25_per_question_n500_d10_20260726_r01,bm25,per_question,5adc8977554299438c868de2,3,Marzanna,3.6986932943377306
bm25_per_question_n500_d10_20260726_r01,bm25,per_question,5adc8977554299438c868de2,4,Eir,3.6543510410060431
bm25_per_question_n500_d10_20260726_r01,bm25,per_question,5adc8977554299438c868de2,5,Fensalir,3.6061093298872713
bm25_per_question_n500_d10_20260726_r01,bm25,per_question,5adc8977554299438c868de2,6,Gná and Hófvarpnir,3.5728509470395173
bm25_per_question_n500_d10_20260726_r01,bm25,per_question,5adc8977554299438c868de2,7,Frigg gas field,3.4763812150090634
bm25_per_question_n500_d10_20260726_r01,bm25,per_question,5adc8977554299438c868de2,8,Sága and Sökkvabekkr,3.252069506566857
bm25_per_question_n500_d10_20260726_r01,bm25,per_question,5adc8977554299438c868de2,9,Fulla,3.158669608101182
bm25_per_question_n500_d10_20260726_r01,bm25,per_question,5adc8977554299438c868de2,10,Hlín,2.8118241098104422
bm25_per_question_n500_d10_20260726_r01,bm25,per_question,5adccd795542990d50227d2c,1,Rabat,8.9667654411917095
bm25_per_question_n500_d10_20260726_r01,bm25,per_question,5adccd795542990d50227d2c,2,Moroccan Ambassador to China,6.6371590692398366
bm25_per_question_n500_d10_20260726_r01,bm25,per_question,5adccd795542990d50227d2c,3,2014 NPCSC Decision on Hong Kong,6.0204992899299778
bm25_per_question_n500_d10_20260726_r01,bm25,per_question,5adccd795542990d50227d2c,4,Liaison Office (Hong Kong),5.5808236976931598
bm25_per_question_n500_d10_20260726_r01,bm25,per_question,5adccd795542990d50227d2c,5,Visa policy of Hong Kong,5.2391373355074373
bm25_per_question_n500_d10_20260726_r01,bm25,per_question,5adccd795542990d50227d2c,6,Wolong Special Administrative Region,4.8771364655409863
bm25_per_question_n500_d10_20260726_r01,bm25,per_question,5adccd795542990d50227d2c,7,Sinuiju Special Administrative Region,4.7595991146372842
bm25_per_question_n500_d10_20260726_r01,bm25,per_question,5adccd795542990d50227d2c,8,Ilocos Region,4.7155092967470065
bm25_per_question_n500_d10_20260726_r01,bm25,per_question,5adccd795542990d50227d2c,9,Caraga,4.59248473919373
bm25_per_question_n500_d10_20260726_r01,bm25,per_question,5adccd795542990d50227d2c,10,Hong Kong Basic Law,4.5619598977420974
bm25_per_question_n500_d10_20260726_r01,bm25,per_question,5adccdd55542992c1e3a2408,1,Butch Van Artsdalen,6.4693431321476309
bm25_per_question_n500_d10_20260726_r01,bm25,per_question,5adccdd55542992c1e3a2408,2,"Waimea Bay, Hawaii",5.0063086829316834
bm25_per_question_n500_d10_20260726_r01,bm25,per_question,5adccdd55542992c1e3a2408,3,Waimea,3.5151116410193399
bm25_per_question_n500_d10_20260726_r01,bm25,per_question,5adccdd55542992c1e3a2408,4,Tow-in surfing,3.4396203065017654
bm25_per_question_n500_d10_20260726_r01,bm25,per_question,5adccdd55542992c1e3a2408,5,Brylan Van Artsdalen,3.3983213006907356
bm25_per_question_n500_d10_20260726_r01,bm25,per_question,5adccdd55542992c1e3a2408,6,Mister Pipeline,2.7231964053662581
bm25_per_question_n500_d10_20260726_r01,bm25,per_question,5adccdd55542992c1e3a2408,7,Skimboarding,2.5304328411981172
bm25_per_question_n500_d10_20260726_r01,bm25,per_question,5adccdd55542992c1e3a2408,8,Waimea Canyon State Park,2.3172422014381633
bm25_per_question_n500_d10_20260726_r01,bm25,per_question,5adccdd55542992c1e3a2408,9,Lake surfing,1.4048415422496221
bm25_per_question_n500_d10_20260726_r01,bm25,per_question,5adccdd55542992c1e3a2408,10,Donald West VanArtsdalen,0.51576669144235876
bm25_per_question_n500_d10_20260726_r01,bm25,per_question,5add11935542994734353827,1,Skin Yard (album),5.2293678665527601
bm25_per_question_n500_d10_20260726_r01,bm25,per_question,5add11935542994734353827,2,Skin Yard,5.1270334485864542
bm25_per_question_n500_d10_20260726_r01,bm25,per_question,5add11935542994734353827,3,Jack Endino,3.5709054653201227
bm25_per_question_n500_d10_20260726_r01,bm25,per_question,5add11935542994734353827,4,Daniel House,2.9811214705038829
bm25_per_question_n500_d10_20260726_r01,bm25,per_question,5add11935542994734353827,5,Matt Cameron,2.8873815864545569
bm25_per_question_n500_d10_20260726_r01,bm25,per_question,5add11935542994734353827,6,Chris Hanzsek,2.8241743895534768
bm25_per_question_n500_d10_20260726_r01,bm25,per_question,5add11935542994734353827,7,Mark Arm,2.6307309359323345
bm25_per_question_n500_d10_20260726_r01,bm25,per_question,5add11935542994734353827,8,Gruntruck,2.6169908077714288
bm25_per_question_n500_d10_20260726_r01,bm25,per_question,5add11935542994734353827,9,Ostava,2.5082662344750837
bm25_per_question_n500_d10_20260726_r01,bm25,per_question,5add11935542994734353827,10,Cat Butt,2.2587753628949661
bm25_per_question_n500_d10_20260726_r01,bm25,per_question,5add311b5542994ed6169cc5,1,Raymond Ochoa,9.4734306280296892
bm25_per_question_n500_d10_20260726_r01,bm25,per_question,5add311b5542994ed6169cc5,2,Richard Kind,7.3705381669884948
bm25_per_question_n500_d10_20260726_r01,bm25,per_question,5add311b5542994ed6169cc5,3,The Good Dinosaur,5.4727445991964512
bm25_per_question_n500_d10_20260726_r01,bm25,per_question,5add311b5542994ed6169cc5,4,Golden Globe Award for Best Animated Feature Film,4.1826986508198392
bm25_per_question_n500_d10_20260726_r01,bm25,per_question,5add311b5542994ed6169cc5,5,Sanjay's Super Team,4.0904365137382452
bm25_per_question_n500_d10_20260726_r01,bm25,per_question,5add311b5542994ed6169cc5,6,Dinosaur behavior,3.7490938905278481
bm25_per_question_n500_d10_20260726_r01,bm25,per_question,5add311b5542994ed6169cc5,7,Xtractaurs,3.7059898961179822
bm25_per_question_n500_d10_20260726_r01,bm25,per_question,5add311b5542994ed6169cc5,8,Enrico Casarosa,3.5073369423149625
bm25_per_question_n500_d10_20260726_r01,bm25,per_question,5add311b5542994ed6169cc5,9,Harley Jessup,2.1031934754535118
bm25_per_question_n500_d10_20260726_r01,bm25,per_question,5add311b5542994ed6169cc5,10,Adrian Molina,2.0330897035578293
bm25_per_question_n500_d10_20260726_r01,bm25,per_question,5add405f5542992c1e3a2581,1,Patterns of Sexual Behavior,4.1980798894140241
bm25_per_question_n500_d10_20260726_r01,bm25,per_question,5add405f5542992c1e3a2581,2,Masters and Johnson,2.9309234811593119
bm25_per_question_n500_d10_20260726_r01,bm25,per_question,5add405f5542992c1e3a2581,3,William Masters,2.7118608582945045
bm25_per_question_n500_d10_20260726_r01,bm25,per_question,5add405f5542992c1e3a2581,4,Virginia E. Johnson,2.5055189366656032
bm25_per_question_n500_d10_20260726_r01,bm25,per_question,5add405f5542992c1e3a2581,5,Dana Shires,2.1550729216654885
bm25_per_question_n500_d10_20260726_r01,bm25,per_question,5add405f5542992c1e3a2581,6,Berlin Diary,1.9384580631341128
bm25_per_question_n500_d10_20260726_r01,bm25,per_question,5add405f5542992c1e3a2581,7,Fukomys vandewoestijneae,1.8699658943141504
bm25_per_question_n500_d10_20260726_r01,bm25,per_question,5add405f5542992c1e3a2581,8,Josef Peukert,1.7862622878159296
bm25_per_question_n500_d10_20260726_r01,bm25,per_question,5add405f5542992c1e3a2581,9,Sheep (novel),1.7338723526169042
bm25_per_question_n500_d10_20260726_r01,bm25,per_question,5add405f5542992c1e3a2581,10,AlphaPets,1.4154676801949264
bm25_per_question_n500_d10_20260726_r01,bm25,per_question,5add564a5542990dbb2f7e38,1,Sports in the Las Vegas metropolitan area,7.273778555238402
bm25_per_question_n500_d10_20260726_r01,bm25,per_question,5add564a5542990dbb2f7e38,2,Las Vegas Festival Grounds,6.9356996174458967
bm25_per_question_n500_d10_20260726_r01,bm25,per_question,5add564a5542990dbb2f7e38,3,Downtown Las Vegas,4.7358734980091306
bm25_per_question_n500_d10_20260726_r01,bm25,per_question,5add564a5542990dbb2f7e38,4,Boots and Hearts Music Festival,4.6912617891411958
bm25_per_question_n500_d10_20260726_r01,bm25,per_question,5add564a5542990dbb2f7e38,5,Trump International Hotel Las Vegas,4.5186770860561536
bm25_per_question_n500_d10_20260726_r01,bm25,per_question,5add564a5542990dbb2f7e38,6,Air Vegas,4.4638995128340797
bm25_per_question_n500_d10_20260726_r01,bm25,per_question,5add564a5542990dbb2f7e38,7,Westgate Las Vegas Resort &amp; Casino,4.0192336695685302
bm25_per_question_n500_d10_20260726_r01,bm25,per_question,5add564a5542990dbb2f7e38,8,Circus Circus Las Vegas,4.0003953749140324
bm25_per_question_n500_d10_20260726_r01,bm25,per_question,5add564a5542990dbb2f7e38,9,Tropicana – Las Vegas Boulevard intersection,3.7956021644752065
bm25_per_question_n500_d10_20260726_r01,bm25,per_question,5add564a5542990dbb2f7e38,10,Rock in Rio USA,3.6714107891491192
bm25_per_question_n500_d10_20260726_r01,bm25,per_question,5add61d65542995b365fab21,1,David Waksberg,3.807961837191626
bm25_per_question_n500_d10_20260726_r01,bm25,per_question,5add61d65542995b365fab21,2,Mikhail Gorbachev,3.5912860891760801
bm25_per_question_n500_d10_20260726_r01,bm25,per_question,5add61d65542995b365fab21,3,World Summit of Nobel Peace Laureates,3.3536077216070552
bm25_per_question_n500_d10_20260726_r01,bm25,per_question,5add61d65542995b365fab21,4,MS Excelsior Neptune,2.6536399570405118
bm25_per_question_n500_d10_20260726_r01,bm25,per_question,5add61d65542995b365fab21,5,Andrei Kirilenko (politician),2.5856578459830981
bm25_per_question_n500_d10_20260726_r01,bm25,per_question,5add61d65542995b365fab21,6,Mikhail Suslov,2.524401731720983
bm25_per_question_n500_d10_20260726_r01,bm25,per_question,5add61d65542995b365fab21,7,Nikolai Podgorny,2.4564310294589249
bm25_per_question_n500_d10_20260726_r01,bm25,per_question,5add61d65542995b365fab21,8,Sergo Mikoyan,2.1100306389780807
bm25_per_question_n500_d10_20260726_r01,bm25,per_question,5add61d65542995b365fab21,9,Anastas Mikoyan,2.0698882877556781
bm25_per_question_n500_d10_20260726_r01,bm25,per_question,5add61d65542995b365fab21,10,Ephraim Sklyansky,1.9705178053679384
bm25_per_question_n500_d10_20260726_r01,bm25,per_question,5add673e5542992ae4cec54d,1,Joe Walker (American football),7.489302510344686
bm25_per_question_n500_d10_20260726_r01,bm25,per_question,5add673e5542992ae4cec54d,2,Oregon Ducks football,5.9254536538688276
bm25_per_question_n500_d10_20260726_r01,bm25,per_question,5add673e5542992ae4cec54d,3,Army–Navy Game,5.1629559280142168
bm25_per_question_n500_d10_20260726_r01,bm25,per_question,5add673e5542992ae4cec54d,4,1983 Oregon State vs. Oregon football game,5.1462448147440281
bm25_per_question_n500_d10_20260726_r01,bm25,per_question,5add673e5542992ae4cec54d,5,Textile Bowl,4.7025279021586819
bm25_per_question_n500_d10_20260726_r01,bm25,per_question,5add673e5542992ae4cec54d,6,Civil War (college football game),4.4582447702101309
bm25_per_question_n500_d10_20260726_r01,bm25,per_question,5add673e5542992ae4cec54d,7,Magnolia Bowl,3.7659860387510902
bm25_per_question_n500_d10_20260726_r01,bm25,per_question,5add673e5542992ae4cec54d,8,Battle for the Bell,3.6138266196844322
bm25_per_question_n500_d10_20260726_r01,bm25,per_question,5add673e5542992ae4cec54d,9,Battle of the Blue,2.7251236546130029
bm25_per_question_n500_d10_20260726_r01,bm25,per_question,5add673e5542992ae4cec54d,10,The Rivalry (Lehigh–Lafayette),2.6437746802550057
bm25_per_question_n500_d10_20260726_r01,bm25,per_question,5add67555542992ae4cec54e,1,Battle of Norfolk,6.682877164276217
bm25_per_question_n500_d10_20260726_r01,bm25,per_question,5add67555542992ae4cec54e,2,Battle of Belleau Wood,6.4120566374294397
bm25_per_question_n500_d10_20260726_r01,bm25,per_question,5add67555542992ae4cec54e,3,Elmo M. Haney,5.3271060846480758
bm25_per_question_n500_d10_20260726_r01,bm25,per_question,5add67555542992ae4cec54e,4,USS Belleau Wood,5.0108763127983149
bm25_per_question_n500_d10_20260726_r01,bm25,per_question,5add67555542992ae4cec54e,5,Aisne-Marne American Cemetery and Memorial,4.982953000053592
bm25_per_question_n500_d10_20260726_r01,bm25,per_question,5add67555542992ae4cec54e,6,American Expeditionary Forces,4.889692074330128
bm25_per_question_n500_d10_20260726_r01,bm25,per_question,5add67555542992ae4cec54e,7,Clifton B. Cates,4.7772238477119267
bm25_per_question_n500_d10_20260726_r01,bm25,per_question,5add67555542992ae4cec54e,8,Battle of Peleliu,4.3920525637434311
bm25_per_question_n500_d10_20260726_r01,bm25,per_question,5add67555542992ae4cec54e,9,USS Belleau Wood (LHA-3),3.6461128788746358
bm25_per_question_n500_d10_20260726_r01,bm25,per_question,5add67555542992ae4cec54e,10,USS Belleau Wood (CVL-24),0.77454337347315128
bm25_per_question_n500_d10_20260726_r01,bm25,per_question,5add67915542992200553af8,1,Barrow Gang,5.8702036355027296
bm25_per_question_n500_d10_20260726_r01,bm25,per_question,5add67915542992200553af8,2,Salvatore Testa,5.2282411879887096
bm25_per_question_n500_d10_20260726_r01,bm25,per_question,5add67915542992200553af8,3,The Sopranos,5.2070232951568594
bm25_per_question_n500_d10_20260726_r01,bm25,per_question,5add67915542992200553af8,4,Joseph LoPiccolo (organized crime),4.3925691411329346
bm25_per_question_n500_d10_20260726_r01,bm25,per_question,5add67915542992200553af8,5,Operation Power Outage,4.0266764863202003
bm25_per_question_n500_d10_20260726_r01,bm25,per_question,5add67915542992200553af8,6,Los Angeles crime family,4.0105561334439139
bm25_per_question_n500_d10_20260726_r01,bm25,per_question,5add67915542992200553af8,7,National Italian American Sports Hall of Fame,3.4933203420765064
bm25_per_question_n500_d10_20260726_r01,bm25,per_question,5add67915542992200553af8,8,Philadelphia crime family,3.3869253420961938
bm25_per_question_n500_d10_20260726_r01,bm25,per_question,5add67915542992200553af8,9,Mexican Mafia,3.2158774041153317
bm25_per_question_n500_d10_20260726_r01,bm25,per_question,5add67915542992200553af8,10,Italian American One Voice Coalition,2.8474817755008388
bm25_per_question_n500_d10_20260726_r01,bm25,per_question,5adda7585542997dc790700c,1,Bridge to Terabithia (1985 film),9.0002782329891673
bm25_per_question_n500_d10_20260726_r01,bm25,per_question,5adda7585542997dc790700c,2,Bridge to Terabithia (novel),5.7440113229635879
bm25_per_question_n500_d10_20260726_r01,bm25,per_question,5adda7585542997dc790700c,3,The Great Gilly Hopkins (film),3.9745286496880903
bm25_per_question_n500_d10_20260726_r01,bm25,per_question,5adda7585542997dc790700c,4,"Come Sing, Jimmy Jo",3.7129119780276083
bm25_per_question_n500_d10_20260726_r01,bm25,per_question,5adda7585542997dc790700c,5,The Master Puppeteer,3.6585167124804565
bm25_per_question_n500_d10_20260726_r01,bm25,per_question,5adda7585542997dc790700c,6,The Great Gilly Hopkins,3.3408007512434597
bm25_per_question_n500_d10_20260726_r01,bm25,per_question,5adda7585542997dc790700c,7,Bridge to Terabithia (2007 film),3.245541433884211
bm25_per_question_n500_d10_20260726_r01,bm25,per_question,5adda7585542997dc790700c,8,"Bread and Roses, Too",2.3651845786190058
bm25_per_question_n500_d10_20260726_r01,bm25,per_question,5adda7585542997dc790700c,9,Sligo Creek,2.3455459297658035
bm25_per_question_n500_d10_20260726_r01,bm25,per_question,5adda7585542997dc790700c,10,Rebels of the Heavenly Kingdom,1.9121353154687462
bm25_per_question_n500_d10_20260726_r01,bm25,per_question,5adddccd5542997dc7907069,1,Apple Remote,13.76391793943248
bm25_per_question_n500_d10_20260726_r01,bm25,per_question,5adddccd5542997dc7907069,2,Siri Remote,7.4056372653638807
bm25_per_question_n500_d10_20260726_r01,bm25,per_question,5adddccd5542997dc7907069,3,Universal remote,6.2668209745880956
bm25_per_question_n500_d10_20260726_r01,bm25,per_question,5adddccd5542997dc7907069,4,Remote control,5.7610262314090033
bm25_per_question_n500_d10_20260726_r01,bm25,per_question,5adddccd5542997dc7907069,5,Trainmaster Command Control,5.2323058884580789
bm25_per_question_n500_d10_20260726_r01,bm25,per_question,5adddccd5542997dc7907069,6,MacScan,4.49384330531774
bm25_per_question_n500_d10_20260726_r01,bm25,per_question,5adddccd5542997dc7907069,7,Apple Watch,4.4235853089071027
bm25_per_question_n500_d10_20260726_r01,bm25,per_question,5adddccd5542997dc7907069,8,NetSupport Manager,4.2272915276702054
bm25_per_question_n500_d10_20260726_r01,bm25,per_question,5adddccd5542997dc7907069,9,Front Row (software),4.129181934676307
bm25_per_question_n500_d10_20260726_r01,bm25,per_question,5adddccd5542997dc7907069,10,Apple Remote Desktop,3.3528687145843099
bm25_per_question_n500_d10_20260726_r01,bm25,per_question,5adddd075542992200553b71,1,Rixty Minutes,5.7496250349412321
bm25_per_question_n500_d10_20260726_r01,bm25,per_question,5adddd075542992200553b71,2,Lawnmower Dog,5.2914338584126845
bm25_per_question_n500_d10_20260726_r01,bm25,per_question,5adddd075542992200553b71,3,Gangland Undercover,5.1028758443659914
bm25_per_question_n500_d10_20260726_r01,bm25,per_question,5adddd075542992200553b71,4,Meeseeks and Destroy,4.7533632901975826
bm25_per_question_n500_d10_20260726_r01,bm25,per_question,5adddd075542992200553b71,5,Pilot (Rick and Morty),4.6754075152743448
bm25_per_question_n500_d10_20260726_r01,bm25,per_question,5adddd075542992200553b71,6,A Rickle in Time,4.5850073788863659
bm25_per_question_n500_d10_20260726_r01,bm25,per_question,5adddd075542992200553b71,7,The Ricks Must Be Crazy,4.3607899523403928
bm25_per_question_n500_d10_20260726_r01,bm25,per_question,5adddd075542992200553b71,8,Angry Birds Stella (TV series),4.1494605234684698
bm25_per_question_n500_d10_20260726_r01,bm25,per_question,5adddd075542992200553b71,9,Rick Potion No. 9,3.8284299376770718
bm25_per_question_n500_d10_20260726_r01,bm25,per_question,5adddd075542992200553b71,10,Rick and Morty (season 2),2.6695248031640295
bm25_per_question_n500_d10_20260726_r01,bm25,per_question,5ade0fb95542997545bbbe39,1,Cow Creek (Montana),5.2866645879669489
bm25_per_question_n500_d10_20260726_r01,bm25,per_question,5ade0fb95542997545bbbe39,2,Locks Creek,4.7005439957873332
bm25_per_question_n500_d10_20260726_r01,bm25,per_question,5ade0fb95542997545bbbe39,3,Jemez River,4.695993493433142
bm25_per_question_n500_d10_20260726_r01,bm25,per_question,5ade0fb95542997545bbbe39,4,Frenchmans Creek (New South Wales),4.60803395220975
bm25_per_question_n500_d10_20260726_r01,bm25,per_question,5ade0fb95542997545bbbe39,5,Lithia Springs Creek,4.2320347455276552
bm25_per_question_n500_d10_20260726_r01,bm25,per_question,5ade0fb95542997545bbbe39,6,Frenchmans Creek (California),4.1801248407170473
bm25_per_question_n500_d10_20260726_r01,bm25,per_question,5ade0fb95542997545bbbe39,7,Tomichi Creek,3.7344039834576712
bm25_per_question_n500_d10_20260726_r01,bm25,per_question,5ade0fb95542997545bbbe39,8,Red Rock River (Montana),3.6634960911300825
bm25_per_question_n500_d10_20260726_r01,bm25,per_question,5ade0fb95542997545bbbe39,9,East Branch South Fork Eel River,3.63252797087027
bm25_per_question_n500_d10_20260726_r01,bm25,per_question,5ade0fb95542997545bbbe39,10,Darling River,2.9892736573687078
bm25_per_question_n500_d10_20260726_r01,bm25,per_question,5ade15f35542997545bbbe47,1,Chrisann Brennan,4.959153301404351
bm25_per_question_n500_d10_20260726_r01,bm25,per_question,5ade15f35542997545bbbe47,2,Katherine Waterston,3.8358913038951856
bm25_per_question_n500_d10_20260726_r01,bm25,per_question,5ade15f35542997545bbbe47,3,The Bite in the Apple,2.3368991360907718
bm25_per_question_n500_d10_20260726_r01,bm25,per_question,5ade15f35542997545bbbe47,4,Logan Lucky,2.1496587491839403
bm25_per_question_n500_d10_20260726_r01,bm25,per_question,5ade15f35542997545bbbe47,5,Fantastic Beasts and Where to Find Them (film),1.763115964036079
bm25_per_question_n500_d10_20260726_r01,bm25,per_question,5ade15f35542997545bbbe47,6,Alien: Covenant,1.6880474483123762
bm25_per_question_n500_d10_20260726_r01,bm25,per_question,5ade15f35542997545bbbe47,7,Lisa Brennan-Jobs,1.5562434491634529
bm25_per_question_n500_d10_20260726_r01,bm25,per_question,5ade15f35542997545bbbe47,8,Inherent Vice (film),1.4383906020501682
bm25_per_question_n500_d10_20260726_r01,bm25,per_question,5ade15f35542997545bbbe47,9,The Current War,1.285558897833317
bm25_per_question_n500_d10_20260726_r01,bm25,per_question,5ade15f35542997545bbbe47,10,Manhattan Romance,1.2821456711387045
bm25_per_question_n500_d10_20260726_r01,bm25,per_question,5ade24e35542992fa25da6e6,1,Mamie Gummer,12.859343317945129
bm25_per_question_n500_d10_20260726_r01,bm25,per_question,5ade24e35542992fa25da6e6,2,Burt Gummer,6.7560627514532108
bm25_per_question_n500_d10_20260726_r01,bm25,per_question,5ade24e35542992fa25da6e6,3,The Voice Kids (Arabic TV series),6.0900517045713158
bm25_per_question_n500_d10_20260726_r01,bm25,per_question,5ade24e35542992fa25da6e6,4,Hank Zipzer's Christmas Catastrophe,5.6730632793080815
bm25_per_question_n500_d10_20260726_r01,bm25,per_question,5ade24e35542992fa25da6e6,5,Love It or List It Vancouver,5.3390186734928013
bm25_per_question_n500_d10_20260726_r01,bm25,per_question,5ade24e35542992fa25da6e6,6,Pakdam Pakdai,5.0524315683308156
bm25_per_question_n500_d10_20260726_r01,bm25,per_question,5ade24e35542992fa25da6e6,7,Kamen Rider Battle: Ganbaride,4.6912947919912282
bm25_per_question_n500_d10_20260726_r01,bm25,per_question,5ade24e35542992fa25da6e6,8,The Lightkeepers,4.1851488517807214
bm25_per_question_n500_d10_20260726_r01,bm25,per_question,5ade24e35542992fa25da6e6,9,The Good Wife,4.0558593183109251
bm25_per_question_n500_d10_20260726_r01,bm25,per_question,5ade24e35542992fa25da6e6,10,Cool Center,2.9048416502372727
bm25_per_question_n500_d10_20260726_r01,bm25,per_question,5ade42b55542992fa25da717,1,Walter Sorrells,8.6155937425269968
bm25_per_question_n500_d10_20260726_r01,bm25,per_question,5ade42b55542992fa25da717,2,Ender's Game (series),7.7836896226299483
bm25_per_question_n500_d10_20260726_r01,bm25,per_question,5ade42b55542992fa25da717,3,Eve Unsell,7.3002361657022306
bm25_per_question_n500_d10_20260726_r01,bm25,per_question,5ade42b55542992fa25da717,4,Persistence of Memory,7.2658656248078266
bm25_per_question_n500_d10_20260726_r01,bm25,per_question,5ade42b55542992fa25da717,5,Merlin Book 10: Shadows on the Stars,7.2063930920340562
bm25_per_question_n500_d10_20260726_r01,bm25,per_question,5ade42b55542992fa25da717,6,&quot;J&quot; Is for Judgment,7.0594655048528674
bm25_per_question_n500_d10_20260726_r01,bm25,per_question,5ade42b55542992fa25da717,7,Shadows in Flight,6.5770235529682344
bm25_per_question_n500_d10_20260726_r01,bm25,per_question,5ade42b55542992fa25da717,8,The Diamond Chariot,6.3258754507802379
bm25_per_question_n500_d10_20260726_r01,bm25,per_question,5ade42b55542992fa25da717,9,Castle Richmond,5.9561322557743992
bm25_per_question_n500_d10_20260726_r01,bm25,per_question,5ade42b55542992fa25da717,10,Generosity: An Enhancement,5.7457912931073043
bm25_per_question_n500_d10_20260726_r01,bm25,per_question,5ade51b45542997c77adedf4,1,MLS Cup 2004,8.2475861419547307
bm25_per_question_n500_d10_20260726_r01,bm25,per_question,5ade51b45542997c77adedf4,2,Children's Mercy Park,7.3612742930574582
bm25_per_question_n500_d10_20260726_r01,bm25,per_question,5ade51b45542997c77adedf4,3,All-time Sporting Kansas City roster,6.0388102501972867
bm25_per_question_n500_d10_20260726_r01,bm25,per_question,5ade51b45542997c77adedf4,4,CommunityAmerica Ballpark,5.4268761290626673
bm25_per_question_n500_d10_20260726_r01,bm25,per_question,5ade51b45542997c77adedf4,5,2008 Kansas City Wizards season,5.2590751172816548
bm25_per_question_n500_d10_20260726_r01,bm25,per_question,5ade51b45542997c77adedf4,6,1998 Kansas City Wizards season,4.1600670376034303
bm25_per_question_n500_d10_20260726_r01,bm25,per_question,5ade51b45542997c77adedf4,7,1999 Kansas City Wizards season,4.1526272819595782
bm25_per_question_n500_d10_20260726_r01,bm25,per_question,5ade51b45542997c77adedf4,8,1997 Kansas City Wizards season,4.1449661705964989
bm25_per_question_n500_d10_20260726_r01,bm25,per_question,5ade51b45542997c77adedf4,9,Shawnee Mission District Stadium,4.0170025382460759
bm25_per_question_n500_d10_20260726_r01,bm25,per_question,5ade51b45542997c77adedf4,10,Curt Johnson (soccer),3.0877822015946617
bm25_per_question_n500_d10_20260726_r01,bm25,per_question,5ade69e455429975fa854ec5,1,Ankahee (2006 film),7.1752879445020419
bm25_per_question_n500_d10_20260726_r01,bm25,per_question,5ade69e455429975fa854ec5,2,1920 (film),5.5134361986373213
bm25_per_question_n500_d10_20260726_r01,bm25,per_question,5ade69e455429975fa854ec5,3,Phhir,4.490099199839297
bm25_per_question_n500_d10_20260726_r01,bm25,per_question,5ade69e455429975fa854ec5,4,Inteha (2003 film),3.4929466743200459
bm25_per_question_n500_d10_20260726_r01,bm25,per_question,5ade69e455429975fa854ec5,5,Rajneesh Duggal,3.3387678969490544
bm25_per_question_n500_d10_20260726_r01,bm25,per_question,5ade69e455429975fa854ec5,6,Spark (2014 film),3.1903953120890582
bm25_per_question_n500_d10_20260726_r01,bm25,per_question,5ade69e455429975fa854ec5,7,Anhoniyon Ka Andhera,2.7686094835511681
bm25_per_question_n500_d10_20260726_r01,bm25,per_question,5ade69e455429975fa854ec5,8,Udanchhoo,2.0866050002311507
bm25_per_question_n500_d10_20260726_r01,bm25,per_question,5ade69e455429975fa854ec5,9,1920 (film series),2.0766871484419891
bm25_per_question_n500_d10_20260726_r01,bm25,per_question,5ade69e455429975fa854ec5,10,Be Careful (film),1.8004788196856456
bm25_per_question_n500_d10_20260726_r01,bm25,per_question,5ade7a435542997c77adee3a,1,Mountbatten-Windsor,19.291233407770267
bm25_per_question_n500_d10_20260726_r01,bm25,per_question,5ade7a435542997c77adee3a,2,Duke of Leuchtenberg,8.5178624731458044
bm25_per_question_n500_d10_20260726_r01,bm25,per_question,5ade7a435542997c77adee3a,3,Line of succession to the former Egyptian throne,8.3296479810991979
bm25_per_question_n500_d10_20260726_r01,bm25,per_question,5ade7a435542997c77adee3a,4,Cadet branch,7.8722629149884789
bm25_per_question_n500_d10_20260726_r01,bm25,per_question,5ade7a435542997c77adee3a,5,List of members of the House of Windsor,7.6730534651531013
bm25_per_question_n500_d10_20260726_r01,bm25,per_question,5ade7a435542997c77adee3a,6,Capetian dynasty,7.1455654190454077
bm25_per_question_n500_d10_20260726_r01,bm25,per_question,5ade7a435542997c77adee3a,7,Zulu royal family,7.1369094106530433
bm25_per_question_n500_d10_20260726_r01,bm25,per_question,5ade7a435542997c77adee3a,8,Batonishvili,6.2465680087327371
bm25_per_question_n500_d10_20260726_r01,bm25,per_question,5ade7a435542997c77adee3a,9,House of Capet,6.1149430154351627
bm25_per_question_n500_d10_20260726_r01,bm25,per_question,5ade7a435542997c77adee3a,10,Mountbatten family,5.7750733747959764
bm25_per_question_n500_d10_20260726_r01,bm25,per_question,5ade908b55429975fa854f13,1,Mercedes-AMG,10.195663549862916
bm25_per_question_n500_d10_20260726_r01,bm25,per_question,5ade908b55429975fa854f13,2,Dario Franchitti,8.4890917763306444
bm25_per_question_n500_d10_20260726_r01,bm25,per_question,5ade908b55429975fa854f13,3,Johnny Mowlem,6.6811043772194516
bm25_per_question_n500_d10_20260726_r01,bm25,per_question,5ade908b55429975fa854f13,4,2002 Gran Premio Telmex-Gigante,5.2835478526333102
bm25_per_question_n500_d10_20260726_r01,bm25,per_question,5ade908b55429975fa854f13,5,2007 Firestone Indy 400,4.8123892871619045
bm25_per_question_n500_d10_20260726_r01,bm25,per_question,5ade908b55429975fa854f13,6,2009 Honda Indy Toronto,4.5675871464381945
bm25_per_question_n500_d10_20260726_r01,bm25,per_question,5ade908b55429975fa854f13,7,Marino Franchitti,4.5554812723369977
bm25_per_question_n500_d10_20260726_r01,bm25,per_question,5ade908b55429975fa854f13,8,2011 Honda Indy Toronto,3.8818598145620431
bm25_per_question_n500_d10_20260726_r01,bm25,per_question,5ade908b55429975fa854f13,9,2011 Indy Grand Prix of Sonoma,3.8552434006910952
bm25_per_question_n500_d10_20260726_r01,bm25,per_question,5ade908b55429975fa854f13,10,1998 Molson Indy Vancouver,3.7507126121544281
bm25_per_question_n500_d10_20260726_r01,bm25,per_question,5ade9545554299728e26c740,1,2007 Brownlow Medal,6.0615869349255966
bm25_per_question_n500_d10_20260726_r01,bm25,per_question,5ade9545554299728e26c740,2,1976 Brownlow Medal,3.099464742175376
bm25_per_question_n500_d10_20260726_r01,bm25,per_question,5ade9545554299728e26c740,3,2006 Brownlow Medal,3.0985523650862525
bm25_per_question_n500_d10_20260726_r01,bm25,per_question,5ade9545554299728e26c740,4,2014 Brownlow Medal,3.0772817819762097
bm25_per_question_n500_d10_20260726_r01,bm25,per_question,5ade9545554299728e26c740,5,2015 Brownlow Medal,3.0551171894176332
bm25_per_question_n500_d10_20260726_r01,bm25,per_question,5ade9545554299728e26c740,6,2011 Brownlow Medal,3.0305108741122688
bm25_per_question_n500_d10_20260726_r01,bm25,per_question,5ade9545554299728e26c740,7,2005 Brownlow Medal,2.9948218066624692
bm25_per_question_n500_d10_20260726_r01,bm25,per_question,5ade9545554299728e26c740,8,1993 Brownlow Medal,2.9851255020832888
bm25_per_question_n500_d10_20260726_r01,bm25,per_question,5ade9545554299728e26c740,9,1995 Brownlow Medal,2.8705356739218217
bm25_per_question_n500_d10_20260726_r01,bm25,per_question,5ade9545554299728e26c740,10,Jimmy Bartel,1.160623317071553
bm25_per_question_n500_d10_20260726_r01,bm25,per_question,5adea9ea55429939a52fe934,1,The Flowers of Romance (band),11.438537963237255
bm25_per_question_n500_d10_20260726_r01,bm25,per_question,5adea9ea55429939a52fe934,2,Glen Matlock,10.30587531665501
bm25_per_question_n500_d10_20260726_r01,bm25,per_question,5adea9ea55429939a52fe934,3,Live at Winterland 1978 (Avengers album),10.275575064128162
bm25_per_question_n500_d10_20260726_r01,bm25,per_question,5adea9ea55429939a52fe934,4,The Idols with Sid Vicious,7.8473222575436976
bm25_per_question_n500_d10_20260726_r01,bm25,per_question,5adea9ea55429939a52fe934,5,Nancy Spungen,7.8375638215467376
bm25_per_question_n500_d10_20260726_r01,bm25,per_question,5adea9ea55429939a52fe934,6,Bodies (Sex Pistols song),7.6615144416270669
bm25_per_question_n500_d10_20260726_r01,bm25,per_question,5adea9ea55429939a52fe934,7,Revolution in the Classroom,7.1784045110274253
bm25_per_question_n500_d10_20260726_r01,bm25,per_question,5adea9ea55429939a52fe934,8,Sid Vicious,7.1059523138962195
bm25_per_question_n500_d10_20260726_r01,bm25,per_question,5adea9ea55429939a52fe934,9,The Swindle Continues,6.8285401748975909
bm25_per_question_n500_d10_20260726_r01,bm25,per_question,5adea9ea55429939a52fe934,10,Ex Pistols,6.3934654180476347
bm25_per_question_n500_d10_20260726_r01,bm25,per_question,5adef80b5542993a75d263c4,1,Please Don't Eat the Daisies,8.8533311966610704
bm25_per_question_n500_d10_20260726_r01,bm25,per_question,5adef80b5542993a75d263c4,2,Please Twins!,7.6819138566740435
bm25_per_question_n500_d10_20260726_r01,bm25,per_question,5adef80b5542993a75d263c4,3,Snatch (film),7.0194853424100971
bm25_per_question_n500_d10_20260726_r01,bm25,per_question,5adef80b5542993a75d263c4,4,Snatch (TV series),5.4973713037011036
bm25_per_question_n500_d10_20260726_r01,bm25,per_question,5adef80b5542993a75d263c4,5,Gilmore Girls: A Year in the Life,4.7781143205712544
bm25_per_question_n500_d10_20260726_r01,bm25,per_question,5adef80b5542993a75d263c4,6,Orange Is the New Black,4.0602587856916186
bm25_per_question_n500_d10_20260726_r01,bm25,per_question,5adef80b5542993a75d263c4,7,Swedish Dicks,3.6162127398492157
bm25_per_question_n500_d10_20260726_r01,bm25,per_question,5adef80b5542993a75d263c4,8,Bajillion Dollar Propertie$,3.5342232595449268
bm25_per_question_n500_d10_20260726_r01,bm25,per_question,5adef80b5542993a75d263c4,9,Romper Stomper (TV series),3.4392794017076413
bm25_per_question_n500_d10_20260726_r01,bm25,per_question,5adef80b5542993a75d263c4,10,AXN,3.4352892570412972
bm25_per_question_n500_d10_20260726_r01,bm25,per_question,5adeffa85542992d7e9f926f,1,Tappi Tíkarrass,3.7943227429786823
bm25_per_question_n500_d10_20260726_r01,bm25,per_question,5adeffa85542992d7e9f926f,2,Bitið fast í vitið,3.68762786389214
bm25_per_question_n500_d10_20260726_r01,bm25,per_question,5adeffa85542992d7e9f926f,3,Nýtt líf,3.5370476414891483
bm25_per_question_n500_d10_20260726_r01,bm25,per_question,5adeffa85542992d7e9f926f,4,Folk rock,3.0427259035878893
bm25_per_question_n500_d10_20260726_r01,bm25,per_question,5adeffa85542992d7e9f926f,5,Rave music,2.9206724000962638
bm25_per_question_n500_d10_20260726_r01,bm25,per_question,5adeffa85542992d7e9f926f,6,Steeltown (band),2.8411952173207746
bm25_per_question_n500_d10_20260726_r01,bm25,per_question,5adeffa85542992d7e9f926f,7,Disco polo,2.7662102629478538
bm25_per_question_n500_d10_20260726_r01,bm25,per_question,5adeffa85542992d7e9f926f,8,Kidandali,2.5683987483455959
bm25_per_question_n500_d10_20260726_r01,bm25,per_question,5adeffa85542992d7e9f926f,9,INXS,2.1254603177782205
bm25_per_question_n500_d10_20260726_r01,bm25,per_question,5adeffa85542992d7e9f926f,10,Miranda (album),1.821079598677005
bm25_per_question_n500_d10_20260726_r01,bm25,per_question,5adf043b5542993a75d263d4,1,Morning Joe,10.681733246478355
bm25_per_question_n500_d10_20260726_r01,bm25,per_question,5adf043b5542993a75d263d4,2,Sean Hannity,4.2667850944188812
bm25_per_question_n500_d10_20260726_r01,bm25,per_question,5adf043b5542993a75d263d4,3,Steve Malzberg,4.2204771145750293
bm25_per_question_n500_d10_20260726_r01,bm25,per_question,5adf043b5542993a75d263d4,4,Joe Scarborough,4.0076633123739409
bm25_per_question_n500_d10_20260726_r01,bm25,per_question,5adf043b5542993a75d263d4,5,Ronn Owens,3.4191746261641485
bm25_per_question_n500_d10_20260726_r01,bm25,per_question,5adf043b5542993a75d263d4,6,David Gold (talk radio host),3.3035100309246674
bm25_per_question_n500_d10_20260726_r01,bm25,per_question,5adf043b5542993a75d263d4,7,Spectrum News Rochester,3.1298783531838987
bm25_per_question_n500_d10_20260726_r01,bm25,per_question,5adf043b5542993a75d263d4,8,Talk radio,3.1102883434074169
bm25_per_question_n500_d10_20260726_r01,bm25,per_question,5adf043b5542993a75d263d4,9,Mike Hogan (sportscaster),3.0139736721345267
bm25_per_question_n500_d10_20260726_r01,bm25,per_question,5adf043b5542993a75d263d4,10,Spectrum News Buffalo,2.9152507374668999
bm25_per_question_n500_d10_20260726_r01,bm25,per_question,5adf34d35542993a75d26425,1,Gerry Adams,8.8062257159632757
bm25_per_question_n500_d10_20260726_r01,bm25,per_question,5adf34d35542993a75d26425,2,Hume–Adams dialogue,5.2092114174366841
bm25_per_question_n500_d10_20260726_r01,bm25,per_question,5adf34d35542993a75d26425,3,Volunteer Political Party,4.9950331486249029
bm25_per_question_n500_d10_20260726_r01,bm25,per_question,5adf34d35542993a75d26425,4,Sinn Féin Front Bench,4.9160419521947336
bm25_per_question_n500_d10_20260726_r01,bm25,per_question,5adf34d35542993a75d26425,5,History of Sinn Féin,4.890275964493652
bm25_per_question_n500_d10_20260726_r01,bm25,per_question,5adf34d35542993a75d26425,6,Leader of Sinn Féin,4.8669902869763408
bm25_per_question_n500_d10_20260726_r01,bm25,per_question,5adf34d35542993a75d26425,7,Iraqi National Dialogue Council,4.809301890830942
bm25_per_question_n500_d10_20260726_r01,bm25,per_question,5adf34d35542993a75d26425,8,Workers' Party of Ireland,4.7952558567977839
bm25_per_question_n500_d10_20260726_r01,bm25,per_question,5adf34d35542993a75d26425,9,Republican Sinn Féin,4.5961773714875234
bm25_per_question_n500_d10_20260726_r01,bm25,per_question,5adf34d35542993a75d26425,10,Sinn Féin Republican Youth,4.3774311967077297
bm25_per_question_n500_d10_20260726_r01,bm25,per_question,5adf37a95542995ec70e8f97,1,2011–12 VCU Rams men's basketball team,9.4091975229791647
bm25_per_question_n500_d10_20260726_r01,bm25,per_question,5adf37a95542995ec70e8f97,2,2012–13 VCU Rams men's basketball team,7.9311275329261681
bm25_per_question_n500_d10_20260726_r01,bm25,per_question,5adf37a95542995ec70e8f97,3,1995–96 VCU Rams men's basketball team,7.6690212279282397
bm25_per_question_n500_d10_20260726_r01,bm25,per_question,5adf37a95542995ec70e8f97,4,2010–11 VCU Rams men's basketball team,7.3627814563735337
bm25_per_question_n500_d10_20260726_r01,bm25,per_question,5adf37a95542995ec70e8f97,5,2015–16 VCU Rams men's basketball team,6.7487429071518559
bm25_per_question_n500_d10_20260726_r01,bm25,per_question,5adf37a95542995ec70e8f97,6,2013–14 VCU Rams men's basketball team,6.6540559967417785
bm25_per_question_n500_d10_20260726_r01,bm25,per_question,5adf37a95542995ec70e8f97,7,Virginia Commonwealth University,6.4764522648592084
bm25_per_question_n500_d10_20260726_r01,bm25,per_question,5adf37a95542995ec70e8f97,8,2014–15 VCU Rams men's basketball team,6.362916146902883
bm25_per_question_n500_d10_20260726_r01,bm25,per_question,5adf37a95542995ec70e8f97,9,2009–10 VCU Rams men's basketball team,6.0982631539733818
bm25_per_question_n500_d10_20260726_r01,bm25,per_question,5adf37a95542995ec70e8f97,10,2004–05 VCU Rams men's basketball team,5.9181967908390778
bm25_per_question_n500_d10_20260726_r01,bm25,per_question,5adf3e355542993a75d26440,1,Bjarkøy Fixed Link,8.8193236087044014
bm25_per_question_n500_d10_20260726_r01,bm25,per_question,5adf3e355542993a75d26440,2,Øresund Region,5.8154046603916631
bm25_per_question_n500_d10_20260726_r01,bm25,per_question,5adf3e355542993a75d26440,3,European route E47,4.8871467553049577
bm25_per_question_n500_d10_20260726_r01,bm25,per_question,5adf3e355542993a75d26440,4,Copenhagen Malmö Port,4.7179530067431292
bm25_per_question_n500_d10_20260726_r01,bm25,per_question,5adf3e355542993a75d26440,5,Øresund Bridge,3.9367245917831863
bm25_per_question_n500_d10_20260726_r01,bm25,per_question,5adf3e355542993a75d26440,6,Öresund Committee,3.9140119494188204
bm25_per_question_n500_d10_20260726_r01,bm25,per_question,5adf3e355542993a75d26440,7,Sweden,3.6762081942802487
bm25_per_question_n500_d10_20260726_r01,bm25,per_question,5adf3e355542993a75d26440,8,Malmö Harbour Heliport,3.5786297694779803
bm25_per_question_n500_d10_20260726_r01,bm25,per_question,5adf3e355542993a75d26440,9,Øresund,3.3083610247493951
bm25_per_question_n500_d10_20260726_r01,bm25,per_question,5adf3e355542993a75d26440,10,City Tunnel (Malmö),3.0769708536849159
bm25_per_question_n500_d10_20260726_r01,bm25,per_question,5adf4a275542993a75d26498,1,Australian Ecology Research Award (AERA),8.2970971741966011
bm25_per_question_n500_d10_20260726_r01,bm25,per_question,5adf4a275542993a75d26498,2,Hätteberget,8.2841374102212626
bm25_per_question_n500_d10_20260726_r01,bm25,per_question,5adf4a275542993a75d26498,3,Holden-Keating Gang,8.1991289642567171
bm25_per_question_n500_d10_20260726_r01,bm25,per_question,5adf4a275542993a75d26498,4,Horace Bumstead,7.4897332413039033
bm25_per_question_n500_d10_20260726_r01,bm25,per_question,5adf4a275542993a75d26498,5,Curtis Glencross,7.3935564341793807
bm25_per_question_n500_d10_20260726_r01,bm25,per_question,5adf4a275542993a75d26498,6,William Allen White,6.4175566971099416
bm25_per_question_n500_d10_20260726_r01,bm25,per_question,5adf4a275542993a75d26498,7,Summer of the Monkeys,6.4016902517378984
bm25_per_question_n500_d10_20260726_r01,bm25,per_question,5adf4a275542993a75d26498,8,Mike Smith (A&amp;R man),5.6645078392776744
bm25_per_question_n500_d10_20260726_r01,bm25,per_question,5adf4a275542993a75d26498,9,Søren Solkær,5.249704847019224
bm25_per_question_n500_d10_20260726_r01,bm25,per_question,5adf4a275542993a75d26498,10,Vance Powell,4.1272870882176615
bm25_per_question_n500_d10_20260726_r01,bm25,per_question,5adf58f15542993a75d264d2,1,Ade Edmondson,5.1867910152351007
bm25_per_question_n500_d10_20260726_r01,bm25,per_question,5adf58f15542993a75d264d2,2,Filthy Rich &amp; Catflap,4.713701142281125
bm25_per_question_n500_d10_20260726_r01,bm25,per_question,5adf58f15542993a75d264d2,3,The Young Ones (TV series),4.1691825887349241
bm25_per_question_n500_d10_20260726_r01,bm25,per_question,5adf58f15542993a75d264d2,4,Ben Elton,3.6561218695391093
bm25_per_question_n500_d10_20260726_r01,bm25,per_question,5adf58f15542993a75d264d2,5,David Mirkin,3.5531873646924845
bm25_per_question_n500_d10_20260726_r01,bm25,per_question,5adf58f15542993a75d264d2,6,Carole Gray,3.3228174112095097
bm25_per_question_n500_d10_20260726_r01,bm25,per_question,5adf58f15542993a75d264d2,7,Roland Rat,3.2004089702624117
bm25_per_question_n500_d10_20260726_r01,bm25,per_question,5adf58f15542993a75d264d2,8,"Oh, No! Not THEM!",2.6298243522638165
bm25_per_question_n500_d10_20260726_r01,bm25,per_question,5adf58f15542993a75d264d2,9,The Young Ones (video game),2.039188915873019
bm25_per_question_n500_d10_20260726_r01,bm25,per_question,5adf58f15542993a75d264d2,10,Bad News (band),1.870317908745774
bm25_per_question_n500_d10_20260726_r01,bm25,per_question,5adf65555542992d7e9f9334,1,Dim Gray Bar Press,6.1910284791310586
bm25_per_question_n500_d10_20260726_r01,bm25,per_question,5adf65555542992d7e9f9334,2,Nebula Award for Best Novel,5.3044684230173926
bm25_per_question_n500_d10_20260726_r01,bm25,per_question,5adf65555542992d7e9f9334,3,Wendell Berry,4.1613489474468484
bm25_per_question_n500_d10_20260726_r01,bm25,per_question,5adf65555542992d7e9f9334,4,Jay Cronley,3.6932046845582889
bm25_per_question_n500_d10_20260726_r01,bm25,per_question,5adf65555542992d7e9f9334,5,Franci Cerar,3.6889549104893598
bm25_per_question_n500_d10_20260726_r01,bm25,per_question,5adf65555542992d7e9f9334,6,New York State Writers Hall of Fame,3.5244522154069475
bm25_per_question_n500_d10_20260726_r01,bm25,per_question,5adf65555542992d7e9f9334,7,Winfred Blevins,3.1124295524809171
bm25_per_question_n500_d10_20260726_r01,bm25,per_question,5adf65555542992d7e9f9334,8,Blinkey Horn,2.9347817607553921
bm25_per_question_n500_d10_20260726_r01,bm25,per_question,5adf65555542992d7e9f9334,9,Melissa Fay Greene,2.3176717223433161
bm25_per_question_n500_d10_20260726_r01,bm25,per_question,5adf65555542992d7e9f9334,10,Judith Ortiz Cofer,1.575614186446421
bm25_per_question_n500_d10_20260726_r01,bm25,per_question,5adf8fe55542993344016d0f,1,The Age of Not Believing,8.8069851186131363
bm25_per_question_n500_d10_20260726_r01,bm25,per_question,5adf8fe55542993344016d0f,2,Sianoa Smit-McPhee,5.1732448193926697
bm25_per_question_n500_d10_20260726_r01,bm25,per_question,5adf8fe55542993344016d0f,3,The Golden Voyage of Sinbad,3.894283051948531
bm25_per_question_n500_d10_20260726_r01,bm25,per_question,5adf8fe55542993344016d0f,4,"Baseball Hall of Fame balloting, 1971",3.8316033821615521
bm25_per_question_n500_d10_20260726_r01,bm25,per_question,5adf8fe55542993344016d0f,5,Bedknobs and Broomsticks,3.3931129633638655
bm25_per_question_n500_d10_20260726_r01,bm25,per_question,5adf8fe55542993344016d0f,6,Dicen que soy mujeriego,3.0923367687222543
bm25_per_question_n500_d10_20260726_r01,bm25,per_question,5adf8fe55542993344016d0f,7,Kingsglaive: Final Fantasy XV,3.0219982239362944
bm25_per_question_n500_d10_20260726_r01,bm25,per_question,5adf8fe55542993344016d0f,8,Stark Electric Jesus,2.9470262115465173
bm25_per_question_n500_d10_20260726_r01,bm25,per_question,5adf8fe55542993344016d0f,9,Final Fantasy VII: Advent Children,2.6734283086053248
bm25_per_question_n500_d10_20260726_r01,bm25,per_question,5adf8fe55542993344016d0f,10,Once Upon a Time in Vietnam,1.8849210934611391
bm25_per_question_n500_d10_20260726_r01,bm25,per_question,5adf9dc3554299025d62a2e6,1,Grease: The New Broadway Cast Recording,19.13893864398781
bm25_per_question_n500_d10_20260726_r01,bm25,per_question,5adf9dc3554299025d62a2e6,2,Drama Desk Award for Outstanding Solo Performance,13.267892131983722
bm25_per_question_n500_d10_20260726_r01,bm25,per_question,5adf9dc3554299025d62a2e6,3,Brad Alexander,12.157427421275669
bm25_per_question_n500_d10_20260726_r01,bm25,per_question,5adf9dc3554299025d62a2e6,4,Kenneth Posner,11.948689209880552
bm25_per_question_n500_d10_20260726_r01,bm25,per_question,5adf9dc3554299025d62a2e6,5,9 to 5 (musical),11.691364912713325
bm25_per_question_n500_d10_20260726_r01,bm25,per_question,5adf9dc3554299025d62a2e6,6,Laura Osnes,11.608618663788869
bm25_per_question_n500_d10_20260726_r01,bm25,per_question,5adf9dc3554299025d62a2e6,7,Nick Cordero,11.510264842764229
bm25_per_question_n500_d10_20260726_r01,bm25,per_question,5adf9dc3554299025d62a2e6,8,Drama Desk Award for Outstanding Director,11.370207774892844
bm25_per_question_n500_d10_20260726_r01,bm25,per_question,5adf9dc3554299025d62a2e6,9,Open Admissions,10.678942542579849
bm25_per_question_n500_d10_20260726_r01,bm25,per_question,5adf9dc3554299025d62a2e6,10,Gerard Alessandrini,9.3123842930000329
bm25_per_question_n500_d10_20260726_r01,bm25,per_question,5adfa3da554299025d62a317,1,Grand Duke's Official Birthday,6.3076136337399555
bm25_per_question_n500_d10_20260726_r01,bm25,per_question,5adfa3da554299025d62a317,2,The Duchess of Padua,5.5705638083317028
bm25_per_question_n500_d10_20260726_r01,bm25,per_question,5adfa3da554299025d62a317,3,Revengers Tragedy (album),5.2615145527482969
bm25_per_question_n500_d10_20260726_r01,bm25,per_question,5adfa3da554299025d62a317,4,Emily Jewell,5.0986527129769987
bm25_per_question_n500_d10_20260726_r01,bm25,per_question,5adfa3da554299025d62a317,5,Revengers Tragedy,4.6249445229071933
bm25_per_question_n500_d10_20260726_r01,bm25,per_question,5adfa3da554299025d62a317,6,Murder of Grace Brown,4.5160723214916718
bm25_per_question_n500_d10_20260726_r01,bm25,per_question,5adfa3da554299025d62a317,7,The Revengers' Comedies,3.9145704840939866
bm25_per_question_n500_d10_20260726_r01,bm25,per_question,5adfa3da554299025d62a317,8,Appius and Virginia,3.823802318333513
bm25_per_question_n500_d10_20260726_r01,bm25,per_question,5adfa3da554299025d62a317,9,Revengers Tragedy (song),3.0284338756154106
bm25_per_question_n500_d10_20260726_r01,bm25,per_question,5adfa3da554299025d62a317,10,Diana Quick,0.66243339509446475
bm25_per_question_n500_d10_20260726_r01,bm25,per_question,5adfbca255429942ec259b2c,1,All Join Hands,5.0049634170883062
bm25_per_question_n500_d10_20260726_r01,bm25,per_question,5adfbca255429942ec259b2c,2,Crackers: The Christmas Party Album,4.9802589437557012
bm25_per_question_n500_d10_20260726_r01,bm25,per_question,5adfbca255429942ec259b2c,3,Rise Above (Dirty Projectors album),4.5616749940509917
bm25_per_question_n500_d10_20260726_r01,bm25,per_question,5adfbca255429942ec259b2c,4,Tom Morello discography,3.9063871176313367
bm25_per_question_n500_d10_20260726_r01,bm25,per_question,5adfbca255429942ec259b2c,5,The Joys of Living 2008–2010,3.4665891406993423
bm25_per_question_n500_d10_20260726_r01,bm25,per_question,5adfbca255429942ec259b2c,6,The Rats (American band),3.3875508934607872
bm25_per_question_n500_d10_20260726_r01,bm25,per_question,5adfbca255429942ec259b2c,7,Slade,2.8291260970233338
bm25_per_question_n500_d10_20260726_r01,bm25,per_question,5adfbca255429942ec259b2c,8,Playground Twist,2.5487630765389926
bm25_per_question_n500_d10_20260726_r01,bm25,per_question,5adfbca255429942ec259b2c,9,"You're Gonna Go Far, Kid",2.3451633277789719
bm25_per_question_n500_d10_20260726_r01,bm25,per_question,5adfbca255429942ec259b2c,10,Join Hands,1.9921834473447242
bm25_per_question_n500_d10_20260726_r01,bm25,per_question,5adfd2f255429925eb1afaa5,1,Gateways (video game),8.1585189198885857
bm25_per_question_n500_d10_20260726_r01,bm25,per_question,5adfd2f255429925eb1afaa5,2,Fez (video game),7.1195245482067779
bm25_per_question_n500_d10_20260726_r01,bm25,per_question,5adfd2f255429925eb1afaa5,3,Prince of Persia: The Sands of Time,6.4336723554691746
bm25_per_question_n500_d10_20260726_r01,bm25,per_question,5adfd2f255429925eb1afaa5,4,Team Fortress 2,6.3157815487592606
bm25_per_question_n500_d10_20260726_r01,bm25,per_question,5adfd2f255429925eb1afaa5,5,Aperture Tag: The Paint Gun Testing Initiative,5.3895938683602695
bm25_per_question_n500_d10_20260726_r01,bm25,per_question,5adfd2f255429925eb1afaa5,6,Portal 2,5.1406405840062925
bm25_per_question_n500_d10_20260726_r01,bm25,per_question,5adfd2f255429925eb1afaa5,7,Half-Life 2: Lost Coast,5.1240031676465936
bm25_per_question_n500_d10_20260726_r01,bm25,per_question,5adfd2f255429925eb1afaa5,8,Portal (video game),4.7791052419806439
bm25_per_question_n500_d10_20260726_r01,bm25,per_question,5adfd2f255429925eb1afaa5,9,The Lost Vikings,4.6570186168825138
bm25_per_question_n500_d10_20260726_r01,bm25,per_question,5adfd2f255429925eb1afaa5,10,Portal (series),4.342826162440983
bm25_per_question_n500_d10_20260726_r01,bm25,per_question,5adfeb0555429942ec259b88,1,"Detroit mayoral election, 2009",9.7129385843698532
bm25_per_question_n500_d10_20260726_r01,bm25,per_question,5adfeb0555429942ec259b88,2,Brian DelGrosso,6.8593217690270922
bm25_per_question_n500_d10_20260726_r01,bm25,per_question,5adfeb0555429942ec259b88,3,"United States Senate elections in Illinois, 2010",6.6981103419661778
bm25_per_question_n500_d10_20260726_r01,bm25,per_question,5adfeb0555429942ec259b88,4,Joseph Vitale (politician),6.2512875148366858
bm25_per_question_n500_d10_20260726_r01,bm25,per_question,5adfeb0555429942ec259b88,5,Kwame Kilpatrick,6.2217903126231562
bm25_per_question_n500_d10_20260726_r01,bm25,per_question,5adfeb0555429942ec259b88,6,Jon Bramnick,6.2011910371058878
bm25_per_question_n500_d10_20260726_r01,bm25,per_question,5adfeb0555429942ec259b88,7,Jane Marum Roush,6.0716592191381293
bm25_per_question_n500_d10_20260726_r01,bm25,per_question,5adfeb0555429942ec259b88,8,List of Calgary municipal elections,4.7810751567309939
bm25_per_question_n500_d10_20260726_r01,bm25,per_question,5adfeb0555429942ec259b88,9,"Charlotte mayoral election, 2015",4.462741451091234
bm25_per_question_n500_d10_20260726_r01,bm25,per_question,5adfeb0555429942ec259b88,10,"United Kingdom local elections, 2013",3.8322220906455193
bm25_per_question_n500_d10_20260726_r01,bm25,per_question,5adffe7155429906c02daa9e,1,When Harry Met Sally... (soundtrack),10.852184302130452
bm25_per_question_n500_d10_20260726_r01,bm25,per_question,5adffe7155429906c02daa9e,2,Golden Gate University School of Law,7.9462474359175976
bm25_per_question_n500_d10_20260726_r01,bm25,per_question,5adffe7155429906c02daa9e,3,Harry Connick Jr.,7.4707402957420506
bm25_per_question_n500_d10_20260726_r01,bm25,per_question,5adffe7155429906c02daa9e,4,When Harry Met Sally...,7.1667895686332939
bm25_per_question_n500_d10_20260726_r01,bm25,per_question,5adffe7155429906c02daa9e,5,Dumb and Dumberer: When Harry Met Lloyd,5.0210886610877363
bm25_per_question_n500_d10_20260726_r01,bm25,per_question,5adffe7155429906c02daa9e,6,Sunset Las Palmas Studios,4.3766393282452514
bm25_per_question_n500_d10_20260726_r01,bm25,per_question,5adffe7155429906c02daa9e,7,Nora Ephron,3.1030129738635415
bm25_per_question_n500_d10_20260726_r01,bm25,per_question,5adffe7155429906c02daa9e,8,Meg Ryan,2.7253701948862417
bm25_per_question_n500_d10_20260726_r01,bm25,per_question,5adffe7155429906c02daa9e,9,Connie Sawyer,1.7480474769201941
bm25_per_question_n500_d10_20260726_r01,bm25,per_question,5adffe7155429906c02daa9e,10,Bruno Kirby,1.4600765570878294
bm25_per_question_n500_d10_20260726_r01,bm25,per_question,5ae0006755429925eb1afbd3,1,Ouch! (gum),6.9707251371454149
bm25_per_question_n500_d10_20260726_r01,bm25,per_question,5ae0006755429925eb1afbd3,2,Gum Wall,6.229008242280667
bm25_per_question_n500_d10_20260726_r01,bm25,per_question,5ae0006755429925eb1afbd3,3,Lower Louviers and Chicken Alley,5.4745639125830472
bm25_per_question_n500_d10_20260726_r01,bm25,per_question,5ae0006755429925eb1afbd3,4,Old US 67 Rest Area,4.8709551714935548
bm25_per_question_n500_d10_20260726_r01,bm25,per_question,5ae0006755429925eb1afbd3,5,Bubblegum Alley,3.5464041376512538
bm25_per_question_n500_d10_20260726_r01,bm25,per_question,5ae0006755429925eb1afbd3,6,Up Your Alley Fair,3.4034777198430155
bm25_per_question_n500_d10_20260726_r01,bm25,per_question,5ae0006755429925eb1afbd3,7,Digital Media Factory,3.0922124354138285
bm25_per_question_n500_d10_20260726_r01,bm25,per_question,5ae0006755429925eb1afbd3,8,Philadelphia Baseball Wall of Fame,3.0437185488647134
bm25_per_question_n500_d10_20260726_r01,bm25,per_question,5ae0006755429925eb1afbd3,9,"San Luis Obispo, California",2.9802532231086163
bm25_per_question_n500_d10_20260726_r01,bm25,per_question,5ae0006755429925eb1afbd3,10,Hollywood Star Lanes,2.4389604457901521
bm25_per_question_n500_d10_20260726_r01,bm25,per_question,5ae0038655429925eb1afbe0,1,Orange Field Tea Factory,3.4670553244681859
bm25_per_question_n500_d10_20260726_r01,bm25,per_question,5ae0038655429925eb1afbe0,2,Tea Moderna (magazine),3.290623156292293
bm25_per_question_n500_d10_20260726_r01,bm25,per_question,5ae0038655429925eb1afbe0,3,Hänt Extra,3.0006635618116455
bm25_per_question_n500_d10_20260726_r01,bm25,per_question,5ae0038655429925eb1afbe0,4,Hänt Bild,2.631459219948483
bm25_per_question_n500_d10_20260726_r01,bm25,per_question,5ae0038655429925eb1afbe0,5,Den Za Nas,2.5326443678636932
bm25_per_question_n500_d10_20260726_r01,bm25,per_question,5ae0038655429925eb1afbe0,6,Nikola Mladenov,1.7821110668708469
bm25_per_question_n500_d10_20260726_r01,bm25,per_question,5ae0038655429925eb1afbe0,7,Henrik Dorsin,1.7517993319554537
bm25_per_question_n500_d10_20260726_r01,bm25,per_question,5ae0038655429925eb1afbe0,8,Makedonsko Sonce,1.7502015827892203
bm25_per_question_n500_d10_20260726_r01,bm25,per_question,5ae0038655429925eb1afbe0,9,Football Weekly,1.030349226456915
bm25_per_question_n500_d10_20260726_r01,bm25,per_question,5ae0038655429925eb1afbe0,10,2015 Macedonian Football Supercup,0.35750054281144888
bm25_per_question_n500_d10_20260726_r01,bm25,per_question,5ae005b555429942ec259bec,1,Lourenço Mutarelli,5.2577201885690226
bm25_per_question_n500_d10_20260726_r01,bm25,per_question,5ae005b555429942ec259bec,2,Spirit of the Border,4.565435235840213
bm25_per_question_n500_d10_20260726_r01,bm25,per_question,5ae005b555429942ec259bec,3,Before We Say Goodbye,3.7332699717942468
bm25_per_question_n500_d10_20260726_r01,bm25,per_question,5ae005b555429942ec259bec,4,Quando Eu Era Vivo,3.7102848908746369
bm25_per_question_n500_d10_20260726_r01,bm25,per_question,5ae005b555429942ec259bec,5,4 a.m. (novel),3.666665611991442
bm25_per_question_n500_d10_20260726_r01,bm25,per_question,5ae005b555429942ec259bec,6,Drained,3.6474083789856095
bm25_per_question_n500_d10_20260726_r01,bm25,per_question,5ae005b555429942ec259bec,7,Three Comrades (novel),3.643555822133048
bm25_per_question_n500_d10_20260726_r01,bm25,per_question,5ae005b555429942ec259bec,8,Crime and Punishment,3.1173399001136799
bm25_per_question_n500_d10_20260726_r01,bm25,per_question,5ae005b555429942ec259bec,9,The Golden Hour (novel),2.9890232062603368
bm25_per_question_n500_d10_20260726_r01,bm25,per_question,5ae005b555429942ec259bec,10,The Birds on the Trees,2.8945618765790648
bm25_per_question_n500_d10_20260726_r01,bm25,per_question,5ae0361155429925eb1afc2c,1,W. E. Johns,4.1943157084671743
bm25_per_question_n500_d10_20260726_r01,bm25,per_question,5ae0361155429925eb1afc2c,2,L'Oiseau Blanc,3.9344845383373932
bm25_per_question_n500_d10_20260726_r01,bm25,per_question,5ae0361155429925eb1afc2c,3,Paul Sauvage (aviator),2.7031683360584822
bm25_per_question_n500_d10_20260726_r01,bm25,per_question,5ae0361155429925eb1afc2c,4,François Coli,2.4153516787726326
bm25_per_question_n500_d10_20260726_r01,bm25,per_question,5ae0361155429925eb1afc2c,5,Gervais Raoul Lufbery,2.3755958836203117
bm25_per_question_n500_d10_20260726_r01,bm25,per_question,5ae0361155429925eb1afc2c,6,Wooster and Davis,2.3191051748256424
bm25_per_question_n500_d10_20260726_r01,bm25,per_question,5ae0361155429925eb1afc2c,7,Georges Madon,2.1461458410291541
bm25_per_question_n500_d10_20260726_r01,bm25,per_question,5ae0361155429925eb1afc2c,8,Charles Nungesser,2.0137399141716377
bm25_per_question_n500_d10_20260726_r01,bm25,per_question,5ae0361155429925eb1afc2c,9,L'Oiseau bleu (Metzinger),1.8488587170361628
bm25_per_question_n500_d10_20260726_r01,bm25,per_question,5ae0361155429925eb1afc2c,10,Levasseur PL.8,0.5723779646874313
bm25_per_question_n500_d10_20260726_r01,bm25,per_question,5ae048a255429924de1b708e,1,Shrek Forever After (video game),6.4128604948369849
bm25_per_question_n500_d10_20260726_r01,bm25,per_question,5ae048a255429924de1b708e,2,Mighty Max (toyline),4.6885423998722136
bm25_per_question_n500_d10_20260726_r01,bm25,per_question,5ae048a255429924de1b708e,3,Catwoman (video game),4.367514446425135
bm25_per_question_n500_d10_20260726_r01,bm25,per_question,5ae048a255429924de1b708e,4,Lego Knights' Kingdom,4.2553662583220868
bm25_per_question_n500_d10_20260726_r01,bm25,per_question,5ae048a255429924de1b708e,5,Star Trek (2013 video game),4.0740596497567054
bm25_per_question_n500_d10_20260726_r01,bm25,per_question,5ae048a255429924de1b708e,6,Lego Star Wars: The Video Game,3.8640901452778662
bm25_per_question_n500_d10_20260726_r01,bm25,per_question,5ae048a255429924de1b708e,7,Tron Evolution: Battle Grids,3.5390154357063373
bm25_per_question_n500_d10_20260726_r01,bm25,per_question,5ae048a255429924de1b708e,8,Tron: Evolution,2.7977630040628365
bm25_per_question_n500_d10_20260726_r01,bm25,per_question,5ae048a255429924de1b708e,9,X-Men: The Official Game,2.5213470433123724
bm25_per_question_n500_d10_20260726_r01,bm25,per_question,5ae048a255429924de1b708e,10,Catwoman (film),1.3526236692251059
bm25_per_question_n500_d10_20260726_r01,bm25,per_question,5ae057fd55429945ae959328,1,Robert Smith (Illinois politician),4.9443423481189894
bm25_per_question_n500_d10_20260726_r01,bm25,per_question,5ae057fd55429945ae959328,2,RetailMeNot,3.4809899114535607
bm25_per_question_n500_d10_20260726_r01,bm25,per_question,5ae057fd55429945ae959328,3,Stevanato Group,3.3203462715063115
bm25_per_question_n500_d10_20260726_r01,bm25,per_question,5ae057fd55429945ae959328,4,Hyrum W. Smith,3.2262357972087163
bm25_per_question_n500_d10_20260726_r01,bm25,per_question,5ae057fd55429945ae959328,5,Henkel,3.1340066800443789
bm25_per_question_n500_d10_20260726_r01,bm25,per_question,5ae057fd55429945ae959328,6,Corey Smith (artist),3.1276482903763041
bm25_per_question_n500_d10_20260726_r01,bm25,per_question,5ae057fd55429945ae959328,7,Equinix,2.8202948103040608
bm25_per_question_n500_d10_20260726_r01,bm25,per_question,5ae057fd55429945ae959328,8,Teleperformance,2.6755620855992417
bm25_per_question_n500_d10_20260726_r01,bm25,per_question,5ae057fd55429945ae959328,9,Namsung electronics,2.6348445670425993
bm25_per_question_n500_d10_20260726_r01,bm25,per_question,5ae057fd55429945ae959328,10,General Mills,2.0478010706469116
bm25_per_question_n500_d10_20260726_r01,bm25,per_question,5ae058e855429945ae959331,1,List of magazines in Portugal,2.5009308259795722
bm25_per_question_n500_d10_20260726_r01,bm25,per_question,5ae058e855429945ae959331,2,List of magazines in Malaysia,2.361781500158016
bm25_per_question_n500_d10_20260726_r01,bm25,per_question,5ae058e855429945ae959331,3,Transition House Association of Nova Scotia,2.1878460759440599
bm25_per_question_n500_d10_20260726_r01,bm25,per_question,5ae058e855429945ae959331,4,List of magazines in Austria,2.080645945834604
bm25_per_question_n500_d10_20260726_r01,bm25,per_question,5ae058e855429945ae959331,5,Look (UK magazine),1.9237282443952279
bm25_per_question_n500_d10_20260726_r01,bm25,per_question,5ae058e855429945ae959331,6,Customer magazine,1.6343099569593571
bm25_per_question_n500_d10_20260726_r01,bm25,per_question,5ae058e855429945ae959331,7,Surfer hair,1.5121197965267941
bm25_per_question_n500_d10_20260726_r01,bm25,per_question,5ae058e855429945ae959331,8,Lifestyle magazine,1.380947989846053
bm25_per_question_n500_d10_20260726_r01,bm25,per_question,5ae058e855429945ae959331,9,Chrysalis (magazine),1.0436575331492615
bm25_per_question_n500_d10_20260726_r01,bm25,per_question,5ae058e855429945ae959331,10,Rick Wilber,0.89718792531790559
bm25_per_question_n500_d10_20260726_r01,bm25,per_question,5ae0a59a55429945ae9593e2,1,Catuvellauni,4.0372572803453366
bm25_per_question_n500_d10_20260726_r01,bm25,per_question,5ae0a59a55429945ae9593e2,2,AD 43,3.7154064152083928
bm25_per_question_n500_d10_20260726_r01,bm25,per_question,5ae0a59a55429945ae9593e2,3,History of Wales,3.6048146848039226
bm25_per_question_n500_d10_20260726_r01,bm25,per_question,5ae0a59a55429945ae9593e2,4,Durotriges,3.3313277756179809
bm25_per_question_n500_d10_20260726_r01,bm25,per_question,5ae0a59a55429945ae9593e2,5,Corieltauvi,3.3107196087798823
bm25_per_question_n500_d10_20260726_r01,bm25,per_question,5ae0a59a55429945ae9593e2,6,Roman conquest of Britain,2.7506135067784907
bm25_per_question_n500_d10_20260726_r01,bm25,per_question,5ae0a59a55429945ae9593e2,7,History of England,2.3555744514831916
bm25_per_question_n500_d10_20260726_r01,bm25,per_question,5ae0a59a55429945ae9593e2,8,Sussex chicken,1.7131069833866013
bm25_per_question_n500_d10_20260726_r01,bm25,per_question,5ae0a59a55429945ae9593e2,9,Romano-British culture,1.6932492333879297
bm25_per_question_n500_d10_20260726_r01,bm25,per_question,5ae0a59a55429945ae9593e2,10,Togodumnus,1.140656572747091
bm25_per_question_n500_d10_20260726_r01,bm25,per_question,5ae0aaf455429945ae959401,1,Chris Williams (English footballer),7.5834740565704699
bm25_per_question_n500_d10_20260726_r01,bm25,per_question,5ae0aaf455429945ae959401,2,Salford City F.C.,4.6959133545470406
bm25_per_question_n500_d10_20260726_r01,bm25,per_question,5ae0aaf455429945ae959401,3,Jack Truelove,4.6441064454177328
bm25_per_question_n500_d10_20260726_r01,bm25,per_question,5ae0aaf455429945ae959401,4,National League (English football),3.4847587449338779
bm25_per_question_n500_d10_20260726_r01,bm25,per_question,5ae0aaf455429945ae959401,5,National League North,3.3788888871118123
bm25_per_question_n500_d10_20260726_r01,bm25,per_question,5ae0aaf455429945ae959401,6,National League South,2.9701501487704163
bm25_per_question_n500_d10_20260726_r01,bm25,per_question,5ae0aaf455429945ae959401,7,Gainsborough Trinity F.C.,2.3517356400324712
bm25_per_question_n500_d10_20260726_r01,bm25,per_question,5ae0aaf455429945ae959401,8,Curzon Ashton F.C.,2.3021280872533989
bm25_per_question_n500_d10_20260726_r01,bm25,per_question,5ae0aaf455429945ae959401,9,Spennymoor Town F.C.,2.2808430608592141
bm25_per_question_n500_d10_20260726_r01,bm25,per_question,5ae0aaf455429945ae959401,10,Boston United F.C.,1.8150194952008389
bm25_per_question_n500_d10_20260726_r01,bm25,per_question,5ae0bae555429906c02dab08,1,Ralph Garman,15.997084863827062
bm25_per_question_n500_d10_20260726_r01,bm25,per_question,5ae0bae555429906c02dab08,2,Robert Belushi,7.1022841349460739
bm25_per_question_n500_d10_20260726_r01,bm25,per_question,5ae0bae555429906c02dab08,3,Hidden America with Jonah Ray,6.825599332845238
bm25_per_question_n500_d10_20260726_r01,bm25,per_question,5ae0bae555429906c02dab08,4,Lance Krall,6.3343250973381027
bm25_per_question_n500_d10_20260726_r01,bm25,per_question,5ae0bae555429906c02dab08,5,The Joe Schmo Show,5.1806062238581241
bm25_per_question_n500_d10_20260726_r01,bm25,per_question,5ae0bae555429906c02dab08,6,Free Radio (TV series),4.4018887273783838
bm25_per_question_n500_d10_20260726_r01,bm25,per_question,5ae0bae555429906c02dab08,7,Stone Stanley Entertainment,4.1973976504475443
bm25_per_question_n500_d10_20260726_r01,bm25,per_question,5ae0bae555429906c02dab08,8,Gretchen Palmer,3.9065155618338894
bm25_per_question_n500_d10_20260726_r01,bm25,per_question,5ae0bae555429906c02dab08,9,List of The Joe Schmo Show episodes,3.2983328623701804
bm25_per_question_n500_d10_20260726_r01,bm25,per_question,5ae0bae555429906c02dab08,10,Matt Kennedy Gould,2.9875127664631025
bm25_per_question_n500_d10_20260726_r01,bm25,per_question,5ae0d4c9554299603e418468,1,Roger O. Egeberg,15.876885771147894
bm25_per_question_n500_d10_20260726_r01,bm25,per_question,5ae0d4c9554299603e418468,2,Douglas J. Bennet,6.9552043360002793
bm25_per_question_n500_d10_20260726_r01,bm25,per_question,5ae0d4c9554299603e418468,3,Steven K. Galson,6.6181380587870358
bm25_per_question_n500_d10_20260726_r01,bm25,per_question,5ae0d4c9554299603e418468,4,Robert R. Hood,6.2352469340487042
bm25_per_question_n500_d10_20260726_r01,bm25,per_question,5ae0d4c9554299603e418468,5,Robert Hormats,6.1292361537398454
bm25_per_question_n500_d10_20260726_r01,bm25,per_question,5ae0d4c9554299603e418468,6,Office of Population Affairs,6.0615873023989018
bm25_per_question_n500_d10_20260726_r01,bm25,per_question,5ae0d4c9554299603e418468,7,Richard Nixon,5.9346550646643141
bm25_per_question_n500_d10_20260726_r01,bm25,per_question,5ae0d4c9554299603e418468,8,Bradford P. Campbell,5.7180122564888123
bm25_per_question_n500_d10_20260726_r01,bm25,per_question,5ae0d4c9554299603e418468,9,Edward D. Martin,5.2328103999677591
bm25_per_question_n500_d10_20260726_r01,bm25,per_question,5ae0d4c9554299603e418468,10,United States Assistant Secretary of State,4.8969948518267996
bm25_per_question_n500_d10_20260726_r01,bm25,per_question,5ae0d52e554299603e418469,1,Barbara Niven,15.929621418224983
bm25_per_question_n500_d10_20260726_r01,bm25,per_question,5ae0d52e554299603e418469,2,Siobhan Finneran,9.7937962959084395
bm25_per_question_n500_d10_20260726_r01,bm25,per_question,5ae0d52e554299603e418469,3,Branko Tomović,9.3800209906514258
bm25_per_question_n500_d10_20260726_r01,bm25,per_question,5ae0d52e554299603e418469,4,Steve Arbuckle,9.1548253690258683
bm25_per_question_n500_d10_20260726_r01,bm25,per_question,5ae0d52e554299603e418469,5,Ashley Cheadle,9.005045345121518
bm25_per_question_n500_d10_20260726_r01,bm25,per_question,5ae0d52e554299603e418469,6,Dead at 17,8.590757348572307
bm25_per_question_n500_d10_20260726_r01,bm25,per_question,5ae0d52e554299603e418469,7,Out in Fifty,8.1856271246161683
bm25_per_question_n500_d10_20260726_r01,bm25,per_question,5ae0d52e554299603e418469,8,Sebastián Mantilla,7.4372792221054231
bm25_per_question_n500_d10_20260726_r01,bm25,per_question,5ae0d52e554299603e418469,9,Jolin Tsai filmography,6.9530711399594622
bm25_per_question_n500_d10_20260726_r01,bm25,per_question,5ae0d52e554299603e418469,10,My Brother (2006 film),5.1987428938091211
bm25_per_question_n500_d10_20260726_r01,bm25,per_question,5ae0f6f5554299422ee99583,1,I've Been Working,13.509334486703695
bm25_per_question_n500_d10_20260726_r01,bm25,per_question,5ae0f6f5554299422ee99583,2,The Best of Van Morrison Volume 3,6.2048421915509726
bm25_per_question_n500_d10_20260726_r01,bm25,per_question,5ae0f6f5554299422ee99583,3,No Prima Donna: The Songs of Van Morrison,5.8660447928490784
bm25_per_question_n500_d10_20260726_r01,bm25,per_question,5ae0f6f5554299422ee99583,4,"I'll Be Your Lover, Too",5.6267958458472407
bm25_per_question_n500_d10_20260726_r01,bm25,per_question,5ae0f6f5554299422ee99583,5,His Band and the Street Choir,5.5051874152358193
bm25_per_question_n500_d10_20260726_r01,bm25,per_question,5ae0f6f5554299422ee99583,6,Blue Money,4.9751812954645871
bm25_per_question_n500_d10_20260726_r01,bm25,per_question,5ae0f6f5554299422ee99583,7,The Caledonia Soul Orchestra,4.7275783087840804
bm25_per_question_n500_d10_20260726_r01,bm25,per_question,5ae0f6f5554299422ee99583,8,Call Me Up in Dreamland,4.6129777422116982
bm25_per_question_n500_d10_20260726_r01,bm25,per_question,5ae0f6f5554299422ee99583,9,Domino (Van Morrison song),4.2918503025281511
bm25_per_question_n500_d10_20260726_r01,bm25,per_question,5ae0f6f5554299422ee99583,10,Duets: Re-working the Catalogue,3.5397572514756939
bm25_per_question_n500_d10_20260726_r01,bm25,per_question,5ae1316555429901ffe4adda,1,Echosmith,6.5468793328716375
bm25_per_question_n500_d10_20260726_r01,bm25,per_question,5ae1316555429901ffe4adda,2,All That You Are (Goo Goo Dolls song),6.0992214780525922
bm25_per_question_n500_d10_20260726_r01,bm25,per_question,5ae1316555429901ffe4adda,3,Goo Goo Dolls,4.9988623303847284
bm25_per_question_n500_d10_20260726_r01,bm25,per_question,5ae1316555429901ffe4adda,4,"Live in Buffalo: July 4th, 2004",4.455250304351428
bm25_per_question_n500_d10_20260726_r01,bm25,per_question,5ae1316555429901ffe4adda,5,Something for the Rest of Us,4.0885431610646883
bm25_per_question_n500_d10_20260726_r01,bm25,per_question,5ae1316555429901ffe4adda,6,ITunes Originals – Goo Goo Dolls,3.8613701868419321
bm25_per_question_n500_d10_20260726_r01,bm25,per_question,5ae1316555429901ffe4adda,7,Hold Me Up,3.7043023350971378
bm25_per_question_n500_d10_20260726_r01,bm25,per_question,5ae1316555429901ffe4adda,8,Waiting for the Rest of It,3.4770690698369178
bm25_per_question_n500_d10_20260726_r01,bm25,per_question,5ae1316555429901ffe4adda,9,Goo Goo Dolls (album),3.2153283062262972
bm25_per_question_n500_d10_20260726_r01,bm25,per_question,5ae1316555429901ffe4adda,10,Notbroken,2.4536114251523982
bm25_per_question_n500_d10_20260726_r01,bm25,per_question,5ae15e125542990adbacf773,1,Mississippi University for Women v. Hogan,18.899215280923066
bm25_per_question_n500_d10_20260726_r01,bm25,per_question,5ae15e125542990adbacf773,2,United States v. Quiver,11.2250503773402
bm25_per_question_n500_d10_20260726_r01,bm25,per_question,5ae15e125542990adbacf773,3,Whole Woman's Health v. Hellerstedt,9.8313577160866981
bm25_per_question_n500_d10_20260726_r01,bm25,per_question,5ae15e125542990adbacf773,4,Berghuis v. Thompkins,9.737723648421035
bm25_per_question_n500_d10_20260726_r01,bm25,per_question,5ae15e125542990adbacf773,5,Hoffman v. Jones,9.6353399663896422
bm25_per_question_n500_d10_20260726_r01,bm25,per_question,5ae15e125542990adbacf773,6,Hirabayashi v. United States,8.6899230903593665
bm25_per_question_n500_d10_20260726_r01,bm25,per_question,5ae15e125542990adbacf773,7,V.L. v. E.L.,8.4592944942360262
bm25_per_question_n500_d10_20260726_r01,bm25,per_question,5ae15e125542990adbacf773,8,Commissioner v. Banks,8.0957308672379522
bm25_per_question_n500_d10_20260726_r01,bm25,per_question,5ae15e125542990adbacf773,9,Summers v. Earth Island Institute,7.9065966198715953
bm25_per_question_n500_d10_20260726_r01,bm25,per_question,5ae15e125542990adbacf773,10,Van Staphorst v. Maryland,7.8968437127068185
bm25_per_question_n500_d10_20260726_r01,bm25,per_question,5ae1801955429901ffe4aec4,1,1 Wall Street Court,3.9783076751099551
bm25_per_question_n500_d10_20260726_r01,bm25,per_question,5ae1801955429901ffe4aec4,2,Adventures of Superman (TV series),3.969599365101383
bm25_per_question_n500_d10_20260726_r01,bm25,per_question,5ae1801955429901ffe4aec4,3,Wisconsin Center,3.5555768022910033
bm25_per_question_n500_d10_20260726_r01,bm25,per_question,5ae1801955429901ffe4aec4,4,Vodafone Events Centre,3.4516865491650877
bm25_per_question_n500_d10_20260726_r01,bm25,per_question,5ae1801955429901ffe4aec4,5,Cocoa Krispies,2.912737175426972
bm25_per_question_n500_d10_20260726_r01,bm25,per_question,5ae1801955429901ffe4aec4,6,Kellogg's,2.7001032021844527
bm25_per_question_n500_d10_20260726_r01,bm25,per_question,5ae1801955429901ffe4aec4,7,The O2 Arena,2.231228961981893
bm25_per_question_n500_d10_20260726_r01,bm25,per_question,5ae1801955429901ffe4aec4,8,Conexus Arts Centre,2.1413338490132263
bm25_per_question_n500_d10_20260726_r01,bm25,per_question,5ae1801955429901ffe4aec4,9,Musée Henri-Mathieu,1.9262645615795833
bm25_per_question_n500_d10_20260726_r01,bm25,per_question,5ae1801955429901ffe4aec4,10,Superman: Tower of Power,1.8458584119659021
bm25_per_question_n500_d10_20260726_r01,bm25,per_question,5ae1f4cb554299234fd0436d,1,122nd SS-Standarte,7.3109603606052929
bm25_per_question_n500_d10_20260726_r01,bm25,per_question,5ae1f4cb554299234fd0436d,2,Strasbourg,4.6260382429967777
bm25_per_question_n500_d10_20260726_r01,bm25,per_question,5ae1f4cb554299234fd0436d,3,122nd Infantry Regiment (United States),4.0912939394106971
bm25_per_question_n500_d10_20260726_r01,bm25,per_question,5ae1f4cb554299234fd0436d,4,122nd Division (Imperial Japanese Army),3.9905171209403432
bm25_per_question_n500_d10_20260726_r01,bm25,per_question,5ae1f4cb554299234fd0436d,5,122d Fighter Squadron,3.9291554345354793
bm25_per_question_n500_d10_20260726_r01,bm25,per_question,5ae1f4cb554299234fd0436d,6,122nd Hydroplane Liaison Squadron,3.3486854073155254
bm25_per_question_n500_d10_20260726_r01,bm25,per_question,5ae1f4cb554299234fd0436d,7,122nd Ohio Infantry,2.9151192034942914
bm25_per_question_n500_d10_20260726_r01,bm25,per_question,5ae1f4cb554299234fd0436d,8,"122nd (Muskoka) Battalion, CEF",2.7966036653722948
bm25_per_question_n500_d10_20260726_r01,bm25,per_question,5ae1f4cb554299234fd0436d,9,122nd Fighter Aviation Squadron,2.5112170095219466
bm25_per_question_n500_d10_20260726_r01,bm25,per_question,5ae1f4cb554299234fd0436d,10,122nd Division,0.78412227444618587
bm25_per_question_n500_d10_20260726_r01,bm25,per_question,5ae1f596554299234fd04372,1,Fruit Bowl,7.7734232462094308
bm25_per_question_n500_d10_20260726_r01,bm25,per_question,5ae1f596554299234fd04372,2,EAFF E-1 Football Championship,6.9630575288702801
bm25_per_question_n500_d10_20260726_r01,bm25,per_question,5ae1f596554299234fd04372,3,2008 Summer Olympics,5.1316630296823682
bm25_per_question_n500_d10_20260726_r01,bm25,per_question,5ae1f596554299234fd04372,4,Toronto Marathon,4.8223866584665629
bm25_per_question_n500_d10_20260726_r01,bm25,per_question,5ae1f596554299234fd04372,5,6 Hours of Mexico,4.608851753734859
bm25_per_question_n500_d10_20260726_r01,bm25,per_question,5ae1f596554299234fd04372,6,Moonpark,4.1754831543848852
bm25_per_question_n500_d10_20260726_r01,bm25,per_question,5ae1f596554299234fd04372,7,Summer Olympic Games,3.892493421677492
bm25_per_question_n500_d10_20260726_r01,bm25,per_question,5ae1f596554299234fd04372,8,International Teen Princess,3.8830206366878213
bm25_per_question_n500_d10_20260726_r01,bm25,per_question,5ae1f596554299234fd04372,9,Memorabilia (event),3.8359277689661742
bm25_per_question_n500_d10_20260726_r01,bm25,per_question,5ae1f596554299234fd04372,10,Australian Correspondence Chess Championship,2.5735836144214739
bm25_per_question_n500_d10_20260726_r01,bm25,per_question,5ae1f5a15542997f29b3c1b5,1,Harry Bowen (actor),5.9219329136177219
bm25_per_question_n500_d10_20260726_r01,bm25,per_question,5ae1f5a15542997f29b3c1b5,2,Gary Anthony Williams,5.8235552671915878
bm25_per_question_n500_d10_20260726_r01,bm25,per_question,5ae1f5a15542997f29b3c1b5,3,Andy Umberger,5.695767190131888
bm25_per_question_n500_d10_20260726_r01,bm25,per_question,5ae1f5a15542997f29b3c1b5,4,Billy Sullivan (actor),5.5088971820738388
bm25_per_question_n500_d10_20260726_r01,bm25,per_question,5ae1f5a15542997f29b3c1b5,5,Charlotte's Shorts,5.3307399209439463
bm25_per_question_n500_d10_20260726_r01,bm25,per_question,5ae1f5a15542997f29b3c1b5,6,Milton (cartoon),5.215458098342789
bm25_per_question_n500_d10_20260726_r01,bm25,per_question,5ae1f5a15542997f29b3c1b5,7,A Story of Floating Weeds,4.940491138301299
bm25_per_question_n500_d10_20260726_r01,bm25,per_question,5ae1f5a15542997f29b3c1b5,8,Charles Eldridge,4.7450813322331591
bm25_per_question_n500_d10_20260726_r01,bm25,per_question,5ae1f5a15542997f29b3c1b5,9,Andy Milder,4.4526850716200963
bm25_per_question_n500_d10_20260726_r01,bm25,per_question,5ae1f5a15542997f29b3c1b5,10,Spencer Bell (actor),3.8339863592617096
bm25_per_question_n500_d10_20260726_r01,bm25,per_question,5ae2070a5542994d89d5b313,1,Under an Hour,4.9704177123148456
bm25_per_question_n500_d10_20260726_r01,bm25,per_question,5ae2070a5542994d89d5b313,2,Tom Rothrock,4.303019446151982
bm25_per_question_n500_d10_20260726_r01,bm25,per_question,5ae2070a5542994d89d5b313,3,The Hour of Bewilderbeast,3.6476681147147825
bm25_per_question_n500_d10_20260726_r01,bm25,per_question,5ae2070a5542994d89d5b313,4,Wolf Alice,2.8821799911012072
bm25_per_question_n500_d10_20260726_r01,bm25,per_question,5ae2070a5542994d89d5b313,5,Badly Drawn Boy discography,2.5202689423302798
bm25_per_question_n500_d10_20260726_r01,bm25,per_question,5ae2070a5542994d89d5b313,6,Silent Sigh,2.2796047247486455
bm25_per_question_n500_d10_20260726_r01,bm25,per_question,5ae2070a5542994d89d5b313,7,Something to Talk About (Badly Drawn Boy song),2.2242454223558266
bm25_per_question_n500_d10_20260726_r01,bm25,per_question,5ae2070a5542994d89d5b313,8,About a Boy (soundtrack),2.1309228875199344
bm25_per_question_n500_d10_20260726_r01,bm25,per_question,5ae2070a5542994d89d5b313,9,About a Boy (film),1.1981056079622252
bm25_per_question_n500_d10_20260726_r01,bm25,per_question,5ae2070a5542994d89d5b313,10,Badly Drawn Boy,1.1087571920187735
bm25_per_question_n500_d10_20260726_r01,bm25,per_question,5ae224da554299234fd043ee,1,Gibson (cocktail),5.1185985892609711
bm25_per_question_n500_d10_20260726_r01,bm25,per_question,5ae224da554299234fd043ee,2,Rubicon Drinks,4.3544454330516444
bm25_per_question_n500_d10_20260726_r01,bm25,per_question,5ae224da554299234fd043ee,3,Zurracapote,3.3095731726737947
bm25_per_question_n500_d10_20260726_r01,bm25,per_question,5ae224da554299234fd043ee,4,List of soft drinks by country,2.2285522347268918
bm25_per_question_n500_d10_20260726_r01,bm25,per_question,5ae224da554299234fd043ee,5,Flaming beverage,2.1690034847055863
bm25_per_question_n500_d10_20260726_r01,bm25,per_question,5ae224da554299234fd043ee,6,Soft drink,2.1233601604941938
bm25_per_question_n500_d10_20260726_r01,bm25,per_question,5ae224da554299234fd043ee,7,Energy shot,2.0573635838105417
bm25_per_question_n500_d10_20260726_r01,bm25,per_question,5ae224da554299234fd043ee,8,CytoSport,1.9526711068379103
bm25_per_question_n500_d10_20260726_r01,bm25,per_question,5ae224da554299234fd043ee,9,Phillips Distilling Company,1.4541234297461871
bm25_per_question_n500_d10_20260726_r01,bm25,per_question,5ae224da554299234fd043ee,10,Gin pennant,0.54338630220550233
bm25_per_question_n500_d10_20260726_r01,bm25,per_question,5ae22b8d554299234fd0440f,1,Peter Schmeichel,4.8885103956134248
bm25_per_question_n500_d10_20260726_r01,bm25,per_question,5ae22b8d554299234fd0440f,2,IFFHS World's Best Club Coach,4.3889872667355654
bm25_per_question_n500_d10_20260726_r01,bm25,per_question,5ae22b8d554299234fd0440f,3,Sommeren '92,4.3417007764811082
bm25_per_question_n500_d10_20260726_r01,bm25,per_question,5ae22b8d554299234fd0440f,4,Pelé,4.318150052939715
bm25_per_question_n500_d10_20260726_r01,bm25,per_question,5ae22b8d554299234fd0440f,5,Goštautai,4.309665324335886
bm25_per_question_n500_d10_20260726_r01,bm25,per_question,5ae22b8d554299234fd0440f,6,Isaak Hassler,4.3065368108761959
bm25_per_question_n500_d10_20260726_r01,bm25,per_question,5ae22b8d554299234fd0440f,7,Gus Williams (musician),4.3034873174920323
bm25_per_question_n500_d10_20260726_r01,bm25,per_question,5ae22b8d554299234fd0440f,8,IFFHS World's Best Goalkeeper,4.1361594668956378
bm25_per_question_n500_d10_20260726_r01,bm25,per_question,5ae22b8d554299234fd0440f,9,Kasper Schmeichel,3.8142870789609984
bm25_per_question_n500_d10_20260726_r01,bm25,per_question,5ae22b8d554299234fd0440f,10,Kasper Hvidt,3.4483024067748507
bm25_per_question_n500_d10_20260726_r01,bm25,per_question,5ae24abc5542994d89d5b3c3,1,Greene King,6.4251654668640903
bm25_per_question_n500_d10_20260726_r01,bm25,per_question,5ae24abc5542994d89d5b3c3,2,The Chessels,5.186614427324904
bm25_per_question_n500_d10_20260726_r01,bm25,per_question,5ae24abc5542994d89d5b3c3,3,VIP's,4.4454930908386592
bm25_per_question_n500_d10_20260726_r01,bm25,per_question,5ae24abc5542994d89d5b3c3,4,Klenger Burger,3.7333644341099013
bm25_per_question_n500_d10_20260726_r01,bm25,per_question,5ae24abc5542994d89d5b3c3,5,The Works (restaurant),3.1224151737398982
bm25_per_question_n500_d10_20260726_r01,bm25,per_question,5ae24abc5542994d89d5b3c3,6,Todai (restaurant),3.0310138700667206
bm25_per_question_n500_d10_20260726_r01,bm25,per_question,5ae24abc5542994d89d5b3c3,7,Piccadilly Pub,3.0127047906941047
bm25_per_question_n500_d10_20260726_r01,bm25,per_question,5ae24abc5542994d89d5b3c3,8,Fazoli's,2.9508521336464675
bm25_per_question_n500_d10_20260726_r01,bm25,per_question,5ae24abc5542994d89d5b3c3,9,Chefette,2.6987667491295189
bm25_per_question_n500_d10_20260726_r01,bm25,per_question,5ae24abc5542994d89d5b3c3,10,Hungry Horse,2.5060442473017321
bm25_per_question_n500_d10_20260726_r01,bm25,per_question,5ae25ed15542992decbdccd2,1,Sorbaria,5.4452717129599657
bm25_per_question_n500_d10_20260726_r01,bm25,per_question,5ae25ed15542992decbdccd2,2,Goldenrod,3.5873277703280642
bm25_per_question_n500_d10_20260726_r01,bm25,per_question,5ae25ed15542992decbdccd2,3,Solidago rupestris,2.6289426233802957
bm25_per_question_n500_d10_20260726_r01,bm25,per_question,5ae25ed15542992decbdccd2,4,Solidago uliginosa,2.2585572882882983
bm25_per_question_n500_d10_20260726_r01,bm25,per_question,5ae25ed15542992decbdccd2,5,Brintonia,2.221374089563144
bm25_per_question_n500_d10_20260726_r01,bm25,per_question,5ae25ed15542992decbdccd2,6,Solidago curtisii,2.1324463465499854
bm25_per_question_n500_d10_20260726_r01,bm25,per_question,5ae25ed15542992decbdccd2,7,Solidago rugosa,2.0116661435344776
bm25_per_question_n500_d10_20260726_r01,bm25,per_question,5ae25ed15542992decbdccd2,8,Solidago elongata,1.872913802417671
bm25_per_question_n500_d10_20260726_r01,bm25,per_question,5ae25ed15542992decbdccd2,9,Solidago ouachitensis,1.5619646924777311
bm25_per_question_n500_d10_20260726_r01,bm25,per_question,5ae25ed15542992decbdccd2,10,Solidago speciosa,1.4923304264403257
bm25_per_question_n500_d10_20260726_r01,bm25,per_question,5ae2b770554299495565db0f,1,London International Documentary Festival,9.0207589274214541
bm25_per_question_n500_d10_20260726_r01,bm25,per_question,5ae2b770554299495565db0f,2,London Review of Books,8.6759349913305499
bm25_per_question_n500_d10_20260726_r01,bm25,per_question,5ae2b770554299495565db0f,3,Chagrin Documentary Film Festival,8.4924099100952528
bm25_per_question_n500_d10_20260726_r01,bm25,per_question,5ae2b770554299495565db0f,4,New Haven Documentary Film Festival,7.2954754963975983
bm25_per_question_n500_d10_20260726_r01,bm25,per_question,5ae2b770554299495565db0f,5,British Journal of Social Psychology,6.1422295259150497
bm25_per_question_n500_d10_20260726_r01,bm25,per_question,5ae2b770554299495565db0f,6,FreedomFilmFest,5.6313129175988736
bm25_per_question_n500_d10_20260726_r01,bm25,per_question,5ae2b770554299495565db0f,7,Docville,5.4003027644077832
bm25_per_question_n500_d10_20260726_r01,bm25,per_question,5ae2b770554299495565db0f,8,Doc NYC,5.3704637408852589
bm25_per_question_n500_d10_20260726_r01,bm25,per_question,5ae2b770554299495565db0f,9,Thomas Gordon (writer),4.3970939739846386
bm25_per_question_n500_d10_20260726_r01,bm25,per_question,5ae2b770554299495565db0f,10,British Journal,4.2930111383349026
bm25_per_question_n500_d10_20260726_r01,bm25,per_question,5ae2dd2055429928c423950d,1,Steven D. Smith,6.7407881902647961
bm25_per_question_n500_d10_20260726_r01,bm25,per_question,5ae2dd2055429928c423950d,2,"Sullivan County, New Hampshire",6.5142268981188973
bm25_per_question_n500_d10_20260726_r01,bm25,per_question,5ae2dd2055429928c423950d,3,"Hampden County, Massachusetts",6.471278017716144
bm25_per_question_n500_d10_20260726_r01,bm25,per_question,5ae2dd2055429928c423950d,4,"Carroll County, New Hampshire",6.0501913217699563
bm25_per_question_n500_d10_20260726_r01,bm25,per_question,5ae2dd2055429928c423950d,5,"Dover, New Hampshire",6.0344201315078356
bm25_per_question_n500_d10_20260726_r01,bm25,per_question,5ae2dd2055429928c423950d,6,"Woodsville, New Hampshire",5.8276112208206845
bm25_per_question_n500_d10_20260726_r01,bm25,per_question,5ae2dd2055429928c423950d,7,Gardnerville Branch Jail,5.01308073870978
bm25_per_question_n500_d10_20260726_r01,bm25,per_question,5ae2dd2055429928c423950d,8,Miner Memorial Library,4.9122034908962933
bm25_per_question_n500_d10_20260726_r01,bm25,per_question,5ae2dd2055429928c423950d,9,"Lempster, New Hampshire",4.8485161057435295
bm25_per_question_n500_d10_20260726_r01,bm25,per_question,5ae2dd2055429928c423950d,10,"East Lempster, New Hampshire",4.8134783915947423
bm25_per_question_n500_d10_20260726_r01,bm25,per_question,5ae2dfd155429928c423951b,1,Gillieston Heights,12.742683657530266
bm25_per_question_n500_d10_20260726_r01,bm25,per_question,5ae2dfd155429928c423951b,2,Unincorporated Far West Region,11.792184127867358
bm25_per_question_n500_d10_20260726_r01,bm25,per_question,5ae2dfd155429928c423951b,3,City of Newcastle,11.549910103958126
bm25_per_question_n500_d10_20260726_r01,bm25,per_question,5ae2dfd155429928c423951b,4,Yanco Agricultural High School,11.322478689137014
bm25_per_question_n500_d10_20260726_r01,bm25,per_question,5ae2dfd155429928c423951b,5,"Shelly Beach, New South Wales",11.148508165635086
bm25_per_question_n500_d10_20260726_r01,bm25,per_question,5ae2dfd155429928c423951b,6,Bucketty,10.878595479645917
bm25_per_question_n500_d10_20260726_r01,bm25,per_question,5ae2dfd155429928c423951b,7,"Mount View, New South Wales",10.785684709172401
bm25_per_question_n500_d10_20260726_r01,bm25,per_question,5ae2dfd155429928c423951b,8,Grahamstown Dam,9.4333029090720668
bm25_per_question_n500_d10_20260726_r01,bm25,per_question,5ae2dfd155429928c423951b,9,Shelly Beach (Manly),9.1398793063193011
bm25_per_question_n500_d10_20260726_r01,bm25,per_question,5ae2dfd155429928c423951b,10,"Niagara Park, New South Wales",8.9696768762251793
bm25_per_question_n500_d10_20260726_r01,bm25,per_question,5ae2ee5e5542991a06ce990a,1,Battle of Great Bridge,10.482924073620655
bm25_per_question_n500_d10_20260726_r01,bm25,per_question,5ae2ee5e5542991a06ce990a,2,1st Virginia State Regiment,6.3761046524418994
bm25_per_question_n500_d10_20260726_r01,bm25,per_question,5ae2ee5e5542991a06ce990a,3,1st Virginia Regiment,5.9206619170289549
bm25_per_question_n500_d10_20260726_r01,bm25,per_question,5ae2ee5e5542991a06ce990a,4,9th Virginia Regiment,5.5745772727160166
bm25_per_question_n500_d10_20260726_r01,bm25,per_question,5ae2ee5e5542991a06ce990a,5,5th Virginia Regiment,5.5463009334330904
bm25_per_question_n500_d10_20260726_r01,bm25,per_question,5ae2ee5e5542991a06ce990a,6,4th Virginia Regiment,5.4643736587803842
bm25_per_question_n500_d10_20260726_r01,bm25,per_question,5ae2ee5e5542991a06ce990a,7,12th Virginia Regiment,5.3708839264434634
bm25_per_question_n500_d10_20260726_r01,bm25,per_question,5ae2ee5e5542991a06ce990a,8,7th Virginia Regiment,5.1525168564472086
bm25_per_question_n500_d10_20260726_r01,bm25,per_question,5ae2ee5e5542991a06ce990a,9,6th Connecticut Regiment,5.0904540209285098
bm25_per_question_n500_d10_20260726_r01,bm25,per_question,5ae2ee5e5542991a06ce990a,10,3rd Virginia Regiment,4.1121396525480263
bm25_per_question_n500_d10_20260726_r01,bm25,per_question,5ae305df5542992decbdcdc3,1,2013 Sugar Bowl,6.8716700483235265
bm25_per_question_n500_d10_20260726_r01,bm25,per_question,5ae305df5542992decbdcdc3,2,2008 Fiesta Bowl,5.4950721348184048
bm25_per_question_n500_d10_20260726_r01,bm25,per_question,5ae305df5542992decbdcdc3,3,1989 Cotton Bowl Classic,5.4890828554981574
bm25_per_question_n500_d10_20260726_r01,bm25,per_question,5ae305df5542992decbdcdc3,4,2012 Louisville Cardinals football team,4.9834929751955501
bm25_per_question_n500_d10_20260726_r01,bm25,per_question,5ae305df5542992decbdcdc3,5,1989 Fiesta Bowl,4.775506091703055
bm25_per_question_n500_d10_20260726_r01,bm25,per_question,5ae305df5542992decbdcdc3,6,Parkway Field,4.583411876047669
bm25_per_question_n500_d10_20260726_r01,bm25,per_question,5ae305df5542992decbdcdc3,7,List of NBL Canada All-Stars,4.108470710279029
bm25_per_question_n500_d10_20260726_r01,bm25,per_question,5ae305df5542992decbdcdc3,8,1943 NAIA Division I Men's Basketball Tournament,3.9973410302674757
bm25_per_question_n500_d10_20260726_r01,bm25,per_question,5ae305df5542992decbdcdc3,9,Dead or Alive 5 Plus,3.9899279800343099
bm25_per_question_n500_d10_20260726_r01,bm25,per_question,5ae305df5542992decbdcdc3,10,1956 NAIA Division I Men's Basketball Tournament,3.9726917137293913
bm25_per_question_n500_d10_20260726_r01,bm25,per_question,5ae32b6755429928c4239644,1,Wengie,10.786100216540323
bm25_per_question_n500_d10_20260726_r01,bm25,per_question,5ae32b6755429928c4239644,2,YouTube Rewind,6.4682440680210105
bm25_per_question_n500_d10_20260726_r01,bm25,per_question,5ae32b6755429928c4239644,3,Return to Eden,5.6589666690279943
bm25_per_question_n500_d10_20260726_r01,bm25,per_question,5ae32b6755429928c4239644,4,Automotive industry in Brazil,4.844375845951113
bm25_per_question_n500_d10_20260726_r01,bm25,per_question,5ae32b6755429928c4239644,5,Sima Hydroelectric Power Station,3.9886158488478354
bm25_per_question_n500_d10_20260726_r01,bm25,per_question,5ae32b6755429928c4239644,6,Tubular Bells for Two,3.9866132915633248
bm25_per_question_n500_d10_20260726_r01,bm25,per_question,5ae32b6755429928c4239644,7,Svartisen Hydroelectric Power Station,3.8970642826941191
bm25_per_question_n500_d10_20260726_r01,bm25,per_question,5ae32b6755429928c4239644,8,Rana Hydroelectric Power Station,3.8820912895165174
bm25_per_question_n500_d10_20260726_r01,bm25,per_question,5ae32b6755429928c4239644,9,Nore Hydroelectric Power Station,3.335322454302879
bm25_per_question_n500_d10_20260726_r01,bm25,per_question,5ae32b6755429928c4239644,10,Blast! (musical),2.6403684704353507
bm25_per_question_n500_d10_20260726_r01,bm25,per_question,5ae32e125542991a06ce9946,1,"Parkridge, Saskatoon",10.079441878510588
bm25_per_question_n500_d10_20260726_r01,bm25,per_question,5ae32e125542991a06ce9946,2,Borough of Berwick-upon-Tweed,8.3458290823856274
bm25_per_question_n500_d10_20260726_r01,bm25,per_question,5ae32e125542991a06ce9946,3,Urbanisation in India,8.1964430364771879
bm25_per_question_n500_d10_20260726_r01,bm25,per_question,5ae32e125542991a06ce9946,4,"Sauce Viejo, Argentina",7.2095324731534944
bm25_per_question_n500_d10_20260726_r01,bm25,per_question,5ae32e125542991a06ce9946,5,"Kirton, Nottinghamshire",6.9449778164908844
bm25_per_question_n500_d10_20260726_r01,bm25,per_question,5ae32e125542991a06ce9946,6,"Kirton, Suffolk",6.7817593576812429
bm25_per_question_n500_d10_20260726_r01,bm25,per_question,5ae32e125542991a06ce9946,7,Willoughton,6.7477921926469486
bm25_per_question_n500_d10_20260726_r01,bm25,per_question,5ae32e125542991a06ce9946,8,Kirton End,6.6434254070619385
bm25_per_question_n500_d10_20260726_r01,bm25,per_question,5ae32e125542991a06ce9946,9,2001 Bangladesh census,6.1755699664793076
bm25_per_question_n500_d10_20260726_r01,bm25,per_question,5ae32e125542991a06ce9946,10,"Boston, Lincolnshire",5.6358083890305082
bm25_per_question_n500_d10_20260726_r01,bm25,per_question,5ae33c4d5542992f92d82262,1,Robert Suettinger,8.2737364924873056
bm25_per_question_n500_d10_20260726_r01,bm25,per_question,5ae33c4d5542992f92d82262,2,Director of the Defense Intelligence Agency,5.7687289043170473
bm25_per_question_n500_d10_20260726_r01,bm25,per_question,5ae33c4d5542992f92d82262,3,National Intelligence Cross,4.5660440351660503
bm25_per_question_n500_d10_20260726_r01,bm25,per_question,5ae33c4d5542992f92d82262,4,National Intelligence Medal of Achievement,3.614487198732792
bm25_per_question_n500_d10_20260726_r01,bm25,per_question,5ae33c4d5542992f92d82262,5,Bill Clinton,3.5867005490052373
bm25_per_question_n500_d10_20260726_r01,bm25,per_question,5ae33c4d5542992f92d82262,6,National Intelligence Reform Medal,3.3564626775092661
bm25_per_question_n500_d10_20260726_r01,bm25,per_question,5ae33c4d5542992f92d82262,7,Ground Intelligence Officer,3.0582231706714254
bm25_per_question_n500_d10_20260726_r01,bm25,per_question,5ae33c4d5542992f92d82262,8,National Intelligence Estimate,3.0530106619420834
bm25_per_question_n500_d10_20260726_r01,bm25,per_question,5ae33c4d5542992f92d82262,9,National Intelligence Board,3.0465167757848119
bm25_per_question_n500_d10_20260726_r01,bm25,per_question,5ae33c4d5542992f92d82262,10,National Intelligence Superior Service Medal,2.9153408410532409
bm25_per_question_n500_d10_20260726_r01,bm25,per_question,5ae37c765542992f92d822d4,1,Tromeo and Juliet,12.751402446877291
bm25_per_question_n500_d10_20260726_r01,bm25,per_question,5ae37c765542992f92d822d4,2,A rose by any other name would smell as sweet,7.1591052992757662
bm25_per_question_n500_d10_20260726_r01,bm25,per_question,5ae37c765542992f92d822d4,3,List of Romeo × Juliet episodes,7.1376847081951338
bm25_per_question_n500_d10_20260726_r01,bm25,per_question,5ae37c765542992f92d822d4,4,Romeo + Juliet,5.7047218922409035
bm25_per_question_n500_d10_20260726_r01,bm25,per_question,5ae37c765542992f92d822d4,5,Romeo × Juliet,5.3135711393407163
bm25_per_question_n500_d10_20260726_r01,bm25,per_question,5ae37c765542992f92d822d4,6,Romeo and Juliet on screen,5.18608748963715
bm25_per_question_n500_d10_20260726_r01,bm25,per_question,5ae37c765542992f92d822d4,7,The Tragedy of Romeo and Juliet (film),5.1580420270906702
bm25_per_question_n500_d10_20260726_r01,bm25,per_question,5ae37c765542992f92d822d4,8,Romeo,4.8881334553886235
bm25_per_question_n500_d10_20260726_r01,bm25,per_question,5ae37c765542992f92d822d4,9,James Gunn's PG Porn,4.6813327573235011
bm25_per_question_n500_d10_20260726_r01,bm25,per_question,5ae37c765542992f92d822d4,10,James Gunn,4.3883291641833981
bm25_per_question_n500_d10_20260726_r01,bm25,per_question,5ae3dc205542992f92d823a1,1,"Colonna di San Zanobi, Florence",16.189832897192915
bm25_per_question_n500_d10_20260726_r01,bm25,per_question,5ae3dc205542992f92d823a1,2,Florence Baptistery,10.779050327036446
bm25_per_question_n500_d10_20260726_r01,bm25,per_question,5ae3dc205542992f92d823a1,3,Berlin Peace Column,8.7812285593954602
bm25_per_question_n500_d10_20260726_r01,bm25,per_question,5ae3dc205542992f92d823a1,4,San Jacinto Monument,7.9164976037032391
bm25_per_question_n500_d10_20260726_r01,bm25,per_question,5ae3dc205542992f92d823a1,5,"Colonna dell'Abbondanza, Florence",7.4591812972516482
bm25_per_question_n500_d10_20260726_r01,bm25,per_question,5ae3dc205542992f92d823a1,6,Piazza Colonna,7.2592776233170531
bm25_per_question_n500_d10_20260726_r01,bm25,per_question,5ae3dc205542992f92d823a1,7,"Pestsäule, Vienna",6.9381600386229492
bm25_per_question_n500_d10_20260726_r01,bm25,per_question,5ae3dc205542992f92d823a1,8,Alexander II Column in Odessa,6.6173376881879262
bm25_per_question_n500_d10_20260726_r01,bm25,per_question,5ae3dc205542992f92d823a1,9,Column of Phocas,6.4006365433707142
bm25_per_question_n500_d10_20260726_r01,bm25,per_question,5ae3dc205542992f92d823a1,10,Column of the Vicariate,5.996570047404842
bm25_per_question_n500_d10_20260726_r01,bm25,per_question,5ae3ff575542995dadf242aa,1,List of ethnic groups in Ethiopia,12.357595206100244
bm25_per_question_n500_d10_20260726_r01,bm25,per_question,5ae3ff575542995dadf242aa,2,Religion in Ghana,10.420457222305854
bm25_per_question_n500_d10_20260726_r01,bm25,per_question,5ae3ff575542995dadf242aa,3,National Archives of Zambia,9.9506691076438933
bm25_per_question_n500_d10_20260726_r01,bm25,per_question,5ae3ff575542995dadf242aa,4,Gaboš,9.9341258962926027
bm25_per_question_n500_d10_20260726_r01,bm25,per_question,5ae3ff575542995dadf242aa,5,Bibliothèque et Archives nationales du Québec,9.3348393252930766
bm25_per_question_n500_d10_20260726_r01,bm25,per_question,5ae3ff575542995dadf242aa,6,Addis Ababa,9.1203949680737804
bm25_per_question_n500_d10_20260726_r01,bm25,per_question,5ae3ff575542995dadf242aa,7,National Archives and Library of Ethiopia,8.4213456133948679
bm25_per_question_n500_d10_20260726_r01,bm25,per_question,5ae3ff575542995dadf242aa,8,National Archives of Namibia,8.2152709632504024
bm25_per_question_n500_d10_20260726_r01,bm25,per_question,5ae3ff575542995dadf242aa,9,National Archives of Bangladesh,8.0102213797180717
bm25_per_question_n500_d10_20260726_r01,bm25,per_question,5ae3ff575542995dadf242aa,10,National Archives of Mauritania,7.5514757762403262
bm25_per_question_n500_d10_20260726_r01,bm25,per_question,5ae406245542995dadf242e2,1,Marion Greene,10.807790441448688
bm25_per_question_n500_d10_20260726_r01,bm25,per_question,5ae406245542995dadf242e2,2,St. Jude Medical,9.6386886446737847
bm25_per_question_n500_d10_20260726_r01,bm25,per_question,5ae406245542995dadf242e2,3,25 Field Ambulance,5.9122496458931577
bm25_per_question_n500_d10_20260726_r01,bm25,per_question,5ae406245542995dadf242e2,4,Health services research,5.4943555059640543
bm25_per_question_n500_d10_20260726_r01,bm25,per_question,5ae406245542995dadf242e2,5,California Center for Public Health Advocacy,4.2150546974205634
bm25_per_question_n500_d10_20260726_r01,bm25,per_question,5ae406245542995dadf242e2,6,Sachin H. Jain,3.5680561520105529
bm25_per_question_n500_d10_20260726_r01,bm25,per_question,5ae406245542995dadf242e2,7,Diana Zuckerman,3.4836458458503934
bm25_per_question_n500_d10_20260726_r01,bm25,per_question,5ae406245542995dadf242e2,8,National Association for Public Health Policy,2.6874536152734714
bm25_per_question_n500_d10_20260726_r01,bm25,per_question,5ae406245542995dadf242e2,9,Everette James,2.0473182611965646
bm25_per_question_n500_d10_20260726_r01,bm25,per_question,5ae406245542995dadf242e2,10,Forward surgical teams,1.9556564589493737
bm25_per_question_n500_d10_20260726_r01,bm25,per_question,5ae4563e5542996836b02c7f,1,Spirit Halloween,16.697377823235172
bm25_per_question_n500_d10_20260726_r01,bm25,per_question,5ae4563e5542996836b02c7f,2,Halloween Adventure,9.3265781174516089
bm25_per_question_n500_d10_20260726_r01,bm25,per_question,5ae4563e5542996836b02c7f,3,Citadel Mall,8.6838151267251718
bm25_per_question_n500_d10_20260726_r01,bm25,per_question,5ae4563e5542996836b02c7f,4,Spencer Gifts,8.3797188493232611
bm25_per_question_n500_d10_20260726_r01,bm25,per_question,5ae4563e5542996836b02c7f,5,Walt Whitman Shops,7.6373964154735559
bm25_per_question_n500_d10_20260726_r01,bm25,per_question,5ae4563e5542996836b02c7f,6,Warehouse store,7.313635495643755
bm25_per_question_n500_d10_20260726_r01,bm25,per_question,5ae4563e5542996836b02c7f,7,FedMart,7.0276785195561198
bm25_per_question_n500_d10_20260726_r01,bm25,per_question,5ae4563e5542996836b02c7f,8,Rolling Acres Mall,6.9834613779100385
bm25_per_question_n500_d10_20260726_r01,bm25,per_question,5ae4563e5542996836b02c7f,9,The Crossings at Northwest,6.8155157076368145
bm25_per_question_n500_d10_20260726_r01,bm25,per_question,5ae4563e5542996836b02c7f,10,Eastern Hills Mall,6.3024494626602223
bm25_per_question_n500_d10_20260726_r01,bm25,per_question,5ae4627d5542991a06ce9a4d,1,British University Hurling Championship,4.2089799590211134
bm25_per_question_n500_d10_20260726_r01,bm25,per_question,5ae4627d5542991a06ce9a4d,2,Contract with the World,3.6622324377871669
bm25_per_question_n500_d10_20260726_r01,bm25,per_question,5ae4627d5542991a06ce9a4d,3,Kate Millett,3.447427757775456
bm25_per_question_n500_d10_20260726_r01,bm25,per_question,5ae4627d5542991a06ce9a4d,4,Au Pairs (band),2.9685764900875586
bm25_per_question_n500_d10_20260726_r01,bm25,per_question,5ae4627d5542991a06ce9a4d,5,Carol J. Adams,2.8450329211718062
bm25_per_question_n500_d10_20260726_r01,bm25,per_question,5ae4627d5542991a06ce9a4d,6,C. V. Balakrishnan,2.3705892412720795
bm25_per_question_n500_d10_20260726_r01,bm25,per_question,5ae4627d5542991a06ce9a4d,7,Harris G. Mirkin,2.0512483504124992
bm25_per_question_n500_d10_20260726_r01,bm25,per_question,5ae4627d5542991a06ce9a4d,8,Susie Bright,1.6518574995935431
bm25_per_question_n500_d10_20260726_r01,bm25,per_question,5ae4627d5542991a06ce9a4d,9,Shannon Bell,0.95685454384570401
bm25_per_question_n500_d10_20260726_r01,bm25,per_question,5ae4627d5542991a06ce9a4d,10,Sexual Politics,0.65493545001980491
bm25_per_question_n500_d10_20260726_r01,bm25,per_question,5ae4890a5542995ad6573d60,1,Claudio Fernández-Aráoz,10.697395615738493
bm25_per_question_n500_d10_20260726_r01,bm25,per_question,5ae4890a5542995ad6573d60,2,Thomas Shea,4.8941830131036479
bm25_per_question_n500_d10_20260726_r01,bm25,per_question,5ae4890a5542995ad6573d60,3,Shomwa Shamapande,4.5009620499869456
bm25_per_question_n500_d10_20260726_r01,bm25,per_question,5ae4890a5542995ad6573d60,4,Peter Torry,4.4953263232978191
bm25_per_question_n500_d10_20260726_r01,bm25,per_question,5ae4890a5542995ad6573d60,5,Richard Socarides,4.2909771276398816
bm25_per_question_n500_d10_20260726_r01,bm25,per_question,5ae4890a5542995ad6573d60,6,Egon Zehnder,4.2237801255758409
bm25_per_question_n500_d10_20260726_r01,bm25,per_question,5ae4890a5542995ad6573d60,7,Yulchon,4.0541969997983376
bm25_per_question_n500_d10_20260726_r01,bm25,per_question,5ae4890a5542995ad6573d60,8,Michael Green (political expert),3.6922235569923485
bm25_per_question_n500_d10_20260726_r01,bm25,per_question,5ae4890a5542995ad6573d60,9,Lee Terry,3.5315858230757819
bm25_per_question_n500_d10_20260726_r01,bm25,per_question,5ae4890a5542995ad6573d60,10,Yousef Pashtun,3.0422439163873292
bm25_per_question_n500_d10_20260726_r01,bm25,per_question,5ae497f15542995ad6573db8,1,Sean Connor,4.9877714567224167
bm25_per_question_n500_d10_20260726_r01,bm25,per_question,5ae497f15542995ad6573db8,2,Donegal Celtic F.C.,2.4216646733509366
bm25_per_question_n500_d10_20260726_r01,bm25,per_question,5ae497f15542995ad6573db8,3,Northern Ireland Intermediate League,2.2323905140946287
bm25_per_question_n500_d10_20260726_r01,bm25,per_question,5ae497f15542995ad6573db8,4,NIFL Premier Intermediate League,2.2245395206635914
bm25_per_question_n500_d10_20260726_r01,bm25,per_question,5ae497f15542995ad6573db8,5,Portstewart F.C.,1.9392896273648565
bm25_per_question_n500_d10_20260726_r01,bm25,per_question,5ae497f15542995ad6573db8,6,Northern Ireland Football League,1.9307549170628828
bm25_per_question_n500_d10_20260726_r01,bm25,per_question,5ae497f15542995ad6573db8,7,Sport &amp; Leisure Swifts F.C.,1.8656333951565061
bm25_per_question_n500_d10_20260726_r01,bm25,per_question,5ae497f15542995ad6573db8,8,Lisburn Distillery F.C.,1.7388596582906539
bm25_per_question_n500_d10_20260726_r01,bm25,per_question,5ae497f15542995ad6573db8,9,Queen's University Belfast A.F.C.,1.5843105542694047
bm25_per_question_n500_d10_20260726_r01,bm25,per_question,5ae497f15542995ad6573db8,10,Newington Youth F.C.,1.02724278256658
bm25_per_question_n500_d10_20260726_r01,bm25,per_question,5ae4a3265542995ad6573de5,1,Hayden (musician),3.6310677765256072
bm25_per_question_n500_d10_20260726_r01,bm25,per_question,5ae4a3265542995ad6573de5,2,Mild and Hazy,3.3342959217144723
bm25_per_question_n500_d10_20260726_r01,bm25,per_question,5ae4a3265542995ad6573de5,3,Hailstorm Alley,3.1338775756683974
bm25_per_question_n500_d10_20260726_r01,bm25,per_question,5ae4a3265542995ad6573de5,4,Dewey Beard,2.7668547955267897
bm25_per_question_n500_d10_20260726_r01,bm25,per_question,5ae4a3265542995ad6573de5,5,Skyscraper National Park,2.6631336117288518
bm25_per_question_n500_d10_20260726_r01,bm25,per_question,5ae4a3265542995ad6573de5,6,Kyo (musician),2.1080129216687182
bm25_per_question_n500_d10_20260726_r01,bm25,per_question,5ae4a3265542995ad6573de5,7,Atsushi Sakurai,1.8113985598692042
bm25_per_question_n500_d10_20260726_r01,bm25,per_question,5ae4a3265542995ad6573de5,8,Buck-Tick,1.4526963261613375
bm25_per_question_n500_d10_20260726_r01,bm25,per_question,5ae4a3265542995ad6573de5,9,Masami Tsuchiya,1.2531121702686181
bm25_per_question_n500_d10_20260726_r01,bm25,per_question,5ae4a3265542995ad6573de5,10,Alberta Hail Project,1.2417720948841313
bm25_per_question_n500_d10_20260726_r01,bm25,per_question,5ae4c2b95542995dadf243ef,1,Phil Bennett (American football),5.9162193162651224
bm25_per_question_n500_d10_20260726_r01,bm25,per_question,5ae4c2b95542995dadf243ef,2,1958 Arizona State Sun Devils football team,5.9054495349858644
bm25_per_question_n500_d10_20260726_r01,bm25,per_question,5ae4c2b95542995dadf243ef,3,SMU Mustangs football under Mike Cavan,5.4599951815259455
bm25_per_question_n500_d10_20260726_r01,bm25,per_question,5ae4c2b95542995dadf243ef,4,Arizona State Sun Devils football,4.3311549662328028
bm25_per_question_n500_d10_20260726_r01,bm25,per_question,5ae4c2b95542995dadf243ef,5,1961 Arizona State Sun Devils football team,4.0594773640314603
bm25_per_question_n500_d10_20260726_r01,bm25,per_question,5ae4c2b95542995dadf243ef,6,1952 Arizona State Sun Devils football team,3.9861001017835749
bm25_per_question_n500_d10_20260726_r01,bm25,per_question,5ae4c2b95542995dadf243ef,7,1956 Arizona State Sun Devils football team,3.8036151617999083
bm25_per_question_n500_d10_20260726_r01,bm25,per_question,5ae4c2b95542995dadf243ef,8,1955 Arizona State Sun Devils football team,3.7640644846622795
bm25_per_question_n500_d10_20260726_r01,bm25,per_question,5ae4c2b95542995dadf243ef,9,1951 Arizona State Sun Devils football team,3.5822660711985388
bm25_per_question_n500_d10_20260726_r01,bm25,per_question,5ae4c2b95542995dadf243ef,10,1954 Arizona State Sun Devils football team,3.3044496028773978
bm25_per_question_n500_d10_20260726_r01,bm25,per_question,5ae4c39f5542995dadf243fb,1,Rivington Hall,4.3731561999191175
bm25_per_question_n500_d10_20260726_r01,bm25,per_question,5ae4c39f5542995dadf243fb,2,Rivington Hall Barn,3.15272019789239
bm25_per_question_n500_d10_20260726_r01,bm25,per_question,5ae4c39f5542995dadf243fb,3,"Almonte, Ontario",2.4964847680593687
bm25_per_question_n500_d10_20260726_r01,bm25,per_question,5ae4c39f5542995dadf243fb,4,"Wilton, Maine",1.3642901383727903
bm25_per_question_n500_d10_20260726_r01,bm25,per_question,5ae4c39f5542995dadf243fb,5,Manor of Rivington,1.1592674995163483
bm25_per_question_n500_d10_20260726_r01,bm25,per_question,5ae4c39f5542995dadf243fb,6,"Savage, Maryland",1.0529990916465186
bm25_per_question_n500_d10_20260726_r01,bm25,per_question,5ae4c39f5542995dadf243fb,7,Bolton,0.7646164978574973
bm25_per_question_n500_d10_20260726_r01,bm25,per_question,5ae4c39f5542995dadf243fb,8,Muddy Creek Forks Historic District,0.52015326276658369
bm25_per_question_n500_d10_20260726_r01,bm25,per_question,5ae4c39f5542995dadf243fb,9,Baron Burnham,0.37562502956606303
bm25_per_question_n500_d10_20260726_r01,bm25,per_question,5ae4c39f5542995dadf243fb,10,Stank Hall,0.36021213726039442
bm25_per_question_n500_d10_20260726_r01,bm25,per_question,5ae4c49a5542995dadf24400,1,Henry Hall (American revolution),16.807676487904896
bm25_per_question_n500_d10_20260726_r01,bm25,per_question,5ae4c49a5542995dadf24400,2,Robert Plampin,12.27519610404512
bm25_per_question_n500_d10_20260726_r01,bm25,per_question,5ae4c49a5542995dadf24400,3,John Adlum,9.7767520378228205
bm25_per_question_n500_d10_20260726_r01,bm25,per_question,5ae4c49a5542995dadf24400,4,Cuisine of Karachi,9.6688460190581544
bm25_per_question_n500_d10_20260726_r01,bm25,per_question,5ae4c49a5542995dadf24400,5,List of fossils with consumulites,8.683028770330063
bm25_per_question_n500_d10_20260726_r01,bm25,per_question,5ae4c49a5542995dadf24400,6,Blanket bog,7.1414990038378408
bm25_per_question_n500_d10_20260726_r01,bm25,per_question,5ae4c49a5542995dadf24400,7,Cranberry,6.5328218918769529
bm25_per_question_n500_d10_20260726_r01,bm25,per_question,5ae4c49a5542995dadf24400,8,Historic Camden Revolutionary War Site,6.0027362964648487
bm25_per_question_n500_d10_20260726_r01,bm25,per_question,5ae4c49a5542995dadf24400,9,Boortsog,5.7122086293023591
bm25_per_question_n500_d10_20260726_r01,bm25,per_question,5ae4c49a5542995dadf24400,10,Carnival Cravings,4.3022983022323684
bm25_per_question_n500_d10_20260726_r01,bm25,per_question,5ae4c5595542990ba0bbb123,1,War Chhod Na Yaar,13.002996771969958
bm25_per_question_n500_d10_20260726_r01,bm25,per_question,5ae4c5595542990ba0bbb123,2,Soha Ali Khan,4.9351877141703477
bm25_per_question_n500_d10_20260726_r01,bm25,per_question,5ae4c5595542990ba0bbb123,3,Debashree Roy filmography,4.8171215815326285
bm25_per_question_n500_d10_20260726_r01,bm25,per_question,5ae4c5595542990ba0bbb123,4,Farida Jalal,4.5386626183088641
bm25_per_question_n500_d10_20260726_r01,bm25,per_question,5ae4c5595542990ba0bbb123,5,Maharshi Raghava,4.4959333079022263
bm25_per_question_n500_d10_20260726_r01,bm25,per_question,5ae4c5595542990ba0bbb123,6,David Dencik,4.4611873322748927
bm25_per_question_n500_d10_20260726_r01,bm25,per_question,5ae4c5595542990ba0bbb123,7,Siddhartha Jadhav,3.9397414285725629
bm25_per_question_n500_d10_20260726_r01,bm25,per_question,5ae4c5595542990ba0bbb123,8,Gita Dey,3.932117349276667
bm25_per_question_n500_d10_20260726_r01,bm25,per_question,5ae4c5595542990ba0bbb123,9,Utpal Dutt,3.6723627538821271
bm25_per_question_n500_d10_20260726_r01,bm25,per_question,5ae4c5595542990ba0bbb123,10,Anil Chatterjee,3.5910218315565583
bm25_per_question_n500_d10_20260726_r01,bm25,per_question,5ae4d3c95542990ba0bbb165,1,Nusretiye Clock Tower,8.1775054468437673
bm25_per_question_n500_d10_20260726_r01,bm25,per_question,5ae4d3c95542990ba0bbb165,2,Azam mosque of Qom,8.0019070526465281
bm25_per_question_n500_d10_20260726_r01,bm25,per_question,5ae4d3c95542990ba0bbb165,3,"Clock Tower, Brighton",7.1265523881055177
bm25_per_question_n500_d10_20260726_r01,bm25,per_question,5ae4d3c95542990ba0bbb165,4,Eski Imaret Mosque,6.9907365882913952
bm25_per_question_n500_d10_20260726_r01,bm25,per_question,5ae4d3c95542990ba0bbb165,5,Kumanovo Clock Tower,5.972917153430533
bm25_per_question_n500_d10_20260726_r01,bm25,per_question,5ae4d3c95542990ba0bbb165,6,Clock Tower of Murshidabad,5.7152060226222456
bm25_per_question_n500_d10_20260726_r01,bm25,per_question,5ae4d3c95542990ba0bbb165,7,Birgu Clock Tower,5.5848875210789348
bm25_per_question_n500_d10_20260726_r01,bm25,per_question,5ae4d3c95542990ba0bbb165,8,Hysen Pasha Mosque,5.2644321096669087
bm25_per_question_n500_d10_20260726_r01,bm25,per_question,5ae4d3c95542990ba0bbb165,9,Galle Clock Tower,5.0560715045840476
bm25_per_question_n500_d10_20260726_r01,bm25,per_question,5ae4d3c95542990ba0bbb165,10,Tashkopryu Mosque,4.9593130220221235
bm25_per_question_n500_d10_20260726_r01,bm25,per_question,5ae4ec1e5542990ba0bbb19b,1,The Bears and I,16.420558189081039
bm25_per_question_n500_d10_20260726_r01,bm25,per_question,5ae4ec1e5542990ba0bbb19b,2,Buena Vista (brand),7.5190061043064569
bm25_per_question_n500_d10_20260726_r01,bm25,per_question,5ae4ec1e5542990ba0bbb19b,3,Walt Disney Studios Motion Pictures,7.0337070297145505
bm25_per_question_n500_d10_20260726_r01,bm25,per_question,5ae4ec1e5542990ba0bbb19b,4,Oceans (film),6.7570838922625347
bm25_per_question_n500_d10_20260726_r01,bm25,per_question,5ae4ec1e5542990ba0bbb19b,5,Buena Vista High School (Michigan),5.8663202425624776
bm25_per_question_n500_d10_20260726_r01,bm25,per_question,5ae4ec1e5542990ba0bbb19b,6,Buena Vista Park,5.5349374644272222
bm25_per_question_n500_d10_20260726_r01,bm25,per_question,5ae4ec1e5542990ba0bbb19b,7,List of Walt Disney Pictures films,5.225110399436443
bm25_per_question_n500_d10_20260726_r01,bm25,per_question,5ae4ec1e5542990ba0bbb19b,8,Best Western Lake Buena Vista Resort Hotel,4.8645892690399242
bm25_per_question_n500_d10_20260726_r01,bm25,per_question,5ae4ec1e5542990ba0bbb19b,9,Buena Vista Downtown Historic District,4.2942156686209785
bm25_per_question_n500_d10_20260726_r01,bm25,per_question,5ae4ec1e5542990ba0bbb19b,10,"Buena Vista, Pennsylvania",3.4528694184042767
bm25_per_question_n500_d10_20260726_r01,bm25,per_question,5ae4f2c75542993aec5ec0fb,1,Townsville Airport,10.281837644827757
bm25_per_question_n500_d10_20260726_r01,bm25,per_question,5ae4f2c75542993aec5ec0fb,2,Pitt Meadows Airport,9.6038069019517884
bm25_per_question_n500_d10_20260726_r01,bm25,per_question,5ae4f2c75542993aec5ec0fb,3,Logan International Airport,9.3339985056328949
bm25_per_question_n500_d10_20260726_r01,bm25,per_question,5ae4f2c75542993aec5ec0fb,4,Charlotte Douglas International Airport,8.4075798246126165
bm25_per_question_n500_d10_20260726_r01,bm25,per_question,5ae4f2c75542993aec5ec0fb,5,Kazan International Airport,8.0539759815785157
bm25_per_question_n500_d10_20260726_r01,bm25,per_question,5ae4f2c75542993aec5ec0fb,6,Denver International Airport,8.0320215314055119
bm25_per_question_n500_d10_20260726_r01,bm25,per_question,5ae4f2c75542993aec5ec0fb,7,American Airlines Shuttle,7.8510683477520056
bm25_per_question_n500_d10_20260726_r01,bm25,per_question,5ae4f2c75542993aec5ec0fb,8,Coimbatore International Airport,7.7167959758437243
bm25_per_question_n500_d10_20260726_r01,bm25,per_question,5ae4f2c75542993aec5ec0fb,9,Dalian Zhoushuizi International Airport,7.626815458512624
bm25_per_question_n500_d10_20260726_r01,bm25,per_question,5ae4f2c75542993aec5ec0fb,10,Eastern Air Lines Shuttle,5.4486225698175135
bm25_per_question_n500_d10_20260726_r01,bm25,per_question,5ae5072e55429960a22e0246,1,What Lovers Do,10.386932779516242
bm25_per_question_n500_d10_20260726_r01,bm25,per_question,5ae5072e55429960a22e0246,2,Hans Orifice,7.0858455217501666
bm25_per_question_n500_d10_20260726_r01,bm25,per_question,5ae5072e55429960a22e0246,3,Kent Stax,6.5443082897783569
bm25_per_question_n500_d10_20260726_r01,bm25,per_question,5ae5072e55429960a22e0246,4,Mark Castillo,6.0704091380247478
bm25_per_question_n500_d10_20260726_r01,bm25,per_question,5ae5072e55429960a22e0246,5,Peter Morén (drummer),5.6316873948151569
bm25_per_question_n500_d10_20260726_r01,bm25,per_question,5ae5072e55429960a22e0246,6,4 Tune Kookies,5.1855505197607119
bm25_per_question_n500_d10_20260726_r01,bm25,per_question,5ae5072e55429960a22e0246,7,Raimund Marasigan,5.1262161294825512
bm25_per_question_n500_d10_20260726_r01,bm25,per_question,5ae5072e55429960a22e0246,8,The Unguided,4.8065923648081217
bm25_per_question_n500_d10_20260726_r01,bm25,per_question,5ae5072e55429960a22e0246,9,Timothy &quot;Yogi&quot; Watts,4.5672660731770298
bm25_per_question_n500_d10_20260726_r01,bm25,per_question,5ae5072e55429960a22e0246,10,Maroon 5,2.1830260321387778
bm25_per_question_n500_d10_20260726_r01,bm25,per_question,5ae52c0f5542992663a4f12e,1,Sullivan East High School,6.9290858003017428
bm25_per_question_n500_d10_20260726_r01,bm25,per_question,5ae52c0f5542992663a4f12e,2,Paso Robles High School,6.7870497766814779
bm25_per_question_n500_d10_20260726_r01,bm25,per_question,5ae52c0f5542992663a4f12e,3,Faith Lutheran Middle School &amp; High School,5.6998823117125745
bm25_per_question_n500_d10_20260726_r01,bm25,per_question,5ae52c0f5542992663a4f12e,4,Mentor High School,5.4137363856718057
bm25_per_question_n500_d10_20260726_r01,bm25,per_question,5ae52c0f5542992663a4f12e,5,Port Charlotte High School,5.31335582099537
bm25_per_question_n500_d10_20260726_r01,bm25,per_question,5ae52c0f5542992663a4f12e,6,"Lutheran High School (La Verne, California)",5.1054726071925165
bm25_per_question_n500_d10_20260726_r01,bm25,per_question,5ae52c0f5542992663a4f12e,7,Faith Lutheran High School,4.8535314841651367
bm25_per_question_n500_d10_20260726_r01,bm25,per_question,5ae52c0f5542992663a4f12e,8,Vernon Fox,4.3689733776920745
bm25_per_question_n500_d10_20260726_r01,bm25,per_question,5ae52c0f5542992663a4f12e,9,"Faith Lutheran College, Redlands",4.3443716857234707
bm25_per_question_n500_d10_20260726_r01,bm25,per_question,5ae52c0f5542992663a4f12e,10,"Summerlin, Nevada",1.9448949053038365
bm25_per_question_n500_d10_20260726_r01,bm25,per_question,5ae53b545542990ba0bbb23c,1,Flamingo Las Vegas,7.464235630546403
bm25_per_question_n500_d10_20260726_r01,bm25,per_question,5ae53b545542990ba0bbb23c,2,Why Is There Air?,6.7642833233383586
bm25_per_question_n500_d10_20260726_r01,bm25,per_question,5ae53b545542990ba0bbb23c,3,"Yes, Yes, Yes",3.2133041870607064
bm25_per_question_n500_d10_20260726_r01,bm25,per_question,5ae53b545542990ba0bbb23c,4,Bill's Best Friend,2.9192474925501757
bm25_per_question_n500_d10_20260726_r01,bm25,per_question,5ae53b545542990ba0bbb23c,5,Hikky Burr,2.6727629354925204
bm25_per_question_n500_d10_20260726_r01,bm25,per_question,5ae53b545542990ba0bbb23c,6,The Original Jam Sessions 1969,2.6023574931291815
bm25_per_question_n500_d10_20260726_r01,bm25,per_question,5ae53b545542990ba0bbb23c,7,Bill Cosby Is a Very Funny Fellow...Right!,2.3262580210204664
bm25_per_question_n500_d10_20260726_r01,bm25,per_question,5ae53b545542990ba0bbb23c,8,Disco Bill,2.2127723023691805
bm25_per_question_n500_d10_20260726_r01,bm25,per_question,5ae53b545542990ba0bbb23c,9,At Last Bill Cosby Really Sings,2.0205059397834071
bm25_per_question_n500_d10_20260726_r01,bm25,per_question,5ae53b545542990ba0bbb23c,10,Inside the Mind of Bill Cosby,1.9339484898160997
bm25_per_question_n500_d10_20260726_r01,bm25,per_question,5ae5736e5542990ba0bbb2b3,1,Paul Manafort,10.347186212043621
bm25_per_question_n500_d10_20260726_r01,bm25,per_question,5ae5736e5542990ba0bbb2b3,2,David Urban,10.158703536741411
bm25_per_question_n500_d10_20260726_r01,bm25,per_question,5ae5736e5542990ba0bbb2b3,3,Donald Trump (Last Week Tonight),9.3176953309905191
bm25_per_question_n500_d10_20260726_r01,bm25,per_question,5ae5736e5542990ba0bbb2b3,4,Trump campaign–Russian meeting,8.8744179915374453
bm25_per_question_n500_d10_20260726_r01,bm25,per_question,5ae5736e5542990ba0bbb2b3,5,Brad Parscale,8.5996978466117771
bm25_per_question_n500_d10_20260726_r01,bm25,per_question,5ae5736e5542990ba0bbb2b3,6,"Donald Trump presidential campaign, 2000",8.560904478501989
bm25_per_question_n500_d10_20260726_r01,bm25,per_question,5ae5736e5542990ba0bbb2b3,7,Immigration policy of Donald Trump,7.4999836297138005
bm25_per_question_n500_d10_20260726_r01,bm25,per_question,5ae5736e5542990ba0bbb2b3,8,Tony Fabrizio,6.3839825415565841
bm25_per_question_n500_d10_20260726_r01,bm25,per_question,5ae5736e5542990ba0bbb2b3,9,Donald Trump in music,6.0066956578030641
bm25_per_question_n500_d10_20260726_r01,bm25,per_question,5ae5736e5542990ba0bbb2b3,10,Protests against Donald Trump,5.3140430875665512
bm25_per_question_n500_d10_20260726_r01,bm25,per_question,5ae5aba0554299546bf82f17,1,List of Teen Titans Go! episodes,10.866408936319669
bm25_per_question_n500_d10_20260726_r01,bm25,per_question,5ae5aba0554299546bf82f17,2,Teen Titans Go! (TV series),9.9066499719491485
bm25_per_question_n500_d10_20260726_r01,bm25,per_question,5ae5aba0554299546bf82f17,3,Tara Strong,8.3705421312980341
bm25_per_question_n500_d10_20260726_r01,bm25,per_question,5ae5aba0554299546bf82f17,4,Tara Strong filmography,8.3705421312980341
bm25_per_question_n500_d10_20260726_r01,bm25,per_question,5ae5aba0554299546bf82f17,5,Teen Titans: Trouble in Tokyo,7.1320865000786071
bm25_per_question_n500_d10_20260726_r01,bm25,per_question,5ae5aba0554299546bf82f17,6,Teen Titans (season 4),6.8324199158911219
bm25_per_question_n500_d10_20260726_r01,bm25,per_question,5ae5aba0554299546bf82f17,7,Teen Titans (season 1),6.4402096372502209
bm25_per_question_n500_d10_20260726_r01,bm25,per_question,5ae5aba0554299546bf82f17,8,List of Teen Titans episodes,6.3298863924882021
bm25_per_question_n500_d10_20260726_r01,bm25,per_question,5ae5aba0554299546bf82f17,9,Roy Harper (comics),4.8933104128438476
bm25_per_question_n500_d10_20260726_r01,bm25,per_question,5ae5aba0554299546bf82f17,10,Teen Titans,3.6374998040397601
bm25_per_question_n500_d10_20260726_r01,bm25,per_question,5ae5b301554299546bf82f2d,1,Angiotensin,6.2456084318671596
bm25_per_question_n500_d10_20260726_r01,bm25,per_question,5ae5b301554299546bf82f2d,2,Low pressure receptors,5.7617472246177028
bm25_per_question_n500_d10_20260726_r01,bm25,per_question,5ae5b301554299546bf82f2d,3,Aldosterone,4.3035679641912754
bm25_per_question_n500_d10_20260726_r01,bm25,per_question,5ae5b301554299546bf82f2d,4,Ascending limb of loop of Henle,2.9173462528682386
bm25_per_question_n500_d10_20260726_r01,bm25,per_question,5ae5b301554299546bf82f2d,5,Sodium-chloride symporter,2.8689816695695463
bm25_per_question_n500_d10_20260726_r01,bm25,per_question,5ae5b301554299546bf82f2d,6,Loop of Henle,2.8603254473786226
bm25_per_question_n500_d10_20260726_r01,bm25,per_question,5ae5b301554299546bf82f2d,7,Renal tubular acidosis,2.7484511591742229
bm25_per_question_n500_d10_20260726_r01,bm25,per_question,5ae5b301554299546bf82f2d,8,Tubuloglomerular feedback,2.698162844694493
bm25_per_question_n500_d10_20260726_r01,bm25,per_question,5ae5b301554299546bf82f2d,9,Distal renal tubular acidosis,2.3580268379371097
bm25_per_question_n500_d10_20260726_r01,bm25,per_question,5ae5b301554299546bf82f2d,10,Sylvia Agnes Sophia Tait,2.2430523108037561
bm25_per_question_n500_d10_20260726_r01,bm25,per_question,5ae5e1345542996de7b71a50,1,The Sum of All Fears,8.2251887783000495
bm25_per_question_n500_d10_20260726_r01,bm25,per_question,5ae5e1345542996de7b71a50,2,Jack Ryan (character),6.5296541713368814
bm25_per_question_n500_d10_20260726_r01,bm25,per_question,5ae5e1345542996de7b71a50,3,Sam Fisher (Splinter Cell),3.9491770360819465
bm25_per_question_n500_d10_20260726_r01,bm25,per_question,5ae5e1345542996de7b71a50,4,Tom Clancy's Net Force Explorers: Cold Case,2.7674326981125743
bm25_per_question_n500_d10_20260726_r01,bm25,per_question,5ae5e1345542996de7b71a50,5,Tom Clancy's Splinter Cell: Pandora Tomorrow,2.5496801625556675
bm25_per_question_n500_d10_20260726_r01,bm25,per_question,5ae5e1345542996de7b71a50,6,Tom Clancy's Net Force Explorers: Deathworld,2.3410851269527866
bm25_per_question_n500_d10_20260726_r01,bm25,per_question,5ae5e1345542996de7b71a50,7,Tom Clancy's Net Force Explorers: High Wire,2.3410851269527866
bm25_per_question_n500_d10_20260726_r01,bm25,per_question,5ae5e1345542996de7b71a50,8,Tom Clancy's Net Force Explorers: Duel Identity,2.3410851269527866
bm25_per_question_n500_d10_20260726_r01,bm25,per_question,5ae5e1345542996de7b71a50,9,Tom Clancy's Net Force Explorers: Death Match,2.3410851269527866
bm25_per_question_n500_d10_20260726_r01,bm25,per_question,5ae5e1345542996de7b71a50,10,Tom Clancy's Net Force Explorers: Gameprey,2.3410851269527866
bm25_per_question_n500_d10_20260726_r01,bm25,per_question,5ae60426554299546bf83019,1,BraveStarr,4.7818346549050732
bm25_per_question_n500_d10_20260726_r01,bm25,per_question,5ae60426554299546bf83019,2,COPS (animated TV series),2.903005401746324
bm25_per_question_n500_d10_20260726_r01,bm25,per_question,5ae60426554299546bf83019,3,Noel C. Bloom,2.8633494936269894
bm25_per_question_n500_d10_20260726_r01,bm25,per_question,5ae60426554299546bf83019,4,Sterling Entertainment Group,2.2621669476073638
bm25_per_question_n500_d10_20260726_r01,bm25,per_question,5ae60426554299546bf83019,5,Locke the Superman,2.235053076539117
bm25_per_question_n500_d10_20260726_r01,bm25,per_question,5ae60426554299546bf83019,6,Tottoi,1.6896476993665246
bm25_per_question_n500_d10_20260726_r01,bm25,per_question,5ae60426554299546bf83019,7,Magna Home Entertainment,1.6653120382488273
bm25_per_question_n500_d10_20260726_r01,bm25,per_question,5ae60426554299546bf83019,8,Monster Force,1.6131722367085779
bm25_per_question_n500_d10_20260726_r01,bm25,per_question,5ae60426554299546bf83019,9,Celebrity Home Entertainment,1.5110547597935322
bm25_per_question_n500_d10_20260726_r01,bm25,per_question,5ae60426554299546bf83019,10,The Fairies,1.1136335459681228
bm25_per_question_n500_d10_20260726_r01,bm25,per_question,5ae6050f55429929b0807a5e,1,Kate Higgins,5.5351363396067459
bm25_per_question_n500_d10_20260726_r01,bm25,per_question,5ae6050f55429929b0807a5e,2,Winnie the Pooh and the Blustery Day,4.1010768613232695
bm25_per_question_n500_d10_20260726_r01,bm25,per_question,5ae6050f55429929b0807a5e,3,A Rather Blustery Day,3.784710873434717
bm25_per_question_n500_d10_20260726_r01,bm25,per_question,5ae6050f55429929b0807a5e,4,The Wonderful Thing About Tiggers,2.9082022927365268
bm25_per_question_n500_d10_20260726_r01,bm25,per_question,5ae6050f55429929b0807a5e,5,Heffalumps and Woozles,1.9843960528893254
bm25_per_question_n500_d10_20260726_r01,bm25,per_question,5ae6050f55429929b0807a5e,6,Hip Hip Pooh-Ray!,1.9659939780504936
bm25_per_question_n500_d10_20260726_r01,bm25,per_question,5ae6050f55429929b0807a5e,7,The Rain Rain Rain Came Down Down Down,1.8324557096050791
bm25_per_question_n500_d10_20260726_r01,bm25,per_question,5ae6050f55429929b0807a5e,8,Little Black Rain Cloud,1.7857019522694151
bm25_per_question_n500_d10_20260726_r01,bm25,per_question,5ae6050f55429929b0807a5e,9,The House That Jack Built (1967 film),1.5445508456932118
bm25_per_question_n500_d10_20260726_r01,bm25,per_question,5ae6050f55429929b0807a5e,10,Jim Cummings,0.37250341131226961
bm25_per_question_n500_d10_20260726_r01,bm25,per_question,5ae628f55542995703ce8b32,1,"Six Violin Sonatas, Op. 5 (Vivaldi)",12.490989176644526
bm25_per_question_n500_d10_20260726_r01,bm25,per_question,5ae628f55542995703ce8b32,2,Domenico Scarlatti,5.0199944988941674
bm25_per_question_n500_d10_20260726_r01,bm25,per_question,5ae628f55542995703ce8b32,3,Lorenzo Ratti,4.5448754003743854
bm25_per_question_n500_d10_20260726_r01,bm25,per_question,5ae628f55542995703ce8b32,4,Luigi Rossi,4.2551042349409531
bm25_per_question_n500_d10_20260726_r01,bm25,per_question,5ae628f55542995703ce8b32,5,George Frideric Handel,4.1322204389040342
bm25_per_question_n500_d10_20260726_r01,bm25,per_question,5ae628f55542995703ce8b32,6,Jean-Baptiste Senaillé,3.9011149295737564
bm25_per_question_n500_d10_20260726_r01,bm25,per_question,5ae628f55542995703ce8b32,7,Antonio Vivaldi,3.8457005743130708
bm25_per_question_n500_d10_20260726_r01,bm25,per_question,5ae628f55542995703ce8b32,8,Francesco Scarlatti,2.8162037123885568
bm25_per_question_n500_d10_20260726_r01,bm25,per_question,5ae628f55542995703ce8b32,9,Tomaso Albinoni,2.357552177070898
bm25_per_question_n500_d10_20260726_r01,bm25,per_question,5ae628f55542995703ce8b32,10,Antonio Lotti,1.802253737905946
bm25_per_question_n500_d10_20260726_r01,bm25,per_question,5ae63dad55429929b0807afe,1,Here We Go Round the Mulberry Bush (film),8.4857451740779126
bm25_per_question_n500_d10_20260726_r01,bm25,per_question,5ae63dad55429929b0807afe,2,Here We Go Round the Mulberry Bush (Traffic song),6.5049244704280564
bm25_per_question_n500_d10_20260726_r01,bm25,per_question,5ae63dad55429929b0807afe,3,Clive Donner,5.9102820097470783
bm25_per_question_n500_d10_20260726_r01,bm25,per_question,5ae63dad55429929b0807afe,4,The Wheels on the Bus,5.6349981419819954
bm25_per_question_n500_d10_20260726_r01,bm25,per_question,5ae63dad55429929b0807afe,5,Roy Holder,5.1564693828200463
bm25_per_question_n500_d10_20260726_r01,bm25,per_question,5ae63dad55429929b0807afe,6,Here We Go Round the Mulberry Bush,5.0280264739063112
bm25_per_question_n500_d10_20260726_r01,bm25,per_question,5ae63dad55429929b0807afe,7,Michael Finnegan (song),4.9680507977199619
bm25_per_question_n500_d10_20260726_r01,bm25,per_question,5ae63dad55429929b0807afe,8,Hunter Davies,4.8224470284241159
bm25_per_question_n500_d10_20260726_r01,bm25,per_question,5ae63dad55429929b0807afe,9,Here We Go Round the Mulberry Bush (disambiguation),4.7213777233561105
bm25_per_question_n500_d10_20260726_r01,bm25,per_question,5ae63dad55429929b0807afe,10,Christopher Mitchell (actor),4.3138746701171105
bm25_per_question_n500_d10_20260726_r01,bm25,per_question,5ae67dba55429908198fa5f0,1,Memphis Hustle,9.6613621304107102
bm25_per_question_n500_d10_20260726_r01,bm25,per_question,5ae67dba55429908198fa5f0,2,"Olive Branch, Mississippi",8.2427737552453806
bm25_per_question_n500_d10_20260726_r01,bm25,per_question,5ae67dba55429908198fa5f0,3,"Ellenbrook, Western Australia",7.9352305079210899
bm25_per_question_n500_d10_20260726_r01,bm25,per_question,5ae67dba55429908198fa5f0,4,"Southaven, Mississippi",7.1472382342624048
bm25_per_question_n500_d10_20260726_r01,bm25,per_question,5ae67dba55429908198fa5f0,5,"Marion, Arkansas",6.7405686203126578
bm25_per_question_n500_d10_20260726_r01,bm25,per_question,5ae67dba55429908198fa5f0,6,"Millington, Tennessee",6.7238694603343525
bm25_per_question_n500_d10_20260726_r01,bm25,per_question,5ae67dba55429908198fa5f0,7,Memphis metropolitan area,6.5530827876215767
bm25_per_question_n500_d10_20260726_r01,bm25,per_question,5ae67dba55429908198fa5f0,8,"Lakeland, Tennessee",6.2253966138563186
bm25_per_question_n500_d10_20260726_r01,bm25,per_question,5ae67dba55429908198fa5f0,9,"Covington, Tennessee",5.7924276438556959
bm25_per_question_n500_d10_20260726_r01,bm25,per_question,5ae67dba55429908198fa5f0,10,"West Memphis, Arkansas",4.1740518179829902
bm25_per_question_n500_d10_20260726_r01,bm25,per_question,5ae6828f5542996d980e7bb9,1,"Stanley Park, Blackpool",12.643238224186529
bm25_per_question_n500_d10_20260726_r01,bm25,per_question,5ae6828f5542996d980e7bb9,2,"Salisbury Woodland Gardens, Blackpool",11.848171659242913
bm25_per_question_n500_d10_20260726_r01,bm25,per_question,5ae6828f5542996d980e7bb9,3,Sasquatched! The Musical,6.438251842465859
bm25_per_question_n500_d10_20260726_r01,bm25,per_question,5ae6828f5542996d980e7bb9,4,Patan minara,6.1617685022347342
bm25_per_question_n500_d10_20260726_r01,bm25,per_question,5ae6828f5542996d980e7bb9,5,List of The Thick of It characters,5.4003882663058427
bm25_per_question_n500_d10_20260726_r01,bm25,per_question,5ae6828f5542996d980e7bb9,6,Kiyoshi Kohatsu,5.090259714111153
bm25_per_question_n500_d10_20260726_r01,bm25,per_question,5ae6828f5542996d980e7bb9,7,Conferencier,4.9926319528274039
bm25_per_question_n500_d10_20260726_r01,bm25,per_question,5ae6828f5542996d980e7bb9,8,Charles de Lorme,4.1613238086028081
bm25_per_question_n500_d10_20260726_r01,bm25,per_question,5ae6828f5542996d980e7bb9,9,Toby Sibbick,4.0071329058537808
bm25_per_question_n500_d10_20260726_r01,bm25,per_question,5ae6828f5542996d980e7bb9,10,Double Trouble (U.S. TV series),3.5790967744112159
bm25_per_question_n500_d10_20260726_r01,bm25,per_question,5ae6860e5542991bbc976112,1,Jean de Chastelet,3.8266576465507818
bm25_per_question_n500_d10_20260726_r01,bm25,per_question,5ae6860e5542991bbc976112,2,Basic Laws of Israel,3.5361764837127407
bm25_per_question_n500_d10_20260726_r01,bm25,per_question,5ae6860e5542991bbc976112,3,12 basic principles of animation,3.3347441628641454
bm25_per_question_n500_d10_20260726_r01,bm25,per_question,5ae6860e5542991bbc976112,4,Ethiopian Legal Information Website,3.2689770852106741
bm25_per_question_n500_d10_20260726_r01,bm25,per_question,5ae6860e5542991bbc976112,5,The Physics of Superheroes,3.1829802591111918
bm25_per_question_n500_d10_20260726_r01,bm25,per_question,5ae6860e5542991bbc976112,6,Laws of association,3.1370886007201393
bm25_per_question_n500_d10_20260726_r01,bm25,per_question,5ae6860e5542991bbc976112,7,Émilie du Châtelet,3.0874776877485521
bm25_per_question_n500_d10_20260726_r01,bm25,per_question,5ae6860e5542991bbc976112,8,Constitution of Israel,2.8600684795197999
bm25_per_question_n500_d10_20260726_r01,bm25,per_question,5ae6860e5542991bbc976112,9,Voltaire in Love,1.9359598967647806
bm25_per_question_n500_d10_20260726_r01,bm25,per_question,5ae6860e5542991bbc976112,10,Katherine Kath,1.3871236348883142
bm25_per_question_n500_d10_20260726_r01,bm25,per_question,5ae68fcb5542992ae0d1635b,1,Ew!,9.8999731036668024
bm25_per_question_n500_d10_20260726_r01,bm25,per_question,5ae68fcb5542992ae0d1635b,2,Denis Latin,3.8028094428108981
bm25_per_question_n500_d10_20260726_r01,bm25,per_question,5ae68fcb5542992ae0d1635b,3,Erika Moulet,3.7614745575629533
bm25_per_question_n500_d10_20260726_r01,bm25,per_question,5ae68fcb5542992ae0d1635b,4,Jim Puplava,3.3042366529961975
bm25_per_question_n500_d10_20260726_r01,bm25,per_question,5ae68fcb5542992ae0d1635b,5,Zhu Xun,3.1121620845191811
bm25_per_question_n500_d10_20260726_r01,bm25,per_question,5ae68fcb5542992ae0d1635b,6,Jason Byrne (comedian),2.7478365006117458
bm25_per_question_n500_d10_20260726_r01,bm25,per_question,5ae68fcb5542992ae0d1635b,7,Jimmy Fallon,2.5670956825683633
bm25_per_question_n500_d10_20260726_r01,bm25,per_question,5ae68fcb5542992ae0d1635b,8,Dayna Hart,1.6929173616022197
bm25_per_question_n500_d10_20260726_r01,bm25,per_question,5ae68fcb5542992ae0d1635b,9,Mat Dan,1.4143024353197229
bm25_per_question_n500_d10_20260726_r01,bm25,per_question,5ae68fcb5542992ae0d1635b,10,Susan Stafford,0.86730741678143275
bm25_per_question_n500_d10_20260726_r01,bm25,per_question,5ae6f2a7554299572ea5464a,1,Romeo,14.974428530600413
bm25_per_question_n500_d10_20260726_r01,bm25,per_question,5ae6f2a7554299572ea5464a,2,Juliet,11.42287601202375
bm25_per_question_n500_d10_20260726_r01,bm25,per_question,5ae6f2a7554299572ea5464a,3,Macbeth,9.7338600182156316
bm25_per_question_n500_d10_20260726_r01,bm25,per_question,5ae6f2a7554299572ea5464a,4,Revenge tragedy,8.4754844384252745
bm25_per_question_n500_d10_20260726_r01,bm25,per_question,5ae6f2a7554299572ea5464a,5,Benvolio,7.824859217139247
bm25_per_question_n500_d10_20260726_r01,bm25,per_question,5ae6f2a7554299572ea5464a,6,Rory Williams,7.2363033474590104
bm25_per_question_n500_d10_20260726_r01,bm25,per_question,5ae6f2a7554299572ea5464a,7,Shakespearean tragedy,6.5583406047546617
bm25_per_question_n500_d10_20260726_r01,bm25,per_question,5ae6f2a7554299572ea5464a,8,Anna Devane,6.4383114795608494
bm25_per_question_n500_d10_20260726_r01,bm25,per_question,5ae6f2a7554299572ea5464a,9,Prince Hamlet,6.0975996363585798
bm25_per_question_n500_d10_20260726_r01,bm25,per_question,5ae6f2a7554299572ea5464a,10,Romeo and Juliet (1954 film),4.9789055416733889
bm25_per_question_n500_d10_20260726_r01,bm25,per_question,5ae7385d5542992ae0d163da,1,Cerro Gordo County Courthouse (Iowa),7.6950914928279559
bm25_per_question_n500_d10_20260726_r01,bm25,per_question,5ae7385d5542992ae0d163da,2,Bartlett's Bridge,7.6026154475085752
bm25_per_question_n500_d10_20260726_r01,bm25,per_question,5ae7385d5542992ae0d163da,3,"Main Street Bridge (Charles City, Iowa)",7.205501591965179
bm25_per_question_n500_d10_20260726_r01,bm25,per_question,5ae7385d5542992ae0d163da,4,Sutliff Bridge,6.4948192585219591
bm25_per_question_n500_d10_20260726_r01,bm25,per_question,5ae7385d5542992ae0d163da,5,"Eisenhower Bridge (Milton, Iowa)",6.3397085348538678
bm25_per_question_n500_d10_20260726_r01,bm25,per_question,5ae7385d5542992ae0d163da,6,Gardnerville Branch Jail,6.2729972002438332
bm25_per_question_n500_d10_20260726_r01,bm25,per_question,5ae7385d5542992ae0d163da,7,Shinn Covered Bridge,6.0682813482476572
bm25_per_question_n500_d10_20260726_r01,bm25,per_question,5ae7385d5542992ae0d163da,8,"Old Allamakee County Courthouse (Lansing, Iowa)",5.45616384336937
bm25_per_question_n500_d10_20260726_r01,bm25,per_question,5ae7385d5542992ae0d163da,9,"Worcester, Massachusetts",4.0828339700525564
bm25_per_question_n500_d10_20260726_r01,bm25,per_question,5ae7385d5542992ae0d163da,10,Henry Covered Bridge (Ohio),3.893453943277033
bm25_per_question_n500_d10_20260726_r01,bm25,per_question,5ae738f75542991bbc9761c4,1,Champ Bailey,6.5358322167446099
bm25_per_question_n500_d10_20260726_r01,bm25,per_question,5ae738f75542991bbc9761c4,2,Boss Bailey,5.6740082831918244
bm25_per_question_n500_d10_20260726_r01,bm25,per_question,5ae738f75542991bbc9761c4,3,Fred Hageman,5.499967551979509
bm25_per_question_n500_d10_20260726_r01,bm25,per_question,5ae738f75542991bbc9761c4,4,Ron Snidow,5.4969371820377004
bm25_per_question_n500_d10_20260726_r01,bm25,per_question,5ae738f75542991bbc9761c4,5,Jeris White,5.4316763791945881
bm25_per_question_n500_d10_20260726_r01,bm25,per_question,5ae738f75542991bbc9761c4,6,Robin Cole,5.4226053863954933
bm25_per_question_n500_d10_20260726_r01,bm25,per_question,5ae738f75542991bbc9761c4,7,Anthony Woodson,5.0543013426579488
bm25_per_question_n500_d10_20260726_r01,bm25,per_question,5ae738f75542991bbc9761c4,8,Marc Parenteau,4.6725436319190745
bm25_per_question_n500_d10_20260726_r01,bm25,per_question,5ae738f75542991bbc9761c4,9,Tom Draper,4.2139309272398737
bm25_per_question_n500_d10_20260726_r01,bm25,per_question,5ae738f75542991bbc9761c4,10,LaRon Landry,2.6267639628641763
bm25_per_question_n500_d10_20260726_r01,bm25,per_question,5ae73acb5542991e8301cc07,1,D1NZ,4.4333114296254434
bm25_per_question_n500_d10_20260726_r01,bm25,per_question,5ae73acb5542991e8301cc07,2,Night School: the Web Series,3.5094699950053996
bm25_per_question_n500_d10_20260726_r01,bm25,per_question,5ae73acb5542991e8301cc07,3,Rising Star (France),3.2651794648629022
bm25_per_question_n500_d10_20260726_r01,bm25,per_question,5ae73acb5542991e8301cc07,4,List of The Office (U.S. TV series) characters,3.0067523135394039
bm25_per_question_n500_d10_20260726_r01,bm25,per_question,5ae73acb5542991e8301cc07,5,Iron Man (TV series),2.923665272207169
bm25_per_question_n500_d10_20260726_r01,bm25,per_question,5ae73acb5542991e8301cc07,6,Ripley's Believe It or Not! (TV series),2.8589643861068468
bm25_per_question_n500_d10_20260726_r01,bm25,per_question,5ae73acb5542991e8301cc07,7,Raimund Harmstorf,2.7864435803707028
bm25_per_question_n500_d10_20260726_r01,bm25,per_question,5ae73acb5542991e8301cc07,8,"Katri, Girl of the Meadows",2.5053995418996653
bm25_per_question_n500_d10_20260726_r01,bm25,per_question,5ae73acb5542991e8301cc07,9,Raaz Pichhle Janam Ka,2.494580540259161
bm25_per_question_n500_d10_20260726_r01,bm25,per_question,5ae73acb5542991e8301cc07,10,Drifting (motorsport),1.362184710230391
bm25_per_question_n500_d10_20260726_r01,bm25,per_question,5ae73c065542991e8301cc18,1,Better Off Alone,4.8727437584783821
bm25_per_question_n500_d10_20260726_r01,bm25,per_question,5ae73c065542991e8301cc18,2,Barbara Higbie,4.3834725369613636
bm25_per_question_n500_d10_20260726_r01,bm25,per_question,5ae73c065542991e8301cc18,3,In Death Reborn,4.1461187961875794
bm25_per_question_n500_d10_20260726_r01,bm25,per_question,5ae73c065542991e8301cc18,4,The Monster (song),3.7631127257045787
bm25_per_question_n500_d10_20260726_r01,bm25,per_question,5ae73c065542991e8301cc18,5,Numb (Rihanna song),3.600588050990341
bm25_per_question_n500_d10_20260726_r01,bm25,per_question,5ae73c065542991e8301cc18,6,List of songs recorded by Linkin Park,3.474697725733642
bm25_per_question_n500_d10_20260726_r01,bm25,per_question,5ae73c065542991e8301cc18,7,Encore (Eminem song),3.4101252420124513
bm25_per_question_n500_d10_20260726_r01,bm25,per_question,5ae73c065542991e8301cc18,8,Rabid Neurosis,3.1074077610948416
bm25_per_question_n500_d10_20260726_r01,bm25,per_question,5ae73c065542991e8301cc18,9,Drop the World,3.0432567255501919
bm25_per_question_n500_d10_20260726_r01,bm25,per_question,5ae73c065542991e8301cc18,10,You and Me (Uniting Nations song),3.0301542516867817
bm25_per_question_n500_d10_20260726_r01,bm25,per_question,5ae74890554299572ea547af,1,Dance Dance Dance (novel),31.460792485691318
bm25_per_question_n500_d10_20260726_r01,bm25,per_question,5ae74890554299572ea547af,2,The Wind-Up Bird Chronicle,8.3019588222543099
bm25_per_question_n500_d10_20260726_r01,bm25,per_question,5ae74890554299572ea547af,3,Meiko Nakahara,6.4870701357734131
bm25_per_question_n500_d10_20260726_r01,bm25,per_question,5ae74890554299572ea547af,4,Dance Factory (video game),5.4892562829992428
bm25_per_question_n500_d10_20260726_r01,bm25,per_question,5ae74890554299572ea547af,5,Dance Dance Revolution Disney Grooves,5.3857127588598743
bm25_per_question_n500_d10_20260726_r01,bm25,per_question,5ae74890554299572ea547af,6,Dub-I-Dub,4.9919359420318665
bm25_per_question_n500_d10_20260726_r01,bm25,per_question,5ae74890554299572ea547af,7,Dancing Stage Fusion,4.841774775288842
bm25_per_question_n500_d10_20260726_r01,bm25,per_question,5ae74890554299572ea547af,8,"Pinball, 1973",4.429445894227233
bm25_per_question_n500_d10_20260726_r01,bm25,per_question,5ae74890554299572ea547af,9,Dance Dance Revolution Mario Mix,3.7075697457881072
bm25_per_question_n500_d10_20260726_r01,bm25,per_question,5ae74890554299572ea547af,10,Norwegian Wood (novel),2.3997911745919986
bm25_per_question_n500_d10_20260726_r01,bm25,per_question,5ae748d1554299572ea547b0,1,Wayne Garland,18.557103039082822
bm25_per_question_n500_d10_20260726_r01,bm25,per_question,5ae748d1554299572ea547b0,2,Baltimore Orioles,18.331777665894222
bm25_per_question_n500_d10_20260726_r01,bm25,per_question,5ae748d1554299572ea547b0,3,History of the Cleveland Indians,12.316803785345682
bm25_per_question_n500_d10_20260726_r01,bm25,per_question,5ae748d1554299572ea547b0,4,Boston Red Sox,11.609185686022226
bm25_per_question_n500_d10_20260726_r01,bm25,per_question,5ae748d1554299572ea547b0,5,List of Detroit Tigers managers,10.967232036709529
bm25_per_question_n500_d10_20260726_r01,bm25,per_question,5ae748d1554299572ea547b0,6,History of the Washington Senators (1901–60),10.866420988368169
bm25_per_question_n500_d10_20260726_r01,bm25,per_question,5ae748d1554299572ea547b0,7,History of the Minnesota Twins,10.294038416429316
bm25_per_question_n500_d10_20260726_r01,bm25,per_question,5ae748d1554299572ea547b0,8,Detroit Tigers,10.052150471899393
bm25_per_question_n500_d10_20260726_r01,bm25,per_question,5ae748d1554299572ea547b0,9,Guelph Royals (baseball),9.4175385891049928
bm25_per_question_n500_d10_20260726_r01,bm25,per_question,5ae748d1554299572ea547b0,10,List of Atlanta Braves managers,8.1226208461782274
bm25_per_question_n500_d10_20260726_r01,bm25,per_question,5ae74fc45542997b22f6a6b4,1,Yi Guan,8.7855815593480031
bm25_per_question_n500_d10_20260726_r01,bm25,per_question,5ae74fc45542997b22f6a6b4,2,Chronic Respiratory Disease,6.2420073508947862
bm25_per_question_n500_d10_20260726_r01,bm25,per_question,5ae74fc45542997b22f6a6b4,3,Severe acute respiratory syndrome,5.7586281130538906
bm25_per_question_n500_d10_20260726_r01,bm25,per_question,5ae74fc45542997b22f6a6b4,4,Timeline of the SARS outbreak,5.5662145877458657
bm25_per_question_n500_d10_20260726_r01,bm25,per_question,5ae74fc45542997b22f6a6b4,5,Journal of Thoracic Disease,5.5263894411554739
bm25_per_question_n500_d10_20260726_r01,bm25,per_question,5ae74fc45542997b22f6a6b4,6,Feline viral rhinotracheitis,5.4868728009265562
bm25_per_question_n500_d10_20260726_r01,bm25,per_question,5ae74fc45542997b22f6a6b4,7,Irish Thoracic Society,5.3900303966353258
bm25_per_question_n500_d10_20260726_r01,bm25,per_question,5ae74fc45542997b22f6a6b4,8,Pulmonary rehabilitation,5.1108593856162061
bm25_per_question_n500_d10_20260726_r01,bm25,per_question,5ae74fc45542997b22f6a6b4,9,SARS (disambiguation),4.4569105103334179
bm25_per_question_n500_d10_20260726_r01,bm25,per_question,5ae74fc45542997b22f6a6b4,10,Asthma-related microbes,4.3083913070089652
bm25_per_question_n500_d10_20260726_r01,bm25,per_question,5ae75a4c5542997b22f6a6f1,1,Krusty the Clown,10.105913801099589
bm25_per_question_n500_d10_20260726_r01,bm25,per_question,5ae75a4c5542997b22f6a6f1,2,The Telltale Head,9.5934282941197964
bm25_per_question_n500_d10_20260726_r01,bm25,per_question,5ae75a4c5542997b22f6a6f1,3,Rodel Flordeliz,9.5648908805062653
bm25_per_question_n500_d10_20260726_r01,bm25,per_question,5ae75a4c5542997b22f6a6f1,4,Bart to the Future,9.3621340541469618
bm25_per_question_n500_d10_20260726_r01,bm25,per_question,5ae75a4c5542997b22f6a6f1,5,Good Night (The Simpsons short),9.2085284546711303
bm25_per_question_n500_d10_20260726_r01,bm25,per_question,5ae75a4c5542997b22f6a6f1,6,Bart the Fink,9.0202234358684166
bm25_per_question_n500_d10_20260726_r01,bm25,per_question,5ae75a4c5542997b22f6a6f1,7,Bart Gets Hit by a Car,8.6756225915398879
bm25_per_question_n500_d10_20260726_r01,bm25,per_question,5ae75a4c5542997b22f6a6f1,8,Postcards from the Wedge,8.5017667417820082
bm25_per_question_n500_d10_20260726_r01,bm25,per_question,5ae75a4c5542997b22f6a6f1,9,The Itchy &amp; Scratchy Show,7.6110291408885944
bm25_per_question_n500_d10_20260726_r01,bm25,per_question,5ae75a4c5542997b22f6a6f1,10,A Day with Doodles,5.48563987600137
bm25_per_question_n500_d10_20260726_r01,bm25,per_question,5ae77c245542997b22f6a795,1,Doddanna,7.1020853282262264
bm25_per_question_n500_d10_20260726_r01,bm25,per_question,5ae77c245542997b22f6a795,2,Krishnabhaskar Mangalasserri,6.3409056262925416
bm25_per_question_n500_d10_20260726_r01,bm25,per_question,5ae77c245542997b22f6a795,3,Mera Damad,5.6786443371647337
bm25_per_question_n500_d10_20260726_r01,bm25,per_question,5ae77c245542997b22f6a795,4,Tulu cinema,5.4222321076451596
bm25_per_question_n500_d10_20260726_r01,bm25,per_question,5ae77c245542997b22f6a795,5,Fayyaz Hashmi,5.1643454988584283
bm25_per_question_n500_d10_20260726_r01,bm25,per_question,5ae77c245542997b22f6a795,6,Komal,4.8822330291368026
bm25_per_question_n500_d10_20260726_r01,bm25,per_question,5ae77c245542997b22f6a795,7,Sunil Rawal,4.5030465856917763
bm25_per_question_n500_d10_20260726_r01,bm25,per_question,5ae77c245542997b22f6a795,8,Duniya Vijay,4.4352696107603373
bm25_per_question_n500_d10_20260726_r01,bm25,per_question,5ae77c245542997b22f6a795,9,Farooq Sheikh,3.8967350218311614
bm25_per_question_n500_d10_20260726_r01,bm25,per_question,5ae77c245542997b22f6a795,10,Tariq Khan (actor),2.8332108310419577
bm25_per_question_n500_d10_20260726_r01,bm25,per_question,5ae789615542997ec2727695,1,R-Point,5.2613078508961184
bm25_per_question_n500_d10_20260726_r01,bm25,per_question,5ae789615542997ec2727695,2,The Prince &amp; Me 2: The Royal Wedding,5.0944476149815738
bm25_per_question_n500_d10_20260726_r01,bm25,per_question,5ae789615542997ec2727695,3,Kam Heskin,4.8794125252604115
bm25_per_question_n500_d10_20260726_r01,bm25,per_question,5ae789615542997ec2727695,4,Super Size Me 2: Holy Chicken!,3.641335545904647
bm25_per_question_n500_d10_20260726_r01,bm25,per_question,5ae789615542997ec2727695,5,The Prince and Me,3.6242401972184703
bm25_per_question_n500_d10_20260726_r01,bm25,per_question,5ae789615542997ec2727695,6,Turning Paige,2.9840209791751238
bm25_per_question_n500_d10_20260726_r01,bm25,per_question,5ae789615542997ec2727695,7,Sunset at Chaophraya (2013 film),2.517860121564325
bm25_per_question_n500_d10_20260726_r01,bm25,per_question,5ae789615542997ec2727695,8,Sunset at Chaophraya (1996 film),2.5169196751228582
bm25_per_question_n500_d10_20260726_r01,bm25,per_question,5ae789615542997ec2727695,9,Pride &amp; Prejudice: A Latter-Day Comedy,1.9121360645786825
bm25_per_question_n500_d10_20260726_r01,bm25,per_question,5ae789615542997ec2727695,10,True True Lie,1.7426297672090036
bm25_per_question_n500_d10_20260726_r01,bm25,per_question,5ae791ef55429952e35ea979,1,EgyptAir Flight 990,14.052863135959663
bm25_per_question_n500_d10_20260726_r01,bm25,per_question,5ae791ef55429952e35ea979,2,Aurelio Valle,9.6955396940545082
bm25_per_question_n500_d10_20260726_r01,bm25,per_question,5ae791ef55429952e35ea979,3,Third officer (aeronautics),9.429962463916663
bm25_per_question_n500_d10_20260726_r01,bm25,per_question,5ae791ef55429952e35ea979,4,LeRoy W. Homer Jr. Foundation,9.197415393545743
bm25_per_question_n500_d10_20260726_r01,bm25,per_question,5ae791ef55429952e35ea979,5,Gameel Al-Batouti,8.81057987248324
bm25_per_question_n500_d10_20260726_r01,bm25,per_question,5ae791ef55429952e35ea979,6,FedEx Express Flight 80,7.739866228896557
bm25_per_question_n500_d10_20260726_r01,bm25,per_question,5ae791ef55429952e35ea979,7,Summit Air Flight 409,7.2552792160363992
bm25_per_question_n500_d10_20260726_r01,bm25,per_question,5ae791ef55429952e35ea979,8,Air Tahoma Flight 185,7.0931122980291645
bm25_per_question_n500_d10_20260726_r01,bm25,per_question,5ae791ef55429952e35ea979,9,Colgan Air Flight 9446,6.9224271021942467
bm25_per_question_n500_d10_20260726_r01,bm25,per_question,5ae791ef55429952e35ea979,10,Garuda Indonesia Flight 200,5.9368798501922964
bm25_per_question_n500_d10_20260726_r01,bm25,per_question,5ae7a8175542993210983ed8,1,Formula One drivers from Mexico,8.7504436616050807
bm25_per_question_n500_d10_20260726_r01,bm25,per_question,5ae7a8175542993210983ed8,2,Force India VJM04,7.8031122825624433
bm25_per_question_n500_d10_20260726_r01,bm25,per_question,5ae7a8175542993210983ed8,3,2014 Bahrain Grand Prix,7.236230552250924
bm25_per_question_n500_d10_20260726_r01,bm25,per_question,5ae7a8175542993210983ed8,4,2009 Singapore Grand Prix,6.1805184592351408
bm25_per_question_n500_d10_20260726_r01,bm25,per_question,5ae7a8175542993210983ed8,5,Eduardo Troconis,5.8393898066262864
bm25_per_question_n500_d10_20260726_r01,bm25,per_question,5ae7a8175542993210983ed8,6,Mike Shank,5.0013661414759731
bm25_per_question_n500_d10_20260726_r01,bm25,per_question,5ae7a8175542993210983ed8,7,Tony Ave,4.9726804270012206
bm25_per_question_n500_d10_20260726_r01,bm25,per_question,5ae7a8175542993210983ed8,8,Michael James Lewis,4.8398073569634548
bm25_per_question_n500_d10_20260726_r01,bm25,per_question,5ae7a8175542993210983ed8,9,Catharina Felser,4.0136453066900319
bm25_per_question_n500_d10_20260726_r01,bm25,per_question,5ae7a8175542993210983ed8,10,Sergio Pérez,1.6566220339072788
bm25_per_question_n500_d10_20260726_r01,bm25,per_question,5ae7ba7a5542993210983f12,1,Stay (Sugarland song),12.853207565755236
bm25_per_question_n500_d10_20260726_r01,bm25,per_question,5ae7ba7a5542993210983f12,2,Can't Touch It,11.322049534310207
bm25_per_question_n500_d10_20260726_r01,bm25,per_question,5ae7ba7a5542993210983f12,3,I Don't Wanna Know,11.22292745139567
bm25_per_question_n500_d10_20260726_r01,bm25,per_question,5ae7ba7a5542993210983f12,4,Yeah! (Usher song),11.018470358770074
bm25_per_question_n500_d10_20260726_r01,bm25,per_question,5ae7ba7a5542993210983f12,5,No One (Alicia Keys song),10.829617474479209
bm25_per_question_n500_d10_20260726_r01,bm25,per_question,5ae7ba7a5542993210983f12,6,Feel Good Inc.,10.821016164939412
bm25_per_question_n500_d10_20260726_r01,bm25,per_question,5ae7ba7a5542993210983f12,7,Stay (Shakespears Sister song),10.221414623541779
bm25_per_question_n500_d10_20260726_r01,bm25,per_question,5ae7ba7a5542993210983f12,8,U Know What's Up,9.2109592633789319
bm25_per_question_n500_d10_20260726_r01,bm25,per_question,5ae7ba7a5542993210983f12,9,Billy Ray Cyrus discography,8.8016023949123596
bm25_per_question_n500_d10_20260726_r01,bm25,per_question,5ae7ba7a5542993210983f12,10,My Fair Lady (Broadway cast recording),8.634910907547269
bm25_per_question_n500_d10_20260726_r01,bm25,per_question,5ae7e1fc55429952e35ea9cc,1,Oranjegekte,11.209468259666057
bm25_per_question_n500_d10_20260726_r01,bm25,per_question,5ae7e1fc55429952e35ea9cc,2,Christmas in the Basque Country,7.7951443543595476
bm25_per_question_n500_d10_20260726_r01,bm25,per_question,5ae7e1fc55429952e35ea9cc,3,Jounen Kwéyòl,6.8101332475331295
bm25_per_question_n500_d10_20260726_r01,bm25,per_question,5ae7e1fc55429952e35ea9cc,4,Queen's Day (disambiguation),5.8302218257751308
bm25_per_question_n500_d10_20260726_r01,bm25,per_question,5ae7e1fc55429952e35ea9cc,5,White Sunday,5.1743344035347762
bm25_per_question_n500_d10_20260726_r01,bm25,per_question,5ae7e1fc55429952e35ea9cc,6,Garifuna Settlement Day,4.507357694366612
bm25_per_question_n500_d10_20260726_r01,bm25,per_question,5ae7e1fc55429952e35ea9cc,7,Koningsdag,4.1465603418618482
bm25_per_question_n500_d10_20260726_r01,bm25,per_question,5ae7e1fc55429952e35ea9cc,8,Children's Day (Japan),3.8681040982347854
bm25_per_question_n500_d10_20260726_r01,bm25,per_question,5ae7e1fc55429952e35ea9cc,9,The Eighth (United States),3.7866739688860851
bm25_per_question_n500_d10_20260726_r01,bm25,per_question,5ae7e1fc55429952e35ea9cc,10,Saint-Jean-Baptiste Day,3.3745315224006105
bm25_per_question_n500_d10_20260726_r01,bm25,per_question,5ae7eaf65542994a481bbe1d,1,Zaheer Khan,11.260377262510426
bm25_per_question_n500_d10_20260726_r01,bm25,per_question,5ae7eaf65542994a481bbe1d,2,2000 ICC KnockOut Trophy,9.8059896923754923
bm25_per_question_n500_d10_20260726_r01,bm25,per_question,5ae7eaf65542994a481bbe1d,3,Lindum Sports Club Ground,6.9034777458142438
bm25_per_question_n500_d10_20260726_r01,bm25,per_question,5ae7eaf65542994a481bbe1d,4,2000 ICC KnockOut Trophy squads,6.1677268168039969
bm25_per_question_n500_d10_20260726_r01,bm25,per_question,5ae7eaf65542994a481bbe1d,5,Guy Randall-Johnson,4.7741831740071472
bm25_per_question_n500_d10_20260726_r01,bm25,per_question,5ae7eaf65542994a481bbe1d,6,Peter Kingston-Davey,3.9482133781225932
bm25_per_question_n500_d10_20260726_r01,bm25,per_question,5ae7eaf65542994a481bbe1d,7,1998 ICC KnockOut Trophy Final,3.6696572587510552
bm25_per_question_n500_d10_20260726_r01,bm25,per_question,5ae7eaf65542994a481bbe1d,8,1998 ICC KnockOut Trophy squads,3.5573496924019916
bm25_per_question_n500_d10_20260726_r01,bm25,per_question,5ae7eaf65542994a481bbe1d,9,Sam Davies (cricketer),3.5468279179517239
bm25_per_question_n500_d10_20260726_r01,bm25,per_question,5ae7eaf65542994a481bbe1d,10,Digswell Park,3.2141813950012201
bm25_per_question_n500_d10_20260726_r01,bm25,per_question,5ae7ed17554299540e5a56a3,1,Ernest Foot,11.58589164337757
bm25_per_question_n500_d10_20260726_r01,bm25,per_question,5ae7ed17554299540e5a56a3,2,Fighter Pilot: Operation Red Flag,4.4314671635153609
bm25_per_question_n500_d10_20260726_r01,bm25,per_question,5ae7ed17554299540e5a56a3,3,Lydia Litvyak,4.0560714972856324
bm25_per_question_n500_d10_20260726_r01,bm25,per_question,5ae7ed17554299540e5a56a3,4,Ashley Rolfe,3.8804764352528633
bm25_per_question_n500_d10_20260726_r01,bm25,per_question,5ae7ed17554299540e5a56a3,5,Manfred Meurer,3.8283681513491277
bm25_per_question_n500_d10_20260726_r01,bm25,per_question,5ae7ed17554299540e5a56a3,6,Ilmari Juutilainen,3.6359432955264359
bm25_per_question_n500_d10_20260726_r01,bm25,per_question,5ae7ed17554299540e5a56a3,7,Paul Zorner,3.5977949798896729
bm25_per_question_n500_d10_20260726_r01,bm25,per_question,5ae7ed17554299540e5a56a3,8,Albert Ball,3.3721193903396256
bm25_per_question_n500_d10_20260726_r01,bm25,per_question,5ae7ed17554299540e5a56a3,9,Egon Mayer,3.32960431715283
bm25_per_question_n500_d10_20260726_r01,bm25,per_question,5ae7ed17554299540e5a56a3,10,Ayesha Farooq,2.5474912513019863
bm25_per_question_n500_d10_20260726_r01,bm25,per_question,5ae7edee554299540e5a56ad,1,Church of the Guanche People,11.684677625672437
bm25_per_question_n500_d10_20260726_r01,bm25,per_question,5ae7edee554299540e5a56ad,2,Wheeling Island,10.485233454722579
bm25_per_question_n500_d10_20260726_r01,bm25,per_question,5ae7edee554299540e5a56ad,3,Guanche mummies,10.190483341757373
bm25_per_question_n500_d10_20260726_r01,bm25,per_question,5ae7edee554299540e5a56ad,4,Loppa Church,10.068251333360132
bm25_per_question_n500_d10_20260726_r01,bm25,per_question,5ae7edee554299540e5a56ad,5,Karlsøy Church,9.7568658922221996
bm25_per_question_n500_d10_20260726_r01,bm25,per_question,5ae7edee554299540e5a56ad,6,"Bjørnøya, Haram",9.1481040760707337
bm25_per_question_n500_d10_20260726_r01,bm25,per_question,5ae7edee554299540e5a56ad,7,Tenerife,8.3616578897445955
bm25_per_question_n500_d10_20260726_r01,bm25,per_question,5ae7edee554299540e5a56ad,8,Mactan,8.3598971333414891
bm25_per_question_n500_d10_20260726_r01,bm25,per_question,5ae7edee554299540e5a56ad,9,Vilsandi,8.2370939784055199
bm25_per_question_n500_d10_20260726_r01,bm25,per_question,5ae7edee554299540e5a56ad,10,Pungdo,8.0501788084601564
bm25_per_question_n500_d10_20260726_r01,bm25,per_question,5ae819ac55429952e35eaa16,1,"Marry Me a Little, Marry Me a Little More",26.622450705263002
bm25_per_question_n500_d10_20260726_r01,bm25,per_question,5ae819ac55429952e35eaa16,2,James Carroll (actor),7.533877729023275
bm25_per_question_n500_d10_20260726_r01,bm25,per_question,5ae819ac55429952e35eaa16,3,Will &amp; Grace,6.7035811856247287
bm25_per_question_n500_d10_20260726_r01,bm25,per_question,5ae819ac55429952e35eaa16,4,Pilot (Will &amp; Grace),5.3311436798788803
bm25_per_question_n500_d10_20260726_r01,bm25,per_question,5ae819ac55429952e35eaa16,5,Boston Common (TV series),5.3239415691341367
bm25_per_question_n500_d10_20260726_r01,bm25,per_question,5ae819ac55429952e35eaa16,6,"Good Morning, Miami",5.309969191992896
bm25_per_question_n500_d10_20260726_r01,bm25,per_question,5ae819ac55429952e35eaa16,7,Four Kings,4.9448581566018621
bm25_per_question_n500_d10_20260726_r01,bm25,per_question,5ae819ac55429952e35eaa16,8,The Stones (TV series),4.9411957693631186
bm25_per_question_n500_d10_20260726_r01,bm25,per_question,5ae819ac55429952e35eaa16,9,Partners (2012 TV series),4.4772239808827488
bm25_per_question_n500_d10_20260726_r01,bm25,per_question,5ae819ac55429952e35eaa16,10,David Kohan,3.7783428218466919
bm25_per_question_n500_d10_20260726_r01,bm25,per_question,5ae82ae555429952e35eaa71,1,Pat Hingle,16.078826933727818
bm25_per_question_n500_d10_20260726_r01,bm25,per_question,5ae82ae555429952e35eaa71,2,Virginia Foster Durr,6.7598609829210599
bm25_per_question_n500_d10_20260726_r01,bm25,per_question,5ae82ae555429952e35eaa71,3,Longhorn Ballroom,6.0606662677242875
bm25_per_question_n500_d10_20260726_r01,bm25,per_question,5ae82ae555429952e35eaa71,4,Damon Dark,5.482366375278481
bm25_per_question_n500_d10_20260726_r01,bm25,per_question,5ae82ae555429952e35eaa71,5,Dirás que estoy loco,5.1647406100228928
bm25_per_question_n500_d10_20260726_r01,bm25,per_question,5ae82ae555429952e35eaa71,6,Dr. Kildare (TV series),4.943998871531142
bm25_per_question_n500_d10_20260726_r01,bm25,per_question,5ae82ae555429952e35eaa71,7,Clint Eastwood,4.1889663702458142
bm25_per_question_n500_d10_20260726_r01,bm25,per_question,5ae82ae555429952e35eaa71,8,A. C. Tirulokchandar,4.1185360826483821
bm25_per_question_n500_d10_20260726_r01,bm25,per_question,5ae82ae555429952e35eaa71,9,Kyle Craig,3.8311510560590016
bm25_per_question_n500_d10_20260726_r01,bm25,per_question,5ae82ae555429952e35eaa71,10,Alie Ward,3.380532362074447
