batch_id,run_id,example_id,retriever,review_cutoff,question_type,question,gold_1_title,gold_1_rank,gold_2_title,gold_2_rank,reviewer_count,overlap_status,note_xin,note_jiajun,observed_retrieval_behavior,gold_evidence_status,retrieved_distractors,comparison_retriever_contrast,provisional_mechanism,alternative_uncertainty,primary_open_code,secondary_open_codes,analytic_status,joint_review_notes,boundary_issue,candidate_category,closest_competing_category,tie_break_result,candidate_confidence,taxonomy_defect_flag,review_status
manual_review_v1,2026-07-17_a,5a76387d554299109176e6ba,dense,5,comparison,Who was born first Am Rong or Ava DuVernay ?,Am Rong,26,Ava DuVernay,27,2,overlap,"Observed:
For dense retrieval, “Am Rong” is ranked 26 and “Ava DuVernay” is ranked 27. Their pooled-corpus texts state that Am Rong was born in 1929 and Ava DuVernay was born on August 24, 1972, so Am Rong was born first.

Pooled-corpus passage evidence:
The top five texts concern Leontyne Price, Domitia the Elder, Despoina, Marissa Perry, and Coco Ho. Several explicitly contain birth years or birth dates, but none identifies Am Rong or Ava DuVernay and none performs the requested comparison. Rank 6, “Emayatzy Corinealdi,” states that she starred in Ava DuVernay’s film “Middle of Nowhere,” providing an Ava-related association without DuVernay’s birth date. The gold biographies appear adjacent at ranks 26–27 and contain the decisive dates.

Comparison-retriever evidence:
BM25 ranks “Ava DuVernay” first and “Am Rong” third. The exact-name biographies and both birth dates are therefore available within its top five.

Assessment and uncertainty:
The observed dense results show competition from generic person and birth-related passages, plus one film-industry passage related to DuVernay, while the two named biographies remain much lower. This is consistent with insufficient prioritization of the queried entities. The exported evidence does not isolate which embedding or scoring component produced that ordering.","Observed: Comparison question requiring both people (birth-order comparison).
Target Dense has Gold 1 (""Am Rong"") at rank 26 and Gold 2 (""Ava DuVernay"") at
rank 27; neither is inside the top 5. Comparison BM25 has Gold 1 at rank 3 and
Gold 2 at rank 1 (both inside top 5).

Gold evidence status: Both golds below cutoff but retrieved deep in the stored
list - Gold 1 rank 26, Gold 2 rank 27. Both are far outside the top 5 and sit
essentially adjacent to each other near the middle of Dense's top 50.

Retrieved evidence or distractor: Dense's top of list is filled with people who
are neither gold - #1 ""Leontyne Price,"" #2 ""Domitia Lepida the Elder,"" #3
""Despoina,"" #4 ""Marissa Perry,"" #5 ""Coco Ho,"" #6 ""Emayatzy Corinealdi,"" etc.
These are a scattered mix of women/persons with weak topical connection to
either query subject (Corinealdi at #6 is the ""Middle of Nowhere"" lead actress,
tangentially DuVernay-adjacent). Neither ""Am Rong"" (a Cambodian
soldier/filmmaker) nor ""Ava DuVernay"" (an American director) is pulled up,
despite both being named directly in the question.

Relevant comparison-retriever evidence: BM25 nails both by exact name match -
""Ava DuVernay"" at #1 and ""Am Rong"" at #3 - showing both gold passages are
readily retrievable and that the two entities are lexically distinctive. The
failure is specific to Dense.

Possible reason: This is a two-sided named-entity failure for Dense: both query
subjects are proper names that Dense fails to match to their passages, burying
both golds near ranks 26-27 while surfacing loosely related or semantically
diffuse persons instead. Dense's embedding appears not to strongly encode these
specific, relatively obscure proper-name entities (especially ""Am Rong""), so
name-anchored comparison queries collapse into a generic ""notable person""
neighborhood.

Alternative or uncertainty: An alternative reading is that the query is short
and name-dominated, giving Dense little semantic context to embed beyond the
two names; it's unclear whether the failure stems from weak entity
representation specifically or from the general difficulty of embedding
name-only comparison queries. Either way BM25's exact-match advantage on rare
names is the clear contrast.",Both named biographies are retrieved adjacently at ranks 26 and 27; the top results are generic people and one DuVernay-adjacent actress.,Both gold passages are present but far below the top-5 cutoff.,Generic person and birth-related biographies dominate; Emayatzy Corinealdi supplies a film association to DuVernay without the requested birth evidence.,BM25 retrieves Ava DuVernay at rank 1 and Am Rong at rank 3.,The dense ranking under-prioritizes both explicitly named entities and collapses the short comparison query into a broad person/birth neighborhood.,"The evidence cannot distinguish weak entity representations from a more general limitation of short, name-dominated comparison queries.",two_named_entities_underprioritized,generic_person_semantic_neighborhood; low_context_name_query,jointly_reviewed_validated_revised,"Both reviewers agree that Dense ranks Am Rong at 26 and Ava DuVernay at 27, while its top results emphasize generic person and birth-related content; Despoina also contains the relation ""born first."" BM25 retrieves Ava DuVernay at 1 and Am Rong at 3. The joint interpretation is that the evidence is consistent with Dense overemphasizing broad person- and birth-order semantics—especially ""born"" and ""born first""—while underweighting the two exact entity names. The retrieved ranking does not establish which internal embedding or scoring component caused this ordering.","Resolved for this open-coding pass: two_named_entities_underprioritized captures the two-sided entity failure; generic_person_semantic_neighborhood describes the competing results, and low_context_name_query remains an alternative explanation.",two_named_entities_underprioritized,generic_person_semantic_neighborhood,"Prefer two_named_entities_underprioritized because both explicitly named gold entities are jointly suppressed, while the generic person/birth neighborhood describes the competing results rather than an independently established root cause. Treat low_context_name_query as an alternative explanation only.",high,false,jointly_reviewed
manual_review_v1,2026-07-17_a,5a78b209554299148911f93e,bm25,5,comparison,"Which playwright lived a longer life, Edward Albee or J. M. Barrie?",Edward Albee,6,J. M. Barrie,not_in_top50,2,overlap,"Observed:
For BM25, “Edward Albee” is ranked 6 and “J. M. Barrie” is not in the stored top 50. Both biographical passages are needed to compare their lifespans.

Pooled-corpus passage evidence:
Ranks 1–5 are “Reed A. Albee,” “Edward F. Albee Foundation,” “Edward Albee’s At Home at the Zoo,” “Jack Gelber,” and “Finding the Sun.” The first passage gives Reed Albee’s dates and identifies him as Edward Albee’s adoptive father. The foundation and play passages identify Edward Albee or his works but do not give Edward Albee’s birth and death dates. The Jack Gelber passage gives Gelber’s dates, not Albee’s or Barrie’s. None of these five passages contains J. M. Barrie’s lifespan. The Edward Albee passage at rank 6 supplies his 1928–2016 dates, but the Barrie evidence is absent from the stored BM25 results.

Comparison-retriever evidence:
Dense ranks “J. M. Barrie” eighth and “Edward Albee” ninth. Their pooled-corpus texts give Barrie’s 1860–1937 dates and Albee’s 1928–2016 dates, so the lifespan comparison becomes possible within the dense top 10, though not within top five.

Assessment and uncertainty:
The BM25 result set is concentrated on the Albee name, Albee-related institutions, and Albee works, while failing to retrieve Barrie’s biography. This supports a one-sided entity/name competition account. The precise internal BM25 scoring contribution of each term or passage-length factor cannot be determined from the exported evidence.","Observed: Comparison question requiring both entities. Target BM25 has Gold 1
(""Edward Albee"") at rank 6 and Gold 2 (""J. M. Barrie"") not in top 50; neither
is inside the top 5. Dense has Gold 1 at rank 9 and Gold 2 at rank 8 (both
below top 5 but both retrieved).

Gold evidence status: Gold 1 below cutoff (rank 6, retrieved but just outside
top 5). Gold 2 not in top 50 (absent from the stored BM25 list; not
necessarily absent from the corpus).

Retrieved evidence or distractor: BM25's top 50 is almost entirely occupied by
the Albee side of the comparison - #1 ""Reed A. Albee,"" #2 ""Edward F. Albee
Foundation,"" #3 ""Edward Albee's At Home at the Zoo,"" #5 ""Finding the Sun,"" #8
""The Zoo Story,"" plus the correct ""Edward Albee"" at #6. These titles share the
""Albee"" token and cluster around his works and family. The J. M. Barrie side
of the question generates no visible hits in the top ranks; the query's Barrie
terms are outnumbered by the dense cluster of Albee-matching documents.

Relevant comparison-retriever evidence: Dense retrieves both sides - J. M.
Barrie at #8 and Edward Albee at #9 - showing the Barrie passage is reachable
for this query and that the failure is specific to BM25's handling of the
second comparison entity rather than a missing passage.

Possible reason: This looks like a one-sided comparison failure: BM25 lexically
locks onto the Albee half (many Albee-titled documents in the corpus dominate
the term-frequency signal) and fails to surface the Barrie half at all, so the
comparison cannot be completed from BM25's results even though one gold is
retrieved.

Alternative or uncertainty: It's unclear whether Barrie is simply outranked
past 50 by the volume of Albee-related documents, or whether the Barrie gold
passage has genuinely low lexical overlap with the question wording; the top-50
list alone can't distinguish ""crowded out"" from ""poor term match.""","Edward Albee is at rank 6 while J. M. Barrie is absent from the stored top 50; Albee relatives, works, and institutions dominate the list.",One gold narrowly misses the cutoff; the other is not in the stored top 50.,Multiple Albee-titled and Albee-related documents occupy high ranks but do not supply both lifespans.,Dense retrieves both biographies at ranks 8 and 9.,"BM25 locks onto one comparison entity and its lexical neighborhood, crowding out the second entity needed for the comparison.",The top-50 window cannot determine whether Barrie is mainly crowded out or has intrinsically weak lexical overlap.,entity_name_tokenization_mismatch,cross_entity_token_recombination; related_name_document_crowding,jointly_reviewed_validated_revised,"Both reviewers agree that BM25 retrieves Edward Albee at rank 6 and does not retrieve the J. M. Barrie gold biography in the stored top 50. Ranks 1–8 are all Albee-related, while a Peter Pan passage at rank 18 mentions J. M. Barrie but lacks his lifespan. Implementation review establishes that this BM25 indexes paragraph text only and tokenizes both query and documents with lowercase whitespace splitting, without punctuation normalization, stemming, phrase matching, entity boundaries, or initial expansion. The query tokens j., m., and barrie? do not match the gold-text forms james, matthew, and barrie,. J. Edward Snyder at rank 15 instead matches j. and edward across the two queried entity names. The most specific interpretation is entity-name tokenization mismatch with cross-entity token recombination; Albee-side related-document crowding is a downstream ranking effect.","Resolved in favor of entity_name_tokenization_mismatch over one_sided_entity_crowding. The current vocabulary did not contain a sufficiently specific code for title exclusion, initial expansion failure, punctuation-sensitive tokens, and cross-entity token recombination.",entity_name_tokenization_mismatch,one_sided_entity_crowding,"Prefer entity_name_tokenization_mismatch because the implementation directly shows that titles are excluded and the query tokens j., m., and barrie? do not match the gold-text forms james, matthew, and barrie,. Treat cross_entity_token_recombination and related_name_document_crowding as secondary mechanisms or consequences; one_sided_entity_crowding describes the resulting ranking pattern but is less specific.",high,false,jointly_reviewed
manual_review_v1,2026-07-17_a,5a78b209554299148911f93e,dense,5,comparison,"Which playwright lived a longer life, Edward Albee or J. M. Barrie?",Edward Albee,9,J. M. Barrie,8,1,single_note,"Observed:
For dense retrieval, “J. M. Barrie” is ranked 8 and “Edward Albee” is ranked 9. Their pooled-corpus biographies give Barrie’s 1860–1937 dates and Albee’s 1928–2016 dates, so Albee lived longer; both passages are below the top-five cutoff.

Pooled-corpus passage evidence:
Rank 1, “Reed A. Albee,” gives Reed Albee’s dates and identifies him as Edward Albee’s adoptive father. Ranks 2–6 describe an Edward Albee play, his foundation, and additional Albee works. Rank 7 is another playwright’s biography. None of ranks 1–7 contains both Edward Albee’s and J. M. Barrie’s biographical date ranges. The required biographies appear consecutively at ranks 8 and 9.

Comparison-retriever evidence:
BM25 ranks “Edward Albee” sixth and does not retrieve “J. M. Barrie” in its stored top 50. It is more strongly concentrated on the Albee side and fails to recover the Barrie biography.

Assessment and uncertainty:
This is a cutoff-sensitive dense ranking failure. The high results are textually related to Edward Albee through family, institutions, and works, but they do not replace the two biographies required for the comparison. The exact dense scoring mechanism behind this ordering cannot be derived from the exported texts and scores.",,"The two required biographies appear consecutively at ranks 8 and 9 behind an Albee relative, works, an institution, and another playwright.",Both gold passages are present just below the top-5 cutoff.,The high-ranked passages are genuinely Albee-related but do not provide the two biographical date ranges.,BM25 places Edward Albee at rank 6 but does not retrieve J. M. Barrie in its stored top 50.,Closely related documents about one entity occupy the cutoff region ahead of the exact biographies.,"Because both golds are only three to four positions below cutoff, this may be a cutoff-sensitive ranking miss rather than a stable mechanism.",one_sided_entity_crowding,related_name_document_crowding; peripheral_passage_content_dilution,jointly_reviewed_validated_revised,"Validated with revision under D-027. Exact reconstruction of the 4,937-passage pooled Dense corpus reproduces all 50 stored top-50 titles in order with a maximum absolute score error of 2.384e-07, so strong causal claims are supported. Complete-corpus ranks are 9 / 0.432454 for Edward Albee and 8 / 0.434342 for J. M. Barrie, so both are retrieved. The rank-5 score is 0.538556, so Edward Albee is 0.106102 points, or 19.701 percent, below the cutoff and J. M. Barrie is 0.104214 points, or 19.351 percent, below it, and a gap of 0.067081 separates rank 7 from rank 8. Both golds sit inside the 256-token sequence limit at 95 and 167 model tokens, so truncation is excluded.

This is a comparison unit, so both required passages are candidates the question names outright: `Which playwright lived a longer life, Edward Albee or J. M. Barrie?`. Each supplies one lifespan, 1928 to 2016 for Albee and 1860 to 1937 for Barrie. A full-corpus substring scan finds no passage mentioning both playwrights, exactly one passage containing Albee's two dates, itself, and exactly one containing Barrie's two dates, itself. Neither side has a substitute and there is no complete non-gold answer. Rank 1, Reed A. Albee, does state that Edward Albee is an American playwright but gives its own subject's dates, 1885 to 1961, so under pit 19b it is a distractor and not an evidence-bearing substitute.

Sixty-six distinct conditions were run on the same unchanged candidate set, together with seven deliberate duplicates that all reproduced bit for bit: an indexing condition T, all eight cells of an A x B x C wording-repair factorial, eleven reachability probes, three further reduced-query probes, three reverse cue-deletion probes, twelve index-side removal probes including a six-step cumulative dose-response ladder and a restriction to the item's own ten passages, twenty-two gold-targeted index-side text conditions including two single-row null controls and name-preserving length-matched controls on both sides, and six oracle conditions.

The seven passages above both golds are 6 Albee-related documents and one unrelated generic playwright biography, all read in full: Reed A. Albee 1 / 0.630886, his adoptive father; Finding the Sun 2 / 0.597466, Edward F. Albee Foundation 3 / 0.567801, Edward Albee's At Home at the Zoo 4 / 0.542102, The Zoo Story 5 / 0.538556 and Three Tall Women 6 / 0.519974, being his works and his namesake foundation; and Jeffrey Stanley 7 / 0.501423, a playwright unrelated to either candidate. Not one of the seven states either lifespan. There is no competitor family on the Barrie side at all: only 4 non-gold passages in the corpus contain the string barrie and none of them appears in the reconstructed top 50.

Removal is the only intervention that works, and it is monotone. Dropping the Albee-related passages one at a time in baseline rank order gives 8 / 7, then 7 / 6, then 6 / 5, then 5 / 4, then 4 / 3, then 3 / 2, so both required passages first enter the top five once four are removed. Dropping only the 4 Albee works gives 5 / 4 and also recovers both; dropping only the relative and the foundation gives 7 / 6 and does not. Dropping every non-gold passage in the corpus that contains the string albee, 8 passages, gives 3 / 2, identical to dropping the 6, because those 8 passages are exactly this item's own 8 HotpotQA distractors. Under every removal condition the golds' own scores are unchanged at 0.432454 and 0.434342, so the claim is strictly that the competitors occupy the top-five positions and never that they depress the golds' similarity.

No deployable non-oracle condition recovers both. All eight wording-repair cells fail, the best being 8 for Albee and 7 for Barrie, and making the lifespan facet explicit or adding a biography cue moves Albee the wrong way. Indexing the title is inert at 9 / 8. Query splitting, the natural deployable repair for a comparison question, was measured in three forms and fails in all three: the union of the two single-sided top-five lists never contains both golds. All six oracle conditions fail as well, the best being 7 / 11; oracle-name injection is a degenerate factor here because the question already names both golds, and even injecting both lifespans verbatim reaches only 9 / 10.

The two sides are radically asymmetric, and this is the finding that carries the tie-break. J. M. Barrie ranks 1 under all five single-sided queries tried, its bare name, the full frame with the Albee side deleted, a natural how-long rephrasing, a biography cue, and deletion of the surname Albee alone. Edward Albee reaches the top five under none of the five distinct non-oracle Albee-directed queries: 6 from its own bare name, 7 from the full frame with the Barrie side deleted, 8 from a how-long rephrasing, 7 from a biography cue, and 7 from the name plus lifespan vocabulary. Its own satellite documents outrank it even when the query is nothing but its name. The one Albee-directed query that does reach the cutoff is an oracle condition using the gold passage's own formal name form Edward Franklin Albee III, at 5 / 0.398151, and it pushes the Barrie side to 3221 / 0.010108, so it recovers nothing either.

The competitor family is verified in both directions as pit 19i requires. The Albee referent cue alone reproduces 6 of 10 of its top ten inside the baseline top seven, 7 of 10 inside the top ten and 8 of 10 inside the top twelve; deleting that cue from the full question leaves 1 of 10 and no Albee-related passage at all. For contrast the generic type cue alone gives 2 of 10, the answer facet alone gives 0 of 10, and the question frame without either name gives 1 of 10, which excludes question_frame_semantic_crowding by the same test.

peripheral_passage_content_dilution passes all four of its include conditions on Edward Albee and fails on J. M. Barrie. On the Albee side mean pooling is verified, truncation is excluded at 95 tokens, the controlled ablation to the query-relevant clause moves the passage from 9 / 0.432454 to 1 / 0.663123, and the length-matched controls do not improve it. The decisive control pair is name-preserving and length-matched at once: removing only the works list, 40 words, gives 2 / 0.601674, while removing only the awards sentence and keeping the works list, 41 words, gives 8 / 0.441928. Two 18-word name-preserving controls give 8 / 0.446975 and 7 / 0.512652 against 1 / 0.663123 for the 17-word ablation, and rank is not monotone in length anywhere on the curve. Keeping the name and playwright but deleting the dates still gives 1 / 0.632052, while keeping the name and the dates but deleting playwright gives 8 / 0.471766, so the decisive content is the playwright predicate and the works list suppresses it. On the Barrie side the same ablation moves 8 / 0.434342 only to 7 / 0.512680, so the second include condition, a material rank improvement, fails; ablating both golds at once still leaves 1 / 0.663123 and 8 / 0.512680.

Corpus setting is excluded as a source. Pooled and per-question agree on both metrics, any@5 0 and full@5 0, which is the first unit in this series where the setting changes neither. Six of this item's own eight HotpotQA distractors are Albee-related and occupy per-question ranks 1 to 6 ahead of the golds at 7 and 8, so the competitor family is annotator-constructed rather than pooling-introduced. Pooling adds exactly one competitor above the golds, Jeffrey Stanley, moving each gold down one rank without crossing the cutoff, and dropping only that passage gives 8 / 7 and does not recover. Restricting the pooled ranking to the item's ten paragraphs reproduces the official per-question window title by title, confirming for the second time after D-025 that a Dense per-question ranking is exactly the restriction of the pooled ranking; the idf and avgdl check D-024 requires after a failed pooling-removal probe is therefore inapplicable and was not run.

Comparison-retriever evidence, bounded. Complete-corpus pooled BM25 places Edward Albee at 6 / 19.520331 and J. M. Barrie at 640 / 4.908864, so the stored not_in_top50 for the BM25 unit is a real rank of 640 of 4,937 and not corpus absence. This establishes only that Dense reaches the Barrie passage where BM25 does not; it is not a Dense cause, and the two backends' score magnitudes are not comparable. The BM25 unit for the same example_id is a different analytical unit whose mechanism D-010 attributes to name-form tokenization mismatch, and that attribution is not carried across.

Speculation, recorded and excluded from the conclusion: that the satellite passages score higher because their text is almost entirely playwright plus Edward Albee, which would need distractor-side ablation this project has no contract for; that Jeffrey Stanley ranks 7 as a prototype playwright biography, supported by one forward probe only; that the shared query vector is what costs each side roughly 0.10 of similarity, Albee 0.532719 to 0.432454 and Barrie 0.563657 to 0.434342, which would need an attribution experiment; and that HotpotQA systematically builds one-sided distractor sets, which is n equals 1.

Not run and why: T crossed with the eight wording cells, because T is inert alone and the wording direction is already exhausted; removal crossed with ablation, because removal alone already recovers both and the cross would merge two sufficient conditions in one cell; a Barrie-side removal probe, because there is nothing to remove, the 4 non-gold barrie passages all being absent from the reconstructed top 50; a BM25 per-question reconstruction, because BM25 serves only as reachability evidence; further oracle date variants, because verbatim lifespan injection already failed at 9 / 10; and distractor-side text ablation, which is a fourth intervention class with no precedent contract in this project.","Resolved for this validation pass in favor of one_sided_entity_crowding, with two boundaries recorded rather than closed. First, this is the first validated primary use of the name. Before this unit it survived in the primary inventory only as a first-pass value on two rows: this example's BM25 unit, superseded by D-010 through candidate_category, and 5ab8f57b5542991b5579f097|bm25 as queue item 19, which is still not_started. Whether crowding-family names need an explicit primary-use contract, as cross_passage_conjunction_unresolved does, is a vocabulary-audit question. D-010 described this name as the resulting ranking pattern and less specific than a name-form mechanism; the position taken here is narrower, that the name states which documents compete and which of the two named candidates they belong to rather than anything about rank itself, so pit 17 is not violated, on the same footing that let D-018 adopt compound_two_sided_crowding as a primary. Second, related_name_document_crowding is adopted here as a secondary for the first time on a Dense unit, while its registry definition reads relatives, works, institutions, or associates sharing a name or name token, which is lexical wording. All 6 competitors do literally contain Albee in their text, so the surface fact holds, but whether the definition needs rewording for a bi-encoder is the same kind of question already open for description_only_bridge_entity and is left to the audit. No definition, inclusion rule or exclusion rule is changed here. Separately, cutoff_sensitive_near_miss is removed rather than reinterpreted: at 19.351 and 19.701 percent below the rank-5 score both golds fall in the band this project has excluded, 24.619 percent in D-026 and 52.794 percent in D-025, and far outside the band it has accepted, 1.156 to 4.503 percent. The counter-evidence is recorded: removing only three competitors already lifts Barrie to 5, so the metric is sensitive to a small index change even though the golds are not close to the cutoff in score. Giving far below the cutoff a numerical definition would require editing the registry entry and is deferred.",one_sided_entity_crowding,related_name_document_crowding,"Prefer one_sided_entity_crowding over related_name_document_crowding. Both inclusion rules are satisfied on measured evidence, so the tie-break is not decided there, as pit 13 requires. Both also point at the same passages: the only conditions that place both required passages inside the cutoff are index-side removals of the Albee-related family, and that family is simultaneously the set of name-linked documents and the set of one candidate's neighbourhood. The decision turns on which name accounts for both required passages. related_name_document_crowding says what the competitors are but cannot explain why J. M. Barrie fails, since Barrie has no name link to any of them and ranks 1 under all five single-sided queries tried; only the statement that all the crowding comes from one of the two named candidates and therefore fills the top five that both candidates must share covers the pair, and a comparison unit fails or succeeds as a pair. D-010's routing clause, which prefers a more specific implementation-supported name-form mismatch, does not fire on this unit: the Dense backend performs no tokenization or literal matching and the title-indexing condition T is inert at 9 / 8. The two units have different unit keys, so reaching a different primary here is the design working rather than D-010 being carried across. peripheral_passage_content_dilution is the third candidate and loses at the same step: it passes all four include conditions on Edward Albee with the strongest control pair this project has produced, 40 words at 2 / 0.601674 against 41 words at 8 / 0.441928, yet it recovers only that one side, and ablating both golds at once still leaves 1 / 0.663123 and 8 / 0.512680. That is the same reason D-023 and D-026 kept it secondary, now for the third time. compound_two_sided_crowding is excluded because a single competitor family suppresses both required passages under pit 19h and because the Barrie side has no competitor family. Failure layer: method. Not implementation, since no preprocessing or tokenization path is attributable and T is inert; not corpus setting, since both settings give the same two metrics and the restriction property is verified; not evaluation, since neither required passage has a substitute anywhere in the corpus and no passage supplies a complete non-gold answer.",medium-high,false,jointly_reviewed
manual_review_v1,2026-07-17_a,5a79b7f6554299029c4b5f6f,bm25,5,bridge,How many restaurants comprise the quick service restaurant chain that Ron Joyce helped found?,Ron Joyce,16,Tim Hortons,8,1,single_note,"Observed:
For BM25, “Tim Hortons” is ranked 8 and “Ron Joyce” is ranked 16. The first gold text states that Tim Hortons had 4,613 restaurants as of December 31, 2016; the second states that Ron Joyce co-founded the Tim Hortons chain.

Pooled-corpus passage evidence:
Rank 1 defines a fast food or quick service restaurant. Rank 2 describes Arcos Dorados as a large McDonald’s franchisee and quick service restaurant operator. Rank 3, “Todai (restaurant),” lists restaurant counts across several countries. Ranks 4 and 5 describe other quick service restaurant chains. None of the top-five texts mentions Ron Joyce or Tim Hortons. The answer-bearing Tim Hortons text appears at rank 8, and the entity-linking Ron Joyce text appears at rank 16.

Comparison-retriever evidence:
Dense ranks “Ron Joyce” second and “Tim Hortons” eighth. It retrieves the co-founder bridge within top five but still leaves the numerical answer passage below the review cutoff.

Assessment and uncertainty:
The BM25 top results contain repeated quick-service, chain, restaurant, and numerical language without identifying the chain founded by Ron Joyce. The corpus text therefore supports lexical competition from generic restaurant-chain passages. Exact BM25 feature contributions cannot be decomposed from the stored results.",,Tim Hortons is at rank 8 and Ron Joyce at rank 16; the top five match generic quick-service restaurant and chain language.,Both gold passages are retrieved below cutoff.,"Generic fast-food definitions, franchises, and other restaurant chains match the surface wording but not the founder-to-chain relation.",Dense retrieves Ron Joyce at rank 2 but leaves Tim Hortons at rank 8.,Frequent category terms attract generic industry passages while the named-founder bridge and answer-bearing chain remain lower.,The export does not isolate whether generic-term crowding or weak weighting of the Ron Joyce relation contributes more.,minimal_preprocessing_score_distortion,surface_form_tokenization_mismatch; unindexed_title_name_anchor; generic_term_lexical_crowding; description_only_bridge_entity,jointly_reviewed_validated_revised,"Validated with revision under D-028. Exact reconstruction of the 4,937-passage pooled BM25 index reproduces all 50 stored top-50 titles in order with a maximum absolute score error of 0.000000, and every per-token decomposition reconciles against get_scores within 7.105e-15, so strong causal claims are supported. Complete-corpus ranks are 16 / 21.492350 for Ron Joyce and 8 / 27.226538 for Tim Hortons, so both are retrieved. The rank-5 score is 31.122376, so Ron Joyce sits 9.630026 points, or 30.942 percent, below the cutoff and Tim Hortons sits 3.895838 points, or 12.518 percent, below it, and no score cliff separates ranks 4 to 9, the successive differences being 0.597253, 1.720835, 0.694195, 1.480808 and 1.252255.

Ninety-four conditions were run on the same unchanged candidate set, two of them deliberate duplicates that reproduced bit for bit: all sixteen cells of a P x E x S x T preprocessing and indexing factorial, six further cells adding a crude morphological stem M, three single-sided controls splitting P into its query-side and document-side halves, five gold-targeted index-side single-token repairs including a null control, six query wording conditions, fourteen single query-token deletions, twelve reduced-query probes, five reverse cue-deletion probes, seven per-side reachability probes, eleven index-side removal probes including a six-step cumulative dose-response ladder, seven oracle conditions, and two corpus-setting reconstructions.

The two required passages match completely disjoint query-token sets. Ron Joyce scores 21.492350 from three tokens only, joyce 11.846012, chain 6.841956 and the 2.804382. Tim Hortons scores 27.226538 from four tokens, all of them from the generic category facet, restaurant 8.607975, quick 7.267774, restaurants 6.664213 and service 4.686577; it earns nothing from the person's name because the question never names the chain. Each of the fifteen non-gold passages above Ron Joyce earns between 18.094218 and 29.047969 from that same generic facet and exactly 0.000000 from ron and joyce, so the corpus's only occurrence of joyce, one passage in 4,937 at an idf of 8.098947, is worth less to its own passage than the generic facet is worth to any competitor. The facet tokens quick, service, restaurant, chain and restaurants sum to an idf of 25.249066 against 13.796955 for ron and joyce together.

Three verified implementation choices block the golds' own tokens. Titles are not indexed, and Ron Joyce's title is exactly the query's name. No punctuation is normalized, so the bridge gold's body form Ronald Vaughan ""Ron"" Joyce tokenizes the nickname as ""ron"" and the query's ron scores 0.000000 against it, while the answer gold's restaurant chain; tokenizes as chain; and the query's chain scores 0.000000 against it. There is no stemming, so restaurant and restaurants are two distinct query tokens and the category facet is effectively counted twice; adding a stem makes both golds worse, 19 / 21.398601 and 10 / 30.179957, because it merges those two into one repeated token that rank-bm25 0.2.2 accumulates per occurrence in favour of the same competitors.

Only four of the twenty-two factorial cells place both required passages inside the top five: PT at 2 / 34.444959 and 4 / 32.279538, PET at 2 / 34.444468 and 4 / 32.279538, PST at 2 / 31.710535 and 1 / 32.279538, and PEST at 2 / 31.710535 and 1 / 32.279538. Every one of them contains both P and T, and the interaction is clean: P alone gives 7 / 29.569770 and 3 / 32.295791, recovering only the answer hop, while T alone gives 2 / 32.480848 and 9 / 27.212243, recovering only the bridge hop and moving the answer hop the wrong way. Without T the bridge hop reaches 7 at best under any condition; without P the answer hop reaches 7 at best and never enters the cutoff. E is inert, changing no rank and only the fourth decimal of either score. S improves each gold by one rank alone but, stacked on P, moves the answer hop from 3 to 1 and the bridge hop from 7 to 8.

The P effect is entirely index-side. Query-side-only normalization reproduces the baseline exactly at 16 / 21.492350 and 8 / 27.226538, because the only query token it changes is found?, which is absent from the corpus vocabulary altogether, and document-side-only normalization reproduces the full P condition exactly at 7 / 29.569770 and 3 / 32.295791. Cleaning the question is therefore worth nothing here and only re-tokenizing the corpus helps.

Gold-targeted index-side single-token repairs isolate each artifact, after a null control that rebuilds both gold texts unchanged and reproduces the baseline at 16 / 21.492350 and 8 / 27.226538. Replacing ""Ron"" with Ron in the bridge gold alone gives 6 / 29.740240, worth 8.247890 points and ten rank positions; replacing chain; with chain in the answer gold alone gives 2 / 32.708285, worth 5.481747 points and six rank positions; repairing both at once gives 7 / 29.708153 and 2 / 32.708285, so even a gold-targeted repair of exactly the two punctuation artifacts does not place both inside the cutoff. Replacing the bridge gold's co-founded with helped found gives 8 / 28.453317, worth 6.960967 points. These are third-class interventions under pit 19d and are not deployable repairs.

Eight of the eighteen single factors are completely inert: deleting how, many, comprise, that, ron, helped or found?, and E. Deleting ron changes neither gold's rank because ron matches nothing in either of them. found? occurs in 0 corpus passages against 75 for found, so the query's final token contributes exactly 0.000000 to every passage, the third instance of this pattern after D-019 and D-021. comprise occurs in 5 passages and in neither gold. Six single factors carry opposite signs across the hops: T, and the deletion of restaurants, quick, service, restaurant or chain. Deleting restaurant alone gives 5 / 21.492350 and 12 / 18.618563 and deleting chain alone gives 18 / 14.650394 and 2 / 27.226538. Deleting joyce is the one single-sided factor, 100 / 9.646338 and 8 / 27.226538. Three factors carry the same sign, P, S and M.

The competitor family is verified in both directions as pit 19i requires, and both directions agree. Forward, the descriptive referent cue quick service restaurant chain alone puts 9 of 10 of its top ten inside the baseline top-fifteen non-gold set, and the whole descriptive clause does the same at 9 of 10, while the bare restaurant chain gives 8 of 10 and quick service gives 8 of 10. In reverse, deleting quick service restaurant chain from the full question leaves 3 of 10 and deleting the whole descriptive referent leaves 3 of 10, whereas deleting the person's name leaves the family untouched at 9 of 10. The count facet alone gives 5 of 10 and comprise alone gives 0 of 10.

Per-side reachability is asymmetric but holds on both sides. The bridge hop ranks 1 / 11.846012 from the query's own name Ron Joyce, 1 / 20.073893 from that name under an index-side normalized index, 1 / 19.540866 from the unqueried full-name variant Ronald Joyce, and 1 / 9.646338 when only the name and the relation survive; in each of these the answer hop falls to 4892 or 4895 at 0.000000. The answer hop reaches only 7 / 20.562326 from its complete non-oracle description and 4 from the two-token quick service, and reaches 1 / 20.433077 only from its own name, which is an oracle condition.

Index-side removal cannot recover the bridge hop. All fourteen non-gold passages above it were read in full and every one is a restaurant-chain or fast-food-definition profile; eight are among this item's own ten paragraphs and six are pooling-introduced, and the eight containing the literal string quick service are exactly the item's own eight. Dropping all fourteen gives 3 / 22.028031 and 1 / 30.380258; dropping only the six pooling-introduced ones gives 10 / 21.698162 and 7 / 28.004571; dropping only the eight own ones gives 8 / 21.773995 and 2 / 29.310706, identical to dropping only the eight containing quick service; dropping only the single pooling-introduced passage above the answer hop gives 15 / 21.524871 and 7 / 27.353053. The cumulative ladder is monotone and shallow for the bridge hop, giving 15 / 7, 14 / 6, 13 / 5, 12 / 4, 11 / 3 and 10 / 2 as the top six non-gold passages are dropped one at a time, so six removals move the bridge hop only from 16 to 10; the third step is the one that matters for the cutoff question, lifting the answer hop to 5 / 27.859579 while the bridge hop is still at 13 / 21.591201.

Oracle conditions succeed, and the D-024 precondition holds: Tim Hortons appears in the passage it names with tim at term frequency 2 and hortons at term frequency 2, and in the other gold with tim at 2 and hortons at 1. Appending Tim Hortons gives 2 / 41.634087 and 1 / 47.659615; appending both titles gives 1 / 53.480099 and 2 / 47.659615; naming the entity in place gives 2 / 41.634087 and 1 / 47.659615; replacing the whole description with the name gives 4 / 9.043185 and 1 / 14.681712; the same append under an index-side normalized index gives 2 / 49.694769 and 1 / 52.705685. Appending the query's own Ron Joyce is degenerate and gives 2 / 33.338362 and 9 / 27.226538, and injecting the answer string 4,613 verbatim gives 16 / 21.492350 and 1 / 37.075410. The single-factor oracle-name test that D-020 introduced therefore passes in five forms, its fourth pass overall and its first on a BM25 unit, and it still does not win the primary.

Corpus provenance. Pooled gives any@5 0 and full@5 0; per-question gives any@5 1 and full@5 0, with the golds at 3 and 7 of 10. The per-question rebuild reproduces the official window title by title. Restricting the pooled scores to those same ten paragraphs puts the golds at 10 and 7 of 10, so with the document set held fixed and only the collection statistics changed the bridge hop moves from 3 to 10; this isolates the idf-scale path D-024 identified and establishes the converse of the D-025 Dense property, namely that a BM25 per-question ranking is not the restriction of the pooled ranking. In the per-question index avgdl is 62.400000 against 90.884950, quick, service, restaurant and chain all fall to an idf of 0.410358, restaurants falls from 5.480131 to 0.762140, joyce falls from 8.098947 to 1.845827, and how, many, comprise, ron and helped are absent from the vocabulary entirely. The answer hop is 7 of 10 in the per-question index, in the restricted pooled ordering and among the pooled passages above it, so its failure is independent of corpus setting. Eight of this item's own ten paragraphs are themselves restaurant-chain profiles, so the crowding family is partly annotator-constructed as in D-027 and partly pooling-added, and all three recorded paths appear together here for the first time. Corpus setting remains provenance under D-003.

Comparison-retriever evidence and its boundary. Complete-corpus pooled Dense, rebuilt from the manifest-guarded cached document matrix, places Ron Joyce at 2 / 0.467637 and Tim Hortons at 8 / 0.384094, matching the stored window exactly, so Dense gives any@5 1 and full@5 0 and also fails. This establishes only that the bridge passage is reachable when the name is not subject to whitespace tokenization. It is not a BM25 cause, the two backends' score magnitudes are not comparable, and eight of Dense's own top ten are the same restaurant-chain family, which is recorded as an observation only. There is no Dense analytical unit for this example_id, so no attribution is carried across.

No substitute and no complete non-gold answer. A full-corpus substring scan finds exactly 2 passages containing tim hortons, the two golds themselves, exactly 1 containing 4,613, itself, exactly 1 containing ronald vaughan, itself, and exactly 1 containing co-founded the tim, itself; the literal string ron joyce occurs in 0 passages, not even in the bridge gold, whose body writes ""Ron"" Joyce. Eight of the fourteen competitors state a restaurant count, over 19, almost 60, more than 70, more than 50, 14, over 550, over 50 and 27, but every one of them counts a different chain, so none is a complete non-gold answer and none replaces either hop.

Not run and why. The remaining sixteen cells of a full P x E x S x T x M design, because E is measured inert so every cell containing it is a translation of its counterpart, and because M is negative on both hops in all four forms run and never brings the bridge hop above 9. Document-side scaffold removal and a query-side T, because S is a query-side factor and T an index-side one in this implementation. A content ablation with length-matched controls for peripheral_passage_content_dilution, because under BM25 passage length enters only through the dl and avgdl normalization, which the exact per-token decomposition already accounts for at dl 27 and dl 55, so the probe could add no attribution the decomposition does not already give. A P or T factorial on the per-question index, because corpus setting is provenance under pit 17 and the two reconstructions run are what separate the two paths. Reranker conditions, because the main run has none.","Resolved for this validation pass in favour of minimal_preprocessing_score_distortion, with three boundaries recorded rather than closed. First, a new secondary descriptor unindexed_title_name_anchor is registered, because the title-exclusion factor is mechanically distinct from text normalization and is co-necessary here, appearing in every non-oracle condition that recovers both hops. This is the first unit in which indexing the title is materially positive; D-019, D-020, D-021, D-023, D-024, D-025 and D-026 all measured it inert or negative, and those results must not be extrapolated. Whether index-field selection should instead be folded into minimal_preprocessing_score_distortion is a vocabulary-audit question and is not settled here; folding it in would widen a primary already flagged as possibly too broad, now on its sixth unit and its fifth distinct sub-mechanism. Both readings of the new name were tested as pit 19e requires: the indexing reading through condition T at 2 / 32.480848, and the semantic reading through a reduced query containing only that title, which ranks the passage 1 / 11.846012, so the title string is highly discriminative and only its exclusion from the index matters. Second, description_only_bridge_entity passes the single-factor oracle-name test in five forms with the D-024 precondition verified, its fourth pass and its first on a BM25 unit, and still loses the primary; this is the second application of the D-021 precedent that the inclusion rule can be met while the descriptor loses the tie-break, and the first time the losing argument is that a non-oracle condition recovers the un-named hop on its own. The structural shape D-026 recorded recurs here, the described entity being the subject of the answer passage rather than a pure bridge entity, and remains an audit question. Third, cutoff_sensitive_near_miss is removed on the score gap alone, following D-027. Tim Hortons at 12.518 percent below the rank-5 score falls in a band this project had never measured, between the largest acceptance at 4.503 percent and the smallest previous exclusion at 19.351 percent, so this removal narrows the untested band to 4.503 to 12.518 percent; Ron Joyce at 30.942 percent falls squarely in the excluded band, so full@5 cannot be changed by any movement of the near gold alone. Unlike D-027 there is no score cliff to appeal to, the successive differences from rank 4 to rank 9 being 0.597253, 1.720835, 0.694195, 1.480808 and 1.252255, and the counter-evidence is recorded rather than suppressed: dropping only the top three competitors lifts the answer hop to 5 / 27.859579. Giving far below the cutoff a numerical threshold would edit the registry entry and stays deferred. Separately, generic_term_lexical_crowding retains no v2 primary row after this change, and bridge_relation_underweighted is deleted rather than registered.",minimal_preprocessing_score_distortion,description_only_bridge_entity,"Prefer minimal_preprocessing_score_distortion over description_only_bridge_entity. Step one: generic_term_lexical_crowding, the provisional primary, meets its inclusion rule on read text, fourteen higher-ranked competitors matching the same broad category facet and none supplying a complete alternative answer, but it is demoted by its own exclusion clause and by the pit 19f and 19i test run in both directions, forward 9 of 10 and reverse 3 of 10, with deletion of the person's name leaving the family untouched at 9 of 10; the family is the product of the question's own descriptive referent rather than an independent contributing condition. Step two: description_only_bridge_entity is the closest competitor and its inclusion rule is met, since the required chain is never named and is reachable only through a generic category description, and the single-factor oracle-name test passes in five forms with the D-024 precondition holding. It loses on two measured grounds: its entire support is oracle, which pit 15 restricts to diagnosis, and it is directly contradicted by a non-oracle condition, since index-side boundary-punctuation normalization alone moves the un-named hop from 8 / 27.226538 to 3 / 32.295791, so the descriptive referent is sufficient once one tokenizer artifact is repaired and the absence of a name anchor is not the binding constraint. Step three: cross_passage_conjunction_unresolved is not adopted although its three positive legs all hold, completely disjoint matched token sets, six of eighteen single factors carrying opposite signs, and a missing intermediate fact, the chain's name, that occurs nowhere in the query and only inside the other gold, tim hortons occurring in exactly 2 corpus passages which are the two golds. The PT condition supplies no intermediate fact and performs no cross-passage reasoning yet places both required passages inside the cutoff, which could not happen if the inability to carry that fact were the binding constraint; this is the first unit in the pass to reject the name on that ground, and as in D-026 one anchor also reaches both required passages. Step four: minimal_preprocessing_score_distortion wins because it is the only candidate with a non-oracle counterfactual that recovers both hops, and because both blocked tokens are attributed exactly, the quotation marks at 8.247890 points and ten ranks and the semicolon at 5.481747 points and six ranks, each isolated by a single-token gold-targeted repair against a null control that reproduces the baseline. Two further token-level facts belong to the same mechanism: found? is absent from the corpus vocabulary and contributes exactly 0.000000 everywhere, and the absence of stemming counts the category facet twice while adding stemming makes both hops worse. Failure layer: implementation. Not method, since the question's descriptive referent and its name anchor are each individually sufficient to reach their own passage once the tokenizer and the indexed field are changed; not corpus setting, since the answer hop is 7 of 10 in the per-question index, in the restricted pooled ordering and among the pooled passages above it, and no removal probe recovers the bridge hop; not evaluation, since neither hop has a substitute anywhere in the corpus and no passage supplies a complete non-gold answer.",medium-high,false,jointly_reviewed
manual_review_v1,2026-07-17_a,5a7c9f325542990527d554e6,bm25,5,bridge,What act for Innocent Records achieved Platinum sales and shares its name with a primary color in the RGB color model?,Blue,18,Innocent Records,9,1,single_note,,"Observed: Target BM25 has Gold 1 (""Blue"") at rank 18 and Gold 2 (""Innocent
Records"") at rank 9; neither is inside the top 5. Dense has Gold 1 at rank 7
and Gold 2 at rank 4.

Gold evidence status: Both golds below cutoff but retrieved - Gold 1 rank 18,
Gold 2 rank 9. Nothing absent from the stored list.

Retrieved evidence or distractor: BM25's top 8 are entirely technical
color-model articles - #1 ""RGB color space,"" #2 ""RGB color model,"" #3 ""Color
space,"" #4 ""ProPhoto RGB color space,"" #5 ""RGBA color space,"" #6 ""YCoCg,""
#7 ""Brown,"" #8 ""HCL color space."" The query phrase ""primary color in the RGB
color model"" lexically matches this cluster of colorimetry documents, which
outrank the band/color article ""Blue"" (the intended Gold 1) and push it to 18.
The record-label side fares better - ""Innocent Records"" is at #9 - but the
color half of the bridge is swamped by exact-token color-science hits.

Relevant comparison-retriever evidence: Dense lifts both golds much higher
(Blue #7, Innocent Records #4), suggesting it reads ""primary color"" as pointing
to the color/band entity rather than to color-space technical articles.

Possible reason: BM25 appears misdirected by the literal RGB/color-model
vocabulary in the question, which strongly matches a dense pocket of
colorimetry documents; the metonymic bridge (a musical act named after the
color ""Blue"") requires resolving ""primary color"" to the entity rather than the
color-science topic, which term matching does not do.

Alternative or uncertainty: It's unclear whether ""Blue"" would rise if the
color-model documents were absent, or whether the ""Blue"" passage simply has
weak overlap with the question's distinctive terms (""act,"" ""Platinum,""
""Innocent Records""); the top-50 list can't fully separate crowding from poor
term match.","BM25 ranks Innocent Records ninth and Blue eighteenth. Ranks 1-8 are RGB/color-model or color-space passages, but RGB color model at rank 2 is evidence-bearing because its text explicitly identifies blue as an additive primary color.",Both annotated gold passages are retrieved below the top-5 cutoff. Blue is partly substitutable: the non-gold RGB color model passage at rank 2 supplies the required primary-color evidence.,"Ranks 1 and 3-8 form a redundant technical color neighborhood; several are non-answer competitors, while rank 2 must not be treated as a distractor because it supplies the Blue clue. The technical cluster receives large repeated color and RGB contributions.",Dense ranks Innocent Records fourth and annotated Blue seventh. Its rank-1 RGB color model passage plus rank-4 Innocent Records form a complete non-gold/gold answer chain inside the top five.,"The verified lowercase-whitespace tokenizer and BM25 scoring loop amplify the query's two occurrences of color, while punctuation, morphology, and British/American spelling prevent corresponding gold-text matches. This score distortion favors the technical color cluster over the record-label and annotated color passages.","The ablations are diagnostic counterfactuals, not observed production rankings. They establish sensitivity to repeated-token and surface-form handling but do not prove that any particular production preprocessing change would retrieve both annotated gold titles inside the top five.",minimal_preprocessing_score_distortion,repeated_content_word_amplification; surface_form_tokenization_mismatch; technical_topic_crowding; gold_chain_substitutability,jointly_reviewed_validated_revised,"Observed evidence: BM25 ranks Innocent Records 9 and Blue 18. Actual passage inspection shows that ranks 1-8 concern RGB/color models or spaces, but RGB color model at rank 2 explicitly states that red, green, and blue are additive primary colors and therefore supplies useful answer evidence rather than being a pure distractor. Dense ranks Innocent Records 4 and Blue 7; Dense rank 1 RGB color model plus rank 4 Innocent Records forms a complete alternative top-5 chain.

Verified implementation facts: The run indexes paragraph text but not titles and tokenizes with lowercase whitespace splitting. BM25Okapi.get_scores scores every query-token occurrence, so the query's two occurrences of color are accumulated twice. Exact reconstruction of the 4,937-passage pooled corpus reproduces the formal BM25 top 20 and scores with zero error. The repeated color token contributes about 19-24 points to each rank-1-to-rank-8 technical passage. The Blue passage uses colour and receives zero contribution from query token color. Innocent Records also loses exact matches through act/act), sales/sales., and achieved/achieving surface differences.

Supported interpretation: The implementation-supported score distortion is more proximal than literal topic capture. A diagnostic ablation that deduplicates query tokens moves Innocent Records from rank 9 to rank 5; RGB color model remains rank 1 and supplies the other answer step. Punctuation plus colour normalization raises Blue from rank 18 to rank 6 and Innocent Records from rank 9 to rank 8. These are controlled diagnostics, not production outcomes.

Speculation boundary: The evidence does not establish that a particular stemmer, synonym system, or production normalization policy would place both annotated gold titles inside the top five. It also does not support the original metonymic-bridge claim: the annotated Blue passage is a color article, not a band biography.",Exact-title evaluation treats Blue as missing even though RGB color model at rank 2 supplies the same primary-color fact. This gold-chain substitutability reduces the practical importance of Blue's rank but does not erase the target top-5 failure because Innocent Records is rank 9 in the observed BM25 ranking.,minimal_preprocessing_score_distortion,literal_cue_topic_capture,"Prefer minimal_preprocessing_score_distortion because the verified tokenizer, repeated-query-token scoring, exact score decomposition, and controlled deduplication ablation directly identify the score mechanism. Literal_cue_topic_capture describes the resulting technical cluster but incorrectly treats the evidence-bearing RGB color model passage as mere distraction and does not explain the concrete colour/color and punctuation/morphology mismatches.",high,false,jointly_reviewed
manual_review_v1,2026-07-17_a,5a7d19d85542995ed0d165e8,dense,5,bridge,The Tennessee Volunteers football team plays as a member for a conference in what city?,1984 Tennessee Volunteers football team,8,Southeastern Conference,11,1,single_note,,"Observed: Target Dense has Gold 1 (""1984 Tennessee Volunteers football team"") at
rank 8 and Gold 2 (""Southeastern Conference"") at rank 11; neither is inside the
top 5. BM25 has Gold 1 at rank 2 and Gold 2 not in top 50.

Gold evidence status: Both golds below cutoff but retrieved for the target -
Gold 1 rank 8, Gold 2 rank 11. Nothing absent from Dense's stored list.

Retrieved evidence or distractor: Dense's top ranks are almost entirely
different-season ""Tennessee Volunteers football team"" articles -
#1 ""1891...,"" #2 ""1899...,"" #3 ""1938...,"" #4 ""1983...,"" #5 ""1896...,""
#6 ""Tennessee Volunteers football statistical leaders,"" #7 ""1985..."". The
correct 1984 season is at #8, one year among many near-identical season
documents. The conference article ""Southeastern Conference"" (the bridge that
carries the ""in what city"" answer, Birmingham) is at #11.

Relevant comparison-retriever evidence: BM25 places the 1984 team at #2 via
exact year-token match but drops ""Southeastern Conference"" out of its top 50;
so the two methods fail on opposite halves - Dense crowds the team side with
season variants, BM25 misses the conference side.

Possible reason: Dense appears to suffer near-neighbor crowding: the many
season-year variants of the same team are highly similar embeddings that fill
the top ranks, separating the specific 1984 season and the linked conference
article from the top 5 by small margins.

Alternative or uncertainty: It's unclear whether the query even needs the
specific 1984 season (any Volunteers article establishes SEC membership), so the
""failure"" on Gold 1 may partly reflect the evaluation contract rather than a
retrieval defect; the SEC article at 11 is the more meaningful near-miss.","Pooled Dense ranks the annotated 1984 team eighth and Southeastern Conference eleventh. Ranks 1-9 are Tennessee Volunteers season or statistical passages from the item's original context; the formal per-question result has the same nine passages ahead of Southeastern Conference, which is tenth there.","Both annotated gold titles are below the top-5 cutoff, but the 1984 passage is substitutable: ranks 4, 6, and 7 independently establish the Tennessee-to-SEC bridge. The answer-bearing Southeastern Conference passage has no top-5 substitute and remains the meaningful miss.","Rank 1 repeats the Tennessee Volunteers football team phrase but contains no conference relation. Ranks 2 and 5 identify the historical SIAA, rank 9 identifies the Southern Conference, and rank 3 only mentions SEC history. Ranks 4, 6, and 7 explicitly establish current SEC membership and are evidence-bearing substitutes rather than distractors.","BM25 ranks the annotated 1984 passage second and other Tennessee season variants throughout its leading results, but Southeastern Conference is absent from its stored top 50. The first-pass claim that BM25 used an exact year-token match is rejected because the query contains no year.","Because the query does not specify a season, many same-team variants are semantically appropriate neighbors and occupy the leading Dense slots. Independent whole-passage cosine scoring does not require a passage to satisfy both the Tennessee-team cue and the conference-headquarters relation, leaving the answer-bearing conference passage below the variant cluster.","The inspected model configuration uses mean pooling, so passage focus and additional content may affect the resulting vector, and rank 1 also contains Chattanooga, Tennessee. Without token attribution or controlled text ablations, however, neither city language nor content dilution can be claimed as the verified reason for the score difference between ranks 1 and 8.",same_entity_variant_crowding,gold_chain_substitutability,jointly_reviewed_validated_revised,"Observed evidence: Pooled Dense ranks 1984 Tennessee Volunteers football team 8 (0.5847) and Southeastern Conference 11 (0.4914). Ranks 1-9 are Tennessee Volunteers season or statistical passages. Rank 1 repeats the full team phrase twice but does not state conference membership. Ranks 2 and 5 concern the SIAA, rank 9 concerns the Southern Conference, and rank 3 mentions SEC history without the explicit membership relation. Ranks 4 (1983), 6 (statistical leaders), and 7 (1985) explicitly establish Tennessee's SEC membership and therefore substitute for the annotated 1984 passage. None supplies the SEC headquarters city; Southeastern Conference at rank 11 states that the conference is headquartered in Birmingham, Alabama.

Corpus provenance: All nine Tennessee passages ahead of Southeastern Conference belong to this item's original ten-passage HotpotQA context. The formal per-question Dense result preserves the same order and places Southeastern Conference tenth. Pooling inserts Shawnee Mission District Stadium at pooled rank 10 and shifts the conference passage to 11, but does not create the same-team variant neighborhood or the top-5 failure.

Verified implementation facts: Dense encodes passage text without titles using a symmetric all-MiniLM-L6-v2 bi-encoder, explicitly L2-normalizes query and passage embeddings, and ranks independent passage cosine similarities. The main run has no reranker, cross-attention, or cross-passage reasoning. The inspected model configuration uses mean pooling, but the historical result artifacts do not support token-level attribution or exact claims about individual semantic contributions.

Supported interpretation: The query contains no year and therefore supplies no basis for preferring the annotated 1984 season over other Tennessee season passages. A redundant same-entity neighborhood occupies the leading ranks, while the passage carrying the conference-to-Birmingham fact is lower. This supports same_entity_variant_crowding as an output-supported primary mechanism and gold_chain_substitutability as an evaluation boundary.

Comparison evidence: BM25 ranks 1984 second but does not retrieve Southeastern Conference in its stored top 50. The original note's explanation that BM25 benefited from an exact year-token match is factually impossible because the query contains no year. BM25's result is used only as comparison evidence, not as the cause of the Dense ordering.

Speculation boundary: Rank 1's short, team-focused text and Chattanooga location language may contribute to its whole-passage similarity, while additional 1984 season details may change the mean-pooled vector. Without attribution or controlled text ablation, do not claim that Chattanooga raised the score or that mean pooling diluted the 1984 passage. The observed score gaps also do not support a general cutoff-near-miss description: the rank-5-to-1984 gap is about 0.050, while the rank-5-to-conference gap is about 0.143.","The question does not specify 1984, and several original-context passages supply the same Tennessee-to-SEC bridge, so the annotated first gold is not unique. This does not fully rescue the observed top five because no top-5 passage supplies the SEC-to-Birmingham fact.",same_entity_variant_crowding,cross_passage_conjunction_unresolved,"Prefer same_entity_variant_crowding because the actual texts and per-question provenance show a concrete, redundant same-team neighborhood occupying the first nine ranks ahead of the answer-bearing conference passage. Cross_passage_conjunction_unresolved is a real implementation boundary but is broader and does not distinguish why this unit's leading list is unusually repetitive. Retain gold_chain_substitutability as a secondary evaluation descriptor and remove cutoff_sensitive_near_miss because the meaningful conference evidence is rank 11 with a substantial score gap, while the nearer 1984 gold is replaceable inside the top five.",high,false,jointly_reviewed
manual_review_v1,2026-07-17_a,5a7d61775542991319bc93b9,bm25,5,bridge,"During Siege of Bharatpur, which Commander-in-Chief of Ireland and Commander-in-Chief of India contributed to the storming of the castle?",Siege of Bharatpur,17,"Stapleton Cotton, 1st Viscount Combermere",not_in_top50,2,overlap,"Observed:
For BM25, “Siege of Bharatpur” is ranked 17 and “Stapleton Cotton, 1st Viscount Combermere” is not in the stored top 50. The question requires a passage connecting the 1825–1826 siege to Stapleton Cotton and his service as Commander-in-Chief in Ireland and India.

Pooled-corpus passage evidence:
The retrieved text at rank 1, “Commander-in-Chief, India,” defines the office but does not identify Stapleton Cotton. Rank 2, “Claude Auchinleck,” describes Auchinleck’s service as Commander-in-Chief India. Rank 3, “Siege of Bharatpur (1805),” describes Gerard Lake’s failed 1805 assault, a different siege from the 1825–1826 event. Rank 6 discusses the Catholic Church in Ireland, and rank 8 describes Leinster; neither passage identifies the requested commander. Thus the stored BM25 passages above the gold siege passage contain isolated India, Ireland, commander, or Bharatpur facets but do not supply the required relation.

Comparison-retriever evidence:
Dense ranks “Siege of Bharatpur” first and “Stapleton Cotton, 1st Viscount Combermere” third. Their pooled-corpus texts supply the siege and biographical connection needed by the question, showing that the required evidence is present in the corpus and reachable within dense top five.

Assessment and uncertainty:
This is a BM25 ranking failure with competition from passages containing separate query facets and from the wrong 1805 siege. The retrieved texts support that description. The exact contribution of BM25 term frequency, inverse document frequency, document-length normalization, or title weighting cannot be isolated from the exported passages, ranks, and scores alone.","Observed: Target BM25 has Gold 1 (""Siege of Bharatpur"") at rank 17 and Gold 2
(""Stapleton Cotton, 1st Viscount Combermere"") not in top 50; neither is inside
the top 5. Dense has both inside the top 5 (rank 1 and rank 3).

Gold evidence status: Gold 1 below cutoff (rank 17, retrieved but outside
top 5). Gold 2 not in top 50 (absent from the stored BM25 list; this does not
mean it is absent from the corpus).

Retrieved evidence or distractor: BM25's top hits are dominated by titles that
share surface tokens with the question rather than the specific bridging
person. #1 ""Commander-in-Chief, India"" and #2 ""Claude Auchinleck"" both match
the phrase ""Commander-in-Chief of India"" lexically but refer to the general
role/a different, later officeholder, not the 1825–26 event or Stapleton
Cotton. #3 ""Siege of Bharatpur (1805)"" is a near-duplicate title describing a
different, earlier siege of the same fort; this close title match likely
outranks and effectively substitutes for the correct ""Siege of Bharatpur""
article (the actual Gold 1), which is pushed down to rank 17.

Relevant comparison-retriever evidence: Dense ranks the correct ""Siege of
Bharatpur"" at #1 and ""Stapleton Cotton, 1st Viscount Combermere"" at #3,
suggesting the passages are semantically distinguishable from the same-name
distractors and that the difficulty is specific to lexical matching rather
than inherent passage ambiguity.

Possible reason: BM25 appears to be misled by (a) a near-duplicate article
title referring to a different historical event at the same location (Gold 1),
and (b) low lexical overlap between the question and the bridging person's
name/title, since the question never names Stapleton Cotton (Gold 2).

Alternative or uncertainty: These may be two distinct failure mechanisms
rather than one - title confusion for Gold 1 vs. sparse term overlap for
Gold 2 - and it's not fully clear from the top-50 list alone whether Gold 2
would appear at a much lower rank if the list were extended, or whether it's
truly absent from BM25's retrieval for this query.",The correct siege is at rank 17 and Stapleton Cotton is absent from the stored top 50. Exact score decomposition shows that several higher distractors receive large contributions from repeated function words and isolated role or location tokens.,One gold is below cutoff; the unnamed bridge person is not in the stored top 50.,Rank 1 repeatedly matches commander-in-chief and India; rank 2 is a different India officeholder; rank 3 is the wrong 1805 siege; ranks 4-10 are largely promoted by one content facet plus repeated of/the contributions.,Dense retrieves the correct siege at rank 1 and Stapleton Cotton at rank 3.,The minimal lowercase-plus-whitespace pipeline both inflates distractors through repeated function-word scoring and suppresses gold matches through punctuation-sensitive and unnormalized surface forms. Near-duplicate event competition and the description-only bridge remain independent secondary difficulties.,"Even after stronger normalization, the wrong officeholder and the 1805 siege would remain genuine lexical competitors because BM25 cannot enforce that one person jointly satisfies the Ireland, India, and Bharatpur relations.",minimal_preprocessing_score_distortion,repeated_function_word_amplification; surface_form_tokenization_mismatch; near_duplicate_event_confusion; description_only_bridge_entity,jointly_reviewed_validated_revised,"Both reviewers agree that BM25 places the correct 1825-1826 Siege of Bharatpur passage at rank 17 and does not place Stapleton Cotton in the stored top 50, while Dense retrieves them at ranks 1 and 3. Implementation review confirms that titles are not indexed; query and document text use lowercase whitespace splitting only; and rank-bm25 0.2.2 iterates over every query-token occurrence when accumulating scores. The query contains of four times, commander-in-chief twice, and the twice. Exact reconstruction reproduces the exported scores: rank 1 Commander-in-Chief, India receives 17.31 points from of, 17.92 from commander-in-chief, 8.65 from the, and 8.89 from india; rank 3 Siege of Bharatpur (1805) receives 23.07 of its 41.85 points from of/the and does not match bharatpur because the query token is bharatpur,. Rank 5 Fort Diu, rank 6 Catholic Church in Ireland, and other high distractors similarly combine one content facet with large repeated function-word contributions. The correct siege scores 34.79 from only siege, of, the, and and; it loses bharatpur,/bharatpur, storming/stormed, india/indian, and castle?/fortress matches. The Stapleton Cotton text is semantically answer-bearing but loses commander-in-chief/commander-in-chief,, india/india., storming/stormed, and bharatpur,/punctuation-bearing Bharatpur matches. The primary interpretation is therefore implementation-induced score distortion from minimal preprocessing. Near-duplicate event confusion and description-only identification of Stapleton Cotton remain real secondary difficulties, while query_facet_fragmentation describes the resulting ranking pattern.",Resolved as a compound case with an implementation-supported primary mechanism and two independent secondary retrieval difficulties. The existing vocabulary lacked a general category covering both false-positive score inflation from unfiltered repeated function words and false-negative matches from punctuation-sensitive surface forms.,minimal_preprocessing_score_distortion,query_facet_fragmentation,"Prefer minimal_preprocessing_score_distortion because the known tokenizer, library scoring loop, and exact per-token decomposition directly explain why unrelated passages outrank the golds. Query_facet_fragmentation is retained as the closest observable outcome. Treat near_duplicate_event_confusion and description_only_bridge_entity as secondary because they remain plausible after normalization but do not explain the broad rank-4-to-rank-10 distortion.",high,false,jointly_reviewed
manual_review_v1,2026-07-17_a,5a81ebee554299676cceb16d,dense,5,bridge,What kind of movie directed by F. Javier gutierrez did an Italian model and actress star in?,Matilda Lutz,43,Rings (2017 film),not_in_top50,1,single_note,"Observed:
For dense retrieval, “Matilda Lutz” is ranked 43 and “Rings (2017 film)” is not in the stored top 50. The Matilda Lutz text identifies her as an Italian model and actress who starred in the 2017 horror film “Rings.” The “Rings” text identifies it more specifically as a supernatural psychological horror film directed by F. Javier Gutiérrez.

Pooled-corpus passage evidence:
The top five texts concern an Argentine film director, a Mexican comedy-drama film, a director and screenwriter, actress and model Janine Gutierrez, and an Italian biographical film. “Janine Gutierrez” matches the surname and actress/model concepts but is not F. Javier Gutiérrez or Matilda Lutz. “Giuseppe Verdi (film)” is an Italian film rather than a film starring an Italian model and actress. None of the top-five texts identifies “Rings,” Matilda Lutz, or the requested genre.

Comparison-retriever evidence:
BM25 ranks “Rings (2017 film)” first and “Matilda Lutz” seventeenth. Its rank-1 corpus text alone states the director, film genre, and starring actress, directly answering “supernatural psychological horror film.”

Assessment and uncertainty:
The dense results contain broad film, director, actress/model, Italian, and Gutierrez-related material but miss the exact director-film-actress relation. The text supports entity and topical competition; the particular embedding features responsible for the order cannot be isolated from the export.",,"Matilda Lutz is at rank 43 and Rings is absent from the stored top 50; high ranks contain broadly related directors, films, models, and a different Gutierrez.",One gold is deep in the list; the answer-bearing film is not in the stored top 50.,"Janine Gutierrez matches the surname and actress/model concepts; other results separately match film, Italian, director, or model cues.",BM25 retrieves Rings at rank 1 and Matilda Lutz at rank 17.,The dense ranking retrieves broad entity and topical facets but fails to bind the exact director-film-actress relation.,It is unclear whether surname confusion or general relational composition failure is the dominant cause.,question_frame_semantic_crowding,peripheral_passage_content_dilution; description_only_bridge_entity; generic_person_semantic_neighborhood,jointly_reviewed_validated_revised,"Validated with revision under D-029. Exact reconstruction of the 4,937-passage pooled Dense index from the manifest-guarded document matrix reproduces all 50 stored top-50 titles in order with a maximum absolute score error of 3.278e-07, so strong causal claims are supported. Complete-corpus ranks are 43 / 0.365309 for Matilda Lutz and 94 / 0.332391 for Rings (2017 film), so the stored not_in_top50 means rank 94 rather than absence from the corpus. The rank-5 score is 0.460548, so the two required passages sit 0.095238 and 0.128157 points, or 20.679 and 27.827 percent, below the cutoff, and there is no score cliff: the successive differences from rank 1 to rank 10 are 0.002518, 0.010296, 0.034229, 0.007743, 0.004229, 0.006203, 0.004349, 0.001895 and 0.003646.

One hundred and thirty-two conditions were run on the same unchanged candidate set, twelve of them deliberate duplicates that reproduced bit for bit, making this the largest single-unit diagnostic in the project so far: all eight cells of an A x B x C query-wording factorial, the indexing condition T and three T crossings, eight further wording conditions, eight name-free ceiling rewrites, ten single-clause and single-token deletions from the full question, ten per-side reachability probes, eight frame-only reduced-query probes, one query-splitting probe completing three split pairs, eighteen name-position probes, twenty-two index-side removal probes including two cumulative dose-response ladders, twenty-three gold-targeted content conditions including a null control and length-matched controls on both required passages, ten oracle conditions, one per-question reconstruction and the baseline.

The question names exactly one entity, the director, and that entity has no passage of its own anywhere in the corpus, while the subjects of both required passages are referred to only by description. The verified implementation is a symmetric all-MiniLM-L6-v2 bi-encoder that encodes paragraph text only and excludes the title, applies explicit row-wise L2 normalization so the dot product equals cosine, uses attention-mask-aware mean pooling with a 256-token limit, and runs with no reranker and no cross-passage reasoning. Its tokenizer lower-cases and strips accents, so F. Javier gutierrez and F. Javier Gutierrez with an accent both tokenize to f, ., javier, gutierrez. Both required passages are inside the sequence limit at 30 and 86 tokens.

The question's only named entity is not a usable anchor for this encoder. The corpus contains the accented surname in exactly one passage, the answer gold, and the unaccented form in exactly one other, Janine Gutierrez. Reducing the query to F. Javier Gutierrez ranks the answer gold 2202 / 0.057835 and the bridge gold 1937 / 0.070732, and the bare surname gives 4243 / -0.047993. This is not a query-length effect, since the four-word descriptive query Italian model and actress ranks the bridge gold 14 / 0.459121, and not a spelling effect, since the accented and unaccented forms score identically. Five further names taken from the same answer passage behave the same way, David Loucka 1523, Alex Roe 2515, Vincent D'Onofrio 1469, Johnny Galecki 533 and Aimee Teegarden 2914, while the two names standing in subject position at the start of their own passage are perfectly reachable, the bare Matilda Lutz ranking its passage 1 / 0.633059 and the bare Rings ranking its passage 1 / 0.560012. Reducing the answer passage to a fourteen-word sentence ending in the director's name lifts that same bare-name query from 2202 to 120 / 0.263144, and reducing it to its non-relevant content pushes it to 3911, so the name's unreachability is bound up with what else the passage says.

The competing family was verified in both directions as pit 19i requires. Every one of the 42 passages above the bridge gold and every one of the 51 further passages between it and the answer gold was read in full. Above the bridge gold, 36 carry a film or directing cue, 19 a person-role cue, 16 both, 12 the word italian and exactly 1 the surname; above the answer gold the same counts are 77, 48, 41, 20 and 1. Not one contains Matilda Lutz or Rings and not one states the genre of any film by the queried director. Forward, the referent cue alone does not build this family: the director's name puts only 4 of 10 of its top ten inside the baseline top-42 and 2 of 10 inside the baseline top ten, its own top five being racing drivers and footballers with similar name forms, and the bare surname gives 3 of 10. In reverse the family survives deletion of either cue: deleting the whole director name leaves 8 of 10 inside the baseline top-42, and deleting the descriptive referent instead leaves 8 of 10 inside the top-42 and 6 of 10 inside the top ten. The family is therefore the product of the question's framing facets and not of either referent, which is what the descriptor's third exclusion clause tests for.

Index-side removal probes, with a control on the complement. Dropping the one surname-sharing passage gives 42 / 0.365309 and 93 / 0.332391, and dropping every non-gold passage containing the surname gives the same, so surname competition is immaterial. Dropping the 36 film-family passages above the bridge gold gives 7 / 0.365309 and 58 / 0.332391. Dropping all 84 framing-family passages above the answer gold gives 4 / 0.365309 and 10 / 0.332391, while the control that drops only the 8 non-framing passages above it gives 40 / 0.365309 and 86 / 0.332391, so the attribution has a control and is not a one-sided assertion. Dropping all 89 pooling-introduced passages above the answer gold gives 3 / 0.365309 and 5 / 0.332391, both inside the cutoff, and restricting the candidate set to the item's own ten passages gives the same 3 and 5. The two cumulative ladders are monotone and shallow: removing the top 5, 10, 15, 20, 30 and 42 non-gold passages moves the bridge gold to 38, 33, 28, 23, 13 and 1 while the answer gold only reaches 52, and removing the top 50, 60, 70, 80, 85, 89 and 93 moves the answer gold to 45, 35, 25, 15, 10, 6 and 2, so 93 removals are needed before both are inside the cutoff.

No query rewrite and no gold-passage repair recovers both hops; only removing competitors does. The non-oracle query ceiling is 12 / 0.418804 and 28 / 0.390005, reached by dropping the surname and asking for a genre, and the next best is 7 / 0.426707 and 37 / 0.373016 from dropping the surname alone. The gold-targeted repair ceiling is 18 / 0.412468 and 16 / 0.420530 with both passages ablated at once. Combining the two ceilings still gives only 4 / 0.462879 and 9 / 0.438683. Three query-splitting unions were measured as well, and no union of two single-sided top-five lists ever contains both required passages.

Single-factor effects are strongly antagonistic across the two hops. Eight of the thirteen single factors carry opposite signs: deleting the director clause gives 5 / 0.466126 and 261 / 0.277560, deleting the descriptive referent gives 351 / 0.238875 and 47 / 0.343038, deleting Italian gives 60 / 0.328700 and 40 / 0.346540, deleting model and gives 45 / 0.375880 and 86 / 0.341370, deleting the answer-type frame gives 29 / 0.396772 and 160 / 0.313877, deleting the forename initials gives 38 / 0.389649 and 266 / 0.278954, deleting the whole director name gives 7 / 0.463058 and 174 / 0.313724, and the genre wording gives 51 / 0.358808 and 68 / 0.348342. The only factor that improves both is deleting the surname alone. Compare 6 of 18 in D-028, 21 of 50 in D-027, 4 of 19 in D-026, 10 of 20 in D-025 and 10 of 19 in D-024. The A x B x C factorial has no interaction at all, because capitalizing the surname and restoring its accent are exactly inert in all eight cells as the tokenizer contract predicts, so the eight cells collapse to two distinct results. The indexing condition is negative for the eighth consecutive unit at 79 / 0.333927 and 155 / 0.294327, and its three crossings give 89 / 0.328441 and 130 / 0.310213, 5 / 0.445752 and 338 / 0.243080, and 11 / 0.404894 and 85 / 0.333700; the D-028 exception does not transfer because neither gold's title is the query's name anchor here.

The content-dilution gate passes on both required passages, the fourth application and the third pass. The null control rebuilding both gold rows from their own text reproduces the baseline bit for bit at 43 / 0.365309 and 94 / 0.332391. On the answer gold, the ablation to its single query-relevant sentence gives 37 / 0.373376 at 57 words, a further truncation to director, genre and writers gives 31 / 0.379862 at 24 words and to director and genre alone gives 16 / 0.420530 at 14 words, while the three length-matched name-preserving controls built from its non-relevant sentences give 171 / 0.298173 at 10 words, 342 / 0.246695 at 16 words and 405 / 0.233411 at 23 words. This is the first unit in which the controls do not merely fail to improve the rank but move it 150 to 390 positions the wrong way, so the third inclusion condition holds in its strongest form. Dropping only the starring list and keeping the rest gives 187 / 0.292076, so the recovered material is the director and genre clause and not the cast. On the bridge gold, removing its only non-query-relevant material, a four-word birth parenthetical, gives 17 / 0.412468, while removing four query-relevant words instead gives 37 / 0.374462, removing two name-internal words gives 115 / 0.321464, and a fourteen-word control that keeps the birth date and drops the role clause gives 58 / 0.353484. As in D-023, D-026 and D-027, passing the gate does not win the primary, because ablating both passages at once still leaves 18 and 16.

Oracle conditions succeed and the D-024 precondition holds in the D-026 strong form. Appending Rings (2017 film) gives 2 / 0.561980 and 1 / 0.668976, appending both titles gives 1 / 0.754741 and 2 / 0.636003, appending the bare Rings gives 2 / 0.522003 and 1 / 0.595248, naming the film in place gives 2 / 0.481639 and 1 / 0.753787, and naming the actress in place gives 1 / 0.603500 and 4 / 0.428868, so the single-factor oracle-name test D-020 introduced passes in five forms. Two forms fail: appending the actress name alone gives 1 / 0.607632 and 19 / 0.397304 and replacing the whole description with her name gives 1 / 0.668300 and 11 / 0.368824. The precondition was checked before the verdict was read: the bare Matilda Lutz ranks its own passage 1 / 0.633059, the bare Rings (2017 film) ranks its own passage 1 / 0.791355 and also lifts the other required passage to 2, and the bare Rings gives 1 / 0.560012 with the other at 2.

There is no substitute and no complete non-gold answer. A full-corpus substring scan finds matilda lutz in exactly 1 passage, the answer gold, film ""rings in exactly 1, the bridge gold, supernatural psychological, psychological horror and javier gutierrez with an accent in exactly 1 each, the answer gold, and italian model and actress in exactly 3, the bridge gold plus Eleonora Pedron and Margareth Made, neither of which has any connection to the film. The answer gold does state the director, the genre and the starring actress in one passage, so it supplies the answer on its own and the bridge hop is a redundant constraint for answering, which is what fires the first exclusion of cross_passage_conjunction_unresolved.

Corpus provenance. Pooled gives any@5 0 and full@5 0 while per-question gives any@5 1 and full@5 1, with the two golds at 3 and 5 of 10. This is the seventh unit in which the corpus setting changes a metric, the second in which full@5 also flips after D-026, and the second in which the failure is confined entirely to the pooled setting. The per-question rebuild reproduces the official ten-title window in order, which verifies the D-025 Dense property for the fourth time: cosine carries no collection statistic, so the per-question ranking is the restriction of the pooled ranking. The path is the new-competitor path of D-022, D-023, D-025 and D-026, 40 of the 42 passages above the bridge gold and 89 of the 92 above the answer gold being pooling-introduced; the D-024 idf-scale path cannot exist on a bi-encoder, and the D-027 annotator-constructed path is weak here, only 2 of this item's own 8 distractors ranking above the bridge gold. Corpus setting remains provenance under D-003 and pit 17.

Comparison-retriever evidence and its boundary. BM25 places Rings (2017 film) at 1 and Matilda Lutz at 17 pooled, and 1 and 9 per-question, so it gives any@5 1 and full@5 0 in both settings. This establishes only that the answer passage is reachable by whitespace token overlap on the director's name. It is not a Dense cause, the two backends' score magnitudes are not comparable, and there is no BM25 analytical unit for this example_id, so no attribution is carried across.

Speculation boundary. Do not claim that the encoder ignored, down-weighted or averaged away the director's name; no attribution experiment was run and pit 18 stands. What is licensed is the passage-level measurement that a query consisting of that name ranks the only passage containing it 2202 of 4937. Do not generalize the name-position finding into a property of the model, since six mid-passage names from one passage and two subject-position controls were measured. Do not read any gold-targeted ablation or any removal probe as a deployable repair, and do not read the oracle conditions as a fix. Do not claim that the pooled setting is the mechanism, notwithstanding that the failure is confined to it.

Not run and why. The remaining cells of a full A x B x C x T design, because A and B are verified bit-identical no-ops under this tokenizer and because T is negative on both hops alone and in all three crossings run. Length-matched controls at 40 and 57 words on the answer gold, because its non-query-relevant material totals only 23 words and a longer control would have to add text that is not a verbatim subset of the passage. A control retaining only non-query-relevant sentences on the bridge gold, because that passage has no such sentence. Per-token decomposition, which case_probe.py refuses on this backend. Reranker conditions, because the main run has none. A BM25 factorial for this example_id, because there is no BM25 analytical unit for it.","Resolved for this validation pass in favour of question_frame_semantic_crowding, with three boundaries recorded rather than closed. First, this is the first use of question_frame_semantic_crowding as a primary; a note on primary use is added to its registry entry in the manner of cross_passage_conjunction_unresolved and description_only_bridge_entity, and whether the name needs a primary-use contract of its own is a vocabulary-audit question that is not settled here. Second, generic_person_semantic_neighborhood is adopted as a secondary scoped to the 19 of 42 person biographies above the bridge gold and the 49 of 92 above the answer gold, which nests inside the primary's family rather than standing beside it; D-023 left the converse case open, recording that the descriptor covered only the biography half of a neighbourhood whose other half received no descriptor, and whether a scoped subset of a framing-crowding primary is a legitimate secondary is left to the audit. Third, the inclusion rule of peripheral_passage_content_dilution requires a length-matched control that retains only the passage's non-query-relevant sentences, and on the bridge gold that control cannot be constructed because the passage's only non-query-relevant material is a four-word parenthetical rather than a sentence; the nearest constructible controls were run instead, a fourteen-word control keeping the birth date and dropping the role clause giving 58 / 0.353484 and a control deleting four query-relevant words instead of the parenthetical giving 37 / 0.374462 against the ablation's 17 / 0.412468, and the gate is recorded as passing in its nearest constructible form on that side. Whether the third inclusion condition should be reworded to cover passages whose non-relevant material is not a whole sentence is a vocabulary-audit question and is not settled here. No definition, inclusion rule or exclusion rule is changed by this decision.",question_frame_semantic_crowding,description_only_bridge_entity,"Prefer question_frame_semantic_crowding over description_only_bridge_entity. Step one: the provisional primary cross_entity_relation_unresolved is deleted rather than registered, for the reason D-025 used for generic_context_substitution, D-026 for adjacent_event_crowding, D-027 for related_document_crowding and D-028 for bridge_relation_underweighted. The name asserts a failure to bind a director-film-actress relation, but the passage that states that relation verbatim is the one at 94 / 0.332391, and the two measured constraints are that the query's only name is unreachable, a query consisting of exactly that name ranking the only passage containing it 2202 / 0.057835, and that the competing family is built by the question's framing rather than by either referent; neither is a relation-binding claim. Step two: description_only_bridge_entity is the closest competitor and its inclusion rule is met, since neither required subject is named, and its single-factor oracle-name test passes in five forms with the D-024 precondition holding in the D-026 strong form. It loses on three measured grounds. Its entire support is oracle, which pit 15 restricts to diagnosis. A non-oracle condition contradicts it on the bridge side, where deleting the director clause alone puts the un-named bridge passage at 5 / 0.466126, inside the cutoff, so the descriptive referent is not a weak anchor there; this is the falsification route D-028 introduced, in its second application. And on the answer side the phrase no unique name anchor misdescribes what was measured, since the query does carry a name for that passage and that passage does contain it, uniquely in the corpus, yet a query consisting of exactly that name ranks it 2202 of 4937. Step three: cross_passage_conjunction_unresolved is not adopted, because its first exclusion fires directly, the answer gold supplying the complete answer on its own, and because under pit 19s the removal probes supply no intermediate fact and perform no cross-passage reasoning yet place both required passages inside the cutoff at 3 / 0.365309 and 5 / 0.332391. Step four: question_frame_semantic_crowding wins because it is the only candidate whose support is entirely non-oracle and complete. Its inclusion rule is met on 42 and 92 passages read in full, its exclusion is tested and does not fire, the two-way pit 19i measurement assigns the family to the question's framing rather than to either referent, and a family-scoped removal probe with a control on the complement is the only intervention of any kind that moves both hops together, 43 / 0.365309 and 94 / 0.332391 becoming 4 / 0.365309 and 10 / 0.332391 against the control's 40 / 0.365309 and 86 / 0.332391, while every query rewrite and every gold-passage repair fails, their combined ceiling being 4 / 0.462879 and 9 / 0.438683. This is the footing on which D-018 adopted compound_two_sided_crowding and D-027 adopted one_sided_entity_crowding: the name states which documents compete and why, not the rank itself, so pit 17 is not violated. Failure layer: method. Not implementation, since no tokenizer or indexing artifact exists on a bi-encoder that strips accents and case and since the title-indexing condition is negative; not corpus setting, which is provenance under pit 17 even though this unit's failure is confined to it; not evaluation, since neither hop has a substitute and no passage supplies a complete non-gold answer.",medium-high,false,jointly_reviewed
manual_review_v1,2026-07-17_a,5a83880e554299123d8c214e,bm25,5,bridge,Suicide's 1977 released album features a song based on what brand's comic character?,Ghost Rider (Suicide song),not_in_top50,Suicide (1977 album),not_in_top50,1,single_note,"Observed:
For BM25, neither “Suicide (1977 album)” nor “Ghost Rider (Suicide song)” appears in the stored top 50. The gold texts state that the album was released in 1977 and that its song “Ghost Rider” is based on the Marvel Comics character.

Pooled-corpus passage evidence:
Rank 1 is a 2006 song from a different band’s debut album. Rank 2 is a 1989 album containing a song called “Batman,” but its text describes that song as based on an urban legend and the 1966 television theme, not the requested Marvel character. Rank 3 is a 2010 hip-hop single. Rank 4 is a live album associated with a 1978 performance. Rank 5 discusses a song and a 1977 album by Status Quo. These passages contain isolated song, album, comic-related, or year cues but do not identify Suicide’s album, “Ghost Rider,” or Marvel Comics.

Comparison-retriever evidence:
Dense ranks “Suicide (1977 album)” first and “Ghost Rider (Suicide song)” second. Their pooled-corpus texts directly supply the album-to-song-to-Marvel chain.

Assessment and uncertainty:
This is a BM25 failure to retrieve either gold passage, with observed competition from passages sharing fragments of the question’s wording or structure. The texts support that characterization, while the exact effects of tokenization, title weighting, and corpus-level term statistics remain unidentifiable from the exported fields.",,"Neither gold passage appears in the stored top 50; high results separately match song, album, comic-related, or 1977 cues.",Both gold passages are absent from the stored top 50.,Different songs and albums reproduce fragments of the requested album-song-comic structure without the Suicide-to-Ghost Rider-to-Marvel chain.,Dense retrieves the album at rank 1 and the song at rank 2.,BM25 distributes weight across common structural tokens and retrieves fragment matches rather than either exact passage in the chain.,"The top-50 evidence cannot identify whether title tokenization, corpus term statistics, or passage length is decisive.",minimal_preprocessing_score_distortion,surface_form_tokenization_mismatch; generic_term_lexical_crowding,jointly_reviewed_validated_revised,"Validated with revision under D-030. Exact reconstruction of the 4,937-passage pooled BM25 index reproduces all 50 stored top-50 titles in order with a maximum absolute score error of 0.000000, and every per-token decomposition reconciles against get_scores within 3.553e-15, so strong causal claims are supported. Complete-corpus ranks are 66 / 12.585642 for Ghost Rider (Suicide song), the answer hop, and 61 / 12.713062 for Suicide (1977 album), the bridge hop, so the stored not_in_top50 status means rank 66 and rank 61 of 4,937 rather than corpus absence. The rank-5 score is 18.467254, so the answer hop sits 5.881611 points, or 31.849 percent, below the cutoff and the bridge hop sits 5.754192 points, or 31.159 percent, below it, and no score cliff separates ranks 1 to 10, the successive differences being 0.129332, 1.401531, 0.613341, 0.984862, 1.684766, 0.497086, 0.275489, 0.046511 and 0.322020.

One hundred and forty-seven distinct conditions were run on the same unchanged candidate set: all 64 cells of a P x E x G x M x S x T preprocessing and indexing factorial, where G is a possessive-clitic normalization this unit introduces; ten single-sided controls splitting P, G, M, PG and PGM into their query-side and document-side halves; three token-level decompositions of the query-side possessive factor; six case-specific query-side conditions; ten non-oracle query rewrites; sixteen reduced-query probes; thirteen single query-token deletions; eight oracle conditions; eight per-side reachability probes; seven gold-targeted index-side repairs including a null control; sixteen index-side removal probes including two complement controls and a seven-step cumulative dose-response ladder; five further normalization completeness cells including a general alphanumeric analyzer; and two corpus-setting reconstructions.

The decisive fact is one query token. The question names exactly one entity, the band Suicide, and it names it in the possessive form Suicide's. Under the verified tokenizer, text.lower().split(), suicide's is a distinct token occurring in 0 of 4,937 passages, so it contributes exactly 0.000000 to every passage; the corpus form is suicide, which occurs in 12 passages at an idf of 5.976452 and stands in the indexed body of both required passages. The question's final token character? is likewise absent from the vocabulary. Both facts are verified in their strongest available form: deleting either token from the query reproduces the entire 4,937-passage ranking bit for bit, 0 order mismatches and a maximum absolute score difference of 0.000000. This is the fourth unit after D-019, D-021 and D-028 in which a query token contributes exactly 0.000000 everywhere, and the first in which that token is the question's only entity name.

The same unnormalized clitic manufactures the query's rarest token on the false-positive side. brand's, the head noun of the interrogative frame what brand's comic character, carries the highest idf in the query at 7.587919 because it occurs in exactly 2 passages, neither related to the question; it supplies 7.815653 points, or 36.190 percent, of the rank-1 passage's 21.596320 through the phrase Russell Brand's Got Issues, and 0.000000 to both required passages. Question-frame vocabulary supplies 11.493516, or 53.220 percent, of that passage's score. One unnormalized surface form therefore produces a false negative on the only name and a false positive on the interrogative frame at the same time.

What remains to match the required passages is generic music-catalogue vocabulary. The answer hop's entire 12.585642 comes from song 5.561336, based 3.682955, a 2.866664 and on 0.474688; the bridge hop's entire 12.713062 comes from 1977 5.827697, album 4.248330, released 2.346062 and on 0.290973. Neither matches any proper noun and their matched token sets share only on. Of the 64 non-gold passages above the answer hop, read in full, 59 are song or album profiles matching that same vocabulary, 5 carry a comic cue and 1 is neither; not one contains suicide, ghost, rider or marvel. The query contains no repeated token, so repeated-occurrence amplification is inapplicable throughout.

A single non-oracle change to that one token recovers both hops. Rewriting only suicide's as suicide on the query side, changing nothing else, moves the pair to 2 / 21.521304 and 5 / 19.568085. The increment is exactly attributable because BM25 is additive over query-token occurrences: the gains are 8.935662 and 6.855023, precisely the scores the two passages receive from a query consisting of the single token suicide, under which they rank 1 / 8.935662 and 3 / 6.855023 of 4,937. Normalizing both possessives blind gives 1 / 21.521304 and 4 / 19.568085, while normalizing only brand's leaves both hops at exactly 66 / 12.585642 and 61 / 12.713062. The effect is entirely query-side: the document-side half alone gives 70 / 12.575389 and 66 / 12.648957, worse than the baseline. This is the mirror image of D-028, where the whole effect of P was document-side. Replacing the tokenizer with a general alphanumeric analyzer, re.findall over [a-z0-9]+, applied blind to both sides with no possessive-specific rule, gives 1 / 29.700487 and 4 / 21.348446, so the repair does not depend on a rule written for this question.

The one battery oracle condition that recovers both hops is degenerate and must not be read as evidence of a missing name anchor. Appending the gold-2 title gives 2 / 21.521304 and 5 / 19.568085; of its three appended tokens, (1977 is absent from the corpus vocabulary and album) has a term frequency of 0 in both required passages, so appending the single token Suicide instead reproduces both gold scores to 0.000000, and the non-oracle single-token repair reproduces them to 3.553e-15. That condition supplies nothing the question did not already contain. The other oracle forms behave normally and fail: appending Ghost Rider gives 1 / 33.845875 and 63 / 12.713062 and appending Marvel Comics gives 1 / 30.212444 and 70 / 12.713062, each recovering the answer hop only.

No index-side removal probe recovers both hops, and that is a property of the unit rather than of the families chosen. Dropping every one of the 64 non-gold passages above the answer hop still leaves 8 / 13.038940 and 2 / 13.262049, because that hop's absolute score is low enough for seven further passages to rise past it. Dropping the 59 work-profile competitors gives 14 / 13.022572 and 7 / 13.216898 while the complement control dropping only the other 5 gives 62 / 12.601801 and 54 / 12.754929; dropping the 5 comic-cue passages gives 61 / 12.609976 and 56 / 12.716510 while its complement gives 14 / 13.012495 and 7 / 13.258067. The cumulative ladder is monotone and insufficient throughout, giving 65 and 59 at three removals, 64 and 54 at five, 58 and 50 at ten, 48 and 43 at twenty, 30 and 23 at forty, 12 and 4 at sixty and 8 and 2 at sixty-five. Dropping the 2 passages that contain brand's gives 65 / 12.592570 and 60 / 12.719437.

The pit 19f and 19i test was run in both directions and both agree, but they point the opposite way from D-024 and D-028. Forward, the referent cue alone, Suicide's 1977 released album, puts 2 of its top ten inside the baseline top ten and 4 of ten inside the 64 above the answer hop. In reverse, keeping only the frame puts 4 of ten and 8 of ten, the probe album features a song puts 4 of ten and 10 of ten, the frame-only probe released album features a song based on comic character puts 6 of ten and 10 of ten, and deleting suicide's from the full question leaves the top ten 10 of 10 identical. The competing family is produced by the question's generic category vocabulary rather than by its referent cue, so the third exclusion clause of generic_term_lexical_crowding does not fire here; the descriptor is demoted by its deferral clause and by the removal results instead.

Sixteen of the twenty-six single-factor conditions move the two hops in different or no directions: ten carry opposite signs, four are inert and one is one-sided. T is inert-to-negative on its own at 78 / 12.352922 and 61 / 12.664186, the eighth measurement of that condition in this project, and it turns positive only on top of G, moving 1 and 5 to 4 and 1; both required titles carry the anchor but so do both indexed bodies, so title exclusion is not the constraint. M is materially positive here at 5 / 18.508871 and 14 / 15.650092, with its whole effect on the document side at 3 and 53, which is the opposite sign from D-028 because this query carries no singular-plural synonym pair. E is inert at 66 / 12.585510 and 61 / 12.713062, and curly-quote and accent normalization are structurally inert on these two passages, whose texts are entirely ASCII, measured at 66 and 61 and at 66 and 60.

Gold-targeted index-side repairs only ever move the answer hop and are recorded as diagnostics rather than fixes. Against a null control that reproduces the baseline bit for bit, repairing the answer passage's debut album. gives 7 / 16.619777, rewriting Marvel Comics as Marvel comic gives 4 / 19.792814 and inserting 1977 gives 4 / 20.002202, while repairing the bridge passage's band Suicide. gives 66 / 12.585644 and 61 / 12.713062 and repairing the answer passage's character. gives 66 / 12.585643 and 61 / 12.713062. Both punctuation repairs are inert because the corresponding query tokens match no form at all.

Neither hop has a substitute and no passage supplies a complete non-gold answer. A full-corpus scan finds ghost rider in exactly 1 passage, the answer gold itself, and alan vega, martin rev and red star records in exactly 1 each, the bridge gold itself. Thirteen non-gold passages contain the token suicide and all were read: they concern an EP title, several unrelated suicides, two films and a Boston hardcore band, and none refers to this band or its 1977 album. Nine non-gold passages contain marvel and none links Marvel to any Suicide release. The nearest structural analogue, A Boy in a Man's World at 2 / 21.466987, is a 1989 album whose own text attributes its song Batman to an urban legend and a 1966 television theme rather than to a comic publisher, so it is a partial match and not a plausible non-gold answer.

Corpus setting is recorded as provenance under D-003 and pit 17. Pooled gives any@5 0 and full@5 0 while per-question gives any@5 1 and full@5 0, the two golds ranking 6 and 1 of 10, so this is the eighth unit in which the setting changes a metric and the sixth of the any@5-only kind. All three known paths are present and each is measured insufficient, which is new. Of the 64 passages above the answer hop 57 are pooling-introduced and of the 60 above the bridge hop 53 are, yet dropping exactly those gives 15 / 12.990857 and 9 / 13.231143 and the complement control dropping only the 7 from this question's own window gives 59 / 12.628019 and 54 / 12.739803. The per-question rebuild reproduces the official ten-title window and its ranks 6 and 1 exactly, while scoring the same ten documents with pooled statistics gives 9 and 8: with the document set held fixed and only the statistics changed the bridge hop moves from 8 to 1, which isolates the D-024 idf-scale path for the second time after D-028 and confirms pit 19r. Per-question avgdl is 73.600000 against a pooled 90.884950, idf(1977) is 1.845827 against 5.080793, idf(album) is 0.000000 against 2.701588, and what, brand's and brand are absent from the per-question vocabulary altogether. The D-027 annotator-constructed path also exists, 7 of this question's own 10 passages ranking above both golds, and is likewise insufficient.

Complete-corpus Dense ranks the two passages 2 and 1 in both settings. That is reachability evidence only: it must not be written as the cause of the BM25 outcome and the two score scales are not comparable.","Resolved for this validation pass in favour of minimal_preprocessing_score_distortion, with three boundaries recorded rather than closed and no new descriptor registered. First, the possessive clitic is carried inside the existing primary rather than given a name of its own. D-028 registered unindexed_title_name_anchor because the choice of indexed field is mechanically separable from the choice of text normalization; that argument does not transfer here, because a possessive clitic is a normalization question and nothing else, so coining a name would duplicate a registered mechanism. This makes the primary's seventh unit and its sixth distinct sub-mechanism, after repeated function-word amplification, punctuation false negatives, scaffold inflation, Unicode dash mismatch and the indexed-field interaction, so the width concern already recorded against this primary is now sharper, not softer; whether it should instead be narrowed is a vocabulary-audit question and is not settled here. Second, this unit supplies an empirical boundary sample for the question D-029 registered against description_only_bridge_entity, whether an anchor that is absent and an anchor that is present but unusable belong under one descriptor. Here the anchor is present in the query, present in both indexed bodies, unique enough at an idf of 5.976452 to rank both required passages 1 and 3 on its own, and unusable only because of one unnormalized surface form whose repair is a single blind rule; the unit is therefore assigned to surface_form_tokenization_mismatch and description_only_bridge_entity is excluded by its first exclusion clause, the entity being explicitly named. Third, the single-factor oracle-name test introduced by D-020 is shown for the first time to be capable of passing degenerately. The only battery oracle condition that recovers both hops owes its entire effect on the two golds to a token the question already contains in another surface form, its two other appended tokens being out of vocabulary or having term frequency 0 in both passages. Whether that test needs an explicit precondition that the injected string contribute something the question lacks is a vocabulary-audit question of the same kind as the D-024 precondition, and is registered rather than acted on. Separately, cutoff_sensitive_near_miss is withheld on the score gap, both figures falling inside the excluded band; generic_query_scaffold_score_inflation is considered, found to meet its inclusion rule and still not adopted; query_facet_fragmentation retains no v2 primary row after this change and is deliberately not registered, following D-012; and both_gold_chain_passages_missing is deleted rather than registered because it states gold missingness, a forbidden causal category under D-003.",minimal_preprocessing_score_distortion,generic_term_lexical_crowding,"Prefer minimal_preprocessing_score_distortion over generic_term_lexical_crowding. Step one: both candidates meet their inclusion rules, so the D-021 precedent applies and meeting the rule does not decide the tie. generic_term_lexical_crowding is met on read text, 59 verified song or album profiles above the answer hop each earning its rank from the same broad category vocabulary and none supplying a complete alternative answer. Step two: the crowding reading is testable and fails decisively. Dropping every one of the 64 non-gold passages above the answer hop leaves it at 8 / 13.038940 and the bridge hop at 2 / 13.262049, so no index-side removal of any composition can place both inside the cutoff; the binding constraint is the answer hop's own 12.585642, not which documents sit above it. The family-scoped probe and its complement control confirm the same, 14 / 13.022572 and 7 / 13.216898 against 62 / 12.601801 and 54 / 12.754929. Step three: the preprocessing reading has a non-oracle counterfactual that recovers both hops, and it is a single query-side token. Rewriting suicide's as suicide alone gives 2 / 21.521304 and 5 / 19.568085, normalizing both possessives blind gives 1 / 21.521304 and 4 / 19.568085, and a general alphanumeric analyzer gives 1 / 29.700487 and 4 / 21.348446; ten further non-oracle conditions containing a preprocessing factor also recover both, and no condition without one does. Step four: the two readings are causally ordered rather than merely ranked. The observed family is produced by the question's generic category vocabulary, forward 2 of ten and reverse 4 of ten and 10 of ten under pit 19f and 19i, and that vocabulary is the golds' only scoring surface precisely because the name anchor contributes 0.000000; the crowding is therefore downstream of the primary and is kept as a secondary output description under its own deferral clause. Step five: cross_passage_conjunction_unresolved is not adopted. Two of its three positive legs hold, matched token sets sharing only on and ten of twenty-six single factors carrying opposite signs, but the third does not, since there is no missing intermediate fact: the question names the band and both required passages contain that name. Pit 19s applies regardless, a query-side single-token normalization supplying no intermediate fact and performing no cross-passage reasoning placing both hops inside the cutoff, which is a stronger form of the D-028 refutation because one factor suffices where D-028 needed two. Step six: description_only_bridge_entity and unindexed_title_name_anchor are each excluded by their own first exclusion clause, the entity being explicitly named and the anchor being equally matchable in the indexed body, and both readings of the title name were tested as D-023 requires, the indexing reading through T at 78 / 12.352922 and 61 / 12.664186 and the semantic reading through a query reduced to the title at 1 / 8.935662 and 4 / 6.855023. Step seven: generic_query_scaffold_score_inflation meets its inclusion rule, brand's supplying 7.815653 of the rank-1 passage's 21.596320 as a non-repeated interrogative-frame token, and is still not adopted, because its own exclusion routes competition explained by content-bearing category terms elsewhere, 59 of the 64 passages above the answer hop being exactly that, and because the D-018 materiality standard fails, deleting the whole interrogative frame moving the golds only to 64 / 12.585642 and 59 / 12.713062 and deleting the 2 passages containing brand's moving them only to 65 / 12.592570 and 60 / 12.719437. That observation is recorded as evidence for the primary's false-positive side instead. Failure layer: implementation. Not method, since the question's own name anchor is sufficient to reach both required passages once one surface form is normalized; not corpus setting, since all three pooling paths are measured and each is insufficient and the answer hop fails in the per-question index as well at 6 of 10; not evaluation, since neither hop has a substitute anywhere in the corpus and no passage supplies a complete non-gold answer.",high,false,jointly_reviewed
manual_review_v1,2026-07-17_a,5a83a532554299334474606f,bm25,5,bridge,Where did Ian Harland study prior to studying at the oldest college at the University of Cambridge?,Ian Harland,17,"Peterhouse, Cambridge",20,1,single_note,,"Observed: Target BM25 has Gold 1 (""Ian Harland"") at rank 17 and Gold 2
(""Peterhouse, Cambridge"") at rank 20; neither is inside the top 5. Dense has
Gold 1 at rank 1 and Gold 2 at rank 2.

Gold evidence status: Both golds below cutoff but retrieved - Gold 1 rank 17,
Gold 2 rank 20. Nothing absent from the stored list.

Retrieved evidence or distractor: BM25's top ranks are dominated by documents
sharing the tokens ""college""/""Cambridge"" but referring to unrelated
institutions and entities - #1 ""Wolfson College, Cambridge,"" #2 ""UC Berkeley
College of Natural Resources,"" #4 ""College of Charleston,"" #5 ""Trinity Hall
Boat Club,"" #8 ""King's College London,"" #10 ""Scott Christian College."" The
person ""Ian Harland"" is a proper name the question does name, but it sits at 17,
outranked by generic college-titled documents; ""Peterhouse"" (the oldest
Cambridge college, the bridge target) is at 20.

Relevant comparison-retriever evidence: Dense ranks Ian Harland #1 and
Peterhouse #2, showing both passages are readily retrievable and the difficulty
is specific to BM25's term-frequency behavior on the common ""college/Cambridge""
vocabulary.

Possible reason: BM25 appears diluted by a large corpus of college-titled
documents that match the query's institutional terms, so the specific
biographical passage and the specific oldest-college passage are outranked by
higher-TF but topically-wrong ""college"" articles.

Alternative or uncertainty: An alternative is that the question's key
discriminator (""oldest college"") is described in the Peterhouse passage without
heavy token overlap with the query, weakening its BM25 score; hard to confirm
which effect dominates from the list alone.","Pooled BM25 ranks Ian Harland 17 and Peterhouse, Cambridge 20. Actual ranks 1-5 are Wolfson College, Cambridge; UC Berkeley College of Natural Resources; Doehling-Heselton Memorial Trophy; College of Charleston; and Trinity Hall Boat Club. They match Cambridge-college, oldest-college, or adjacent oldest-college phrases while omitting the Ian-to-Peterhouse-to-prior-school chain. Per-question BM25 ranks Ian Harland 3 and Peterhouse 9.",Both annotated gold passages are below the pooled top-5 cutoff. Ian Harland states that he was educated at The Dragon School in Oxford before attending Peterhouse; Peterhouse establishes that it is the oldest University of Cambridge college. No pooled top-5 passage substitutes for either required hop or supplies the answer.,"Wolfson is a Cambridge college but not the oldest; UC Berkeley CNR is an oldest college in the wrong university system; Doehling-Heselton concerns an oldest college-football rivalry; College of Charleston is an oldest college in a different location; Trinity Hall Boat Club is an old Cambridge college boat club rather than the target college. These are verified from passage text, not titles alone.","Dense retrieves Ian Harland at rank 1 and Peterhouse, Cambridge at rank 2. This confirms both text passages are reachable but does not by itself establish the BM25 cause.","The run uses lowercase whitespace tokenization, indexes paragraph text but not titles, retains stop words, and scores every repeated query-token occurrence. The query token cambridge? does not match Cambridge, in either gold passage. Exact pooled-corpus reconstruction shows large contributions from repeated function words and a lexical neighborhood matching college, university, oldest, or Cambridge facets without satisfying the full relation.","Controlled punctuation normalization moves Ian Harland from 17 to 3 and Peterhouse from 20 to 4; stop-word removal alone improves them to 12 and 7-8 but does not rescue both into top five. These are diagnostic counterfactuals, not proposed production settings. Wolfson and Trinity remain higher after normalization, so genuine lexical/facet competition persists.",minimal_preprocessing_score_distortion,surface_form_tokenization_mismatch; repeated_function_word_amplification; generic_term_lexical_crowding,jointly_reviewed_validated_revised,"Observed evidence: Pooled BM25 ranks Ian Harland 17 (26.9894) and Peterhouse, Cambridge 20 (25.8574). The Ian passage states that he was educated at The Dragon School in Oxford and then attended Peterhouse; the Peterhouse passage identifies it as the oldest college of the University of Cambridge. The dataset answer is The Dragon School in Oxford. Actual top-five texts are partial lexical competitors: Wolfson is a Cambridge college but not the oldest; UC Berkeley CNR is the oldest college in the wrong university system; Doehling-Heselton is an oldest college-football rivalry; College of Charleston is an oldest college elsewhere; and Trinity Hall Boat Club is an old Cambridge college boat club. None supplies the answer or a complete substitute hop. Per-question BM25 ranks Ian 3 and Peterhouse 9, while Dense pooled ranks them 1 and 2.

Verified implementation facts and reconstructed mechanism: The formal run indexes paragraph text but not titles, tokenizes with lowercase whitespace splitting, performs no punctuation normalization or stop-word removal, and rank-bm25 0.2.2 scores each query-token occurrence. Exact reconstruction over all 4,937 pooled passages reproduces the formal top 20 and scores. Query token cambridge? matches neither Cambridge, in Ian nor Cambridge, in Peterhouse; it also matches no differently punctuated Cambridge token in the leading passages. Repeated the contributes about 7.8-8.7 points to each top-five passage and 6.76/7.80 points to Ian/Peterhouse; repeated at contributes where present.

Controlled diagnostic evidence: Normalizing punctuation on both query and passages moves Ian from 17 to 3 and Peterhouse from 20 to 4 in the complete pooled ranking. Removing stop words without punctuation normalization improves Ian to 12 and Peterhouse to 7-8 but leaves both outside top five. Combining both changes places Peterhouse 3 and Ian 4. Deduplicating repeated query tokens alone leaves the top five unchanged. These counterfactuals establish sensitivity, not a production recommendation.

Supported interpretation: Punctuation-sensitive false-negative matching is outcome-determinative for the formal top-five result. Unfiltered and repeated function-word scoring materially amplifies the competing list but is not sufficient by itself to explain the failure. Generic lexical crowding remains a real downstream pattern because multiple verified passages match college, university, oldest, or Cambridge facets, and Wolfson plus Trinity remain above the golds after normalization.

Speculation boundary: Do not claim that Wolfson matched cambridge? in the production run; it did not. Do not claim that stop-word removal alone would solve the case, or that a particular production analyzer is required. Title inclusion would raise Ian through its title-only first-name token, but it does not explain Peterhouse and is retained only as a separate diagnostic implementation fact.",Resolved as a compound implementation-induced case. Minimal preprocessing is primary because punctuation normalization alone changes both golds from outside to inside pooled top five. Generic lexical crowding remains the closest competitor and a secondary output pattern; repeated function-word scoring is an amplifying secondary. The prior superlative_bridge_underweighted descriptor is rejected because oldest contributes strongly to Peterhouse and several competitors.,minimal_preprocessing_score_distortion,generic_term_lexical_crowding,"Prefer minimal_preprocessing_score_distortion because the verified tokenizer, exact 4,937-passage score reconstruction, and punctuation-only diagnostic identify an implementation-specific false-negative match that changes both golds into top-five hits. Retain generic_term_lexical_crowding as secondary and closest competitor because actual passages still form a real partial-facet neighborhood and the leading Cambridge competitors remain above the golds after normalization. Retain repeated_function_word_amplification as an additional secondary, but do not treat stop-word handling as independently sufficient.",high,false,jointly_reviewed
manual_review_v1,2026-07-17_a,5a83aaeb5542996488c2e483,dense,5,bridge,What studio album did Kanye West record with Roc-A-Fella Records and soul singer Dwele?,My Beautiful Dark Twisted Fantasy,6,Power (Kanye West song),7,2,overlap,"Observed:
For dense retrieval, “My Beautiful Dark Twisted Fantasy” is ranked 6 and “Power (Kanye West song)” is ranked 7, just below the top-five cutoff. Those two gold passages form the annotated chain: the album passage identifies Kanye West’s fifth studio album released by Roc-A-Fella Records, and the song passage states that “Power,” from that album, features additional vocals by Dwele.

Pooled-corpus passage evidence:
The rank-1 passage, “Graduation (album),” is not a pure distractor. Its text identifies “Graduation” as Kanye West’s third studio album, says it was released through Roc-A-Fella Records, and lists Dwele among the guest contributors. It therefore supports “Graduation” as a plausible answer to the question as written. Ranks 2 and 3 are also Kanye West studio albums released through Roc-A-Fella Records, while rank 5 is a collaborative studio album released by Roc-A-Fella Records; their stored texts do not mention Dwele. The gold texts at ranks 6 and 7 support the annotated answer “My Beautiful Dark Twisted Fantasy” through a two-passage bridge.

Comparison-retriever evidence:
BM25 ranks “My Beautiful Dark Twisted Fantasy” fourth and “Power (Kanye West song)” seventh, so it brings the album passage into top five but still leaves the Dwele bridge passage below the cutoff.

Assessment and uncertainty:
This case contains question/gold ambiguity in addition to a cutoff miss. Dense rank 1 supplies a text-supported competing answer, “Graduation,” while the annotated answer requires combining ranks 6 and 7. It should not be described as a top five composed only of irrelevant topical distractors.","Observed: Target Dense has Gold 1 (""My Beautiful Dark Twisted Fantasy"") at
rank 6 and Gold 2 (""Power (Kanye West song)"") at rank 7; neither is inside the
top 5. Comparison BM25 has Gold 1 at rank 4 (inside top 5) and Gold 2 at rank 7.

Gold evidence status: Both golds below cutoff but retrieved and adjacent -
Gold 1 rank 6, Gold 2 rank 7. Both narrowly miss the top 5; nothing is absent
from the stored list.

Retrieved evidence or distractor: Dense's top 5 are all closely related Kanye
West / hip-hop album titles - #1 ""Graduation (album),"" #2 ""Late Registration,""
#3 ""The College Dropout,"" #4 ""Hip Hop Since 1978,"" #5 ""Watch the Throne."" These
are semantically very near neighbors (other Kanye studio albums and associated
works) that outrank the two correct golds sitting immediately below them at #6
and #7. The distractors are on-topic but non-gold: they don't connect the
specific bridge (the album/song recorded with Roc-A-Fella and featuring soul
singer Dwele).

Relevant comparison-retriever evidence: BM25 pushes Gold 1 slightly higher to
rank 4 (inside top 5), likely because the exact title tokens plus ""Roc-A-Fella
Records"" give a strong lexical match, while Dense groups MBDTF among many
semantically similar Kanye albums and can't separate it by a small margin. Both
retrievers place Gold 2 (""Power"") at the same rank 7, so the song is uniformly
hard for both.

Possible reason: Dense appears to suffer from near-neighbor crowding: the
query's semantic space is dense with other Kanye West albums, and the two
correct passages are separated from the top 5 by only small score gaps
(0.5399 at #5 vs 0.5210 at #6). The correct entities are found but ranked just
below equally plausible same-artist distractors.

Alternative or uncertainty: The margin is narrow enough (a few hundredths of a
similarity point) that this may be better described as borderline ranking noise
than a substantive retrieval failure; it's unclear whether the specific bridge
cues (""Dwele,"" ""Roc-A-Fella"") are underweighted by Dense or simply not
distinctive enough to lift the golds two positions higher.","The two annotated golds are adjacent at ranks 6 and 7 behind other Kanye West albums, but rank 1 Graduation also satisfies the wording through a single passage.",Both annotated golds narrowly miss cutoff; a plausible non-gold answer is already at rank 1.,Other Kanye albums are close semantic neighbors; Graduation states Roc-A-Fella release and includes Dwele among contributors.,BM25 places the annotated album at rank 4 and the song at rank 7.,The apparent miss combines same-artist work crowding with an evaluation-contract ambiguity because a retrieved non-gold passage supports a plausible answer.,This should not be treated as a pure retrieval defect until the intended interpretation and acceptable-answer contract are resolved.,plausible_non_gold_answer,same_artist_work_crowding; gold_chain_not_unique; cutoff_sensitive_near_miss,jointly_reviewed_validated_revised,"Both reviewers agree that the annotated gold passages My Beautiful Dark Twisted Fantasy and Power are at ranks 6 and 7. Joint review confirms that Graduation at rank 1 is not a mere topical distractor: its passage identifies a Kanye West studio album released through Roc-A-Fella Records with Dwele among the guest contributors. Per-question results also rank Graduation first, proving that it was one of this HotpotQA item's original eight distractors rather than a passage introduced only by pooling the 500-question corpus. The annotated MBDTF–Power chain is therefore not unique under the wording and relation standard used by the gold. Ranks 2–5 contain other Kanye/Roc-A-Fella albums or related entities that strongly match broad query semantics; these support same_artist_work_crowding only as a secondary descriptor. Because a single rank-1 passage supplies a complete alternative answer, cross_passage_conjunction_unresolved is not assigned.","Evaluation-contract ambiguity is intrinsic to the original HotpotQA item, not caused by pooled-corpus contamination. Graduation satisfies all explicit constraints under the same interpretation of the Roc-A-Fella relation used for the annotated gold. Apply same_artist_work_crowding only to the other non-answer Kanye works, not to Graduation.",plausible_non_gold_answer,same_artist_work_crowding,Prefer plausible_non_gold_answer because the original per-question rank-1 Graduation passage independently satisfies the full question. Same-artist work crowding explains why the annotated gold passages sit at ranks 6–7 but cannot invalidate a complete alternative answer. Treat gold_chain_not_unique and cutoff_sensitive_near_miss as secondary descriptors.,high,false,jointly_reviewed
manual_review_v1,2026-07-17_a,5a85cead5542991dd0999ea9,dense,5,bridge,What arcade game is named after the only player in major league history to have a 0.300 batting average for 7 consecutive seasons?,Frank Thomas (designated hitter),10,Frank Thomas' Big Hurt,50,1,single_note,,"Observed: Target Dense has Gold 1 (""Frank Thomas (designated hitter)"") at
rank 10 and Gold 2 (""Frank Thomas' Big Hurt"") at rank 50; neither is inside the
top 5. BM25 has Gold 1 at rank 2 and Gold 2 at rank 45.

Gold evidence status: Both golds below cutoff but retrieved for the target -
Gold 1 rank 10, Gold 2 at rank 50 (barely inside the stored window). Nothing
absent from Dense's list.

Retrieved evidence or distractor: Dense's top ranks mix a general baseball
reference and many minor baseball figures - #1 ""List of Major League Baseball
batting champions,"" #2 ""Dick Kauffman,"" #3 ""Frank Crossin,"" #4 ""Ron Herbel,""
#5 ""Bill Freehan,"" #8 ""Reggie Jackson."" The correct player passage (Frank
Thomas, the ""0.300 for 7 consecutive seasons"" figure) is at #10, and the game
named after him (""Frank Thomas' Big Hurt,"" a pinball machine - not literally an
arcade cabinet) is at the very bottom, rank 50.

Relevant comparison-retriever evidence: BM25 ranks the player at #2 (strong name
match) but the game only at 45; both retrievers struggle badly with the game
passage, placing it near the bottom of their windows.

Possible reason: The player passage is a dense statistical biography that Dense
places among many similar baseball-player embeddings (rank 10); the game passage
is short and its only cue is ""named after Frank Thomas,"" which neither method
connects strongly to the batting-statistic question, so it lands at the edge of
the window.

Alternative or uncertainty: The bridge hinges on a rare descriptor ("".300 for 7
consecutive seasons"") that identifies the player, and a short game stub that both
methods nearly miss; unclear whether the game passage would fall out of an
extended list, but both golds are demonstrably hard, especially Gold 2.",Pooled Dense ranks Frank Thomas (designated hitter) 10th at 0.387911 and Frank Thomas' Big Hurt 50th at 0.295942. The actual top-five texts are a batting-average reference and four baseball-player biographies; none names the requested game or supplies a complete answer.,Both annotated passages are retrieved below cutoff. The player passage contains the unique seven-consecutive-season .300 description and identifies Frank Thomas; the game passage calls Frank Thomas' Big Hurt a pinball machine and states that it is named after Frank Thomas. Neither passage alone contains both halves of the chain.,"Ranks 1-5 match the baseball, major-league, batting-average, player, or history facets but omit the Frank Thomas-to-game relation. Rank 35 Surround mentions an arcade game but not Frank Thomas or the batting clue; no inspected higher-ranked passage supplies a complete alternative answer.","Pooled BM25 ranks the player second and the game 45th. Per-question Dense ranks them sixth and tenth, while per-question BM25 ranks them first and fifth. Pooling increases competition, but the game passage is already the weaker hop in both corpus settings and methods; these contrasts establish provenance, not the internal Dense cause.","The query identifies Frank Thomas only through a statistical description. Because the text-only Dense bi-encoder scores each passage independently, it cannot resolve that description in the player passage and carry the inferred name into scoring the separate game passage.","The question says arcade game while the gold passage and dataset answer say pinball machine. This wording/type mismatch is real, but full-corpus single-factor diagnostics show that correcting it alone does not recover both gold passages into top five.",description_only_bridge_entity,cross_passage_conjunction_unresolved; possible_type_mismatch,jointly_reviewed_validated_revised,"Observed evidence: The dataset answer is 'a pinball machine'. The player gold states that Frank Thomas is the only major-league player with seven consecutive .300 seasons; the separate game gold states that Frank Thomas' Big Hurt is a pinball machine named after Frank Thomas. Pooled Dense ranks these passages 10th (0.387911) and 50th (0.295942). Actual ranks 1-5 are a batting-average reference and baseball biographies that match partial baseball/statistical facets but do not provide the game relation. No inspected higher passage supplies a complete alternative answer.

Verified implementation facts: The formal Dense run uses the symmetric all-MiniLM-L6-v2 bi-encoder, encodes unchanged query and paragraph text without titles, L2-normalizes embeddings, and ranks independent query-passage cosine scores. It has no reranker, cross-passage attention, or iterative hop expansion. The game passage has 39 model tokens including special tokens and is not truncated. The player passage has 259, but its decisive statistical clue occurs well inside the 256-token window.

Exact reconstruction and controlled diagnostics: Re-encoding the same 4,937-passage pooled corpus reproduces the formal original top ten and both gold ranks/scores. Adding the oracle bridge name 'Frank Thomas' while retaining the statistical description moves the two golds to ranks 1 and 2. Replacing only 'arcade game' with 'pinball machine' moves them only to ranks 6 and 12, and adding only 'type of' leaves them at 10 and 53. These are diagnostic counterfactuals over the complete unchanged candidate set, not production-query recommendations.

Supported interpretation: The outcome-determinative factor is the unnamed description-only bridge entity interacting with independent single-passage scoring. The model cannot first resolve the description to Frank Thomas from one passage and then use that inferred name to score the other. Cross-passage conjunction failure is retained as the architectural secondary. Arcade/pinball wording is retained as an evaluation/wording secondary because it is observable but not independently sufficient.

Speculation boundary: Passage shortness is observed, but no evidence shows that short length caused underweighting; the passage is fully encoded, and short_answer_passage_underweighted is rejected. Do not treat the oracle name insertion as a deployable fix or infer token-level Dense weights from the counterfactual.",The original question asks 'What arcade game' but the annotated answer is the type phrase 'a pinball machine'. This creates a genuine wording/answer-type ambiguity. It remains secondary because type-alignment diagnostics over the full corpus do not recover both golds into top five.,description_only_bridge_entity,weak_cross_domain_bridge,"Prefer description_only_bridge_entity because exact reconstruction followed by a one-factor, full-corpus oracle-name diagnostic moves both golds from ranks 10/50 to 1/2. Type alignment alone leaves them at 6/12. weak_cross_domain_bridge describes the baseball-to-pinball domain transition but does not identify the concrete missing anchor, while cross_passage_conjunction_unresolved is a real but broader architectural boundary retained as secondary.",high,false,jointly_reviewed
manual_review_v1,2026-07-17_a,5a8d93ad554299653c1aa13d,dense,5,comparison,"Who was also an actor, Serri or John Fogerty?",John Fogerty,8,Serri (singer),12,1,single_note,,"Observed: Comparison question requiring both people. Target Dense has Gold 1
(""John Fogerty"") at rank 8 and Gold 2 (""Serri (singer)"") at rank 12; neither is
inside the top 5. BM25 has both not in top 50.

Gold evidence status: Both golds below cutoff but retrieved for the target -
Gold 1 rank 8, Gold 2 rank 12. Nothing absent from Dense's list.

Retrieved evidence or distractor: Dense's top ranks are crowded with ""Fogerty""
and ""John"" homonyms - #1 ""John Fogerty (engineer),"" #2 ""Joseph Fogerty Sr.,""
#4 ""John Lithgow,"" #5 ""John Waters,"" #6 ""John Frederick Fogerty,"" #7 ""John Ince
(actor)."" The correct musician ""John Fogerty"" is at #8, outranked by several
same-surname or same-forename people, and the Korean singer ""Serri (singer)"" is
at #12. Both comparison entities are present but pushed below cutoff by name
collisions.

Relevant comparison-retriever evidence: BM25 places both golds outside its
top 50, so Dense is clearly stronger on this query; the residual Dense failure is
ranking, not absence.

Possible reason: Dense appears to suffer proper-name collision: multiple
""Fogerty""/""John"" individuals produce near-identical name embeddings that occupy
the top ranks, separating the correct musician from the top 5, while ""Serri,"" a
less-connected K-pop entity, lands at 12.

Alternative or uncertainty: An alternative is that the query gives little
disambiguating context beyond two bare names (""Serri or John Fogerty""), so Dense
can't prioritize the musician over his homonyms; unclear whether the ""also an
actor"" cue is underused or simply insufficient to reorder the name cluster.",Dense ranks John 8 and Serri 12; texts show different-entity Fogerty collisions on John and non-candidate actor passages on Serri/property.,"Both golds are below cutoff; John says musician/singer/songwriter, Serri says singer/songwriter/actress.",Ranks 1/2/6 are different Fogerty entities; ranks 3-5/7 are actors or actor-adjacent people who are neither candidate.,"Per-question Dense 4/5 shifts to pooled 8/12; pooled BM25 stores neither top-50 and a supplementary reranker gives 2/5. These show provenance/reachability, not cause.",Name homonyms displace John while non-candidate actor passages displace Serri/property; both channels jointly determine failure.,"No single factor restores both; only a multi-factor rewrite succeeds, so interaction cannot be assigned to one wording component.",compound_two_sided_crowding,proper_name_homonym_collision; answer_property_semantic_crowding,jointly_reviewed_validated_revised,"Observed passage evidence:
Pooled Dense ranks John Fogerty 8 (0.435380) and Serri 12 (0.412001). The John gold states musician/singer/songwriter, not actor; Serri states singer/songwriter/actress. Actual ranks 1/2/6 are different-entity Fogerty engineers or relatives. Ranks 3-5/7 explicitly describe actors or actor-adjacent people who are neither candidate. No inspected higher passage supplies a valid answer.

Corpus provenance and comparison evidence:
Per-question Dense ranks the golds 4/5; pooling adds name-related and actor-property competitors and shifts them to 8/12. Pooled BM25 stores neither in top 50; per-question BM25 ranks them 8/10. A supplementary reranker ranks them 2/5. These establish provenance/reachability, not the target Dense cause.

Verified implementation facts:
Symmetric sentence-transformers/all-MiniLM-L6-v2 encodes unchanged query and paragraph text without titles, L2-normalizes, and ranks independent cosine similarities; no cross-passage attention, iterative hop, or main-run reranker. Mean pooling uses 256 tokens. Gold passages use 74/53 tokens including specials, so neither is truncated. Re-encoding the same 4,937 deduplicated pooled passages exactly reproduces baseline ranks/scores.

Complete factorial diagnostic table:
| Condition | Kind | Exact change | John rank/score | Serri rank/score | Both top-5 | Interpretation |
|---|---|---|---:|---:|---|---|
| baseline | baseline | original query | 8 / 0.435380 | 12 / 0.412001 | no | exact reconstruction |
| A | single | actor -> actress | 10 / 0.414732 | 2 / 0.464945 | no | repairs Serri only |
| B | single | actor -> actor or actress | 12 / 0.416848 | 10 / 0.424390 | no | inclusive wording fails |
| C | single | John -> John Cameron | 7 / 0.421266 | 13 / 0.395223 | no | name expansion fails |
| D | single/removal | Serri or John Fogerty | 6 / 0.344798 | 1 / 0.466418 | no | less context improves both |
| B+C | combination | inclusive property + full John name | 8 / 0.409887 | 10 / 0.406463 | no | tested combination fails |
| E | multi-factor | singers + inclusive property + full John name | 3 / 0.443472 | 1 / 0.465869 | yes | only compound rewrite restores both |
| profession only | not_run | singers + original property/name | n/a | n/a | n/a | no attribution |
| profession+B | not_run | singers + inclusive property | n/a | n/a | n/a | E not credited here |
| profession+C | not_run | singers + full name + actor | n/a | n/a | n/a | E not credited here |

Single-factor effect:
A restores Serri only. B, C, and D do not recover both. D is lower-context yet improves Serri to 1 and John to 6, rejecting low_context_name_query as causal.

Combination/interaction effect:
B+C fails at 8/10. Only E restores both at 3/1, but E changes profession anchor, gender wording, full name, and syntax. It supports compound interaction, not attribution to one component.

Supported interpretation and attribution boundary:
Different-entity Fogerty passages support proper_name_homonym_collision for John. Non-candidate actor passages plus pooled provenance support answer_property_semantic_crowding for Serri/property. Neither explains both alone; use compound_two_sided_crowding primary with both bounded secondaries.

Speculation boundary:
Rewrites are oracle diagnostics, not production fixes. Do not independently credit actress, Cameron, singers, or syntax without unrun cells. Do not infer token-level Dense weights or truncation.","Successful rewrite changes multiple factors and is oracle-only; corpus provenance is evidence, not a causal category.",compound_two_sided_crowding,proper_name_homonym_collision,Prefer compound_two_sided_crowding: homonyms explain John but not Serri or actor additions; property crowding explains Serri/property but not John homonyms; no single factor restores both.,high,false,jointly_reviewed
manual_review_v1,2026-07-17_a,5ab48c325542996a3a969f93,dense,5,bridge,In which county is the English king Harold Godwinson buried?,Edith Walks,18,Waltham Abbey Church,21,1,single_note,"Observed:
For dense retrieval, “Edith Walks” is ranked 18 and “Waltham Abbey Church” is ranked 21. The first gold text states that Harold Godwinson is buried at Waltham Abbey, and the second places the town of Waltham Abbey in Essex, yielding the answer “Essex.”

Pooled-corpus passage evidence:
Ranks 1–3 describe Harold Godwinson’s brothers and father. Rank 4 describes the Battle of Stamford Bridge, and rank 5 surveys fictional depictions of Harold. Ranks 6 and 9 describe Harold’s mother and wife. These passages are genuinely related to Harold Godwinson, but their stored texts do not state that he was buried at Waltham Abbey or identify Essex as the county. The location bridge first appears in the gold passages at ranks 18 and 21.

Comparison-retriever evidence:
BM25 ranks “Edith Walks” seventh but does not retrieve “Waltham Abbey Church” in its stored top 50. It therefore recovers the burial-site statement but not the location-to-county passage.

Assessment and uncertainty:
The dense ranking favors close biographical relatives, a major battle, and cultural depictions over the burial-site and county relation. That pattern is directly visible in the passage texts. The exported data do not reveal which embedding dimensions or scoring operations caused the ordering.",,"The burial and location golds are at ranks 18 and 21 behind Harold Godwinson's relatives, battle, and cultural depictions.",Both gold passages are retrieved well below cutoff.,Close biographical associates and major Harold-related events are relevant to the subject but omit the burial-site-to-county chain.,BM25 retrieves Edith Walks at rank 7 but does not retrieve Waltham Abbey Church in its stored top 50.,Subject-related biographical content crowds out the less salient burial-location relation required for the multi-hop answer.,The exported evidence does not show whether the burial relation or the Waltham-to-Essex link contributes more to the low ranks.,cross_passage_conjunction_unresolved,description_only_bridge_entity; related_name_document_crowding,jointly_reviewed_validated_revised,"D-031 replaces the provisional primary bridge_relation_underweighted with cross_passage_conjunction_unresolved, its fourth primary use and its second on a Dense unit. Re-encoding the same 4,937-passage pooled corpus reproduces all 50 stored top-50 titles in order with a maximum absolute score error of 3.278e-07, so strong causal claims are supported. Complete-corpus ranks are 18 / 0.342168 for the bridge hop, Edith Walks, which states that the queried king is buried at Waltham Abbey, and 21 / 0.339314 for the answer hop, Waltham Abbey Church, which places that town in Essex. The rank-5 score is 0.488627, so the two required passages sit 0.146459 and 0.149314 points, or 29.974 and 30.558 percent, below the cutoff. Both sit inside the 256-token sequence limit at 87 and 144 model tokens, so truncation is excluded. 107 distinct conditions were run on the same unchanged candidate set, together with 10 deliberate repeats under a second label which reproduced their originals bit for bit: an indexing condition T; 40 non-oracle query rewrites made of reduced queries, single deletions, wording variants and a five-step name-free ceiling search; 12 per-side reachability probes; 9 oracle conditions; 14 index-side removal probes including a mutual complement pair and a ten-step cumulative ladder; 28 gold-targeted index-side conditions including 2 null controls, 3 single-fact controls and length-matched name-preserving control curves on both required passages; and 2 combined conditions.

The question names Harold Godwinson and asks for a county. It never states where he is buried, and that intermediate fact exists in exactly 2 of 4,937 passages, which are the two required passages themselves; a word-boundary scan finds waltham in those 2 and in no other. No passage anywhere in the corpus contains both Essex and Harold Godwinson, the answer passage never names Harold, and neither required passage contains the word county. All three inclusion conditions of cross_passage_conjunction_unresolved therefore hold on read text, and the verified implementation scores each passage independently with no reranker and no cross-passage step.

Three measured results carry the primary. First, per-side reachability holds at rank 1 on both sides while each name demotes the other side by two to three orders of magnitude: a query reduced to Edith Walks ranks its own passage 1 / 0.759333 and the other 1386 / 0.067247, a query reduced to Waltham Abbey Church ranks its own 1 / 0.774335 and the other 98 / 0.248832, the bare Waltham Abbey ranks the answer passage 1 / 0.671588, and the answer passage's subject-position formal name ranks it 1 / 0.755947 and the other 113 / 0.237998. This is the D-025 antagonism sign and the opposite of D-026, where each bare name lifted the other required passage to 2, so the D-026 exclusion route does not apply. Second, every single-anchor oracle condition recovers exactly one side, appending the bridge title giving 2 / 0.592542 and 10 / 0.341887, appending the answer title giving 13 / 0.369595 and 1 / 0.619579, appending the unnamed bridge entity giving 11 / 0.383531 and 1 / 0.587664, naming it in place giving 11 / 0.379033 and 1 / 0.654515, naming it in the relation clause giving 11 / 0.388953 and 1 / 0.587664, the formal name from the gold body giving 27 / 0.330167 and 1 / 0.720498, and appending the answer string giving 34 / 0.328079 and 9 / 0.387997; only the two conditions injecting both names recover both, at 3 / 0.557395 and 1 / 0.588495 and at 1 / 0.644947 and 2 / 0.640705. Third, the non-oracle direction is exhausted over 40 conditions whose Pareto front never contains both hops: the best bridge result is 10 / 0.371487 with the answer hop at 25 / 0.338254, and the best answer result is 3 / 0.545094 with the bridge hop at 27 / 0.347204; the five name-free ceiling rewrites that spell the whole town-abbey-county chain into the question give 78 and 4, 27 and 3, 47 and 3, 31 and 5, and 45 and 4, recovering the answer hop every time and the bridge hop never.

The cheapest demonstration of the missing link is a single non-oracle word. Adding only the generic type word abbey to the question moves the answer hop from 21 / 0.339314 to 4 / 0.504249, inside the cutoff, while the bridge hop does not move at all at 18 / 0.357596; adding church instead gives 29 / 0.326580 and 5 / 0.447542. What the answer passage lacks is not a name but the category of the burial site, and that category is stated only in the other required passage. This condition injects no gold identifier and no answer string and is therefore classed as non-oracle, but it presupposes the intermediate fact and is recorded as evidence for the conjunction reading rather than as a deployable repair.

The D-028 falsification route under pit 19s is not available here: no non-oracle condition, no index-side removal and no gold-targeted repair places both required passages inside the cutoff. Neither competitor family is outcome-determinative either, and the two probes are mutual complements: dropping all 8 name-linked passages above the answer hop gives 10 / 0.342168 and 13 / 0.339314, dropping the remaining 11 gives 9 / 0.342168 and 10 / 0.339314, and 17 of the 19 must be dropped before both required passages enter the cutoff. The nearest is a third-class combination, ablating both required passages to their query-relevant clauses under the strongest non-oracle two-hop paraphrase, which gives 1 / 0.740823 and 5 / 0.491912 and is not deployable. Rewriting both passages so that each states the county explicitly gives only 14 / 0.355607 and 11 / 0.358665. The weakest leg of the D-022 and D-024 evidence set is recorded rather than suppressed: only 8 of 22 single-factor conditions carry opposite signs across the hops, against 10 of 19 in D-024 and 10 of 20 in D-025, and close to the 4 of 19 D-026 used as a ground for rejection, so that leg does not carry this decision and the reachability and exhaustion legs do.

The validated secondaries are description_only_bridge_entity, which is also the closest competitor, and related_name_document_crowding. The three provisional names are all deleted rather than registered. bridge_relation_underweighted is a token-level weighting claim that pit 18 forbids on a bi-encoder without attribution, and its one testable reading is falsified: tripling the relation word gives 21 / 0.326115 and 24 / 0.320425, worse than baseline, six relation paraphrases never recover both, and the relation word alone ranks the passages 241 and 596. It is not inert, unlike the relation tokens D-028 deleted: removing buried from the question worsens both hops to 21 / 0.333201 and 47 / 0.293346, and deleting exactly the burial clause from the bridge passage's indexed text moves it from 18 / 0.342168 to 49 / 0.291785. The string is buried occurs in exactly 1 corpus passage, that bridge passage, so the relation is already maximally discriminative in surface terms and the passage still ranks 18. subject_associate_crowding duplicates the registered related_name_document_crowding, and location_chain_incomplete either restates gold missingness, a forbidden causal category under D-003 and pit 17, or restates the adopted primary.

Two single-fact controls price the two facts the question actually needs, an intervention class this unit introduces: delete exactly that fact from a required passage and leave every other word verbatim. Deleting the burial clause from the bridge passage costs 31 rank positions, 18 to 49; deleting the county name from the answer passage costs 2 positions and 0.003037 points, 21 / 0.339314 to 23 / 0.336277. The answer passage's rank is therefore almost independent of whether it states the answer.

peripheral_passage_content_dilution is applied for the fifth time and rejected for the second, after D-025. On the answer passage the second inclusion condition fails outright: reducing it to its single query-relevant sentence gives 26 / 0.318641, worse than the baseline 21, and only an extreme 8-word truncation reaches 10 / 0.365757, still outside the cutoff, while the four length-matched controls give 52, 556, 129 and 67. On the bridge passage the two forms of the control condition disagree for the first time in this project. Under the literal D-023 wording the only constructible control retains that passage's single non-query-relevant sentence and gives 2908 / -0.012338, so the gate would pass; under the D-027 usage note requiring the control to preserve the entity name, the 18-word and 14-word controls that drop the burial clause give 1 / 0.649612 and 1 / 0.725954, exactly the rank the 16-word, 13-word and 11-word ablations reach at 1 / 0.741114, 1 / 0.817787 and 1 / 0.865787, and the 9-word name-only reduction also gives 1 / 0.643385. The effect is the fraction of the passage that is query-relevant rather than which sentences remain, which is the brevity direction D-025 rejected, so the descriptor is not adopted and the conflict between the two control forms is registered for the vocabulary audit.

cutoff_sensitive_near_miss is withheld on the score gap, 29.974 and 30.558 percent falling inside the excluded band running from 12.518 percent in D-028 to 52.794 percent in D-025, leaving the untested band unchanged at 4.503 to 12.518 percent. As in D-027 there is a real cliff to appeal to, 0.069056 between rank 7 at 0.442921 and rank 8 at 0.373865, with both required passages below it; the successive differences from rank 1 to rank 10 are 0.003115, 0.044988, 0.075249, 0.000442, 0.037176, 0.008530, 0.069056, 0.000616 and 0.007934. The counter-evidence is weak: three removals give 15 and 18, and sixteen are needed before the answer hop reaches 5. The no-substitute condition is met.

question_frame_semantic_crowding is not adopted because its inclusion rule's controlled condition fails: deleting the whole name from the question leaves only 2 of 10 of that probe's top ten inside the 19 non-gold passages above the answer hop and 2 of 10 inside the baseline top ten, while the frame-only probes give 0 of 10 in every form tried. generic_person_semantic_neighborhood is not adopted because the person pages above the required passages all name Harold Godwinson explicitly and state their relationship to him in their own text, which is the related_name_document_crowding definition rather than a generic neighborhood. unindexed_title_name_anchor does not apply, neither required title being the query's anchor, and the title-indexing condition is inert-to-negative at 27 / 0.314097 and 24 / 0.323271, the ninth measurement of that condition in this project and the eighth inert-or-negative result. gold_chain_substitutability and plausible_non_gold_answer are excluded because waltham occurs in exactly 2 passages, both required, and none of the 8 word-boundary matches for essex outside the answer passage connects Waltham Abbey to that county, so neither hop has a substitute and no complete non-gold answer exists.

Corpus setting is provenance under D-003 and is not a mechanism here. Pooled and per-question agree on both metrics at any@5 0 and full@5 0, which happened before only in D-021 and D-027, and this is the most extreme instance recorded: the two required passages rank 9 and 10 of the 10 paragraphs HotpotQA supplies for this question, the bottom two. Of the three known paths only the annotator-supplied one is present. The question's own 8 distractors occupy pooled ranks 1 to 7 and 9 and fill the entire cutoff region; dropping the 11 pooling-introduced passages above the answer hop gives 9 / 0.342168 and 10 / 0.339314, exactly the per-question result and no recovery, and the idf-scale path is inapplicable on a bi-encoder. Keeping only this question's own 10 paragraphs reproduces the official per-question window item by item, 10 of 10, which verifies the D-025 Dense restriction property for the fifth time and in its strongest form. BM25 on the complete corpus reaches 7 / 24.495360 and 901 / 10.499181, and its per-question ranks are 2 and 7; this is reachability evidence only and the two backends' score magnitudes are not comparable.","Resolved for this validation pass in favour of cross_passage_conjunction_unresolved, with three boundaries recorded rather than closed and no new descriptor registered. First, the weakest leg of this primary's evidence set is explicitly weak here: 8 of 22 single-factor conditions carry opposite signs across the hops, against 10 of 19 in D-024 and 10 of 20 in D-025, and close to the 4 of 19 that D-026 cited as one of three grounds for rejecting the same name. Whether that leg is part of the inclusion contract or merely one available form of evidence is a vocabulary-audit question; this decision rests on per-side reachability and on exhaustion of the non-oracle, removal and gold-repair directions instead. Second, the two forms of the peripheral_passage_content_dilution control condition give opposite verdicts on the bridge passage for the first time in this project. The literal D-023 control, retaining only the non-query-relevant sentence, gives 2908 / -0.012338 and would pass the gate; the D-027 name-preserving control gives 1 / 0.649612 and 1 / 0.725954 and fails it, matching the ablations exactly. The two requirements are in tension whenever the question's only content is the entity name, because a name-preserving control necessarily retains query-relevant material. The descriptor is withheld, which is the conservative reading, and the rewording question is left to the audit. Third, the bridge passage's own low rank is measured but carries no descriptor. Its query-relevant material is roughly 11 of 73 words; reducing it to the name alone gives 1 / 0.643385 and to the burial clause alone 6 / 0.483665, while removing the name and keeping the film framing gives 2711 / -0.002227. The adopted primary explains why the chain cannot be completed, not why this particular passage ranks 18. This is the converse of the gap D-023 recorded, where half of a competing neighborhood received no descriptor; here a required passage has a measured property with no vocabulary to carry it. taxonomy_defect_flag is false: the adopted name describes the mechanism it was defined for and no naming-versus-mechanism conflict was found.",cross_passage_conjunction_unresolved,description_only_bridge_entity,"Prefer cross_passage_conjunction_unresolved over description_only_bridge_entity. Step one: both candidates meet their inclusion rules, so the D-021 precedent applies and meeting the rule does not decide the tie. description_only_bridge_entity is met because the necessary bridge entity, Waltham Abbey, is never named in the question and the answer passage can be reached only through the descriptive burial clue. Step two: the D-024 precondition recorded as pit 19g is checked before the verdict is read and it holds, the bare Waltham Abbey ranking the passage it names 1 / 0.671588, so the anchor is matchable and is not delivered elsewhere. Step three: the D-030 degeneracy check recorded as pit 24b is also run, and the injected string is not degenerate, waltham occurring 0 times in the question and in only 2 corpus passages. Step four: the single-factor oracle-name test that D-020 introduced fails in six surface forms, at 2 and 10, 13 and 1, 11 and 1, 11 and 1, 11 and 1, and 27 and 1, and only injecting both names recovers both hops, at 3 and 1 and at 1 and 2. This is the eleventh application of that test and its sixth failure, and the second failure on a Dense unit after D-025. Step five: the descriptor's entire support is oracle, and on the other side the reading is contradicted by the run itself, because the bridge hop is not missing a name at all; the question names Harold Godwinson, the bridge passage writes English king Harold Godwinson verbatim, and it still ranks 18 of 4,937. Step six: the adopted primary covers both sides with one structural cause and survives every falsification route available to it, the D-026 route failing because each bare name demotes the other side to 1386 and 98 rather than lifting it, the D-028 and pit 19s route failing because no non-oracle condition of any kind recovers both hops, and all four of its exclusion clauses failing to fire. Ordering non-oracle evidence above oracle evidence follows D-028 and D-029 under pit 15. Two crowding readings were also weighed and both lose on the removal probes rather than on their definitions: dropping all 8 Harold-associate passages gives 10 / 0.342168 and 13 / 0.339314 and dropping their 11-passage complement gives 9 / 0.342168 and 10 / 0.339314, so neither family is outcome-determinative and 17 of the 19 must be dropped before both hops enter the cutoff. The one condition that drops every non-gold passage above the answer hop reaches 1 and 2, but on this backend that cell is a tautology rather than evidence, because a cosine score carries no collection statistic, so the two scores are bit-identical to the baseline and the ranks follow by construction; pit 19u is therefore a lexical-backend test and the informative Dense form is the family-scoped probe with its complement control, which both fail here.",medium-high,false,jointly_reviewed
manual_review_v1,2026-07-17_a,5ab72a025542992aa3b8c7b8,bm25,5,comparison,"""A Summer in the Cage"" and ""American Hardcore"" are both what kind of film?",A Summer in the Cage,not_in_top50,American Hardcore (film),not_in_top50,1,single_note,,"Observed: Comparison question requiring both films. Target BM25 has Gold 1
(""A Summer in the Cage"") not in top 50 and Gold 2 (""American Hardcore (film)"")
not in top 50; neither is inside the top 5. Dense has Gold 1 at rank 1 and
Gold 2 at rank 3.

Gold evidence status: Both golds not in top 50 for BM25 (absent from the stored
list; not necessarily absent from the corpus).

Retrieved evidence or distractor: BM25's top ranks are token-fragment matches on
""Summer""/""Hardcore""/""film"" that hit neither gold - #1 ""All Ages: The Boston
Hardcore Film"" (a different hardcore-punk documentary), #4 ""Summer Olympic
Games,"" #6 ""2008 Summer Olympics,"" plus unrelated entries like ""Treehouse
(game)"" and ""Libocedrus."" The two film titles the question names are both absent
from the top 50, while a same-genre distractor (""All Ages: The Boston Hardcore
Film"") occupies rank 1.

Relevant comparison-retriever evidence: Dense retrieves both golds inside the
top 5 (A Summer in the Cage #1, American Hardcore #3), confirming both passages
exist and are retrievable, and that this is a BM25-specific two-sided failure.

Possible reason: BM25 appears to fragment the two exact film titles into common
tokens (""Summer,"" ""Hardcore,"" ""film"") that match unrelated Olympics and a
same-token hardcore documentary, so neither correctly-titled passage surfaces;
the comparison cannot be answered from BM25's results.

Alternative or uncertainty: Unclear whether both golds sit just past rank 50 (out
of the stored window) or are much lower; either way, both sides of the
comparison fail, so the ""both what kind of film"" answer is unrecoverable from
the target results.","Exact reconstruction over the 4,937-passage pooled corpus places A Summer in the Cage at rank 430 (15.585870) and American Hardcore (film) at rank 4067 (9.241837). The formal top five are All Ages: The Boston Hardcore Film, Treehouse, Libocedrus, Summer Olympic Games, and Murder of Grace Brown.","Both annotated passages are far outside the stored top 50 in the observed pooled run, although both texts explicitly identify the films as documentaries. Per-question BM25 ranks them 3 and 8, while pooled Dense ranks them 1 and 3.","All Ages is a real hardcore documentary passage and explicitly mentions ""American Hardcore"" but supplies no evidence about A Summer in the Cage. Treehouse and Libocedrus are unrelated passages promoted by generic question-scaffold tokens. Summer Olympic Games matches summer plus scaffold terms; Murder of Grace Brown is promoted by punctuation-bearing and function-word matches.","Pooled Dense retrieves A Summer in the Cage at rank 1 and American Hardcore at rank 3. Per-question BM25 ranks the golds 3 and 8 with All Ages still first, showing that pooling amplifies generic competition but does not create the same-topic competitor.","The text-only lowercase-whitespace BM25 pipeline preserves quote, colon, and question-mark boundaries, so distinctive query forms do not match the gold texts, while unfiltered grammatical and interrogative scaffold tokens give large scores to unrelated passages. Same-topic passage competition remains after normalization.","Boundary-punctuation normalization causes the largest single-factor improvement but does not recover both golds into top five. Even the full tested P+S+T combination reaches only ranks 1 and 6, so preprocessing is the strongest verified mechanism but not a complete explanation of the strict cutoff outcome.",minimal_preprocessing_score_distortion,surface_form_tokenization_mismatch; generic_query_scaffold_score_inflation; same_topic_passage_distractor,jointly_reviewed_validated_revised,"Observed evidence:
The question asks what kind of film both explicitly named works are. A Summer in the Cage states that it is a 2007 documentary film; American Hardcore states that it is a documentary. Exact full-corpus reconstruction places them at ranks 430 (15.585870) and 4067 (9.241837). The formal top five are All Ages: The Boston Hardcore Film 1 (25.568543), Treehouse 2 (24.087261), Libocedrus 3 (23.669757), Summer Olympic Games 4 (22.449722), and Murder of Grace Brown 5 (21.908651). Actual-text review shows that All Ages is a documentary about Boston hardcore and explicitly mentions ""American Hardcore"" Director Paul Rachman, but it contains no evidence about A Summer in the Cage and cannot answer the comparison. Treehouse and Libocedrus are unrelated. Summer Olympic Games matches the Summer facet but not either film. Murder of Grace Brown does not establish either film type.

Gold, provenance, and comparison evidence:
Per-question BM25 ranks A Summer in the Cage 3 and American Hardcore 8, with All Ages still rank 1. Pooling therefore amplifies generic competition but does not create the same-topic competitor or the original full-evidence miss. Pooled Dense ranks the golds 1 and 3 and independently confirms that both passages are present and reachable; Dense ranks are comparison evidence, not a BM25 cause.

Verified implementation facts and exact reconstruction:
The formal run indexes paragraph text only, not titles. Query and documents use lowercase whitespace splitting without punctuation normalization, stop-word removal, phrase matching, or entity boundaries. rank-bm25 0.2.2 BM25Okapi defaults apply. Rebuilding the first-occurrence, title-deduplicated 4,937-passage corpus reproduces all formal top-50 titles and scores exactly; maximum absolute score error is 0. The query tokens are [""a, summer, in, the, cage"", and, ""american, hardcore"", are, both, what, kind, of, film?]. The quote and question-mark forms do not match gold-text a/cage, american/hardcore:, or film.

Baseline per-token evidence:
All Ages receives 25.568543: quoted-name tokens ""american + hardcore"" contribute 12.041429, while in/the/and/are/of contribute 13.527114. Treehouse receives all 24.087261 from in/the/and/what/kind/of. Libocedrus receives all 23.669757 from in/the/and/are/both/what/of. Summer Olympic Games receives 6.557348 from summer and 15.892374 from scaffold/function tokens. Murder of Grace Brown receives 5.038192 from the punctuation-bearing token ""a and 16.870458 from scaffold/function tokens. A Summer receives 5.981429 from summer and 9.604441 from in/the/and; the other title/type forms do not match. American Hardcore receives only 9.241837 from the/and/of and zero from its title or film-type terms.

Complete 2x2x2 factorial diagnostic:
P = strip leading/trailing Unicode non-word punctuation from each lowercase whitespace token with ^\W+|\W+$ on both query and documents. S = remove exactly {a, the, in, and, are, both, what, of} after tokenization. T = prepend title plus one space to the indexed paragraph text. Every condition uses the same 4,937 passages, order, first-title deduplication, BM25Okapi defaults, and stable descending sort.
| Condition | Kind | Exact change | A Summer rank/score | American Hardcore rank/score | Both top-5 |
|---|---|---|---:|---:|---|
| baseline | baseline | none | 430 / 15.585870 | 4067 / 9.241837 | no |
| T | single | title prepended | 111 / 17.877157 | 4074 / 9.236677 | no |
| S | single | exact function/scaffold set removed | 30 / 6.055856 | 4193 / 0.000000 | no |
| S+T | combination | removal plus title | 11 / 8.014693 | 4193 / 0.000000 | no |
| P | single | boundary punctuation normalized | 6 / 29.111138 | 30 / 23.670245 | no |
| P+T | combination | normalization plus title | 1 / 33.808407 | 15 / 25.957566 | no |
| P+S | combination | normalization plus removal | 2 / 16.306188 | 14 / 11.471025 | no |
| P+S+T | three-factor combination | all tested changes | 1 / 20.598225 | 6 / 13.790434 | no |

Single-factor effects:
P is the strongest single factor, moving the golds from 430/4067 to 6/30, but it does not fully restore top five. S improves only A Summer and leaves American Hardcore at zero because its distinctive baseline forms still mismatch. T improves only A Summer and slightly worsens American Hardcore; title exclusion is real but title inclusion alone is not a rescue.

Combination and interaction effects:
P+T restores A Summer to 1 but American Hardcore only to 15. P+S reaches 2/14. P+S+T reaches 1/6, the best tested complete-chain result, but still fails strict full top-five recovery. The rank-6 American passage trails the fifth result by about 0.074 score; this counterfactual proximity is not an observed cutoff mechanism.

Supported interpretation:
Minimal-preprocessing score distortion is the most specific verified primary: boundary punctuation creates entity/type false negatives, and unfiltered query-scaffold scoring materially promotes unrelated passages. surface_form_tokenization_mismatch records the concrete false negatives. generic_query_scaffold_score_inflation records the exactly decomposed non-repeated grammar/interrogative contribution. same_topic_passage_distractor records the residual real-text competition from All Ages without implying that its displayed title was scored.

Closest competitor and tie-break:
multiword_title_token_fragmentation describes an orderless partial-token ranking pattern, but it is less specific and partly misleading here because titles are not indexed. Title inclusion alone does not recover either complete outcome, whereas tokenizer inspection, zero-error score reconstruction, per-token decomposition, and P/S/T diagnostics directly establish the broader preprocessing distortion. Retain same-topic competition as a secondary because no tested preprocessing combination recovers both golds into top five.

Not-run cells and attribution boundary:
All cells in the defined P x S x T factorial were run; there are no missing cells in that design. Phrase n-grams, stemming/lemmatization, arbitrary oracle title boosts, and production analyzer prescriptions were not run because they introduce additional mechanisms outside this tie-break. The diagnostics do not prove that any deployable preprocessing policy would fully recover both golds, do not make pooling a causal category, and do not support attributing the remaining rank-6 result to one untested feature.

Speculation boundary:
Do not claim that phrase preservation, stemming, a particular stop-word list, or title indexing would independently solve the case. Do not treat the counterfactual rank 6, observed gold missingness, cutoff, retriever identity, or comparison question type as a causal category.","Resolved for this validation pass in favor of implementation-supported minimal_preprocessing_score_distortion. The tested preprocessing factors do not fully recover both golds, so residual same-topic passage competition remains explicitly secondary rather than being absorbed into the primary.",minimal_preprocessing_score_distortion,multiword_title_token_fragmentation,"Prefer minimal_preprocessing_score_distortion because titles are not indexed, title inclusion alone fails, and exact score reconstruction plus decomposition directly verifies punctuation-sensitive gold false negatives and generic query-scaffold inflation. multiword_title_token_fragmentation describes part of the output pattern but not the strongest verified mechanism. No tested factor combination fully restores both golds, so same-topic passage competition remains secondary.",high,false,jointly_reviewed
manual_review_v1,2026-07-17_a,5ab8f57b5542991b5579f097,bm25,5,comparison,Were Thomas H. Ince and Joseph McGrath of the same nationality?,Joseph McGrath (film director),6,Thomas H. Ince,11,1,single_note,"Observed:
For BM25, “Joseph McGrath (film director)” is ranked 6 and “Thomas H. Ince” is ranked 11. Their pooled-corpus texts identify McGrath as Scottish and Ince as American, establishing that they were not of the same nationality.

Pooled-corpus passage evidence:
Ranks 1–5 all contain Ince-related material. “Ralph Ince” identifies an American filmmaker and Thomas H. Ince’s brother. “Elinor Kershaw” identifies an American actress and Thomas H. Ince’s wife. “The Scourge of the Desert” and “The Coward” identify American films produced by Thomas H. Ince, while “John Ince (actor)” identifies another American brother. These passages contain Thomas H. Ince’s name and film context, but none directly states Thomas H. Ince’s nationality and none supplies Joseph McGrath’s Scottish nationality. The two gold biographies at ranks 6 and 11 supply the required comparison.

Comparison-retriever evidence:
Dense ranks “Joseph McGrath (film director)” first and “Thomas H. Ince” fourth, placing both nationality statements in the top five.

Assessment and uncertainty:
The BM25 ranking is dominated by passages containing the Ince surname and Thomas H. Ince-related film material. The passage texts support this lexical-competition description. Exact term-frequency and length-normalization contributions remain unavailable from the exported ranking evidence.",,"Joseph McGrath is at rank 6 and Thomas H. Ince at rank 11; the top five are Ince relatives, works, and associates.",Both gold biographies are retrieved below cutoff.,Ince-family and Ince-film documents match the surname and context but omit the two nationalities.,Dense retrieves Joseph McGrath at rank 1 and Thomas H. Ince at rank 4.,One comparison entity's family and work neighborhood crowds the lexical ranking ahead of both exact biographies.,"Both golds are within the top 11, so cutoff sensitivity may be as important as the recurring one-sided crowding pattern.",one_sided_entity_crowding,related_name_document_crowding; cutoff_sensitive_near_miss; unindexed_title_name_anchor; generic_query_scaffold_score_inflation,jointly_reviewed_validated_revised,"Validated with revision under D-032. Exact reconstruction of the 4,937-passage pooled BM25 index reproduces all 50 stored top-50 titles in order, 0 of 50 mismatched, with a maximum absolute score error of 0.000000, and every per-token decomposition reconciles against get_scores within 7.105e-15, so strong causal claims are supported. Complete-corpus ranks are 6 / 26.870093 for Joseph McGrath (film director), which supplies the Scottish nationality, and 11 / 19.741610 for Thomas H. Ince, which supplies the American nationality. The rank-5 score is 28.423217, so the McGrath passage sits 1.553124 points, or 5.464 percent, below the cutoff and the Ince passage sits 8.681607 points, or 30.544 percent, below it; the successive differences from rank 1 to rank 10 are 3.872190, 0.145559, 0.796755, 1.958705, 1.553124, 1.781180, 3.413115, 1.487109 and 0.318694.

One hundred and fifty-one distinct conditions were run on the same unchanged candidate set, plus fourteen deliberate repeats under a second label, every one of which reproduced its original bit for bit. They are all 16 cells of a P x E x S x T factorial; 22 further preprocessing conditions splitting P, E and M into their query-side and document-side halves and crossing them with S and T; 8 conditions isolating a single query token, including the two-sided control that refutes them; all 8 cells of a wording factorial and the same 8 with the scaffold removed; 11 single query-token deletions; 16 reduced-query probes; 12 per-side reachability probes; 3 query-splitting pairs measured at three budgets each; 8 neighbourhood-overlap probes in both directions; 22 index-side removal probes including a family probe, its complement control, three sub-family probes, a 9-step cumulative ladder, a size-matched null control and a statistics-matched control; 4 corpus-setting reconstructions; 11 gold-targeted index-side conditions including a null control and four single-fact controls; and 7 oracle conditions.

The mechanism is a single query token that scores nothing for either required passage and a great deal for one candidate's satellite documents. The Ince passage's indexed body writes Thomas Harper Ince, so the query token h. contributes exactly 0.000000 to it, while eight of the nine non-gold passages above it write Thomas H. Ince verbatim and collect between 4.461297 and 7.814359 from that one token. Deleting h. from the query changes 4896 of 4937 ranking positions with a maximum absolute score difference of 8.333161 while leaving both required passages' scores bit-identical. Three reduced queries state this in one line: Thomas H. Ince, which is the question's own name form and also that passage's title, ranks it 6 / 16.787469; Thomas Ince, with only the middle initial removed, ranks it 2 / 16.787469 at a bit-identical score; and the body's own form Thomas Harper Ince, an oracle condition, ranks it 1 / 27.005232. A corpus scan explains the asymmetry: the string Thomas H. Ince occurs in 8 non-gold passages and 0 times in that passage's own body, whereas mcgrath occurs in exactly 1 of 4,937 passages, which is the McGrath passage itself, at the query's highest idf of 8.098947.

The question's only statement of the compared property is inert, and so is its repair. nationality? occurs in 0 passages and contributes exactly 0.000000; deleting it leaves the 4,937-passage order 0 of 4937 changed with a maximum absolute score difference of 0.000000. Normalizing it to the corpus form nationality, which occurs in 7 passages, also leaves both required passages at 6 / 26.870093 and 11 / 19.741610, because neither of them contains that word. This is the fifth passage-level instance in this project of a final query token with 0 corpus occurrences, after D-019, D-021, D-028 and D-030, and the first in which repairing it is measured to be worth nothing as well.

The competitor family is one-sided, fills the entire cutoff region, and is outcome-determinative under a falsifiable pair of probes. All five passages above the McGrath passage and seven of the nine above the Ince passage are Ince-side documents read in full: Ralph Ince 1 / 35.196426 a brother, Elinor Kershaw 2 / 31.324236 the wife, The Scourge of the Desert 3 / 31.178677 a film he produced, John Ince (actor) 4 / 30.381922 the eldest brother, The Coward (1915 film) 5 / 28.423217 a film he produced, The Deserter (1912 film) 7 / 25.088913 a film he wrote and directed, and Thomas Ince: Hollywood's Independent Pioneer 8 / 21.675798 a biography of him. The McGrath side has 0 competitors. Dropping the 7 gives 1 / 26.868145 and 2 / 22.167723; dropping only their 2-passage complement gives 6 / 26.911596 and 9 / 19.763251; the cumulative ladder over the 9 crosses the cutoff at the fourth removal, 2 / 26.869286 and 5 / 21.307440, and reaches 1 / 26.909654 and 2 / 22.191974 at nine; no sub-family suffices, 3 relatives giving 3 / 26.869559 and 6 / 20.765099, 3 films giving 4 / 26.869075 and 6 / 20.377303 and the biography alone giving 6 / 26.869693 and 10 / 19.764063, while relatives and films together give 1 / 26.868542 and 2 / 22.143053. Dropping all 8 non-gold passages containing the string Thomas H. Ince gives 1 / 26.867443 and 2 / 22.192635.

Because a BM25 removal changes idf and avgdl as well as the candidate set, two controls this unit introduces separate the two effects. A size-matched null control dropping 7 highly ranked passages that contain none of the query's name tokens gives 6 / 26.861098 and 11 / 19.734995, and a statistics-matched control dropping 7 passages that do contain thomas or h. but all rank below the worse required passage gives 6 / 26.905808 and 11 / 19.829852, worth 0.088242 points and 0 rank positions. The pit 19u drop-everything cell has discriminative power on this backend, unlike the Dense case D-031 recorded, and it succeeds here at 1 / 26.909654 and 2 / 22.191974, unlike the lexical case D-030 recorded.

The pit 19f and 19i test runs in both directions with the same sign and identifies the mechanism rather than routing it away, as D-027 recorded for the same name. Forward, a query reduced to Thomas H. Ince puts 5 of 10 of its top ten inside the baseline top five, 8 of 10 inside the top ten and 9 of 10 inside the top eleven; ince alone gives 5 of 10, 5 of 10 and 6 of 10. In reverse, deleting Thomas H. Ince from the question leaves 0 of 10, 2 of 10 and 2 of 10. The frame alone and nationality alone each give 0 of 10 at every depth, so neither the interrogative frame nor the compared property produces any part of this neighbourhood. Deleting only h. still leaves 5 of 10, 7 of 10 and 8 of 10, so the family is not an artefact of the initial.

Per-side reachability is the pit 25f substitute for oracle-name injection and is extremely asymmetric. The McGrath passage ranks 1 under seven single-sided queries, five of them non-oracle: Joseph McGrath 1 / 17.888493, its own title 1 / 17.888493, Joseph McGrath nationality 1 / 17.888493, Joseph McGrath biography 1 / 17.888493, Joseph McGrath film director 1 / 25.504577, the framed query with the Ince side deleted 1 / 25.733496, and the answer-injecting Was Joseph McGrath Scottish? 1 / 20.503494; only What nationality was Joseph McGrath? falls short at 6 / 9.457447. The Ince passage never reaches the cutoff under the question's own name form: 6 / 16.787469 for the bare name, 6 / 16.787469 with nationality, 7 / 16.787469 with biography, 6 / 19.655078 with film director, 9 / 19.741610 for the framed one-sided query and 13 / 9.523848 for the natural rewrite. It reaches 2 / 16.787469 only when the middle initial is dropped and 1 / 27.005232 only under the oracle body form. Pit 19n therefore applies in a new form: not that the passage fails under its own bare name, but that it fails under the name form the question uses and succeeds under the form without the initial.

Query splitting, the comparison-unit repair candidate of pit 19o, was measured in three forms and never returns both required passages. Keeping the full frame per side gives 9 and 1; the natural single-sided rewrite gives 13 and 6; bare names give 6 and 1. At budgets of 2, 3 and 5 results per side the union never contains both, because the Ince passage is outside the top five of a query consisting only of its own side, whose top five is five family documents.

Corpus setting is provenance under D-003 and pit 17, and the two settings disagree on any@5. Pooled gives any@5 0 and full@5 0 at 6 and 11; the official per-question setting gives any@5 1 and full@5 0 at 1 and 10, and the per-question index was rebuilt and reproduces the stored CSV order title by title. Of the three known paths, new competitors is measured and fails: all 5 passages above the McGrath passage come from the item's own window and 0 are pooling-introduced, 7 of the 9 above the Ince passage come from the window, and dropping the 2 pooling-introduced ones gives 6 / 26.911596 and 9 / 19.763251. The idf-scale path carries the whole flip and is cleanly isolated, as in D-028: the pooled scores restricted to those 10 paragraphs give 6 / 26.870093 and 9 / 19.741610, the same 10 documents with pooled idf and pooled avgdl substituted reproduce that title by title, and with pooled idf but per-question avgdl kept both required passages hold their positions at 6 / 23.173455 and 9 / 17.855162 and only one adjacent non-gold pair swaps, so avgdl carries none of the flip, the same division D-028 recorded. In the ten-document index ince has document frequency 6 of 10, thomas 9, h. 8 and and, of and the 9 each, and all six are floored to the identical 0.390062 by epsilon, while mcgrath and joseph have document frequency 1 and idf 1.845827 and were and same have document frequency 0; avgdl falls from 90.884950 to 53.700000 and average_idf from 7.669260 to 1.560249. The small index therefore destroys exactly the tokens that drive the crowding and preserves exactly the McGrath side's two, which is why the McGrath passage ranks 1 there and the Ince passage, whose entire score rests on the floored tokens, ranks 10 of 10. The annotator-supplied path is present in its maximal form: all 8 of this question's own HotpotQA distractors are Ince-side, against 6 of 8 in D-027. This is the ninth any@5 divergence in the series, D-030 being the eighth, and the third unit after D-028 and D-030 to present more than one path at once.

Two single-fact controls under pit 19z give this unit's most informative measurement, against a null control that re-indexes both required bodies verbatim and reproduces the baseline with 0 of 4937 order changes and a maximum absolute score difference of 0.000000. Deleting American from the Ince body and leaving every other word verbatim moves it from 11 / 19.741610 to 10 / 19.893367, and deleting Scottish from the McGrath body moves it from 6 / 26.870093 to 6 / 27.039416, both marginally better because the passage is shorter. Deleting the whole name instead moves them to 4800 / 3.023334 and 3006 / 9.077577. These passages' ranks are therefore determined by their name tokens and are very nearly independent of whether they state the answer at all.

Fifteen non-oracle conditions place both required passages inside the cutoff and every one of them removes or lacks the query scaffold; no single factor does. They fall into two families: removing or destroying h. together with the scaffold, giving 2 / 17.888493 and 3 / 16.787469, and indexing titles together with the scaffold, giving 4 / 22.885192 and 1 / 27.642683. The apparent preprocessing gains are refuted by their own two-sided control. Normalizing h. on the query side alone gives 2 / 26.870093 and 8 / 19.741610 and on the document side alone 2 / 26.870094 and 8 / 19.741610, and each recovers both when combined with scaffold removal; normalizing both sides so the token realigns returns the baseline at 6 / 26.870094 and 11 / 19.741610, and with scaffold removal gives 6 / 17.888493 and 7 / 16.787469, bit-identical to scaffold removal alone. The one-sided gain is a broken match rather than a repair. The two-sided P factor is negative on both required passages at 8 / 26.567864 and 16 / 18.889345, and document-side punctuation stripping alone moves the Ince passage the wrong way, from 11 / 19.741610 to 13 / 18.889345, because it merges ince. and ince, into ince and enlarges the name-sharing family. Crude stemming is strongly negative on the query side, sending the Ince passage to 212 / 13.171903 by damaging the surname, and turns positive only once titles are indexed.

The oracle direction is degenerate, as pit 25f predicts, and was checked token by token under pit 24b. Appending the Ince title injects thomas, h. and ince, all three of which the question already contains, so it is pure token repetition and it demotes the other required passage, giving 11 / 26.870093 and 7 / 36.529080; appending the McGrath title injects (film at an idf of 8.098947 with term frequency 0 in both required passages and director) which is out of vocabulary, giving 1 / 44.758586 and 27 / 19.741610. Appending both titles gives 6 / 44.758586 and 8 / 36.529080, appending the two answers verbatim gives 2 / 33.670928 and 10 / 21.486347, and appending the Ince body's own name form gives 9 / 26.870093 and 2 / 46.746842. Only verbatim injection of both bodies' identifying clauses recovers both, at 2 / 69.032806 and 3 / 65.413184.

Neither hop has a substitute and there is no complete non-gold answer. No passage in the corpus contains both ince and mcgrath; mcgrath occurs in exactly 1 passage and Thomas Harper Ince in exactly 1, each being the required passage itself. Five passages name Ince and contain american, but on read text the word describes a brother, the wife or a film in every case and none states Thomas H. Ince's own nationality, so under pit 19b all nine passages above the required evidence are true distractors, seven of them family documents and two pure name collisions.

Comparison-retriever evidence and its boundary: Dense places Joseph McGrath (film director) at 1 and Thomas H. Ince at 4, both inside the stored window of 50, so these are exact complete-corpus ranks; the Dense results CSV carries no scores and none is quoted. This establishes only that both passages are reachable on that backend. It is not a cause of the BM25 outcome, the two backends' score magnitudes are not comparable, and 5ab8f57b5542991b5579f097|dense is not one of the 26 single-note units and receives no conclusion here.","Resolved for this validation pass in favour of one_sided_entity_crowding, with four boundaries recorded rather than closed and no new descriptor registered, the fourth consecutive decision to create no name after D-029, D-030 and D-031. First, this is the second validated primary use of one_sided_entity_crowding and its first on a lexical retriever, which bears directly on the open question of whether crowding-family names need an explicit primary-use contract. The position taken is D-027's and narrower than D-010's description of the name as the resulting ranking pattern: the name states which documents compete and which of the two named candidates they belong to, not anything about rank itself, so pit 17 is not violated, on the same footing that let D-018 adopt compound_two_sided_crowding. What this unit adds is that the routing clause D-010 used to demote the name on a lexical backend was tested here and did not fire, and the test that decided it was a gold-targeted repair of the name form, which reached 6 and displaced the other required passage to 7. Whether that test should be written into related_name_document_crowding's first exclusion as the operational meaning of explains the primary failure is a vocabulary-audit question. Second, unindexed_title_name_anchor now has two affected units whose semantic reading disagrees. D-028 measured a query reduced to the title at 1, and here the same reading gives 6 / 16.787469, because the string Thomas H. Ince occurs verbatim in 8 non-gold passages, so the title is matchable but not corpus-discriminative. The entry's three inclusion conditions hold and none of its three exclusions fires, so it is adopted; whether the entry should additionally require the semantic reading to reach the cutoff, which would make the word discriminative in its definition an operational test rather than a description, is registered rather than settled. This is also the ninth measurement of the title-indexing condition in this project and only the second materially positive one, so the seven inert-or-negative results still must not be extrapolated. Third, cutoff_sensitive_near_miss is adopted for the McGrath passage only, at 1.553124 points or 5.464 percent below the rank-5 score, which lands in the band this project had never measured, between the largest previous acceptance at 4.503 percent in D-025 and the smallest previous exclusion at 12.518 percent in D-028. Accepting it moves the accepted band's upper edge to 5.464 percent and narrows the untested band to 5.464 to 12.518 percent without editing any rule text, which remains an audit matter. The counter-evidence is the strongest this project has recorded in either direction: dropping a single competitor already gives 5 / 26.870018 and flips any@5. The D-025 and D-026 boundary is recorded again, since the other required passage sits at 30.544 percent and no rank movement of the near one alone can change full@5, and the no-substitute condition is met, mcgrath occurring in exactly 1 passage. Fourth, generic_query_scaffold_score_inflation is adopted on co-necessity rather than on solo materiality, which is the form D-028 used for the title-indexing condition and the opposite outcome to D-030, where the same descriptor met its inclusion rule and was withheld. Its inclusion rule is met here on four non-repeated scaffold tokens supplying 29.4 to 53.4 percent of the competitor scores, with Joe Scarborough at 9 / 20.188689 taking 53.4 percent from them while containing no Ince or McGrath content, and Thomas H. Gale House at 10 / 19.869995 taking 48.4 percent while being a Frank Lloyd Wright house; the exclusion's category-term clause, which fired in D-030, does not fire here because the competition is carried by proper-noun tokens. Scaffold removal alone is worth 4 rank positions on one required passage and 0 on the other, but it is present in all 15 non-oracle conditions that place both inside the cutoff and in no condition that does not, and no single factor recovers the pair. Whether co-necessity is a sufficient ground for a secondary, given that D-030 refused the same descriptor on solo materiality, is registered as the pair of boundary samples the audit needs. Separately, two new pits are recorded in the handoff: that a preprocessing factor can be positive on each side alone and inert with both sides done, so the two-sided cell must be run after the one-sided split of pits 19p and 19v; and that a BM25 index-side removal changes idf and avgdl as well as the candidate set, so a family probe needs a size-matched null control and a statistics-matched control in addition to its complement, which is the lexical-backend dual of pit 19y.",one_sided_entity_crowding,unindexed_title_name_anchor,"Prefer one_sided_entity_crowding over unindexed_title_name_anchor. Step one: both candidates meet their inclusion rules, so under pit 13 meeting the rule does not decide the tie. The title reading is met mechanically, since the implementation is verified not to index titles, the title Thomas H. Ince contains the query's anchor tokens in a form the tokenizer matches, and indexing titles measurably improves that passage on the complete unchanged candidate set, from 11 / 19.741610 to 6 / 30.547523, a gain of 10.805913 points and 5 rank positions. Step two: the name-anchor reading is repaired to its limit in three separate forms and the failure survives every one. Rewriting that passage's indexed body from Thomas Harper Ince to Thomas H. Ince, changing nothing else, gives 7 / 26.870096 and 6 / 27.091980, so the repaired passage reaches 6 and displaces the other required passage to 7; prefixing only its own title to its own body gives 7 / 26.870134 and 4 / 30.556564, again at the other passage's expense; and indexing all titles gives 3 / 31.744369 and 6 / 30.547523. Only prefixing the titles of the two required passages and nothing else recovers both, at 2 / 31.546981 and 5 / 30.556598, and that is a third-class intervention requiring prior knowledge of which passages are required. Repairing the anchor moves the failure rather than removing it, because the deployable form of the repair feeds the family as well: three family titles also contain ince or thomas. Step three: the crowding reading is testable in both directions and passes. Dropping the 7 Ince-side passages gives 1 / 26.868145 and 2 / 22.167723 while dropping their 2-passage complement gives 6 / 26.911596 and 9 / 19.763251; a size-matched null control gives 6 / 26.861098 and 11 / 19.734995 and a statistics-matched control that drops passages carrying the same tokens from below the required evidence gives 6 / 26.905808 and 11 / 19.829852, so the family attribution is not an artefact of corpus shrinkage or of idf drift. Step four: only the crowding reading accounts for both required passages, which is what a comparison unit needs, since it succeeds or fails as a pair. The McGrath passage has no name-form problem of any kind: mcgrath occurs in exactly 1 of 4,937 passages at the query's highest idf of 8.098947, its body writes the queried name verbatim, and it ranks 1 under five non-oracle single-sided queries. It fails only because five Ince-side documents occupy the top five that both candidates must share. The title reading says nothing about it. This is the same tie-break D-027 used on the Dense unit of a different example. Step five: D-010's routing clause, which prefers a more specific implementation-supported name-form mismatch, is tested on a lexical backend for the first time and does not fire. The mismatch is real and measured, h. contributing 0.000000 to the required passage and 4.461297 to 7.814359 to eight of the nine above it, but step two shows it does not explain the failure, and unlike D-010's Barrie passage, where all three query name tokens missed the body, two of the three hit here. The two units have different unit keys, so reaching a different primary is the unit-key rule working rather than D-010 being carried across. Step six: the preprocessing readings are excluded on measurement. minimal_preprocessing_score_distortion has no repair available in this unit: the only preprocessing pair with a corpus form, nationality? against nationality, is worth exactly 0.000000 and 0 of 4937 order positions and its repair is worth nothing either, the two-sided P factor is negative on both required passages at 8 / 26.567864 and 16 / 18.889345, and the two-sided normalization of h. is bit-identical to scaffold removal alone at 6 / 17.888493 and 7 / 16.787469, which shows that the one-sided gains at 2 / 17.888493 and 3 / 16.787469 are a broken match rather than a repair. surface_form_tokenization_mismatch is not adopted for the same materiality reason, and h. against Harper is outside its definition, being an initial against an expanded middle name rather than a punctuation or morphology variant. entity_alias_reference_mismatch is excluded by its own third exclusion clause, the two name forms already sharing the scored tokens thomas and ince. Step seven: compound_two_sided_crowding is excluded under pit 19h, because one family suppresses both required passages, the family probe recovering both and its complement recovering neither, and because the McGrath side has no competitor family at all. cross_passage_conjunction_unresolved is excluded at the contract level, as in D-027, because a comparison question's two nationalities are independent and there is no intermediate fact to resolve in one passage and carry into scoring another. generic_term_lexical_crowding is excluded on measurement, the frame alone and nationality alone each reproducing 0 of 10 of the observed neighbourhood at every depth, and because the competitors match proper-noun tokens rather than broad category vocabulary. proper_name_homonym_collision meets its inclusion rule on Joe Scarborough 9 / 20.188689 and Thomas H. Gale House 10 / 19.869995, which are distinct entities sharing name forms and outrank one required passage, but the D-018 materiality standard fails, dropping both moving it only from 11 / 19.741610 to 9 / 19.763251. peripheral_passage_content_dilution is inapplicable, its definition being scoped to a whole-passage mean-pooled encoder, so its gate was not applied and no length-matched control was run. Failure layer: method. Not implementation, because no preprocessing or indexed-field change on its own recovers the pair and the two that do are pipeline design choices rather than defects, and because repairing the name form to its limit still fails. Not corpus setting, because all three pooling paths are measured, the new-competitor path fails outright, and the Ince passage ranks 10 of 10 in its own per-question index. Not evaluation, because neither required fact has a substitute anywhere in the corpus and no passage supplies a complete non-gold answer.",medium-high,false,jointly_reviewed
manual_review_v1,2026-07-17_a,5ab978855542996be2020512,dense,5,bridge,"Over how many centuries were the ""dwelling place of the dead"" built?",Flaming Feather,not_in_top50,Montezuma Castle National Monument,13,1,single_note,,"Observed: Target Dense has Gold 1 (""Flaming Feather"") not in top 50 and Gold 2
(""Montezuma Castle National Monument"") at rank 13; neither is inside the top 5.
BM25 has Gold 1 at rank 1 and Gold 2 not in top 50.

Gold evidence status: Gold 1 not in top 50 for Dense (absent from the stored
list; not necessarily absent from the corpus). Gold 2 below cutoff (rank 13,
retrieved).

Retrieved evidence or distractor: Dense's top ranks pull passages semantically
associated with ""dwelling""/""dead""/burial themes rather than the source film -
#1 ""List of oldest synagogues,"" #3 ""Tabernacle,"" #5 ""Heaven in Judaism,""
#8 ""Oldest synagogues in the United Kingdom,"" #11 ""Christian Death."" The film
""Flaming Feather,"" whose passage actually contains the quoted phrase ""dwelling
place of the dead,"" is absent from Dense's top 50; the bridge target, Montezuma
Castle (built ""over the course of three centuries""), sits at 13.

Relevant comparison-retriever evidence: BM25 retrieves ""Flaming Feather"" at #1
by exact-phrase match on ""dwelling place of the dead,"" but itself drops Montezuma
Castle out of top 50 - the two methods fail on opposite halves.

Possible reason: The quoted phrase ""dwelling place of the dead"" is a specific
in-passage string, not a semantic concept about the film; Dense embeds it toward
religious/burial-themed documents and misses the film entirely, while the
century-count answer passage (Montezuma Castle) is retrieved but ranked below
cutoff.

Alternative or uncertainty: This looks like a case where exact-phrase quotation
favors lexical retrieval and misleads embeddings; unclear whether the film
passage is far outside Dense's window or just below 50, but the phrase-driven
half is the clear Dense weakness here.","Exact reconstruction over the 4,937-passage pooled corpus places Flaming Feather at complete-corpus rank 465 (0.112206) and Montezuma Castle National Monument at rank 13 (0.317347); maximum absolute score error against the formal top 50 is 2.384e-07. The formal top five are List of oldest synagogues, Patan minara, Tabernacle, History of England, and Heaven in Judaism.","The stored not_in_top50 status for Flaming Feather means complete-corpus rank 465 of 4,937, not corpus absence; the epithet occurs literally only in that passage. Montezuma Castle is retrieved below cutoff at 13 and carries the answer, three centuries, but never contains the epithet. Neither hop has an evidence-bearing substitute and no retrieved passage supplies a complete alternative answer.","Two verified competitor families outrank the answer passage. Question-frame competitors match old structures spanning many centuries with no dwelling or dead wording: List of oldest synagogues 1, Patan minara 2, History of England 4, Oldest synagogues in the United Kingdom 8, Asante Traditional Buildings 9. Epithet-sense competitors use the phrase in a religious or mythological sense: Tabernacle 3, Heaven in Judaism 5, Chateau de Druyes 6, Langston Hughes House 7, Vidblain 20. None states a construction span for a dwelling place of the dead.","Pooled BM25 ranks Flaming Feather 1 and Montezuma Castle 85; per-question BM25 ranks them 3 and 1; per-question Dense ranks them 9 of 10 and 6. The note's exact-phrase-match reading is corrected: the verified BM25 tokenizer has no phrase matching, and the reproduced score 23.945524 decomposes to the single rare punctuation-attached token ""dwelling (7.815653) plus place and function words. These are reachability and provenance facts, not Dense causes.","The query designates its target only by a verbatim epithet lifted from one passage. Under titleless, independently scored whole-passage cosine similarity the epithet resolves to a religious, mythological, and death-related dwelling neighborhood instead of its source passage, and it simultaneously displaces the answer passage. Quotation punctuation and title exclusion are both excluded by controlled full-corpus conditions.","No single non-oracle condition restores both hops; only the two-anchor oracle rewrite reaches ranks 1 and 2. Naming the referent alone leaves the source passage at 453 even though that passage contains the name, which reflects independent passage scoring rather than an additional mechanism. Any mean-pooling or token-position explanation for the source-passage rank remains speculation without attribution or text ablation.",verbatim_epithet_sense_drift,exact_string_source_dependency; cross_passage_conjunction_unresolved; question_frame_semantic_crowding,jointly_reviewed_validated_revised,"Observed evidence:
The question is ""Over how many centuries were the \""dwelling place of the dead\"" built?"" Its only content cue is a verbatim epithet that occurs literally in exactly one corpus passage. Flaming Feather is a 1952 Technicolor Western film article; the epithet appears as one embedded clause explaining why Yavapai extras refused to enter the cliff-dwellings. Montezuma Castle National Monument never contains the epithet; it states that the dwellings were ""built over the course of three centuries"". Exact reconstruction of the 4,937-passage pooled corpus places the golds at complete-corpus ranks 465 (0.112206) and 13 (0.317347); the stored ""not_in_top50"" status therefore means rank 465 of 4,937, not corpus absence. Actual passage texts show two distinct competitor families above the answer passage. Question-frame competitors match old structures spanning many centuries with no dwelling or dead wording at all: List of oldest synagogues 1 (0.428425), Patan minara 2 (0.395695), History of England 4 (0.372366), Oldest synagogues in the United Kingdom 8 (0.330121), Asante Traditional Buildings 9 (0.326038). Epithet-sense competitors use the phrase in a religious or mythological sense: Tabernacle 3 (0.372944, ""dwelling place"" three times), Heaven in Judaism 5 (0.352418, ""dwelling place of God"", ""realm of the dead""), Chateau de Druyes 6 (0.338059, ""dwelling place of Peter II"", built in the 12th century), Langston Hughes House 7 (0.330680, ""dwelling built in 1869""), Vidblain 20 (0.297265, ""dwelling place for the souls of the dead""). Every passage above rank 13 was checked against all explicit question constraints: none states a construction span for any dwelling place of the dead, so there is no complete plausible non-gold answer and no evidence-bearing substitute for either hop. Tabernacle's ""some 300 years later"" is a succession date, not a build duration.

Gold, provenance, and comparison evidence:
Per-question Dense over the item's own ten context passages ranks Flaming Feather 9 of 10, below seven of the eight distractors, and Montezuma Castle 6. Pooling therefore did not create this failure; it moved 9/10 to 465/4937 and 6/10 to 13/4937. Corpus setting is provenance, not a causal category. Comparison evidence: pooled BM25 ranks Flaming Feather 1 and Montezuma Castle 85; per-question BM25 ranks them 3 and 1. The first-pass note's claim that BM25 succeeded ""by exact-phrase match"" is factually corrected here: the verified BM25 implementation performs lowercase whitespace splitting with no phrase matching. Exact reconstruction reproduces the stored score 23.945524 and decomposes it as ""dwelling 7.815653, place 3.340714, the 3.981535 twice, of 2.797241, were 2.028846; the query token dead"" does not match the passage token dead."" and neither centuries nor built? occurs in that passage. Montezuma Castle's pooled BM25 score of 16.508697 comes only from over/were/the/of/the, because its centuries., built, and dwellings forms all miss the query forms. All BM25 facts are reachability and comparison evidence and are not the Dense cause.

Verified implementation facts and exact reconstruction:
The formal Dense run encodes the unchanged question and paragraph text only, excluding titles, with the symmetric sentence-transformers/all-MiniLM-L6-v2 bi-encoder, applies explicit row-wise L2 normalization to both sides, and ranks independent query-passage dot products equal to cosine similarity with a stable descending sort. There is no prompt, threshold, reranker, iterative hop, or cross-passage reasoning in the main run. The inspected snapshot uses mean pooling with a 256-token limit. The gold passages tokenize to 114 and 84 model tokens, so neither is truncated. Re-encoding the same 4,937 deduplicated pooled passages reproduces all 50 formal top-50 titles in order with a maximum absolute score error of 2.384e-07.

Factorial diagnostic status: run
Factorial setting / baseline reconstruction: every condition re-scores the same unchanged 4,937-passage pooled corpus under the same model snapshot, corpus order, first-title deduplication, explicit L2 normalization, dot-product scoring, stable descending sort, and cutoff 5. Factors are A = remove the two quotation marks around the epithet; B = name the unnamed referent by appending ""at Montezuma Castle""; C = name the source film by appending ""in the film Flaming Feather"". All eight A x B x C cells were run. T is a separate indexing factor: prepend title plus one space to every indexed passage and re-encode. D, D2, and E are removal probes.
| Condition | Single or combination | Exact change | Flaming Feather rank/score | Montezuma Castle rank/score | Complete top-5 recovery | Interpretation |
|---|---|---|---:|---:|---|---|
| baseline | baseline | none | 465 / 0.112206 | 13 / 0.317347 | no | exact reconstruction, max abs error 2.384e-07 |
| A | single | quotation marks removed | 479 / 0.111678 | 12 / 0.318517 | no | quotation punctuation is inert; not a mechanism |
| B | single | oracle referent name added | 453 / 0.114506 | 1 / 0.647072 | no | repairs the answer hop only |
| C | single | oracle source-film name added | 1 / 0.642457 | 99 / 0.197916 | no | repairs the source hop only and worsens the other |
| A+B | combination | unquoted plus referent name | 452 / 0.117326 | 1 / 0.651049 | no | A adds nothing to B |
| A+C | combination | unquoted plus film name | 1 / 0.666199 | 128 / 0.184604 | no | A adds nothing to C |
| B+C | combination | both oracle names | 1 / 0.553056 | 2 / 0.505606 | yes | only the two-anchor rewrite restores both |
| A+B+C | three-factor combination | all three changes | 1 / 0.572109 | 2 / 0.499141 | yes | equivalent to B+C; A contributes nothing |
| T | single, indexing | title prepended to indexed text, baseline query | 526 / 0.098571 | 16 / 0.298440 | no | title exclusion is not the mechanism |
| D | removal probe | query is the epithet alone, quoted | 106 / 0.219506 | 88 / 0.228047 | no | the verbatim string does not retrieve its own source |
| D2 | removal probe | query is the epithet alone, unquoted | 180 / 0.181538 | 67 / 0.230495 | no | same result without quotation marks |
| E | removal probe | epithet replaced by the plain noun dwellings | 1180 / 0.049846 | 5 / 0.366752 | no | the epithet itself costs the answer passage ranks |
| T x A, T x B, T x C | not_run | title inclusion combined with query rewrites | n/a | n/a | n/a | T alone is inert-to-negative, so combinations cannot change the tie-break |
| reranker condition | not_run | cross-encoder rescoring of Dense candidates | n/a | n/a | n/a | the main Dense run has no reranker; out of contract |
| production rewrite policy | not_run | any deployable query-rewrite configuration | n/a | n/a | n/a | oracle anchors are diagnostics, not proposed fixes |

Single-factor effect:
A is inert in both directions (465 to 479 and 13 to 12), so quotation punctuation is excluded as a mechanism despite the code name. T is inert-to-negative (465 to 526 and 13 to 16), so title exclusion is excluded as well. B repairs only the answer hop and leaves the source passage at 453 even though the Flaming Feather text explicitly contains ""Montezuma Castle National Monument"". C repairs only the source hop and pushes the answer passage from 13 to 99. Probe D is the decisive non-oracle result: when the query is exactly the verbatim string, the single passage that literally contains it ranks 106 of 4,937 while the top five are Heaven in Judaism, Buried Country, Dead at 17, Dead Jesus, and Vidblain. Probe E shows the epithet also suppresses the answer passage, which moves from 13 to 5 when the epithet is replaced by the plain noun dwellings.

Combination / interaction effect:
No single factor restores both required hops. Only B+C reaches 1/2, and A+B+C adds nothing over B+C. The reason no single oracle anchor suffices is architectural: the retriever scores passages independently, so resolving the referent for one passage cannot be carried into scoring the other. This supports a compound anchor requirement, not attribution of the outcome to either B or C alone.

Attribution boundary:
The complete A x B x C design has no missing cells. The listed not_run rows are recorded with reasons. These diagnostics establish full-corpus ranking outcomes only. They do not reveal token-level attention or internal feature weights, do not show that any deployable configuration recovers both golds, and do not license treating pooling, cutoff proximity, retriever identity, gold missingness, or question type as causal categories.

Primary mechanism: verbatim_epithet_sense_drift, retained. The query designates its target only by a verbatim epithet lifted from one passage. The dense encoder resolves that epithet to its concept neighborhood of religious, mythological, and death-related dwelling passages rather than to its source, and the same cue also displaces the answer passage. The name designates the cue's provenance, a verbatim in-passage quotation, and must not be read as a punctuation or string-matching mechanism; condition A excludes that reading.
Secondary descriptors: exact_string_source_dependency; cross_passage_conjunction_unresolved; question_frame_semantic_crowding.
Closest competitor: description_only_bridge_entity.
Tie-break result: Prefer verbatim_epithet_sense_drift. The referent is genuinely unnamed, but unlike the D-017 Frank Thomas unit the single-factor oracle-name condition does not restore both hops here: B lifts the answer passage to 1 while leaving the source passage at 453 despite that passage containing the oracle name in its own text. The drift mechanism instead has a direct non-oracle demonstration in probe D and explains degradation on both hops through probe E. compound_two_sided_crowding is rejected because B and C are oracle anchors for two passages rather than two independent mechanisms; both halves trace to the same epithet cue, and the compound reading would obscure that.
Confidence: medium-high. The baseline is an exact reconstruction, the factorial is complete, and two competitor families are verified from actual passage text. The limitation is that no single non-oracle condition restores both golds, so the primary explains the observed degradation without demonstrating a complete recovery path.
Taxonomy defect flag: true. The primary name implies a quotation-punctuation or literal string-matching mechanism that condition A explicitly excludes, which is the same naming-versus-mechanism problem D-019 resolved by renaming same_topic_title_distractor. The defect is recorded now and the rename is deferred to the vocabulary audit, because primary renaming and merging are not permitted before all 26 single-note units pass the section 7A gate.
Remaining uncertainty: whether question_frame_semantic_crowding should ultimately remain distinct from generic_term_lexical_crowding is a vocabulary-audit question, not a case-level one. Whether the epithet's position inside the film passage, or any mean-pooling effect, contributes to the source-passage rank cannot be decided without attribution or controlled text ablation and is therefore recorded as speculation, not as a finding.","Resolved for this validation pass in favor of the retained verbatim_epithet_sense_drift. The unresolved boundary is nominal rather than evidential: the code name suggests a quotation-punctuation or string-matching mechanism that condition A excludes. A rename is deferred to the vocabulary audit because primary renaming and merging are not permitted before all 26 single-note units clear the section 7A gate. Renamed from quoted_phrase_semantic_drift to verbatim_epithet_sense_drift by D-059; the name alone changed and no measurement, interpretation, tie-break, confidence or conclusion of D-020 changes.",verbatim_epithet_sense_drift,description_only_bridge_entity,"Prefer verbatim_epithet_sense_drift over description_only_bridge_entity. The referent is genuinely unnamed, but the single-factor oracle-name condition restores only the answer hop (1) and leaves the source passage at 453 despite that passage containing the oracle name, so the description-only framing does not explain the badly missed half. The drift mechanism has a direct non-oracle demonstration in probe D, where the exact verbatim string ranks its own source passage 106 of 4,937 behind afterlife-concept passages, and probe E shows the same cue costs the answer passage ranks 13 to 5. compound_two_sided_crowding is rejected because B and C are oracle anchors for two passages, not two independent mechanisms.",medium-high,false,jointly_reviewed
manual_review_v1,2026-07-17_a,5abcc96c5542996583600492,bm25,5,bridge,What is the name of the film starring Rose McGowan and features the character Earl McGraw's daughter?,Earl and Edgar McGraw,26,Planet Terror,not_in_top50,1,single_note,"Observed:
For BM25, “Earl and Edgar McGraw” is ranked 26 and “Planet Terror” is not in the stored top 50. The gold texts connect Earl McGraw’s daughter Dakota to “Planet Terror” and identify “Planet Terror” as a film starring Rose McGowan.

Pooled-corpus passage evidence:
Rank 1, “The Pastor’s Wife (film),” and rank 2, “Conan the Barbarian (2011 film),” both identify films starring Rose McGowan but do not mention Earl McGraw or Dakota. Rank 3 describes a television character played by Rose McGowan. Ranks 4 and 5 are unrelated films whose texts do not mention Rose McGowan, Earl McGraw, or Dakota. The Rose McGowan biography at rank 6 also lacks the McGraw/Dakota bridge. Thus the high BM25 results cover the actress or generic film side without supplying the required relationship.

Comparison-retriever evidence:
Dense ranks “Earl and Edgar McGraw” first, so it retrieves the daughter-to-“Planet Terror” bridge immediately. “Planet Terror” is nevertheless absent from its stored top 50, and the complete annotated chain is not recovered.

Assessment and uncertainty:
The corpus evidence shows a split across the two gold passages and competition from other Rose McGowan films and roles. The answer film itself is missing for both retrievers, so this is not solely a BM25-specific failure.",,The McGraw family passage is at rank 26 and Planet Terror is absent from the stored top 50; top results include other Rose McGowan films and roles.,The relation bridge is deep and the answer film is missing.,Other films starring Rose McGowan satisfy only the actress facet; none links Earl McGraw's daughter to Planet Terror.,Dense retrieves Earl and Edgar McGraw at rank 1 but also does not retrieve Planet Terror in its stored top 50.,The ranking is captured by one actress facet and fails to compose the daughter-to-film relation; the answer entity is difficult for both methods.,"Because Planet Terror is absent for both retrievers, this may reflect shared query/gold-chain difficulty rather than BM25 alone.",minimal_preprocessing_score_distortion,surface_form_tokenization_mismatch; related_name_document_crowding; generic_term_lexical_crowding; generic_query_scaffold_score_inflation,jointly_reviewed_validated_revised,"Validated with revision under D-033. Exact reconstruction of the 4,937-passage pooled BM25 index reproduces all 50 stored top-50 titles in order, 0 of 50 mismatched, with a maximum absolute score error of 0.000000, and every per-token decomposition reconciles against get_scores within 3.553e-15, so strong causal claims are supported. Complete-corpus ranks are 26 / 28.798100 for Earl and Edgar McGraw, which supplies the bridge fact that Earl McGraw's daughter Dakota plays a large role in Planet Terror, and 115 / 26.074919 for Planet Terror, which supplies the fact that the film stars Rose McGowan. Pit 7 applies: the stored window records the second passage as not_in_top50, but it is in the corpus at 115 of 4,937. The rank-5 score is 31.796696, so the first required passage sits 2.998596 points, or 9.431 percent, below the cutoff and the second sits 5.721776 points, or 17.995 percent, below it; the successive differences from rank 1 to rank 10 are 1.153544, 1.384457, 3.638157, 0.795088, 0.183632, 0.219417, 0.130204, 0.581458 and 0.113202, so the only cliff lies between ranks 3 and 4, above both required passages.

Two hundred and one distinct labelled conditions were run on the same unchanged candidate set, sixteen of them deliberately repeated under a second label with every repeat reproducing its original bit for bit, for 218 recorded rows in derived/case_results. They are all 64 cells of a P x E x G x M x S x T factorial, where G is the possessive-clitic normalization D-030 introduced and this unit reuses unchanged; 14 one-sided controls splitting P, E, G and M into their query-side and document-side halves and crossing P with G; 8 conditions built on a generic analyzer that contains no possessive-specific rule; 17 single query-token deletions, each judged on the whole 4,937-passage ranking rather than on the two gold ranks; 13 reduced-query probes; 6 per-side reachability probes; 5 crowding probes run in both directions; 4 corpus-setting reconstructions including two statistics grafts; 26 index-side removal probes including two cumulative ladders, a complement control, a size-matched null control and a statistics-matched control; 4 gold-targeted index-side single-fact controls with a null control; 4 single-token surface repairs with a null control; 6 query-aware normalization conditions; and 8 oracle conditions.

The decisive mechanical fact is that the two most discriminative tokens of the question occur in 0 of 4,937 passages and contribute exactly 0.000000 to every one of them. The question writes the bridge entity as McGraw's, a token with 0 corpus occurrences, while both the title and the indexed body of the first required passage write the bare form, which occurs in exactly 2 passages at an idf of 7.587919; and it writes the relation as daughter?, also 0 occurrences, against 52 for daughter at an idf of 4.533214. Both are established in pit 19x's strongest form: deleting either token leaves the 4,937-passage order 0 of 4937 changed with a maximum absolute score difference of 0.000000. The second facet of the question therefore participates in scoring only through earl, at df 35, and character, at df 120. This is the second unit in which pit 25i fires, the evidence collector's normalization ladder reporting no corresponding form for McGraw's because the apostrophe is word-internal, while the corpus form stands in the passage's title and body.

The mismatch on the other required passage is on the document side. Planet Terror's indexed body writes Rose McGowan, with a trailing comma, so the query's bare mcgowan scores 0.000000 against it; the single-token query mcgowan gives that passage 4441 / 0.000000. Across the corpus the name is split into four tokens by punctuation, 5 passages writing the bare form, 7 writing mcgowan, 2 writing mcgowan) and 1 writing mcgowan. The same class of missing normalization therefore produces a false negative on the query side for one required passage and on the document side for the other, which is a form of pit 19w no earlier unit has shown.

Each repair is priced exactly and the prices are additive. Query-side possessive normalization alone gives 2 / 37.789878 and 116 / 26.074919, worth 8.991778 points and 24 rank positions on the bridge passage, and that increment is bit-identical to the score the single-token query mcgraw gives it, 2 / 8.991778. Query-side boundary-punctuation normalization alone gives 5 / 32.318370 and 134 / 26.074919, worth 3.520270 points and 21 positions, again bit-identical to the single-token query daughter at 48 / 3.520270. The two together give 1 / 41.310149 and 135 / 26.074919, the two increments summing to 12.512048. Stripping the one comma inside Planet Terror and changing nothing else gives 27 / 28.798099 and 5 / 32.133137, worth 6.058218 points and 110 rank positions, with a null control that re-substitutes both golds with their own text reproducing the baseline exactly at 26 / 28.798100 and 115 / 26.074919.

No non-oracle condition places both required passages inside the cutoff. A query-side single factor nevertheless flips any@5 on its own, the possessive normalization moving the bridge passage from 26 to 2. The best non-oracle conditions are a generic analyzer with scaffold removal at 2 / 22.769010 and 13 / 12.716647 and the same with titles indexed at 1 / 25.259118 and 14 / 12.806919. The gap between what the surface repair is worth on the gold alone and what any deployable version of it delivers is the central measurement of this unit: repairing only the gold gives that passage 5 / 32.133137, applying the identical repair to every passage in the corpus that shares the mismatch gives 11 / 31.534653, and a query-aware normalization that normalizes documents only where the normalized token is a query token gives 14 / 31.630834. Nothing deployable can hand that passage its 6.058218 points without handing the same points to the fourteen other Rose McGowan works.

The preprocessing factors split by side in opposite directions on the two required passages, which is a third non-additive form after D-028's document-side-only and D-030's query-side-only results and D-032's two-positives-cancelling result. Query-side P gives 5 and 134, document-side P gives 38 and 12, and the two-sided cell gives 13 / 31.744210 and 14 / 31.262470, so each side repairs a different hop and damages the other. G is 100 percent query-side, Gd alone giving 28 and 117. E is inert on both hops at every combination. M is positive here, 5 / 32.824456 and 117 / 26.383585, against negative in D-028, positive in D-030 and strongly negative in D-032; query-side M changes no gold score at all yet moves both ranks, because it turns starring into starr and features into featur, neither of which is in the vocabulary. Eight of seventeen single factors carry opposite signs across the two hops.

The residual after normalization is a name-linked family, and it is not the same answer as at baseline. At baseline the family probe loses to its own complement: dropping the 18 Rose or McGowan passages above the answer passage gives 15 / 28.805372 and 73 / 26.630444 while dropping the other 95 gives 10 / 29.270483 and 30 / 26.124391, and pit 19ad's two controls show that much of even the family probe's gain is statistical, a statistics-matched removal of 18 same-family passages ranked below the gold giving 90 / 26.622223 and a size-matched null control giving 115 / 26.068632. Under full normalization the same family becomes outcome-determinative: dropping the 14 non-gold McGowan passages, a set definable from the query alone, gives 1 / 25.266887 and 3 / 15.335047, dropping the 41 Rose or McGowan passages gives 1 / 25.246782 and 2 / 18.024994, the size-matched null control gives 1 / 25.981076 and 12 / 12.825312, and the cumulative ladder crosses the cutoff at the eighth removal at 1 / 25.273160 and 5 / 13.543318. Ten of the 12 passages above the answer passage under the normalized pipeline carry a McGowan form.

Pit 19u's cell was run early and is informative on this lexical backend: dropping every one of the 113 non-gold passages above the answer passage gives 1 / 29.285779 and 2 / 26.680825, so no crowding reading is ruled out a priori, unlike D-030.

Per-side reachability holds in its strongest recorded form and each name demotes the other. The bridge passage's own title as the whole query gives 1 / 30.558101 and sends the other to 3444 / 2.565580; the answer passage's own title gives 1 / 12.467933 and sends the other to 4437 / 0.000000. The answer passage is nevertheless not reachable from its own queried actress: Rose McGowan alone gives it 28 / 4.403606 and film starring Rose McGowan gives it 64 / 6.894036, both behind the actress's own biography and several of her other films, which is pit 19n on a lexical backend. Query splitting was measured although this is a bridge unit: the top five of the actress-side query and the top five of the daughter-side query have an empty intersection with the gold set, so their union contains neither required passage.

The single-fact controls price each required fact. Deleting only the sentence that links Dakota to Planet Terror from the bridge passage, leaving the rest verbatim, moves it from 26 / 28.798100 to 34 / 28.265136, so that passage's rank is worth 8 positions and 0.532964 points of dependence on whether it states the bridge fact at all. Deleting only Rose McGowan from the answer passage's cast list moves it from 115 to 1001 / 21.768235, so 886 rank positions of its position rest on the actress's name. Writing the missing conjunction into the answer passage gives 28 / 28.746748 and 3 / 37.216520 and recovers one side only.

Corpus setting: pooled any@5 is 0 and full@5 is 0, while per-question any@5 is 1 and full@5 is 0, the official window ranking the two required passages 4 and 10. A rebuild on this question's ten passages reproduces the official window order item for item at 4 / 7.173319 and 10 / 5.095757. Pit 19r is confirmed again and the split is clean: restricting the pooled scores to the same ten gives 8 / 28.798100 and 10 / 26.074919, grafting the pooled idf and the pooled avgdl onto the same ten documents reproduces that restriction bit for bit, and grafting the pooled idf while keeping the per-question avgdl gives 8 / 28.915674 and 10 / 26.174250 in the same order, so avgdl carries none of the swing and idf carries all of it, the division of labour D-028 and D-032 recorded. The mechanism is that the ten-document index collapses rose from 4.820384 to 0.414338, film from 1.861154 to 0.414338 and character from 3.688361 to 0.367725 while earl keeps 1.845827, so the small index destroys exactly the vocabulary that crowds the bridge passage and preserves the one token that lifts it. The new-competitor path exists but is not sufficient, 18 of the 25 passages above the bridge passage and 105 of the 113 above the answer passage being pooling-introduced while dropping only those gives 8 / 29.265784 and 12 / 26.384932, which is not the per-question result. The annotator-supplied path is weak, 5 of this question's own 10 passages being Rose McGowan documents. Corpus setting is recorded as provenance under D-003 and pit 17 and is not a causal category.

No substitute and no complete non-gold answer exist. A full-corpus substring scan finds Planet Terror in exactly 2 passages, which are the two required ones, Marley Shelton in the same 2, Grindhouse in the same 2 and Death Proof in 1, the answer passage. McGraw occurs in 3 passages, the two others being a 1987 CBS series with an unrelated Harry McGraw and a music festival. Dakota occurs in 11 passages, of which only the bridge passage concerns this Dakota.

Oracle conditions, recorded as diagnosis only and never as a repair: appending the bridge title gives 1 / 59.356201 and 199 / 28.640499, appending the answer title gives 31 / 28.798100 and 2 / 38.542852, appending both gives 1 / 59.356201 and 3 / 41.108432, appending the daughter's name gives 4 / 33.947871 and 116 / 26.074919, naming her in place while keeping the description gives 4 / 34.429059 and 116 / 26.074919, and appending the actress who plays her gives 4 / 34.429059 and 5 / 32.699209.

The comparison retriever is used for reachability only and its scores are not comparable in magnitude with BM25's. Dense places the bridge passage at 1 / 0.534788 and the answer passage at 144 / 0.292530 over the complete corpus, its pooled top ten matching the official CSV item for item, so Dense also fails full@5 and also does not retrieve the answer passage. This establishes that the bridge passage is reachable under a different scorer and nothing about why BM25 fails.","Resolved for this validation pass in favour of minimal_preprocessing_score_distortion, with four boundaries recorded rather than closed and no new descriptor registered, the fifth consecutive decision to create no name after D-029, D-030, D-031 and D-032. First, this is the eighth unit for a primary already flagged as possibly too broad, and it adds no seventh sub-mechanism: the possessive clitic is D-030's sixth and boundary punctuation is the oldest. What it does add is a new shape of the same sub-mechanism, one class of missing normalization producing a false negative on the query side for one required passage and on the document side for the other, which is why folding it in was preferred over coining a name, on D-030's reasoning rather than D-028's. Whether the primary should instead be narrowed remains the open audit question and this unit widens the sample rather than settling it. Second, cross_passage_conjunction_unresolved is the closest competitor and all three legs of the D-022 and D-024 evidence set hold here, with per-side reachability in the D-025 and D-031 sign, so this is the first BM25 bridge unit to satisfy every positive leg and still not adopt the name. It is refused on the D-028 route of pit 19s, since a condition that supplies no intermediate fact and performs no cross-passage reasoning, a query-defined removal of the 14 non-gold McGowan passages combined with generic normalization, places both required passages inside the cutoff at 1 / 25.266887 and 3 / 15.335047. A second ground is recorded but deliberately not used to carry the decision: the bridge passage names the answer film outright while satisfying only one of the question's two constraints, so whether the exclusion's first clause, one passage supplies a complete answer, fires on a passage that gives the answer string without verifying every constraint is registered as a vocabulary-audit question. D-029, the only prior use of that clause, had an answer passage satisfying all three of its question's facets. Third, cutoff_sensitive_near_miss is withheld at 9.431 percent, which lies inside the band this project had measured but never decided on. The counter-evidence is weak in the D-029, D-030 and D-031 sense rather than strong in the D-032 sense: the cumulative removal ladder gives 25 after one removal, 23 after three, 16 after ten, 7 after twenty and 2 after twenty-five, and no cliff can be cited. Withholding moves the excluded band's lower edge from 12.518 to 9.431 percent and narrows the never-decided band to 5.464 to 9.431 percent, the first time this project has narrowed that band from above rather than from below; no rule text changes and setting an explicit threshold remains an audit matter. Fourth, unindexed_title_name_anchor is withheld in a configuration no earlier unit produced: the semantic reading is as strong as it can be, the title as the whole query ranking the passage 1 / 30.558101, and the indexing reading is positive on that hop at 18 / 29.565356, yet the entry's second inclusion condition fails because the title does not contain the query's anchor in a form the implemented tokenizer matches, the title tokenizing to earl, and, edgar and mcgraw against the query's mcgraw's, and its first exclusion fires because the indexed body writes the same unmatchable form. Per-token decomposition confirms that the whole title-indexing gain is earl rising from 7.923587 to 8.548780 and and from 3.752318 to 3.850022, with the title's mcgraw contributing nothing. Whether an entry whose semantic reading is maximal and whose indexing reading is positive should still be refused on the form of the anchor is registered rather than settled. Separately, two new pits are recorded in the handoff: that a surface repair's gold-targeted and corpus-wide versions can differ by nine rank positions and that the difference is the finding, so both cells must be run; and that a crowding family probe can be non-determinative at baseline and determinative after the preprocessing repair, so it must be run on both baselines.",minimal_preprocessing_score_distortion,cross_passage_conjunction_unresolved,"Prefer minimal_preprocessing_score_distortion over cross_passage_conjunction_unresolved. Step one: both candidates meet their rules, so under pit 13 meeting a rule does not decide the tie. The conjunction reading's three positive legs all hold. The two required passages match disjoint content tokens, their matched sets intersecting only in the scaffold the, and, is and of, with earl and character on one side and rose and film on the other. Eight of seventeen single factors carry opposite signs across the hops, against 10 of 19 in D-024, 10 of 20 in D-025, 4 of 19 in D-026 and 8 of 22 in D-031. The missing intermediate fact is concrete and lives only in the other gold, the link from Earl McGraw's daughter Dakota to Planet Terror occurring in exactly 1 of 4,937 passages, with Marley Shelton and Grindhouse each occurring in exactly the two required passages. Per-side reachability holds in its strongest recorded form and each name demotes the other, 1 / 30.558101 against 3444 / 2.565580 and 1 / 12.467933 against 4437 / 0.000000, which is the D-025 sign and excludes the D-026 route. Step two: the preprocessing reading is priced exactly and its prices are independently verifiable. The question's only distinctive name token, McGraw's, occurs in 0 of 4,937 passages and contributes exactly 0.000000, and so does daughter?; deleting either leaves the whole 4,937-passage order 0 of 4937 changed at a maximum absolute score difference of 0.000000, which is pit 19x's strongest form. Normalizing the clitic on the query side alone moves the bridge passage from 26 / 28.798100 to 2 / 37.789878, worth 8.991778 points, bit-identical to the score the single-token query mcgraw gives that passage; normalizing boundary punctuation on the query side alone is worth 3.520270, bit-identical to the single-token query daughter; the two are additive at 1 / 41.310149. On the other hop the document-side comma is worth 6.058218 points and 110 rank positions, taking it from 115 / 26.074919 to 5 / 32.133137 with a bit-exact null control. Step three: a single non-oracle factor flips the unit's any@5 outcome, and no other candidate does. Step four: the conjunction reading is refused on the D-028 route of pit 19s. A condition that supplies no intermediate fact and performs no cross-passage reasoning, generic normalization plus an index-side removal of the 14 non-gold McGowan passages, a set definable from the query without knowing which passages are gold, places both required passages inside the cutoff at 1 / 25.266887 and 3 / 15.335047, and widening the family to all 41 Rose or McGowan passages gives 1 / 25.246782 and 2 / 18.024994, while the size-matched null control gives 1 / 25.981076 and 12 / 12.825312. If the inability to carry a fact from one passage into scoring another were the binding constraint, this could not happen. In D-022, D-024, D-025 and D-031 no such condition existed. Step five: the crowding readings cannot take the primary. related_name_document_crowding's own first exclusion fires, since a more specific implementation-supported name-form mismatch does explain the primary failure and is priced at 6.058218 points and 110 positions, so the entry itself routes the name to a downstream ranking description; and at baseline the family is not even determinative, the family probe giving 15 / 28.805372 and 73 / 26.630444 against its complement's 10 / 29.270483 and 30 / 26.124391, with a statistics-matched control at 90 / 26.622223 and a size-matched null control at 115 / 26.068632. generic_term_lexical_crowding is kept as a secondary under its own deferral clause for the same reason. Step six: the remaining readings are excluded on measurement. partial_match_constraint_omission, the provisional primary, is not registered and is deleted: it names the shape of the ranking rather than a mechanism, which is what pit 17 and D-010's comment on a resulting ranking pattern warn against, and it is dissolved by the primary, since one query-side token normalization restores the omitted constraint and moves the bridge passage to 2. Under the playbook's Step 8 ordering, a mechanism supported directly by the implementation and by score decomposition outranks a code that describes the ranking's shape, which is the ruling D-021 made on the same pair of readings. cross_entity_relation_unresolved is deleted as a duplicate of cross_passage_conjunction_unresolved, on the test D-031 used to delete subject_associate_crowding, and the name that would have absorbed it is itself not adopted here. answer_entity_missing_both_methods is deleted on two independent grounds: it states gold missingness, which pit 17 and D-003 forbid as a causal category, and it is factually wrong, the answer passage being present in the corpus at 115 of 4,937 under BM25 and 144 of 4,937 under Dense. description_only_bridge_entity fails its inclusion rule directly, because the required passage does have a unique name anchor, mcgraw occurring in 2 of 4,937 passages, and is reachable at 1 / 16.915365 from the query Earl McGraw, so it need not be reached through a descriptive clue; the single-factor oracle-name test was run anyway and fails, appending Dakota giving 4 / 33.947871 and 116 / 26.074919 and naming her in place while keeping the description giving 4 / 34.429059 and 116 / 26.074919, and pit 24b's degeneracy check records that dakota already occurs in that passage's body. unindexed_title_name_anchor fails its second inclusion condition and its first exclusion, the title tokenizing to earl, and, edgar and mcgraw against the query's mcgraw's and the indexed body writing the same form, with per-token decomposition showing the entire title-indexing gain of 26 / 28.798100 to 18 / 29.565356 coming from earl and and. repeated_function_word_amplification is withheld on the judgment its own exclusion shares with generic_query_scaffold_score_inflation: deleting the second and third occurrences of the only repeated token gives 18 / 21.800059 and 118 / 18.393906, worth 8 positions on one hop and minus 3 on the other, while deleting the four non-repeated scaffold tokens instead gives 17 / 21.284848 and 77 / 18.415555, worth 9 and 38, so the repeated occurrences are not the material mechanism and the scaffold entry's corresponding exclusion does not fire. proper_name_homonym_collision fails the D-018 materiality standard exactly as in D-029, the one non-gold passage sharing the surname ranking 69 under the possessive normalization with its removal leaving the bridge passage at 2, and ranking 13 under the normalized pipeline with its removal moving the answer passage by one position, from 14 to 13. gold_chain_substitutability and gold_chain_not_unique are inapplicable, a full-corpus substring scan finding no substitute for either required fact and no complete non-gold answer. peripheral_passage_content_dilution is inapplicable, its inclusion rule requiring a verified mean-pooled encoder, so its gate was not applied and no length-matched control was run. compound_two_sided_crowding is excluded under pit 19h, one family sitting above both required passages and the second facet having no competitor family of its own. Failure layer: implementation. Not method, because the deployable normalizations recover one required passage completely and take the other from 115 to 11, leaving a residual of nine rank positions that a family removal closes. Not corpus setting, because all three pooling paths are measured, the idf-scale path is isolated cleanly and the new-competitor path fails on its own. Not evaluation, because neither required fact has a substitute anywhere in the corpus.",medium-high,false,jointly_reviewed
manual_review_v1,2026-07-17_a,5ac1a3665542994ab5c67daf,bm25,5,bridge,What was position of the man who served Prince Andrew from 1990-2001? ,Neil Blair,not_in_top50,"Prince Andrew, Duke of York",14,1,single_note,,"Observed: Target BM25 has Gold 1 (""Neil Blair"") not in top 50 and Gold 2
(""Prince Andrew, Duke of York"") at rank 14; neither is inside the top 5. Dense
has Gold 1 at rank 5 and Gold 2 at rank 1.

Gold evidence status: Gold 1 not in top 50 (absent from the stored BM25 list;
not necessarily absent from the corpus). Gold 2 below cutoff (rank 14,
retrieved).

Retrieved evidence or distractor: BM25's top ranks are a scattered mix with
weak connection to the query - #1 ""Princess Henriette of Nassau-Weilburg,""
#2 ""Armie Hammer,"" #3 ""Salvatore Testa,"" #6 ""Royal Marriages Act 1772,""
#11 ""Lord High Treasurer."" The bridge person, Neil Blair (Private Secretary and
Treasurer to the Duke of York), is never named in the question - which asks only
about ""the man who served Prince Andrew from 1990-2001"" - so BM25 has no name
token to match and the passage falls outside the top 50 entirely.

Relevant comparison-retriever evidence: Dense retrieves Neil Blair at #5 and
Prince Andrew at #1, showing the linking-person passage is reachable and that
the failure is BM25-specific.

Possible reason: This looks like a description-only bridge failure for BM25: the
question identifies the target person by role and date span rather than by name,
so lexical retrieval cannot locate the passage, and BM25 defaults to loosely
royal/date-matching distractors while burying the unnamed bridge entity.

Alternative or uncertainty: It's possible the Neil Blair passage would appear
far down an extended list on the ""1990-2001""/""Duke of York"" tokens, or that it's
genuinely very low overlap; the stored top 50 can't distinguish these.","Exact reconstruction over the 4,937-passage pooled corpus reproduces all 50 formal top-50 titles in order with a maximum absolute score error of 0 and places Neil Blair at rank 2074 (9.070003) and Prince Andrew, Duke of York at rank 14 (17.955882). The formal top five are Princess Henriette of Nassau-Weilburg (24.508123), Armie Hammer (23.115175), Salvatore Testa (23.067293), Krajmir (21.909745), and Joe Gilmore (20.322148).","The stored not_in_top50 status for Neil Blair means rank 2074 of 4,937 rather than corpus absence. Its entire 9.070003 comes from was, of, and the, with no content token matching. Prince Andrew is retrieved at rank 14, where the query token andrew does not match its passage forms andrew, and (andrew. Per-question BM25 ranks the two golds 9 and 10 of 10; pooled Dense ranks them 5 and 1.","Krajmir states that a Serbian nobleman served Prince Lazar and John Hartmann at rank 7 that he served Prince George, Duke of Cambridge; both reproduce the query relation with the wrong prince. Armie Hammer matches prince and andrew through the fictional character Prince Andrew Alcott and man through The Man from U.N.C.L.E. Joe Gilmore matches prince three times in a cocktail dedication list plus position; Princess Henriette matches prince four times and andrew through Prince Andrew of Greece and Denmark. Ranks 6-13 draw 41 to 62 percent of their score from the six scaffold tokens, including Man Booker International Prize at 62 percent, Andrew Murray (Guyanese boxer) at 61 percent, Lord High Treasurer at 58 percent, and Abteilungsleiter (NSDAP) at 55 percent. No inspected higher passage names the man or states his position.","Pooled Dense ranks Prince Andrew 1 and Neil Blair 5; per-question Dense ranks them 1 and 2. Per-question BM25 ranks Prince Andrew 9 and Neil Blair 10 of 10, so pooling did not create this failure and the mechanism is fully present in the ten-passage index. Dense evidence establishes reachability only and is not the BM25 cause.","The query's only uniquely discriminating lexical cue for the answer passage is the date span, and the lowercase-whitespace tokenizer converts it into the corpus-absent token 1990-2001? because the query uses a hyphen-minus plus question mark while the passage uses U+2013 plus a period. The answer passage is therefore left with three low-IDF function words, while unfiltered non-repeated scaffold tokens supply 41 to 62 percent of the score of several non-answer passages above the second gold.","No single factor restores both golds. Boundary punctuation and dash normalization together move Neil Blair from 2074 to 7 with no oracle content, and adding scaffold removal restores both to ranks 5 and 1, but that recovery is a three-factor interaction and the answer hop lands exactly on the cutoff. The unnamed person and the Prince Andrew versus Duke of York designation mismatch remain real contributing conditions that preprocessing does not remove.",minimal_preprocessing_score_distortion,surface_form_tokenization_mismatch; generic_query_scaffold_score_inflation; description_only_bridge_entity; entity_alias_reference_mismatch; generic_term_lexical_crowding,jointly_reviewed_validated_revised,"Observed evidence:
The question is `What was position of the man who served Prince Andrew from 1990-2001? ` The annotated answer hop is Neil Blair, whose complete text is `Captain Robert Neil Blair CVO RN was Private Secretary and Treasurer to The Duke of York, 1990-2001.` with an en dash in the date. The annotated second hop, Prince Andrew, Duke of York, supplies the identity between the personal name and the peerage title. Exact reconstruction places the golds at complete-corpus ranks 2074 (9.070003) and 14 (17.955882), so the stored not_in_top50 status means rank 2074 of 4,937 rather than corpus absence. The formal top five are Princess Henriette of Nassau-Weilburg 1 (24.508123), Armie Hammer 2 (23.115175), Salvatore Testa 3 (23.067293), Krajmir 4 (21.909745), and Joe Gilmore 5 (20.322148). Every passage above the rank-14 gold was read in full. Krajmir states that a Serbian nobleman `served Prince Lazar`, and John Hartmann 7 (19.283302) states that he `served Prince George, Duke of Cambridge`; both reproduce the query relation with the wrong prince. Armie Hammer matches prince and andrew through the fictional character `Prince Andrew Alcott` and man through `The Man from U.N.C.L.E.` Salvatore Testa matches prince through `The Crowned Prince of the Philadelphia Mob` and served through `served as a hitman`. Joe Gilmore matches prince three times in a cocktail dedication list and position through `a position he held`. Princess Henriette matches prince four times and andrew once through `Prince Andrew of Greece and Denmark`. Man Booker International Prize 8 (18.397810) matches only man plus scaffold, Andrew Murray (Guyanese boxer) 10 (18.147708) only the forename andrew plus scaffold, Lord High Treasurer 11 (18.122616) only position plus scaffold, Jeff Hoover 12 (18.082329) only served and position plus scaffold, and Abteilungsleiter (NSDAP) 13 (18.073350) only position plus scaffold. No inspected higher passage names the man who served Prince Andrew or states his position, so there is no complete plausible non-gold answer. A full-corpus substring scan confirms that `private secretary`, `treasurer to`, and `neil blair` each occur in exactly one of the 4,937 passages, all in Neil Blair, so the answer hop has no substitute at all.

Gold, provenance, and comparison evidence:
Per-question BM25 over the item's own ten context passages ranks Prince Andrew 9 and Neil Blair 10, that is the last two of ten, behind Krajmir, Armie Hammer, Princess Henriette, Joe Gilmore, John Hartmann, Royal Marriages Act 1772, Wedding dress of Sarah Ferguson, and List of royal tours of Canada (21st century). Pooling therefore did not create this failure; the mechanism is fully present in the ten-passage index. Corpus setting is provenance, not a causal category. Pooled Dense ranks the golds 5 and 1 and per-question Dense ranks them 2 and 1, which establishes that both passages are present and reachable without lexical overlap. Dense evidence is comparison and reachability evidence only and is not the BM25 cause.

Verified implementation facts and exact reconstruction:
The formal run indexes paragraph text only, not titles, and tokenizes both query and documents with lowercase whitespace splitting. There is no punctuation normalization, stop-word removal, stemming, lemmatization, Unicode normalization, phrase matching, entity-boundary preservation, or initial expansion. rank-bm25 0.2.2 BM25Okapi defaults apply with k1=1.5, b=0.75, and epsilon=0.25, and every query-token occurrence is scored separately. The query contains no repeated token, so repeated-occurrence amplification is not available as a mechanism in this unit. The query tokens are what, was, position, of, the, man, who, served, prince, andrew, from, and 1990-2001?. Rebuilding the first-occurrence, title-deduplicated 4,937-passage pooled corpus reproduces all 50 formal top-50 titles in order with a maximum absolute score error of 0. Corpus average document length is 90.884950.

Baseline per-token evidence:
Neil Blair, at 17 tokens, receives its entire 9.070003 from three low-IDF function words: was 3.023334, of 3.023334, and the 3.023334. It matches no content token. Its nine unmatched query tokens are what, position, man, who, served, prince, andrew, from, and 1990-2001?. Four verified conditions account for this: the man is not named in the query, so neil and blair are unavailable; the passage designates the queried royal only as `The Duke of York`, so prince (idf 5.080793) and andrew (idf 5.301069) cannot match; the passage says `was Private Secretary and Treasurer` rather than position or served; and the shared date span is destroyed by the tokenizer, because the query form is 1990-2001? with a hyphen-minus and a question mark while the passage form is 1990-2001. with U+2013 and a period. Both 1990-2001? and 1990-2001 are absent from the entire corpus vocabulary, so the date contributes exactly 0.000000 at baseline. Prince Andrew, Duke of York receives its 17.955882 from prince 8.020928, of 4.012681, the 3.710542, and was 2.211732; the query token andrew does not match its passage forms andrew, and (andrew. Among the passages above the rank-14 gold, the six scaffold tokens supply 41 to 62 percent of the total score: Royal Marriages Act 1772 53 percent, John Hartmann 41 percent, Man Booker International Prize 62 percent, Prince of Persia: The Sands of Time 50 percent, Andrew Murray (Guyanese boxer) 61 percent, Lord High Treasurer 58 percent, Jeff Hoover 53 percent, and Abteilungsleiter (NSDAP) 55 percent.

Factorial setting:
Every condition re-scores the same unchanged 4,937-passage pooled corpus under the same corpus order, first-title deduplication, BM25Okapi defaults, stable descending sort, and cutoff 5. Preprocessing factors are applied to both query and documents: P strips leading and trailing Unicode non-word characters from each lowercase whitespace token with ^\W+|\W+$; E replaces U+2013 and U+2014 with a hyphen-minus; S removes exactly {what, was, of, the, who, from} from the query after tokenization; T prepends title plus one space to every indexed paragraph. Query-content factors preserve the original query and append oracle text: N appends `Neil Blair`, the name of the described man; A appends `Duke of York`, the designation actually used in the answer passage. All 16 P x E x S x T cells and all 4 N x A cells were run.

| Condition | Kind | Exact change | Neil Blair rank/score | Prince Andrew rank/score | Both top-5 | Interpretation |
|---|---|---|---:|---:|---|---|
| baseline | baseline | none | 2074 / 9.070003 | 14 / 17.955882 | no | exact reconstruction, max abs error 0 |
| T | single | title prepended | 2168 / 8.974816 | 11 / 19.028574 | no | title exclusion is not the mechanism |
| S | single | scaffold set removed | 4537 / 0.000000 | 18 / 8.020928 | no | removes the answer hop's only matches |
| S+T | combination | removal plus title | 4537 / 0.000000 | 10 / 9.071567 | no | title cannot repair the zeroed answer hop |
| E | single | dash normalized | 2074 / 9.069582 | 14 / 17.955421 | no | inert alone; period still blocks the date |
| E+T | combination | dash plus title | 2168 / 8.974392 | 11 / 19.028104 | no | inert |
| E+S | combination | dash plus removal | 4537 / 0.000000 | 18 / 8.020928 | no | inert plus harmful |
| E+S+T | three-factor combination | dash, removal, title | 4537 / 0.000000 | 10 / 9.071567 | no | inert plus harmful |
| P | single | boundary punctuation normalized | 2130 / 8.912919 | 1 / 25.775418 | no | repairs the alias hop only; answer hop worsens |
| P+T | combination | normalization plus title | 2220 / 8.818454 | 1 / 27.798630 | no | title still does not help the answer hop |
| P+S | combination | normalization plus removal | 4539 / 0.000000 | 1 / 15.901130 | no | answer hop still zero without E |
| P+S+T | three-factor combination | normalization, removal, title | 4539 / 0.000000 | 1 / 17.911879 | no | answer hop still zero without E |
| P+E | combination | punctuation plus dash normalized | 7 / 21.673599 | 1 / 25.773671 | no | strongest non-oracle pair; +2067 ranks |
| P+E+T | three-factor combination | punctuation, dash, title | 9 / 21.444087 | 1 / 27.796855 | no | title degrades the answer hop |
| P+E+S | three-factor combination | punctuation, dash, scaffold removal | 5 / 12.762256 | 1 / 15.901130 | yes | only non-oracle condition restoring both |
| P+E+S+T | four-factor combination | all preprocessing factors | 6 / 12.627217 | 1 / 17.911879 | no | adding title breaks the recovery |
| N | single | oracle name appended | 1 / 32.297984 | 15 / 17.955882 | no | repairs the answer hop only |
| A | single | oracle designation appended | 46 / 20.157917 | 2 / 30.042440 | no | repairs the alias hop only |
| N+A | combination | both oracle anchors | 1 / 43.385898 | 3 / 30.042440 | yes | two-anchor oracle rewrite restores both |
| P+E+N | combination | normalization plus oracle name | 1 / 43.854781 | 3 / 25.773671 | yes | oracle name is redundant given P+E+S |
| P+E+A | combination | normalization plus oracle designation | 2 / 37.340579 | 1 / 41.390089 | yes | oracle designation also sufficient with P+E |
| R2 | removal probe | date span removed | 1891 / 9.070003 | 12 / 17.955882 | no | gold scores unchanged; date contributes 0 |
| G2 | removal probe | generic noun `man` removed | 2051 / 9.070003 | 13 / 17.955882 | no | gold scores unchanged; drops two competitors |
| D | removal probe | query is the normalized date span alone | 1 / 12.762256 | 4487 / 0.000000 | no | the date span uniquely identifies the answer hop |
| D0 | removal probe | query is the raw date token alone | 4487 / 0.000000 | 4486 / 0.000000 | no | 1990-2001? is absent from the corpus vocabulary |
| K | reachability probe | query is the oracle role wording | 1 / 45.707388 | 9 / 21.035651 | no | answer hop is lexically reachable |
| N x T, A x T | `not_run` | oracle anchors combined with title indexing | n/a | n/a | n/a | T is inert-to-negative in every run cell and cannot change the tie-break |
| stemming, lemmatization, phrase n-grams | `not_run` | additional analyzer features | n/a | n/a | n/a | they introduce mechanisms outside this tie-break |
| production analyzer policy | `not_run` | any deployable preprocessing configuration | n/a | n/a | n/a | the tested cells are diagnostics, not fixes |

Single-factor effects:
No single factor restores both required hops. P repairs the alias hop from 14 to 1 because it makes andrew, and (andrew match the query token andrew, but it moves the answer hop the wrong way, from 2074 to 2130. E is inert in both directions, 2074 to 2074 and 14 to 14, because normalizing the en dash still leaves the query question mark against the passage period. S is actively harmful to the answer hop, driving it from 2074 to 4537 at score 0.000000, because the scaffold tokens were its only matches. T is inert-to-negative for the answer hop, 2074 to 2168, so title exclusion is excluded as the mechanism. N, the condition predicted by the description-only reading, repairs only the answer hop, taking it to 1 while the alias hop drifts from 14 to 15. A repairs only the alias hop, taking it to 2 while the answer hop stays at 46.

Combination and interaction effects:
The decisive result is the P x E interaction. The single shared discriminating cue between the query and the answer passage differs on two independent surface dimensions at once, so neither normalization alone can align it; together they move the answer hop from 2074 to 7, a 2067-rank improvement obtained with no oracle content. Adding S to P+E is what completes the recovery to 5 and 1, because removing the six scaffold tokens withdraws roughly 8.9 points from the 17-token answer passage but roughly 10.5 points from long competitors such as Princess Henriette. P+E+S is therefore the only non-oracle condition that places both golds inside top five, and it is a three-factor interaction: P alone, E alone, S alone, P+S, and E+S all fail, and P+E stops at 7. On the oracle side, only the two-anchor N+A rewrite restores both, at 1 and 3. Once P+E is in place, either oracle anchor alone also suffices, at 1/3 and 2/1, which shows the anchors are substitutable for one another rather than jointly necessary.

Supported interpretation:
Minimal-preprocessing score distortion is the most specific verified primary. The query did contain a cue that uniquely identifies the answer passage within this corpus, and the verified tokenizer converted it into a token that occurs nowhere in the 4,937-passage vocabulary, reducing the answer passage's entire lexical signal to three low-IDF function words. Probe D is the decisive non-oracle demonstration: with the query reduced to the normalized date span, the one passage that contains it ranks 1 at 12.762256 while every other passage scores exactly 0.000000. Probes R2 and G2 confirm from the other direction that the raw date token and the generic noun man contribute nothing at all to either gold. surface_form_tokenization_mismatch records the concrete false negatives 1990-2001? against 1990-2001. and andrew against andrew, and (andrew. generic_query_scaffold_score_inflation records the exactly decomposed 41-to-62-percent contribution of non-repeated grammatical and interrogative tokens to passages that lack the decisive content, together with the fact that scaffold removal is a necessary component of the only non-oracle recovery. description_only_bridge_entity records that the required person is designated only by role and date span, a real condition that preprocessing does not remove. entity_alias_reference_mismatch records that the query and the answer passage designate the same royal by two different conventional names, so a matcher with no alias resolution obtains zero name overlap on the highest-IDF query tokens. generic_term_lexical_crowding records the residual verified competition that survives normalization: at P+E the answer hop is still behind Royal Marriages Act 1772, Princess Henriette, Joe Gilmore, Salvatore Testa, and Armie Hammer.

Closest competitor and tie-break:
Prefer minimal_preprocessing_score_distortion over description_only_bridge_entity. The described person genuinely is unnamed, and the registry inclusion rule for the description-only code is met, but the single-factor oracle-name condition N restores only the answer hop and leaves the alias hop at 15. This is the same disqualifier D-020 applied to its condition B, and it is the exact inverse of D-017, where the single-factor oracle-name condition moved both required passages to 1 and 2. The preprocessing reading, by contrast, has non-oracle outcome-determinative evidence: probe D shows the query already carried a corpus-unique cue for the answer passage, P+E recovers 2067 ranks without adding any oracle content, and P+E+S places both golds inside top five. Under the playbook tie-break order, an implementation-supported mechanism verified by exact reconstruction, per-token decomposition, and a non-oracle counterfactual is preferred over a code that describes the query's referring form. description_only_bridge_entity is therefore retained as the closest competitor and as a secondary descriptor, following the D-012 and D-016 pattern in which the closest competitor remains a real secondary contributing condition.

Considered and not adopted:
gold_chain_substitutability is not adopted even though its inclusion rule is objectively met. Wedding dress of Sarah Ferguson at rank 70 and List of royal tours of Canada (21st century) at rank 22 both state `Prince Andrew, Duke of York` verbatim and therefore supply the same intermediate identity as the annotated second gold. Neither reaches top five in any tested condition, at 14 and 10 even under P+E, and the answer hop is unique in the corpus, so no complete alternative chain exists and the descriptor would add no outcome-relevant information. proper_name_homonym_collision is not adopted although Armie Hammer's `Prince Andrew Alcott` shares the full queried name form and Andrew Murray (Guyanese boxer) shares the forename, and both outrank the rank-14 gold. P alone moves the alias hop to rank 1, so this competitor family is not outcome-determinative, and generic_term_lexical_crowding already covers the residual competition. cross_passage_conjunction_unresolved is not adopted because P+E+S restores both golds without any cross-passage resolution of the alias identity, so the architectural boundary is not outcome-determinative in this unit.

Not-run cells and attribution boundary:
All 16 cells of the defined P x E x S x T design and all 4 cells of the N x A design were run; there are no missing cells in either design. The `not_run` rows are N x T and A x T, additional analyzer features such as stemming, lemmatization, and phrase n-grams, and any deployable preprocessing policy. T is inert-to-negative for the answer hop in every cell in which it was run, 2074 to 2168 alone, 7 to 9 on top of P+E, and 5 to 6 on top of P+E+S, so crossing it with the oracle anchors cannot change the tie-break. Attribution is bounded as follows. The recovery to 5 and 1 must be credited to the P+E+S interaction and not to P, E, or S individually: P alone worsens the answer hop to 2130, E alone is inert at 2074, S alone drives it to score 0.000000, and the two-factor P+S and E+S cells also fail. The 2067-rank improvement at P+E must likewise be credited to the pair, because the date cue differs on two surface dimensions at once. Probe D establishes that the normalized date span is unique within this 4,937-passage corpus and does not license any general claim about date tokens. The diagnostics do not establish that any deployable preprocessing configuration would recover this case, do not make pooling or the per-question versus pooled contrast a causal category, and do not attribute the residual competition above rank 5 to any untested feature.

Confidence:
Medium-high. The baseline is a zero-error reconstruction, all 16 P x E x S x T cells and all 4 N x A cells were run, every passage above the rank-14 gold was read in full, and one non-oracle condition restores both golds. The limitation is that the recovery is a three-factor interaction rather than a single factor, and it is marginal: the answer hop lands exactly on the cutoff at rank 5, and adding the title factor pushes it back to 6.

Speculation boundary:
Do not claim that any deployable analyzer, stemmer, phrase index, or stop-word list would recover this case; the tested cells are diagnostics only. Do not treat the oracle anchors N and A as proposed query rewrites, since they contain the answer entity and the bridge identity. Do not present the rank-5 or rank-7 counterfactual positions as an observed cutoff mechanism. Do not generalize probe D's corpus-uniqueness result beyond this 4,937-passage corpus. Do not describe the Dense success as the BM25 cause or compare Dense and BM25 score magnitudes. Do not treat pooling, gold missingness, cutoff proximity, retriever identity, or question type as a causal category.","Resolved for this validation pass in favor of implementation-supported minimal_preprocessing_score_distortion. Two boundaries are recorded rather than closed. First, this is the fifth unit assigned that primary, and its verified coverage now spans repeated function-word amplification, punctuation-sensitive false negatives, non-repeated scaffold inflation, and Unicode dash mismatch; whether the category is becoming too broad is a vocabulary-audit question and must not be settled during the validation pass. Second, the only non-oracle recovery is a three-factor interaction that places the answer hop exactly at rank 5, so preprocessing is the strongest verified mechanism without being a complete account of the strict cutoff outcome. gold_chain_substitutability meets its inclusion rule through Wedding dress of Sarah Ferguson at rank 70 and List of royal tours of Canada (21st century) at rank 22, but is deliberately not adopted because neither reaches top five in any tested condition and the answer hop has no substitute at all.",minimal_preprocessing_score_distortion,description_only_bridge_entity,"Prefer minimal_preprocessing_score_distortion over description_only_bridge_entity. The single-factor oracle-name condition N restores only the answer hop, 1 and 15, which is the same disqualifier D-020 applied to its condition B and the inverse of D-017, where the oracle name alone produced 1 and 2. The preprocessing reading instead has non-oracle outcome-determinative evidence: probe D shows the normalized date span occurs in exactly one of 4,937 passages and retrieves the answer hop at rank 1 while all other passages score 0.000000; P+E recovers 2067 ranks without oracle content; and P+E+S places both golds in top five at 5 and 1. Exact zero-error reconstruction and per-token decomposition support the implementation mechanism directly, whereas the description-only code characterizes the query's referring form. description_only_bridge_entity is retained as a secondary contributing condition, following D-012 and D-016.",medium-high,false,jointly_reviewed
manual_review_v1,2026-07-17_a,5adc8977554299438c868de2,bm25,5,bridge,What does the goddess associated with the goddess frigg  consists of what tales?,Hlín,7,Norse mythology,not_in_top50,1,single_note,"Observed:
For BM25, “Hlín” is ranked 7 and “Norse mythology” is not in the stored top 50. The gold texts identify Hlín as a goddess associated with Frigg and state that Norse mythology consists of tales of deities, beings, and heroes.

Pooled-corpus passage evidence:
Rank 1, “Eir,” describes a Norse goddess associated with medical skill and says Eir has been theorized as a form of Frigg. Rank 3 describes Nanna and includes a gift for Frigg. Rank 4 discusses Sága and a proposed connection to Frigg. Rank 5 describes Frigg’s dwelling Fensalir. These are genuine Frigg- or Norse-related passages, but none contains the gold “Norse mythology consists of tales…” statement. The exact Hlín passage appears at rank 7.

Comparison-retriever evidence:
Dense ranks “Hlín” first and “Norse mythology” eighth. It identifies the intended Frigg-associated goddess at the top and retrieves the answer-bearing mythology passage within the top 10.

Assessment and uncertainty:
The question is grammatically malformed and admits competition from several Frigg-associated or Frigg-related entities, as the retrieved texts demonstrate. BM25 retrieves the intended entity just below the cutoff but misses the general mythology passage. This case combines a bridge-retrieval failure with question ambiguity.",,Hlin is at rank 7 and Norse mythology is absent from the stored top 50; several Frigg-related goddesses and places occupy high ranks.,The intended entity narrowly misses cutoff and the general answer passage is missing.,"Other deities and concepts have legitimate associations with Frigg, making the malformed clue non-unique.",Dense retrieves Hlin at rank 1 and Norse mythology at rank 8.,Malformed wording permits several Frigg-related interpretations while BM25 fails to connect the intended goddess to the general mythology passage.,The ambiguity may be more important than a retriever-specific defect; the intended semantics of 'consists of what tales' are unclear.,minimal_preprocessing_score_distortion,surface_form_tokenization_mismatch; generic_term_lexical_crowding; repeated_function_word_amplification; gold_chain_substitutability; description_only_bridge_entity,jointly_reviewed_validated_revised,"Validated with revision under D-034. Exact reconstruction of the 4,937-passage pooled BM25 index reproduces all 50 stored top-50 titles in order, 0 of 50 mismatched, with a maximum absolute score error of 0.000e+00, and every per-token decomposition reconciles against get_scores within 1.421e-14, so strong causal claims are supported. Complete-corpus ranks are 7 / 33.382868 for Hlin, which supplies the bridge fact that the goddess associated with Frigg belongs to Norse mythology, and 72 / 17.155303 for Norse mythology, which supplies the answer fact that it consists of tales of various deities, beings and heroes. Pit 7 applies: the stored window records the second passage as not_in_top50, but it sits at 72 of 4,937. The rank-5 score is 34.644248, so the first required passage sits 1.261380 points, or 3.641 percent, below the cutoff and the second sits 17.488945 points, or 50.482 percent, below it; the successive differences from rank 1 to rank 10 are 1.492919, 3.224170, 0.967934, 1.461482, 0.480356, 0.781024, 2.525275, 3.247083 and 1.188520, so no cliff separates the cutoff region from the nearer passage.

Two hundred and one distinct labelled conditions were run on the same unchanged candidate set, eighteen of them deliberately repeated under a second label with every repeat reproducing its original bit for bit, for 219 recorded rows in derived/case_results, of which three are cells recorded as not_run with reasons. No per-family breakdown of that total is given here because the families overlap; the record is the enumeration. They cover a full P x E x S x T factorial with M extensions; one-sided controls splitting P, E and M into their query-side and document-side halves and crossing the split with S and T; single query-word deletions judged on the whole 4,937-passage ranking rather than on the two gold ranks; reduced-query probes and reverse cue-deletion probes in both directions; per-side reachability probes; an A x B x C wording-repair factorial run twice, once at baseline preprocessing and once under both-sided boundary normalization, plus fluent-repair conditions; all four corpus-setting cells including two statistics grafts; index-side removal probes with three cumulative ladders, complement controls, size-matched null controls and statistics-matched controls, run both at baseline and at the repaired baseline; gold-targeted single-fact controls with null controls; surface repairs in their gold-targeted, corpus-wide, generic-analyzer and query-aware forms; a name-free ceiling search; and oracle conditions.

The decisive mechanical fact is that one class of missing normalization disables one required passage on the query side and the other on the document side. On the query side the question's final token tales? occurs in 0 of 4,937 passages and contributes exactly 0.000000 to every one of them; deleting it leaves the whole 4,937-passage order 0 of 4937 changed at a maximum absolute score difference of 0.000000. Its corpus form tales occurs in 9 passages, one of which is the answer passage, and normalizing that one token and nothing else moves the answer passage from 72 / 17.155303 to 15 / 24.166533, worth 7.011230 points, which is exactly the score the single-token query tales gives it at 4 / 7.011230. On the document side the bridge passage writes the queried name only as Frigg., twice, so the query's bare frigg, at an idf of 6.631596 and a document frequency of 6, contributes 0.000000 to the one passage that is definitionally about Frigg while four of the six passages above it take 4.748132, 6.141557, 6.660782 and 6.795970 from that same token. Stripping those two periods inside that passage alone moves it from 7 / 33.382868 to 1 / 43.747308, worth 10.364441 points, which matches the 10.364435 that the single-token query frigg gives it on the repaired index to 6e-06; repairing only the first period gives 2 / 40.997962. Unlike D-033 the deployable form costs nothing: the same repair applied corpus-wide touches only 2 passages, Hlin and Frigg gas field, and gives 1 / 43.747301. The unnormalized token is a net liability at baseline, deleting frigg from the question moving the bridge passage from 7 to 4.

The two sides act on different required passages and conflict on one of them, which is a fourth shape for pits 19p, 19v and 19ac. Query-side normalization alone is exactly inert on the bridge passage at 7 / 33.382868 and moves the answer passage to 15 / 24.166533; document-side normalization alone moves the bridge passage to 1 / 43.328448 and moves the answer passage the wrong way, to 79 / 16.935628; both sides together give 1 / 43.328448 and 18 / 23.247555, better than either on one hop and worse than the query side alone on the other. The text-level and index-level forms of the factor agree on 0 of 4937 positions at a maximum absolute delta of 0.000e+00. M is negative on the answer hop at 7 / 33.284521 and 93 / 16.429717, and each one-sided half of it is catastrophic at 3857 / 8.532076 and 3857 / 8.533660, which is pit 19ac in its purest form. E moves 872 passages and neither gold. T is inert to negative at 8 / 33.521272 and 77 / 17.172945 and at 1 / 43.510531 and 19 / 23.277873 under P; neither gold's title is a token of the question, so pit 19q's trigger does not fire, and it was measured anyway.

The wording defect the provisional primary named is measured and is not the mechanism. The A x B x C repair factorial, where A restores subject-verb agreement, B deletes the redundant leading What does and C collapses the double space, leaves the bridge passage at exactly 7 / 33.382868 in all eight cells at baseline preprocessing and at exactly 1 / 43.328448 in all eight cells under both-sided normalization. On the answer hop the grammatically correct repair is the worst cell, 545 / 12.232081 at baseline and 60 / 18.333932 under P, because the corpus writes consists in 60 passages against consist in 9 and the answer passage's only content match is that token; the only positive wording factor is deleting the interrogative frame, at 25 / 17.155303 and 12 / 23.247555. C is exactly inert, as lower().split() guarantees. What does move the answer passage is a content addition rather than a wording repair: adding the generic category word mythology gives 7 / 37.292516 and 8 / 35.734170, which is the D-031 abbey shape and is not deployable under pit 19ab.

Crowding is real, is produced by the question's own referent cue, and is determinative only after the preprocessing repair. Both directions of pits 19f and 19i agree and both identify the category token rather than the name: forward, the referent cue alone places 5, 6, 9 and 10 of its top ten inside the baseline top 5, 6, 10 and 16, goddess alone places 5, 6, 8 and 10 and frigg alone only 3, 4, 6 and 6, while the interrogative frame alone places 0, 0, 1 and 3; in reverse, deleting both occurrences of goddess leaves 0, 0, 1 and 5 while deleting frigg leaves the neighbourhood untouched at 5, 6, 8 and 10. At baseline the crowding cannot be outcome-determinative on the answer hop at all: dropping every one of the 70 non-gold passages above it still leaves it at 14 / 17.293278. Under both-sided normalization the same cell gives 1 / 52.744000 and 2 / 23.271751, so pit 19af's finding that a family probe's verdict depends on which baseline it runs against extends to pit 19u's own cell. On the bridge hop the family probe is clean and purely positional at baseline: dropping the five Frigg-naming passages above it gives 2 / 35.283477, the complement control 6 / 33.699777, a size-matched null control 7 / 33.431527, and the statistics-matched control 2 / 33.382868 with the score unchanged to the last digit.

Corpus setting is provenance and is recorded under D-003, not promoted. Pooled any@5 and full@5 are 0 and 0 at 7 and 72; per-question they are 1 and 0 at 10 and 1, so the two settings disagree on any@5 and the passage that wins in the small index is the other gold. All four cells of pit 19r were run: the index rebuilt on the item's ten paragraphs reproduces the stored per-question order title by title at 10 / 2.811824 and 1 / 4.597127, the pooled scores restricted to the same ten give 7 and 10, grafting pooled idf and pooled avgdl back reproduces that at 7 / 33.382868 and 10 / 17.155303, and grafting pooled idf alone while keeping the per-question avgdl of 100.300000 gives 7 / 34.136404 and 10 / 17.459327 with the same title order, so avgdl carries none of the flip and idf carries all of it, as in D-028, D-032 and D-033. The mechanism is that the ten-document index collapses frigg, goddess, of and the to the epsilon floor of 0.380244 and associated, does, what and with to 0.000000 while keeping consists at 1.845827, and consists is exactly the token the answer passage has and the bridge passage lacks. Of the three paths, new competitors is impossible on the bridge hop, all 6 passages above it coming from this item's own window and 0 from pooling, and fails on the answer hop, 62 of the 70 above it being pooling-introduced but dropping exactly those giving 21 / 17.298833 rather than 1; the annotator-supplied path holds strongly, 7 of the item's 8 distractors being Frigg-related Norse mythology entries occupying pooled ranks 1 to 6 and 8.

Comparison-retriever evidence is bounded under pit 16: Dense places the two required passages at 1 and 8 pooled and at 1 and 6 per-question. That shows only that both passages are reachable on another backend; the two scales are not comparable, the Dense run of this example_id is not an analytical unit, and no Dense figure is used as a cause of the BM25 outcome.

Uniqueness and substitutability were checked by full-corpus substring scan. Exactly one passage states what Norse mythology consists of, the answer gold itself, and exactly one contains the answer string various deities, so the answer hop has no substitute and there is no complete non-gold answer and no complete alternative chain. The bridge hop is different: six non-gold passages mechanically name Frigg, goddess and Norse mythology, of which two fail on read text, Fensalir being a location rather than a goddess and Nanna being associated with the god Baldr, and four supply the same intermediate fact under the same evidentiary standard the gold uses, Eir at 1, Saga and Sokkvabekkr at 4, Gna and Hofvarpnir at 6 and Fulla at 10. The standard is identical because the bridge gold's own claim is of the same kind, Hlin has been theorized as possibly another name for Frigg against Eir has been theorized as a form of the goddess Frigg. Two of the four sit inside the cutoff.

Not-run cells, with reasons. The possessive-clitic factor of D-030 was not run because no query token ends in a clitic and pit 25i's manual check of the bare stems confirms the normalization ladder has nothing to miss here. The dilution gate and its length-matched control curve were not run because the first inclusion condition requires a verified mean-pooled encoder, so the descriptor is inapplicable on a lexical backend, as in D-028, D-030, D-032 and D-033. No Dense factorial was run because the unit key names bm25. Query splitting was not run because pit 19o requires it on comparison units and this is a bridge unit.

Attribution boundary. The bridge hop's failure is attributed in full to the document-side surface form, priced three ways that agree: a gold-targeted repair, its corpus-wide deployable form and a single-token query on the repaired index. The answer hop's failure is not attributed to any single factor: the query-side dead token is worth 57 rank positions, the repeated function words 35, and the query-definable family removal 7 more once the preprocessing is repaired, and the three are co-necessary. No condition of any kind, including the oracle condition that appends both gold titles at 1 / 57.097842 and 8 / 39.569089, places the answer passage inside the cutoff without an index-side removal. This unit's any@5 failure is therefore attributed and its full@5 failure is not.","Resolved for this validation pass in favour of minimal_preprocessing_score_distortion, with four boundaries recorded rather than closed and no new descriptor registered, the sixth consecutive decision to create no name after D-029, D-030, D-031, D-032 and D-033, and the second in a row to delete all three of a row's provisional names. First, this is the ninth unit for a primary already flagged as possibly too broad and it adds no new sub-mechanism, boundary punctuation being the oldest of the six; what it adds is the second instance of D-033's two-sided shape, one class of missing normalization producing a query-side false negative for one required passage and a document-side one for the other, and the first instance in which the deployable form of the document-side repair costs nothing, the corpus-wide version touching only 2 passages and giving 1 / 43.747301 against the gold-targeted 1 / 43.747308. Whether the primary should be narrowed remains the open audit question and this unit widens the sample rather than settling it. Second, cross_passage_conjunction_unresolved is the closest competitor and two of the three legs of the D-022 and D-024 evidence set hold, the matched content-token sets being disjoint and per-side reachability holding at rank 1 from each gold's own title, while the opposite-sign leg is weaker than in any prior application at 3 of 22, against 4 of 19 in D-026 which cited that weakness as one of three grounds for rejection and 8 of 22 in D-031 which recorded it as not carrying the decision. It is refused on the D-028 route of pit 19s, since a condition that supplies no intermediate fact and performs no cross-passage reasoning, both-sided boundary normalization plus scaffold removal plus an index-side removal of the 7 non-gold passages naming Frigg, a set definable from the query alone, places both required passages inside the cutoff at 1 / 40.778471 and 5 / 11.221051. Third, cutoff_sensitive_near_miss is withheld at 3.641 percent, which lies inside the accepted band, and it is withheld on the no-substitute condition rather than on the gap: the near passage has evidence-bearing substitutes inside the cutoff at 1 and 4, which is the ground on which D-015 removed this descriptor and the condition every adoption since D-022 has checked. This is the first time the descriptor is withheld at a percentage inside the accepted band, and because the ground is substitutability and not the gap it moves no band edge; whether a non-gap withholding should be allowed to leave the bands untouched is registered as a vocabulary-audit question. Fourth, generic_query_scaffold_score_inflation's second exclusion fires for the first time in this pass, in the opposite direction from D-033 where the same experiment was run and the exclusion did not fire: deleting only the second occurrence of each repeated scaffold token gives 7 / 29.473219 and 37 / 13.077942, worth 0 rank positions on one required passage and 35 on the other, while deleting the three non-repeated scaffold tokens instead gives 6 / 32.670088 and 77 / 13.077942, worth 1 and minus 5, so the repeated occurrences are the material mechanism and the sibling entry takes the unit. The two units are the boundary samples that pair needs. Separately, one new pit is recorded in the handoff: pit 19af's dependence on the baseline extends to pit 19u's own cell, since dropping every non-gold above the answer passage gives 14 / 17.293278 at baseline and 1 / 52.744000 and 2 / 23.271751 after the preprocessing repair, so reading only one of the two states inverts the conclusion about whether any crowding descriptor can be primary.",minimal_preprocessing_score_distortion,cross_passage_conjunction_unresolved,"Prefer minimal_preprocessing_score_distortion over cross_passage_conjunction_unresolved. Step one: under pit 13 meeting an inclusion rule does not decide the tie, and both candidates meet theirs. The conjunction reading's legs are checked individually. The matched query-token sets are disjoint in content, the bridge passage matching associated, goddess, the and with and the answer passage consists, of and the, so they meet only in the scaffold token the. Per-side reachability holds at rank 1 from each gold's own title, 1 / 14.707262 and 1 / 22.413786. The opposite-sign leg is the weakest recorded in any application of this name, 3 of 22. Step two: the preprocessing reading is priced exactly and each price is independently confirmed by a second measurement. The question's final token tales? occurs in 0 of 4,937 passages, contributes exactly 0.000000, and deleting it leaves the whole ranking 0 of 4937 changed at a maximum absolute difference of 0.000000; normalizing it is worth 7.011230 points on the answer passage, bit-identical to the score the single-token query tales gives it. The bridge passage's own copy of the queried name is unmatchable, written only as Frigg. twice, and repairing it is worth 10.364441 points and 6 rank positions, matching the single-token query on the repaired index to 6e-06. Step three: a single deployable non-oracle factor flips this unit's any@5 outcome and no other candidate does, both-sided boundary normalization giving 1 / 43.328448 and 18 / 23.247555. Step four: the conjunction reading is refused on the D-028 route of pit 19s. Both-sided normalization plus scaffold removal plus an index-side removal of the 7 non-gold passages naming Frigg, a set definable from the query without knowing which passages are gold, gives 1 / 40.778471 and 5 / 11.221051; widening the family to the 10 non-gold passages carrying goddess gives 1 / 44.308999 and 2 / 11.219467; the size-matched null control gives 1 / 35.981180 and 9 / 11.452994, the complement control 1 / 35.931195 and 9 / 11.223968, and the cumulative ladder crosses the cutoff at the seventh removal at 1 / 40.778471 and 5 / 11.221051. None of these supplies an intermediate fact or performs cross-passage reasoning, so the inability to carry a fact between passages cannot be the binding constraint. In D-022, D-024, D-025 and D-031 no such condition existed. Step five: the crowding readings cannot take the primary. generic_term_lexical_crowding's inclusion rule is met on read text by all six passages above the bridge passage, each earning 16.552392 to 21.498698 from goddess and none supplying a complete alternative answer, but its deferral clause fires because both directions of pits 19f and 19i assign the family to the question's own referent cue, and at baseline the family cannot be outcome-determinative on the answer hop at all, dropping all 70 non-gold above it leaving 14 / 17.293278. related_name_document_crowding is refused because the family is not name-driven: deleting frigg from the question leaves the neighbourhood at 5, 6, 8 and 10 of the baseline top 5, 6, 10 and 16, while deleting goddess collapses it to 0, 0, 1 and 5. Step six: the remaining readings are excluded on measurement. question_wording_ambiguity, the provisional primary, is not registered and is deleted: it names a defect of the question rather than a retrieval mechanism, which is what pit 17 warns against, and the full A x B x C factorial run in both preprocessing states leaves the bridge passage at exactly 7 / 33.382868 and exactly 1 / 43.328448 in all sixteen cells while the grammatically correct repair is the worst cell on the other hop at 545 / 12.232081. competing_valid_entity_cues is deleted as a duplicate, on the test D-031 used to delete subject_associate_crowding and D-033 used to delete cross_entity_relation_unresolved: the crowding half of it is generic_term_lexical_crowding, the alternative-referent half is gold_chain_substitutability, and it is not outcome-determinative, since the bridge passage ranks 1 above every one of those valid competitors once the document-side surface form is repaired. general_answer_passage_missing is deleted on two independent grounds: it states gold missingness, which pit 17 and D-003 forbid as a causal category, and it is factually wrong, the answer passage being present at 72 of 4,937 under BM25 and 8 under Dense. cutoff_sensitive_near_miss is withheld on the no-substitute condition, not on the gap. generic_query_scaffold_score_inflation is withheld under its own second exclusion, the repeated occurrences being the material half. same_topic_passage_distractor is withheld as a duplicate description of the same family. gold_chain_not_unique is inapplicable, no complete alternative chain existing because the answer fact occurs in exactly one passage. peripheral_passage_content_dilution is inapplicable on a lexical backend. compound_two_sided_crowding is excluded under pit 19h, one family sitting above both required passages. Failure layer: implementation. Not method, because a deployable normalization recovers the bridge passage completely and takes the answer passage from 72 to 18. Not corpus setting, because all three pooling paths are measured, the idf-scale path is isolated cleanly and the new-competitor path fails on its own. Not evaluation, because the answer fact has no substitute anywhere in the corpus.",medium-high,false,jointly_reviewed
manual_review_v1,2026-07-17_a,5add67915542992200553af8,dense,5,bridge,What was the nickname of the hitman hired by an Italian American Criminal Organization?,Philadelphia crime family,7,Salvatore Testa,12,1,single_note,"Observed:
For dense retrieval, “Philadelphia crime family” is ranked 7 and “Salvatore Testa” is ranked 12. The first gold text identifies the organization as Italian American; the second identifies Testa as its hitman and gives his nickname as “The Crowned Prince of the Philadelphia Mob.”

Pooled-corpus passage evidence:
Ranks 1–3 and 6 describe members or leaders of the Sicilian Mafia. Rank 4, “Antonio Cottone,” gives the nickname “U Patre Nostru” but describes a member of the Sicilian Mafia, not a hitman hired by an Italian American organization. Rank 5, “Joseph LoPiccolo,” describes an American criminal associated with organized-crime families but does not provide the Philadelphia organization–hitman relation. These passages are crime- and nickname-related but do not answer the specific question.

Comparison-retriever evidence:
BM25 ranks “Salvatore Testa” third and “Philadelphia crime family” twenty-ninth. It retrieves the answer-bearing biography in the top five but leaves the organization classification much lower.

Assessment and uncertainty:
The dense top results show competition from closely related Mafia biographies and nicknamed figures, while the exact Philadelphia relation falls below the cutoff. This supports a relation-specific ranking failure rather than a lack of broadly relevant organized-crime content.",,Philadelphia crime family is at rank 7 and Salvatore Testa at rank 12 behind other Mafia members and nicknamed figures.,Both gold passages are retrieved below cutoff.,Closely related Sicilian Mafia biographies satisfy crime and nickname semantics but not the Philadelphia organization-to-hitman relation.,BM25 retrieves Salvatore Testa at rank 3 but Philadelphia crime family at rank 29.,Same-domain biographies crowd the semantic neighborhood while the specific organization-member relation remains underweighted.,The ranks do not isolate whether organization identity or nickname evidence is the weaker relation cue.,description_only_bridge_entity,peripheral_passage_content_dilution; generic_person_semantic_neighborhood; same_topic_passage_distractor,jointly_reviewed_validated_revised,"D-035 validation of `5add67915542992200553af8|dense`, queue item 22, a Xin-only Dense bridge unit. Content-equivalent to the D-035 decision-log entry.

Question and required evidence. `What was the nickname of the hitman hired by an Italian American Criminal Organization?` `Philadelphia crime family` states that the Philadelphia crime family is an Italian American criminal organization based in Philadelphia, Pennsylvania. `Salvatore Testa` states that Salvatore Testa was nicknamed The Crowned Prince of the Philadelphia Mob and served as a hitman for the Philadelphia crime family. The answer is that nickname. The question contains no proper name for either required entity and no proper name at all: the organization is identified only by a category description and the answer entity only by a role and a relation to it. This is the first unit in the section 7A pass whose question names nothing.

Verified implementation. `all-MiniLM-L6-v2`, a symmetric bi-encoder; only paragraph text is encoded and titles are excluded; explicit row-wise L2 normalization, so a dot product is a cosine; mean pooling with a 256-token limit; no reranker and no cross-passage inference. The tokenizer lower-cases and strips accents, so case and accent factors are identity operations and were not spent as factors. Cosine carries no collection statistic, and that fact governs the whole diagnostic.

Exact reconstruction. Re-encoding the read-only 4,937-passage pooled corpus reproduces all 50 stored top-50 titles in order, 0 of 50 mismatched, at a maximum absolute score error of 2.980e-07, so strong causal claims are supported. Complete-corpus ranks are 7 / 0.438223 and 12 / 0.406772 against a rank-5 score of 0.476272. Both required passages are inside the sequence limit at 120 and 82 model tokens, so truncation is excluded; the question is 18 tokens. 196 distinct labelled conditions were run on the same unchanged candidate set, 5 of them deliberately repeated under a second producer with every repeat reproducing its original bit for bit, plus 4 `not_run` cells with reasons. The reproduction script carries 154 assertions and all pass.

Every index-side removal probe on this backend is an arithmetic identity, not only the drop-everything cell. Because cosine has no collection term, removing documents leaves every score unchanged, so a removed set's outcome is fully determined by how many of the removed passages ranked above the gold. Nine removal cells were checked against the prediction `rank_after = rank_before - |removed and ranked above it|`: the 7 person biographies give 1 / 5, the 3 organization pages 7 / 9, the 6 Sicilian biographies 2 / 6, the best-ranked 7 above the answer hop 1 / 5, the worst-ranked 7 above it 4 / 5, a random 7 above it 2 / 5, a different random 7 above it 4 / 5, all 10 above it 1 / 2, and 7 passages ranked below it 7 / 12. All nine agree exactly, every score is bit-identical to the baseline, and two different random subsets of the same pool give the same answer-hop rank. Pit 19y records that the drop-everything cell is an identity and offers the family probe with a complement control as the discriminating alternative; that alternative is an identity too, the family and its complement differing only in size. This is registered as a vocabulary-audit question about how family probes were read on the earlier Dense units and is not a re-judgment of any landed decision. The consequence for this unit is direct: no crowding reading can take the primary, because the only causal evidence form available to it produces counts rather than effects. The cumulative ladder over the ten, 6 / 11, 5 / 10, 4 / 9, 3 / 8, 2 / 7, 1 / 6, 1 / 5, 1 / 4, 1 / 3 and 1 / 2, is read as a count as well: 7 of the 10 must go before both enter the cutoff.

The discriminating Dense evidence is the query-side cue test, because it changes the scores, and it is decisive in both directions. Comparing each state's top ten against the baseline top ten and against the 7-passage person family: the referring description alone gives 9 and 6, deleting the whole description gives 0 and 0, deleting only its demonym half gives 2 and 1, the answer frame `nickname of the hitman` gives 0 and 0, the question frame alone gives 0 and 0, and the best non-oracle state gives 7 and 4 against the baseline's own 10 and 7. The competing family is produced by the question's referring description and by nothing else, which is what pits 19f and 19i ask and what the third exclusion of `question_frame_semantic_crowding` routes to the primary mechanism.

A 16-cell factorial on the referring expression, every cell non-oracle. `I` keeps `Italian`, `A` keeps `American`, `C` writes `Mafia crime family` in place of `Criminal Organization`, `G` inserts `gangster`. P[IA--] is the question itself and reproduces 7 / 0.438223 and 12 / 0.406772. The other fifteen: P[IA-G] 7 / 0.496649 and 9 / 0.483800; P[IAC-] 3 / 0.607513 and 13 / 0.493241; P[IACG] 3 / 0.609495 and 11 / 0.516003; P[I---] 9 / 0.427975 and 13 / 0.406516; P[I--G] 8 / 0.492468 and 9 / 0.485390; P[I-C-] 5 / 0.598532 and 12 / 0.493266; P[I-CG] 5 / 0.603182 and 10 / 0.516186; P[-A--] 20 / 0.313033 and 10 / 0.352700; P[-A-G] 9 / 0.408186 and 2 / 0.452920; P[-AC-] 1 / 0.578255 and 7 / 0.489991; P[-ACG] 1 / 0.581736 and 6 / 0.511005; P[----] 15 / 0.314556 and 5 / 0.371287; P[---G] 8 / 0.416667 and 2 / 0.472123; P[--C-] 1 / 0.585624 and 4 / 0.510640; P[--CG] 1 / 0.586023 and 5 / 0.526723. Only the last two recover both.

Single-factor effects, as mean rank deltas over the other three factors. `I` gives -1.12 on the bridge passage and +6.00 on the answer passage; `A` gives -0.12 and +1.25; `C` gives -7.88 and +0.75; `G` gives -2.38 and -2.75. Three of the four factors carry opposite signs on the two required passages, and the factor that discriminates the question's own constraint, `American`, is very nearly inert.

Interaction effect. The two defects of the referring expression bind on different required passages and neither repair alone is enough: changing only the head noun gives 3 / 13, deleting only the demonym gives 15 / 5, doing both gives 1 / 4. The head-noun change serves the bridge passage and costs the answer passage a position; the demonym deletion serves the answer passage and costs the bridge passage eight. The demonym's sign on the bridge passage reverses with the head noun, 7 / 12 becoming 20 / 10 under `Criminal Organization` and 3 / 13 becoming 1 / 7 under `Mafia crime family`, which is pit 12 on the query side.

The partition that decides the tie-break. Of every labelled query condition that keeps `Italian American Criminal Organization` verbatim, the ones that put both required passages inside the cutoff are appending `Philadelphia` at 1 / 0.554958 and 2 / 0.499144, appending `Philly` at 1 / 0.561057 and 3 / 0.495821, appending the bridge title at 1 / 0.656474 and 3 / 0.516396, appending both titles at 2 / 0.613032 and 1 / 0.634903, adding `in Philadelphia` at 1 / 0.551362 and 2 / 0.503404, and appending the answer string at 2 / 0.600663 and 1 / 0.676290. Every one is an oracle injection and there is no non-oracle condition among them. The non-oracle conditions that do recover both are `mafia hitman` at 2 / 0.473937 and 3 / 0.468212, P[--C-], P[--CG], `What was the nickname of the mafia gangster hitman?` at 5 / 0.478093 and 2 / 0.508918, `What was the nickname of the mafia hitman?` at 4 / 0.478172 and 2 / 0.490345, the American-Mafia rewrite at 1 / 0.566312 and 5 / 0.515729, and `United States Mafia hitman nickname` at 2 / 0.469649 and 5 / 0.408042: seven conditions, every one of which replaces the referring expression, and not one of which keeps the demonym `Italian`. The constraint-preserving variant that changes only the head noun gives 3 / 13 and fails, so there is no constraint-preserving non-oracle repair and none of the seven is deployable.

The single-factor oracle-name test passes in five forms with both preconditions checked. The D-024 precondition of pit 19g holds and was checked before the verdict was read: the bridge title alone ranks its own passage 1 / 0.706333 and lifts the other required passage to 5 / 0.440004, both inside the cutoff, which is D-026's strongest form, and the answer title alone ranks its own passage 1 / 0.545298. The D-030 degeneracy check of pit 24b is passed rather than merely recorded: the gain is carried by a token absent from the question, appending `Philadelphia` alone giving 1 / 0.554958 and 2 / 0.499144 while appending `crime family` alone gives 1 / 0.564744 and 14 / 0.425469 and appending `Pennsylvania` gives 1 / 0.488966 and 10 / 0.406492. This is the twelfth application of the test and its sixth pass.

The required passage states the question's referring description verbatim, that description is near-unique in the corpus, and it is still not discriminative. The bridge passage's indexed body contains `is an Italian American criminal organization` word for word, and exactly 2 of 4,937 passages contain that string, the bridge gold and `Los Angeles crime family` at 10 / 0.416292. Reduced to that description alone the query ranks the bridge passage 1 / 0.541525; inside the full question it ranks 7 / 0.438223. This is a new form for the adopted descriptor: previous uses recorded an anchor that was absent or one that was unusable, and here the descriptive substitute is present, verbatim, nearly unique, and still insufficient. The description is also a net liability for the other required passage: deleting the demonym compound moves the answer passage from 12 / 0.406772 to 5 / 0.371287 while moving the bridge passage from 7 / 0.438223 to 15 / 0.314556, and deleting the description entirely moves the bridge passage to 1650 / 0.087429 and leaves the answer passage at 12 / 0.313102.

Three single-fact controls under pit 19z, against three null controls that reproduce the baseline bit for bit. Deleting `an Italian American criminal organization` from the bridge passage moves it to 12 / 0.406714, worth 5 rank positions and 0.031509 points. Deleting the whole nickname clause from the answer passage moves it to 6 / 0.463775, so removing the answer improves the passage by 6 rank positions and 0.057003 points. Deleting only `for the Philadelphia crime family` gives 12 / 0.407196, worth 0 rank positions, and deleting the hitman clause gives 16 / 0.377405. Rewriting the answer passage to name its employer the way the question does gives 7 / 0.449149, still outside the cutoff, and appending the question's organization phrase to it gives 7 / 0.442143. Replacing every `Philadelphia` in the bridge passage gives 23 / 0.347247 and in the answer passage 16 / 0.381008.

The gold-side ceiling is 1 and 7, so no index-side repair of the required passages is enough. Reducing both to their query-relevant cores gives 1 / 0.585251 and 7 / 0.460718; the best non-oracle query with the passages untouched gives 1 / 0.585624 and 4 / 0.510640; the two together give 4 / 0.512778 and 2 / 0.547486. The query-side change is necessary and sufficient, the passage-side change neither.

The dilution gate passes on both required passages, and passing it required decontaminating the controls word by word. All four inclusion conditions hold. The contract is verified from implementation. The controlled ablation materially improves both: the bridge passage reaches 1 / 0.585251 at 10 words and 2 / 0.501900 at 14 words, the answer passage 6 / 0.460718 at 20 words. The length-matched controls that retain only non-query-relevant material and keep the entity name do not improve either: on the bridge passage 67 / 0.268422 at 16 words, 61 / 0.271585 at 11 words, 16 / 0.377309 at 22 words and 100 / 0.244156 at 24 words; on the answer passage 23 / 0.348350 at 12 words, 42 / 0.298109 at 17 words, 26 / 0.338078 at 10 words and 27 / 0.331535 at 20 words. Both passages sit inside the sequence limit. Two controls did improve the rank and had to be decontaminated at the level of single words: the bridge passage's alias list gives 6 / 0.466902 at 16 words and removing only `Mafia` and `Mob` from that same control gives 11 / 0.407230 at 18 words; the answer passage's gangster clause gives 7 / 0.445466 at 14 words and removing only `gangster` gives 23 / 0.350442 at the same 14 words. Pit 19l requires a control to keep the entity name; this unit adds that a control must also be stripped of every query-relevant word, not only of every query-relevant sentence. A construction boundary is recorded rather than papered over: on both passages the query-relevant material is embedded inside a sentence, an appositive list on one and a relative clause on the other, so a sentence-level verbatim subset is not constructible and only word-level subsets were available, the same limit D-029 recorded for a parenthetical.

The title-indexing condition is inert to negative and it undoes a recovery. T alone gives 7 / 0.428354 and 12 / 0.401174, worse on both; applied on top of the best non-oracle query it gives 1 / 0.568534 and 6 / 0.500008, turning 1 / 4 into a failure. Neither required title is the question's anchor, the question having no anchor at all.

Per-side reachability holds and holds under non-oracle queries: the description with the mafia head noun ranks the bridge passage 1 / 0.723205 and the single word `gangster` ranks the answer passage 2 / 0.437038. `mafia` alone gives 1 / 0.618731 and 17 / 0.353613, `hitman` alone 1599 / 0.084070 and 33 / 0.251615, `nickname` alone 660 / 0.133528 and 123 / 0.196047, and `nickname of the hitman` 1756 / 0.076803 and 19 / 0.285135.

Corpus setting, recorded as provenance under D-003 and pit 17. Pooled `any@5` and `full@5` are 0 and 0; the official per-question window gives 2 and 6, so `any@5` is 1 and `full@5` is 0, the settings disagreeing on `any@5` only. Rebuilding over this question's own 10 passages gives 2 / 0.438223 and 6 / 0.406772 and reproduces the official window item by item, and `restrict_scores` over the same 10 gives the same order, which is the seventh verification of D-025's Dense restriction property and its strongest form. Of the 10 passages above the answer hop 6 were introduced by pooling, and those 6 are exactly the Sicilian-Mafia biographies, the first unit in which the pooling-introduced set coincides with one readable family; 5 of the 6 above the bridge hop were introduced by pooling. Under the arithmetic identity above, the observation that dropping only the pooling-introduced passages returns exactly the per-question ranks is guaranteed once the window is the corpus restricted to those 10, so it confirms the restriction property rather than measuring a pooling effect; that reading is registered as an audit question and changes no landed decision.

The competing set, read in full rather than from titles. All 6 passages above the bridge hop and 7 of the 10 above the answer hop are biographies of criminals that identify neither required entity: `Calcedonio Di Pisa` 1 / 0.516227, `Antonio Rotolo` 2 / 0.494784, `Angelo La Barbera` 3 / 0.488265, `Antonio Cottone` 4 / 0.488130, `Joseph LoPiccolo (organized crime)` 5 / 0.476272, `Salvatore La Barbera` 6 / 0.455380 and `Gaspare Spatuzza` 9 / 0.423097. Six of these are explicitly Sicilian Mafia members, and 8 of 4,937 passages contain `sicilian mafia`. The remaining 3 are organization or ethnic-body pages in the same subject neighbourhood, each omitting a decisive constraint: `Mexican Mafia` 8 / 0.425303 is a criminal organization but Mexican American, `Los Angeles crime family` 10 / 0.416292 carries the question's referring description word for word but names no hitman and no nickname, and `Italian American One Voice Coalition` 11 / 0.408984 is an Italian American organization but an anti-bias one. The two groups partition the ten exactly.

No substitute and no complete alternative answer inside the cutoff. Exactly 3 passages in the corpus carry a nickname marker together with a hired-killer role and a criminal organization: the answer gold itself, `William Cammisano` 26 / 0.343312 and `Gaspare Spatuzza` 9 / 0.423097. `William Cammisano` is the nearest alternative chain, giving a nickname, an enforcer role and a Kansas City crime family in one passage, but it requires a looser standard than the gold on two counts, `enforcer` rather than a hired hitman and no statement that the organization is Italian American, so the exclusion for a looser interpretation fires. `Gaspare Spatuzza` supplies the role but no nickname. `crowned prince` occurs in 1 of 4,937 passages, `philadelphia crime family` in 2, both of them the golds, `hitman` in 8 and `hit man` in 0.

Comparison retriever. BM25 places the answer passage at 3 and the bridge passage at 29 pooled, and at 2 and 8 per question; both pooled figures lie inside the stored top-50 and are therefore complete-corpus ranks. Under pit 16 this shows only that both passages are reachable on another backend, it is not a cause of the Dense outcome, and the two score scales are not compared. The two backends disagree about which required passage is the easier one.

Not-run cells and attribution boundary. Per-token decomposition and the dead-token ranking diff were not run: cosine yields no token contribution (pit 18), and the query-side substitute used here is whole-token deletion re-ranked over the full corpus. The query-splitting union of pit 19o was not run: it is defined for comparison questions and this bridge question has a single referring expression with no two sides to split. The BM25 preprocessing factors were not run: they are lexical, and on this backend case and accent normalization are identity operations. The statistics-matched control of pit 19ad was not run: it exists because a lexical removal moves `idf` and `avgdl`, and cosine has no collection term, the same fact that makes every removal cell here an identity. Nothing above licenses a claim about which tokens the encoder weighted, attended to or averaged away; the dilution finding licenses only the passage-level statement that removing the named material raises that passage's similarity to that query, and it is a diagnostic rather than a deployable fix because it requires knowing which passage is required. The seven non-oracle recoveries must not be written as repairs, each dropping a stated constraint of the question. The comparison retriever's ranks are not a cause, and the corpus setting is provenance rather than a mechanism.

Evidence layers. Observed: the complete-corpus ranks and scores, the 196 conditions, the full text of every passage above either required passage, and the corpus counts. Verified implementation fact: the encoder contract above, and in particular that cosine carries no collection statistic, which is what makes every index-side removal an identity and what makes case and accent factors identities. Supported interpretation: both required passages are reachable only through the question's description; that description carries two defects which bind on different required passages and interact; no constraint-preserving non-oracle condition recovers both; naming the organization recovers both in five forms. Speculation, explicitly not written into any conclusion: why `Italian` dominates `American` on this encoder, how mean pooling folds four facets into one vector, and whether `Mafia` outperforms `Criminal Organization` because of corpus frequency. All three are token-level attributions that pit 18 forbids without an attribution experiment, and none was run.

Original note. Confirmed: both ranks; that ranks 1 to 3 and 6 describe Sicilian Mafia members, which also holds of ranks 4 and 9; that rank 4 `Antonio Cottone` supplies the nickname `U Patre Nostru` while describing a Sicilian Mafia member; that rank 5 `Joseph LoPiccolo (organized crime)` is an American criminal who does not supply the Philadelphia organization-to-hitman relation; and the BM25 contrast of 3 and 29. Corrected: the note's assessment that the evidence supports a relation-specific ranking failure points the wrong way. The relation is not the weak link: deleting `hitman` from the question moves the answer passage from 12 / 0.406772 to 28 / 0.336713, and the answer passage's own statement of the relation is worth 0 rank positions at 12 / 0.407196. The weak link is the question's descriptive reference to the organization. Deepened: the note does not record that the bridge passage states the question's referring description verbatim while only 2 of 4,937 passages contain that string, nor that deleting the answer clause from the answer passage improves its rank by 6 positions.","Resolved for this validation pass in favour of description_only_bridge_entity, with five boundaries recorded rather than closed and no new descriptor registered, the seventh consecutive decision to create no name after D-029, D-030, D-031, D-032, D-033 and D-034. First, and this is the boundary that reaches furthest beyond this unit: on a bi-encoder every index-side removal probe is an arithmetic identity, not only the drop-everything cell that pit 19y already treats as one. Cosine carries no collection statistic, so removing documents leaves every score unchanged and a removed set's outcome is fully determined by how many of the removed passages ranked above the gold. Nine cells were run against that prediction and all nine agree exactly with every score bit-identical, and two different random 7-passage subsets of the same pool give the same answer-hop rank of 5. Pit 19y offers the family probe with a complement control as the discriminating alternative, but that alternative is an identity too, because the family and its complement differ only in size. How the family probes on the earlier Dense units should be read in the light of this is a vocabulary-audit question and not a re-judgment of any landed decision; the log is append-only and each of those decisions carries other evidence. Second, this is the fourth validated primary use of description_only_bridge_entity and its first in which the descriptive substitute is present in the required passage verbatim, is near-unique in the corpus at 2 of 4,937 passages, and is still not discriminative; earlier uses recorded an anchor that was absent or one that was unusable. Whether an absent anchor, an unusable one and an insufficient verbatim description belong under one descriptor is the question D-029 registered and D-034 gave a second sample of, and this unit is the third sample. Third, the already-registered audit question about that entry's definition recurs: it is worded no unique anchor for lexical retrieval while all four of its primary uses are Dense. Fourth, the dilution gate passes on both required passages, but only after the length-matched controls were decontaminated at the level of single words rather than sentences; on both passages the query-relevant material is embedded inside a sentence, so a sentence-level verbatim subset is not constructible and only word-level subsets were available, the same construction limit D-029 recorded for a parenthetical. Fifth, cutoff_sensitive_near_miss is withheld on the D-025 split rule, so no band edge moves, and 7.989 percent becomes the first measured figure to fall strictly inside the never-decided band of 5.464 to 9.431 percent; it is recorded as measured but not band-setting, the treatment given to D-024's 5.698 percent and D-034's 3.641 percent. That entry has always weighed the cumulative removal ladder as counter-evidence, and on a bi-encoder that ladder is an arithmetic identity, so whether it should have been read as counter-evidence on the earlier Dense units is a further audit question. None of the five is acted on here; boundary work is deferred until all 26 single-note units are validated.",description_only_bridge_entity,cross_passage_conjunction_unresolved,"Prefer description_only_bridge_entity over cross_passage_conjunction_unresolved. Step one: under pit 13 meeting an inclusion rule does not decide the tie, and both candidates meet theirs. Step two: the conjunction reading's legs are checked individually, and they are strong. Per-side reachability holds under non-oracle queries, the referring description with the mafia head noun ranking the bridge passage 1 / 0.723205 and the single word gangster ranking the answer passage 2 / 0.437038. The opposite-sign leg is the strongest recorded in this pass: 8 of 14 single factors carry opposite signs on the two required passages, five of the ten single deletions and three of the four factors of the referring-expression factorial, against 10 of 19 at D-024, 10 of 20 at D-025, 8 of 22 at D-031 and 4 of 19 at D-026. Dense has no matched-token-set leg at all, per D-025. And the first exclusion does not fire, because the answer passage alone does not answer the question, never stating that its employer is Italian American. Step three: it nevertheless loses on two independent grounds that agree in sign. Pit 19s: seven non-oracle conditions that supply no intermediate fact and perform no cross-passage reasoning put both required passages inside the cutoff, namely mafia hitman at 2 / 0.473937 and 3 / 0.468212, the two factorial cells at 1 / 0.585624 with 4 / 0.510640 and 1 / 0.586023 with 5 / 0.526723, the two mafia-gangster rewrites at 5 / 0.478093 with 2 / 0.508918 and 4 / 0.478172 with 2 / 0.490345, the American-Mafia rewrite at 1 / 0.566312 and 5 / 0.515729, and United States Mafia hitman nickname at 2 / 0.469649 and 5 / 0.408042. If carrying a fact across passages were the binding constraint, none of those could work. D-026's measurable criterion for separating exactly these two names: a single anchor lifts both sides, the bridge title alone giving 1 / 0.706333 and 5 / 0.440004, both inside the cutoff, which is the form D-026 used to refuse this name and the opposite of D-025, where the same probe pushed the other side to 2158. The name is therefore not adopted at all, not even as a secondary, which follows D-026. Step four: what carries the adopted primary is a partition of the whole condition set that no earlier unit has been sliced by. Of every labelled query condition that keeps Italian American Criminal Organization verbatim, the ones putting both required passages inside the cutoff are appending Philadelphia at 1 / 0.554958 and 2 / 0.499144, appending Philly at 1 / 0.561057 and 3 / 0.495821, appending the bridge title at 1 / 0.656474 and 3 / 0.516396, appending both titles at 2 / 0.613032 and 1 / 0.634903, adding in Philadelphia at 1 / 0.551362 and 2 / 0.503404, and appending the answer string at 2 / 0.600663 and 1 / 0.676290. Every one is an oracle injection and there is no non-oracle condition among them. Every non-oracle condition that recovers both replaces that expression, and not one of the seven keeps the demonym Italian; the constraint-preserving variant that changes only the head noun gives 3 / 13 and fails. This is the correct slicing of the D-028 refutation path, and it is what distinguishes this unit from D-028, where the refuting condition was index-side and left the query untouched, thereby showing the description as given to be sufficient. Step five: every competing reading is eliminated on its own evidence rather than by preference. Crowding cannot take the primary because on this backend every index-side removal probe is an arithmetic identity, nine of nine cells matching the count prediction with bit-identical scores, so the only causal evidence form available to a crowding reading produces counts; and the query-side test shows the competing family to be produced by the referring description itself, 9 of 10 forward and 0 of 10 from the frame. The gold-side ceiling is 1 and 7, so no index-side repair of the required passages suffices. The title-indexing condition is inert to negative at 7 / 0.428354 and 12 / 0.401174 and turns the best non-oracle recovery of 1 / 4 into 1 / 6. Step six: the primary's own claim is checked against the interaction rather than assumed. The referring expression carries two defects that bind on different required passages, the head-noun change alone giving 3 / 13, the demonym deletion alone 15 / 5 and both together 1 / 4, and the demonym's sign on the bridge passage reverses with the head noun. That is a statement about which description is used, which is inside this descriptor's mechanism, not against it. Failure layer: method, in the retrieval-model sense of pit 17's separation, not implementation, corpus or evaluation. The implementation matches its reference exactly, reconstruction error being 2.980e-07 with 0 of 50 title mismatches; the corpus setting changes any@5 but is provenance; and the evaluation cutoff is withheld as a descriptor on the D-025 split rule.",medium-high,false,jointly_reviewed
manual_review_v1,2026-07-17_a,5ade42b55542992fa25da717,bm25,5,bridge,How many novels are there in the series of novels of which Shadows in Flight is the tenth novel ?,Ender's Game (series),8,Shadows in Flight,15,1,single_note,,"Observed: Target BM25 has Gold 1 (""Ender's Game (series)"") at rank 8 and Gold 2
(""Shadows in Flight"") at rank 15; neither is inside the top 5. Dense has Gold 1
at rank 31 and Gold 2 at rank 1.

Gold evidence status: Both golds below cutoff but retrieved - Gold 1 rank 8,
Gold 2 rank 15. Nothing absent from the stored list.

Retrieved evidence or distractor: BM25's top ranks mix documents matching the
question's generic tokens ""novel""/""series""/""Shadows"" - #1 '""J"" Is for Judgment,'
#3 ""Merlin Book 10: Shadows on the Stars,"" #5 '""Q"" Is for Quarry,'
#6 ""Persistence of Memory,"" #7 ""Lake District Mysteries."" ""Merlin Book 10:
Shadows on the Stars"" is a strong title-token distractor (shares ""Shadows"" and a
book-series framing) that outranks the correct ""Shadows in Flight."" The two
golds are retrieved but sit at 8 and 15, below several surface-similar but
non-gold book titles.

Relevant comparison-retriever evidence: Dense actually does worse on the series
article (rank 31) while nailing ""Shadows in Flight"" at #1; so for this query
BM25 is the stronger retriever on the series side, and neither method places
both golds in the top 5.

Possible reason: For BM25, common book-series/novel vocabulary and a
""Shadows""-titled near-duplicate distractor appear to depress both golds just
below cutoff; the failure is moderate ranking suppression rather than absence.

Alternative or uncertainty: The margin is small (both golds are in the top 15),
so this may be borderline ranking noise from competing same-token titles rather
than a distinct semantic failure; unclear whether ""Shadows on the Stars""
specifically is the decisive distractor.",Ender's Game series is at rank 8 and Shadows in Flight at rank 15 behind common novel/series matches and a near-title Shadows book.,Both gold passages are retrieved below cutoff.,Merlin Book 10: Shadows on the Stars shares Shadows and series numbering; other novels match generic book vocabulary.,Dense retrieves Shadows in Flight at rank 1 but the series article at rank 31.,Common book vocabulary and a near-title collision moderately suppress the exact series and novel passages.,"Both golds are within the top 15, so the pattern may be cutoff-sensitive ranking variation rather than a distinct failure family.",cross_passage_conjunction_unresolved,description_only_bridge_entity; surface_form_tokenization_mismatch; generic_term_lexical_crowding; repeated_content_word_amplification; repeated_function_word_amplification; cutoff_sensitive_near_miss,jointly_reviewed_validated_revised,"Observed evidence:
The question is `How many novels are there in the series of novels of which Shadows in Flight is the tenth novel ?` The annotated answer hop is Ender's Game (series), whose text states that the series `currently consists of fifteen novels`. The annotated bridge hop is Shadows in Flight, whose text states that it `became the tenth novel published in the ""Ender's Game"" series`. No single passage answers the question: the count lives in one passage and the series name that identifies it lives only in the other. Exact reconstruction reproduces all 50 stored top-50 titles in order with a maximum absolute score error of 0.000000 and places the golds at complete-corpus ranks 8 (42.931612) and 15 (39.521244); both are retrieved and both sit below the cutoff. The rank-5 score is 43.884407, so the answer hop is 0.952795 points, or 2.17 percent, below the cutoff. All 14 passages above the rank-15 gold were read in full and form two families. Six instantiate the query's own descriptive frame with the wrong work: ""J"" Is for Judgment 1 (49.954631) `is the tenth novel in Sue Grafton's ""Alphabet"" series of mystery novels`; Merlin Book 10: Shadows on the Stars 3 (46.292869) `The book is the tenth novel in the 12-book series known as Merlin Saga`; ""Q"" Is for Quarry 5 (43.884407) repeats that frame with the 17th novel; Persistence of Memory 6 (43.834946) `is the tenth novel by American teen author Amelia Atwater-Rhodes and is the fifth novel in her Den of Shadows series`; Generosity: An Enhancement 11 (41.674058) `is the tenth novel by American author Richard Powers`; and Castle Richmond 14 (39.846449) `It was his tenth novel`. The other seven score mainly on generic book vocabulary: Walter Sorrells 2 (48.010526) recombines `flight` from the television series `Flight 29 Down` with `many` from `many novels`; Kyle Craig 4 (44.249441) is a fictional character in a `series of novels`; Lake District Mysteries 7 (43.304639) is `a series of detective novels`; Shadow War 9 (42.750949) concerns `the Shadows` in Babylon 5; The Rest of the Robots 10 (42.251384), Nebula Award for Best Novel 12 (40.828268), and Crime and Punishment 13 (40.006089) are generic book and award pages. No passage above either gold states how many novels the Ender's Game series contains, so there is no complete plausible non-gold answer. A full-corpus substring scan shows `ender's game` and `orson scott card` each in exactly 2 of 4,937 passages, which are the two golds themselves, and `enderverse`, `fifteen novels`, `speaker for the dead`, and `shadows in flight` each in exactly 1. Neither hop has any substitute.

Per-token decomposition, weighted by query-token occurrence, reconciling with get_scores to within 1.4e-14 on every inspected passage:
The answer hop's 42.931612 is `novels` (query x2, tf 2) 13.127511, `the` (query x2, tf 13) 8.557494, `of` (query x2, tf 4) 6.892707, `series` 3.773988, `in` (query x2, tf 1) 3.739912, `novel` 3.532943, `is` 1.869956, and `which` 1.437102. It matches none of the query's discriminating tokens: `shadows` at idf 6.999727, `flight` at 5.149023, `tenth` at 5.301069, `how` at 4.956745, and `many`, `are`, `there`, `?`. Its rank therefore rests entirely on generic book vocabulary and unfiltered function words. Scaffold contributes 22.497170, or 52 percent of its score, and 19.190113 of that scaffold total, or 85.3 percent, comes from the repeated tokens `in`, `the`, and `of`, leaving only 3.307058 from the non-repeated scaffold tokens `is` and `which`. Probe Q5 confirms the consequence: with the query reduced to the single word `novels`, the answer hop ranks 5. The bridge hop's 39.521244 is `the` (query x2, tf 7) 7.836454, `in` (query x2, tf 4) 6.892707, `shadows` 6.826829, `tenth` 5.170129, `novel` (tf 2) 5.082934, `flight` 5.021839, and `is` 2.690353. It fails to match `novels`, because its text uses the singular `novel` twice, and `series`, because its text carries only `series.` and `series""`. The query contains four repeated tokens, `novels`, `in`, `the`, and `of`, each scored once per occurrence under rank-bm25 0.2.2. One observed null is recorded: the question has a space before its final question mark, so `?` is a standalone query token whose idf 8.098947 is the highest of any query token, yet it occurs in exactly 1 of 4,937 passages and in none of the golds or inspected competitors, contributing exactly 0. High idf is not the same as discriminating power.

Gold, provenance, and comparison evidence:
Pooled BM25 ranks the golds 8 and 15, a strict Any@5 failure. Per-question BM25 over the item's own ten context passages, reconstructed here, ranks the answer hop 2 and the bridge hop 7, which is not a strict Any@5 failure; the formal results file records any_evidence_recall@5 as 1 for per_question and 0 for pooled, and full_evidence_recall@5 as 0 for both. Of the seven passages above the answer hop in the pooled index, four are original HotpotQA distractors (""J"" Is for Judgment, Walter Sorrells, Merlin Book 10: Shadows on the Stars, Persistence of Memory) and three are introduced by pooling (Kyle Craig, ""Q"" Is for Quarry, Lake District Mysteries). Removal probe X3 shows that dropping only those three returns the answer hop to exactly rank 5. Pooling therefore materially affects whether this unit crosses the cutoff, unlike the D-021 unit where per-question also failed. Corpus setting remains provenance and is not used as a causal category here: the mechanism is fully present in the ten-passage index, where the bridge hop is still 7th of 10 and no top-five passage supplies the count. Pooled Dense ranks the golds 31 and 1 and per-question Dense ranks them 7 and 1, so Dense is stronger on the bridge hop and weaker on the answer hop. Dense is used only as reachability evidence, is not written as the cause of the BM25 ordering, and the two score scales are not compared.

Verified implementation facts:
The reviewed BM25 indexes paragraph text only and does not index titles. Tokenization is text.lower().split() with no punctuation handling, stop-word removal, stemming, lemmatization, Unicode normalization, phrase matching, or entity-boundary preservation. Scoring uses rank_bm25.BM25Okapi at library defaults k1=1.5, b=0.75, epsilon=0.25 under rank-bm25 0.2.2, which iterates the tokenized query and accumulates a contribution for every occurrence rather than deduplicating. The pooled corpus holds 4,937 passages with 4,937 unique titles and avgdl 90.88495037472148. Baseline reconstruction is exact.

Factorial diagnostic status: run. Baseline binds the pooled 4,937-passage index, first-occurrence title deduplication, rank-bm25 0.2.2 BM25Okapi defaults, stable descending sort, and cutoff 5. Factors: P is two-sided boundary-punctuation stripping; M is crude two-sided suffix stemming that removes a trailing s from tokens of length 4 or more not ending in ss; S removes the exact query-side set {are, how, in, is, of, the, which}; S2 widens that set with {there, many, ?}; T prepends the title into each indexed passage; Rc collapses the repeated content token `novels` to one occurrence; Rf collapses the repeated function tokens `in`, `the`, `of`; X1 to X3 drop named competitors from the index; Q1 to Q5 are reduced-query probes; K1 and K2 are reachability probes; N1 appends the oracle series name `Ender's Game series` and N2 the oracle work name `Shadows in Flight`. P, M, S, S2, T, Rc, Rf, X, Q, and K are non-oracle; N1 and N2 are oracle diagnostics and are not deployable rewrites. All ranks are complete-corpus ranks over the same unchanged candidate set, except X1 to X3 where the stated passages are removed.

Complete P x M x S x T factorial, all 16 cells run, reported as answer-hop rank/score, bridge-hop rank/score, both-top-5:
baseline, none, 8 / 42.931612, 15 / 39.521244, no.
T, 10 / 42.964314, 4 / 45.172571, no.
S, 7 / 20.434442, 5 / 22.101731, no.
M, 16 / 43.066332, 5 / 48.514878, no.
P, 7 / 43.781416, 14 / 41.628907, no.
ST, 7 / 20.448673, 1 / 27.331101, no.
MT, 16 / 43.093907, 3 / 54.060543, no.
MS, 12 / 20.569358, 1 / 31.095528, no.
PT, 8 / 44.016083, 5 / 47.079325, no.
PS, 8 / 21.682900, 5 / 24.516812, no.
PM, 13 / 43.616236, 3 / 52.851042, no.
MST, 12 / 20.578367, 1 / 36.219158, no.
PST, 7 / 21.900318, 1 / 29.552461, no.
PMT, 13 / 43.845900, 3 / 56.961479, no.
PMS, 10 / 21.537298, 1 / 35.755142, no.
PMST, 10 / 21.749567, 1 / 39.451069, no.

Complete Rc x Rf factorial, all 4 cells run:
baseline, 8 / 42.931612, 15 / 39.521244, no.
Rc, 12 / 36.367857, 6 / 39.521244, no.
Rf, 7 / 33.336556, 11 / 32.156664, no.
Rc+Rf, 11 / 26.772801, 5 / 32.156664, no.

Further combinations, removal probes, reduced-query probes, reachability probes, and oracle conditions, all run:
M+Rc, 16 / 43.066332, 5 / 48.514878, no.
M+Rc+Rf, 14 / 33.471365, 4 / 41.150367, no.
PMS+Rc, 10 / 21.537298, 1 / 35.755142, no.
PMS+Rc+Rf, 10 / 21.537298, 1 / 35.755142, no.
PMST+Rc+Rf, 10 / 21.749567, 1 / 39.451069, no.
S2, 7 / 20.434442, 5 / 22.101731, no.
PMS2T, 9 / 21.749567, 1 / 39.451069, no.
PMS2T+Rc+Rf, 9 / 21.749567, 1 / 39.451069, no.
X1, drop Merlin Book 10: Shadows on the Stars, 8 / 42.941939, 14 / 39.817754, no.
X2, drop the five tenth-novel frame passages, 6 / 43.165891, 9 / 40.372275, no.
X3, drop the three pooling-introduced rivals, 5 / 43.148830, 12 / 39.541961, no.
X2+X3, drop all eight, 3 / 43.397720, 6 / 40.393856, no.
Q1, query = `Shadows in Flight`, 3887 / 1.869956, 1 / 15.295021, no.
Q2, query = `shadows flight`, 4186 / 0.000000, 1 / 11.848668, no.
Q3, query = `tenth novel`, 126 / 3.532943, 6 / 10.253063, no.
Q4, query = `How many novels are there in the series`, 7 / 16.486446, 1772 / 7.364580, no.
Q5, query = `novels`, 5 / 6.563755, 4187 / 0.000000, no.
K1, query = `Ender's Game series`, 1 / 11.672885, 4273 / 0.000000, no.
K2, query = `Enderverse Orson Scott Card`, 3 / 11.665618, 2 / 11.665618, yes.
N1, append oracle series name, 1 / 54.604497, 20 / 39.521244, no.
N2, append oracle work name, 11 / 44.801568, 4 / 54.816265, no.
N1+N2, append both, 5 / 56.474453, 6 / 54.816265, no.
N1+S, 1 / 32.107327, 8 / 22.101731, no.
N1+N2+S, 3 / 32.107327, 2 / 33.950399, yes.
N1+N2+ST, 2 / 38.847514, 1 / 44.396136, yes.

Not run, with reasons: the 36 remaining cells of the full P x M x S x T x Rc x Rf design, because Rc and Rf are dominated by P, M, and S in every combination that was run, with PMS+Rc and PMS+Rc+Rf identical to the digit; E, two-sided en and em dash normalization, which the harness ran and found completely inert because the corpus and query contain no such characters; a real stemmer, lemmatizer, or phrase n-gram index, because they introduce mechanisms outside this tie-break and the M factor here is an explicitly defined crude suffix rule rather than a model of any production analyzer; the remaining oracle-by-indexing crossings beyond N1+N2+ST, because T is inert-to-negative for the answer hop in every non-oracle cell; and any production analyzer configuration, because the tested cells are diagnostics rather than repair proposals.

Single-factor effect:
No single factor places both required hops in the top five, and every factor that helps one hop harms the other. M moves the bridge hop from 15 to 5 and the answer hop from 8 to 16. T moves the bridge hop from 15 to 4 and the answer hop from 8 to 10; title exclusion is therefore not inert in this unit, unlike D-019, D-020, and D-021. Rc moves the bridge hop from 15 to 6 and the answer hop from 8 to 12, because the repeated `novels` is the answer hop's single largest score component at 13.127511, or 31 percent. Rf moves the answer hop from 8 to 7 and the bridge hop from 15 to 11. N1 moves the answer hop to 1 and the bridge hop from 15 to 20. N2 moves the bridge hop to 4 and the answer hop from 8 to 11. P is weakly positive on both, 8 to 7 and 15 to 14. S is the only single factor that improves both, 8 to 7 and 15 to 5, and it still does not recover the pair.

Interaction effect:
The two hops are antagonistic, and the positive evidence for that is not merely the absence of a single fix. Their matched query-token sets are nearly disjoint: the answer hop matches {novels, series, of, which} which the bridge hop entirely misses, the bridge hop matches {shadows, flight, tenth} which the answer hop entirely misses, and only {the, in, is, novel} are shared. Six separate factors carry opposite signs across the two hops. Probe Q1 shows the bridge hop is uniquely reachable from its own name at rank 1, and probe K1 shows the answer hop is uniquely reachable from the series name at rank 1, yet the series name appears nowhere in the query and only inside the bridge passage. Consequently each single oracle anchor rescues exactly one hop and degrades the other, N1+N2 together still fails at 5 and 6, and recovery requires N1+N2+S at 3 and 2 or N1+N2+ST at 2 and 1. The only non-oracle conditions that place either hop first are those that repair the bridge hop's surface forms, ST, MS, MST, PST, PMS, and PMST, all of which leave the answer hop between 7 and 12. The repeated token `novels` plays a double role that explains the sign reversal: it is simultaneously the answer hop's largest single component at 13.127511 and the largest single component of the purely generic competitors Lake District Mysteries at 15.559850, Walter Sorrells at 14.541960, and ""Q"" Is for Quarry at 13.585525, while the bridge hop receives nothing from it because its text uses the singular form.

Attribution boundary:
Do not attribute this failure to any single factor; six factors have opposite signs on the two hops. Do not credit the N1+N2+S recovery to N1, N2, or S alone, since N1+N2 alone fails at 5 and 6 and S alone fails at 7 and 5, and N1 and N2 are oracle diagnostics containing the answer entity. Do not present M's repair of the bridge hop as the case mechanism, since the same factor drives the answer hop from 8 to 16. Do not treat corpus setting as a causal category; the defensible statement is that pooling adds three rivals above the answer hop, that removing exactly those three restores it to rank 5, and that the same mechanism is already present in the ten-passage per-question index where the bridge hop ranks 7 of 10. Do not describe any removed passage as having caused the failure; probe X1 shows that dropping the near-title competitor named in the original note changes the result from 8 and 15 only to 8 and 14. Do not generalize probes Q1, Q5, or K1 beyond this 4,937-passage corpus. Do not treat counterfactual ranks near the cutoff as an observed cutoff mechanism. Do not read M's harm to the answer hop as evidence that stemming is generally harmful.

Primary mechanism: cross_passage_conjunction_unresolved.
Secondary descriptors: description_only_bridge_entity; surface_form_tokenization_mismatch; generic_term_lexical_crowding; repeated_content_word_amplification; repeated_function_word_amplification; cutoff_sensitive_near_miss.
Closest competitor: description_only_bridge_entity.
Tie-break result: recorded in tie_break_result.
Confidence: medium.
Taxonomy defect flag: false.
Remaining uncertainty: no non-oracle condition recovers both hops, so the primary is the best-supported structural account rather than a demonstrated sufficient cause. The residual competition that keeps the answer hop at 7 under S, ST, and PST was not decomposed further. Whether cross_passage_conjunction_unresolved is well suited to primary use, as opposed to the secondary use established by D-017 and D-020, is a vocabulary-audit question left open here.","Resolved for this validation pass in favor of cross_passage_conjunction_unresolved, with three boundaries recorded rather than closed. First, this is the first unit to use cross_passage_conjunction_unresolved as a primary rather than a secondary; D-017 and D-020 both used it as a secondary alongside a different primary, and whether the descriptor is suited to primary use belongs to the vocabulary audit. Second, pooling materially affects whether this unit crosses the cutoff, since per-question BM25 places the answer hop at rank 2 and is not a strict Any@5 failure while pooled BM25 places it at 8; removal probe X3 shows that dropping the three pooling-introduced rivals alone restores rank 5. This is recorded as provenance under D-003 and is deliberately not promoted to a causal category, but it narrows the attribution compared with D-021, where per-question also failed. Third, no non-oracle condition recovers both hops, so the primary is the strongest structural account rather than a demonstrated sufficient cause. generic_query_scaffold_score_inflation was considered and not adopted: its registry exclude rule defers to repeated_function_word_amplification when repeated occurrences are the material mechanism, and 19.190113 of the answer hop's 22.497170 scaffold contribution, or 85.3 percent, comes from the repeated tokens in, the, and of.",cross_passage_conjunction_unresolved,description_only_bridge_entity,"Prefer cross_passage_conjunction_unresolved over description_only_bridge_entity. The description-only reading satisfies its inclusion rule, because the question identifies the answer-bearing series only as the series of which Shadows in Flight is the tenth novel and never names it, but the single-factor oracle-name condition N1 restores only the answer hop, 1 and 20, with the bridge hop drifting from 15 to 20. That is the disqualifier D-020 applied to its condition B and D-021 applied to its condition N, and the inverse of D-017, where the oracle name alone produced 1 and 2; this is its third application. The cross-passage reading instead explains the distinctive structure of this unit: probe Q1 shows the bridge hop is uniquely reachable from its own name at rank 1 and probe K1 shows the answer hop is uniquely reachable from the series name at rank 1, yet the series name occurs nowhere in the query and only inside the bridge passage, so an independently scored single-passage retriever cannot carry it across. The resulting antagonism is directly observed, not inferred from the absence of a single fix: the two golds' matched query-token sets are nearly disjoint and six factors carry opposite signs across them, N1 and N2 each rescue exactly one hop while harming the other, and even N1+N2 together fails at 5 and 6. The registry exclude conditions do not fire: no single passage answers the question, no substitute completes the chain, the judgment does not rest on the mere presence of two annotated golds, and the retrieval stage performs no joint cross-passage reasoning. The provisional primary near_title_collision is rejected on direct evidence: this implementation does not index titles, the shared token `shadows` in the competing passage comes from its body text, and removal probe X1 shows that dropping that passage moves the result only from 8 and 15 to 8 and 14, which also resolves the uncertainty the original note itself raised. minimal_preprocessing_score_distortion is rejected as primary because preprocessing repairs only the bridge hop and actively harms the answer hop, M taking it from 8 to 16, and the answer hop has no surface-form mismatch to repair at all. generic_term_lexical_crowding is retained as a secondary under its own exclude rule, which defers to a more specific established mechanism. description_only_bridge_entity is retained as a secondary contributing condition and closest competitor, following D-012, D-016, and D-021.",medium,false,jointly_reviewed
manual_review_v1,2026-07-17_a,5ade69e455429975fa854ec5,dense,5,bridge,What director worked with Vikram Bhatt on a film starring actors Rajneesh Duggal and Adah Sharma?,1920 (film series),7,1920 (film),32,1,single_note,,"Observed: Target Dense has Gold 1 (""1920 (film series)"") at rank 7 and Gold 2
(""1920 (film)"") at rank 32; neither is inside the top 5. BM25 has Gold 1 at
rank 13 and Gold 2 at rank 1.

Gold evidence status: Both golds below cutoff but retrieved for the target -
Gold 1 rank 7, Gold 2 rank 32. Nothing absent from Dense's list.

Retrieved evidence or distractor: Dense's top ranks are dominated by the actor
named in the question and by other Indian-cinema people/films - #1 ""Rajneesh
Duggal"" (the actor from the query), #2 ""Ankahee (2006 film),"" #3 ""Siddhartha
Jadhav,"" #4 ""Paresh Mokashi,"" #5 ""Udanchhoo,"" #6 ""Nagesh Bhonsle."" The film
series is at #7 and the specific film ""1920 (film)"" - which names the director
(Vikram Bhatt) and the two actors - is buried at 32.

Relevant comparison-retriever evidence: BM25 places ""1920 (film)"" at #1 via the
title/cast token match but the series at 13; so BM25 retrieves the answer-bearing
film strongly while Dense scatters toward the actor and adjacent films.

Possible reason: Dense appears to anchor on the query's named actor and a diffuse
neighborhood of Indian films/people, rather than resolving the specific film
title ""1920""; the numeric/short title ""1920"" likely gives the embedding little
distinctive signal, so the answer film sits deep at 32.

Alternative or uncertainty: An alternative is that the short numeric title and
the presence of both a ""series"" and a ""film"" article create ambiguity Dense
can't rank cleanly; unclear whether the director bridge (Vikram Bhatt) is
underweighted or simply not distinctive against many co-embedded films.",The film series is at rank 7 and the specific 1920 film at rank 32; the actor and adjacent Indian-cinema entities dominate high ranks.,"Both gold passages are present below cutoff, with the answer-bearing film deep in the list.","Rajneesh Duggal is rank 1, followed by other Indian films and people; the short numeric title is not prioritized.",BM25 retrieves 1920 (film) at rank 1 but the series at rank 13.,Dense anchors on a named actor and diffuse industry context while struggling to distinguish a short numeric film title from its series entity.,"Actor anchoring, low-information title representation, and film-versus-series ambiguity may be separate mechanisms.",description_only_bridge_entity,peripheral_passage_content_dilution; gold_chain_substitutability; generic_person_semantic_neighborhood; cutoff_sensitive_near_miss,jointly_reviewed_validated_revised,"Observed evidence:
The question is `What director worked with Vikram Bhatt on a film starring actors Rajneesh Duggal and Adah Sharma?` The annotated answer hop is 1920 (film series), whose text states that the series `is directed by Vikram Bhatt, Bhushan Patel and Tinu Suresh Desai, in each of three films`. The annotated bridge hop is 1920 (film), whose text states that it is `written and directed by Vikram Bhatt` and `stars debutant actors Rajneesh Duggal and Adah Sharma`. The query never names the film. It designates it only by the description `a film starring actors Rajneesh Duggal and Adah Sharma`. Exact reconstruction reproduces all 50 stored top-50 titles in order with a maximum absolute score error of 3.576e-07 and places the golds at complete-corpus ranks 7 (0.495152) and 32 (0.400140); both are retrieved and both sit below the cutoff. The rank-5 score is Udanchhoo at 0.516518, so the answer hop is 0.021367 points, or 4.137 percent, below the cutoff, while the bridge hop is 0.116378 points, or 22.531 percent, below it. All 31 passages above the rank-32 gold were read in full. Only four of the 30 non-gold passages among them name any queried entity: Rajneesh Duggal 1 (0.601388) is the actor's own biography and states `He made his Bollywood debut with Vikram Bhatt's super-hit horror thriller ""1920""`; Ankahee (2006 film) 2 (0.549072) is a different Vikram Bhatt film with a different cast; Udanchhoo 5 (0.516518) is a different Rajneesh Duggal film; and Spark (2014 film) 22 (0.439687) is another Rajneesh Duggal film. The remaining 26 name none of Vikram Bhatt, Rajneesh Duggal, or Adah Sharma; they are Indian and regional cinema biographies such as Siddhartha Jadhav 3, Paresh Mokashi 4, Nagesh Bhonsle 6, Shoba Chandrasekhar 8, Anil Chatterjee 9, Utpal Dutt 11, and A. C. Tirulokchandar 17, together with unrelated Indian films such as Rupaye Dus Karod 12, Ithu Engal Neethi 13, and Neethiyin Marupakkam 30, plus Bharatpur district 28, which entered the pooled index from another item. A full-corpus substring scan shows `bhushan patel` and `tinu suresh desai` each in exactly 1 of 4,937 passages, which is the answer hop itself, so the answer hop has no substitute and there is no complete plausible non-gold answer. `adah sharma` occurs in exactly 2 passages, the bridge hop and Phhir; Phhir names both queried actors but names no director and does not mention Vikram Bhatt, and it ranks 55, so it satisfies part of the description while supplying no answer. `vikram bhatt` occurs in 6 passages. The rank-1 passage Rajneesh Duggal is therefore not a distractor but an evidence-bearing substitute for the bridge hop: it names the bridge entity `1920` and links it to Vikram Bhatt inside the top five. The pair Rajneesh Duggal and 1920 (film series) forms a complete alternative chain, but that chain is not contained inside the cutoff because the answer hop is at rank 7.

Verified implementation facts and exact reconstruction:
The reviewed Dense retriever is a symmetric `sentence-transformers/all-MiniLM-L6-v2` bi-encoder with one shared encoder for queries and passages, no role prefix, explicit row-wise L2 normalization, dot product equal to cosine, attention-mask-aware mean pooling, a 256-token maximum sequence length, stable descending sort, and no reranker or cross-passage reasoning in the main run. It encodes `[p.text for p in paragraphs]` and does not encode titles, so a displayed title is not evidence that its tokens contributed to similarity. The pooled corpus holds 4,937 passages with 4,937 unique titles under first-occurrence title deduplication. Both golds are well inside the sequence limit at 108 and 145 model tokens, so truncation is excluded for them; one competitor, Nagesh Bhonsle at 326 tokens, is truncated. Reconstruction reproduces the stored top-50 title order with 0 of 50 mismatches at a maximum absolute score error of 3.576e-07, the same order of magnitude as the 2.384e-07 recorded by D-020, which is consistent with float32 accumulation rather than with a different model. The repository does not pin the model revision or the transformers and torch versions, so identity of model contract and numerical agreement are asserted, not identity of environment. Per-token contribution decomposition was not performed and is not derivable from a cosine ranking; the harness raises `NotImplementedError` on the Dense path by design, and that guard was not bypassed. Every claim about passage content below rests on passage-level controlled text ablation, never on token-level attribution.

Gold, provenance, and comparison evidence:
Pooled Dense ranks the golds 7 and 32, a strict Any@5 failure. Per-question Dense over the item's own ten context passages, reconstructed here and asserted equal to the official ordering title by title, ranks the answer hop 4 and the bridge hop 6, which is not a strict Any@5 failure; the formal results file records `any_evidence_recall@5` as 1 for `per_question` and 0 for `pooled`, and `full_evidence_recall@5` as 0 for both. Of the six passages above the answer hop in the pooled index, three are in the item's own context (Rajneesh Duggal, Ankahee (2006 film), Udanchhoo) and exactly three are introduced by pooling (Siddhartha Jadhav, Paresh Mokashi, Nagesh Bhonsle). Removal probe X2 shows that dropping only those three returns the answer hop to exactly rank 4, reproducing its per-question rank. This is the second unit after D-022 in which per-question and pooled disagree on Any@5, and the arithmetic is the same in both: exactly three pooling-introduced rivals separate the answer hop from the cutoff. Corpus setting nonetheless remains provenance under D-003 and is not used as a causal category; the mechanism is fully present in the ten-passage per-question index, where the bridge hop is still 6th of 10 and no top-five passage names the film. Pooled BM25 ranks the golds 13 and 1 and per-question BM25 ranks them 9 and 2, so BM25 is far stronger on the bridge hop and weaker on the answer hop. BM25 is used only as reachability evidence, is not written as the cause of the Dense ordering, and the two score magnitudes are not compared.

Factorial diagnostic status: run. Baseline binds the pooled 4,937-passage index, first-occurrence title deduplication, the `all-MiniLM-L6-v2` encoder with explicit L2 normalization and cosine scoring, stable descending sort, and cutoff 5. Factors: **F** deletes the answer-type frame `What director worked with `; **V** deletes `Vikram Bhatt `; **A** deletes ` Rajneesh Duggal and Adah Sharma`; **A1** deletes only `Rajneesh Duggal and `; **A2** deletes only ` and Adah Sharma`; **S1** replaces `What director` with `Who`; **S2** replaces `director` with `film`; **T** prepends the title into every indexed passage and re-encodes the whole corpus; **L1** and **L2** are index-side controlled text ablations that replace a gold passage's text with a verbatim subset of its own sentences; **L2c** is the length-matched control that retains only the passage's non-query-relevant plot sentences; **X1** to **X4** drop named competitors from the index; **Q1** to **Q10** are reduced-query reachability probes; and **N1** to **N5** append or insert the oracle bridge name in five different surface forms. F, V, A, A1, A2, S1, S2, T, X, and Q are non-oracle. The L series adds no text and injects no answer information, but it requires knowing which passage is gold, so it is recorded as a third intervention class, a gold-targeted index-side ablation, and is not a deployable fix. N1 to N5 are oracle diagnostics containing the hidden film identity and are not deployable rewrites. All ranks are complete-corpus ranks over the same unchanged candidate set, except X1 to X4 where the stated passages are removed. Thirty-seven conditions and ten probes were run.

Single-factor effects:
No single factor of any class places both required hops in the top five. F is nearly inert, 7 to 6 and 32 to 35. V harms both, 7 to 21 and 32 to 36, so the director's name is a real positive contributor to the baseline. A moves the answer hop into the top five at 4 while pushing the bridge hop from 32 to 36. A1 and A2 are asymmetric: deleting only `Rajneesh Duggal` moves the answer hop to 5, while deleting only `Adah Sharma` moves it to 10, so the two actor names are not one factor. S1 harms the answer hop, 7 to 14. S2 helps both, 7 to 5 and 32 to 24. T is negative for both, 7 to 10 and 32 to 41, so title exclusion is excluded as the mechanism. L2 moves the bridge hop from 32 to 1 while leaving the answer hop unmoved in score and displaced to 8. L1 is inert for the answer hop, 7 to 7, and L1b, which reduces it further to a single sentence, is strongly harmful at 47, so the answer hop is not dilution-limited. X1 is nearly inert, 7 to 6 and 32 to 31. X2 moves the answer hop to 4, X3 to 3, X4 to 1, all by displacement only, with the bridge hop never better than 26. Every one of N1 to N5 places both hops inside the top five at 1 and 3.

Combination and interaction effects:
The decisive interaction is A x L2, and it is the only shape in which the two hops respond to different and non-substitutable factors. A repairs the answer hop and harms the bridge hop; L2 repairs the bridge hop and does nothing for the answer hop. Neither alone recovers the pair, but A+L2 reaches 5 and 1, F+A+L2 reaches 5 and 1, X2+L2 reaches 5 and 1, X2+L1+L2 reaches 5 and 1, and X2+A+L2 reaches 3 and 1. This unit therefore differs from D-021 and D-022 in that non-oracle and gold-targeted combinations do recover both hops. The antagonism is partial rather than total: A and F carry opposite signs across the hops, but V, A2, and T harm both and S2 helps both, so this is not the fully antagonistic structure D-022 recorded. The L2 result is established by dose-response together with a length control and is the first claim of its kind accepted in this project. Reducing the bridge passage from its full 145 model tokens to the six sentences before its last moves it from 32 to 29; to its first four sentences, from 32 to 13; and to the two sentences that carry the query's constraints, 49 model tokens, to 1 at 0.624424. The control L2c replaces the same passage with two of its plot sentences of comparable length, 43 model tokens, that name none of the queried entities, and the passage falls to 50 at 0.361773. The effect is therefore attributable to which sentences remain, not to passage length.

Supported interpretation:
`description_only_bridge_entity` is the most specific verified primary. The question requires a specific film, names it nowhere, and reaches it only through the description `a film starring actors Rajneesh Duggal and Adah Sharma`. Supplying the name is the only single factor of any class that places both hops inside the top five, and it does so in all five surface forms tested: the full disambiguated titles `1920 (film series)` and `1920 (film)`, the bare name `1920`, and the natural insertions `on the film 1920` and `on the 1920 film series` all give 1 and 3. This is the second time the D-020 single-factor oracle-name test is passed rather than failed, after D-017, and the inverse of D-020, D-021, and D-022. Two independent probes show that the deficit is the absence of the name and not any weakness of the name. Probe Q4 reduces the query to `1920` alone and the two golds rank 1 and 2 at 0.533558 and 0.463880, so the bare name is highly discriminating in this corpus despite the numeral occurring in 48 passages. Probe Q8 reduces the query to the description alone and the two passages that actually satisfy it rank 21 and 26 while the actor's own biography ranks 1 at 0.631 and Udanchhoo 2 at 0.621, so the description retrieves the actors rather than the described film. `peripheral_passage_content_dilution` records the second, independently established condition: the bridge passage states every query constraint verbatim yet ranks 32, and the controlled ablation with its length-matched control shows that its non-query-relevant narrative sentences measurably depress its similarity. `gold_chain_substitutability` records that the rank-1 passage supplies the bridge hop's intermediate fact by naming `1920` as Vikram Bhatt's horror thriller starring Rajneesh Duggal. `generic_person_semantic_neighborhood` records the observed output pattern that Siddhartha Jadhav, Paresh Mokashi, and Nagesh Bhonsle occupy three of the top six positions as Indian-cinema person biographies naming none of the queried entities. `cutoff_sensitive_near_miss` records evaluation fragility only: the answer hop is 0.021367 points, or 4.137 percent, below the rank-5 score, it has no substitute anywhere in the corpus, and two independent lines of evidence, probe X2 and the per-question reconstruction, place it at rank 4.

Closest competitor and tie-break:
Prefer `description_only_bridge_entity` over `peripheral_passage_content_dilution`. The dilution reading satisfies its inclusion rule and produces the single largest movement observed in this unit, taking the bridge hop from 32 to 1, but L2 alone leaves the answer hop at 8 and cannot recover the pair; it requires A or X2 as a partner. The description-only reading is the only account whose single-factor intervention recovers both hops, and it does so under five independent surface forms of the same intervention. This applies the same standard D-021 used when it rejected `description_only_bridge_entity` as primary, in the opposite direction: an inclusion rule can be met while the descriptor loses the tie-break, and here the descriptor wins it on exactly the criterion that defeated it three times before. The provisional primary `named_entity_anchor_distraction` is rejected on direct evidence. Removal probe X1 drops the named actor's own biography and moves the result only from 7 and 32 to 6 and 31, so the anchor is not outcome-determinative. Condition A shows the actor names do cost the answer hop three ranks, 7 to 4, but the same deletion harms the bridge hop, 32 to 36, so removing the anchor does not repair the unit. The rank-1 passage that the descriptor treats as a distraction is in fact an evidence-bearing substitute for one required hop, which contradicts the name directly.

Considered and not adopted:
`low_information_title` is not adopted, and both readings of the name are excluded by explicit conditions. The indexing reading fails because the verified implementation encodes paragraph text only and condition T, which prepends every title and re-encodes the whole corpus, moves both golds the wrong way, 7 to 10 and 32 to 41. The semantic reading fails because probe Q4 ranks the two golds 1 and 2 from the bare name alone and because appending the bare `1920` in condition N3 gives 1 and 3, identical to appending the full disambiguated titles in N1 and N2. `film_series_entity_collision` is not adopted because there is no third confusable entity in the corpus, both parties to the supposed collision are annotated golds, and the verified implementation scores every passage independently so one gold cannot displace another except by outranking it. The observed inversion in which the series outranks the film is fully accounted for by the L2 ablation and its control. `cross_passage_conjunction_unresolved` is not adopted although its inclusion rule is met, because the single-factor oracle-name test recovers both hops, which locates the deficit in the missing name rather than in the joining step, and because the antagonism signature D-022 relied on does not hold here: V, A2, and T harm both hops and S2 helps both. `question_frame_semantic_crowding` is not adopted because its exclude rule fires. Probe Q8 shows that the descriptive referent cue alone reproduces five of the six baseline top-six passages, so the competition is produced by the decisive referent cue itself and belongs to the primary mechanism rather than to a separate framing effect. `possible_type_mismatch` is not adopted because condition F, which deletes the answer-type frame, is nearly inert at 6 and 35, so no counterfactual supports a type-alignment cause. `plausible_non_gold_answer` and `gold_chain_not_unique` are not adopted because the answer entities `bhushan patel` and `tinu suresh desai` each occur in exactly one passage, which is the answer hop itself, so no passage supplies a complete non-gold answer.

Not-run cells and attribution boundary:
The defined F x V x A design was run complete at all eight cells, and the L, N, X, and Q families were run as listed. The `not_run` cells are the L x T crossings, because T is already negative for both hops alone and each crossing costs a full-corpus re-encode with no hypothesis depending on it; the N x L crossings, because N alone already recovers both hops so the combination carries no discriminating information; V x L2 and V x A x L2, because V is negative for both hops and no hypothesis predicts a sign reversal; removal probes on ranks 8 to 31, because the bridge hop's deficit of 0.116378 makes displacement incapable of reaching the top five and the ablation route was used instead; and any factorial on the per-question index, because per-question already places the answer hop at rank 4 and the diagnostic question concerns the pooled setting. Dense per-token decomposition is refused by design and was not attempted. Attribution is bounded as follows. Do not make any token-level claim. The L series is a passage-level text ablation and supports only the statement that removing those sentences raises that passage's cosine similarity to this query; it does not establish that the encoder attended to, weighted, or averaged away any token, and no attribution experiment was run. Do not treat N1 to N5 as proposed query rewrites, since they supply the hidden film identity. Do not treat the L series as a deployable fix either, since it requires knowing which passage is gold. Do not treat the X removals as repair proposals. Do not present BM25's rank-1 placement of the bridge hop as the cause of the Dense ordering or compare Dense and BM25 score magnitudes. Do not treat corpus setting as a causal category; the defensible statement is that pooling adds exactly three rivals above the answer hop, that removing exactly those three restores it to rank 4, and that the mechanism is already present in the ten-passage per-question index. Do not treat cutoff proximity, rank, retriever identity, question type, or gold missingness as causal. Do not generalize the corpus-uniqueness results of Q4, Q8, or the substring scans beyond this 4,937-passage corpus.

Boundary:
Four boundaries are recorded rather than closed. First, this is the second unit to use `description_only_bridge_entity` as a primary rather than a secondary, after D-017, and both are Dense; the registry definition still says the missing name leaves no anchor `for lexical retrieval`, wording that does not cover a bi-encoder. The wording is not amended here, because definition changes are reserved for the vocabulary audit; a usage note is added instead. Second, `gold_chain_substitutability` is adopted for a substitute that verifies one of the two actor constraints: Rajneesh Duggal names the film and links it to Vikram Bhatt but does not mention Adah Sharma. The intermediate fact the chain requires is supplied in full, and the film so identified is unique in the corpus, but a stricter reading of the registry's exclusion for a looser interpretation than the gold could reject it; the boundary is recorded and the descriptor is adopted. Third, `peripheral_passage_content_dilution` is a new descriptor whose inclusion rule deliberately requires both an ablation and a length-matched control, because the project has until now recorded every dilution-shaped claim as speculation under D-013 and D-015; whether that gate is the right one belongs to the vocabulary audit. Fourth, the observed neighborhood is not purely person-typed: about half the non-naming competitors above the bridge hop are unrelated Indian films rather than biographies, and `generic_person_semantic_neighborhood` covers only the biography half. No second descriptor was added for the film half, to avoid multiplying near-synonyms during the validation pass.

Confidence:
Medium-high. The baseline reproduces the stored top-50 order with zero title mismatches at 3.576e-07, the per-question ordering is reproduced and asserted equal to the official file title by title, all eight cells of the defined F x V x A design were run together with 29 further conditions and 10 probes, and all 31 passages above the rank-32 gold were read in full. The primary rests on a single-factor intervention that succeeds in five independent surface forms, and on two probes, Q4 and Q8, that separate absence of the name from weakness of the name. Probe X1 is a clean falsification of the provisional primary. The limitation is that the single-factor intervention which recovers both hops is oracle, that the strongest non-oracle movement, L2, is a gold-targeted index-side ablation rather than a deployable condition, and that no purely query-side non-oracle condition recovers both hops.

Speculation boundary:
Do not claim that mean pooling averaged away the cast sentence, that any token was diluted, or that the encoder down-weighted any part of the bridge passage; only passage-level ablation was performed and token-level attribution is not derivable from a cosine ranking. Do not claim that the encoder prefers person biographies because the question asks for a director; probe Q5 shows that `director` alone retrieves director biographies, but condition F is nearly inert and no counterfactual connects that neighborhood to this failure. Do not claim that the numeral `1920` is difficult for the encoder; probe Q4 falsifies it directly. Do not treat the identification of Bhushan Patel and Tinu Suresh Desai as the answer entities as observed evidence; the HotpotQA answer string is absent from every read-only artifact available here and that identification is an inference from the answer hop's own text. Do not treat the question's wording as verified: it asks about a director who worked with Vikram Bhatt `on a film`, while the answer hop states that the co-directors directed later films of the same series, and no condition was run on that reading.","Resolved for this validation pass in favor of description_only_bridge_entity, with four boundaries recorded rather than closed. First, this is the second unit to use description_only_bridge_entity as a primary rather than a secondary, after D-017, and both are Dense, while the registry definition still says the missing name leaves no anchor for lexical retrieval, wording that does not cover a bi-encoder; the wording is not amended here because definition changes are reserved for the vocabulary audit, and a usage note is added instead. Second, gold_chain_substitutability is adopted for a substitute that verifies one of the two actor constraints, since Rajneesh Duggal names the film and links it to Vikram Bhatt but does not mention Adah Sharma; the required intermediate fact is supplied in full and the film so identified is unique in the corpus, but a stricter reading of the registry exclusion for a looser interpretation than the gold could reject it. Third, peripheral_passage_content_dilution is a new descriptor whose inclusion rule deliberately requires both an ablation and a length-matched control, because the project has until now recorded every dilution-shaped claim as speculation under D-013 and D-015, and whether that gate is correctly placed belongs to the vocabulary audit. Fourth, the observed neighborhood is not purely person-typed, since about half the non-naming competitors above the bridge hop are unrelated Indian films rather than biographies, and generic_person_semantic_neighborhood covers only the biography half; no second descriptor was added for the film half in order to avoid multiplying near-synonyms during the validation pass.",description_only_bridge_entity,peripheral_passage_content_dilution,"Prefer description_only_bridge_entity over peripheral_passage_content_dilution. The dilution reading satisfies its inclusion rule and produces the single largest movement observed in this unit, taking the bridge hop from 32 to 1, but L2 alone leaves the answer hop at 8 and cannot recover the pair; it requires condition A or removal probe X2 as a partner. The description-only reading is the only account whose single-factor intervention recovers both hops, and it does so under five independent surface forms of the same intervention: the full titles 1920 (film series) and 1920 (film), the bare name 1920, and the natural insertions on the film 1920 and on the 1920 film series all give 1 and 3. This is the second time the D-020 single-factor oracle-name test is passed rather than failed, after D-017, and the inverse of D-020, D-021, and D-022; it applies the D-021 standard in the opposite direction, since an inclusion rule can be met while the descriptor loses the tie-break, and here the descriptor wins on exactly the criterion that defeated it three times before. The provisional primary named_entity_anchor_distraction is rejected on direct evidence: removal probe X1 drops the named actor's own biography and moves the result only from 7 and 32 to 6 and 31, condition A shows that deleting the actor names helps the answer hop from 7 to 4 but harms the bridge hop from 32 to 36, and the rank-1 passage the descriptor treats as a distraction is in fact an evidence-bearing substitute for one required hop.",medium-high,false,jointly_reviewed
manual_review_v1,2026-07-17_a,5adf58f15542993a75d264d2,bm25,5,bridge,"Which television series featured an actor who also performed in ""The Young Ones""?",Ade Edmondson,6,Bad News (band),not_in_top50,1,single_note,"Observed:
For BM25, “Ade Edmondson” is ranked 6 and “Bad News (band)” is not in the stored top 50. The annotated chain uses Edmondson’s role in “The Young Ones” and the Bad News passage’s connection to “The Comic Strip Presents...”.

Pooled-corpus passage evidence:
Rank 3, “Filthy Rich & Catflap,” states that the BBC sitcom featured former “The Young Ones” co-stars Nigel Planer, Rik Mayall, and Adrian Edmondson. It therefore directly supports a plausible answer to the question as written. Other top-five passages concern actors or television series but do not contain that specific “The Young Ones” relation. The Ade Edmondson passage at rank 6 connects him to “The Young Ones,” “The Comic Strip Presents...,” and Bad News, while the missing Bad News passage identifies the latter television series.

Comparison-retriever evidence:
Dense ranks “The Young Ones (TV series)” first, “Filthy Rich & Catflap” third, and “Ade Edmondson” fourth. “Bad News (band)” remains absent from its stored top 50.

Assessment and uncertainty:
This case is ambiguous rather than a clean retrieval failure. BM25 rank 3 is a text-supported non-gold answer because the question asks for any television series featuring an actor who performed in “The Young Ones.” The annotated answer through Bad News is only one valid chain.",,"Ade Edmondson is at rank 6 and Bad News is absent, but rank 3 Filthy Rich & Catflap directly supports a plausible answer to the question as written.",The annotated actor passage narrowly misses cutoff and the annotated bridge passage is missing; a non-gold answer is retrieved in top five.,Filthy Rich & Catflap is not merely topical: it featured former The Young Ones actors and satisfies the broad question wording.,"Dense also retrieves Filthy Rich & Catflap at rank 3 and Ade Edmondson at rank 4, while Bad News remains absent.","The question is underdetermined relative to the single annotated chain, so a retrieved alternative answer makes the failure label evaluation-dependent.","The gold chain may remain intended, but the wording does not exclude other television series featuring The Young Ones actors.",plausible_non_gold_answer,gold_chain_not_unique; surface_form_tokenization_mismatch; generic_term_lexical_crowding; cross_entity_token_recombination; description_only_bridge_entity; cutoff_sensitive_near_miss,jointly_reviewed_validated_revised,"D-036 validation of `5adf58f15542993a75d264d2|bm25`, queue item 23, a Xin-only BM25 bridge unit. Content-equivalent to the D-036 decision-log entry.

Decision: For `5adf58f15542993a75d264d2|bm25`, retain the provisional primary `plausible_non_gold_answer`. Retain `gold_chain_not_unique` and adopt `surface_form_tokenization_mismatch`, `generic_term_lexical_crowding`, `cross_entity_token_recombination`, `description_only_bridge_entity` and, for the bridge hop only, `cutoff_sensitive_near_miss`. Delete the provisional name `underdetermined_question` rather than registering it. Register no new descriptor. Use `minimal_preprocessing_score_distortion` as the closest competitor. Do not adopt `cross_passage_conjunction_unresolved`, `gold_chain_substitutability`, `generic_query_scaffold_score_inflation`, `repeated_function_word_amplification`, `unindexed_title_name_anchor`, `same_topic_passage_distractor`, `peripheral_passage_content_dilution` or `proper_name_homonym_collision`.

Affected unit: `5adf58f15542993a75d264d2|bm25`.

This is the fourth decision to retain a unit's provisional primary, after D-015, D-020 and D-032, and the first single-note unit to carry `plausible_non_gold_answer`, which had been used once before, on the overlap unit of D-011. It is the second affected unit of `gold_chain_not_unique`, whose only previous unit is that same D-011 one.

Question: `Which television series featured an actor who also performed in ""The Young Ones""?` This is a bridge unit. `Ade Edmondson` states that Edmondson is an English comedian and actor best known for the television series ""The Young Ones"" and ""Bottom"", and that he also appeared in ""The Comic Strip Presents..."" series of films, for one episode of which he created the spoof heavy metal band Bad News. `Bad News (band)` states that Bad News were an English spoof heavy metal band created for the Channel 4 television series ""The Comic Strip Presents..."", played by Ade Edmondson, Nigel Planer, Rik Mayall and Peter Richardson. The annotated answer is that series, and the answer string itself is not recorded anywhere on disk in this repository, so it is read off the two required passages and is treated as a supported interpretation rather than as given. Neither required entity is named in the question: the actor is identified only by a role and a relation, and the answer series only by a category noun. The question's only proper name, ""The Young Ones"", is neither of them.

Verified implementation: `rank-bm25==0.2.2` BM25Okapi with the package defaults `k1=1.5`, `b=0.75` and `epsilon=0.25`; only paragraph text is indexed and titles are excluded; the tokenizer is `text.lower().split()` with no punctuation stripping, no stop words, no stemming, no Unicode normalization and no phrase matching; a repeated query token contributes once per occurrence. Corpus avgdl is 90.884950375 over 4,937 passages. The per-token decomposition reconciles with `get_scores` on the two required passages and on the top 16, so it may be quoted (pit 24).

Exact reconstruction: rebuilding the same 4,937-passage pooled index reproduces all 50 stored top-50 titles in order, 0 of 50 mismatched, at a maximum absolute score error of 0.000e+00, so strong causal claims are supported. Complete-corpus ranks are 6 / 19.630966 and 329 / 9.252464 against a rank-5 score of 19.686227. The indexed bodies are 112 and 54 tokens.

Diagnostic scale: 112 labelled rows on the same unchanged candidate set, of which 101 are measured runs, one of those being a deliberate repeat of the baseline under a second producer that reproduced it bit for bit, 7 tabulate the positions of passages this entry names, and 4 are `not_run` cells with reasons. The reproduction script carries 206 assertions and all pass.

A complete alternative answer sits inside the cutoff, and it survives every repair. `Filthy Rich &amp; Catflap` at 3 / 20.130130 states that it is a BBC sitcom broadcast in 1987 and that the series featured former ""The Young Ones"" co-stars Nigel Planer, Rik Mayall and Adrian Edmondson as its three title characters. One passage therefore satisfies all three explicit constraints of the question. It satisfies them under a stricter standard than the annotated chain uses: reaching ""The Comic Strip Presents..."" requires accepting one required passage's characterization over the other's, `Ade Edmondson` calling it a series of films and `Bad News (band)` calling it a Channel 4 television series, and the alternative needs no such reconciliation. The alternative is not an artefact of any defect measured below: it ranks 1 / 27.168933 under the deployable query-side repair, 1 / 29.428445 under full two-sided boundary normalization and 3 / 0.633169 on the comparison retriever, ahead of the bridge hop in each. The one setting that reverses the two is the official per-question one, where the bridge hop is 1 of 10 and the alternative 2 of 10; restricting the pooled scores to those same 10 passages instead leaves the alternative first and the bridge hop at 2 / 19.630966, so the reversal is carried by the per-question idf rather than by the smaller document set.

A full-corpus read of every rival candidate leaves exactly one. Nine passages name the Young Ones. Besides the bridge hop and the alternative answer, `Oh, No! Not THEM!` 16 / 17.834466 is a remake and never says it featured a Young Ones performer; `Carole Gray` 18 / 17.701479 appeared in the television series ""The Avengers"" and made her film debut in the 1961 film of the same name, so it changes the referent of the question's only proper name; `Roland Rat` 19 / 17.584079 concerns a puppeteer and a character rather than an actor and a series; `David Mirkin` 23 / 17.407047 and `Ben Elton` 46 / 14.837377 are a director and a writer on read text; `The Young Ones (TV series)` 35 / 15.688549 is the queried series itself and `The Young Ones (video game)` 45 / 14.873266 is a video game.

The one-character preprocessing defect, priced exactly. The query's quoted title tokenizes to `""the`, `young` and `ones""?`. The last of these occurs in 0 of 4,937 passages, is absent from the index vocabulary, and contributes exactly 0.000000: deleting it leaves the 4,937-passage order 0 of 4937 changed at a maximum absolute score difference of 0.000000. The bare corpus form `ones""` occurs in 5 passages at an idf of 6.798853, the highest idf of any form available to this question. Stripping that one character on the query side and changing nothing else moves the bridge hop from 6 / 19.630966 to 2 / 25.786297, worth 6.155330248 points and 4 rank positions, which is exactly the score a query consisting of the single token `ones""` gives it, 5 / 6.155330248, the two agreeing to 8.882e-16. The same change is worth 0.000000000 on the answer hop. This is the eighth instance of a query token absent from the corpus contributing exactly 0.000000, after D-019, D-021, D-028, D-030, D-032, D-033 and D-034. The effect is 100 percent query-side, the D-030 shape: the document side alone gives 6 / 19.630899 against a baseline of 6 / 19.630966, and the two sides together give 2 / 25.786223.

The thorough normalization is worse than the one-character one, and that is a new shape. Splitting the boundary-punctuation factor by character shows the two halves carry opposite signs on the query side: the question mark alone gives 2 / 25.786297 and the double quotes alone give 11 / 20.256894, while the combined factor gives 13 / 20.256894. The reason is in the vocabulary. Stripping boundary punctuation dissolves the anchor: df(`ones""`) falls from 5 to 0 while df(`ones`) rises from 10 to 24 at an idf of 5.301069, and df(`""the`) falls from 494 to 0 while df(`the`) rises from 4715 to 4726 at an idf of 1.885384. Measured on both sides the ordering is that the minimal repair beats the general one: 2 / 25.786297 for the question mark alone, 3 / 27.760767 for full boundary stripping over 4,936 of 4,937 passages, and 3 / 27.442933 for a generic `[a-z0-9]+` analyzer over all 4,937. All three flip `any@5`; none moves the answer hop, which goes to 330, 1087 and 1078 respectively.

A second surface-form pair, on the document side, and it decides how one oracle condition reads. The bridge hop writes its own subject as `Adrian Charles ""Ade"" Edmondson`, so the token `ade` has tf 0 inside its own indexed body while `""ade""` has tf 1; `ade` occurs in exactly 1 of 4,937 passages, the other required one, where its tf is 1. A query that is the single token `ade` therefore gives 2202 / 0.000000 and 1 / 9.908532, and the bare full name gives 3 / 9.639104 and 2 / 9.908532 - the bridge hop's own name scores its own passage below the other gold. Pit 19g's precondition check is what makes N1, appending the bridge title, readable at all: its 1 / 29.270070 and 8 / 19.160996 is not evidence that the name is a weak anchor, it is evidence that this anchor is delivered to the wrong passage.

No non-oracle condition recovers both hops, and the oracle boundary is sharp. Across the measured runs not one non-oracle cell places both required passages inside the cutoff. The answer hop's best non-oracle position anywhere is 77 / 6.009257, reached by a query reduced to the two category nouns, which leaves the bridge hop at 28 / 7.172356; the best from a factor applied to the full question is 100 / 8.695492 under scaffold removal, which is negative on the bridge hop at 8 / 14.671657. Every oracle condition that names the answer side recovers both: appending the answer title 1 / 24.736194 and 3 / 21.929780, appending both titles 1 / 34.375297 and 2 / 31.838312, appending the answer entity 1 / 32.617840 and 5 / 24.357889. The single-factor oracle-name test D-020 introduced therefore passes here, its thirteenth application and its seventh pass, after D-017, D-023, D-026, D-028, D-029 and D-035.

The wording factorial, run in two preprocessing states, is what deletes `underdetermined_question`. Pits 19k and 19ah require the repair to be a full factorial and to be run twice. Factor A repairs the title's surface, B replaces `performed in` with the corpus idiom `appeared in`, and C adds the constraint that the actor created a spoof heavy metal band for the series - C is oracle, because that fact is stated only in the two required passages. In the raw state the eight cells give 6 / 19.630966, 3 / 22.868072, 13 / 20.256894 and 9 / 23.494000 on the bridge hop for the four non-oracle combinations, so A alone is negative and B alone is positive and only the factorial shows it; under two-sided boundary normalization A is exactly inert, A0 and A1 agreeing bit for bit at 3 / 27.760767 and at 1 / 30.982730, and the eight cells collapse to two results. All 8 oracle cells put both hops inside the cutoff and all 8 non-oracle cells fail, in both states. A question property that only a fact from inside the golds can repair is not a retrieval mechanism (pit 17); this is the same ground on which D-034 deleted `question_wording_ambiguity`, and what `underdetermined_question` was recording is already carried, with a passage behind it, by `gold_chain_not_unique`.

The removal probe's gain is entirely positional, which is unusual on a lexical backend. Five non-gold passages sit above the bridge hop. Four of them fail the question on read text and form the family; the fifth is the alternative answer and forms the complement. Removing the family gives 2 / 19.681225; removing the complement alone gives 5 / 19.644641; a size-matched null of four high-ranked passages carrying no `young` gives 6 / 19.665899, that is no movement at all; and the statistics-matched cell, the family removed with the pooled idf and avgdl grafted back, gives 2 / 19.630966 - the same rank at a score bit-identical to the baseline. Pit 19ad exists because a lexical removal moves idf as well as position; here the two are cleanly separated and the statistical half is exactly zero.

Pit 19u's cell was run in both states and agrees, unlike D-034. Removing all 5 non-gold passages above the bridge hop gives 1 / 19.695018; removing all 327 above the answer hop gives 1 / 22.488063 and 3 / 11.231877, both inside the cutoff. Under two-sided normalization the same cells give 1 / 27.862895 with 2 removals and 1 / 37.325376 and 2 / 13.115875 with 1,085. The cumulative ladder shows how differently the two hops behave: one removal already gives the bridge hop 5 / 19.639773 and flips `any@5`, while the answer hop is still at 123 / 10.279798 after 160 removals and needs all 327.

The crowding test is weak in both directions, the D-033 shape. The referent cue alone reproduces 2 of the 5 passages above the bridge hop in its top ten, and the frame with the cue deleted reproduces a different 2; the fifth is reproduced by neither. Pit 19i requires both directions to agree in sign before a crowding descriptor may be promoted, and neither family can be assigned to the other here, so `generic_term_lexical_crowding` stays a secondary under its own deferral clause.

Corpus setting is provenance, and both paths are present. Pooled gives `any@5` 0 and `full@5` 0 at 6 and 329; the official per-question setting gives `any@5` 1 and `full@5` 0 at 1 and 10, and the rebuilt per-question index reproduces the stored CSV order title by title. New competitors is measured and holds: 4 of the 5 passages above the bridge hop and 319 of the 327 above the answer hop are introduced by pooling. The statistics path is measured too and holds independently: restricting the pooled scores to the same 10 passages gives 2 / 19.630966 and 10 / 9.252464, so the alternative answer still outranks the bridge hop inside the window, while rebuilding on the window gives 1 / 5.186791 and 10 / 1.870318. Grafting the pooled idf and avgdl back onto the window reproduces the restricted order title by title at 2 / 19.630966, and grafting the pooled idf alone gives 2 / 18.817663, so idf carries the whole difference and avgdl carries none of it, the D-032 split. This is the ninth unit in which the two corpus settings disagree.

The title-indexing condition is materially positive and is not a title-anchor effect. T alone moves the bridge hop from 6 / 19.630966 to 5 / 19.745864 and flips `any@5`, the second materially positive T after D-028. It is not the D-028 mechanism. No query token appears in either gold title. avgdl moves from 90.884950 to 94.023496, the bridge hop gains 0.114897 and the passage that had defined the cutoff gains 0.038857, and they exchange places with a final margin of 0.020780. This is a length-normalization side effect, and `unindexed_title_name_anchor` is refused on its second inclusion condition even though its third one holds.

Secondary descriptor grounds:

`gold_chain_not_unique`: retained. `Filthy Rich &amp; Catflap` at 3 / 20.130130 supports a complete answer under the same evidentiary standard as the annotated chain, and on read text under a stricter one.

`surface_form_tokenization_mismatch`: adopted, its eleventh unit. Two worked pairs, `ones""?` against `ones""` on the query side and `ade` against `""ade""` on the document side.

`generic_term_lexical_crowding`: adopted, its ninth unit. The inclusion rule is met on read text by the four higher-ranked passages that fail the question, `Sianoa Smit-McPhee` 1 / 21.089205, `Tzi Ma` 2 / 20.621536, `The Itchy &amp; Scratchy Show` 4 / 19.971104 and `Gretchen Palmer` 5 / 19.686227, each taking between 32.9 and 63.4 percent of its score from the content-bearing category terms `television`, `series`, `actor`, `featured` and `performed`. The exclusion for a passage that supplies a complete alternative answer is what keeps the fifth out of the family.

`cross_entity_token_recombination`: adopted, its second unit and the first on this question shape. `Gretchen Palmer`, the passage that defined the cutoff at 5 / 19.686227 and stood 0.055261 above the bridge hop, takes 7.949254 or 40.4 percent of its score from the question's referent cue while having no connection to the queried series: 4.111593 comes from `young` supplied by The Young and the Restless and 3.837661 from `""the` supplied by three unrelated quoted series titles.

`description_only_bridge_entity`: adopted as a secondary, its tenth unit. Neither required entity is named, in the D-029 and D-034 form, and the D-024 precondition was checked before the verdict was read. It is a secondary rather than the primary because the descriptive material is not the binding constraint on the bridge side: a blind query-side repair that adds no information reaches that passage at 2 / 25.786297, the D-034 boundary.

`cutoff_sensitive_near_miss`: adopted for the bridge hop only. The rank-5 score is 19.686227 and the two required passages sit 0.055261 and 10.433763 points, or 0.281 and 53.000 percent, below it. 0.281 percent is the smallest margin this project has recorded, below D-026's 1.156 percent, so adopting it moves the accepted band's lower edge to 0.281 percent; 53.000 percent moves the excluded band's upper edge from D-025's 52.794 percent. There is no cliff, the successive differences from rank 1 to rank 10 being 0.467669, 0.491405, 0.159027, 0.284877, 0.055261, 0.224272, 0.288721, 0.118155 and 0.097356, the step just above the gold being the smallest of the nine. The counter-evidence supports adoption in the D-032 sense: an index-side removal of one competitor already gives 5 / 19.639773 and flips `any@5`. The no-substitute condition D-022 introduced is met, a full-corpus scan finding `comic strip presents` in exactly 2 passages which are the two required ones, `bad news` in exactly 2 which are the same two, and `ade edmondson` in exactly 1, which is the other required passage and does not state the fact this one supplies.

Excluded descriptors: `cross_passage_conjunction_unresolved` is refused on its first exclusion, one passage supplying a complete answer, which is the exclusion D-011 also used. `gold_chain_substitutability` is refused on its own exclusion for an alternative that changes the answer. `generic_query_scaffold_score_inflation` is refused on its second exclusion: content-bearing category terms outweigh scaffold in every one of the five passages above the bridge hop, for instance `Sianoa Smit-McPhee` taking 13.367157 from category terms against 6.140381 from scaffold. `repeated_function_word_amplification` and `repeated_content_word_amplification` are inapplicable, the query repeating no token. `unindexed_title_name_anchor` is refused on its second inclusion condition although its third holds. `same_topic_passage_distractor` is refused because the competitors are generic category matches rather than passages in the answer entity's own neighbourhood, the D-024 ground. `peripheral_passage_content_dilution` is inapplicable, its definition being scoped to a mean-pooled encoder. `proper_name_homonym_collision` is not adopted: the 1961 film sharing the queried title is real but its passage sits at 18 / 17.701479, below the bridge hop, so it is not outcome-determinative.

Closest competitor: `minimal_preprocessing_score_distortion`, which would be that name's tenth unit. It wins on outcome-determinacy for `any@5`, one deployable query-side character being worth 4 rank positions and flipping the metric. It loses on three grounds. First, the repair does not turn a wrong result into a right one: it promotes the complete alternative answer to 1 / 27.168933 and the annotated bridge hop to 2 / 25.786297, so what the defect suppressed was an already-correct top-5. Second, `full@5` is untouched by it and by everything else non-oracle, the answer hop's best non-oracle position being 77 / 6.009257. Third, D-005 is active and names this very unit as one of its two motivating units, and D-011 decided the same shape the same way on the other one.

Not-run cells and attribution boundary: four cells were not run. M split by side, because the query holds no singular/plural pair so pit 19t's mechanism is absent and neither mismatch is morphological. A gold-targeted index-side surface repair with its corpus-wide counterpart, because pit 19ae applies only when the repair must be aimed at a gold and this mismatch is wholly query-side, so the deployable version is the query-side cell already run. Length-matched dilution controls, because that gate is scoped to a mean-pooled encoder. Query splitting, because pit 19o is a comparison-unit requirement and this is a bridge unit whose answer hop shares no query token beyond the generic frame. Attribution boundary: what is established is that a complete alternative answer is retrieved inside the cutoff and survives every intervention, that one query character is worth 6.155330248 points on the bridge hop, that the family removal's gain is entirely positional, and that no non-oracle condition reaches the answer hop. What is not established is why the annotated chain was chosen over the alternative by the dataset's annotators, the answer string not being on disk here; nor that the alternative would be accepted by the benchmark's own scorer, which compares titles. The comparison retriever is cited only for reachability: `Ade Edmondson` 4 / 0.619434 and `Bad News (band)` 184 / 0.263856 over the same 4,937 passages, with scales not comparable across backends.

Taxonomy effect: `taxonomy_defect_flag=false`. The existing primary code covers the case, no new descriptor is created, and one provisional name is deleted.

Boundary: three are recorded rather than closed. First, the two statements of D-025's split rule now in the `cutoff_sensitive_near_miss` entry do not agree: D-025, D-026 and D-032 adopted the descriptor for the near hop while the far hop sat inside the excluded band, and D-035 restates the rule as forbidding the descriptor for the whole unit whatever the near figure does. This decision follows the four landed adoptions and registers the wording as a vocabulary-audit question. Second, when a complete alternative answer already sits inside the cutoff, `cutoff_sensitive_near_miss` records the fragility of the annotated title rather than of answer availability, which is a weaker reading than the one D-022 through D-032 gave it; that distinction is registered and not resolved. Third, whether `description_only_bridge_entity` and `plausible_non_gold_answer` should be allowed to sit on the same unit is left open: the first says the annotated chain is unreachable without a name, the second says the chain did not have to be reached, and both are measured here.

References: `references/bm25_implementation_reference.md`, `references/reusable_retrieval_failure_review_playbook.md`, `manual_review_v1/analysis/secondary_descriptor_registry.md`, and `manual_review_v1/analysis/per_case_analysis/bm25_bridge_5adf58f15542993a75d264d2.md`.","Resolved for this validation pass in favour of retaining plausible_non_gold_answer, with three boundaries recorded rather than closed and no new descriptor registered, the eighth consecutive decision to create no name after D-029 through D-035. First, the two statements of D-025's split rule now standing in the cutoff_sensitive_near_miss entry do not agree: D-025, D-026 and D-032 adopted the descriptor for the near hop while the far hop sat inside the excluded band, and D-035 restates the rule as forbidding the descriptor for the whole unit whatever the near figure does. This decision follows the landed adoptions and registers the wording as a vocabulary-audit question. Second, when a complete alternative answer already sits inside the cutoff, cutoff_sensitive_near_miss records the fragility of the annotated title rather than of answer availability, a weaker reading than D-022 through D-032 gave it; registered, not resolved. Third, whether description_only_bridge_entity and plausible_non_gold_answer may sit on one unit is left open: the first says the annotated chain is unreachable without a name, the second says it did not have to be reached, and both are measured here.",plausible_non_gold_answer,minimal_preprocessing_score_distortion,"Prefer plausible_non_gold_answer over minimal_preprocessing_score_distortion. Step one: under pit 13 meeting an inclusion rule does not decide the tie, and both candidates meet theirs. Step two: the preprocessing reading's leg is checked and it is strong. The query token ones""? occurs in 0 of 4,937 passages and contributes exactly 0.000000, deleting it leaving the 4,937-passage order 0 of 4937 changed at a maximum absolute score difference of 0.000000, while the bare corpus form ones"" occurs in 5 passages at an idf of 6.798853; stripping that one character on the query side moves the bridge hop from 6 / 19.630966 to 2 / 25.786297, worth 6.155330248 points and 4 rank positions and exactly the score a query of the single token ones"" gives it, 5 / 6.155330248, the two agreeing to 8.882e-16. That is outcome-determinative for any@5. Step three: it still loses. The same repair promotes the complete alternative answer Filthy Rich &amp; Catflap to 1 / 27.168933 and the annotated bridge hop only to 2 / 25.786297, so the defect was suppressing an already-correct top-5 rather than producing a wrong one; the alternative also outranks the bridge hop at baseline 3 / 20.130130 against 6 / 19.630966, under full two-sided normalization 1 / 29.428445 against 3 / 27.760767, and on the comparison retriever 3 / 0.633169 against 4 / 0.619434, the official per-question setting being the one that reverses them. full@5 is untouched by every non-oracle condition, the answer hop's best non-oracle position anywhere being 77 / 6.009257. D-005 is active and names this unit as one of its two motivating units, and D-011 decided the same shape the same way on the other one. Step four: description_only_bridge_entity is the second competitor, its inclusion rule is met and the D-020 oracle-name test passes at 1 / 24.736194 and 3 / 21.929780, but it is taken as a secondary because the descriptive material is not the binding constraint on the bridge side, a blind query-side repair reaching that passage at 2 / 25.786297.",medium-high,false,jointly_reviewed
manual_review_v1,2026-07-17_a,5ae048a255429924de1b708e,dense,5,bridge,What movie did Pitof direct which had an action-adventure tie-in video game based off of it in 2004?,Catwoman (film),not_in_top50,Catwoman (video game),39,1,single_note,"Observed:
For dense retrieval, “Catwoman (film)” is not in the stored top 50 and “Catwoman (video game)” is ranked 39. The film text identifies a 2004 film directed by Pitof; the game text identifies an action-adventure tie-in based on the 2004 film of the same name.

Pooled-corpus passage evidence:
Rank 1 is a 2009 action film directed by Mark Neveldine and Brian Taylor. Rank 2 is a game based on a 2010 film. Rank 3 is an action-adventure video game adaptation released in 2005. Ranks 4 and 5 describe an unfinished video game and a 1955 war film. None of these passages mentions Pitof, Catwoman, or a 2004 Catwoman tie-in. Other highly ranked passages similarly concern films, games, or adaptations but do not supply the required director-year-game conjunction.

Comparison-retriever evidence:
BM25 ranks “Catwoman (video game)” second, so the 2004 tie-in statement is in its top five, but “Catwoman (film)” is also absent from its stored top 50. Neither retriever recovers the complete annotated chain.

Assessment and uncertainty:
The dense results contain broad film/game/adaptation similarity but not the exact Catwoman relation. The film passage’s absence is a bridge problem because the game language occurs in the second gold passage, while Pitof occurs in the first.",,Catwoman film is absent and the game is at rank 39; high results are generic film-game adaptations with mismatched years and directors.,The film passage is missing and the game passage is deep in the stored list.,"Broadly similar action films, games based on films, and adaptations match subsets of the requested conjunction.",BM25 retrieves the game at rank 2 but also does not retrieve the film in its stored top 50.,"The decisive director-year-game conjunction is distributed across two passages, while broad adaptation similarity retrieves partial matches instead of the exact pair.","Because the film is absent for both retrievers, the issue may be shared bridge construction or source-passage mismatch rather than dense retrieval alone.",peripheral_passage_content_dilution,question_frame_semantic_crowding,jointly_reviewed_validated_revised,"Joint review of the Xin-only single-note unit 5ae048a255429924de1b708e|dense, queue item 24 of the section 7A validation pass, landed as D-037. The original note is Xin's and is preserved verbatim in note_xin; what follows is content-equivalent to the D-037 entry in open_code_decision_log.md.

Decision: For `5ae048a255429924de1b708e|dense`, replace the provisional primary `cross_passage_conjunction_unresolved` with `peripheral_passage_content_dilution`, and adopt `question_frame_semantic_crowding` as the only secondary. Delete the two provisional names `broad_adaptation_topic_crowding` and `answer_entity_missing_both_methods` rather than registering either. Register no new descriptor. Use `question_frame_semantic_crowding` as the closest competitor. Do not adopt `cross_passage_conjunction_unresolved`, `description_only_bridge_entity`, `same_topic_passage_distractor`, `generic_person_semantic_neighborhood`, `unindexed_title_name_anchor`, `cutoff_sensitive_near_miss`, `gold_chain_substitutability`, `gold_chain_not_unique`, `plausible_non_gold_answer` or `low_context_name_query`.

Affected unit: `5ae048a255429924de1b708e|dense`.

This is the first primary use of `peripheral_passage_content_dilution`. The gate had been applied seven times before, by D-023, D-025, D-026, D-027, D-029, D-031 and D-035, passing five of those times, and every pass stopped at secondary on one stated ground: the ablation ceiling with both required passages reduced to their cores still left one of them outside the cutoff. D-035 records that ceiling as 1 / 0.585251 and 7 / 0.460718. That ground is measured here and does not hold: the same two-sided ablation gives 3 / 0.469751 and 1 / 0.549310, and its own length-matched control gives 863 / 0.144759 and 871 / 0.143892. This is the eighth application and the sixth pass, and the fourth unit after D-026, D-029 and D-035 in which the gate passes on both required passages. It is also the eighth consecutive decision that registers no new descriptor, and the third to delete two or more provisional names at once, after D-031 and D-033.

Question: `What movie did Pitof direct which had an action-adventure tie-in video game based off of it in 2004?` This is a bridge unit. `Catwoman (film)` states that Catwoman is a 2004 American action superhero film loosely based on the DC Comics character of the same name directed by Pitof, produced by Denise Di Novi and Edward McDonnell, written by John Rogers, John Brancato and Michael Ferris, with music by Klaus Badelt, and that it stars Halle Berry, Sharon Stone, Benjamin Bratt, Lambert Wilson, Frances Conroy and Alex Borstein. `Catwoman (video game)` states that Catwoman is an action-adventure tie-in video game based on the 2004 film of the same name based on the fictional character, and that it features the likeness of the film's lead actress, Halle Berry, though the character's voice is provided by actress Jennifer Hale. The answer is the film, so `Catwoman (film)` is the answer hop and `Catwoman (video game)` supplies the tie-in constraint. The question names exactly one entity, `Pitof`, and that name is corpus-unique: 1 of 4,937 indexed bodies contains it, and that body is the answer hop. The linking name `Catwoman` appears in 2 of 4,937 bodies, which are the two required passages, and appears nowhere in the question.

Verified implementation: `all-MiniLM-L6-v2` used as a symmetric bi-encoder; only paragraph text is encoded and titles are excluded; mean pooling with an explicit row-wise L2 so that a dot product is a cosine; a 256-token sequence limit. The two required passages are 82 and 57 model tokens and the question is 26, so truncation is excluded on both sides. Cosine carries no collection statistic, which has two consequences used throughout: a subset ranking is the pooled ranking restricted to that subset, and every index-side removal probe is an arithmetic identity rather than a measurement (pit 19ai). Per-token contribution is not derivable on this backend and none is claimed (pit 18).

Exact reconstruction: rebuilding the same 4,937-passage pooled index reproduces all 50 stored top-50 titles in order, 0 of 50 mismatched, at a maximum absolute score error of 2.086e-07, so strong causal claims are supported. Complete-corpus ranks are 263 / 0.244736 and 39 / 0.320936 against a rank-5 score of 0.396391. Neither gold is absent from the corpus, which is one of the two grounds for deleting `answer_entity_missing_both_methods` below.

Diagnostic scale: 199 labelled rows on the same unchanged candidate set, of which 191 are measured runs covering 188 distinct conditions, 3 of those being deliberate repeats across producers that reproduced the baseline and the title-indexing condition bit for bit, 3 tabulate the positions of passages this entry names, and 5 are `not_run` cells with reasons. The reproduction script carries 217 assertions and all pass.

The dilution gate passes on both required passages, in its strongest recorded form. All four include conditions hold on each side. The pooling and scoring contract is verified from implementation rather than inferred, and both passages sit inside the sequence limit at 82 and 57 model tokens. On the answer hop, whose body is 60 words, a verbatim subset of its own query-relevant material gives 11 / 0.378848 at 22 words and 2 / 0.469751 at 11 words, against a baseline of 263 / 0.244736; dropping only the cast sentence gives 187 / 0.264044 at 45 words, and an 8-word subset gives 1 / 0.514763. The length-matched controls, which keep the passage's subject name and carry no query-relevant word, improve nothing at any length: 864 / 0.144759 at 12 words, 1052 / 0.124028 at 25 words, 921 / 0.137778 at 40 words and 788 / 0.153279 at 53 words, every one of them far below the untouched 263. On the constraint hop, whose body is 42 words, the first sentence taken verbatim gives 3 / 0.450154 at 21 words and a 12-word subset gives 1 / 0.549310, against a baseline of 39 / 0.320936, while the controls give 745 / 0.158364 at 20 words and 803 / 0.151917 at 23 words. The decisive comparison is a matched pair rather than a curve endpoint: 11 words of query-relevant material rank 2 / 0.469751 and 12 words of non-relevant material from the same body rank 864 / 0.144759.

The controls are decontaminated word by word, as D-035 requires. Adding one single query-relevant word back into the 25-word answer-side control moves it several hundred rank positions while leaving it far below the baseline: the word `film` gives 790 / 0.153217 and the year `2004` gives 808 / 0.151573, against 1052 / 0.124028 without either. The constraint-side control behaves the same way, 745 / 0.158364 becoming 484 / 0.199321 when the single word `film's` is restored. The controls are therefore not passing the gate by accident of wording.

The two-sided ablation places both required passages inside the cutoff, and this is the first time that has happened. Reducing both bodies to their minimal verbatim subsets gives 3 / 0.469751 and 1 / 0.549310; the answer hop's 11-word subset with the constraint hop's whole first sentence gives 2 / 0.469751 and 4 / 0.450154; shorter subsets still give 2 / 0.514763 and 1 / 0.541608. Replacing the same two rows with length-matched controls instead gives 863 / 0.144759 and 871 / 0.143892, and the two asymmetric cells confirm that each side's core rescues only its own side, 2 / 0.469751 with 871 / 0.143892 and 864 / 0.144759 with 1 / 0.549310. The less aggressive pairing, both bodies cut to their query-relevant subsets rather than their minimal ones, does not double-recover at 12 / 0.378848 and 3 / 0.450154, so the ceiling depends on how far the ablation is taken and that dependence is reported rather than smoothed over.

The null control is reported as a measured residual rather than as equality. Pit 25d asks a null control to show that substituting one matrix row equals re-encoding the corpus. Re-encoding each unchanged body into its own row reproduces the baseline pair 263 / 0.244736 and 39 / 0.320936 to every printed digit, which is the sense in which D-026, D-029 and D-035 report their null controls; measured to the float, the largest absolute score difference over all 4,937 rows is 5.960e-08 on each side, because the batch encode behind the document matrix and the single-element encode behind a substituted row are not bit-identical. The equivalence is exact in the ranking and approximate in the last two digits of the float, and every ablation figure above sits many orders of magnitude above that residual.

The question's only name is a corpus-unique anchor that this encoder cannot use, and that fact is produced by the same dilution. Reduced to the single word `Pitof`, the query ranks its sole bearer 1283 / 0.076500. A four-word descriptive control with no connection to the case, `a French film director`, ranks the same passage 448 / 0.230280, so the bare corpus-unique name is 835 rank positions worse than a generic phrase; repeating it three times gives 1571 / 0.057080. Adding generic context helps rather than hurts, `directed by Pitof` giving 329 / 0.228811 and `Pitof director` 297 / 0.214813. Other names written in the same body behave the same way, `Denise Di Novi` 418 / 0.170030, `John Brancato` 393 / 0.194881, `Klaus Badelt` 592 / 0.161732 and `Sharon Stone` 1014 / 0.128881. The attribution is closed by repeating the probe against the un-diluted body: the query `Pitof`, unchanged, ranks that passage 2 / 0.330683 once its body is the 11-word subset and 1 / 0.391955 once it is the 8-word subset, and 894 / 0.095909 against the 12-word length-matched control; `directed by Pitof` gives 1 / 0.436933 against the 11-word subset. The same ablation moves a probe matching the removed material in the opposite direction, `Halle Berry` going from 141 / 0.249922 to 426 / 0.183656, and the constraint side behaves identically, `Jennifer Hale` going from 31 / 0.307791 to 420 / 0.177707 while `tie-in video game` goes from 85 / 0.227871 to 3 / 0.419730. The effect is therefore directional and content-specific rather than a brevity effect. This gives D-029's open boundary its first mechanical account: that entry recorded an anchor that exists in the query and in the passage, is corpus-unique, and still ranks its bearer 2202 / 4937, and left open whether ""no anchor"" and ""an unusable anchor"" belong to one descriptor. Here the unusable anchor is a consequence of the adopted primary, so no separate descriptor is needed for it.

One shared name gives a controlled contrast between the two bodies. `Halle Berry` is written in both required passages. The same query ranks the 60-word answer hop 141 / 0.249922 and the 42-word constraint hop 9 / 0.354602, a gap of 0.104681 in score and 132 rank positions, with the shorter and less padded body ahead.

`question_frame_semantic_crowding` is adopted as a secondary, and both directions of the crowding criterion agree. The first half of the include rule holds on read text: all 38 non-gold passages above the constraint hop match the question's framing facets, a film, a video game, an adaptation or a director, and 0 of the 38 contain `Catwoman` and 0 contain `Pitof`; the same two counts are 0 and 0 among the 261 above the answer hop, of which 245 carry a film word or a game word. The forward direction holds: the game clause alone reproduces 6 of the baseline top ten, the same clause with the year 6 of ten, and `a video game based on a film` 5 of ten, while the referring clause alone reproduces 1 of ten and the bare name 0 of ten. The reverse direction agrees: deleting the single word `Pitof` from the full question leaves 8 of the baseline top ten in place, at 222 / 0.245012 and 18 / 0.352078. The third exclusion therefore does not fire, which is the reverse of D-035 and the same shape as D-025. It is adopted as a composition and not as a causal claim, following D-035, because on a bi-encoder no removal probe can supply causal evidence for a crowding descriptor.

Every index-side removal probe is an arithmetic identity, verified cell by cell. Twenty-two removal cells were run and all twenty-two match `rank_after = rank_before − |dropped and ranked above it|` with the gold scores identical to the last bit. Dropping all 38 above the constraint hop gives 225 / 0.244736 and 1 / 0.320936; dropping all 261 above the answer hop gives 2 / 0.244736 and 1 / 0.320936; the 16-passage video-game family gives 247 / 0.244736 and 23 / 0.320936 and its 22-passage complement gives 241 / 0.244736 and 17 / 0.320936, the two differing only by their sizes; a size-matched null drawn from below the constraint hop leaves it at 39 / 0.320936. The cumulative ladder runs 258, 253, 243, 224, 184, 104, 63, 23 and 2 on the answer hop for 5, 10, 20, 40, 80, 160, 200, 240 and 261 passages dropped. The identity also holds in the repaired state, where only 1 non-gold remains above the answer hop and dropping it gives 2. This is the second independent verification of pit 19ai after D-035, and it is why no crowding descriptor can be primary on this unit.

The only query-side lever on the crowding family points the other way. Deleting the whole game clause, which is the cue that produces the competitor family, moves both required passages further from the cutoff, to 545 / 0.203382 and 937 / 0.150986 from 263 / 0.244736 and 39 / 0.320936. The family is real and it is produced by the frame, but the required passages need that frame rather than being suppressed by it.

Title indexing is materially positive and by itself flips `any@5`, but the anchor reading of it is wrong. The deployable corpus-wide condition gives 125 / 0.273863 and 5 / 0.387651, putting the constraint hop inside the cutoff. Decomposing it on the two gold rows shows the gain does not come from the title's name: prepending the bare name `Catwoman` gives 260 / 0.247282 and 26 / 0.333190, close to inert, while prepending only the parenthetical disambiguator gives 91 / 0.292896 and 8 / 0.388039, and prepending the whole title gives 146 / 0.273863 and 8 / 0.387651, so restoring the name makes the answer side worse. The disambiguators are `(film)` and `(video game)`, which are the question's own facet words. `unindexed_title_name_anchor` therefore fails its second include condition at the first step, because neither title carries the query's anchor `Pitof`; this is the second unit after D-036 where a materially positive title condition has a mechanism other than a title-borne name (pit 19am), and the first where the alternative mechanism is isolated by a three-cell decomposition rather than argued from a length normalization side effect.

No non-oracle condition places both required passages inside the cutoff. The search covered a 16-cell wording factorial run in two preprocessing states, a 8-cell NAME by GAME by YEAR component factorial, 14 reduced queries, 10 single-cue deletions, 12 ceiling rewrites with and without title indexing, and 3 query splittings. The best deployable condition is title indexing at 125 / 0.273863 and 5 / 0.387651. The best condition of any non-oracle kind is a rewrite that presupposes a fact written only in the answer gold and is therefore not deployable under pit 19ab, giving 10 / 0.376168 and 6 / 0.395653. Sliced as pit 19ak requires, by whether the condition preserves the question's referring expression word for word, the non-oracle double recoveries number 0; the 10 conditions that do place both passages inside the cutoff are 6 oracle injections of the name `Catwoman` and 4 gold-targeted index-side ablations.

Query splitting fails in all three forms. Splitting the question into an answer-side query and a constraint-side query and taking the union of the two top-5 sets contains neither required passage under any of the three splittings; the best single side reaches 15 / 0.356396 on the constraint hop and 388 / 0.207485 on the answer hop.

The wording of the question is not the mechanism, in either preprocessing state. The A by B by C repair, which fixes the non-standard `based off of it`, swaps the head noun and moves the year into the game phrase, was run in the baseline state and again under title indexing, 16 cells in all. In the baseline state the answer hop stays within 244 to 273 and the constraint hop within 33 to 63; under title indexing they stay within 95 to 125 and 5 to 10. Running the second state is what shows the inertness is not masked by the first (pit 19ah).

The single-fact controls price the facts the question actually needs, and they are not enough. Deleting `directed by Pitof` from the answer hop's body and changing nothing else moves it from 263 / 0.244736 to 553 / 0.187165; deleting `2004` gives 334 / 0.226723; replacing `Pitof` with `the director` gives 407 / 0.210516. On the constraint hop, deleting `action-adventure tie-in` gives 88 / 0.293724 and deleting the 2004-film clause gives 77 / 0.297823. The queried facts do carry score, so the failure is not that the passages omit the answer; what determines the rank is the rest of each body.

The single-factor oracle-name test passes in six forms and still loses the primary. Appending the answer title gives 2 / 0.586489 and 1 / 0.647057, the constraint title 2 / 0.553469 and 1 / 0.640847, both titles 2 / 0.610733 and 1 / 0.693891 and the bare name 2 / 0.569072 and 1 / 0.631444; the query reduced to `Catwoman` alone gives 2 / 0.769825 and 1 / 0.788529. Pit 19g's premise is verified, the injected name being written verbatim in both bodies and in only those two of 4,937, and pit 24b's is too, the name appearing in no surface form anywhere in the question, so the condition is not degenerate. This is the thirteenth application of the criterion and the seventh pass. It loses for the reason D-028 established and pit 15 states: a non-oracle-side result outranks an oracle one, and here an index-side repair that leaves the query untouched word for word double-recovers.

`cross_passage_conjunction_unresolved` is not adopted, on the D-026 route. Two of its three positive legs fail. The matched-token leg has no Dense analogue, as D-025 records. The opposite-sign leg is 2 of 13 single factors, below the 4 of 19 on which D-026 refused the same name, and far below 10 of 19 at D-024, 10 of 20 at D-025, 8 of 22 at D-031 and 8 of 14 at D-035. The third leg has the wrong shape: the linking name `Catwoman` is written in both required bodies rather than only in the other one, so neither passage has to resolve anything in the other and carry it across; what is missing is that the question never contains that name. The D-026 route then fires outright, a single anchor lifting both sides, `Catwoman` alone giving 2 / 0.769825 and 1 / 0.788529, the answer title alone 1 / 0.821070 and 2 / 0.775806 and the constraint title alone 2 / 0.707477 and 1 / 0.805008; this is the opposite sign to D-025, where the same probe demoted the other side to 2158. The D-028 route explicitly does not fire and the refusal does not rely on it: no non-oracle query condition double-recovers. The first exclusion, one passage supplying a complete answer, is recorded as a boundary and is not used as a ground: the answer hop alone names Pitof, the year and the medium, and `pitof` occurs in only that one body, so it locates the answer, but it never states that a tie-in game exists, so the question's second constraint cannot be checked from it. The decisive point is that the name is not adopted even under its own reading, because both sides are separately unreachable, the corpus-unique name giving 1283 / 0.076500 and the referring clause 436 / 0.189887, while an index-side change that leaves the question untouched puts both inside the cutoff.

`description_only_bridge_entity` is not adopted, on the D-028 route. Its definition requires that the question leave no unique entity-name anchor, and this question supplies one, `Pitof`, unique in the corpus and written in the required passage it points at. More decisively, the condition that double-recovers is an index-side one with the query unchanged word for word, which is exactly what D-028 treats as showing that the description itself is sufficient. Passing the oracle-name criterion in six forms does not override that, by pit 15.

`broad_adaptation_topic_crowding` is deleted rather than registered. It names the same set of competitors as the registered `question_frame_semantic_crowding` under a narrower label, the broad adaptation topic being one of that descriptor's framing facets, and this unit is its only holder anywhere on disk. This follows the ground on which D-031 deleted `subject_associate_crowding` and D-033 deleted `cross_entity_relation_unresolved`, that a provisional name duplicating a registered one is deleted rather than registered.

`answer_entity_missing_both_methods` is deleted on the two independent grounds D-033 used for the same name. First, it states gold missingness, which is a result and not a mechanism (pit 17, D-003). Second, it is factually wrong: the passage it calls missing is in the corpus, at 263 / 0.244736 on this retriever and 3241 / 5.756382 on BM25, and `not_in_top50` describes only the stored window (pit 7). This unit is the name's last holder, so the deletion clears it from the vocabulary; D-033 deleted it on `5abcc96c5542996583600492|bm25` for the same two reasons.

`cutoff_sensitive_near_miss` is not adopted and no band edge moves. The two required passages sit 0.151655 and 0.075455 below the rank-5 score of 0.396391, which is 38.259 and 19.036 percent, both inside the established excluded band. There is no cliff to appeal to below the cutoff: the successive differences from rank 1 to rank 10 are 0.007612, 0.017155, 0.001583, 0.048638, 0.004194, 0.003336, 0.002790, 0.000182 and 0.005142, so the largest step in the region sits between rank 4 and rank 5, above the cutoff rather than below it.

No substitute exists for either hop and there is no complete non-gold answer. The token `pitof` occurs in 1 of 4,937 indexed bodies, which is the answer hop itself, so nothing else in the corpus can answer which film Pitof directed. The token `catwoman` occurs in 2 of 4,937, which are the two required passages, so nothing else states that a 2004 Catwoman film had an action-adventure tie-in game. Neither token occurs in any of the 261 passages above the answer hop. `Tron Evolution: Battle Grids` at 2 / 0.463768 carries the phrase `action-adventure tie-in video game` word for word but is based on a 2010 film and never mentions Pitof, so it is a partial-match competitor and not an evidence-bearing substitute (pit 19b). `gold_chain_substitutability`, `gold_chain_not_unique` and `plausible_non_gold_answer` are all refused on this reading.

Corpus setting does not carry the failure: per-question failure excludes pooling, and the two settings agree on both metrics. Pooled gives `any@5` 0 and `full@5` 0 at 263 / 0.244736 and 39 / 0.320936; the official per-question window of 10 passages gives `any@5` 0 and `full@5` 0 at 10 / 0.244736 and 7 / 0.320936. Restricting the pooled scores to those same 10 reproduces both gold scores bit for bit and reproduces the official window exactly, the eighth verification of the Dense restriction property D-025 established. This is the fourth unit whose two settings agree on both metrics, after D-021 on BM25 and D-027 and D-031 on Dense. Of the three paths by which corpus setting can move a metric, the added-competitor path is excluded because dropping only the passages pooling introduced above each gold, 253 and 32 of them, returns exactly the per-question ranks 10 and 7, which on this backend is the restriction identity rather than a measurement; the idf-scale path cannot apply to a bi-encoder; and the annotator-supplied path does hold, this question's own 8 distractors standing above the constraint hop 6 times and above the answer hop 8 times, with the answer hop last of the ten in its own window. Recorded as provenance under D-003 and not promoted to a causal category.

Comparison retriever, reachability only. BM25 over the same pooled corpus places the two required passages at 3241 / 5.756382 and 2 / 34.118716, and over this question's 10 at 10 / 1.352624 and 3 / 4.367514. One implementation fact is worth recording because it shows the two backends fail for unrelated reasons: `df(pitof)` is 0 in the BM25 index, because the answer hop's body writes `Pitof,` and that run tokenizes with `text.lower().split()` and strips no boundary punctuation, so the query token `pitof` contributes nothing and the query reduced to that name gives 2698 / 0.000000. Per pit 16 this is not offered as a cause of the Dense outcome and the two score scales are not comparable; it establishes only that the passage is present in the corpus and that the lexical failure has a different mechanism. The example has no BM25 analytical unit in the queue, so this preprocessing fact has no unit of its own to belong to.

`not_run` cells. Five, each with a reason recorded in the results file: the BM25 preprocessing factorial, because this unit is Dense and the same example has no BM25 unit; per-token score decomposition, which is not derivable on a bi-encoder; index-side removal probes read as causal evidence for a crowding descriptor, which pit 19ai forbids and which is why the 22 cells that were run are reported as identity verification; the statistics-matched removal control of pit 19ad, which exists because dropping documents changes idf and avgdl on BM25 and has no analogue where cosine carries no collection statistic; and a deployable query rewrite reaching both passages, which is reported as a measured ceiling rather than an untried cell.

Attribution boundary. What is licensed is the passage-level statement that removing the named material from each required body raises that body's similarity to this query on this unchanged candidate set. Not licensed: any claim that the encoder attended to, weighted or averaged away any token; any reading of the gold-targeted ablations as a deployable repair, since they require knowing which passage is required; any causal claim for the competitor family, whose composition is read from passage text while every removal cell is an identity; and any use of the BM25 figures as a cause of the Dense outcome.

Confidence: medium-high. Supporting it: an exact baseline reconstruction, a gate that passes on both sides with a four-point control curve and word-level decontamination, a two-sided ablation that double-recovers against a control that does not, and a closing attribution for the inert anchor. Limiting it: the double recovery requires the more aggressive of the two ablation levels, the less aggressive pairing giving 12 / 0.378848 and 3 / 0.450154; the adopted primary is a diagnostic rather than a deployable repair by its own registered attribution boundary; and the exact word count at which the answer hop crosses the cutoff was not bracketed between 11 and 22 words.

Audit questions registered, not resolved. Whether a dilution primary needs a primary-use contract, given that the descriptor's own attribution boundary calls it a diagnostic while a primary is normally read as a mechanism. And whether D-029's open boundary between ""no anchor"" and ""an unusable anchor"" still needs a descriptor of its own, given that this unit attributes the unusable anchor to the adopted primary.

References: `references/dense_implementation_reference.md`, `references/reusable_retrieval_failure_review_playbook.md`, `manual_review_v1/analysis/secondary_descriptor_registry.md`, and `manual_review_v1/analysis/per_case_analysis/dense_bridge_5ae048a255429924de1b708e.md`.","Resolved for this validation pass in favour of replacing the provisional primary with peripheral_passage_content_dilution, with four boundaries recorded rather than closed and no new descriptor registered, the eighth consecutive decision to create no name after D-029 through D-036. First, whether a dilution primary needs a primary-use contract: the entry's own attribution boundary calls the descriptor a diagnostic and not a deployable fix, because it requires knowing which passage is required, while a primary is normally read as a mechanism; this decision adopts the mechanism layer and does not touch the entry's rules. Second, whether D-029's open question between an absent anchor and an unusable one still needs a descriptor of its own: this unit attributes the unusable anchor to the adopted primary, the query Pitof ranking its sole bearer 1283 / 0.076500 against the untouched body, 1 / 0.391955 against an 8-word verbatim subset of that same body and 894 / 0.095909 against a 12-word length-matched control, so no separate name is proposed. Third, the first exclusion of cross_passage_conjunction_unresolved holds on one reading and fails on the other: the answer hop alone names Pitof, the year and the medium and pitof occurs in only that one body of 4,937, so it locates the answer, but it never states that a tie-in game exists, so the question's second constraint cannot be checked from it; both readings are recorded and neither is used as a ground. Fourth, the distractor worksheet reads 38 of the 261 passages above the answer hop passage by passage and summarises the remaining 223 mechanically; no conclusion here depends on those 223, whose only route into a conclusion would be a removal probe, and on this backend every removal probe is an arithmetic identity.",peripheral_passage_content_dilution,question_frame_semantic_crowding,"Prefer peripheral_passage_content_dilution over question_frame_semantic_crowding. Step one: under pit 13 meeting an inclusion rule does not decide the tie, and both candidates meet theirs. Step two: on a bi-encoder the question why a passage sits at 263 decomposes into its own score and how many passages score above it, and only one of those two is reachable by experiment here. Every index-side removal probe is an arithmetic identity, verified on 22 cells that all match rank_after = rank_before minus the number of removed passages ranked above it with every gold score identical to the last bit, the 16-passage family giving 23 / 0.320936 and its 22-passage complement 17 / 0.320936, so the crowding reading cannot be given outcome-determinative evidence at all. Step three: the dilution reading changes the passage's own score and does so decisively. Reducing the answer hop to an 11-word verbatim subset of its own body takes it from 263 / 0.244736 to 2 / 0.469751, a lift of 0.225015, and reducing both required bodies at once gives 3 / 0.469751 and 1 / 0.549310, the first two-sided ablation ceiling in this project to place both required passages inside the cutoff; the same two rows replaced by length-matched controls that keep the subject name and carry no query-relevant word give 863 / 0.144759 and 871 / 0.143892. Step four: the one query-side lever on the competing family points the other way. Deleting the whole game clause, which is the cue that produces the family, moves both required passages further from the cutoff, to 545 / 0.203382 and 937 / 0.150986. Step five: the crowding reading is therefore a verifiable composition and the dilution reading a verifiable determinant, so the former is retained as a secondary and adopted as a composition rather than as a causal claim, following D-035, and the latter takes the primary. Step six: the ground on which this gate was withheld from primary five times before is measured here and does not hold, D-035 recording that ceiling as 1 / 0.585251 and 7 / 0.460718.",medium-high,false,jointly_reviewed
manual_review_v1,2026-07-17_a,5ae057fd55429945ae959328,bm25,5,bridge,Robert Smith founded the multinational company headquartered in what city?,General Mills,16,Robert Smith (Illinois politician),8,1,single_note,,"Observed: Target BM25 has Gold 1 (""General Mills"") at rank 16 and Gold 2
(""Robert Smith (Illinois politician)"") at rank 8; neither is inside the top 5.
Dense has Gold 1 not in top 50 and Gold 2 at rank 1.

Gold evidence status: Both golds below cutoff but retrieved for the target -
Gold 1 rank 16, Gold 2 rank 8. (Note: for the comparison retriever Dense,
Gold 1 is not in top 50, but that concerns the read-only panel.)

Retrieved evidence or distractor: BM25's top ranks are populated by
""multinational company"" token matches - #1 ""RetailMeNot,"" #2 ""Stevanato Group,""
#3 ""Henkel,"" #4 ""Namsung electronics,"" #5 ""Tata Consultancy Services,""
#6 ""Equinix,"" #12 ""Teleperformance,"" #13 ""PepsiCo"" - plus several ""Smith""
persons (#9 ""Hyrum W. Smith,"" #11 ""Corey Smith""). The correct founder ""Robert
Smith (Illinois politician)"" is at 8 and the company he founded, ""General Mills,""
is at 16, both crowded out by generic multinational-company documents and
unrelated Smiths.

Relevant comparison-retriever evidence: Dense pins ""Robert Smith (Illinois
politician)"" at #1 but drops ""General Mills"" out of its top 50 - the reverse gap
from BM25 - so neither method cleanly retrieves both sides of the bridge.

Possible reason: For BM25, the query terms ""multinational company"" match a large
field of company documents by term frequency, and ""Robert Smith"" is a very
common name with many homonyms, so both the specific company and the specific
founder are pushed below cutoff.

Alternative or uncertainty: Whether the decisive factor is company-token
dilution (for General Mills) or Smith-homonym competition (for the founder) is
unclear; they may be two separate suppression effects on the two golds.",Robert Smith is at rank 8 and General Mills at rank 16 behind generic multinational companies and unrelated Smiths.,Both gold passages are retrieved below cutoff.,"Many company profiles match multinational/company terms, while several people share the Smith surname.",Dense retrieves Robert Smith at rank 1 but does not retrieve General Mills in its stored top 50.,Two independent lexical competitions affect the two sides: generic company vocabulary and a common-name collision.,The evidence does not support reducing the compound case to a single dominant cause.,cross_passage_conjunction_unresolved,description_only_bridge_entity; generic_term_lexical_crowding,jointly_reviewed_validated_revised,"Observed evidence:
The question is ` Robert Smith founded the multinational company headquartered in what city?` The annotated bridge hop is Robert Smith (Illinois politician), whose 31-token text states `Smith founded General Mills in 1856.` and so supplies the company identity. The annotated answer hop is General Mills, whose 75-token text states `It is headquartered in Golden Valley, Minnesota, a suburb of Minneapolis.` and so supplies the city. No single passage answers the question: the company identity lives in one passage and the city lives in the other. Exact reconstruction reproduces all 50 stored top-50 titles in order with a maximum absolute score error of 0.000000 and places the golds at complete-corpus ranks 8 (23.567502) for the bridge hop and 16 (19.841500) for the answer hop; both are retrieved and both sit below the cutoff. The rank-5 score is 24.991523, so the bridge hop is 1.424021 points, or 5.698 percent, below the cutoff and the answer hop is 5.150023 points, or 20.607 percent, below it. All 14 non-gold passages above the rank-16 answer hop were read in full and form two families. Ten are generic multinational-company profiles that instantiate the query's descriptive facet and name no Robert Smith: RetailMeNot 1 (30.370645) `is an American multinational company headquartered in Austin`; Stevanato Group 2 (30.051240) `is an Italian multinational company headquartered in Piombino Dese`; Henkel 3 (28.060072) `is a multinational company active both in the consumer and industrial sector`; Namsung electronics 4 (26.151412) `is a South Korean multinational company headquartered in Seoul`; Tata Consultancy Services 5 (24.991523) `is an Indian multinational information technology (IT) service, consulting and business solutions company Headquartered in Mumbai`; Equinix 6 (24.625021) `is an American multinational company headquartered in Redwood City`; Carrefour 10 (22.930214) `is a French multinational retailer headquartered in Boulogne Billancourt`; Teleperformance 12 (22.600543) `is a multinational company headquartered in France`; PepsiCo 13 (22.470887) `is an American multinational food, snack, and beverage corporation headquartered in Purchase, New York`; and Kellogg's 15 (20.121490) `is an American multinational food manufacturing company headquartered in Battle Creek, Michigan`. Four share a name token with the query but none of them founded a multinational company: Physicians Mutual 7 (23.986692), whose founder is Edwin E. Elliott and whose only Robert is the chief executive Robert A. Reed; Hyrum W. Smith 9 (22.987720), who `founded the Franklin Quest Company in 1981`; Corey Smith (artist) 11 (22.873606), who `founded the snowboard company Spring Break Snowboards`; and Robert's American Gourmet Food 14 (20.488790), `Founded by businessman Robert Ehrlich in 1986`. Every one of the seven passages above the bridge hop belongs to the generic-company family; not one is a Smith homonym. A full-corpus substring scan shows `robert smith` in exactly 1 of 4,937 passages, which is the bridge hop itself; `general mills` in exactly 2, which are the two golds; and `golden valley` in exactly 1, which is the answer hop. Neither hop has any substitute, no complete alternative chain exists, and no passage supplies a complete plausible non-gold answer.

Per-token decomposition, reconciling with get_scores to within 1e-9 on every inspected passage:
The query tokenizes to robert, smith, founded, the, multinational, company, headquartered, in, what, city? with no repeated token, so repeated-occurrence amplification does not apply here. The two golds match almost disjoint token sets. The answer hop's 19.841500 is multinational 5.947945, headquartered 5.288716, company 3.621793, the (tf 4 in doc, query x1) 2.902058, and in 2.080988, with robert, smith and founded contributing exactly 0. The bridge hop's 23.567502 is smith (tf 4) 10.973922, robert 5.071737, founded 4.796412, and in 2.725430, with the, multinational, company and headquartered contributing exactly 0. The two matched sets share only `in`. The rank-1 passage RetailMeNot draws 23.351998 of its 30.370645, or 76.9 percent, from the four generic content tokens multinational, company, headquartered and founded, 7.018647 from the three scaffold tokens in, the and what, and exactly 0 from the name tokens. The query token `city?` is absent from the corpus vocabulary and therefore contributes exactly 0 to every passage; after boundary normalization `city` occurs in 412 passages and in neither gold, so the answer-type facet is inert in both forms. Corpus idf values are multinational 5.480131, smith 5.222190, headquartered 4.872752, what 4.263913, robert 3.567920, founded 3.374232, company 3.336934, and the and in 1.917315.

Verified implementation facts:
BM25 indexes paragraph text only and not titles; both documents and queries use `text.lower().split()` with no punctuation removal, stop-word removal, stemming, lemmatization, Unicode normalization, phrase matching or entity-boundary preservation; scoring is rank-bm25==0.2.2 BM25Okapi with the library defaults k1=1.5, b=0.75, epsilon=0.25, accumulating one contribution per query-token occurrence; pooled avgdl is 90.88495037472148 over 4,937 deduplicated passages; each passage is scored independently, with no reranker, no threshold and no cross-passage or iterative-hop reasoning. Two implementation facts are specific to this unit. First, `city?` is not in the corpus vocabulary. Second, the answer passage tokenizes `General Mills, Inc.,` into general, mills, and inc., so its only mills-bearing token is `mills,`, whereas the bridge passage writes `founded General Mills in 1856.` and carries the bare token `mills`. Six passages carry bare `mills` and three carry `mills,`.

Complete condition table on the same unchanged 4,937-passage candidate set, cutoff 5. Factors: P boundary-punctuation normalization on both sides; E Unicode dash to hyphen on both sides; S removal of the exact scaffold set {in, the, what} from the query; T title prepended into the index; M crude two-sided suffix stemming; Pq query-side punctuation only; Pd doc-side punctuation only; Q reduced-query probes; R single-query-token removals; K reachability probes; X index-side removal probes; N oracle name injections. All 16 P x E x S x T cells were run.

| Condition | Kind | Exact change | General Mills rank/score | Robert Smith (Illinois politician) rank/score | Both top-5 |
|---|---|---|---|---|---|
| baseline | baseline | original query, original index | 16 / 19.841500 | 8 / 23.567502 | no |
| T | non-oracle | title prepended into the index | 17 / 19.900073 | 5 / 25.013761 | no |
| S | non-oracle | scaffold removed | 15 / 14.858454 | 5 / 20.842072 | no |
| ST | non-oracle | S+T | 15 / 14.904132 | 4 / 22.341436 | no |
| E | non-oracle | dash normalization | 16 / 19.841270 | 8 / 23.567376 | no |
| ET | non-oracle | E+T | 17 / 19.899838 | 5 / 25.013636 | no |
| ES | non-oracle | E+S | 15 / 14.858454 | 5 / 20.842072 | no |
| EST | non-oracle | E+S+T | 15 / 14.904132 | 4 / 22.341436 | no |
| P | non-oracle | boundary punctuation, both sides | 18 / 19.470404 | 12 / 22.345811 | no |
| PT | non-oracle | P+T | 19 / 19.528532 | 10 / 23.741647 | no |
| PS | non-oracle | P+S | 16 / 14.578626 | 6 / 19.649697 | no |
| PST | non-oracle | P+S+T | 17 / 14.624237 | 5 / 21.099385 | no |
| PE | non-oracle | P+E | 18 / 19.469539 | 12 / 22.345334 | no |
| PET | non-oracle | P+E+T | 19 / 19.527651 | 10 / 23.741172 | no |
| PES | non-oracle | P+E+S | 16 / 14.578626 | 6 / 19.649697 | no |
| PEST | non-oracle | P+E+S+T | 17 / 14.624237 | 5 / 21.099385 | no |
| M | non-oracle | crude two-sided suffix stemming | 17 / 19.300206 | 9 / 22.781348 | no |
| PM | non-oracle | P+M | 19 / 18.805001 | 12 / 21.484497 | no |
| PMS | non-oracle | P+M+S | 16 / 13.919168 | 7 / 18.791659 | no |
| PMST | non-oracle | P+M+S+T | 16 / 13.962716 | 6 / 20.220004 | no |
| Pq | non-oracle | query-side punctuation only | 16 / 19.841500 | 9 / 23.567502 | no |
| Pd | non-oracle | doc-side punctuation only | 17 / 19.470404 | 10 / 22.345811 | no |
| Q1 | non-oracle probe | query = Robert Smith | 2060 / 0.000000 | 1 / 16.045660 | no |
| Q2 | non-oracle probe | query = Robert Smith founded | 2151 / 0.000000 | 1 / 20.842072 | no |
| Q3 | non-oracle probe | query = the description half alone | 11 / 19.841500 | 4696 / 2.725430 | no |
| Q4 | non-oracle probe | query = multinational company headquartered | 11 / 14.858454 | 2067 / 0.000000 | no |
| Q5 | non-oracle probe | query = founded | 2064 / 0.000000 | 5 / 4.796412 | no |
| Q6 | non-oracle probe | query = city? | 1967 / 0.000000 | 1966 / 0.000000 | no |
| Q7 | non-oracle probe | query = city | 2157 / 0.000000 | 2156 / 0.000000 | no |
| Q8 | non-oracle probe | query = headquartered | 20 / 5.288716 | 1984 / 0.000000 | no |
| Q9 | non-oracle probe | multinational and headquartered deleted from the full query | 427 / 8.604839 | 1 / 23.567502 | no |
| R1 | non-oracle | remove multinational | 48 / 13.893555 | 2 / 23.567502 | no |
| R2 | non-oracle | remove company | 15 / 16.219707 | 3 / 23.567502 | no |
| R3 | non-oracle | remove headquartered | 31 / 14.552784 | 2 / 23.567502 | no |
| R4 | non-oracle | remove multinational, company, headquartered | 3951 / 4.983046 | 1 / 23.567502 | no |
| R5 | non-oracle | remove robert, smith | 12 / 19.841500 | 946 / 7.521842 | no |
| R6 | non-oracle | remove founded | 11 / 19.841500 | 17 / 18.771090 | no |
| R7 | non-oracle | remove city? | 16 / 19.841500 | 8 / 23.567502 | no |
| R8 | non-oracle | remove multinational, headquartered | 427 / 8.604839 | 1 / 23.567502 | no |
| K1 | oracle probe | query = General Mills | 51 / 3.923010 | 1 / 14.564592 | no |
| K1P | oracle probe + P | query = General Mills under P | 4 / 10.556421 | 1 / 13.937044 | yes |
| K2 | oracle probe | query = Robert Smith (Illinois politician) | 2060 / 0.000000 | 1 / 16.045660 | no |
| K3 | oracle probe | query = Golden Valley | 49 / 4.728733 | 2031 / 0.000000 | no |
| X1 | removal probe | drop the 2 Smith homonyms | 14 / 19.854032 | 8 / 23.749540 | no |
| X2 | removal probe | drop all 4 name-sharing rivals above the answer hop | 12 / 19.895608 | 7 / 23.787455 | no |
| X3 | removal probe | drop the 6 generic-company rivals above the bridge hop | 10 / 20.449471 | 2 / 23.599443 | no |
| X4 | removal probe | drop the 10 generic-company rivals above the answer hop | 5 / 20.973881 | 2 / 23.595157 | yes |
| X5 | removal probe | drop the 2 pooling-introduced rivals above the bridge hop | 14 / 19.968150 | 6 / 23.585391 | no |
| X6 | removal probe | drop the 6 pooling-introduced rivals above the answer hop | 10 / 20.271477 | 6 / 23.601413 | no |
| X7 | removal probe | drop all 14 rivals above the answer hop | 2 / 21.040580 | 1 / 23.816022 | yes |
| N1 | oracle | append General Mills | 9 / 23.764510 | 1 / 38.132094 | no |
| N1P | oracle + P | append General Mills, plus P | 2 / 30.026825 | 1 / 36.282855 | yes |
| N1S | oracle + S | append General Mills, plus S | 8 / 18.781464 | 1 / 35.406664 | no |
| N1PS | oracle + P + S | append General Mills, plus P and S | 2 / 25.135047 | 1 / 33.586741 | yes |
| N2 | oracle | append Robert Smith (Illinois politician) | 21 / 19.841500 | 1 / 39.613161 | no |
| Nboth | oracle | append both gold titles | 13 / 23.764510 | 1 / 54.177754 | no |
| N3 | oracle | substitute the multinational company with General Mills | 20 / 11.292714 | 1 / 38.132094 | no |
| N3P | oracle + P | N3 plus P | 5 / 17.876426 | 1 / 36.282855 | yes |
| N4 | oracle | append the answer city Golden Valley Minnesota | 7 / 24.570233 | 9 / 23.567502 | no |
| oracle x T cells | not_run | N1T, N3T, K1T | n/a | n/a | n/a |
| oracle x M cells | not_run | N1M and relatives | n/a | n/a | n/a |
| removal x preprocessing cells | not_run | X4 x P and relatives | n/a | n/a | n/a |
| one-sided stemming | not_run | query-only or doc-only M | n/a | n/a | n/a |
| real analyzer configurations | not_run | true stemmer, lemmatizer, phrase n-grams, entity-aware analyzer, wider stop list | n/a | n/a | n/a |

Single-factor effects:
Of the 19 single-factor conditions, 10 carry opposite signs across the two hops: T, R1, R3, R4, R5, R6, R8, N2, N3 and N4. Each of the description tokens taken alone helps the bridge hop and harms the answer hop, R1 giving 48 and 2, R3 giving 31 and 2, R4 giving 3951 and 1, and R8 giving 427 and 1, while removing the name tokens has the reverse effect, R5 giving 12 and 946, and removing founded gives 11 and 17. R2 is the documented exception and helps both hops slightly, 15 and 3, because company is the least discriminating of the three description tokens, occurring in 211 of 4,937 passages, and the answer hop carries tf 1 against tf 3 in the leading rivals. R7 is bit-identical to the baseline in every digit, which confirms that `city?` is exactly inert. T is negative for the answer hop and positive for the bridge hop, so title exclusion is excluded as the mechanism, as in D-019, D-020, D-021 and D-023. P is negative for both and Pq leaves the answer hop unchanged while worsening the bridge hop, so there is no surface-form deficit to repair in the baseline; the harness mismatch ladder independently reports no alignable form for any unmatched query token in either gold. E is inert throughout. S helps both slightly but never brings the answer hop near the cutoff. M is negative for both. No single factor of any class places both hops in the top five: N1 gives 9 and 1, N2 gives 21 and 1, N3 gives 20 and 1, and even Nboth gives 13 and 1.

Combination and interaction effects:
Six conditions recover both hops, and every one of them is either an oracle-plus-preprocessing combination or an index-side removal: K1P, X4, X7, N1P, N1PS and N3P. The decisive interaction is the oracle name crossed with P. P alone is negative, 18 and 12; N1 alone gives 9 and 1; N1P gives 2 and 1. The decomposition states the reason exactly: under N1 the answer hop gains only general 3.923010 and exactly nothing from mills, because its own text carries `mills,`, while the bridge hop gains mills 9.426700 from its bare `mills`, so injecting the answer hop's own name delivers 9.426700 points to the other gold. Under N1P the answer hop gains mills 6.771246 and reaches rank 2. The same effect appears without the surrounding question in the reachability pair: K1 reduces the query to `General Mills` and the answer hop still ranks only 51, while K1P ranks it 4. The competitor-family contrast is equally decisive. X4 drops the 10 purely generic company profiles above the answer hop while leaving all four name-sharing rivals in place and reaches 5 and 2; X3 drops only the 6 above the bridge hop and reaches 10 and 2; X7 drops all 14 and reaches 2 and 1. By contrast X1 drops the two Smith homonyms and leaves the bridge hop at rank 8 unchanged, and X2 drops all four name-sharing rivals and still gives 12 and 7. The outcome-determinative competitor family is therefore the generic-company profiles, for both hops.

Supported interpretation:
`cross_passage_conjunction_unresolved` is the most specific verified primary. The query contains exactly two facets, each of which uniquely identifies one gold, and they are mutually antagonistic. The name facet identifies the bridge hop uniquely: `robert smith` occurs in exactly 1 passage and both name tokens together in 4, and probe Q1 places the bridge hop at rank 1 from the two name tokens alone. The description facet never names the company: 12 of 4,937 passages contain all three of multinational, company and headquartered, probe Q4 places positions 1 to 11 entirely within that satisfying set with the answer hop last at 11, and probe Q3 with the whole description half also gives 11. The missing intermediate fact is therefore the company name General Mills, which occurs in the whole corpus only inside the two gold passages and nowhere in the query, and the verified implementation scores each passage independently and cannot carry it from the bridge passage into the scoring of the answer passage. All four registry exclude conditions are checked and none fires: no single passage answers the question, no substitute completes the chain, the judgment rests on reachability and sign evidence rather than on the mere presence of two annotated golds, and the retrieval stage performs no joint cross-passage reasoning. `description_only_bridge_entity` records the query-side half of the same structure, that the bridge entity is designated by relation and attributes and never named. `generic_term_lexical_crowding` records the verified output pattern, ten higher-ranked non-answer passages matching the same broad category vocabulary while failing the concrete founded-by-Robert-Smith constraint, with the rank-1 passage drawing 76.9 percent of its score from those category tokens and X4 showing the family is outcome-determinative.

Closest competitor and tie-break:
Prefer `cross_passage_conjunction_unresolved` over `description_only_bridge_entity`. The description-only reading satisfies its inclusion rule, since the question requires a specific company and names it nowhere, but every single-factor oracle-name condition fails the test D-020, D-021 and D-022 applied: N1 gives 9 and 1, N2 gives 21 and 1, N3 gives 20 and 1, and Nboth gives 13 and 1. This is the fourth failing application of that disqualifier against two passes, D-017 and D-023. The cross-passage reading instead explains the distinctive structure of this unit with positive evidence of three kinds. Lexically, the two golds' matched query-token sets share only `in`. By sign, 10 of the 19 single-factor conditions move the two hops in opposite directions. By reachability, the bridge hop is at rank 1 from its own name while the answer hop is not reachable from the description at all, at 11, and is reachable from its own bare name only after boundary normalization, K1 at 51 against K1P at 4. The provisional primary `compound_two_sided_crowding` is rejected on direct evidence: all seven passages above the bridge hop belong to the generic-company family and none is a Smith homonym; the two Smith homonyms rank 9 and 11, below the bridge gold; removal probe X1 leaves the bridge hop at rank 8; and removal probe X2, dropping all four name-sharing rivals, still gives 12 and 7. A single competitor family suppresses both hops, so there is no second independent mechanism to compound. `generic_term_lexical_crowding` is retained as a secondary under its own exclude rule, which defers to a more specific established mechanism, and because probes Q3 and Q4 show the family is produced by the descriptive referent cue itself: each reduced query's top ten lies entirely inside the baseline top sixteen, and seven of ten inside the baseline top ten, which is the test D-023 used to demote `question_frame_semantic_crowding`.

Considered and not adopted:
`proper_name_homonym_collision` is not adopted, because its exclude condition that competition must materially affect the named candidate fails: the homonyms rank below the bridge gold and X1 and X2 leave both hops unrecovered. `surface_form_tokenization_mismatch` is not adopted, because its exclude condition that a missing entity name rather than surface form accounts for the failure fires directly, because the mismatch ladder finds no alignable form for any unmatched query token in either gold, because R7 is bit-identical to the baseline, and because Pq leaves the answer hop at 16 and worsens the bridge hop. The `mills` against `mills,` mismatch is real and is recorded as a verified implementation fact, but it lies on the diagnostic repair path and not in the observed run, where the query contains no mills token at all. `generic_query_scaffold_score_inflation` is not adopted, because its exclude condition fires where content-bearing category terms rather than query scaffold explain the competition: the rank-1 passage draws 23.351998 from the category tokens against 7.018647 from scaffold. `repeated_content_word_amplification` and `repeated_function_word_amplification` are not applicable, since no query token repeats. `cutoff_sensitive_near_miss` is not adopted, because a bridge question needs both hops and the answer hop is 20.607 percent below the rank-5 score at rank 16 of 4,937, so the registry exclusion for a gold far below the cutoff fires. `gold_chain_substitutability`, `gold_chain_not_unique` and `plausible_non_gold_answer` are not adopted, because the full-corpus scans leave neither hop with any substitute and no passage supplies a complete answer. `same_topic_passage_distractor` is not adopted, because the competitors are generic category matches rather than passages in the answer entity's own subject neighborhood. `entity_alias_reference_mismatch` is not adopted by its own exclude clause, which routes an entity that is not named in the query at all to `description_only_bridge_entity`. `question_frame_semantic_crowding` is not adopted, because its definition is scoped to a whole-passage semantic scorer and its exclude rule routes a lexical retriever to `generic_term_lexical_crowding`.

Not-run cells and attribution boundary:
The defined P x E x S x T design was run complete at all 16 cells, and the M, Pq, Pd, Q, R, K, X and N families were run as listed, for 59 conditions in total. The `not_run` rows are the oracle x T crossings, the oracle x M crossings, the removal x preprocessing crossings, one-sided stemming, and any real analyzer configuration; reasons are recorded in the table. Attribution is bounded as follows. The strongest defensible statement is confined to this run, this 4,937-passage pooled corpus and this tokenizer. Do not present K1P, X4, X7, N1P, N1PS or N3P as deployable fixes: the N and K conditions inject the hidden company identity, and the X conditions require knowing in advance which passages are rivals. Do not credit N1P to the oracle name alone or to P alone, since P alone is negative and only the combination recovers both hops. Do not write the `mills` against `mills,` mismatch as the cause of this failure, since the baseline query contains no mills token and both R7 and Pq show the baseline loses nothing to surface form. Do not treat rank 8, rank 16, cutoff 5 or the pooled setting as causal. Do not present the comparison retriever's rank 1 as a cause of the BM25 ordering and do not compare BM25 and Dense score magnitudes. Do not generalize the corpus-uniqueness counts beyond this corpus, and do not generalize these minimal-tokenizer findings to BM25 in general.

Provenance and comparison retriever:
Pooled and per-question disagree on `any@5` and this is stated rather than smoothed over. The per-question reconstruction over the question's own ten paragraphs is asserted title by title equal to the official CSV and places the bridge hop at 1 and the answer hop at 10 of 10, so per-question `any@5` is 1 while pooled `any@5` is 0; `full@5` is 0 in both settings. This is the third unit in which corpus setting decides the metric, after D-022 and D-023, but the first that is not reducible to added competitors: only two pooling-introduced passages sit above the bridge hop, Tata Consultancy Services at 5 and Physicians Mutual at 7, and removal probe X5 drops exactly those two and reaches only rank 6, not rank 5. The driver is instead the idf scale of a ten-document index, where six of the ten paragraphs are company profiles: idf(smith) is 0.762140 per-question against 5.222190 pooled, idf(multinational) is 0.421076 against 5.480131, idf(headquartered) is 0.421076 against 4.872752, and avgdl is 58.600000 against 90.884950. The answer hop ranks last of ten in the per-question index, so its failure is already complete in HotpotQA's own distractor set and is not pooling-induced at all. Under D-003 this remains provenance and is not promoted to a causal category. Dense complete-corpus ranks are 1 (0.624810) for the bridge hop and 98 (0.233225) for the answer hop, with a stored-window miss for the answer hop that is not absence from the corpus; Dense pooled `any@5` is 1 and `full@5` is 0. Dense therefore fails the same conjunction with the mirror-image gap. This bounds reachability only and is not evidence about the BM25 cause; the two score scales are not comparable.

Boundary:
Three boundaries are recorded rather than closed. First, this is the second unit to use `cross_passage_conjunction_unresolved` as a primary, after D-022, and the first BM25 unit to do so; whether the descriptor is suited to primary use remains a vocabulary-audit question. Second, this unit adds a precondition to the single-factor oracle-name test that D-020, D-021, D-022, D-017 and D-023 have now applied six times: the injected anchor must itself be matchable by the passage it names. Here it is not, because the answer passage carries `mills,` while the injected form supplies `mills`, so the bare test result of 9 and 1 is uninterpretable on its own and the test passes at 2 and 1 once P neutralizes the artifact. The precondition is recorded in D-024 and registered as a vocabulary-audit item; no registry definition, inclusion rule or exclusion rule is changed. Third, no non-oracle deployable condition recovers both hops, so the primary is the strongest structural account rather than a demonstrated sufficient cause, and X4 lands the answer hop at exactly rank 5, on the cutoff edge.

Confidence:
Medium. The baseline reproduces the stored top-50 order with zero title mismatches and a maximum absolute score error of exactly 0.000000, the per-question ordering is asserted equal to the official file title by title, all 16 cells of the defined design were run together with 43 further conditions, all 14 non-gold passages above the lower gold were read in full, and the reproduction script's 335 assertions pass. The antagonism rests on three independent kinds of evidence and the provisional primary and one provisional secondary are each falsified by a clean removal probe. The limitations are that no deployable non-oracle condition recovers both hops, that all four single-factor oracle-name forms fail, and that the recovering conditions are all combinations or index-side removals.

Speculation boundary:
Do not claim that the higher idf of multinational, 5.480131, against robert, 3.567920, is what makes the description facet overpower the name facet; no idf-perturbation experiment was run. Do not claim that HotpotQA's choice of six company profiles among this question's eight distractors reflects a bias in the annotation pipeline; that is outside this unit's evidence. Do not claim that the answer passage's brand list dilutes its match: under a lexical scorer, length effects belong to the b-normalization term and no controlled experiment isolated them here. Do not treat the identification of Golden Valley as the answer string as observed evidence; it is an inference from the answer hop's own text, since the HotpotQA answer string is absent from the read-only artifacts available here.","Resolved for this validation pass in favor of cross_passage_conjunction_unresolved, with three boundaries recorded rather than closed. First, this is the second unit to use cross_passage_conjunction_unresolved as a primary, after D-022, and the first BM25 unit to do so; D-017 and D-020 both used it as a secondary alongside a different primary, and whether the descriptor is suited to primary use remains a vocabulary-audit question already registered by D-022. Second, this unit adds a precondition to the single-factor oracle-name test used by D-017, D-020, D-021, D-022 and D-023: the injected anchor must itself be matchable by the passage it names. Here the answer passage tokenizes General Mills, Inc., into general and mills, so the injected bare mills matches the other gold instead, giving it 9.426700 points while giving the answer hop nothing; the bare test result of 9 and 1 is therefore uninterpretable on its own, and the test passes at 2 and 1 once P neutralizes the artifact. The precondition is recorded here and in D-024 and registered as a vocabulary-audit item; no registry definition, inclusion rule or exclusion rule is changed, following the deferral rule that boundary rules belong to the vocabulary audit. Third, pooling decides whether this unit crosses the cutoff, since per-question BM25 places the bridge hop at rank 1 and is not a strict Any@5 failure while pooled BM25 places it at 8. Unlike D-022 and D-023, this is not reducible to added competitors: only two pooling-introduced passages sit above the bridge hop and removal probe X5 drops exactly those two and reaches only rank 6. The driver is the idf scale of a ten-document index in which six of ten paragraphs are company profiles, idf(smith) 0.762140 against 5.222190 and idf(multinational) 0.421076 against 5.480131. Recorded as provenance under D-003 and deliberately not promoted to a causal category, but it is a third and structurally different instance that the vocabulary audit and the category design of sections 8 to 26 must handle. The answer hop ranks last of ten in the per-question index, so its own failure is not pooling-induced at all.",cross_passage_conjunction_unresolved,description_only_bridge_entity,"Prefer cross_passage_conjunction_unresolved over description_only_bridge_entity. The description-only reading satisfies its inclusion rule, because the question requires a specific company, designates it only as the multinational company that Robert Smith founded, and never names it, but every single-factor oracle-name condition fails the test D-020 applied to its condition B, D-021 to its condition N and D-022 to its condition N1: appending the company name gives 9 and 1, appending the bridge title gives 21 and 1, substituting the name into the description gives 20 and 1, and appending both titles gives 13 and 1. This is the fourth failing application of that disqualifier, against two passes in D-017 and D-023. The cross-passage reading instead explains the distinctive structure of this unit with positive evidence of three kinds rather than by the absence of a single fix. Lexically, the two golds' matched query-token sets are almost disjoint, {multinational, headquartered, company, the, in} against {smith, robert, founded, in}, sharing only in. By sign, 10 of the 19 single-factor conditions move the two hops in opposite directions, namely T, R1, R3, R4, R5, R6, R8, N2, N3 and N4; R2 is the documented exception. By reachability, probe Q1 places the bridge hop at rank 1 from its own two name tokens, which occur together in only 4 of 4,937 passages, while the answer hop is not reachable from the description at all, at 11 under both Q3 and Q4, and is reachable from its own bare name only after boundary normalization, K1 at 51 against K1P at 4. The missing intermediate fact is the company name, which occurs in the whole corpus only inside the two golds and nowhere in the query, and the verified implementation scores passages independently with no cross-passage or iterative-hop reasoning, so it cannot be carried across. The registry exclude conditions do not fire: no single passage answers the question, no substitute completes the chain, the judgment does not rest on the mere presence of two annotated golds, and no joint reasoning occurs. The provisional primary compound_two_sided_crowding is rejected on direct evidence: all seven passages above the bridge hop belong to the generic-company family and none is a Smith homonym, the two homonyms rank 9 and 11 below the bridge gold, removal probe X1 leaves the bridge hop at rank 8, and removal probe X2 dropping all four name-sharing rivals still gives 12 and 7, so one competitor family suppresses both hops and there is no second independent mechanism to compound. proper_name_homonym_collision is rejected on the same probes. generic_term_lexical_crowding is retained as a secondary under its own exclude rule, which defers to a more specific established mechanism, and because probes Q3 and Q4 show that the descriptive referent cue alone reproduces the whole observed neighborhood, ten of ten inside the baseline top sixteen and seven of ten inside the baseline top ten, which is the test D-023 used to demote question_frame_semantic_crowding. minimal_preprocessing_score_distortion and surface_form_tokenization_mismatch are rejected because the baseline loses nothing to surface form: the mismatch ladder finds no alignable form for any unmatched query token in either gold, R7 is bit-identical to the baseline, and Pq leaves the answer hop at 16 while worsening the bridge hop.",medium,false,jointly_reviewed
manual_review_v1,2026-07-17_a,5ae0a59a55429945ae9593e2,dense,5,bridge,This Celtic ruler who was born in AD 43 ruled southeastern Britain prior to conquest by which empire?,Catuvellauni,8,Togodumnus,not_in_top50,1,single_note,,"Observed: Target Dense has Gold 1 (""Catuvellauni"") at rank 8 and Gold 2
(""Togodumnus"") not in top 50; neither is inside the top 5. BM25 has Gold 1 at
rank 6 and Gold 2 not in top 50.

Gold evidence status: Gold 1 below cutoff (rank 8, retrieved). Gold 2 not in
top 50 (absent from Dense's stored list; not necessarily absent from the
corpus).

Retrieved evidence or distractor: Dense's top ranks return general Roman-Britain
context and unrelated ""Earl of March"" persons - #1 ""Roman conquest of Britain,""
#2 ""History of Wales,"" #3 ""Romano-British culture,"" #4 ""Patrick IV, Earl of
March,"" #5 ""George I, Earl of March,"" #6 ""History of England."" The tribe
""Catuvellauni"" is at #8, but the specific Celtic ruler ""Togodumnus"" (the bridge
entity, born/died AD 43) is absent from the top 50 - the question never names
him, describing him only as ""this Celtic ruler born in AD 43.""

Relevant comparison-retriever evidence: BM25 also fails to retrieve Togodumnus
(not in top 50) and places Catuvellauni at #6; both methods miss the unnamed
ruler, so this is not a method-specific gap.

Possible reason: The bridge person is identified only by description (Celtic
ruler, born AD 43, southeastern Britain), giving neither retriever a name anchor;
both surface generic Roman-conquest context and the tribe, but the individual
ruler's passage is not reached by either.

Alternative or uncertainty: Because both retrievers fail on Gold 2 identically,
this reads as a query-difficulty/description-only issue rather than a Dense
weakness; unclear whether Togodumnus sits just outside the window or far down.",Catuvellauni is at rank 8 and Togodumnus is absent; high results provide generic Roman-Britain context and unrelated Earl of March people.,The tribe passage is below cutoff and the unnamed ruler is not in the stored top 50.,Roman conquest and British history pages match the setting but not the ruler identified only by description and date.,BM25 also fails to retrieve Togodumnus and places Catuvellauni at rank 6.,Both retrievers recover generic historical context but fail on an unnamed entity specified only by a descriptive clue.,The identical missing entity across methods suggests query difficulty or clue quality rather than a dense-specific defect.,cross_passage_conjunction_unresolved,description_only_bridge_entity; question_frame_semantic_crowding; gold_chain_substitutability; cutoff_sensitive_near_miss,jointly_reviewed_validated_revised,"Observed evidence:
The question is `This Celtic ruler who was born in AD 43 ruled southeastern Britain prior to conquest by which empire?` The annotated answer hop is Catuvellauni, whose 29-token text reads `The Catuvellauni were a Celtic tribe or state of southeastern Britain before the Roman conquest, attested by inscriptions into the 4th century.` and so supplies the conquering empire. The annotated bridge hop is Togodumnus, whose 45-token text reads `Togodumnus (d. AD 43) was a historical king of the British Catuvellauni tribe at the time of the Roman conquest. He can probably be identified with the legendary British king Guiderius.` and so supplies the identity of the ruler the question describes but never names. No single passage contains the required conjunction: the ruler's identity and his tribe membership live in one passage, the tribe's region and pre-conquest status live in the other, and the query names neither entity. Exact reconstruction reproduces all 50 stored top-50 titles in order with a maximum absolute score error of 2.682e-07 and places the golds at complete-corpus ranks 8 (0.449564) for the answer hop and 115 (0.222228) for the bridge hop, so the stored `not_in_top50` status means rank 115 of 4,937 rather than corpus absence. The rank-5 score is George I, Earl of March at 0.470765, so the answer hop is 0.021201 points, or 4.503 percent, below the cutoff and the bridge hop is 0.248537 points, or 52.794 percent, below it. Both golds sit far inside the 256-token sequence limit at 29 and 45 model tokens, so truncation is excluded for both.

All seven non-gold passages above the rank-8 answer hop were read in full and fall into exactly two families. Four are Roman-Britain context passages: Roman conquest of Britain 1 (0.594038), which states `beginning effectively in AD 43 under Emperor Claudius` and names the `Roman Republic and Roman Empire`; History of Wales 2 (0.535548), `The Romans, who began their conquest of Britain in AD 43`; Romano-British culture 3 (0.526695), `following the Roman conquest in AD 43`; and History of England 6 (0.462094), `including some Belgic tribes (e.g. the Atrebates, the Catuvellauni, the Trinovantes, etc.) in the south east` together with `In AD 43 the Roman conquest of Britain began`. The first three give the conquest date and the conquering power while naming neither the ruler nor his tribe. The fourth is not a distractor at all but an evidence-bearing substitute for the answer hop and is treated as such below. Three are Scottish nobility passages of the twelfth to fifteenth centuries: Patrick IV, Earl of March 4 (0.501982), `the most important magnate in the border regions of Scotland`; George I, Earl of March 5 (0.470765), `one of the most powerful nobles in Scotland of his time`; and Haddington, East Lothian 7 (0.461561), whose only ancient reference is `the sixth or seventh century AD when the area was incorporated into the kingdom of Bernicia`. None of the three mentions a Celtic tribe, the Roman conquest, or AD 43; all three are period-mismatched instantiations of the question's referent description. The same Scottish family continues below the gold at Earl of Dunbar 10 (0.435665), Aonghus Mór 12 (0.423312), Kingdom of the Isles 13 (0.419128), List of rulers of the Kingdom of the Isles 14 (0.416310), Kingdom of Northumbria 15 (0.410586), Gospatric, Earl of Northumbria 16 (0.390323), and Scottish Borders 17 (0.381336). A third and smaller group matches only the answer facet's `ruled` and `empire` and appears at Khosrow IV 18 (0.366349) and Sasanian Empire 19 (0.364182). British people 11 (0.429180) matches `Celtic` and `Britons` generically. Durotriges 9 (0.436452) and Corieltauvi 30 (0.335047) are other pre-conquest British tribes and are not substitutes, because neither is the tribe the described ruler ruled.

A full-corpus substring scan shows `togodumnus` in exactly 1 of 4,937 passages, which is the bridge hop itself; `guiderius` in exactly 1, the same passage; `historical king` in exactly 1, again the same passage; and `southeastern britain` in exactly 1, which is the answer hop. `catuvellauni` occurs in exactly 4 passages, the two golds plus Corieltauvi and History of England. The bridge hop therefore has no substitute anywhere in the corpus and no complete alternative chain exists. By contrast `ad 43` occurs in 7 passages, `roman conquest` in 8 and `roman empire` in 4, so the answer string is heavily over-determined in this corpus while the required supporting facts are not; this unit is a supporting-fact retrieval failure and not an answerability failure.

Encoding, neighborhood, and probe evidence, in place of a per-token decomposition:
Dense per-token contribution is not derivable from a cosine ranking and none is reported; `case_probe.py` refuses to emit one for this backend and no attribution experiment was run. The neighborhood is instead delimited by reduced-query probes, all of which use question wording only. Probe Q5 reduces the query to the referent clause `This Celtic ruler who was born in AD 43` and ranks the golds 26 (0.320169) and 144 (0.201746) while 10 of its top 10 titles fall inside the baseline top 16 and 8 of 10 inside the baseline top 10, with Patrick IV, Earl of March first; that cue alone reproduces the observed neighborhood. Probe Q1 isolates `Celtic ruler` at 13 (0.392818) and 31 (0.338248) and its top 20 contains 9 of the 10 Scottish family members and 0 of the 4 Roman-Britain family members, with George I, Earl of March first. Probe Q6 isolates the answer facet `prior to conquest by which empire?` at 5 (0.379224) and 53 (0.236968) and its top 20 contains 3 of the 4 Roman-Britain members and 0 of the 10 Scottish members. The two families therefore map one-to-one onto the question's two facets: the referent clause produces the Scottish nobility neighborhood and the answer facet produces the Roman-Britain neighborhood. Probe Q2 on `ruled southeastern Britain` gives 6 (0.435211) and 47 (0.298154) with 9 of 10 inside the baseline top 16. Probe Q10 reduces the query to the single word `ruler` and ranks the bridge hop 1 (0.277850) while the answer hop falls to 547 (0.083697). Probes Q3 and Q4 show that the date clue is not merely weak but points elsewhere: `born in AD 43` gives 2429 (0.057239) and 413 (0.182936) and `AD 43` gives 4289 (-0.029381) and 1252 (0.091998), with the year page AD 43 first in both and 0 of 10 top-10 titles inside the baseline top 16 in both. Q7 `which empire` gives 22 (0.282143) and 52 (0.233455); Q8 `southeastern Britain` gives 18 (0.361488) and 305 (0.181458); Q9 `Celtic` gives 32 (0.327726) and 1519 (0.081960) with Donegal Celtic F.C. first; Q11 gives 5 (0.447799) and 83 (0.211267); Q12 `This Celtic ruler` gives 14 (0.379171) and 96 (0.243323).

Verified implementation facts and exact reconstruction:
The Dense retriever is a symmetric `sentence-transformers/all-MiniLM-L6-v2` bi-encoder that encodes paragraph text only and never the title, so a displayed title is not evidence that its tokens contributed to a score. Query and passage receive no role prefix. Embeddings are explicitly L2 normalized and scored by dot product, which equals cosine similarity; results are sorted by descending score with a stable sort and no threshold. Pooling is attention-mask-aware mean pooling with a 256-token limit. Each passage is scored independently: there is no reranker, no cross-encoder in this run, and no cross-passage or iterative-hop reasoning. That last fact is the one the primary rests on. The pooled index holds 4,937 title-deduplicated passages retaining the first text observed per title. Two consequences are specific to this unit. First, because a cosine score contains no corpus statistic, a per-question Dense ranking is exactly the restriction of the pooled ranking to that question's own paragraphs; reconstructing this item's ten paragraphs from the pooled texts reproduces the official `per_question` ordering title by title, which verifies that property directly and means the idf-scale path D-024 found for BM25 cannot arise here. Second, both golds are far inside the sequence limit, at 29 and 45 model tokens, so no truncation claim is available. Reconstruction reproduces the stored top-50 order with 0 of 50 title mismatches at a maximum absolute score error of 2.682e-07, the same order of magnitude as the zero-title-mismatch Dense reconstructions of D-020 at 2.384e-07 and D-023 at 3.576e-07, and every gold rank is exact.

Gold, provenance, and comparison evidence:
Pooled Dense ranks the golds 8 and 115, and the formal results file records `any_evidence_recall@5` 0 and `full_evidence_recall@5` 0 for `pooled` against `any_evidence_recall@5` 1 and `full_evidence_recall@5` 0 for `per_question`; `any_evidence_recall@10` is 1.0 pooled. The reconstructed per-question ordering, asserted equal to the official file title by title, places the answer hop 5 and the bridge hop 8 of 10. This is the fourth unit in which per-question and pooled disagree on Any@5, after D-022, D-023 and D-024, and it is of the D-022 and D-023 kind rather than the D-024 kind. Exactly 3 of the 7 passages above the answer hop are introduced by pooling, and they are exactly the three Scottish nobility passages Patrick IV, Earl of March, George I, Earl of March and Haddington, East Lothian; removal probe X4 drops exactly those three and returns the answer hop to rank 5, precisely its per-question rank, restoring Any@5. Because Dense cosine carries no corpus statistic, the idf-and-avgdl check D-024 requires after a failed pooling-removal probe does not apply and was not needed. The bridge hop's failure is pooling-independent: 107 of the 114 passages above it are pooling-introduced, removal probe X7 drops exactly those 107 and returns it to rank 8, again precisely its per-question rank and still below the cutoff, and it already ranks 8 of 10 inside HotpotQA's own ten-paragraph context. Corpus setting remains provenance under D-003 and is not used as a causal category. The comparison retriever reaches the same conjunction failure with the same shape: complete-corpus pooled BM25 ranks the answer hop 6 (28.287844) and the bridge hop 846 (10.825051), and per-question BM25 ranks them 1 and 10 of 10, with `any_evidence_recall@5` 1 per-question and 0 pooled. BM25 is used only as reachability and shared-failure evidence, is not written as the cause of the Dense ordering, and the two score magnitudes are not compared.

Factorial diagnostic status: run. Baseline binds the pooled 4,937-passage index, first-occurrence title deduplication, `all-MiniLM-L6-v2` with explicit L2 normalization, dot-product scoring, mean pooling at the 256-token limit, descending stable sort, and cutoff 5. Factors: **A** replaces `southeastern Britain` with `Britain`; **B** replaces `ruler` with `king`; **C** replaces `was born in AD 43` with `died in AD 43` and is gold-informed, because only the gold text reveals that the date is a death date; **R1** to **R9** delete or substitute exactly one query element each; **D4** to **D6** are further wording conditions; **T** prepends every title into the index and re-encodes the whole corpus; **Q1** to **Q12** are reduced-query probes; **K1** to **K6** are reachability probes; **Z1** to **Z5** search for the best name-free question; **N1** to **N8** inject one or both oracle names; **X1** to **X7** are index-side removal probes; and **L1**, **L1c** and **L2** are gold-targeted index-side ablations. A, B, R, D4, D5, T, Q, K3, K4c, K4g and Z-with-no-date are non-oracle. C and every condition containing it, plus K4, K4d, K4e, K4f and the Z series, are gold-informed but inject no entity name. The X series adds no text and injects no answer information but requires knowing which passages are rivals, so it is a diagnostic and not a deployable fix. K1, K2, K6 and the N series contain a hidden gold name and are oracle diagnostics. The L series is the third intervention class D-023 introduced and is likewise not deployable. All ranks are complete-corpus ranks over the same unchanged candidate set, except the X rows where the listed passages are removed and the L rows where exactly one gold passage's own text is replaced by a verbatim subset of itself. All eight A x B x C cells were run; 66 conditions in total.

| Condition | Kind | Exact change | Catuvellauni rank/score | Togodumnus rank/score | Both top-5 | Interpretation |
|---|---|---|---:|---:|---|---|
| baseline | baseline | original query, original index | 8 / 0.449564 | 115 / 0.222228 | no | exact reconstruction, 0 of 50 titles, max abs error 2.682e-07 |
| A | non-oracle | `southeastern Britain` to `Britain` | 9 / 0.427479 | 122 / 0.216230 | no | the region qualifier is not the obstacle |
| B | non-oracle | `ruler` to `king` | 14 / 0.428554 | 113 / 0.231347 | no | opposite signs |
| C | gold-informed | `was born in AD 43` to `died in AD 43` | 8 / 0.427042 | 102 / 0.217700 | no | the question's date-role error is not decisive |
| AB | non-oracle | A+B | 14 / 0.405890 | 118 / 0.226822 | no | no recovery |
| AC | gold-informed | A+C | 12 / 0.404863 | 116 / 0.211978 | no | no recovery |
| BC | gold-informed | B+C | 14 / 0.409056 | 105 / 0.226782 | no | best bridge-hop cell of the design, still 105 |
| ABC | gold-informed | A+B+C | 15 / 0.386351 | 112 / 0.221338 | no | the complete design worsens both hops |
| R1 | non-oracle | delete `This` | 9 / 0.455383 | 110 / 0.233713 | no | opposite signs, small magnitude |
| R2 | non-oracle | delete `Celtic` | 8 / 0.382436 | 30 / 0.300654 | no | largest non-oracle bridge-hop gain; opposite signs |
| R3 | non-oracle | `ruler` to `person` | 9 / 0.463982 | 140 / 0.216910 | no | opposite signs |
| R4 | non-oracle | delete the date clause | 4 / 0.476682 | 138 / 0.196126 | no | answer hop enters the top five, bridge hop worsens |
| R5 | non-oracle | delete `southeastern`, identical query to A | 9 / 0.427479 | 122 / 0.216230 | no | reproduces A exactly |
| R6 | non-oracle | delete the geographic clause | 13 / 0.384495 | 121 / 0.203392 | no | both worsen |
| R7 | non-oracle | delete the answer facet | 16 / 0.388879 | 171 / 0.197573 | no | the answer facet is the answer hop's main support |
| R8 | non-oracle | `empire` to `state` | 11 / 0.436336 | 120 / 0.221596 | no | both worsen slightly |
| R9 | non-oracle | delete the whole referent clause | 5 / 0.449328 | 70 / 0.227445 | no | the referent clause harms both hops |
| D4 | non-oracle | `ruler` to `tribal king` | 5 / 0.468467 | 71 / 0.268019 | no | answer hop enters the top five |
| D5 | non-oracle | insert `a tribe of` | 4 / 0.505535 | 91 / 0.242314 | no | best non-oracle answer-hop cell |
| D6 | gold-informed | C plus B plus `a tribe of` | 4 / 0.482245 | 82 / 0.255680 | no | no recovery |
| T | non-oracle, indexing | every title prepended, whole corpus re-encoded | 11 / 0.430058 | 110 / 0.224717 | no | title exclusion excluded; opposite signs |
| Q1 | non-oracle probe | query = `Celtic ruler` | 13 / 0.392818 | 31 / 0.338248 | no | 9 of the 10 Scottish family in its top 20, 0 of 4 Roman |
| Q2 | non-oracle probe | query = `ruled southeastern Britain` | 6 / 0.435211 | 47 / 0.298154 | no | 9 of 10 inside the baseline top 16 |
| Q3 | non-oracle probe | query = `born in AD 43` | 2429 / 0.057239 | 413 / 0.182936 | no | 0 of 10 inside the baseline top 16; birth-year pages |
| Q4 | non-oracle probe | query = `AD 43` | 4289 / -0.029381 | 1252 / 0.091998 | no | the year page ranks 1; 0 of 10 overlap |
| Q5 | non-oracle probe | query = the referent clause alone | 26 / 0.320169 | 144 / 0.201746 | no | 10 of 10 inside the baseline top 16, 8 of 10 inside the top 10 |
| Q6 | non-oracle probe | query = the answer facet alone | 5 / 0.379224 | 53 / 0.236968 | no | 3 of the 4 Roman family in its top 20, 0 of 10 Scottish |
| Q7 | non-oracle probe | query = `which empire` | 22 / 0.282143 | 52 / 0.233455 | no | empire pages, neither gold |
| Q8 | non-oracle probe | query = `southeastern Britain` | 18 / 0.361488 | 305 / 0.181458 | no | region pages, mostly modern |
| Q9 | non-oracle probe | query = `Celtic` | 32 / 0.327726 | 1519 / 0.081960 | no | a football club ranks 1 |
| Q10 | non-oracle probe | query = `ruler` | 547 / 0.083697 | 1 / 0.277850 | no | the bridge hop is rank 1 from this one generic word |
| Q11 | non-oracle probe | query = the question without the referent clause | 5 / 0.447799 | 83 / 0.211267 | no | the answer hop reaches the cutoff without the referent |
| Q12 | non-oracle probe | query = `This Celtic ruler` | 14 / 0.379171 | 96 / 0.243323 | no | 8 of 10 inside the baseline top 16 |
| K1 | oracle probe | query = `Togodumnus` | 2158 / 0.045367 | 1 / 0.703075 | no | the bridge hop is reachable at rank 1 from its own name |
| K2 | oracle probe | query = `Catuvellauni` | 1 / 0.532805 | 28 / 0.281346 | no | the answer hop is reachable at rank 1 from its own name |
| K3 | non-oracle probe | query = `Celtic king of a British tribe at the time of the Roman conquest` | 2 / 0.556613 | 25 / 0.344128 | no | a name-free paraphrase favours the answer hop |
| K4 | gold-informed probe | query = `king of a tribe in Britain who died in AD 43` | 39 / 0.325903 | 3 / 0.438969 | no | the same for the bridge hop, in the other direction |
| K4b | non-oracle probe | K4 with the question's `was born in` | 33 / 0.344949 | 5 / 0.446765 | no | the date role is worth two ranks here, not the failure |
| K4c | non-oracle probe | K4 with no date at all | 11 / 0.400251 | 1 / 0.508966 | no | dropping the date helps the bridge hop most |
| K4d | gold-informed probe | K4 plus `Celtic` | 18 / 0.409398 | 40 / 0.328705 | no | adding `Celtic` costs the bridge hop 37 ranks |
| K4e | gold-informed probe | K4 with `southeastern Britain` | 17 / 0.364355 | 5 / 0.441132 | no | the region qualifier is nearly inert here |
| K4f | gold-informed probe | the referent clause with the date role fixed | 37 / 0.280625 | 126 / 0.197529 | no | fixing the date inside the referent clause helps neither |
| K4g | non-oracle probe | the referent clause with no date, plus `ruled a tribe` | 2 / 0.432445 | 99 / 0.218196 | no | the answer hop only |
| K6 | gold-text probe | query = `historical king`, a corpus-unique string of the bridge passage | 507 / 0.170548 | 1 / 0.484866 | no | the bridge passage is reachable from its own wording |
| Z1 | gold-informed, name-free | died + king + tribe + region + answer facet | 4 / 0.482245 | 82 / 0.255680 | no | ceiling search, step 1 |
| Z2 | gold-informed, name-free | Z1 without `Celtic` | 7 / 0.432919 | 25 / 0.336501 | no | ceiling search, step 2 |
| Z3 | gold-informed, name-free | Z2 with `historical king of the British tribe` | 7 / 0.441826 | 18 / 0.369641 | no | ceiling search, step 3 |
| Z4 | gold-informed, name-free | Z3 plus `at the time of the Roman conquest` | 4 / 0.512483 | 15 / 0.362099 | no | ceiling search, step 4 |
| Z5 | gold-informed, name-free | the bridge passage's own sentence minus its name, plus the answer facet | 4 / 0.519406 | 14 / 0.356395 | no | the name-free ceiling: 4 and 14 |
| N1 | oracle | append `Togodumnus` | 10 / 0.405082 | 2 / 0.526568 | no | single-factor oracle-name test fails |
| N2 | oracle | name the bridge entity in place | 9 / 0.421893 | 1 / 0.604819 | no | second surface form fails |
| N3 | oracle | the bridge name replaces the whole description | 8 / 0.338246 | 1 / 0.689980 | no | third surface form fails |
| N4 | oracle | append `Catuvellauni` | 1 / 0.640362 | 66 / 0.255184 | no | the reverse direction also fails |
| N5 | oracle | name the tribe in place | 1 / 0.674001 | 54 / 0.276084 | no | second reverse form fails |
| N6 | oracle | append both gold titles | 1 / 0.581589 | 2 / 0.547945 | yes | both anchors together recover both hops |
| N7 | oracle | both names in place | 2 / 0.603481 | 1 / 0.649643 | yes | the same with natural insertion |
| N8 | oracle | N2 plus the date-role fix | 8 / 0.408077 | 1 / 0.591607 | no | fourth bridge-name surface form fails |
| X1 | removal probe | drop the 3 Scottish rivals above the answer hop | 5 / 0.449564 | 112 / 0.222228 | no | one family alone accounts for the answer hop's slippage |
| X2 | removal probe | drop the 4 Roman-Britain rivals above the answer hop | 4 / 0.449564 | 111 / 0.222228 | no | so does the other; the two are additive, neither decisive |
| X3 | removal probe | drop all 7 rivals above the answer hop | 1 / 0.449564 | 108 / 0.222228 | no | displacement upper bound for the answer hop |
| X4 | removal probe | drop only the 3 pooling-introduced rivals above the answer hop | 5 / 0.449564 | 112 / 0.222228 | no | restores exactly the per-question rank 5 and Any@5 |
| X5 | removal probe | drop all 11 corpus-wide March, Dunbar and Lothian titles | 5 / 0.449564 | 107 / 0.222228 | no | the Scottish family is irrelevant to the bridge hop |
| X6 | removal probe | drop all 113 non-gold passages above the bridge hop | 1 / 0.449564 | 2 / 0.222228 | yes | trivial upper bound only |
| X7 | removal probe | drop the 107 pooling-introduced passages above the bridge hop | 5 / 0.449564 | 8 / 0.222228 | no | restores exactly the per-question rank 8, still below cutoff |
| L1 | gold-targeted index-side | bridge passage keeps only its query-relevant sentence 1 | 8 / 0.449564 | 39 / 0.307062 | no | ablation improves the bridge hop |
| L1c | gold-targeted index-side | control: bridge passage keeps only its non-relevant sentence 2 | 8 / 0.449564 | 18 / 0.367169 | no | the control improves it more, so dilution is excluded |
| L2 | gold-targeted index-side | answer passage trimmed to its query-relevant clause | 5 / 0.485107 | 115 / 0.222228 | no | answer hop enters the top five |
| equal-length L1 control | `not_run` | a 32-token non-relevant control text for the bridge passage | n/a | n/a | n/a | the shorter control already improves the rank more than the ablation, so the dilution include rule cannot be met; the passage has only two sentences and a longer control would require text it does not contain |
| dose-response for L1 | `not_run` | intermediate reductions of the bridge passage | n/a | n/a | n/a | the passage has exactly two sentences; L1 and L1c already exhaust its non-empty subsets |
| factorial on the per-question index | `not_run` | any factor over the 10-paragraph index | n/a | n/a | n/a | per-question already places the hops at 5 and 8, and a Dense per-question ranking is the restriction of the pooled one, verified by the exact reconstruction |
| removal probes on ranks 9 to 114 | `not_run` | individual or blockwise deletions below the answer hop | n/a | n/a | n/a | X6 gives the displacement upper bound and X5 and X7 bracket the families; intermediate cells have no diagnostic value |
| answer-string injection | `not_run` | append `Roman Empire` to the query | n/a | n/a | n/a | tests answerability rather than supporting-fact retrieval and says nothing about the hop structure |
| reranker conditions | `not_run` | cross-encoder rescoring of the pooled top 50 | n/a | n/a | n/a | the formal run contains no reranker, so this would change the object being explained |
| Dense per-token decomposition | `not_run` | token attribution for either gold | n/a | n/a | n/a | not derivable from a cosine ranking; the tool refuses it by design |

Single-factor effects:
Of the 20 single-factor conditions, 10 move the two hops in opposite score directions: B, N1, N2, N3, N8, R2, R3, R4, R9 and T. Deleting `Celtic` is the strongest non-oracle intervention on the bridge hop, taking it from 115 to 30 while costing the answer hop 0.067128 points, and the same asymmetry appears without the question frame in the probe pair K4 against K4d, where adding `Celtic` to a name-free description moves the bridge hop from 3 to 40. Deleting the date clause is the mirror image: R4 takes the answer hop from 8 to 4 and the bridge hop from 115 to 138. Two conditions help both hops and still recover neither: D4 gives 5 and 71 and D5 gives 4 and 91. R9 is the most instructive non-oracle cell, because deleting the entire referent clause improves the bridge hop as well, from 115 to 70, so the clause that is supposed to identify the bridge entity is net harmful to both required passages. T is negative for the answer hop and marginally positive for the bridge hop, so title exclusion is excluded as the mechanism, as in D-019, D-020, D-021, D-023 and D-024. The question's factual error is measured rather than assumed: C alone moves the bridge hop only from 115 to 102, K4b against K4 shows the born and died forms of the same name-free description give 5 and 3, and K4f shows that fixing the date inside the referent clause leaves both hops worse than baseline at 37 and 126. No single factor of any class places both hops in the top five: the four bridge-name oracle forms give 10 and 2, 9 and 1, 8 and 1, and 8 and 1, and the two tribe-name forms give 1 and 66 and 1 and 54.

Combination and interaction effects:
Only two conditions of the 66 recover both hops without trivially deleting the entire field above a gold, N6 at 1 and 2 and N7 at 2 and 1, and both require the two oracle names simultaneously. The decisive interaction is therefore bridge name crossed with tribe name: either alone recovers one hop and demotes the other, and only their conjunction recovers both, which is the same shape as D-020's B+C and D-022's N1+N2+S. The second interaction is `Celtic` crossed with the choice of frame: inside the full question deleting it helps the bridge hop and harms the answer hop, while inside the reduced description of K4 adding it back costs the bridge hop 37 ranks, so the factor's magnitude depends on its base and cannot be reported as a single case-level direction. The third is the ceiling search: no name-free question recovers both hops even when it is written from the bridge passage's own sentence with the name removed, and the ceiling is Z5 at 4 and 14, with Z2, Z3 and Z4 tracing a monotone approach at 25, 18 and 15 on the bridge hop while the answer hop stays between 4 and 7. The removal probes carry the provenance conclusion rather than the mechanism: X1 and X2 each place the answer hop inside the top five on its own, at 5 and 4, so the two families above it are additive and neither is individually decisive, and X4, which drops exactly the three pooling-introduced rivals, reproduces the per-question rank 5 exactly. For the bridge hop every removal probe fails: X5 drops all 11 corpus-wide March, Dunbar and Lothian passages and reaches only 107, X7 drops all 107 pooling-introduced passages above it and reaches exactly its per-question rank 8, and only X6, which deletes all 113 non-gold passages above it, reaches 2. The bridge hop's problem is absolute similarity, not competition. The L series separates content from length in the falsifying direction: L1 retains the bridge passage's query-relevant sentence and improves it from 115 to 39, but the control L1c, which retains only the non-relevant Guiderius sentence, improves it further to 18, so the direction of the effect is brevity rather than query-relevant content.

Supported interpretation:
`cross_passage_conjunction_unresolved` is the most specific verified primary. The question's two facets each address a different gold and are mutually antagonistic. The referent clause produces the Scottish nobility neighborhood, verified by Q1 at 9 of 10 family members in its top 20 and by Q5 at 10 of 10 top-10 titles inside the baseline top 16; the answer facet produces the Roman-Britain neighborhood, verified by Q6 at 3 of 4 family members and 0 of 10 Scottish members. The missing intermediate fact is concrete and unavailable by construction: the identity of the described ruler occurs in exactly 1 of 4,937 passages, which is the bridge hop itself, the query never contains it, and the only discriminating string the two golds share, `catuvellauni`, is written inside the bridge passage and not inside the answer passage, so it cannot be recovered from one and carried into the scoring of the other by an encoder that scores every passage independently. Positive evidence for the architectural reading is available in all three of the forms D-022 established. Reachability: K1 places the bridge hop at rank 1 from its own name and K2 places the answer hop at rank 1 from its own name, while K1 simultaneously drives the answer hop to 2158 and the descriptive probe K4c does the reverse, placing the bridge hop at 1 and the answer hop at 11. Sign: 10 of the 20 single-factor conditions carry opposite signs across the hops. Exhaustion in the non-oracle direction: 66 conditions were run and the only recoveries are the two conditions that inject both names, with the name-free ceiling at 4 and 14. All four registry exclude conditions were checked and none fires: no single passage supplies a complete answer under the standard D-011 applied, the one evidence-bearing substitute sits at rank 6 and therefore outside the evaluated top five and substitutes only one hop rather than completing the chain, the judgment rests on the reachability and sign evidence rather than on the mere presence of two annotated golds, and the retrieval stage performs no joint reasoning. `description_only_bridge_entity` records the query-side half of the same structure. `question_frame_semantic_crowding` records the verified Roman-Britain neighborhood, which persists when the referent cue is deleted and which the referent cue alone does not produce. `gold_chain_substitutability` records History of England at 6 (0.462094), which names the Catuvellauni among the Belgic tribes `in the south east` and dates the Roman conquest to AD 43, and so supplies the answer hop's intermediate fact in full while naming no ruler. `cutoff_sensitive_near_miss` records the answer hop's 4.503 percent gap and the exactness of the X4 result.

Closest competitor and tie-break:
Prefer `cross_passage_conjunction_unresolved` over `description_only_bridge_entity`. The description-only reading satisfies its inclusion rule without argument: the question requires a specific ruler, designates him only by ethnicity, role, date and region, and never names him. It loses the tie-break on the single-factor oracle-name test that D-020 applied to its condition B, D-021 to its condition N, D-022 to its N1 and D-024 to its four N forms. Four bridge-name surface forms were run and all four fail: appending the bare name gives 10 and 2, naming the entity in place gives 9 and 1, replacing the whole description with the name gives 8 and 1, and adding the date-role fix on top gives 8 and 1. The reverse direction fails as well, at 1 and 66 and 1 and 54. This is the fifth failing application of that disqualifier against two passes, D-017 and D-023. The D-024 precondition on that test was checked before the verdict was read and it holds here, which is what makes this the first clean failure on a Dense unit: the injected anchor is matchable by the passage it names, since K1 reduces the query to the bare `Togodumnus` and that passage ranks 1 at 0.703075, and K2 does the same for `Catuvellauni` at 1 and 0.532805. The failure is therefore a real insufficiency of one anchor, not an anchor delivered to the wrong passage. The cross-passage reading also explains what the description-only reading cannot, namely that the referent clause is net harmful to both hops: R9 deletes it and improves the answer hop from 8 to 5 and the bridge hop from 115 to 70. Two further candidate primaries were rejected on direct evidence. `compound_two_sided_crowding` fails because the bridge hop is not crowded at all: X5 removes every corpus-wide March, Dunbar and Lothian passage and leaves it at 107, X7 removes all 107 pooling-introduced passages above it and leaves it at exactly its per-question rank 8, and only the trivial X6 recovers it, so there is no second competitor family with an independent effect and nothing to compound. A descriptive-cue drift reading, on which the query's `Celtic` mismatches the bridge passage's `British`, is a real and large effect, R2 taking the bridge hop from 115 to 30 and K4d costing it 37 ranks, but it is not decisive, because R2 leaves both golds outside the top five and simultaneously costs the answer hop 0.067128 points, and because the name-free ceiling with `Celtic` removed is still only 25 at Z2 and 14 at Z5. It is recorded as observed evidence and an interpretation rather than promoted to a descriptor, which would require a new registration during a validation pass that defers vocabulary growth.

Considered and not adopted:
`generic_context_substitution`, a provisional first-pass secondary, is not adopted, because its content is exactly what the registered `question_frame_semantic_crowding` covers and registering it would create a near-synonym during the validation pass. Both readings of its name were tested separately: the generic-context reading is verified by Q6, Q11 and R9 and is recorded under the registered descriptor, and the substitution reading is verified by History of England and is recorded under `gold_chain_substitutability`. `shared_retriever_failure`, the other provisional first-pass secondary, is not adopted, because it names comparison-retriever behaviour rather than a mechanism of this unit, and retriever identity is a forbidden causal category under D-003; the underlying observation is true and is preserved in the provenance evidence, where complete-corpus BM25 ranks the bridge hop 846 of 4,937. `peripheral_passage_content_dilution` is not adopted and is excluded by its own inclusion rule, whose third condition requires that a control retaining only the non-query-relevant sentences must not improve the rank: here L1 improves the bridge hop from 115 to 39 but the control L1c improves it further to 18, so the effect runs the wrong way and the mechanism would be brevity rather than content. The fourth condition is satisfied, since both golds are far inside the sequence limit, but that is not sufficient. `generic_person_semantic_neighborhood` is not adopted although the Scottish family is indeed a cluster of ruler biographies, because its definition is scoped to a question whose `explicitly named target entities remain lower` and this question names no entity at all; adopting it would silently widen the definition, which the validation pass forbids. `compound_two_sided_crowding` and a `Celtic` drift descriptor are not adopted for the reasons given in the tie-break. `plausible_non_gold_answer` and `gold_chain_not_unique` are not adopted, because no single passage satisfies the explicit constraint of a Celtic ruler dated AD 43: `togodumnus`, `guiderius` and `historical king` each occur in exactly 1 passage, which is the bridge hop, and Roman conquest of Britain at rank 1 supplies the empire while naming neither the ruler nor the tribe. `same_entity_variant_crowding` is not adopted, because Durotriges and Corieltauvi are different tribes rather than variants of the Catuvellauni. `possible_type_mismatch` is not adopted, because the question asks for an empire and the answer hop states `before the Roman conquest`, so no category misalignment is present. `surface_form_tokenization_mismatch`, `repeated_content_word_amplification`, `repeated_function_word_amplification`, `generic_query_scaffold_score_inflation` and `minimal_preprocessing_score_distortion` are not applicable, because they are all scoped to a lexical scorer with an inspectable tokenizer and this unit is a bi-encoder for which no per-token decomposition exists. `generic_term_lexical_crowding` is likewise not adopted, because its own definition and D-024's usage are lexical; the Dense counterpart in the registry is `question_frame_semantic_crowding`. `exact_string_source_dependency` is not adopted, because the query contains no quoted or fixed string.

Not-run cells and attribution boundary:
The defined A x B x C design was run complete at all eight cells, and the R, D, T, Q, K, Z, N, X and L families were run as listed, for 66 conditions in total. The `not_run` rows are an equal-length control for L1, a dose-response curve for L1, any factorial over the per-question index, removal probes on ranks 9 to 114, answer-string injection, reranker conditions, and Dense per-token decomposition; reasons are recorded in the table. Attribution is bounded as follows. No token-level claim is licensed. The R2 and K4d results support only the query-level statement that deleting or adding `Celtic` moves the bridge hop's cosine similarity by the stated amounts; they do not establish that the encoder attended to, weighted, or represented that word in any particular way, and no attribution experiment was run. The L series supports only the passage-level statement that replacing the bridge passage's text with the stated verbatim subset changes its similarity as recorded, and because the control improves the rank more than the ablation, it supports no dilution claim at all. Do not present N1 to N8, K1, K2 or K6 as query rewrites, since they contain a hidden gold name, and do not present the Z series as deployable either, since it is written from the gold text. Do not present the X series as a repair proposal, since it requires knowing which passages are rivals. Do not present the L series as a fix, since it requires knowing which passage is gold. Do not treat rank 8, rank 115, cutoff 5, retriever identity, question type, gold missingness or corpus setting as causal; the defensible provenance statement is that pooling adds exactly three rivals above the answer hop, that removing exactly those three restores rank 5 and Any@5, and that the bridge hop reaches rank 8 in its own ten-paragraph context and so fails independently of pooling. Do not present BM25's ranks as the cause of the Dense ordering and do not compare Dense and BM25 score magnitudes. Do not claim truncation, which is excluded at 29 and 45 model tokens. Do not generalize the corpus-uniqueness counts or the neighborhood composition beyond this 4,937-passage corpus.

Boundary:
Four boundaries are recorded rather than closed. First, this is the third unit to use `cross_passage_conjunction_unresolved` as a primary, after D-022 and D-024, and the first Dense unit to do so; D-017 and D-020 used the name as a secondary on Dense units alongside a different primary. Whether the descriptor is suited to primary use, and whether its presence in both the primary and the secondary inventory needs splitting, remains the vocabulary-audit question D-022 registered. This unit adds one observation to that backlog: the two BM25 primary uses had almost disjoint matched token sets, a criterion that has no Dense analogue, so the Dense evidence set here rests on reachability, sign and non-oracle exhaustion only. Second, the single-factor oracle-name disqualifier now has five failing and two passing applications, and this is the first failing application on a Dense unit with the D-024 precondition explicitly verified beforehand. That strengthens the case for writing the test into the registry, which remains deferred to the vocabulary audit. Third, `gold_chain_substitutability` is adopted for a substitute that sits above its gold at rank 6 yet outside the cutoff, so it changes no metric; the descriptor's registry text does not require the substitute to be inside the evaluated set, and D-023 recorded a related boundary, but whether a substitute outside the cutoff should count is left open. Fourth, the question contains a verified factual error, since it says the ruler was born in AD 43 while the gold passage records `(d. AD 43)`. The error is measured and found not decisive, at 115 to 102 under C and 5 against 3 for the born and died forms of the same reduced description, and no descriptor is adopted for it; whether the vocabulary needs a question-quality descriptor is left to the later sections, where queue item 13 and queue item 21 both carry a provisional `question_wording_ambiguity`.

Confidence:
Medium. The baseline reproduces the stored top-50 order with zero title mismatches at a maximum absolute score error of 2.682e-07, the per-question ordering is asserted equal to the official file title by title, all eight cells of the defined design were run together with 58 further conditions, all seven non-gold passages above the answer hop and the whole neighborhood down to rank 30 were read in full, and the dossier's reproduction script passes 408 assertions. The antagonism rests on the three independent kinds of evidence D-022 established, and both provisional secondaries and two candidate primaries are each excluded by a specific condition rather than by argument. The limitations are that the only recovering conditions inject both oracle names, that no non-oracle or even name-free condition places both hops inside the top five, with a measured ceiling of 4 and 14, and that the bridge hop's low absolute similarity is characterized rather than explained: the strongest available account of it, the mismatch between the query's `Celtic` and the passage's `British`, is a query-level effect of measured size and not a mechanism established by attribution.

Speculation boundary:
Do not claim that mean pooling averaged away any part of the bridge passage or that its Guiderius sentence diluted it; the control ablation falsifies the direction and token-level attribution is not derivable from a cosine ranking. Do not claim that the encoder treats `Celtic` as a modern Scottish or Irish signal, even though Q9 ranks a football club first; that is a description of one probe's output, not an attribution. Do not claim that the Scottish nobility neighborhood arises through a border or march semantics linking `southeastern` to south-eastern Scotland; Q1 shows the family arises from `Celtic ruler` alone, but no experiment isolates why. Do not treat the identification of the Roman Empire as the answer string as observed evidence; the HotpotQA answer string is absent from every read-only artifact available here and this identification is an inference from the answer hop's own text. Do not treat the question's `born` as a mere transcription slip with a known cause; only its retrieval effect was measured. Do not read the 107 pooling-introduced passages above the bridge hop as evidence that pooling harmed it, since X7 shows removing all of them leaves it at rank 8.","Resolved for this validation pass in favor of cross_passage_conjunction_unresolved, with four boundaries recorded rather than closed. First, this is the third unit to use `cross_passage_conjunction_unresolved` as a primary, after D-022 and D-024, and the first Dense unit to do so; D-017 and D-020 used the name as a secondary on Dense units alongside a different primary. Whether the descriptor is suited to primary use, and whether its presence in both the primary and the secondary inventory needs splitting, remains the vocabulary-audit question D-022 registered. This unit adds one observation to that backlog: the two BM25 primary uses had almost disjoint matched token sets, a criterion that has no Dense analogue, so the Dense evidence set here rests on reachability, sign and non-oracle exhaustion only. Second, the single-factor oracle-name disqualifier now has five failing and two passing applications, and this is the first failing application on a Dense unit with the D-024 precondition explicitly verified beforehand. That strengthens the case for writing the test into the registry, which remains deferred to the vocabulary audit. Third, `gold_chain_substitutability` is adopted for a substitute that sits above its gold at rank 6 yet outside the cutoff, so it changes no metric; the descriptor's registry text does not require the substitute to be inside the evaluated set, and D-023 recorded a related boundary, but whether a substitute outside the cutoff should count is left open. Fourth, the question contains a verified factual error, since it says the ruler was born in AD 43 while the gold passage records `(d. AD 43)`. The error is measured and found not decisive, at 115 to 102 under C and 5 against 3 for the born and died forms of the same reduced description, and no descriptor is adopted for it; whether the vocabulary needs a question-quality descriptor is left to the later sections, where queue item 13 and queue item 21 both carry a provisional `question_wording_ambiguity`.",cross_passage_conjunction_unresolved,description_only_bridge_entity,"Prefer `cross_passage_conjunction_unresolved` over `description_only_bridge_entity`. The description-only reading satisfies its inclusion rule without argument: the question requires a specific ruler, designates him only by ethnicity, role, date and region, and never names him. It loses the tie-break on the single-factor oracle-name test that D-020 applied to its condition B, D-021 to its condition N, D-022 to its N1 and D-024 to its four N forms. Four bridge-name surface forms were run and all four fail: appending the bare name gives 10 and 2, naming the entity in place gives 9 and 1, replacing the whole description with the name gives 8 and 1, and adding the date-role fix on top gives 8 and 1. The reverse direction fails as well, at 1 and 66 and 1 and 54. This is the fifth failing application of that disqualifier against two passes, D-017 and D-023. The D-024 precondition on that test was checked before the verdict was read and it holds here, which is what makes this the first clean failure on a Dense unit: the injected anchor is matchable by the passage it names, since K1 reduces the query to the bare `Togodumnus` and that passage ranks 1 at 0.703075, and K2 does the same for `Catuvellauni` at 1 and 0.532805. The failure is therefore a real insufficiency of one anchor, not an anchor delivered to the wrong passage. The cross-passage reading also explains what the description-only reading cannot, namely that the referent clause is net harmful to both hops: R9 deletes it and improves the answer hop from 8 to 5 and the bridge hop from 115 to 70. Two further candidate primaries were rejected on direct evidence. `compound_two_sided_crowding` fails because the bridge hop is not crowded at all: X5 removes every corpus-wide March, Dunbar and Lothian passage and leaves it at 107, X7 removes all 107 pooling-introduced passages above it and leaves it at exactly its per-question rank 8, and only the trivial X6 recovers it, so there is no second competitor family with an independent effect and nothing to compound. A descriptive-cue drift reading, on which the query's `Celtic` mismatches the bridge passage's `British`, is a real and large effect, R2 taking the bridge hop from 115 to 30 and K4d costing it 37 ranks, but it is not decisive, because R2 leaves both golds outside the top five and simultaneously costs the answer hop 0.067128 points, and because the name-free ceiling with `Celtic` removed is still only 25 at Z2 and 14 at Z5. It is recorded as observed evidence and an interpretation rather than promoted to a descriptor, which would require a new registration during a validation pass that defers vocabulary growth.",medium,false,jointly_reviewed
manual_review_v1,2026-07-17_a,5ae1801955429901ffe4aec4,dense,5,bridge,Where is the Cocoa Krispies and former Superman sponsor located?,Adventures of Superman (TV series),not_in_top50,Kellogg's,11,1,single_note,"Observed:
For dense retrieval, “Adventures of Superman (TV series)” is not in the stored top 50 and “Kellogg’s” is ranked 11. The gold texts state that Kellogg’s sponsored the Superman television series and that the company is headquartered in Battle Creek, Michigan. The rank-2 “Cocoa Krispies” passage correctly identifies Kellogg’s as the cereal’s producer.

Pooled-corpus passage evidence:
Rank 1 describes a Canadian burger chain based in Toronto. Rank 2 supplies the Cocoa Krispies-to-Kellogg’s link but not the headquarters or Superman sponsorship. Ranks 3–5 describe Canadian restaurants or chains and their locations. Rank 8 is a Superman-themed amusement ride, not the sponsored television series. The Kellogg’s text at rank 11 supplies the headquarters, but the sponsorship passage is missing.

Comparison-retriever evidence:
BM25 ranks “Adventures of Superman (TV series)” sixth and “Kellogg’s” thirteenth. It recovers both gold passages in the stored top 50, though neither reaches top five.

Assessment and uncertainty:
Dense retrieves one useful bridge at rank 2 but mixes it with location-bearing food businesses and a non-television Superman result. The stored texts support a multi-hop relation failure with competition from location and food/business passages.",,"Kellogg's is at rank 11 and the Superman series is absent; Cocoa Krispies at rank 2 supplies one useful link, while other results are food businesses, locations, or Superman-adjacent.",The headquarters passage is below cutoff and the sponsorship passage is missing.,The rank-2 cereal passage identifies Kellogg's but not its headquarters or sponsorship; other location-bearing businesses and a Superman ride match isolated facets.,BM25 retrieves the Superman series at rank 6 and Kellogg's at rank 13.,Dense retrieves a partial bridge but fails to complete the cereal-to-company-to-sponsorship/location chain across passages.,"The wording may allow identifying Kellogg's from Cocoa Krispies without the sponsorship passage, so the strict two-gold contract may overstate the practical failure.",cross_passage_conjunction_unresolved,peripheral_passage_content_dilution; cutoff_sensitive_near_miss; same_topic_passage_distractor,jointly_reviewed_validated_revised,"Joint review of the Xin-only single-note unit 5ae1801955429901ffe4aec4|dense, queue item 25 of the section 7A validation pass, landed as D-038. The original note is Xin's and is preserved verbatim in note_xin; what follows is content-equivalent to the D-038 entry in open_code_decision_log.md.

Decision: For `5ae1801955429901ffe4aec4|dense`, replace the provisional primary `partial_bridge_only` with `cross_passage_conjunction_unresolved`, and adopt three secondaries, each scoped: `peripheral_passage_content_dilution` on `Adventures of Superman (TV series)` only, `cutoff_sensitive_near_miss` on `Kellogg's` only, and `same_topic_passage_distractor` on `Superman: Tower of Power`, `Twisties` and `General Mills` only. Delete the provisional name `partial_bridge_only` rather than registering it. Register no new descriptor. Use `peripheral_passage_content_dilution` as the closest competitor. Do not adopt `gold_chain_substitutability`, `question_frame_semantic_crowding`, `description_only_bridge_entity`, `gold_chain_not_unique`, `plausible_non_gold_answer`, `low_context_name_query`, `unindexed_title_name_anchor`, `generic_person_semantic_neighborhood` or `compound_two_sided_crowding`.

Affected unit: `5ae1801955429901ffe4aec4|dense`.

This is the fourth primary use of `cross_passage_conjunction_unresolved`, after D-022 and D-024 on BM25 and D-025 on Dense, and the second Dense primary use. It is the ninth consecutive decision that registers no new descriptor, and the fourth to delete a provisional name outright, after D-031, D-033 and D-037.

Question: `Where is the Cocoa Krispies and former Superman sponsor located?` This is a bridge unit. `Adventures of Superman (TV series)` is 185 model tokens over six sentences, of which exactly one carries anything the question asks for, `It was sponsored by cereal manufacturer Kellogg's.`; the rest are the creators, the filming location, the syndication and air dates, the black-and-white and colour seasons, and the 1965 colour broadcast. `Kellogg's` is 166 model tokens over four sentences: the first states that the company is headquartered in Battle Creek, Michigan and carries an alias parenthetical, the third lists brands including `Cocoa Krispies`. The bridge entity is therefore identified by two coordinated referring expressions and never named: the question contains no form of `Kellogg`. The answer hop alone satisfies one of the two constraints and states the location; the only intermediate fact written nowhere else is that the former Superman sponsor is Kellogg's.

Verified implementation: `all-MiniLM-L6-v2` used as a symmetric bi-encoder; only paragraph text is encoded and titles are excluded; mean pooling with an explicit row-wise L2 so that a dot product is a cosine; a 256-token sequence limit; passages scored independently, with no reranker and no cross-passage or iterative-hop reasoning. The two required passages are 185 and 166 model tokens and the question is 14, so truncation is excluded on both sides. Cosine carries no collection statistic, with the two consequences used throughout: a subset ranking is the pooled ranking restricted to that subset, and every index-side removal probe is an arithmetic identity rather than a measurement (pit 19ai). Per-token contribution is not derivable on this backend and none is claimed (pit 18).

Exact reconstruction: rebuilding the same 4,937-passage pooled index reproduces all 50 stored top-50 titles in order, 0 of 50 mismatched, at a maximum absolute score error of 3.576e-07, so strong causal claims are supported. Complete-corpus ranks are 173 / 0.225424 and 11 / 0.345068 against a rank-5 score of 0.363764. Neither gold is absent from the corpus; `not_in_top50` describes the stored window only (pit 7).

Diagnostic scale: 146 labelled rows on the same unchanged candidate set, of which 138 are measured runs covering 135 distinct conditions, 3 of those being deliberate repeats of the baseline across four producers that reproduced it bit for bit, 2 tabulate the positions of passages this entry names, and 6 are `not_run` cells with reasons. The reproduction script carries 214 assertions and all pass.

The two coordinated referring expressions are antagonistic, and that is the whole measurement. Each one alone places its own required passage inside the cutoff and drives the other one out: `former Superman sponsor` gives 2 / 0.415715 and 2046 / 0.070734, `Cocoa Krispies` gives 4713 / -0.087899 and 2 / 0.404215. Put together in the question as annotated they give 173 / 0.225424 and 11 / 0.345068, and deleting either one from the question restores its partner's side while destroying the other: deleting `Cocoa Krispies` gives 3 / 0.444093 and 1554 / 0.092815, deleting `Superman` gives 4481 / -0.058135 and 3 / 0.413657. Dropping the interrogative frame and keeping both referring expressions gives 108 / 0.229726 and 5 / 0.350304, which is the best any reduced form of the question reaches on the constraint side while the answer side stays in. 8 of 16 single factors carry opposite signs across the hops, counting one change applied to the whole question or one index-side change; that ratio matches D-025's 10 of 20, sits above D-024's 10 of 19 in proportion and far above the 4 of 19 on which D-026 refused this name.

Per-side reachability holds under non-oracle queries, so neither passage is unreachable on its own. On the constraint hop, the question's own verbatim sub-phrase `former Superman sponsor` gives 2 / 0.415715, the single word `Superman` gives 4 / 0.463022 and `Superman television series sponsor` gives 1 / 0.612244. On the answer hop, `sponsored by cereal manufacturer` gives 1 / 0.592832, `cereal manufacturer headquarters` gives 2 / 0.601672 and `Cocoa Krispies` gives 2 / 0.404215. This is D-025's leg and it holds in its strongest form so far, both sides being reachable at rank 1 or 2 by wording drawn from the question itself.

The D-026 route does not fire: no single anchor lifts both sides. Five were measured and every one is one-sided, with the other hop pushed between 2731 and 4426. `Kellogg's` alone gives 4426 / -0.054776 and 1 / 0.704330; the constraint hop's own title alone gives 1 / 0.699497 and 3930 / -0.037222; `Adventures of Superman` alone gives 1 / 0.605818 and 4096 / -0.039585; `Cocoa Krispies` alone gives 4713 / -0.087899 and 2 / 0.404215; and `Superman` alone gives 4 / 0.463022 and 4085 / -0.030170. This is the same sign as D-025, where the same probe demoted the other side to 2158, and the opposite of D-037, where a single anchor lifted both.

The D-028 route of pit 19s does not fire either. Forty-eight non-oracle query conditions were scanned, 24 queries each with and without title indexing, and none places both required passages inside the cutoff. The best of them presupposes facts written only in the golds and is therefore not deployable in the sense of pit 19ab, `Where is the cereal company that sponsored the Superman television series located?` giving 1 / 0.559604 and 9 / 0.360985; the best strictly deployable rewrite, `Where is the headquarters of the cereal company that makes Cocoa Krispies and formerly sponsored Superman?`, gives 154 / 0.242010 and 2 / 0.527444, and title indexing alone gives 135 / 0.226319 and 9 / 0.328467. The only query-side condition anywhere in this study that double-recovers is appending both gold titles, 2 / 0.416027 and 1 / 0.464131, which is a pure oracle and by pit 15 is not a repair. Resolving the conjunction by hand behaves exactly as the descriptor predicts: supplying the bridge entity's name lifts the answer hop and abandons the constraint hop, `Where is Kellogg's located?` giving 4115 / -0.049557 and 1 / 0.662501, `Where is Kellogg's headquartered?` 3877 / -0.034668 and 1 / 0.683682, `Where is the Kellogg Company located?` 4213 / -0.047955 and 1 / 0.692879 and `Kellogg's headquarters` 4218 / -0.051305 and 1 / 0.633972.

Neither exclusion fires. No single passage supplies a complete answer: the answer hop states the location and lists `Cocoa Krispies` among its brands but never says the company sponsored Superman, so the question's second constraint cannot be checked from it, and the constraint hop names the sponsor but no location. No evidence-bearing substitute completes the chain inside the evaluated set: `Cocoa Krispies` at 2 / 0.406143 states that the cereal is produced by Kellogg's, but the location is written in exactly 1 of 4,937 indexed bodies, which is the answer hop itself at 11 / 0.345068, outside the cutoff. The linking name `kellogg` occurs in 3 of 4,937 bodies, the two required passages and `Cocoa Krispies`; `battle creek` in 1; `adventures of superman` in 1; `cocoa krispies` in 2. The implementation is verified to score passages independently.

The dilution gate passes on the constraint hop, in its strongest recorded form for a single side. All four include conditions hold there. The contract is verified from implementation and the body sits inside the sequence limit at 185 model tokens. The controlled ablation to verbatim subsets of the passage's own query-relevant material moves 173 / 0.225424 to 1 / 0.452921 at 7 words, 1 / 0.509545 at 15 words, 1 / 0.502081 at 23 words, 4 / 0.383756 at 31 words, 13 / 0.337426 at a different 31 words and 51 / 0.275368 at 58 words. The length-matched controls that carry no query-relevant word improve nothing at any length and move the passage hundreds of positions the wrong way: 425 / 0.178357 at 9 words, 967 / 0.129091 at 11 words and 2517 / 0.053330 at 12 words. The decisive comparison is a matched pair rather than a curve endpoint: 7 words of query-relevant material rank 1 / 0.452921 and 9 words of non-relevant material from the same body rank 425 / 0.178357, a difference of 0.274563 in score.

The controls are decontaminated word by word, as D-035 requires, and here that step decides the verdict rather than merely confirming it. Six controls built from the passage's non-relevant sentences do improve the rank, to 37 / 0.288547 at 8 words, 135 / 0.237579 at 16 words, 117 / 0.243064 and 144 / 0.236000 at 24 words, 147 / 0.234285 at 51 words and 170 / 0.226848 at 40 words, and every one of them retains the query word `Superman`. Removing just the two words `of Superman` from the 24-word control moves it from 144 / 0.236000 to 569 / 0.160981, a change of 0.075020 in score and 425 rank positions, which is why the decontaminated controls above are the ones the gate is read on. The control curve is also not monotone in length, running 425, 967, 2517, 135, 117, 144, 170, 172, 147 and 208 at 9, 11, 12, 16, 24, 24, 40, 44, 51 and 57 words, so no single control point could have been read either way (D-026).

The directional control of pit 19ao holds on the constraint hop. The same ablation that lifts a probe matching the retained material lowers probes matching the removed material: `sponsored by cereal manufacturer` goes from 2357 / 0.031166 to 1 / 0.889812, while `Jerry Siegel and Joe Shuster` goes from 1510 / 0.119830 to 2535 / 0.064414 and `filmed in black-and-white and color` from 168 / 0.267384 to 1617 / 0.099776. A brevity effect cannot produce a sign that depends on what the probe matches.

The gate fails on the answer hop, on the second include condition outright. Reducing that body to its single query-relevant sentence, the one that states the answer, gives 89 / 0.254490 against a baseline of 11 / 0.345068, so the controlled ablation makes the rank worse; the same clause without the alias parenthetical gives 12 / 0.334115. The third condition fails as well: a control that retains only the brand sentence gives 1 / 0.454983 at 30 words, and even after removing both `Rice Krispies` and `Cocoa Krispies` from it word by word it still improves the rank, to 5 / 0.365993 at 26 words. The other two controls do not improve it, 36 / 0.284072 at 20 words and 47 / 0.276768 at 32 words. This is the D-025 and D-031 direction and the conservative reading is taken: the descriptor is scoped to the constraint hop alone, the split D-027 used.

The two-sided ceiling with gate-licensed edits leaves the answer hop outside the cutoff, which is the ground on which this descriptor does not take the primary. Ablating the constraint hop alone gives 1 / 0.509545 and 12 / 0.345068. Combining that with the only answer-side edit that helps, deleting the alias parenthetical, gives 1 / 0.509545 and 6 / 0.376585, and the more aggressive constraint-side subset gives 1 / 0.452921 and 6 / 0.376585; the answer-side edit on its own gives 173 / 0.225424 and 5 / 0.376585. One cell does double-recover and it is reported rather than smoothed over: the constraint hop at 15 words together with a 43-word answer-side subset that reaches through the brand list to `Cocoa Krispies` gives 1 / 0.509545 and 3 / 0.406656. It is not licensed by this descriptor, because on that side the gate fails on its second condition, and it is not a deployable repair in any case (pit 19d). The asymmetric cells confirm that each side's edit rescues only its own side, 1 / 0.452921 with 37 / 0.284072 and 117 / 0.243064 with 89 / 0.254490, and both controls together give 117 / 0.243064 and 36 / 0.284072. This is the same ground D-023, D-026, D-027, D-029 and D-035 recorded, and the reason D-037 broke it does not apply here: there the gate passed on both sides.

The single-fact controls price the facts the question needs, and the answer hop's rank turns out not to depend on the answer at all. Deleting the sponsorship sentence from the constraint hop and changing nothing else moves it from 173 / 0.225424 to 315 / 0.194534, and replacing `Kellogg's` in it with `a company` gives 277 / 0.201155, so the fact does carry score and keeping it is still not enough. On the answer hop, deleting the entire clause `headquartered in Battle Creek, Michigan, United States` leaves the rank at 11 / 0.344304, unchanged to the position and 0.000764 in score: that passage's rank is very nearly independent of whether it states the answer. Deleting `Cocoa Krispies, ` from its brand list gives 14 / 0.326893, deleting the whole brand sentence gives 26 / 0.300536, and deleting only the alias parenthetical `(also Kellogg's, Kellogg, and Kellogg's of Battle Creek)` gives 5 / 0.376585 and flips `any@5` by itself, worth 0.031517 in score. This last figure is recorded as a boundary and not used to support the dilution gate, because what it removes is query-relevant material rather than peripheral material, which is the opposite direction from the one the include rule describes.

The null control is reported as a measured residual rather than as equality. Re-encoding each unchanged body into its own row reproduces the baseline pair 173 / 0.225424 and 11 / 0.345068 to every printed digit, which is the sense D-026, D-029, D-035 and D-037 use; measured to the float, the largest absolute score difference over all 4,937 rows is 5.960e-08 for the constraint hop, 8.941e-08 for the answer hop and 8.941e-08 for both together. Every ablation figure above sits many orders of magnitude above that residual.

Every index-side removal probe is an arithmetic identity, verified cell by cell. Fourteen removal cells were run and all fourteen match `rank_after = rank_before - |dropped and ranked above it|` with the gold scores identical to the last bit. Dropping all 171 non-golds above the constraint hop gives 2 / 0.225424; dropping all 10 above the answer hop gives 1 / 0.345068; the 68-passage location-word family above the constraint hop gives 105 / 0.225424 and its 103-passage complement gives 70 / 0.225424, the two differing only by their sizes; a 42-passage food-word family gives 131 / 0.225424. The cumulative ladder runs 168, 163, 153, 133, 93 and 13 for 5, 10, 20, 40, 80 and 160 passages dropped. This is the third independent verification of pit 19ai after D-035 and D-037, and it is why no crowding descriptor can be primary on this unit and why the one that is adopted is adopted as a composition.

`same_topic_passage_distractor` is adopted for three of the ten passages above the answer hop, and the other seven are named as not covered. On read text, `Superman: Tower of Power` at 8 / 0.353345 carries the question's words `Superman`, `former` and `located` in twenty-two words but is a drop tower ride and names no sponsor; `Twisties` at 9 / 0.350352 is a snack-food brand with an owner history and no connection to either required fact; `General Mills` at 10 / 0.346669 is an American multinational food company with a headquarters and a brand list that includes `Cocoa Puffs` but neither `Cocoa Krispies` nor any Superman sponsorship. Each verifies both halves of the include rule and none of the three exclusions fires. Not covered: `Cocoa Krispies` at 2 / 0.406143, which is evidence-bearing for one link and is treated under pit 19b rather than as a distractor, and six passages whose only connection is the location frame, `Hero Certified Burgers` 1 / 0.414047, `Schwartz's` 3 / 0.383988, `The Works (restaurant)` 4 / 0.377530, `Tim Hortons` 5 / 0.363764, `Spencer Gifts` 6 / 0.357795 and `Digital Media Factory` 7 / 0.357676, for which the third exclusion fires. Following D-035 this is adopted as a composition and not as a causal claim, because every removal cell on this backend is an identity.

`question_frame_semantic_crowding` is not adopted, and the reason is measured in both directions. The second half of the include rule fails outright: the frame alone does not reproduce the neighbourhood. `Where is it located?` reproduces 1 of the baseline top ten at 3507 / -0.012833 and 1318 / 0.089585, `Where is the sponsor located?` 1 of ten at 3166 / 0.017899 and 543 / 0.165542, `Where is the company located?` 2 of ten at 4095 / -0.029858 and 79 / 0.309746, and the bare word `located` 2 of ten at 4820 / -0.087862 and 1085 / 0.106555. The referring expressions do reproduce it: `Cocoa Krispies` alone gives 4 of ten and both referring expressions without the frame give 6 of ten. Reverse, deleting `Cocoa Krispies` from the full question leaves 2 of ten while deleting `Superman` leaves 6 of ten. The competition is therefore produced by a decisive referent cue rather than by the framing, which is what the third exclusion names; this is the reverse of D-037 and the same shape as D-035. Read text agrees that the family is not a frame family in the D-037 sense either: 2 of the 10 passages above the answer hop contain `cocoa` or `krispies` and 1 contains `superman`, so the count of competitors free of the decisive referent wording is not 0 of 10.

`description_only_bridge_entity` is not adopted, on the D-028 route. The inclusion rule is met in the D-029 form, neither required entity being named and the bridge entity identified only by two descriptions, and the single-factor oracle-name test fails: appending the constraint hop's title gives 1 / 0.483498 and 97 / 0.244636 and appending the answer hop's title gives 556 / 0.151134 and 1 / 0.542954, neither double-recovering. Pit 19g's premise is verified, each injected title ranking the passage it names first on its own, 1 / 0.699497 and 1 / 0.704330. Pit 24b's premise is only half met and that is recorded rather than glossed: the word `Superman` is already in the question, so the constraint-side injection is partly degenerate, appending `Adventures of Superman` alone giving 2 / 0.391687 and 43 / 0.267094, while the answer-side injection is not degenerate at all because no form of `Kellogg` appears in the question. The descriptor is nevertheless refused because the absence of a name is not the binding constraint on either side: the question's own verbatim sub-phrase reaches the constraint hop at 2 / 0.415715 and a two-word phrase reaches the answer hop at 2 / 0.404215, and an index-side change with the query untouched word for word reaches the constraint hop at 1 / 0.452921. This is the ground D-028 established and D-036 reused.

`cutoff_sensitive_near_miss` is adopted for the answer hop only and no band edge moves. The two required passages sit 0.138340 and 0.018696 below the rank-5 score of 0.363764, which is 38.030 and 5.140 percent. The nearer figure lies inside the accepted band of 0.281 to 5.464 percent and the farther one inside the excluded band of 9.431 to 53.000 percent, so both are inside established bands and neither edge moves. The no-substitute condition D-022 introduced is met, `battle creek` occurring in exactly 1 of 4,937 bodies which is that passage itself. This entry carries two statements of D-025's split rule that do not agree, and D-036's resolution is followed: D-025, D-026, D-032 and D-036 adopted the descriptor for the near hop while the far hop sat inside the excluded band, D-035 restates the rule as forbidding the descriptor for the whole unit, and D-036 followed the landed adoptions and referred the wording to the vocabulary audit. The D-025 boundary is recorded again: with the other hop 38.030 percent below the cutoff, this entry can describe only the `any@5` outcome. No cliff can be cited, the successive differences from rank 1 to rank 10 being 0.007904, 0.022156, 0.006458, 0.013765, 0.005969, 0.000119, 0.004331, 0.002993 and 0.003683, the largest step in the region sitting between rank 2 and rank 3, above the cutoff rather than below it. The counter-evidence this entry has weighed since D-022, the cumulative index-side removal ladder, is unavailable in principle on a bi-encoder (D-035); what is available instead is that a single deletion inside the passage's own body, of the alias parenthetical, already gives 5 / 0.376585 and flips `any@5`.

`gold_chain_substitutability` is withheld and the tension is recorded as an audit question. `Cocoa Krispies` at 2 / 0.406143 states that the cereal is produced by Kellogg's, which names the unnamed bridge entity and links it to one of the question's two constraints, the shape D-023 adopted while recording that its substitute verified only one of two constraints. It is withheld because the fact it supplies is not the required intermediate fact of either annotated gold: the constraint hop's fact is the Superman sponsorship, which that body does not state, and the answer hop's decisive fact is the location, which it omits, so the exclusion for omitting the decisive fact fires. Adopting it would change no metric in any case, because the location is written only in the answer hop at 11 / 0.345068, outside the cutoff, which is D-025's recorded boundary on the position of a substitute. Whether a passage that reaches the same bridge entity by a different one of the question's constraints counts under this rule is registered for the vocabulary audit and is not settled here.

`partial_bridge_only` is deleted rather than registered, on two independent grounds. First, it states an outcome shape, that only half the bridge was retrieved, rather than a mechanism, which is pit 17 and D-003; this is the ground D-033 and D-037 used to delete `answer_entity_missing_both_methods` and D-031 used for `subject_associate_crowding`. Second, the shape it names is a consequence of the adopted primary and is measured as such above: each referring expression alone reaches its own side at 2 / 0.415715 and 2 / 0.404215 and the two together reach neither. This unit is the name's only holder in the working vocabulary, so the deletion clears it; the preserved inventory in the vocabulary audit keeps it, as it keeps every deleted name.

Title indexing is inert on the metrics and is recorded as such. The deployable corpus-wide condition gives 135 / 0.226319 and 9 / 0.328467 from 173 / 0.225424 and 11 / 0.345068. Both ranks improve slightly, the answer hop's score falls by 0.016601, and neither `any@5` nor `full@5` changes, so it is classed with the inert-or-negative measurements rather than with the materially positive ones of D-028 and D-036. Combined with the two best query rewrites it gives 134 / 0.239401 and 1 / 0.509617, and 1 / 0.564265 and 10 / 0.344878, so it does not turn either of them into a double recovery.

Corpus setting: the two corpus settings disagree on `any@5`, and the difference is entirely the competitors pooling adds. This is the tenth unit in which the two corpus settings disagree. Pooled gives `any@5` 0 and `full@5` 0 at 173 / 0.225424 and 11 / 0.345068; the official per-question window of 10 passages gives `any@5` 1 and `full@5` 0 at 6 / 0.225424 and 3 / 0.345068. Restricting the pooled scores to those same 10 reproduces the official window exactly, title for title, and reproduces both gold scores to every printed digit at a largest absolute difference of 2.980e-08 over the ten, which is the ninth verification of the Dense restriction property D-025 established. Of the three paths by which corpus setting can move a metric, the added-competitor path holds, only 2 of the 10 passages above the answer hop coming from this question's own window; the idf-scale path cannot apply to a bi-encoder; and the annotator-supplied path holds in part, this question's own 8 distractors standing above the constraint hop 4 times and above the answer hop 2 times. Recorded as provenance under D-003 and not promoted to a causal category (pit 17).

Comparison retriever, reachability only. BM25 over the same pooled corpus places the two required passages at 6 / 17.470717 and 13 / 16.030646, and over this question's 10 at 2 / 3.969599 and 6 / 2.700103, so it reaches both inside the stored window and neither inside the cutoff. Per pit 16 this is not offered as a cause of the Dense outcome and the two score scales are not comparable. One implementation fact is recorded because it shows the backends fail differently: `df(krispies)` is 0 in the BM25 index, because both bodies write `Krispies,` and that run tokenizes with `text.lower().split()` and strips no boundary punctuation, while `df(superman)` is 3, `df(kellogg's)` is 1, `df(cocoa)` is 6 and `df(sponsor)` is 6. The example has no BM25 analytical unit in the queue, so this preprocessing fact has no unit of its own to belong to.

`not_run` cells. Six, each with a reason recorded in the results file: the BM25 preprocessing factorial, because this unit is Dense and the same example has no BM25 unit; per-token score decomposition, which is not derivable on a bi-encoder; index-side removal probes read as causal evidence for a crowding descriptor, which pit 19ai forbids and which is why the 14 cells that were run are reported as identity verification; the statistics-matched removal control of pit 19ad, which has no analogue where cosine carries no collection statistic; a deployable query rewrite reaching both passages, which is reported as a measured ceiling over 48 non-oracle conditions rather than as an untried cell; and the exact word count at which the constraint hop crosses the cutoff, which is bracketed only between 7 and 31 words.

Attribution boundary. What is licensed is the passage-level statement that removing the named material from the constraint hop's body raises that body's similarity to this query on this unchanged candidate set, and the per-side reachability of each required passage under the reduced queries named above. Not licensed: any claim that the encoder attended to, weighted or averaged away any token (pit 18); any reading of the gold-targeted ablations as a deployable repair, since they require knowing which passage is required (pit 19d); any causal claim for the competitor composition, whose membership is read from passage text while every removal cell is an identity (pit 19ai); any use of the BM25 figures as a cause of the Dense outcome (pit 16); and any reading of the oracle conditions as repairs (pit 15).

Confidence: medium-high. Supporting it: an exact baseline reconstruction; both refusal routes for the adopted name measured and neither firing; per-side reachability measured at rank 1 or 2 from the question's own wording on both sides; a ceiling over 48 non-oracle conditions; 14 of 14 identity cells; and a dilution gate that passes on one side with a three-point uncontaminated control curve and a decisive matched pair. Limiting it: the adopted name supplies no intervention, so its evidence is the combination of per-side reachability with the exhaustion of every joint condition rather than a single flipping cell; one gold-targeted index-side pairing does double-recover at 1 / 0.509545 and 3 / 0.406656 and is excluded on the gate rather than on its measurement; and the exact word count at which the constraint hop crosses the cutoff was not bracketed between 7 and 31 words.

Audit questions registered, not resolved. Whether a non-gold passage that reaches the same bridge entity through a different one of the question's constraints counts under `gold_chain_substitutability`, which sharpens the boundary D-023 left open. And whether `cutoff_sensitive_near_miss` should be readable at all on a unit whose other required passage sits 38.030 percent below the cutoff, which is the wording D-036 referred to the audit and which this decision follows rather than settles.

References: `references/dense_implementation_reference.md`, `references/reusable_retrieval_failure_review_playbook.md`, `manual_review_v1/analysis/secondary_descriptor_registry.md`, and `manual_review_v1/analysis/per_case_analysis/dense_bridge_5ae1801955429901ffe4aec4.md`.","Resolved for this validation pass in favour of replacing the provisional primary with cross_passage_conjunction_unresolved, with four boundaries recorded rather than closed and no new descriptor registered, the ninth consecutive decision to create no name after D-029 through D-037. First, whether a non-gold passage that reaches the same bridge entity through a different one of the question's constraints counts under gold_chain_substitutability: Cocoa Krispies at 2 / 0.406143 states that the cereal is produced by Kellogg's and so names the unnamed bridge entity, but it supplies neither the Superman sponsorship the constraint hop carries nor the location the answer hop carries, so the exclusion for omitting the decisive fact fires and the name is withheld; D-023 adopted a substitute that verified only one of the question's two constraints, and whether these two shapes are the same shape is left to the vocabulary audit. Second, the cutoff_sensitive_near_miss entry carries two statements of D-025's split rule that do not agree, D-035 forbidding the descriptor for the whole unit when the far hop sits inside the excluded band and D-025, D-026, D-032 and D-036 adopting it for the near hop; D-036's resolution is followed, the descriptor is scoped to the answer hop, and the wording stays with the audit. Third, the peripheral_passage_content_dilution gate passes on the constraint hop and fails on the answer hop on its second include condition, reducing that body to the sentence that states the answer giving 89 / 0.254490 against a baseline of 11 / 0.345068, so the descriptor is scoped to one side as in D-027; one gold-targeted pairing does place both required passages inside the cutoff at 1 / 0.509545 and 3 / 0.406656 while being unlicensed by that gate, and both facts are recorded rather than used as a ground. Fourth, the distractor worksheet reads 58 of the 171 passages above the constraint hop passage by passage, the 40 highest and 18 sampled from the remainder, together with all 10 above the answer hop, and summarises the other 113 mechanically; no conclusion depends on those 113, whose only route into a conclusion would be a removal probe, and on this backend every removal probe is an arithmetic identity.",cross_passage_conjunction_unresolved,peripheral_passage_content_dilution,"Prefer cross_passage_conjunction_unresolved over peripheral_passage_content_dilution. Step one: under pit 13 meeting an inclusion rule does not decide the tie, and both candidates meet theirs. Step two: the adopted name's two refusal routes are measured and neither fires. The D-026 route asks whether a single anchor lifts both sides, and five were run with every one of them one-sided, Kellogg's alone giving 4426 / -0.054776 and 1 / 0.704330, the constraint hop's title alone 1 / 0.699497 and 3930 / -0.037222, Adventures of Superman alone 1 / 0.605818 and 4096 / -0.039585, Cocoa Krispies alone 4713 / -0.087899 and 2 / 0.404215 and Superman alone 4 / 0.463022 and 4085 / -0.030170. The D-028 route of pit 19s asks for a non-oracle condition that double-recovers, and none of 48 does, the best presupposing facts written only in the golds at 1 / 0.559604 and 9 / 0.360985 and the best strictly deployable rewrite reaching 154 / 0.242010 and 2 / 0.527444. Step three: the positive legs hold in their Dense-available forms. Per-side reachability holds from the question's own wording, former Superman sponsor giving the constraint hop 2 / 0.415715 and sponsored by cereal manufacturer giving the answer hop 1 / 0.592832, while the two coordinated referring expressions together give 173 / 0.225424 and 11 / 0.345068; 8 of 16 single factors carry opposite signs across the hops, a proportion matching D-025's 10 of 20 and far above the 4 of 19 on which D-026 refused this name; and the missing intermediate fact is concrete and written in exactly one body of 4,937. Step four: neither exclusion fires, no single passage supplying a complete answer and no evidence-bearing substitute completing the chain inside the evaluated set, the location occurring in exactly 1 of 4,937 bodies which is the answer hop itself at 11 / 0.345068. Step five: the competitor's gate is measured on both required passages and passes on one only. On the constraint hop all four include conditions hold, 7 words of query-relevant material giving 1 / 0.452921 against 9 words of non-relevant material from the same body at 425 / 0.178357; on the answer hop the second condition fails outright at 89 / 0.254490 and the third fails as well, a decontaminated control still improving the rank to 5 / 0.365993. Step six: the ceiling that has held this gate to a secondary since D-023 therefore holds again here. The licensed two-sided ablation is the constraint hop alone at 1 / 0.509545 and 12 / 0.345068, and adding the only answer-side edit that helps gives 1 / 0.509545 and 6 / 0.376585, so the second required passage stays outside the cutoff; D-037 broke that ceiling only because its gate passed on both sides. The dilution reading is therefore retained as a secondary scoped to the constraint hop, as in D-027, and the conjunction reading takes the primary.",medium-high,false,jointly_reviewed
manual_review_v1,2026-07-17_a,5ae1f596554299234fd04372,dense,5,bridge,When did the game which held three times in  in East Asia first held ,2008 Summer Olympics,6,Summer Olympic Games,13,1,single_note,,"Observed: Target Dense has Gold 1 (""2008 Summer Olympics"") at rank 6 and Gold 2
(""Summer Olympic Games"") at rank 13; neither is inside the top 5. BM25 has
Gold 1 at rank 22 and Gold 2 at rank 44.

Gold evidence status: Both golds below cutoff but retrieved for the target -
Gold 1 rank 6, Gold 2 rank 13. Nothing absent from Dense's list.

Retrieved evidence or distractor: Dense's top ranks return a spread of Asian and
multi-sport events - #1 ""1984 South Asian Games,"" #2 ""EAFF E-1 Football
Championship,"" #3 ""2010 Commonwealth Games,"" #4 ""Indonesia 2022 FIFA World Cup
bid,"" #5 ""2010 Commonwealth Games medal table."" The correct ""2008 Summer
Olympics"" (the event held for the third time in East Asia) is at #6, just below
cutoff, and the parent ""Summer Olympic Games"" article (needed for ""first held,""
i.e., 1896) is at #13.

Relevant comparison-retriever evidence: BM25 ranks both golds far lower (22 and
44), so Dense is the stronger retriever here; both golds are nonetheless outside
Dense's top 5.

Possible reason: The question is loosely phrased (""the game which held three
times in East Asia""), matching many multi-sport-event embeddings; Dense gets the
right event to rank 6 but is separated from the top 5 by a cluster of
semantically adjacent games (Commonwealth, Asian, EAFF), and the generic parent
article lands at 13.

Alternative or uncertainty: Given the vague, slightly ungrammatical query, part
of the difficulty may be query quality rather than retrieval; unclear whether
sharper phrasing (""held three times in East Asia,"" ""first held"") would lift both
golds into the top 5.",The 2008 Olympics is at rank 6 and the Summer Olympic Games article at rank 13 behind several Asian and multi-sport events.,Both gold passages are retrieved below cutoff.,"South Asian Games, EAFF, Commonwealth Games, and other event pages fit the vague event-in-East-Asia semantics.",BM25 ranks the two golds much lower at 22 and 44.,"A vague, ungrammatical clue creates a broad event neighborhood; semantically adjacent games crowd the exact Olympics passages near cutoff.",Query quality may explain much of the ranking; sharper wording could materially change retrieval.,description_only_bridge_entity,peripheral_passage_content_dilution; cutoff_sensitive_near_miss,jointly_reviewed_validated_revised,"Validated with revision under D-026. Exact reconstruction of the 4,937-passage pooled Dense corpus reproduces all 50 stored top-50 titles in order with a maximum absolute score error of 2.980e-07, so strong causal claims are supported. Complete-corpus ranks are 6 / 0.473542 for the bridge hop 2008 Summer Olympics and 13 / 0.361134 for the answer hop Summer Olympic Games. The rank-5 score is 0.479079, so the bridge hop is 0.005537 points, or 1.156 percent, below the cutoff, the smallest margin recorded in this project, and the answer hop is 0.117945 points, or 24.619 percent, below it. Both golds sit inside the 256-token sequence limit at 144 and 131 model tokens, so truncation is excluded.

The question is `When did the game which held three times in  in East Asia first held `, verbatim from the read-only reviewer JSON including the duplicated preposition, the double space and the missing final question mark. It never contains Olympic, Olympics or Olympiad. The bridge fact is stated only in the bridge gold's final sentence, that 2008 was the third time the Summer Olympic Games were held in East Asia; the answer fact is stated only in the answer gold's first sentence, that the Summer Olympic Games were first held in 1896.

Seventy-five conditions were run on the same unchanged candidate set: all eight cells of an A x B x C wording-repair factorial, six further wording conditions, five name-free disambiguation conditions including an uncased null control, a five-step name-free ceiling search, seven single-clause deletions, twelve reduced-query probes, six reachability probes, seven oracle-name conditions, an indexing condition T, six index-side removal probes, twelve gold-targeted index-side text conditions including two null controls and eight length-matched controls, and one combined ablation.

The provisional primary is falsified by measurement. Factor A collapses the duplicated preposition, B repairs the relative clause and C repairs the main-clause auxiliary; none adds content the question does not already imply. All eight cells were run: baseline 6 / 0.473542 and 13 / 0.361134; A 6 / 0.465842 and 12 / 0.351197; B 6 / 0.479064 and 11 / 0.369280; C 6 / 0.476802 and 11 / 0.365866; AB 6 / 0.472856 and 12 / 0.357917; AC 6 / 0.469734 and 12 / 0.356363; BC 6 / 0.481196 and 11 / 0.373662; ABC 5 / 0.475172 and 12 / 0.361902. Six further wording conditions agree: D1 question mark only 6 / 0.472230 and 13 / 0.378853, D2 whitespace only 6 / 0.473542 and 13 / 0.361134 which is bit-identical to the baseline, D3 fluent repair 6 / 0.478597 and 12 / 0.381679, D4 5 / 0.472287 and 11 / 0.361400, D5 6 / 0.478770 and 11 / 0.388446, D6 7 / 0.458305 and 15 / 0.361358. Repairing every grammatical defect therefore moves the two required passages from 6 and 13 to 5 and 12. The second reading of the same name, that the category word `the game` is semantically vague, is real and measurable but insufficient: S1 gives 4 / 0.499784 and 8 / 0.440403, S2 6 / 0.475048 and 9 / 0.416421, S3 4 / 0.518114 and 8 / 0.429262, and the strongest, S4 replacing `the game` with `the international multi-sport event`, gives 2 / 0.513077 and 7 / 0.468759. The uncased null control S5 equals D3 in every digit, which confirms that letter case is inert for this tokenizer.

The decisive missing element is the entity name. All seven oracle-name forms place both hops inside the top five: N1 appending the bridge title 1 / 0.721951 and 3 / 0.526886; N2 appending the answer title 1 / 0.669695 and 2 / 0.613922; N3 both 1 / 0.747634 and 2 / 0.563495; N4 naming the entity in place 1 / 0.653593 and 2 / 0.619747; N5 replacing the description with the name 2 / 0.639767 and 1 / 0.704515; N6 substituting `the Olympics` into the verbatim question 1 / 0.562946 and 2 / 0.493941; N7 the same on the fluent repair 1 / 0.556813 and 3 / 0.503440. This is the third pass of the single-factor oracle-name test that D-020 introduced, after D-017 and D-023, against five failures in D-020, D-021, D-022, D-024 and D-025. The D-024 precondition was verified in advance and holds in a stronger form than any earlier unit: K1 reduces the query to the bare bridge title and ranks the passage it names 1 / 0.704012 while also lifting the other gold to 2 / 0.604224, and K2 reduces it to the bare answer title and ranks its own passage 1 / 0.714462 while lifting the other to 2 / 0.662322. K3, K4 and K5, the bare forms Olympics, Olympic Games and Summer Olympics, each place both golds at 1 and 2. K6, Beijing 2008, gives 1 / 0.577122 and 55 / 0.268544 and is the one name probe that does not reach both.

The observed competitor family is the primary mechanism's own output, tested in both directions. Q1 reduces the query to the referent clause alone and 10 of its top 10 fall inside the baseline top 12, at 6 / 0.437318 and 18 / 0.341210 for the golds; R1 deletes the referent clause and only 3 of the top 10 remain inside the baseline top 12, with the golds collapsing to 39 / 0.351654 and 34 / 0.362962; Q2 reduces the query to the answer facet `first held` alone and 0 of its top 10 fall inside the baseline top 12, at 241 / 0.198973 and 118 / 0.241051. D-023 used the forward test alone to demote question_frame_semantic_crowding and D-024 applied it to a lexical retriever; this unit runs both directions and they agree. R1 also records the inverse of D-025: there, deleting the descriptive referent clause improved both required passages, from 8 to 5 and from 115 to 70, whereas here it is strongly negative for both, so the description is a weak but net-positive anchor.

Two conditions of a non-oracle class do recover both hops and neither is deployable. X2 drops the 10 pooling-introduced passages above the answer hop and gives 2 and 3, which is exactly the per-question ranking; X6, which keeps only this question's own 10 paragraphs, gives 2 and 3 in every digit; X4 drops the 39 corpus-wide sibling-event passages and gives 1 and 4. The other removal probes fail: X1 dropping the 4 pooling-introduced passages above the bridge hop gives 2 and 9, X3 dropping all 5 passages above the bridge hop gives 1 and 8, and X5 dropping only the strongest competitor 1984 South Asian Games gives 5 and 12. Removal cannot change a cosine, so every gold score in the X block equals the baseline exactly. The name-free ceiling search also reaches the cutoff, unlike D-025 where it stopped at 4 and 14: Z1 gives 1 and 10, Z2 1 and 6, Z3 1 / 0.620961 and 2 / 0.541457, Z4 3 and 7, and Z5 1 / 0.694428 and 2 / 0.654954. Z3 and Z5 succeed only by returning four separate facts from the two gold passages to the query and are diagnostics, not fixes.

Single-factor effects: the wording family is near-inert and inconsistent in direction, its largest single effect being D1 at plus 0.017719 on the answer hop with no rank change, while A is negative on both hops; the disambiguation family is uniformly positive on both hops and largest at S4; deleting the referent clause is strongly negative for the bridge hop at minus 0.121888 and neutral for the answer hop at plus 0.001828; the name family is the only class whose single factors recover both hops; T is negative for both, at 7 / 0.447820 and 12 / 0.354331, so title exclusion is excluded as the mechanism as in D-019, D-020, D-021, D-023, D-024 and D-025. Of 19 single-factor conditions only 4 move the two hops in opposite score directions, against 10 of 19 in D-024 and 10 of 20 in D-025, so the two required passages are jointly addressable rather than antagonistic.

Interaction effects: A x B x C shows no material interaction, the three-factor cell landing in the same band as the best single factor and the best two-factor cell. The only interaction that matters is additive and lies in the Z series, where the 2008 date and the two earlier host cities lift the bridge hop to 1 while the answer hop needs its own defining phrase, `hosted by a different city every four years`, before Z3 reaches 1 and 2. The combined ablation L3, which reduces both golds to their query-relevant sentences at once, still gives 1 and 8, so the dilution effect does not compose into a sufficient condition.

Not-run cells and attribution boundary: Dense per-token decomposition was not run because the tool refuses it and a cosine ranking does not license token attribution; the idf and avgdl check D-024 requires after a failed pooling-removal probe was not run because a cosine carries no corpus statistic and X6 already reconstructs the per-question ranking exactly; oracle-plus-ablation combinations were not run because the single-factor name conditions already recover both hops; a removal probe against the Q2 family was not run because 0 of its top 10 appear in the baseline top 12; no BM25 factorial was run because the comparison retriever is reachability evidence only. Do not claim that the encoder attended to, weighted or averaged away any token; the L block licenses only the passage-level statement that replacing a passage's text with a verbatim subset of its own sentences changes its similarity to this query. Do not read X4 or X2 as repairs, since both require knowing which passages are competitors. Do not read any N or Z condition as a deployable fix. Do not compare Dense and BM25 score magnitudes or treat the comparison retriever's ranking as a cause. Do not treat the identification of 1896 as the answer string as observed evidence; no read-only artifact here carries the HotpotQA answer field and this is an inference from the answer gold's own text. Do not explain why 1984 South Asian Games holds rank 1; X5 shows it is not outcome-determinative and no experiment isolates the reason. Do not read the rank-1 result of probe Q5 as evidence that the encoder maps `the game` to video-game semantics; that is one probe's output, not an attribution.

Neither hop has any substitute. Exactly one passage in the corpus states the bridge fact, the bridge gold itself, and exactly one states the answer fact, the answer gold itself; the string `first held in 1896` occurs in exactly one passage. No higher-ranked passage combines an East Asian location with a third or three-times claim, so there is no complete non-gold answer, no complete alternative chain and no single-hop substitute. Every one of the 11 non-gold passages above the answer hop was read in full and classified.

Provenance: pooled any@5 is 0 and pooled full@5 is 0, while per-question any@5 is 1 and per-question full@5 is 1, with the golds at 2 and 3 of 10. This is the fifth unit in which the two corpus settings disagree, after D-022, D-023, D-024 and D-025, and the first in which they disagree on full@5 rather than only on any@5; it is also the first unit whose failure is confined entirely to the pooled setting, since both hops sit in the top three of the question's own context. Exactly 10 of the 12 passages above the answer hop are introduced by pooling and dropping only those returns the ranking to 2 and 3. The Dense per-question ranking is again verified to be exactly the restriction of the pooled ranking to that question's own paragraphs, the fact D-025 established. Corpus setting remains provenance under D-003 and is not promoted to a mechanism. The comparison retriever places the two passages at complete-corpus BM25 ranks 22 / 24.133560 and 44 / 20.949830, which agrees with the official pooled file and serves only as evidence that both passages are reachable.

The dossier is manual_review_v1/analysis/per_case_analysis/dense_bridge_5ae1f596554299234fd04372.md and its reproduction script passes 516 assertions.","Resolved for this validation pass in favor of description_only_bridge_entity, with four boundaries recorded rather than closed. First, this is the third unit to use the name as a primary, after D-017 and D-023, and all three are Dense, while the registry definition still reads `no unique person-name or entity-name anchor for lexical retrieval`. D-023 recorded that wording problem as a vocabulary-audit question and this unit strengthens it rather than settling it. Second, the structure differs from both earlier primary uses in a way the current inclusion rule does not address: in D-017 and D-023 the unnamed described entity was a pure bridge entity, whereas here the unnamed entity is the subject of the answer passage itself and the bridge passage is what licenses the identification. The inclusion rule is met either way, since the question requires a specific entity, the name is absent from the query, and the gold can only be reached through the descriptive clue; whether the descriptor should distinguish the two shapes is left to the audit. Third, peripheral_passage_content_dilution now has its second acceptance and its first on both required passages of a single unit, so the gate D-023 wrote has now been passed twice and failed once, in D-025; whether four conditions is the right threshold remains the open audit question and is not touched here. Fourth, the vocabulary-audit backlog item D-025 opened, whether the vocabulary needs a question-quality descriptor, receives its first measurement from this unit: the provisional primary question_wording_ambiguity is unregistered, both readings of its name were tested with explicit conditions, and both fail to change the outcome, so this unit argues against creating such a descriptor on the strength of surface malformation alone. Queue item 21 still carries the same provisional name on a BM25 unit and must be judged separately.",description_only_bridge_entity,peripheral_passage_content_dilution,"Prefer `description_only_bridge_entity` over `peripheral_passage_content_dilution`. Both satisfy their inclusion rules on measured evidence, so the tie-break is decided by outcome determinacy. The description-only reading is supported by the single-factor oracle-name test in its passing direction, and by all seven surface forms of it: 1 and 3, 1 and 2, 1 and 2, 1 and 2, 2 and 1, 1 and 2, and 1 and 3. Supplying the name is the only class of single factor that places both required passages inside the cutoff. The dilution reading passes all four of D-023's include conditions, and passes them on both golds, but it is not outcome-determinative: ablating the bridge gold to its query-relevant sentence gives 1 / 0.657794 and 13 / 0.361134, ablating the answer gold to its query-relevant sentence gives 6 / 0.473542 and 8 / 0.425062, and ablating both at once still gives 1 / 0.657794 and 8 / 0.425062. Each recovers at most one hop and the pair together recovers neither side of the requirement, which is the same ground on which D-023 kept this descriptor out of the primary slot. The provisional primary question_wording_ambiguity is not the closest competitor because it is falsified rather than outranked: the complete eight-cell grammatical-repair factorial moves the golds only from 6 and 13 to 5 and 12, and the semantic reading of the same name reaches only 2 and 7. cross_passage_conjunction_unresolved is excluded on three measurements rather than by argument: every name probe lifts both hops together, K1 raising the other gold to 2 and K2 raising the other gold to 2, where D-025 recorded the opposite sign; only 4 of 19 single factors carry opposite signs, against 10 of 19 in D-024 and 10 of 20 in D-025; and one anchor reaches both required passages, so there is no intermediate fact that the retriever would have to carry across passages. compound_two_sided_crowding is excluded because a single removal probe against one competitor family, X4, recovers both hops at 1 and 4, so there is no second mechanism to compound. question_frame_semantic_crowding is excluded by its own inclusion rule, which requires the competition to persist when the referent cue is removed: R1 leaves only 3 of the top 10 inside the baseline top 12, and its third exclusion clause fires as well because Q1 shows the referent cue alone reproduces 10 of 10. The unregistered provisional secondary adjacent_event_crowding is removed for the same reason and is deliberately not given a registry entry, since it would duplicate question_frame_semantic_crowding, the treatment D-025 gave generic_context_substitution. gold_chain_substitutability, gold_chain_not_unique and plausible_non_gold_answer are all excluded because each required fact occurs in exactly one passage, the gold itself. generic_term_lexical_crowding is excluded by its own routing clause to lexical retrievers, same_entity_variant_crowding because the competitors are distinct entities rather than variants of one, and surface_form_tokenization_mismatch and minimal_preprocessing_score_distortion because no lexical matching path exists in this retriever and the two surface null controls, D2 for whitespace and S5 for letter case, are bit-identical to their comparators. The failure level is a method limitation of a bi-encoder that cannot resolve a descriptive referent into an entity identity, not an implementation defect.",medium-high,false,jointly_reviewed
manual_review_v1,2026-07-17_a,5ae60426554299546bf83019,bm25,5,bridge,Which American Space Western animated series did Celebrity Home Entertainment released ,BraveStarr,8,Celebrity Home Entertainment,6,1,single_note,"Observed:
For BM25, “Celebrity Home Entertainment” is ranked 6 and “BraveStarr” is ranked 8. Their pooled-corpus texts state that the distributor released “BraveStarr” and that “BraveStarr” is an American Space Western animated series.

Pooled-corpus passage evidence:
Rank 1, “COPS (animated TV series),” says the animated series was distributed by Celebrity Home Entertainment, but it does not describe COPS as a Space Western. Rank 2 describes a competitor of Celebrity Home Video. Rank 3 identifies Noel C. Bloom as the founder of Celebrity Home Entertainment. Ranks 4 and 5 describe titles released or distributed by Celebrity Home Entertainment, but neither text identifies an American Space Western animated series. These are distributor- or animation-related partial matches, while the two answer-bearing passages fall just below the cutoff.

Comparison-retriever evidence:
Dense ranks “Celebrity Home Entertainment” first and “BraveStarr” second, placing both parts of the relation in its top five.

Assessment and uncertainty:
The BM25 passages demonstrate competition from other Celebrity-distributed titles, the company founder, and a competing distributor. They do not satisfy the Space Western constraint. The exact allocation of BM25 score among repeated distributor, entertainment, and animation terms cannot be recovered from the exported data.",,Celebrity Home Entertainment is at rank 6 and BraveStarr at rank 8 behind other distributor-related titles and a founder passage.,Both answer-bearing passages narrowly miss the top-5 cutoff.,Other Celebrity-distributed programs satisfy distributor or animation facets but omit the Space Western constraint.,Dense retrieves Celebrity Home Entertainment at rank 1 and BraveStarr at rank 2.,Lexical partial matches to the distributor relation outrank the entity satisfying the distinguishing genre constraint.,"Because the golds are ranks 6 and 8, this may be cutoff-sensitive suppression rather than a durable category boundary.",cross_passage_conjunction_unresolved,related_name_document_crowding; cutoff_sensitive_near_miss; surface_form_tokenization_mismatch; generic_query_scaffold_score_inflation; same_topic_passage_distractor,jointly_reviewed_validated_revised,"Joint review of analytical unit `5ae60426554299546bf83019|bm25`, queue item 26 of the section 7A single-note validation pass, the last item in that queue. Originally reviewed by Xin alone. Landed as D-039.

Decision: For `5ae60426554299546bf83019|bm25`, replace the provisional primary `partial_match_constraint_omission` with `cross_passage_conjunction_unresolved`, and adopt five secondaries: `related_name_document_crowding` on the five non-gold passages above the answer hop that name the distributor, `cutoff_sensitive_near_miss` on both required passages, `surface_form_tokenization_mismatch` on the constraint gold's own indexed body, `generic_query_scaffold_score_inflation` on `Pergament Home Centers`, and `same_topic_passage_distractor` on `COPS (animated TV series)`. Delete the provisional names `partial_match_constraint_omission` and `distributor_related_document_crowding` rather than registering either. Register no new descriptor. Use `related_name_document_crowding` as the closest competitor. Do not adopt `unindexed_title_name_anchor`, `minimal_preprocessing_score_distortion`, `generic_term_lexical_crowding`, `plausible_non_gold_answer`, `gold_chain_not_unique`, `gold_chain_substitutability`, `description_only_bridge_entity`, `repeated_content_word_amplification`, `repeated_function_word_amplification`, `one_sided_entity_crowding`, `compound_two_sided_crowding` or `peripheral_passage_content_dilution`.

Affected unit: `5ae60426554299546bf83019|bm25`.

This is the sixth primary use of `cross_passage_conjunction_unresolved`, the full enumeration being D-022 and D-024 on BM25, D-025, D-031 and D-038 on Dense, and this one; it is the third primary use on a lexical backend. The registry's own member enumeration omitted D-031, which is why D-038's sentence calls itself the fourth when it is the fifth; that sentence stays as written because the log is append-only, and the enumeration is corrected in this landing in the way section E rule 4 asks for - a missing member is visible the moment it is enumerated, which a running tally never makes visible. It is the tenth consecutive decision that registers no new descriptor, the fifth to delete a provisional name outright after D-031, D-033, D-037 and D-038, and the first to delete two in one landing. This unit was the last holder of `partial_match_constraint_omission`, which D-033 deleted without registering it, so the name now leaves the inventory entirely.

Question: `Which American Space Western animated series did Celebrity Home Entertainment released ` - reproduced exactly, including the trailing space, the absent question mark and the tense disagreement. This is a bridge unit. `BraveStarr` is 99 BM25 tokens and opens `BraveStarr is a 1980s American Space Western animated series.`; it never names the distributor. `Celebrity Home Entertainment` is 66 BM25 tokens and lists the titles it released verbatim, `""BraveStarr""`, `""Filmation's Ghostbusters""` and `""C.O.P.S.""`; it never says which of them is a Space Western. The missing intermediate fact runs in both directions and each half is written in exactly one passage.

Verified implementation: `rank-bm25==0.2.2` BM25Okapi at its defaults `k1=1.5`, `b=0.75`, `epsilon=0.25`; only paragraph text is indexed and titles are excluded; the tokenizer is `text.lower().split()` with no punctuation stripping, no stop words, no stemming, no Unicode normalization and no phrase matching; a repeated query token accumulates once per occurrence, which does not arise here because no query token repeats. The pooled `avgdl` is 90.884950. Passages are scored independently, with no reranker and no cross-passage or iterative-hop reasoning.

Exact reconstruction: rebuilding the same 4,937-passage pooled index reproduces all 50 stored top-50 titles in order, 0 of 50 mismatched, at a maximum absolute score error of 0.000e+00, so strong causal claims are supported. Complete-corpus ranks are 8 / 17.987437 and 6 / 18.769969 against a rank-5 score of 18.906282. Neither gold is absent from the corpus; `not_in_top50` describes the stored window only (pit 7). Every per-token decomposition quoted below reconciles against `get_scores` to 3.553e-15 on the answer hop and 0.000e+00 on the constraint hop, which is the precondition pit 24 imposes before a decomposition may be quoted at all.

Diagnostic scale: 177 labelled rows on the same unchanged candidate set, of which 168 are measured runs covering 165 distinct conditions, 3 of those being deliberate repeats of `baseline`, `T` and `S` across two producers that reproduced them bit for bit, 4 tabulate the positions of passages this entry names, and 5 are `not_run` cells with reasons. By intervention type there are 134 non-oracle conditions, 8 oracle conditions and 26 gold-targeted or index-side conditions. The reproduction script carries 266 assertions and all pass.

The two required passages match disjoint halves of the question, and that is the whole measurement. `BraveStarr` scores on `animated` 5.482144, `space` 4.737610, `western` 3.490203, `series` 3.188841 and `american` 1.088638. `Celebrity Home Entertainment` scores on `celebrity` 6.911643, `entertainment` 4.863113, `home` 4.662400 and `released` 2.332813. The two hit sets intersect in nothing at all. The question's total query idf is 37.094684, split into two near-equal halves: the genre facet is 15.934678, or 42.96 percent, the distributor facet is 15.345775, or 41.37 percent, and the interrogative scaffold is 5.814231, or 15.67 percent. Each required passage therefore forfeits more than half the question by construction: 21.160006, or 57.04 percent, is unreachable by the answer hop and 21.748909, or 58.63 percent, by the constraint hop. This is the strongest form of the first leg this descriptor asks for; D-028 recorded disjoint hit sets and this is an empty intersection with the idf mass priced.

Single query tokens carry opposite signs across the hops in 6 of 11 cases, the highest proportion this project has measured. Deleting `celebrity` gives 3 / 17.987437 and 19 / 11.858326; `home` gives 2 / 17.987437 and 8 / 14.107569; `entertainment` gives 3 / 17.987437 and 7 / 13.906856; `released` gives 6 / 17.987437 and 8 / 16.437155; `american` gives 9 / 16.898798 and 5 / 18.769969; `series` gives 10 / 14.798596 and 5 / 18.769969. Four more move one hop only and against it - `space` 18 / 13.249827, `western` 12 / 14.497234, `animated` 10 / 12.505292 and `did` 7 / 17.987437 - and only `which`, at 6 / 17.987437 and 4 / 18.769969, moves both the same way. The ratio 6 of 11 sits above D-024's 10 of 19, D-025's 10 of 20 and D-031's 8 of 22 in proportion, and far above the 4 of 19 on which D-026 refused this name.

Per-side reachability holds and each name annihilates the other side. `BraveStarr` alone as the query gives 1 / 7.786100 and 4607 / 0.000000; `Celebrity Home Entertainment` alone gives 4625 / 0.000000 and 4 / 16.437155. This is D-025's shape, where each anchor lifts its own side and drives the other out, not D-026's shape, where a single anchor lifted both and the name was refused on that ground. One detail belongs with the crowding secondary rather than here: even its own full name places the distributor's own page only 4 / 16.437155, because its own name family sits above it.

The D-028 route of pit 19s does not fire, and it was measured in its strongest form. Across 134 non-oracle conditions not one places both required passages inside the cutoff, and the Pareto frontier has exactly four corners: 1 / 17.987437 with 1095 / 2.332813 when the distributor name is deleted from the question, 2 / 17.987437 with 8 / 14.107569 when `home` is deleted, 3 / 17.987437 with 7 / 13.906856 when `entertainment` is deleted, and 6 / 18.127467 with 1 / 23.750585 under scaffold removal plus title indexing. At three of those four corners the answer hop's score is bit for bit its baseline 17.987437: no non-oracle condition anywhere in this diagnostic adds a single point to it, its only score movement being the 0.140030 that title indexing contributes. Every improvement it records is a competitor falling below it. What D-028 used to refuse this name was a deployable index-side repair; the closest thing to it here, document-side boundary-punctuation normalization with scaffold removal and title indexing, reaches 6 / 18.101334 and 2 / 24.260792, leaving the answer hop 0.134368 points and 0.737 percent short.

The deployable version of the repair that would help the answer hop is negative, and that is the sharpest form of pit 19ae recorded so far. The answer hop does carry a boundary-punctuation loss of its own: its body writes `animated series.`, so its raw `series` term frequency is 2 where boundary stripping makes it 3. Repairing that one passage and nothing else gives 8 / 18.615675 and 6 / 18.769954, worth 0.628238 points and 0 rank positions; applying the same repair to the whole corpus gives 8 / 17.963391 and 3 / 20.702955, worth -0.024046 points, because the identical repair gives more to its competitors than to it. The null control that licenses the row-substitution technique is reported as a measured residual: re-substituting each gold's own unchanged text reproduces all 4,937 scores at a maximum absolute difference of 0.000e+00. Earlier units measured a discount between the gold-targeted and deployable versions of a repair - 9 rank positions at D-033, 0.000007 points at D-034 - and this is the first at which the deployable version reverses the sign.

Neither exclusion fires. No single passage supplies a complete answer: the constraint gold lists three titles without a genre and the answer gold states the genre without a distributor. No evidence-bearing substitute exists on either side: the only corpus passage containing `space western` is `BraveStarr` and the only two containing `bravestarr` are the two golds, so `bravestarr` has corpus document frequency 1 raw and 2 after boundary stripping, with term frequency 1 and 2 in the answer gold and 0 and 1 in the constraint gold. The label does not rest on the presence of two annotated golds; it rests on the empty hit-set intersection, the 6 of 11 sign reversals and the 134 non-oracle conditions. The retrieval stage performs no joint reasoning.

`related_name_document_crowding` is adopted as a secondary and is the closest competitor, and it is refused the primary on three independent grounds. The family is five non-gold passages above the answer hop whose text names the distributor - `COPS (animated TV series)` 1 / 24.991204, `Sterling Entertainment Group` 2 / 20.383253, `Noel C. Bloom` 3 / 20.201011, `Locke the Superman` 4 / 19.831276 and `Tottoi` 5 / 18.906282 - each of which states its own relationship to the distributor in its own text, as a title it released, a competitor, or its founder. The three controls pit 19ad requires separate cleanly: removing the family gives 3 / 18.007533 and 1 / 19.544516, removing its complement, the single passage `Pergament Home Centers` 7 / 18.620405, gives 7 / 18.013998 and 6 / 18.775924, a size-matched null removal of five high-ranked passages carrying none of `celebrity`, `home` or `entertainment` gives 8 / 18.069800 and 6 / 18.771378, and the statistics-matched control, the family removed with pooled `idf` and `avgdl` grafted back, gives 3 / 17.987437 and 1 / 18.769969. Both scores in that last cell are bit for bit the baseline, so the family's whole effect is positional and the collection statistics carry none of it, which is cleaner than D-032, where the same probe moved a gold's score from 19.741610 to 22.167723. Pits 19af and 19ag are satisfied and the two states agree: removing the family gives 3 / 18.007533 and 1 / 19.544516 at baseline and 3 / 18.121392 and 1 / 25.293159 under the document-side normalization, and removing every non-gold above the answer hop gives 2 / 18.034096 and 1 / 19.550617 at baseline and 3 / 18.119172 and 1 / 25.043955 under it. The pit 19u cell therefore succeeds here, so no crowding descriptor is excluded by it, which is the opposite of D-030. The three grounds for keeping it a secondary are: first, the two directions pit 19f and pit 19i require agree in sign, so the family is the product of the question's own required naming rather than an independent contributing condition, which is the ground D-023 used to refuse `question_frame_semantic_crowding` and D-024 used to hold `generic_term_lexical_crowding` at secondary. Forward, the distributor name alone reproduces 7 of the baseline top ten and 5 of 5 of the family, and `celebrity` alone reproduces 6 and 5 of 5, while the genre facet alone reproduces 1 and 0 of 5. Reverse, deleting the distributor name from the question collapses the neighbourhood to 2 and 0 of 5, while deleting the genre facet leaves it at 8 and 5 of 5. Second, the family and the required evidence are the same lexical class. A rule stated from the question alone, drop every passage whose text names Celebrity Home Entertainment, selects six passages and one of them is the required constraint gold; applied, it puts the answer hop at 2 / 18.006690 and removes the constraint gold from the index altogether. The gold-exempt version, which needs to know which passage is gold and is therefore a pit 19d third-category intervention, gives 3 / 18.013117 and 1 / 21.212668 over the eleven non-gold passages carrying `celebrity`. What distinguishes the constraint gold from its own name family - that the title it released is a Space Western - is written only in the other gold, which is the adopted primary restated. Third, D-024 is the same shape on the same backend and settled the same way: disjoint hit sets, a family removal that double-recovers, and the primary going to this name.

`cutoff_sensitive_near_miss` is adopted on both required passages, the first two-sided adoption in this project, and no band edge moves. The answer hop sits 0.918846 points, or 4.860 percent, below the rank-5 score and the constraint hop 0.136314 points, or 0.721 percent, below the rank-5 score. Both lie inside the accepted band, whose measured members already run from 0.281 to 5.464 percent, so the accepted upper edge, the excluded lower edge and the never-decided band are all unchanged. The no-substitute condition that D-015 established and D-034 applied holds on both sides, as recorded above. There is no cliff to invoke: the successive differences from rank 1 to rank 10 are 4.607950, 0.182242, 0.369736, 0.924993, 0.136314, 0.149563, 0.632968, 0.665362 and 1.300240, and the largest of them lies below both golds, so the adoption rests on the percentages together with the counter-evidence, which is D-032's shape. That counter-evidence is the strongest recorded: the cumulative removal ladder runs 7 / 18.005555 and 5 / 18.898807, 6 / 18.005524 and 4 / 19.036442, 5 / 18.005642 and 3 / 19.187204, 4 / 18.007802 and 2 / 19.356178, 3 / 18.007533 and 1 / 19.544516, 2 / 18.034096 and 1 / 19.550617, so three removals flip `full@5`, where every earlier adoption's counter-evidence flipped `any@5` only. Every earlier adoption also had to be scoped to one side under the D-025 split rule because the other sat in the excluded band; this is the first unit in which the descriptor describes `full@5` rather than `any@5`.

`surface_form_tokenization_mismatch` is adopted on the constraint gold's own indexed body, and its deployable version does not discount. That body writes `(also known as simply ""Celebrity Video"")`, and under the implemented `text.lower().split()` the form `""Celebrity` is a different token from `celebrity`, so the passage's raw term frequency for `celebrity` is 1 where boundary stripping makes it 2. Stripping quotes in that passage alone gives 8 / 17.987437 and 2 / 21.350963, worth 2.580995 points and 4 rank positions against a null control whose residual over the whole corpus is 0.000e+00. Stripping quotes across the corpus, which touches 2,387 passages, gives 8 / 17.888265 and 2 / 21.158602, worth 2.388634 points and the same 4 rank positions; the corpus document frequency of `celebrity` moves from 11 to 12. This is the second unit after D-034 at which pit 19ae's deployable cell costs nothing in rank.

`generic_query_scaffold_score_inflation` is adopted for one passage that has no relation to the question at all. `Pergament Home Centers` is a home-improvement store chain and it ranks 7 / 18.620405, above the answer hop. Its decomposition gives `did` 6.402224 and `which` 1.541303, so 7.943527 of its score, or 42.7 percent, is interrogative scaffold and only 10.676878 is content, far below the answer hop's 17.987437. The exclusion for repeated occurrences does not fire: no query token repeats, so the doubled `did` is ordinary document term frequency and not the per-occurrence query accumulation that `repeated_function_word_amplification` names. Scaffold removal alone moves the two golds from 8 / 17.987437 and 6 / 18.769969 to 6 / 17.987437 and 4 / 18.769969, with both scores unmoved, because this passage and `Locke the Superman`, whose scaffold share is 2.111606 or 10.6 percent, both fall below the answer hop; under scaffold removal with title indexing `Pergament Home Centers` is 23 / 10.924670 and under the document-side normalization 34 / 10.451708. For comparison `COPS (animated TV series)` draws 1.352214 or 5.4 percent from scaffold and `Noel C. Bloom` 1.625490 or 8.0 percent, while both golds, `Sterling Entertainment Group` and `Tottoi` draw 0.000000.

`same_topic_passage_distractor` is adopted for `COPS (animated TV series)` alone. Its text states that it is `an American animated television series released by DIC Entertainment ... and Celebrity Home Entertainment`, so it matches 8 of the question's 11 tokens - all but `space`, `western` and `did` - and ranks 1 / 24.991204. Its text contains neither `space` nor `western`, which is the missing decisive constraint the include rule asks to be verified rather than inferred. This is the observation the original note was built on, and it is recorded under a registered name.

`unindexed_title_name_anchor` is not adopted, although all three of its include conditions are met and the title-indexing condition is materially positive. Titles are verifiably not indexed; the constraint gold's title tokenizes to exactly `celebrity`, `home`, `entertainment`, all three of them query tokens in matchable form; and the title-indexing condition moves that passage from 6 / 18.769969 to 2 / 23.750585. The first exclusion fires all the same: the anchor is equally matchable in the indexed body, whose raw term frequencies are `celebrity` 1, `home` 2 and `entertainment` 1. The mechanism is therefore term-frequency amplification of an anchor that already matched, taking those three to 2, 3 and 2, and not the recovery of an unmatchable one. That is a third distinct route to a materially positive title-indexing condition, after D-028, where the anchor existed only in the title, and D-036, where the gain was a length-normalization side effect and the descriptor failed its *second* include condition. Both readings the D-023 rule requires were run: the indexing reading is the condition above, and the semantic reading, the question reduced to that title, gives 4625 / 0.000000 and 4 / 16.437155, or 4625 / 0.000000 and 1 / 21.426914 with the title indexed, so it enters the cutoff and is not what refuses the name.

`minimal_preprocessing_score_distortion` is not adopted as the primary. The defect it names is real on both passages and is priced above, but it explains only the constraint hop: the answer hop moves 0 rank positions under the gold-targeted repair and loses 0.024046 points under the deployable one. Its concrete mismatches are carried by `surface_form_tokenization_mismatch` as a secondary instead. The compound boundary-punctuation factor was also split by character as pit 19al requires, and the minimal repair beats the general one again: quotes alone on the document side give 8 / 17.888265 and 2 / 21.158602, while full boundary stripping gives 8 / 17.963391 and 3 / 20.702955, with the parenthesis component at 8 / 17.973279 and 6 / 18.726473, the comma at 8 / 17.784879 and 6 / 18.560611, the full stop at 8 / 18.323720 and 6 / 18.450567 and the apostrophe at 8 / 17.984055 and 6 / 18.769969. Three of the four components are negative on the constraint hop, so a positive compound factor was hiding them.

Every preprocessing factor was measured on the query side, the document side and both, and the query side is inert by construction here. The question contains no punctuation and no dash, so its token list is unchanged by either normalization and the query-side cells of `P` and `E` reproduce the baseline exactly at 8 / 17.987437 and 6 / 18.769969; that is stated as a measured cell rather than assumed. The stemming factor gives the opposite of D-032's shape: the query side alone gives 16 / 9.316451 and 5 / 16.437155, the document side alone 16 / 9.304520 and 5 / 16.437155, and the two together 8 / 17.975506 and 6 / 18.758624, back at the baseline. Both one-sided cells are strongly negative and the two together are inert, which is the same structure D-032 recorded - a one-sided normalization breaking a match that already worked - with the sign reversed.

The wording factorial is inert on the answer hop across all sixteen cells. The dataset string carries exactly three defects and each is a factor: A repairs the tense, B appends the missing question mark, C strips the trailing space. At baseline the eight cells give the answer hop 8 / 17.987437 or, whenever B is on, 6 / 17.987437, and the constraint hop 6 / 18.769969, 8 / 16.437155, 3 / 20.821301 or 8 / 16.437155. Under document-side normalization with scaffold removal and title indexing they give the answer hop 6 / 18.101334 or 7 / 18.101334 and the constraint hop 2 / 24.260792, 2 / 21.944594, 1 / 26.047692 or 2 / 21.944594. The answer hop's score takes exactly two values across the sixteen cells, one per preprocessing state, and neither depends on A, B or C, so the question's three defects are not its mechanism. Two of them are not even repairs on the constraint side: appending the question mark makes `released?` a token the corpus does not carry, which costs that passage 2.332813 points, and C is inert by construction under `lower().split()`, verified rather than asserted. Only A helps, and only there, because the constraint gold's body carries `release` as well as `released`.

Corpus setting: this is a setting-dependent gold swap and the two corpus settings disagree on `any@5`. Pooled gives `any@5` 0 and `full@5` 0 with the golds at 8 and 6; per-question gives `any@5` 1 and `full@5` 0 with them at 1 and 9, so the two golds exchange order between the settings. The four cells separate the paths. Restricting the pooled scores to this item's ten passages gives 7 / 17.987437 and 6 / 18.769969; rebuilding the index on those same ten gives 1 / 4.781835 and 9 / 1.511055 and reproduces the official per-question window title for title; grafting pooled `idf` and pooled `avgdl` back onto that document set reproduces the restricted cell exactly at 7 / 17.987437 and 6 / 18.769969; grafting pooled `idf` only, leaving the per-question `avgdl` of 83.800000 against the pooled 90.884950, gives 7 / 17.387936 and 6 / 18.240251 with the order unchanged. `avgdl` therefore carries none of the flip, as at D-028, D-032, D-033 and D-034. The mechanism is that the ten-passage index floors `celebrity`, `home` and `entertainment` to the same epsilon value 0.403526 and takes `series` and `released` to 0.000000, while `space` and `western` keep 1.845827, `animated` keeps 0.762140, `which` keeps 0.762140, `american` keeps 0.367725 and `did` is absent from the vocabulary altogether: the small index destroys the distributor facet and preserves the genre facet. The new-competitor path is very weak here - of the six non-gold passages above the answer hop only one is introduced by pooling, and of the five above the constraint hop none is - and the annotator-supplied path is strong, eight of the item's own ten passages being distributor-related. Recorded as provenance under D-003, not as a causal category (pit 17).

The single-factor oracle-name test fails, with both premises checked. Appending the answer gold's title gives 1 / 25.773537 and 7 / 18.769969; appending the constraint gold's title gives 19 / 17.987437 and 5 / 35.207124; appending both gives 9 / 25.773537 and 5 / 35.207124. None double-recovers. Pit 19g's premise holds - the injected `bravestarr` has corpus document frequency 1 and term frequency 1 in the passage it names and 0 in the other, so the anchor reaches the passage it is meant to reach - and pit 24b's does too, the injected string being absent from the question rather than a surface variant of something already in it. `description_only_bridge_entity` had already failed its inclusion rule before the test was run, the distributor being explicitly named. For completeness, the oracle injection does double-recover once combined with other factors, at 2 / 28.519007 and 1 / 29.389990 under document-side normalization, 1 / 29.465736 and 2 / 23.750585 with scaffold removal and title indexing, and 2 / 30.566563 and 1 / 32.912200 under both, but those are oracle conditions and pit 15 forbids reading them as repairs.

One gold-targeted condition does double-recover, and it is reported rather than acted on. Repairing the boundary punctuation of both required passages and nothing else gives 8 / 18.615659 and 2 / 21.446908, and adding scaffold removal and title indexing to that gives 5 / 18.751159 and 1 / 25.187216. It is a pit 19d third-category intervention: it injects no answer information and adds no text, but it needs to know which two passages are gold, and it is not a deployable repair - its deployable counterpart is the 6 / 18.101334 and 2 / 24.260792 recorded above, and the corpus-wide version of the answer-side half of it is negative. Pit 19s is written against a *non-oracle* condition, which this is not, so it does not fire; the cell is recorded here because it is the closest this unit comes to the D-028 rebuttal and because whether pit 19s should be sliced on ""supplies no intermediate fact"" rather than on ""non-oracle"" is a question for the audit rather than for this entry.

`generic_term_lexical_crowding` is not adopted. The family is name-driven, not category-driven: `celebrity` alone reproduces 5 of 5 of it while the genre facet alone reproduces 0 of 5. This is the mirror of D-034, which refused `related_name_document_crowding` on the same test with the outcome reversed.

`plausible_non_gold_answer`, `gold_chain_not_unique` and `gold_chain_substitutability` are not adopted, on one shared measurement. No corpus passage other than the answer gold contains `space western` or `western animated`, and `COPS (animated TV series)`, the only passage that satisfies every other constraint, contains neither `space` nor `western`. Only the two golds contain `bravestarr`. Under the evidentiary standard applied to the annotated golds there is no alternative answer, no alternative chain and no substitute for either hop.

`one_sided_entity_crowding` and a compound reading are not adopted. One family suppresses both hops - all five non-gold passages above the constraint hop belong to it, as do five of the six above the answer hop - which by pit 19h means there is no compound and nothing one-sided.

`partial_match_constraint_omission` is deleted rather than registered, on three independent grounds. It states a ranking pattern rather than a retrieval mechanism, which is pit 17 and is word for word the ground on which D-033 deleted this same name at queue item 20, and the same criticism D-010 made of `one_sided_entity_crowding`. The observation it names is already partitioned between two registered names, `same_topic_passage_distractor` for `COPS (animated TV series)` and `related_name_document_crowding` for the family. And the adopted primary dissolves it: the constraint is ""omitted"" because no single passage can carry both halves of the question, which is a property of the evidence layout and not of the competitors.

`distributor_related_document_crowding` is deleted as a duplicate, on the criterion D-031 used for `subject_associate_crowding`, D-033 for `cross_entity_relation_unresolved` and D-037 for `broad_adaptation_topic_crowding`. `related_name_document_crowding` is defined over ""relatives, works, institutions, or associates sharing a name or name token"", and a distributor is this case's instance of that, not a separate class.

`peripheral_passage_content_dilution` is not applicable on this backend and the gate was not run. The gate is defined on a bi-encoder's mean pooling; a lexical scorer has no pooled representation to dilute, length effects belonging instead to its own normalization term, and pit 18 forbids the token-level substitute that would be needed.

`not_run` cells. Five, each with a reason recorded in the results file: the three Dense contract cells, since this is a BM25 unit and pit 19y forbids carrying the Dense reading of an index-side removal onto a lexical backend; the dilution gate, as above; query splitting, which pit 19o requires on comparison units and this is a bridge unit where the two facets are one entity and one constraint on another rather than two candidates; the equal-length control curve, whose gate is inapplicable and whose premise is absent, neither required passage carrying non-query-relevant bulk; and the wording factorial cell in which the tense factor is applied under a passive-voice rewrite, where it has no target and the cell would be a copy of its neighbour rather than a measurement.

Comparison retriever, reachability only. Dense over the same pooled corpus places the constraint gold 1 and the answer gold 2, so both required passages are reachable by some method. That is all it establishes: it is not evidence about why BM25 failed, and the two score scales are not comparable (pit 16). Ranks only are quoted for that reason.

Attribution boundary. What is licensed is that the two required passages match disjoint halves of the question, that no non-oracle condition among 134 places both inside the cutoff, and that the family above them is definable only by a rule that also removes one of them. What is not licensed: reading any of the removal, ladder, deployability, gold-targeted or oracle conditions as a deployable repair; reading the corpus setting as a cause; reading the comparison retriever's success as an explanation; or attributing the answer hop's rank to the question's wording, which sixteen cells measured and none moved.

Confidence: medium-high. Supporting it: an exact zero-error baseline reconstruction; an empty hit-set intersection with the idf mass priced on both sides; 134 non-oracle conditions with no double recovery and a four-corner frontier; the pit 19ad controls separating position from statistics with the statistics-matched cell bit for bit at baseline; and a direct precedent in D-024 on the same backend with the same shape. Limiting it: one gold-targeted condition does double-recover, so the conjunction is the binding constraint under every deployable pipeline tested rather than an impossibility; and the closest competitor's evidence is strong enough that the decision turns on the reading of pit 19f and pit 19i rather than on a failed control.

Audit questions registered, not resolved. Whether pit 19s should be sliced on ""supplies no intermediate fact"" rather than on ""non-oracle"", given the gold-targeted cell above. Whether a crowding descriptor whose query-only definition contains a required gold should be excluded from primary use by rule rather than by this entry's argument. Whether `cutoff_sensitive_near_miss`, now that it has a two-sided adoption, needs separate contracts for the `any@5` and `full@5` readings. And whether `unindexed_title_name_anchor`'s first exclusion should be stated as a term-frequency test, since a materially positive title-indexing condition has now been produced by three different mechanisms.

Tooling note, recorded because it produced wrong figures. `make_repro.py --emit-case` generated one condition wrongly and eight more that happened to coincide. `probe_kit.Recorder.call_of()` records only truthy flags, so a document-side factor written `M=True, Mq=False` and a two-sided one written `M=True` record the same call; the generator replayed `M doc side` as a two-sided run answering 8 / 17.975506 where the record holds 16 / 9.304520, and it replayed the eight PST cells of the wording factorial two-sided as well, which strips the question mark the B factor had just added and turns 2 / 21.944594 into 2 / 24.260792. This is pit 25l's failure mode in a second dimension: the wrong call is generated silently and the condition does not appear in the generator's NOT REPLAYED list. All nine were removed from the generated block and written by hand, and the removal is documented in the reproduction script's own header.

References: `references/bm25_implementation_reference.md`, `references/reusable_retrieval_failure_review_playbook.md`, `manual_review_v1/analysis/per_case_analysis/bm25_bridge_5ae60426554299546bf83019.md`.","One gold-targeted index-side condition does place both required passages inside the cutoff, at 5 / 18.751159 and 1 / 25.187216, so the conjunction is the binding constraint under every deployable pipeline tested rather than an impossibility; pit 19s is written against a non-oracle condition, which that is not. Whether it should instead be sliced on `supplies no intermediate fact` is registered as an audit question. Separately, the crowding family here is definable from the question alone but that definition contains one of the two required passages, which is the ground on which the crowding name is held at secondary; whether that should become a rule is also for the audit.",,related_name_document_crowding,"Primary goes to cross_passage_conjunction_unresolved over related_name_document_crowding on three grounds. The two directions pits 19f and 19i require agree in sign, so the family is the product of the question's own required naming: the distributor name alone reproduces 7 of the baseline top ten and 5 of 5 of the family while the genre facet alone reproduces 1 and 0 of 5, and deleting the distributor name collapses the neighbourhood to 2 and 0 of 5 while deleting the genre facet leaves it at 8 and 5 of 5. The family and the required evidence are the same lexical class: a rule stated from the question alone selects six passages and one of them is the required constraint gold, giving 2 / 18.006690 on the answer hop with the constraint gold gone from the index. And D-024 is the same shape on the same backend and settled the same way.",medium-high,false,jointly_reviewed
