method,setting,example_id,question_type,level,question,gold_titles,retrieved_titles,any_evidence_recall@2,any_evidence_recall@5,any_evidence_recall@10,full_evidence_recall@2,full_evidence_recall@5,full_evidence_recall@10,partial_evidence_recall@2,partial_evidence_recall@5,partial_evidence_recall@10,mrr
bm25,pooled,5a8b57f25542995d1e6f1371,comparison,hard,Were Scott Derrickson and Ed Wood of the same nationality?,Ed Wood | Scott Derrickson,"Woodson, Arkansas | Sinister (film) | Scott Derrickson | Conrad Brooks | Ed Wood (film) | Ender's Game (series) | Out of Sight | Deliver Us from Evil (2014 film) | Escalante Petrified Forest State Park | Doctor Strange (2016 film)",0,1,1.0,0,0,0.0,0.0,0.5,0.5,0.3333333333333333
bm25,pooled,5a8c7595554299585d9e36b6,bridge,hard,What government position was held by the woman who portrayed Corliss Archer in the film Kiss and Tell?,Kiss and Tell (1945 film) | Shirley Temple,A Kiss for Corliss | Meet Corliss Archer (TV series) | Kiss and Tell (1945 film) | Village accountant | Vice President of Panama | Abteilungsleiter (NSDAP) | Secretary of State for Constitutional Affairs | Savage Weekend | City of Angels (film) | Hannah Gale,0,1,1.0,0,0,0.0,0.0,0.5,0.5,0.3333333333333333
bm25,pooled,5a85ea095542994775f606a8,bridge,hard,"What science fantasy young adult series, told in first person, has a set of companion books narrating the stories of enslaved worlds and alien species?",Animorphs | The Hork-Bajir Chronicles,"Animorphs | List of Square Enix companion books | Victoria Hanley | Andre Norton Award | The Hork-Bajir Chronicles | Left Behind: The Kids | Nebula Award for Best Novel | Aye, and Gomorrah, and other stories | The Divide trilogy | Emma Bull",1,1,1.0,0,1,1.0,0.5,1.0,1.0,1.0
bm25,pooled,5adbf0a255429947ff17385a,comparison,hard,Are the Laleli Mosque and Esma Sultan Mansion located in the same neighborhood?,Esma Sultan Mansion | Laleli Mosque,Esma Sultan Mansion | Sultan Ahmed Mosque | Laleli Mosque | Djamaâ el Kebir | Gevheri Kadın | Esma Sultan (daughter of Abdul Hamid I) | Esma Sultan (daughter of Ahmed III) | Esma Sultan (daughter of Abdülaziz) | Azam mosque of Qom | Nusretiye Clock Tower,1,1,1.0,0,1,1.0,0.5,1.0,1.0,1.0
bm25,pooled,5a8e3ea95542995a26add48d,bridge,hard,"The director of the romantic comedy ""Big Stone Gap"" is based in what New York city?",Adriana Trigiani | Big Stone Gap (film),"Big Stone Gap (film) | I Love NY (2015 film) | Just Another Romantic Wrestling Comedy | Nola (film) | Staten Island | Clinton, Minnesota | When Harry Met Sally... | New York State Writers Hall of Fame | Song Ji-hyo | David Alden",1,1,1.0,0,0,0.0,0.5,0.5,0.5,1.0
bm25,pooled,5abd94525542992ac4f382d2,bridge,hard,2014 S/S is the debut album of a South Korean boy group that was formed by who?,2014 S/S | Winner (band),2014 S/S | Seventeen discography | SF9 (band) | Madtown | List of songs written by Ravi | History (band) | Winner (band) | Cho Kyuhyun | The Wonder Who? | B2K,1,1,1.0,0,0,1.0,0.5,0.5,1.0,1.0
bm25,pooled,5a85b2d95542997b5ce40028,bridge,hard,Who was known by his stage name Aladin and helped organizations improve their performance as a consultant?,Eenasul Fateh | Management consulting,Method Man | Manorama (Tamil actress) | Changmin | Lil Ru | Swifty McVay | Ephraim Sklyansky | Management consulting | Serri (singer) | Lord Byron (opera) | E. Mavis Hetherington,0,0,1.0,0,0,0.0,0.0,0.0,0.5,0.14285714285714285
bm25,pooled,5a87ab905542996e4f3088c1,bridge,hard,The arena where the Lewiston Maineiacs played their home games can seat how many people?,Androscoggin Bank Colisée | Lewiston Maineiacs,Lewiston Maineiacs | 2006–07 QMJHL season | Dwyer Arena | Billings Bulls | 2011–12 QMJHL season | Case Gym | Robins Center | 1959 Georgia Tech Yellow Jackets football team | 1953 Georgia Tech Yellow Jackets football team | 2013–14 Vermont Catamounts men's basketball team,1,1,1.0,0,0,0.0,0.5,0.5,0.5,1.0
bm25,pooled,5a7bbb64554299042af8f7cc,bridge,hard,"Who is older, Annie Morton or Terry Richardson?",Annie Morton | Terry Richardson,Annie Morton | Kenton Richardson | Curt Menefee | Gumbo (PJ Morton album) | Lee Terry | Gamer (film) | Lady Gaga x Terry Richardson | Symphony No. 5 (Rouse) | The Magic Christian (novel) | Tara Strong,1,1,1.0,0,0,0.0,0.5,0.5,0.5,1.0
bm25,pooled,5a8db19d5542994ba4e3dd00,comparison,hard,Are Local H and For Against both from the United States?,For Against | Local H,"Local H | Adnan Akmal | 80th United States Congress | Conscription in the United States | Hirabayashi v. United States | Protests against Donald Trump | Amherst, Massachusetts | Junior school | For Against | List of largest pharmaceutical settlements",1,1,1.0,0,0,1.0,0.5,0.5,1.0,1.0
bm25,pooled,5a7166395542994082a3e814,bridge,hard,"What is the name of the fight song of the university whose main campus is in Lawrence, Kansas and whose branch campuses are in the Kansas City metropolitan area?",Kansas Song | University of Kansas,"University of Kansas | University of Missouri–Kansas City | University of the Incarnate Word | Kansas City jazz | North Kansas City, Missouri | Downtown Kansas City | Kansas City Scout | CommunityAmerica Ballpark | Kansas City metropolitan area | History of the Kansas City metropolitan area",1,1,1.0,0,0,0.0,0.5,0.5,0.5,1.0
bm25,pooled,5a877e5d5542993e715abf7d,bridge,hard,"What screenwriter with credits for ""Evolution"" co-wrote a film starring Nicolas Cage and Téa Leoni?",David Weissman | The Family Man,The Family Man | David Weissman | Deadfall (1993 film) | Drive Angry | It Could Happen to You (1994 film) | Season of the Witch (2011 film) | Time to Kill (1989 film) | Krishnabhaskar Mangalasserri | City of Angels (film) | Gone in 60 Seconds (2000 film),1,1,1.0,1,1,1.0,1.0,1.0,1.0,1.0
bm25,pooled,5ab3b0bf5542992ade7c6e39,bridge,hard,What year did Guns N Roses perform a promo for a movie starring Arnold Schwarzenegger as a former New York Police detective?,End of Days (film) | Oh My God (Guns N' Roses song),Oh My God (Guns N' Roses song) | Last Action Hero | End of Days (film) | Pergament Home Centers | Get Christie Love! | Guns N' Roses discography | Chinatown Nights (1929 film) | It Could Happen to You (1994 film) | Krishnabhaskar Mangalasserri | Andy Straka,1,1,1.0,0,1,1.0,0.5,1.0,1.0,1.0
bm25,pooled,5ab56e32554299637185c594,comparison,hard,Are Random House Tower and 888 7th Avenue both used for real estate?,888 7th Avenue | Random House Tower,"Pershing Square Capital Management | Random House Tower | Villard (imprint) | 888 7th Avenue | Hounsfield Heights/Briar Hill, Calgary | Real estate technology | Tower City station | Avenue Capital Group | South Phoenix | Real estate benchmarking",1,1,1.0,0,1,1.0,0.5,1.0,1.0,0.5
bm25,pooled,5ab6d09255429954757d337d,bridge,hard,The football manager who recruited David Beckham managed Manchester United during what timeframe?,1995–96 Manchester United F.C. season | Alex Ferguson,Ernest Mangnall | Joshua Parlby | Sir Matt Busby Sports Complex | Alex Ferguson | 1996 FA Charity Shield | David Beckham Academy | Matt Busby | Togo women's national football team | David Beckham's Soccer USA | Manchester United F.C.,0,1,1.0,0,0,0.0,0.0,0.5,0.5,0.25
bm25,pooled,5a75e05c55429976ec32bc5f,bridge,hard,Brown State Fishing Lake is in a country that has a population of how many inhabitants ?,"Brown County, Kansas | Brown State Fishing Lake","Brown State Fishing Lake | Osage State Fishing Lake | Neosho State Fishing Lake | Fishing Lake | Shawnee State Fishing Lake | Sauce Viejo, Argentina | Higgins Lake | Commanda Lake | Narrow Hills Provincial Park | Sweden",1,1,1.0,0,0,0.0,0.5,0.5,0.5,1.0
bm25,pooled,5ab3e45655429976abd1bcd4,bridge,hard,The Vermont Catamounts men's soccer team currently competes in a conference that was formerly known as what from 1988 to 1996?,America East Conference | Vermont Catamounts men's soccer,Vermont Catamounts men's soccer | Vermont Catamounts men's basketball | 2010–11 Vermont Catamounts men's basketball team | Vermont Catamounts men's ice hockey | 2013–14 Vermont Catamounts men's basketball team | 2016–17 Vermont Catamounts men's basketball team | America East Conference | 2012–13 Vermont Catamounts men's basketball team | David Masur | 2015–16 Vermont Catamounts men's basketball team,1,1,1.0,0,0,1.0,0.5,0.5,1.0,1.0
bm25,pooled,5ab29c24554299449642c932,comparison,hard,Are Giuseppe Verdi and Ambroise Thomas both Opera composers ?,Ambroise Thomas | Giuseppe Verdi,"Teatro Giuseppe Verdi | Ferdinando Provesi | Giuseppe Verdi | Giuseppe Verdi (film) | Verdi, the King of Melody | Ambroise Thomas | Parma Airport | Armand Castelmary | Here (1954 song) | La fanciulla del West",0,1,1.0,0,0,1.0,0.0,0.5,1.0,0.3333333333333333
bm25,pooled,5ae0d4c9554299603e418468,bridge,hard,Roger O. Egeberg was Assistant Secretary for Health and Scientific Affairs during the administration of a president that served during what years?,Richard Nixon | Roger O. Egeberg,Roger O. Egeberg | Douglas J. Bennet | Steven K. Galson | Robert R. Hood | Office of Population Affairs | Bradford P. Campbell | Nelson Rockefeller | William Flynn Martin | Robert Hormats | Cynthia Hogan,1,1,1.0,0,0,0.0,0.5,0.5,0.5,1.0
bm25,pooled,5a8133725542995ce29dcbdb,comparison,hard,"Which writer was from England, Henry Roth or Robert Erskine Childers?",Henry Roth | Robert Erskine Childers,Molly Childers | Gretchen Osgood Warren | Henry Roth | Erskine Barton Childers | Robert Caesar Childers | Robert Erskine Childers | Asgard (yacht) | Robert Barton | Irish Bulletin | Joseph Fogerty Sr.,0,1,1.0,0,0,1.0,0.0,0.5,1.0,0.3333333333333333
bm25,pooled,5ae7a8175542993210983ed8,bridge,hard,Which other Mexican Formula One race car driver has held the podium besides the Force India driver born in 1990?,Formula One drivers from Mexico | Sergio Pérez,Force India VJM04 | 2014 Bahrain Grand Prix | Formula One drivers from Mexico | Mike Shank | 2009 Singapore Grand Prix | Tony Ave | Catharina Felser | Michael James Lewis | Eduardo Troconis | 2002 Gran Premio Telmex-Gigante,0,1,1.0,0,0,0.0,0.0,0.5,0.5,0.3333333333333333
bm25,pooled,5ae6050f55429929b0807a5e,bridge,hard,This singer of A Rather Blustery Day also voiced what hedgehog?,A Rather Blustery Day | Jim Cummings,A Rather Blustery Day | Winnie the Pooh and the Blustery Day | Kate Higgins | Mary Elizabeth Day Nursery | Jeremy Schoenberg | Cosmological interpretation of quantum mechanics | Children's Day (Japan) | Azam mosque of Qom | Tom Clancy's Splinter Cell: Pandora Tomorrow | Heffalumps and Woozles,1,1,1.0,0,0,0.0,0.5,0.5,0.5,1.0
bm25,pooled,5adddccd5542997dc7907069,bridge,hard,"Aside from the Apple Remote, what other device can control the program Apple Remote was originally designed to interact with?",Apple Remote | Front Row (software),Apple Remote | Siri Remote | Universal remote | Apple Watch | Remote control | Apple Remote Desktop | MacScan | Trainmaster Command Control | Front Row (software) | NetSupport Manager,1,1,1.0,0,0,1.0,0.5,0.5,1.0,1.0
bm25,pooled,5ae2070a5542994d89d5b313,comparison,hard,"Which performance act has a higher instrument to person ratio, Badly Drawn Boy or Wolf Alice? ",Badly Drawn Boy | Wolf Alice,Silent Sigh | Badly Drawn Boy discography | Something to Talk About (Badly Drawn Boy song) | About a Boy (soundtrack) | Under an Hour | The Hour of Bewilderbeast | Tom Rothrock | About a Boy (film) | Udaka vadya | Petty treason,0,0,0.0,0,0,0.0,0.0,0.0,0.0,0.0
bm25,pooled,5ae22b8d554299234fd0440f,bridge,hard,What was the father of Kasper Schmeichel voted to be by the IFFHS in 1992?,Kasper Schmeichel | Peter Schmeichel,Peter Schmeichel | IFFHS World's Best Club Coach | IFFHS World's Best Goalkeeper | Corieltauvi | Kasper Hvidt | Isaak Hassler | Gus Williams (musician) | Philip Ruddock | Al Wilson (offensive lineman) | Kasper Schmeichel,1,1,1.0,0,0,1.0,0.5,0.5,1.0,1.0
bm25,pooled,5a722b8655429971e9dc9329,bridge,hard,Who was the writer of These Boots Are Made for Walkin' and who died in 2007?,Lee Hazlewood | These Boots Are Made for Walkin',These Boots Are Made for Walkin' | Boots (album) | Jim Shoulders | 1951 Birthday Honours | Boots (EP) | The Twenty-fifth Anniversary Anthology | Baron Dunalley | Virginia Woolf | Augustine of Canterbury | Fayyaz Hashmi,1,1,1.0,0,0,0.0,0.5,0.5,0.5,1.0
bm25,pooled,5adf37a95542995ec70e8f97,bridge,hard,"The 2011–12 VCU Rams men's basketball team, led by third year head coach Shaka Smart, represented Virginia Commonwealth University which was founded in what year?",2011–12 VCU Rams men's basketball team | Virginia Commonwealth University,2011–12 VCU Rams men's basketball team | 2015–16 VCU Rams men's basketball team | 2013–14 VCU Rams men's basketball team | 2012–13 VCU Rams men's basketball team | 2014–15 VCU Rams men's basketball team | 2009–10 VCU Rams men's basketball team | 1995–96 VCU Rams men's basketball team | 2004–05 VCU Rams men's basketball team | 2010–11 VCU Rams men's basketball team | 2011–12 Vermont Catamounts men's basketball team,1,1,1.0,0,0,0.0,0.5,0.5,0.5,1.0
bm25,pooled,5abd259d55429924427fcf1a,comparison,hard,"Are both Dictyosperma, and Huernia described as a genus?",Dictyosperma | Huernia,"Huernia | When People Grow, People Go | Andlang | Pre-Commissioning Unit | Jonathan Meath | Santa Claus Is a Black Man | Ethiopia–Japan relations | Nebula Award for Best Novel | Patty and Selma | Junior school",1,1,1.0,0,0,0.0,0.5,0.5,0.5,1.0
bm25,pooled,5a828c8355429966c78a6a50,bridge,hard,Kaiser Ventures corporation was founded by an American industrialist who became known as the father of modern American shipbuilding?,Henry J. Kaiser | Kaiser Ventures,Henry J. Kaiser | Edgar Kaiser Sr. | Kaiser Ventures | Kaiser Shipyards | Edgar Kaiser Jr. | Nutri Ventures – The Quest for the 7 Kingdoms | Religious Technology Center | John Adlum | Eagle Mountain Railroad | The Mask of Dimitrios,1,1,1.0,0,1,1.0,0.5,1.0,1.0,1.0
bm25,pooled,5a8a3e745542996c9b8d5e70,bridge,hard,"What is the name for the adventure in ""Tunnels and Trolls"", a game designed by Ken St. Andre?",Arena of Khazan | Tunnels &amp; Trolls,"Tunnels &amp; Trolls: Crusaders of Khazan | Tunnels &amp; Trolls | Mercenaries, Spies and Private Eyes | Starfaring | The Kids of Catan | Arena of Khazan | Elasund | Frank Thomas' Big Hurt | Thomas H. Gale House | Kill Doctor Lucky",1,1,1.0,0,0,1.0,0.5,0.5,1.0,0.5
bm25,pooled,5ac23ff0554299636651994d,bridge,hard,"When was Poison's album ""Shut Up, Make Love"" released?","Poison (American band) | Shut Up, Make Love","Shut Up, Make Love | Be the One (Poison song) | The Longer We Make Love | Mind If We Make Love to You | Holler Back | Back Up, Dancer | Chuck Berry on Stage | Make Love | Robson &amp; Jerome (album) | The Best of Van Morrison Volume 3",1,1,1.0,0,0,0.0,0.5,0.5,0.5,1.0
bm25,pooled,5ae4a3265542995ad6573de5,comparison,hard,"Hayden is a singer-songwriter from Canada, but where does Buck-Tick hail from?",Buck-Tick | Hayden (musician),Hayden (musician) | Mild and Hazy | Hailstorm Alley | Dewey Beard | Berghuis v. Thompkins | Superstar – The Hits | Lara Croft and the Guardian of Light | Kyo (musician) | Lowe's | Awake (film),1,1,1.0,0,0,0.0,0.5,0.5,0.5,1.0
bm25,pooled,5ae0361155429925eb1afc2c,bridge,hard,Which  French ace pilot and adventurer fly L'Oiseau Blanc,Charles Nungesser | L'Oiseau Blanc,W. E. Johns | Paul Sauvage (aviator) | Gervais Raoul Lufbery | L'Oiseau Blanc | Georges Madon | Charles Nungesser | François Coli | Wooster and Davis | Ilmari Juutilainen | Ashley Rolfe,0,1,1.0,0,0,1.0,0.0,0.5,1.0,0.25
bm25,pooled,5abc0a5d5542993f40c73c64,comparison,hard,Are Freakonomics and In the Realm of the Hackers both American documentaries?,Freakonomics (film) | In the Realm of the Hackers,In the Realm of the Hackers | Andlang | Hackers (film) | Psycho Realm | Heaven in Judaism | Robin Goldstein | Civil War (college football game) | Libocedrus | Shia Muslims in the Arab world | Junior school,1,1,1.0,0,0,0.0,0.5,0.5,0.5,1.0
bm25,pooled,5a7cc50e554299452d57ba3e,comparison,hard,"Which band, Letters to Cleo or Screaming Trees, had more members?",Letters to Cleo | Screaming Trees,Screaming Trees discography | Letters to Cleo | Skin Yard | Gary Lee Conner | W. Morgan Petty | Change Has Come | The Assault on Truth | The Flowers of Romance (band) | Screaming Trees | Van Conner,1,1,1.0,0,0,1.0,0.5,0.5,1.0,0.5
bm25,pooled,5abf63f15542997ec76fd3ea,bridge,hard,Alexander Kerensky was defeated and destroyed by the Bolsheviks in the course of a civil war that ended when ?,Russian Civil War | Socialist Revolutionary Party,Socialist Revolutionary Party | Kerensky–Krasnov uprising | Russian Civil War | Alexander Kerensky | Lavr Kornilov | Left-wing uprisings against the Bolsheviks | Communism in Russia | Conscription in the United States | Military history of Mexico | Battle of Romanovka,1,1,1.0,0,1,1.0,0.5,1.0,1.0,1.0
bm25,pooled,5a8ef2a75542995a26add583,bridge,hard,Seven Brief Lessons on Physics was written by an Italian physicist that has worked in France since what year?,Carlo Rovelli | Seven Brief Lessons on Physics,Seven Brief Lessons on Physics | Carlo Rovelli | Guido Caldarelli | Aldo Pontremoli | Enrico Fermi | First Italo-Ethiopian War | Claudio Pellegrini | Time to Kill (1989 film) | Umpqua Community College shooting | Tweedledum and Tweedledee,1,1,1.0,1,1,1.0,1.0,1.0,1.0,1.0
bm25,pooled,5a80721b554299485f5985ef,bridge,hard,"The Livesey Hal War Memorial commemorates the fallen of which war, that had over 60 million casualties?",Livesey Hall War Memorial | World War II casualties,"Livesey Hall War Memorial | Masnières Newfoundland Memorial | Alamein Memorial | Freetown Memorial | Arras Flying Services Memorial | Rainham War Memorial | Vietnam War Memorial, Hanoi | Tower Hill Memorial | Portsmouth Naval Memorial | World War II casualties",1,1,1.0,0,0,1.0,0.5,0.5,1.0,1.0
bm25,pooled,5ab51dae5542991779162d82,comparison,hard,Are both Elko Regional Airport and Gerald R. Ford International Airport located in Michigan?,Elko Regional Airport | Gerald R. Ford International Airport,Gerald R. Ford International Airport | Elko Regional Airport | Grantley Adams International Airport | Pensacola International Airport | Townsville Airport | John Glenn Columbus International Airport | Gerald R. Ford Freeway | Gerald R. Ford Presidential Library | Raleigh Executive Jetport | Coimbatore International Airport,1,1,1.0,1,1,1.0,1.0,1.0,1.0,1.0
bm25,pooled,5a7571135542992d0ec05f98,bridge,hard,Ralph Hefferline was a psychology professor at a university that is located in what city?,Columbia University | Ralph Hefferline,Ralph Hefferline | E. Mavis Hetherington | Princeton Neuroscience Institute | Lori L. Holt | Kimberly Young | David S. Touretzky | Frank L. Schmidt | Stanley Coren | James Alcock | Venkatesan Guruswami,1,1,1.0,0,0,0.0,0.5,0.5,0.5,1.0
bm25,pooled,5a7a0e1e5542990783324e1a,comparison,hard,Which dog's ancestors include Gordon and Irish Setters: the Manchester Terrier or the Scotch Collie?,Manchester Terrier | Scotch Collie,Scotch Collie | Toy Manchester Terrier | Manchester Terrier | Feist (dog) | Viol | Teddy Roosevelt Terrier | Russkiy Toy | English Setter | J. G. Farrell | Demography of Greater Manchester,1,1,1.0,0,1,1.0,0.5,1.0,1.0,1.0
bm25,pooled,5a74106b55429979e288289e,bridge,hard,Where is the company that Sachin Warrier worked for as a software engineer headquartered? ,Sachin Warrier | Tata Consultancy Services,Sachin Warrier | William Connolley | Alec Muffett | Wes McKinney | Sachin Bansal | Lead programmer | Muthuchippi Poloru | Keith Bostic | Kanave Kalayathe | Claudio Fernández-Aráoz,1,1,1.0,0,0,0.0,0.5,0.5,0.5,1.0
bm25,pooled,5a79311755429970f5fffe67,bridge,hard,"A Japanese manga series based on a 16 year old high school student Ichitaka Seto, is written and illustrated by someone born in what year?",I&quot;s | Masakazu Katsura,I&quot;s | Haven't You Heard? I'm Sakamoto | Neuro: Supernatural Detective | Clear Skies! | The Kindaichi Case Files | Silver Spoon (manga) | Cross Manage | Manga Bible (series) | Nisekoi | Rosario + Vampire,1,1,1.0,0,0,0.0,0.5,0.5,0.5,1.0
bm25,pooled,5ab2d3df554299194fa9352c,bridge,hard,The battle in which Giuseppe Arimondi lost his life secured what for Ethiopia?,Battle of Adwa | Giuseppe Arimondi,"Verdi, the King of Melody | Giuseppe Verdi (film) | Teatro Giuseppe Verdi | Battle of Aspromonte | Battle of Adwa | Domenico Scarlatti | Battle of Klushino | Battle of Blue Licks | A Million Miles in a Thousand Years | Shagai Plateau",0,1,1.0,0,0,0.0,0.0,0.5,0.5,0.2
bm25,pooled,5a760ab65542994ccc918697,bridge,hard,Alfred Balk served as the secretary of the Committee on the Employment of Minority Groups in the News Media under which United States Vice President?,Alfred Balk | Nelson Rockefeller,Alfred Balk | Gerald Ford | Gordon Johndroe | Nelson Rockefeller | Robert Hormats | Cynthia Hogan | William Flynn Martin | Robert R. Hood | Steven K. Galson | Executive Order 10925,1,1,1.0,0,1,1.0,0.5,1.0,1.0,1.0
bm25,pooled,5a7d54165542995f4f402256,bridge,hard,"A medieval fortress in Dirleton, East Lothian, Scotland borders on the south side of what coastal area?",Dirleton Castle | Yellowcraigs,"Dirleton Castle | Lothian and Borders | Dirleton Kirk | Scottish Borders | Yellowcraigs | Haddington, East Lothian | Shanghai | Dirleton | St. Mary's Priory (Lothian) | Barriox13",1,1,1.0,0,1,1.0,0.5,1.0,1.0,1.0
bm25,pooled,5ab859a955429934fafe6d7b,bridge,hard,Who is the writer of this song that was inspired by words on a tombstone and was the first track on the box set Back to Mono?,Back to Mono (1958–1969) | To Know Him Is to Love Him,"Led Zeppelin Boxed Set 2 | Nashville Rebel (box set) | To Know Him Is to Love Him | Back to Mono (1958–1969) | Cosmos: A Spacetime Odyssey | The Doors: Vinyl Box Set | Chrome, Smoke &amp; BBQ | Mono Masters | Radiohead Box Set | Encore (Eminem song)",0,1,1.0,0,1,1.0,0.0,1.0,1.0,0.3333333333333333
bm25,pooled,5add61d65542995b365fab21,bridge,hard,What type of forum did a former Soviet statesman initiate?,Mikhail Gorbachev | World Summit of Nobel Peace Laureates,MS Excelsior Neptune | Mikhail Suslov | Sergo Mikoyan | Kegelhelm | Nikolai Podgorny | Andrei Kirilenko (politician) | Anastas Mikoyan | David Waksberg | Mikhail Gorbachev | Ratafia,0,0,1.0,0,0,0.0,0.0,0.0,0.5,0.1111111111111111
bm25,pooled,5a8e068b5542995085b37384,comparison,hard,Are Ferocactus and Silene both types of plant?,Ferocactus | Silene,Ferocactus | Silene menziesii | Silene antirrhina | Silene conoidea | Silene | Anabolic steroid | Collie | Silene tomentosa | Fen | Junior school,1,1,1.0,0,1,1.0,0.5,1.0,1.0,1.0
bm25,pooled,5abbf698554299114383a0b5,bridge,hard,Which British first-generation jet-powered medium bomber was used in the South West Pacific theatre of World War II?,English Electric Canberra | No. 2 Squadron RAAF,English Electric Canberra | Tupolev Tu-12 | Edwin A. Doss | South West Pacific Area (command) | No. 12 Squadron RAAF | South West Pacific theatre of World War II | Savoia-Marchetti SM.79 | Asiatic-Pacific Theater | No. 2 Squadron RAAF | Coastwatchers,1,1,1.0,0,0,1.0,0.5,0.5,1.0,1.0
bm25,pooled,5a8e1027554299653c1aa15f,bridge,hard,Which year and which conference was the 14th season for this conference as part of the NCAA Division that the Colorado Buffaloes played in with a record of 2-6 in conference play?,2009 Big 12 Conference football season | 2009 Colorado Buffaloes football team,2009 Colorado Buffaloes football team | 1989 Colorado Buffaloes football team | 2009 Big 12 Conference football season | 2012 Colorado Buffaloes football team | 2014–15 Colorado Buffaloes men's basketball team | 2015–16 Colorado Buffaloes men's basketball team | 2013–14 Vermont Catamounts men's basketball team | 2011 Colorado Buffaloes football team | 1984 Tennessee Volunteers football team | 1983 Tennessee Volunteers football team,1,1,1.0,0,1,1.0,0.5,1.0,1.0,1.0
bm25,pooled,5ab84bf555429916710eb01f,bridge,hard,In 1991 Euromarché was bought by a chain that operated how any hypermarkets at the end of 2016?,Carrefour | Euromarché,Uno-X | Lewis's | Selver | SavaCentre | Tazweed Center | Holiday Inn Lake Buena Vista Downtown | John A. Brown (department store) | MV Empire Windrush | VIP's | David Beckham Academy,0,0,0.0,0,0,0.0,0.0,0.0,0.0,0.0
bm25,pooled,5a77724455429972597f153e,bridge,hard,What race track in the midwest hosts a 500 mile race eavery May?,1957 Indianapolis 500 | Indianapolis Motor Speedway,"Carolina Dodge Dealers 400 | Allison Transmission | Subway 400 | 1964 Armstrong 500 | Louis Schwitzer Award | Orange County Fair Speedway | Johnny Rutherford | 10,000 metres | Kavita Tungar | Lean Horse Ultramarathon",0,0,0.0,0,0,0.0,0.0,0.0,0.0,0.0
bm25,pooled,5a87c13f5542996e4f30890c,bridge,hard,"In what city did the ""Prince of tenors"" star in a film based on an opera by Giacomo Puccini?",Franco Corelli | Tosca (1956 film),Tosca (1956 film) | Franco Corelli | La fanciulla del West | Gianni Schicchi | La Bohème (1988 film) | Cesira Ferrani | O mio babbino caro | Ron Bottcher | Teatro Giuseppe Verdi | Freshwater (opera),1,1,1.0,1,1,1.0,1.0,1.0,1.0,1.0
bm25,pooled,5ab96ab755429970cfb8eacd,bridge,hard,"Ellie Goulding worked with what other writers on her third studio album, Delirium?",Delirium (Ellie Goulding album) | On My Mind (Ellie Goulding song),Army (Ellie Goulding song) | Halcyon (album) | Something in the Way You Move | Delirium World Tour | Flashlight (DJ Fresh song) | Outside (Calvin Harris song) | List of songs recorded by Ellie Goulding | Love Me like You Do | Delirium (Ellie Goulding album) | On My Mind (Ellie Goulding song),0,0,1.0,0,0,1.0,0.0,0.0,1.0,0.1111111111111111
bm25,pooled,5a8a43eb5542996c9b8d5e82,bridge,hard,Which Australian city founded in 1838 contains a boarding school opened by a Prime Minister of Australia and named after a school in London of the same name.,"Marion, South Australia | Westminster School, Adelaide","Westminster School, Adelaide | Sainik School Balachadi, Jamnagar | Grace Church School | Grennaskolan | PNG solution | Cotter High School (Winona, Minnesota) | Concho Indian Boarding School | Feirstein Graduate School of Cinema | Princeton High School (Illinois) | Woodville High School (Texas)",1,1,1.0,0,0,0.0,0.5,0.5,0.5,1.0
bm25,pooled,5ae73acb5542991e8301cc07,bridge,hard,D1NZ is a series based on what oversteering technique?,D1NZ | Drifting (motorsport),D1NZ | Night School: the Web Series | The Rivals for Catan | Hank Zipzer's Christmas Catastrophe | Rising Star (France) | Aaron Faulls | Orange Is the New Black | Snatch (TV series) | Pakdam Pakdai | &quot;Q&quot; Is for Quarry,1,1,1.0,0,0,0.0,0.5,0.5,0.5,1.0
bm25,pooled,5a7320565542991f9a20c61d,bridge,hard,who is younger Keith Bostic or Jerry Glanville ?,Jerry Glanville | Keith Bostic (American football),"Keith Bostic (American football) | Keith Bostic | Portland State Vikings football under Jerry Glanville | Jerry Glanville | Lewis Young | Keystone, Nebraska | 1987 Pittsburgh Steelers season | Lemoyne, Nebraska | Ogallala, Nebraska | Brian Kennedy (singer)",1,1,1.0,0,1,1.0,0.5,1.0,1.0,1.0
bm25,pooled,5ae32e125542991a06ce9946,bridge,hard,"According to the 2001 census, what was the population of the city in which Kirton End is located?","Boston, Lincolnshire | Kirton End","Urbanisation in India | Kirton, Nottinghamshire | Kirton, Suffolk | Borough of Berwick-upon-Tweed | Parkridge, Saskatoon | Willoughton | Biratnagar | Gaboš | Chernivtsi | Marovoay",0,0,0.0,0,0,0.0,0.0,0.0,0.0,0.0
bm25,pooled,5adc53f75542996e6852530a,comparison,hard,Are both Cypress and Ajuga genera?,Ajuga | Cypress,Libocedrus | Fokienia | Ajuga | Psycho Realm | Junior school | Patty and Selma | Ethiopia–Japan relations | Pilgerodendron | Frenchman Formation | Cypress-pine,0,1,1.0,0,0,0.0,0.0,0.5,0.5,0.3333333333333333
bm25,pooled,5a8b20335542996c9b8d5fb3,bridge,hard,What distinction is held by the former NBA player who was a member of the Charlotte Hornets during their 1992-93 season and was head coach for the WNBA team Charlotte Sting?,1992–93 Charlotte Hornets season | Muggsy Bogues,2014–15 Charlotte Hornets season | Charlotte Hornets | Charlotte Hornets draft history | Muggsy Bogues | 1992–93 Charlotte Hornets season | 2003 WNBA season | List of Charlotte Hornets seasons | Ayana Walker | Buzz Peterson | Charlotte Hornets all-time roster,0,1,1.0,0,1,1.0,0.0,1.0,1.0,0.25
bm25,pooled,5a85fb085542994775f606de,bridge,hard,What is the name of the executive producer of the film that has a score composed by Jerry Goldsmith?,Alien (film) | Alien (soundtrack),Alien (soundtrack) | Legend (film score) | Total Recall (1990 film) | Blog Wars | Aliens (soundtrack) | My Kind of Town | Gone in 60 Seconds (2000 film) | Christus Apollo | L.A. Confidential (soundtrack) | People Like Us (soundtrack),1,1,1.0,0,0,0.0,0.5,0.5,0.5,1.0
bm25,pooled,5a7be2595542997c3ec972ac,comparison,hard,"Who was born earlier, Emma Bull or Virginia Woolf?",Emma Bull | Virginia Woolf,Edward F. Albee Foundation | Northern Virginia Campaign | Me! I'm Afraid of Virginia Woolf | Edward Albee | Emma Bull | Bull Hill | Virginia Woolf | Virginia E. Johnson | Dewey Beard | Emma Carney,0,1,1.0,0,0,1.0,0.0,0.5,1.0,0.2
bm25,pooled,5a77152355429966f1a36c2e,bridge,hard,What was the Roud Folk Song Index of the nursery rhyme inspiring What Are Little Girls Made Of?,What Are Little Boys Made Of? | What Are Little Girls Made Of?,"What Are Little Boys Made Of? | Tweedledum and Tweedledee | A Wise Old Owl | Billy Boy | Three Little Kittens | What Are Little Girls Made Of? | Pretty Little Dutch Girl | Here We Go Round the Mulberry Bush | Aiken Drum | Row, Row, Row Your Boat",1,1,1.0,0,0,1.0,0.5,0.5,1.0,1.0
bm25,pooled,5a8f4c8d554299458435d5a3,bridge,hard,Scott Parkin has been a vocal critic of Exxonmobil and another corporation that has operations in how many countries ?,Halliburton | Scott Parkin,Scott Parkin | Yvonne Ridley | Lori L. Holt | Joseph Anderer | James Alcock | Clinton Walker | Gateway College of Architecture and Design | Monster Force | Oregon and Transcontinental Company | Inner Mongolia First Machinery Group Corporation,1,1,1.0,0,0,0.0,0.5,0.5,0.5,1.0
bm25,pooled,5a80840f554299485f59863b,bridge,hard,What WB supernatrual drama series was Jawbreaker star Rose Mcgowan best known for being in?,Jawbreaker (film) | Rose McGowan,Rose McGowan | Safe Harbor (TV series) | Kay Tagal Kang Hinintay | Kerr Smith | Sarah Drew | List of Charmed characters | Nora Ephron | Jawbreaker (film) | Charmed (season 4) | The Pastor's Wife (film),1,1,1.0,0,0,1.0,0.5,0.5,1.0,1.0
bm25,pooled,5a8361b65542992ef85e22a0,bridge,hard,Vince Phillips held a junior welterweight title by an organization recognized by what larger Hall of Fame?,International Boxing Federation | Vince Phillips,Vince Phillips | Zab Judah | Bunny Grant | Andrew Murray (Guyanese boxer) | Ralph Charles | The Return of Sherlock Holmes (1929 film) | Jeff Malcolm | Fatai Onikeke | International Boxing Federation | Scott Dixon (boxer),1,1,1.0,0,0,1.0,0.5,0.5,1.0,1.0
bm25,pooled,5ae7ba7a5542993210983f12,bridge,hard,"What is the name of the singer who's song was released as the lead single from the album ""Confessions"", and that had popular song stuck behind for eight consecutive weeks?",I Don't Wanna Know | Yeah! (Usher song),"Stay (Sugarland song) | Can't Touch It | Feel Good Inc. | No One (Alicia Keys song) | You're Gonna Go Far, Kid | Dirás que estoy loco | Perfect Day (Jim Jones song) | Yeah! (Usher song) | Flashlight (DJ Fresh song) | I Don't Wanna Know",0,0,1.0,0,0,1.0,0.0,0.0,1.0,0.125
bm25,pooled,5ac2acff55429921a00ab02b,bridge,hard,who is the younger brother of The episode guest stars of The Hard Easy ,Brian Doyle-Murray | The Hard Easy (Adventure Time),"Roy's Wedding | The Hard Easy (Adventure Time) | Brother from Another Series | Chimaji Appa | Andy's Ancestry | Moving On (The Office) | Evicted! | The Farm (The Office) | Web Weirdos | Back Up, Dancer",1,1,1.0,0,0,0.0,0.5,0.5,0.5,0.5
bm25,pooled,5aba7cfe554299232ef4a2fd,bridge,hard,The 2017–18 Wigan Athletic F.C. season will be a year in which the team competes in the league cup known as what for sponsorship reasons?,2017–18 Wigan Athletic F.C. season | EFL Cup,2017–18 Wigan Athletic F.C. season | 2007–08 Wigan Athletic F.C. season | 2006–07 Wigan Athletic F.C. season | 1979–80 Wigan Athletic F.C. season | List of Wigan Borough F.C. players | Springfield Park (Wigan) | 1978–79 Wigan Athletic F.C. season | Memphis Hustle | Tertiary Student Rugby League World Cup | 2011–12 QMJHL season,1,1,1.0,0,0,0.0,0.5,0.5,0.5,1.0
bm25,pooled,5ae5aba0554299546bf82f17,bridge,hard,"Which of Tara Strong major voice role in animated series is an American animated television series based on the DC Comics fictional superhero team, the ""Teen Titans""?",Tara Strong | Teen Titans Go! (TV series),Teen Titans Go! (TV series) | List of Teen Titans Go! episodes | Teen Titans (season 4) | Teen Titans: Trouble in Tokyo | Tara Strong | Tara Strong filmography | Teen Titans (season 1) | List of Teen Titans episodes | Iron Man (TV series) | List of DC Extended Universe cast members,1,1,1.0,0,1,1.0,0.5,1.0,1.0,1.0
bm25,pooled,5ae1f4cb554299234fd0436d,bridge,hard,What is the inhabitant of the city where  122nd SS-Standarte was formed in2014,122nd SS-Standarte | Strasbourg,"122nd SS-Standarte | 122nd Hydroplane Liaison Squadron | 122nd Division (Imperial Japanese Army) | 122nd Infantry Regiment (United States) | 122d Fighter Squadron | Covington, Tennessee | Ogallala, Nebraska | Chernivtsi | 122nd Ohio Infantry | Marion, Arkansas",1,1,1.0,0,0,0.0,0.5,0.5,0.5,1.0
bm25,pooled,5ae7e1fc55429952e35ea9cc,bridge,hard,What color clothing do people of the Netherlands wear during Oranjegekte or to celebrate the national holiday Koningsdag? ,Koningsdag | Oranjegekte,Oranjegekte | Christmas in the Basque Country | Queen's Day (disambiguation) | Jounen Kwéyòl | White Sunday | Children's Day (Japan) | HCL color space | Garifuna Settlement Day | ProPhoto RGB color space | Color space,1,1,1.0,0,0,0.0,0.5,0.5,0.5,1.0
bm25,pooled,5ae37c765542992f92d822d4,bridge,hard,"What was the name of the 1996 loose adaptation of William Shakespeare's ""Romeo & Juliet"" written by James Gunn?",James Gunn | Tromeo and Juliet,Tromeo and Juliet | Romeo × Juliet | The Tragedy of Romeo and Juliet (film) | Romeo + Juliet | List of Romeo × Juliet episodes | Romeo and Juliet on screen | Romeo | Macbeth | Romeo and Juliet (1954 film) | Juliet,1,1,1.0,0,0,0.0,0.5,0.5,0.5,1.0
bm25,pooled,5ae33c4d5542992f92d82262,bridge,hard,Robert Suettinger was the national intelligence officer under which former Governor of Arkansas?,Bill Clinton | Robert Suettinger,Robert Suettinger | Director of the Defense Intelligence Agency | National Intelligence Cross | National Intelligence Medal of Achievement | National Intelligence Reform Medal | Ground Intelligence Officer | National Intelligence Board | National Intelligence Estimate | National Intelligence Superior Service Medal | Wolf Junge,1,1,1.0,0,0,0.0,0.5,0.5,0.5,1.0
bm25,pooled,5a77cb335542997042120b3a,bridge,hard,What American professional Hawaiian surfer born 18 October 1992 won the Rip Curl Pro Portugal?,John John Florence | MEO Rip Curl Pro Portugal,MEO Rip Curl Pro Portugal | Andy Irons | John John Florence | Coco Ho | Moche Rip Curl Pro Portugal 2015 | Moche Rip Curl Pro Portugal 2014 | MEO Rip Curl Pro Portugal 2017 | MEO Rip Curl Pro Portugal 2016 | Barton Lynch | Supertubos,1,1,1.0,0,1,1.0,0.5,1.0,1.0,1.0
bm25,pooled,5a8979f4554299669944a52e,bridge,hard,What is the middle name of the actress who plays Bobbi Bacha in Suburban Madness?,Bobbi Bacha | Sela Ward,Bobbi Bacha | Suburban Madness | Chris Funk | Livesey Hall War Memorial | Middle name | My Family (series 1) | Penny (The Big Bang Theory) | Kingdom of Northumbria | Exchange Ilford | ŠNK Radgona,1,1,1.0,0,0,0.0,0.5,0.5,0.5,1.0
bm25,pooled,5a713ea95542994082a3e6e4,bridge,hard,Alvaro Mexia had a diplomatic mission with which tribe of indigenous people?,Alvaro Mexia | Indigenous peoples of Florida,"Alvaro Mexia | Diplomatic mission | Head of mission | High Commission of Australia, London | Embassy of the United States, Nairobi | United States Mission to the European Union | Diplomatic bag | Embassy of China, London | List of diplomatic missions of Azerbaijan | Seminole Nation of Oklahoma",1,1,1.0,0,0,0.0,0.5,0.5,0.5,1.0
bm25,pooled,5a78bd9b554299078472774a,bridge,hard,What nationality were social anthropologists Alfred Gell and Edmund Leach?,Alfred Gell | Edmund Leach,Alfred Gell | Association of Social Anthropologists | Network Analysis and Ethnographic Problems | Edmund Leach | Coral Gardens and Their Magic | Edmund Sharpe | Health services research | Muted group theory | La Belle Américaine | British Journal of Social Psychology,1,1,1.0,0,1,1.0,0.5,1.0,1.0,1.0
bm25,pooled,5a7625e8554299109176e66a,bridge,hard,In which year was the King who made the 1925 Birthday Honours born?,1925 Birthday Honours | George V,"1925 Birthday Honours | 1951 Birthday Honours | Birthday Honours | 1965 Birthday Honours | 2016 Birthday Honours | 2015 Birthday Honours | 2014 Birthday Honours | 2013 Birthday Honours | 2017 Birthday Honours | Godwin, Earl of Wessex",1,1,1.0,0,0,0.0,0.5,0.5,0.5,1.0
bm25,pooled,5ae2dd2055429928c423950d,bridge,hard,"What is the county seat of the county where East Lempster, New Hampshire is located?","East Lempster, New Hampshire | Sullivan County, New Hampshire","Hampden County, Massachusetts | Steven D. Smith | Amherst, Massachusetts | Sullivan County, New Hampshire | Dover, New Hampshire | Keith County, Nebraska | Carroll County, New Hampshire | Oldham County, Kentucky | Brown County, Kansas | Casey County, Kentucky",0,1,1.0,0,0,0.0,0.0,0.5,0.5,0.25
bm25,pooled,5abdf12255429976d4830a2f,bridge,hard,The Album Against the Wind was the 11th Album of a Rock singer Robert C Seger born may 6 1945. What was the Rock singers stage name ?,Against the Wind (album) | Bob Seger,Against the Wind (album) | Stranger in Town (album) | Heaven Knows (Robert Plant song) | Ride Out (album) | Freudiana | Gary Cherone | Crackers: The Christmas Party Album | Bob Seger | In It to Win It (Saliva album) | Osc-Dis,1,1,1.0,0,0,1.0,0.5,0.5,1.0,1.0
bm25,pooled,5a88658955429938390d3f47,bridge,hard,Rostker v. Goldberg held that the practice of what way of filling armed forces vacancies was consitutional?,Conscription in the United States | Rostker v. Goldberg,"Rostker v. Goldberg | Fernando Tapias Stahelin | 2010 Kiev Victory Day Parade | Conscription in the United States | Armed Forces Day (Poland) | Chief of the Defence Staff (Canada) | September 16 military parade | Armed Forces Covenant | One Rank, One Pension | United States v. Paramount Pictures, Inc.",1,1,1.0,0,1,1.0,0.5,1.0,1.0,1.0
bm25,pooled,5a86ebac55429960ec39b6d6,bridge,hard,"Handi-Snacks are a snack food product line sold by what American multinational confectionery, food, and beverage company that is based in Illinois?",Handi-Snacks | Mondelez International,Handi-Snacks | Mondelez International | PepsiCo | Robert's American Gourmet Food | Canyon Creek Food Company | Snack Foods Limited | Deep-fried peanuts | Rewrapped | Snackbox Food Holdings | Twisties,1,1,1.0,1,1,1.0,1.0,1.0,1.0,1.0
bm25,pooled,5aba5d2e55429901930fa799,bridge,hard,"What was the name of a woman from the book titled ""Their Lives: The Women Targeted by the Clinton Machine "" and was also a former white house intern?",Monica Lewinsky | Their Lives,"Their Lives | The White House Doctor | Lewinsky scandal | The Chessels | True Love (book) | Savage's Station, Virginia | Gregory B. Craig | Eric Schultz | Summer of the Monkeys | Sheila Cavanagh",1,1,1.0,0,0,0.0,0.5,0.5,0.5,1.0
bm25,pooled,5ae5736e5542990ba0bbb2b3,bridge,hard,"When was the American lawyer, lobbyist and political consultant who was a senior member of the presidential campaign of Donald Trump born?",Paul Manafort | Trump campaign–Russian meeting,"Donald Trump presidential campaign, 2000 | Trump campaign–Russian meeting | Brad Parscale | David Urban | Paul Manafort | Donald Trump (Last Week Tonight) | Immigration policy of Donald Trump | Donald Trump in music | United States presidential election, 2016 | Shomwa Shamapande",1,1,1.0,0,1,1.0,0.5,1.0,1.0,0.5
bm25,pooled,5ae005b555429942ec259bec,bridge,hard,"In what year was the novel that Lourenço Mutarelli based ""Nina"" on based first published?",Crime and Punishment | Lourenço Mutarelli,Lourenço Mutarelli | Quando Eu Era Vivo | Drained | Before We Say Goodbye | Lego Knights' Kingdom | Bridge to Terabithia (1985 film) | Devil in the Flesh (1998 film) | The Rivals for Catan | &quot;J&quot; Is for Judgment | 2012 Major League Baseball All-Star Game,1,1,1.0,0,0,0.0,0.5,0.5,0.5,1.0
bm25,pooled,5a7759fc5542993569682d60,comparison,hard,Where are Teide National Park and Garajonay National Park located?,Garajonay National Park | Teide National Park,Teide National Park | Adenocarpus viscosus | Garajonay National Park | Alpine National Park | Crater Lake National Park | North Cascades National Park | Glacier National Park Fund | Hermigua | Blackstone River and Canal Heritage State Park | Roque Cinchado,1,1,1.0,0,1,1.0,0.5,1.0,1.0,1.0
bm25,pooled,5a835478554299123d8c20ed,bridge,hard,How many copies of Roald Dahl's variation on a popular anecdote sold?,Mrs. Bixby and the Colonel's Coat | Roald Dahl,Mrs. Bixby and the Colonel's Coat | The Best of Roald Dahl | The Collected Short Stories of Roald Dahl | Roald Dahl's Willy Wonka (musical) | Roald Dahl: Collected Stories | Roald Dahl Children's Gallery | Roald Dahl Plass | Roald Dahl | Roald Dahl short stories bibliography | Cosmological interpretation of quantum mechanics,1,1,1.0,0,0,1.0,0.5,0.5,1.0,1.0
bm25,pooled,5aba749055429901930fa7d8,comparison,hard,What occupation do Chris Menges and Aram Avakian share?,Aram Avakian | Chris Menges,End of the Road (1970 film) | Aram Avakian | Cops and Robbers (1973 film) | Chris Menges | CrissCross | Ground Intelligence Officer | The Nerdist Podcast | 11 Harrowhouse | Latvian name | Chris McKay,1,1,1.0,0,1,1.0,0.5,1.0,1.0,0.5
bm25,pooled,5abfb3425542990832d3a1c0,bridge,hard,Andrew Jaspan was the co-founder of what not-for-profit media outlet?,Andrew Jaspan | The Conversation (website),Andrew Jaspan | Jonathan Michael Ansell | Lisa Brennan-Jobs | The Conversation (website) | Chicago Public Media | Vatican leaks scandal | Dana Shires | Andrew Murray (Guyanese boxer) | Mark Ciardi | Claire Liddell,1,1,1.0,0,1,1.0,0.5,1.0,1.0,1.0
bm25,pooled,5ac3165c5542995ef918c10a,bridge,hard,Which American film director hosted the 18th Independent Spirit Awards in 2002?,18th Independent Spirit Awards | John Waters,28th Independent Spirit Awards | Independent Spirit Award for Best Cinematography | Independent Spirit Award for Best Editing | 32nd Independent Spirit Awards | 18th Independent Spirit Awards | Independent Spirit Awards | Independent Spirit Award for Best First Feature | Sebastián Mantilla | Mihai Mălaimare Jr. | 2003 Kids' Choice Awards,0,1,1.0,0,0,0.0,0.0,0.5,0.5,0.2
bm25,pooled,5ae53b545542990ba0bbb23c,bridge,hard,Where does the hotel and casino located in which Bill Cosby's third album was recorded?,Flamingo Las Vegas | Why Is There Air?,Why Is There Air? | Westgate Las Vegas Resort &amp; Casino | Flamingo Las Vegas | Tropicana – Las Vegas Boulevard intersection | Las Vegas Festival Grounds | 2012 Ms. Olympia | 2010 Ms. Olympia | 2011 Ms. Olympia | Bill's Best Friend | Hikky Burr,1,1,1.0,0,1,1.0,0.5,1.0,1.0,1.0
bm25,pooled,5ae224da554299234fd043ee,comparison,hard,Do the drinks Gibson and Zurracapote both contain gin?,Gibson (cocktail) | Zurracapote,Gibson (cocktail) | Rubicon Drinks | Energy shot | List of soft drinks by country | Soft drink | Flaming beverage | CytoSport | Zurracapote | Sally Gibson | Ajugeae,1,1,1.0,0,0,1.0,0.5,0.5,1.0,1.0
bm25,pooled,5ae2b770554299495565db0f,bridge,hard,"In what month is the annual documentary film festival, that is presented by the fortnightly published British journal of literary essays, held? ",London International Documentary Festival | London Review of Books,London International Documentary Festival | Chagrin Documentary Film Festival | London Review of Books | New Haven Documentary Film Festival | Crime and Punishment | British Journal of Social Psychology | 12th Youth in Film Awards | Journal of Thoracic Disease | British University Hurling Championship | The Day the Universe Changed,1,1,1.0,0,1,1.0,0.5,1.0,1.0,1.0
bm25,pooled,5a80b3a9554299485f5986cc,bridge,hard,Tysons Galleria is located in what county?,"McLean, Virginia | Tysons Galleria","Tysons Galleria | Spring Hill station | McLean station | Poughkeepsie Galleria | Cobb Galleria Centre | Tysons Corner Center | Tysons, Virginia | West McLean, Virginia | McLean, Virginia | Scott's Run Nature Preserve",1,1,1.0,0,0,1.0,0.5,0.5,1.0,1.0
bm25,pooled,5a8e0a005542995085b373a1,bridge,hard,Bordan Tkachuk was the CEO of a company that provides what sort of products?,Bordan Tkachuk | Viglen,Bordan Tkachuk | Jonathan Michael Ansell | Progress Energy Inc | Canyon Creek Food Company | Cardinal Health | Terren Peizer | Oregon and Transcontinental Company | Dana Shires | BankUnited | Chasing Daylight (book),1,1,1.0,0,0,0.0,0.5,0.5,0.5,1.0
bm25,pooled,5ac1b8ee5542994d76dccedc,comparison,hard,"Which filmmaker was known for animation, Lev Yilmaz or Pamela B. Green?",Lev Yilmaz | Pamela B. Green,Pamela B. Green | Pamela B. Davis | Lev Kuleshov | AES+F | Lev Yilmaz | Pamela Gilbert | Eliezer ben Jacob I | Girl Seeks Father | The Key (1961 film) | Leucopaxillus gentianeus,1,1,1.0,0,1,1.0,0.5,1.0,1.0,1.0
bm25,pooled,5adccd795542990d50227d2c,bridge,hard,In which city is the ambassador of the Rabat-Salé-Kénitra administrative region to China based?,Moroccan Ambassador to China | Rabat,"Liaison Office (Hong Kong) | Ilocos Region | 2014 NPCSC Decision on Hong Kong | Rabat | Ashanti Region | Xiapu County | Sinuiju Special Administrative Region | Hong Kong Basic Law | Bharatpur, Rajasthan | Inner Mongolia Medical University",0,1,1.0,0,0,0.0,0.0,0.5,0.5,0.25
bm25,pooled,5a84c4135542994c784dda31,comparison,hard,Are Yingkou and Fuding the same level of city?,Fuding | Yingkou,Yingkou East Railway Station | Bayuquan Railway Station | Yingkou | Xiapu County | Asset classes | Blanket bog | Zhukaigou culture | Human Development Index | Yingkou Lanqi Airport | Roman Catholic Diocese of Yingkou,0,1,1.0,0,0,0.0,0.0,0.5,0.5,0.3333333333333333
bm25,pooled,5a85eed75542996432c5713b,bridge,hard,Where did the descendants of the group of black Indians associated with the Seminole people settle?,Black Seminoles | Mascogos,Black Seminoles | Seminole Nation of Oklahoma | Seminole | Battle of Jupiter Inlet | Mascogos | Indigenous peoples of Florida | Seminole music | Oku people (Sierra Leone) | List of members of the House of Windsor | Draining and development of the Everglades,1,1,1.0,0,1,1.0,0.5,1.0,1.0,1.0
bm25,pooled,5a774e9c55429972597f14f3,bridge,hard,David Huntsinger has worked with this gospel singer born in the month of July?,David Huntsinger | Larnelle Harris,Just as I Am (Yolanda Adams album) | Muyiwa Olarewaju | Kierra Sheard | Karen Clark Sheard | David Huntsinger | Latice Crawford | Charles Charamba | Henrik Dorsin | Merry Clayton | David S. Touretzky,0,1,1.0,0,0,0.0,0.0,0.5,0.5,0.2
bm25,pooled,5ae738f75542991bbc9761c4,bridge,hard,What year was the brother of this first round draft pick by the Washington Redskins drafted?,Boss Bailey | Champ Bailey,Jeris White | Champ Bailey | Ron Snidow | Anthony Woodson | Robin Cole | Marc Parenteau | Tom Draper | Fred Hageman | LaRon Landry | 2015–16 Colorado Buffaloes men's basketball team,1,1,1.0,0,0,0.0,0.5,0.5,0.5,0.5
bm25,pooled,5ac32b565542995ef918c154,bridge,hard,Where is the stadium at which 1964 Georgia Tech Yellow Jackets football team played their home game located? ,1964 Georgia Tech Yellow Jackets football team | Bobby Dodd Stadium,1964 Georgia Tech Yellow Jackets football team | 1988 Georgia Tech Yellow Jackets football team | 1953 Georgia Tech Yellow Jackets football team | 1987 Georgia Tech Yellow Jackets football team | 1980 Georgia Tech Yellow Jackets football team | Georgia Tech Yellow Jackets football | 1959 Georgia Tech Yellow Jackets football team | Bobby Dodd Stadium | Georgia Tech Yellow Jackets men's basketball | 1990 Georgia Tech Yellow Jackets football team,1,1,1.0,0,0,1.0,0.5,0.5,1.0,1.0
bm25,pooled,5abc8d75554299700f9d7900,bridge,hard,"Since 2 June 2017, The Leader of Fine Gael had been held by which Irish Fine Gael politician who has served as Taoiseach and Minister for Defence?",Leader of Fine Gael | Leo Varadkar,"Enda Kenny | Leader of Fine Gael | Leo Varadkar | Simon Coveney | Frances Fitzgerald (politician) | Liam Cosgrave | James Reilly (Irish politician) | Fine Gael leadership election, 2017 | John Bruton | Paddy O'Toole",1,1,1.0,0,1,1.0,0.5,1.0,1.0,0.5
bm25,pooled,5a8bb29b554299240d9c2089,bridge,hard,Which American film actor and dancer starred in the 1945 film Johnny Angel?,George Raft | Johnny Angel,Claudia Drake | George Raft | Steve Arbuckle | Ed Wood (film) | Johnny Angel | Christian Bale filmography | Don't Fence Me In (film) | Jenna Dewan | Treat Williams | Gone in 60 Seconds (2000 film),1,1,1.0,0,1,1.0,0.5,1.0,1.0,0.5
bm25,pooled,5ab659e355429954757d324e,bridge,hard,hree Men on a Horse is a play by a playwright born in which year ?,George Abbott | Three Men on a Horse,Three Men on a Horse | Finding the Sun | Michael Wynne (playwright) | Finn Iunker | The Zoo Story | Lean Horse Ultramarathon | Keyboard glockenspiel | Mamzer | The Chessels | Jeffrey Stanley,1,1,1.0,0,0,0.0,0.5,0.5,0.5,1.0
bm25,pooled,5a8b8b3155429949d91db5d7,bridge,hard,What type of activity does Owner earnings and Warren Buffett have in common?,Owner earnings | Warren Buffett,Owner earnings | George D. Buffett | Buffett Foundation | Warren Buffett | Susan Buffett | TaeguTec | Susan Alice Buffett | Howard Warren Buffett | Howard Graham Buffett | The Warren Buffett Way,1,1,1.0,0,1,1.0,0.5,1.0,1.0,1.0
bm25,pooled,5ae7eaf65542994a481bbe1d,bridge,hard,When was the  former Indian cricketer who made his ODI debuts during the 2000 ICC KnockOut Trophy born? ,2000 ICC KnockOut Trophy | Zaheer Khan,2000 ICC KnockOut Trophy | 2000 ICC KnockOut Trophy squads | Zaheer Khan | 1998 ICC KnockOut Trophy squads | Lindum Sports Club Ground | Guy Randall-Johnson | 1998 ICC KnockOut Trophy Final | Peter Kingston-Davey | Digswell Park | Sam Davies (cricketer),1,1,1.0,0,1,1.0,0.5,1.0,1.0,1.0
bm25,pooled,5a8c4c625542995e66a475a1,bridge,hard,"Which airplane was this Major test-flying after whom the base, that 514th Flight Test Squadron is stated at, is named?",514th Flight Test Squadron | Hill Air Force Base,514th Flight Test Squadron | 370th Flight Test Squadron | 417th Flight Test Squadron | 413th Flight Test Squadron | 339th Flight Test Squadron | 419th Flight Test Squadron | 486th Flight Test Squadron | 10th Flight Test Squadron | 415th Flight Test Flight | 410th Bombardment Squadron,1,1,1.0,0,0,0.0,0.5,0.5,0.5,1.0
bm25,pooled,5a818387554299260e20a291,bridge,hard,"Based on a True Story... is an album by which country music star, with the single My Eyes?",Based on a True Story... | My Eyes (Blake Shelton song),Based on a True Story... | Christy Sutherland | Stranger in the House (song) | My Eyes (Blake Shelton song) | Billy Ray Cyrus discography | Heaven Bound (I'm Ready) | Still Restless | Baby Girl (Sugarland song) | Chattahoochee (song) | Stay (Sugarland song),1,1,1.0,0,1,1.0,0.5,1.0,1.0,1.0
bm25,pooled,5ab978855542996be2020512,bridge,hard,"Over how many centuries were the ""dwelling place of the dead"" built?",Flaming Feather | Montezuma Castle National Monument,Flaming Feather | Origins of the Sri Lankan civil war | Jane Marcus | Tabernacle | Kingdom of the Isles | List of rulers of the Kingdom of the Isles | The Hork-Bajir Chronicles | Proto-Norse language | Home Dead (album) | List of oldest synagogues,1,1,1.0,0,0,0.0,0.5,0.5,0.5,1.0
bm25,pooled,5ae63dad55429929b0807afe,bridge,hard,"When was the British author who wrote the novel on which ""Here We Go Round the Mulberry Bush"" was based born? ",Here We Go Round the Mulberry Bush (film) | Hunter Davies,Clive Donner | Here We Go Round the Mulberry Bush (Traffic song) | Christopher Mitchell (actor) | Here We Go Round the Mulberry Bush (film) | Here We Go Round the Mulberry Bush | Roy Holder | Here We Go Round the Mulberry Bush (disambiguation) | The Wheels on the Bus | 4 a.m. (novel) | Before We Say Goodbye,0,1,1.0,0,0,0.0,0.0,0.5,0.5,0.25
bm25,pooled,5a7a455c5542994f819ef1a7,comparison,hard,"Who died first, George Archainbaud or Ralph Murphy?",George Archainbaud | Ralph Murphy,George Archainbaud | The Big Brain | Flying with Music | Thrill of a Lifetime (film) | Hoppy Serves a Writ | 1951 Birthday Honours | A Miser Brothers' Christmas | George D. Buffett | Arthur Roberts (editor) | Reagan Democrat,1,1,1.0,0,0,0.0,0.5,0.5,0.5,1.0
bm25,pooled,5a7dcc775542990b8f503ab5,bridge,hard,Which component of shellite has the formula (ON)CHOH?,Picric acid | Shellite (explosive),Conductivity near the percolation threshold | 2014 Bahrain Grand Prix | 1-Hexanol | Shellite (explosive) | Eduardo Troconis | 2009 Singapore Grand Prix | Michael James Lewis | Battle of Belleau Wood | 122nd Infantry Regiment (United States) | Picric acid,0,1,1.0,0,0,1.0,0.0,0.5,1.0,0.25
bm25,pooled,5a887bc0554299206df2b2b6,bridge,hard,The Argentine PGA Championship record holder has won how many tournaments worldwide?,Argentine PGA Championship | Roberto De Vicenzo,Argentine PGA Championship | Middle Atlantic PGA Championship | Northern California PGA Championship | 2000 PGA Championship | 1939 PGA Championship | 1977 PGA Championship | 1940 PGA Championship | 2018 PGA Championship | 2006 PGA Championship | Roberto De Vicenzo,1,1,1.0,0,0,1.0,0.5,0.5,1.0,1.0
bm25,pooled,5a83880e554299123d8c214e,bridge,hard,Suicide's 1977 released album features a song based on what brand's comic character?,Ghost Rider (Suicide song) | Suicide (1977 album),Deadwood (song) | A Boy in a Man's World | Perfect Day (Jim Jones song) | Live at Winterland 1978 (Avengers album) | Rockin' All Over the World | Altamont Diary | Flashlight (DJ Fresh song) | Chattahoochee (song) | A Week of Garfield | Impossible Dream,0,0,0.0,0,0,0.0,0.0,0.0,0.0,0.0
bm25,pooled,5a879adb5542996e4f30887f,bridge,hard,What other political position did the person who introduced the DISCLOSE Act hold?,Chris Van Hollen | DISCLOSE Act,DISCLOSE Act | State Secretary (Norway) | Attorney misconduct | Public Law 113-167 | Campaign finance reform in the United States | Abteilungsleiter (NSDAP) | Modernization of Investigative Techniques Act | Hannah Gale | Vice President of Panama | Petty treason,1,1,1.0,0,0,0.0,0.5,0.5,0.5,1.0
bm25,pooled,5add11935542994734353827,comparison,hard,Were the bands Skin Yard and Ostava from the U.S.?,Ostava | Skin Yard,Skin Yard (album) | Jack Endino | Skin Yard | Daniel House | Matt Cameron | Chris Hanzsek | Frank Beard (musician) | Gruntruck | Azra | The Smalls,0,1,1.0,0,0,0.0,0.0,0.5,0.5,0.3333333333333333
bm25,pooled,5a8c5569554299240d9c2126,comparison,hard,Are Daryl Hall and Gerry Marsden both musicians?,Daryl Hall | Gerry Marsden,Gerry Marsden | Don't Let the Sun Catch You Crying | Hall &amp; Oates | Daryl Hall | Did It in a Minute | Jonathan Wolfson | Janna Allen | Ferry Cross the Mersey | One on One (song) | Live from Daryl's House,1,1,1.0,0,1,1.0,0.5,1.0,1.0,1.0
bm25,pooled,5a75f0ea5542994ccc91866c,bridge,hard,What major truck road is located in Backford Cross?,A41 road | Backford Cross,"U.S. Route 19 Truck (Pittsburgh) | R509 road (Ireland) | Al Haj FAW motors | U.S. Route 287 | Backford Cross | Pureland Industrial Complex | A5117 road | Lake Louisvilla, Louisville | Strawberry Park, Cheshire | Carl B. Stokes United States Courthouse",0,1,1.0,0,0,0.0,0.0,0.5,0.5,0.2
bm25,pooled,5a89f5815542993b751ca9c5,bridge,hard,In which role did Caroline Carver played in a 1999 Hallmark Entertainment made-for-TV fantasy movie?,Caroline Carver (actress) | The Magical Legend of the Leprechauns,The Magical Legend of the Leprechauns | Snow White: The Fairest of Them All | The Boys Next Door (1996 film) | Caroline Carver (actress) | La Femme Musketeer | Peter Kingston-Davey | Snow Queen (2002 film) | 1999 Kansas City Wizards season | Barbie and the Secret Door | Nick Cordero,1,1,1.0,0,1,1.0,0.5,1.0,1.0,1.0
bm25,pooled,5a8d5fc6554299585d9e37c6,bridge,hard,"What's the name of the fantasy film starring Sarah Bolger, featuring a New England family who discover magical creatures around their estate?",Sarah Bolger | The Spiderwick Chronicles (film),The Spiderwick Chronicles (film) | Sinbad of the Seven Seas | Magic in Harry Potter | The Magical Legend of the Leprechauns | John Ridge | The Moth Diaries (film) | The Muppet Christmas Carol | Second Best (film) | Barbie and the Secret Door | The Golden Voyage of Sinbad,1,1,1.0,0,0,0.0,0.5,0.5,0.5,1.0
bm25,pooled,5ac120c55542992a796dedfc,bridge,hard,Maxeda has been owned since 2004 by which American multinational equity firm?,Kohlberg Kravis Roberts | Maxeda,Maxeda | Kohlberg Kravis Roberts | Carolina Rain | HGGC | Mekong Capital | Super Size Me 2: Holy Chicken! | St Andrews Links | Before We Say Goodbye | Twisties | Davey Tree Expert Company,1,1,1.0,1,1,1.0,1.0,1.0,1.0,1.0
bm25,pooled,5ab7c1a955429928e1fe38c8,bridge,hard,The youngest daughter of Lady Mary-Gaye Curzon stars with Douglas Smith and Lucien Laviscount  in what 2017 film?,Cressida Bonas | The Bye Bye Man,Cressida Bonas | Bottom of the World (film) | Lady Alexandra Curzon | The Bye Bye Man | Gelston Castle | Princess Olga of Hanover | Lady Antebellum | Armie Hammer | Love &amp; Friendship | Adrian Conan Doyle,1,1,1.0,0,1,1.0,0.5,1.0,1.0,1.0
bm25,pooled,5abd01205542992ac4f3819b,bridge,hard,Mummulgum is a stop on the Bruxner Highway before reaching the town on the banks of which river?,"Casino, New South Wales | Mummulgum","Mummulgum | Casino, New South Wales | Wollongbar, New South Wales | Alstonville, New South Wales | Bonshaw, New South Wales | Bruxner Highway | Fishing Lake | Tenterfield, New South Wales | Tabulam | Dimond Center",1,1,1.0,1,1,1.0,1.0,1.0,1.0,1.0
bm25,pooled,5ab69c25554299110f219a39,bridge,hard,"Which American audio engineer and clandestine chemist, who was a key figure in the San Francisco Bay Area hippie movement during the 1960s recorded the album ""Old and in the Way?""",Old and in the Way (album) | Owsley Stanley,"Owsley Stanley | Gary Arlington | Key System | Ragazzi Boys Chorus | Oakland, California | Codornices Creek | Jory Prum | San Francisco Bay Area Water Trail | Association of Bay Area Governments | Old and in the Way (album)",1,1,1.0,0,0,1.0,0.5,0.5,1.0,1.0
bm25,pooled,5a7b12a355429927d897bf2a,bridge,hard,When was the palace founded at which Columba de Dunbar died in 1435?,Columba de Dunbar | Spynie Palace,"Columba de Dunbar | Mike Dunbar | Patrick IV, Earl of March | George I, Earl of March | Bishop Dunbar's Hospital | Enrique Echeverría | Marisa Letícia Lula da Silva | William T. Van de Graaff | George II, Earl of March | Armand Castelmary",1,1,1.0,0,0,0.0,0.5,0.5,0.5,1.0
bm25,pooled,5ae0006755429925eb1afbd3,bridge,hard,"Where is the Bubblegum Alley, that is similar to Gum Wall, located in California?","Gum Wall | San Luis Obispo, California",Gum Wall | Ouch! (gum) | Bubblegum Alley | Old US 67 Rest Area | Lower Louviers and Chicken Alley | Dras War Memorial | The House of Tiny Tearaways | Udaka vadya | Digital Media Factory | Middle name,1,1,1.0,0,0,0.0,0.5,0.5,0.5,1.0
bm25,pooled,5ae305df5542992decbdcdc3,bridge,hard,"At what venue was the January 2, 2012 game featured the University of Louisville team?",2012 Louisville Cardinals football team | 2013 Sugar Bowl,2013 Sugar Bowl | 2008 Fiesta Bowl | 1989 Cotton Bowl Classic | 1989 Fiesta Bowl | 2012 Louisville Cardinals football team | Parkway Field | 1943 NAIA Division I Men's Basketball Tournament | 1956 NAIA Division I Men's Basketball Tournament | 2012 Major League Baseball All-Star Game | 60th National Hockey League All-Star Game,1,1,1.0,0,1,1.0,0.5,1.0,1.0,1.0
bm25,pooled,5a8574945542997b5ce3fffb,comparison,hard,"Which film was Oscar nominated, LaLee's Kin: The Legacy of Cotton or Gimme Shelter, the 1970 Rolling Stones documentary?",Gimme Shelter (1970 film) | LaLee's Kin: The Legacy of Cotton,LaLee's Kin: The Legacy of Cotton | Gimme Shelter (1970 film) | Altamont Diary | Baird Bryant | Gimme Shelter (album) | Battle of Stones River | Bolton | Howard Barish | Keith Richards | Stanton Y. Hill,1,1,1.0,1,1,1.0,1.0,1.0,1.0,1.0
bm25,pooled,5a7332935542991f9a20c67d,comparison,hard,"Which board game was published most recently, Pirate's Cove or Catan?",Catan | Pirate's Cove,Pirate's Cove | Poleconomy | The Kids of Catan | Catan Dice Game | Struggle for Rome (board game) | Catan | Hey Pa! There's a Goat on the Roof | Robert's American Gourmet Food | Kill Doctor Lucky | The Rivals for Catan,1,1,1.0,0,0,1.0,0.5,0.5,1.0,1.0
bm25,pooled,5a80071f5542992bc0c4a684,bridge,hard,Alice David is the voice of Lara Croft in a video game developed by which company ?,Alice David | Tomb Raider (2013 video game),Alice David | Lara Croft and the Temple of Osiris | Lara Croft Go | Tomb Raider III | Lara Croft | Lara Croft and the Guardian of Light | List of Tomb Raider media | Lara Croft: Tomb Raider | Call of Duty 4: Modern Warfare | Final Fantasy VII: Advent Children,1,1,1.0,0,0,0.0,0.5,0.5,0.5,1.0
bm25,pooled,5ae73c065542991e8301cc18,bridge,hard,"Which Eminem album included vocals from a singer who had an album titled ""Unapologetic""?",Numb (Rihanna song) | The Monster (song),Under Your Skin (album) | The Monster (song) | List of songs recorded by Ellie Goulding | List of Billboard 200 number-one albums of 2002 | Boots (album) | Drop the World | Barbara Higbie | Encore (Eminem song) | Numb (Rihanna song) | List of songs recorded by Lali Espósito,1,1,1.0,0,0,1.0,0.5,0.5,1.0,0.5
bm25,pooled,5a87d8215542994775f60800,bridge,hard,"This American crime film set in South Los Angeles was written and directed by the same director and writer of screenwriter of ""Street Kings"", ""End of Watch"", ""Sabotage"", ""Fury"" and what other film? ",David Ayer | Harsh Times,David Ayer | South of 8 | End of Watch | Julien Nitzberg | Harsh Times | Out of Sight | R-Point | Brett C. Leonard | City of Angels (film) | The Spiderwick Chronicles (film),1,1,1.0,0,1,1.0,0.5,1.0,1.0,1.0
bm25,pooled,5ac2ffbd554299677310267b,bridge,hard,SuperMansion starred the actress who had a recurring role as whom on Workaholics?,Jillian Bell | SuperMansion,Jo Marie Payton | Jenna Dewan | Hilarie Burton | Mitch Pileggi | Helen Modern | Jeff Hephner | Mamie Gummer | John Amos | Laura Osnes | John Pappas,0,0,0.0,0,0,0.0,0.0,0.0,0.0,0.0
bm25,pooled,5a7c960655429935c91b5244,bridge,hard,"The 1974 Texas Tech Raiders football team represented what public research university in Lubbock, Texas?",1974 Texas Tech Red Raiders football team | Texas Tech University,2013 Texas Tech Red Raiders football team | 2016 Texas Tech Red Raiders football team | 2014 Texas Tech Red Raiders football team | 2015 Texas Tech Red Raiders football team | 2009 Texas Tech Red Raiders football team | 2012 Texas Tech Red Raiders football team | 1974 Texas Tech Red Raiders football team | 1986 Texas Tech Red Raiders football team | Texas Tech University | Texas A&amp;M–Texas Tech football rivalry,0,0,1.0,0,0,1.0,0.0,0.0,1.0,0.14285714285714285
bm25,pooled,5a7d61775542991319bc93b9,bridge,hard,"During Siege of Bharatpur, which Commander-in-Chief of Ireland and Commander-in-Chief of India contributed to the storming of the castle?","Siege of Bharatpur | Stapleton Cotton, 1st Viscount Combermere","Commander-in-Chief, India | Claude Auchinleck | Siege of Bharatpur (1805) | Asiatic-Pacific Theater | Fort Diu | Catholic Church in Ireland | Dras War Memorial | Leinster | 1st Virginia Regiment | Vishvendra Singh",0,0,0.0,0,0,0.0,0.0,0.0,0.0,0.0
bm25,pooled,5ac1c6805542994ab5c67e11,bridge,hard,For what type of work is the production company for The Year Without a Santa Claus best known?,Rankin/Bass Productions | The Year Without a Santa Claus,The Year Without a Santa Claus (2006 film) | The Year Without a Santa Claus | Larry Wilson (screenwriter) | Santa's Workshop (Colorado) | Santa Claus in film | Santa Claus Is a Black Man | A Miser Brothers' Christmas | New Scandinavian Cooking | Jonathan Meath | Type I Rifle,1,1,1.0,0,0,0.0,0.5,0.5,0.5,0.5
bm25,pooled,5a7a230e5542996a35c170ee,bridge,hard,"What year was the film that starred the composer for ""The Naked Brothers Band""?",Nat Wolff | The Fault in Our Stars (film),Nat Wolff | The Naked Brothers Band (album) | The Premiere (film) | Nat and Alex Wolff | I Don't Want to Go to School | The Naked Brothers Band: Music from the Movie | Operation Mojo | Alex Wolff | Mystery Girl (film) | Christus Apollo,1,1,1.0,0,0,0.0,0.5,0.5,0.5,1.0
bm25,pooled,5ae4627d5542991a06ce9a4d,bridge,hard,The author of Sexual Politics attended which British University?,Kate Millett | Sexual Politics,Contract with the World | Carol J. Adams | Susie Bright | The Assault on Truth | Sexual Politics | Au Pairs (band) | Hunter Davies | Masters and Johnson | Patterns of Sexual Behavior | Shannon Bell,0,1,1.0,0,0,0.0,0.0,0.5,0.5,0.2
bm25,pooled,5ac2d1d755429921a00ab053,comparison,hard,"Who had the best singles ranking, Roberta Vinci or Jorge Lozano?",Jorge Lozano | Roberta Vinci,2011 Barcelona Ladies Open – Doubles | 2015 Wimbledon Championships – Women's Doubles | Flavia Pennetta | 2015 Rogers Cup – Women's Doubles | Roberta Vinci | Nico Pandiani | Marta Domachowska | Sandra Reynolds | Rory Attwell | Aquarium (Aqua album),0,1,1.0,0,0,0.0,0.0,0.5,0.5,0.2
bm25,pooled,5ab4e3065542990594ba9cb4,bridge,hard,Both Truth in Science and Discovery embrace what campaign?,Discovery Institute | Truth in Science,Discovery Museum and Planetarium | Truth in Science | Discovery Networks Benelux | David S. Touretzky | Truth Initiative | I Am... Gabriel | Health services research | Andre Norton Award | Discovery Institute | Enrico Fermi,1,1,1.0,0,0,1.0,0.5,0.5,1.0,0.5
bm25,pooled,5ac298f9554299657fa28fc9,comparison,hard,"Josey Scott and Ian Watkins were both promising musicians. Which of these talented men was incarcerated, impacting his career with a rock band?",Ian Watkins (Lostprophets) | Josey Scott,Ian Watkins (Lostprophets) | Josey Scott | Calvin Tyler Scott | Ted Plumb | Horace Bumstead | Lostprophets | Scott Christian College | Ender's Game (series) | 2017 US Open Series | 2013 US Open Series,1,1,1.0,1,1,1.0,1.0,1.0,1.0,1.0
bm25,pooled,5ab6a2be554299710c8d1f08,bridge,hard,The movies Queen of Blood and Battle Beyond the Sun both contained scenes from what 1959 Soviet feature?,Battle Beyond the Sun | Queen of Blood,Battle Beyond the Sun | Queen of Blood | I Was a Satellite of the Sun | Battle of Calabria | Battle Beyond the Stars | Battle of Stones River | Mikhail Gorbachev | Ethiopia–Japan relations | David Waksberg | Arizona State Sun Devils football,1,1,1.0,1,1,1.0,1.0,1.0,1.0,1.0
bm25,pooled,5a738d27554299623ed4abf3,bridge,hard,"Who was born first, Erika Jayne or Marco Da Silva",Erika Jayne | Marco Da Silva (dancer),"Marquinhos (footballer, born June 1989) | Marco Da Silva (dancer) | Marco da Silva (French footballer) | Café (musician) | Emílio da Silva | Viscount of Cardoso da Silva | José Graziano da Silva | Erika Jayne | Fortaleza Metro | Marisa Letícia Lula da Silva",1,1,1.0,0,0,1.0,0.5,0.5,1.0,0.5
bm25,pooled,5ab2a186554299295394677b,bridge,hard,"When did the English local newspaper, featuring the sculpture and war memorial in the Forbury gardens, change names?",Maiwand Lion | Reading Post,"Maiwand Lion | Tower Hill Memorial | Manchester Cenotaph | The Forbury Hotel | Spalding War Memorial | Vietnam War Memorial, Hanoi | York City War Memorial | Devon County War Memorial | Freetown Memorial | Portsmouth Naval Memorial",1,1,1.0,0,0,0.0,0.5,0.5,0.5,1.0
bm25,pooled,5a8704f8554299211dda2ba4,bridge,hard,What is the name of the Isles who were led by Aonghus Mór and covered a total land area of over 8300 km2?,Aonghus Mór | Kingdom of the Isles,Aonghus Mór | Kingdom of the Isles | List of rulers of the Kingdom of the Isles | List of islands of Tasmania | Jaluit Atoll | Ashanti Region | Geography of the Philippines | Protected areas of Himachal Pradesh | Tenerife | Memphis metropolitan area,1,1,1.0,1,1,1.0,1.0,1.0,1.0,1.0
bm25,pooled,5ab5ed505542997d4ad1f255,bridge,hard,"Who is Bruce Spizer an expert on, known as the most influential act of the rock era?",Bruce Spizer | The Beatles,Bruce Spizer | Cultural impact of the Beatles | Claudio Fernández-Aráoz | The Beatles | Marsha Albert | Kimberly Young | Sid Vicious | Azra | Cargo Records (Canada) | Mark Britten,1,1,1.0,0,1,1.0,0.5,1.0,1.0,1.0
bm25,pooled,5a77c1505542997042120b1b,bridge,hard,"Which song was behind the third single on the album  ""A Lot About Livin' (And a Little 'bout Love)"" for two weeks on the country charts?",Chattahoochee (song) | We'll Burn That Bridge,Chattahoochee (song) | She's Got the Rhythm (And I Got the Blues) | Tonight I Climbed the Wall | (Who Says) You Can't Have It All | A Lot About Livin' (And a Little 'bout Love) | Alan Jackson albums discography | High Lonesome (Randy Travis album) | Holler Back | Steers &amp; Stripes | Stay (Sugarland song),1,1,1.0,0,0,0.0,0.5,0.5,0.5,1.0
bm25,pooled,5a88d745554299206df2b378,comparison,hard,What occupation was shared by David Yates and Pietro Germi?,David Yates | Pietro Germi,David Yates | Divorce Italian Style | The Family Man | Black 13 | Cineriz | The Testimony (1946 film) | Treehouse (game) | Brother from Another Series | Lipstick (1960 film) | Live! The Last Concert,1,1,1.0,0,0,0.0,0.5,0.5,0.5,1.0
bm25,pooled,5ae748d1554299572ea547b0,bridge,hard,"Marcus Wayne Garland spent nine seasons with an American professional baseball team that is based in Baltimore, Maryland, and was one of the AMerican League's original eight charter franchises when the league was established in what year?",Baltimore Orioles | Wayne Garland,Baltimore Orioles | List of Detroit Tigers managers | Wayne Garland | Boston Red Sox | History of the Cleveland Indians | History of the Washington Senators (1901–60) | History of the Minnesota Twins | List of Atlanta Braves managers | Detroit Tigers | Chick Shorten,1,1,1.0,0,1,1.0,0.5,1.0,1.0,1.0
bm25,pooled,5a7a8a9c554299042af8f666,bridge,hard,The lamp used in many lighthouses is similiar to this type of lamp patented in 1780 by Aimé Argand?,Argand lamp | Lewis lamp,Lewis lamp | Carbon button lamp | Argand lamp | Hollow-cathode lamp | Glow switch starter | Hefner lamp | Kerosene lamp | Kudlik | Ratafia | Bitter electromagnet,1,1,1.0,0,1,1.0,0.5,1.0,1.0,1.0
bm25,pooled,5adffe7155429906c02daa9e,bridge,hard,"The songs from the sountrack to ""When Harry Met Sally"" are performed by a singer that has had how many top 20 US albums?",Harry Connick Jr. | When Harry Met Sally... (soundtrack),When Harry Met Sally... (soundtrack) | Dumb and Dumberer: When Harry Met Lloyd | When Harry Met Sally... | What's So Different? | The Boy Next Door (album) | Gretchen Palmer | Golden Gate University School of Law | Nora Ephron | The Twenty-fifth Anniversary Anthology | No Plan (EP),1,1,1.0,0,0,0.0,0.5,0.5,0.5,1.0
bm25,pooled,5ab642845542995eadeeff8e,comparison,hard,Are Broughtonia and Laeliocattleya both orchids?,Broughtonia | Laeliocattleya,Laeliocattleya | Broughtonia | Broughtonia sanguinea | Junior school | Patty and Selma | Ethiopia–Japan relations | Cultural Property (Japan) | Pasek and Paul | Deep-fried peanuts | Libocedrus,1,1,1.0,1,1,1.0,1.0,1.0,1.0,1.0
bm25,pooled,5a906a685542990a9849362e,bridge,hard,Where was the world cup hosted that Algeria qualified for the first time into the round of 16?,2014 FIFA World Cup | Algeria at the FIFA World Cup,Algeria at the FIFA World Cup | 1968–69 in Belgian football | 1991 Rugby World Cup | Switzerland women's national football team | 2002 FIFA World Cup | Ukraine national football team | Orvar Bergmark | 2015 Cricket World Cup opening ceremony | 2016 Toyota Grand Prix of Long Beach | 2014 FIFA World Cup,1,1,1.0,0,0,1.0,0.5,0.5,1.0,1.0
bm25,pooled,5a7633ad5542992db9473741,comparison,hard,"Which was fought earlier in our nation's history, the Seven Days Battles or the Battle of Manila?",Battle of Manila (1945) | Seven Days Battles,Seven Days Union order of battle | Seven Days Confederate order of battle | Battle of Port Republic | Battle of Cross Keys | Northern Virginia Campaign | Seven Days Battles | Battle of Malvern Hill | Battle of Stones River | Battle of Calabria | Battle of Blue Licks,0,0,1.0,0,0,0.0,0.0,0.0,0.5,0.16666666666666666
bm25,pooled,5a74ce9655429974ef308c6c,bridge,hard,"What retailer in ABQ Uptown is headquarted in Poole, Dorset, United Kingdom?",ABQ Uptown | Lush (company),Lush (company) | Fire Radio | ABQ Uptown | Viscount Trenchard | Viscount Wimborne | Lithia Motors | Poole Methodist Church | Canford Cliffs | Spirit Halloween | Baron de Mauley,1,1,1.0,0,1,1.0,0.5,1.0,1.0,1.0
bm25,pooled,5a713a5a5542994082a3e6a9,bridge,hard,What football club plays in the area between the old tool gates: Brook Bar and Trafford bar?,"Manchester United F.C. in European football | Old Trafford, Greater Manchester","Old Trafford, Greater Manchester | Gorse Hill | Aquinas Old Collegians Football Club | Salford City F.C. | Manchester United F.C. | Trafford Bar tram stop | Sport &amp; Leisure Swifts F.C. | Portstewart F.C. | Maxine's Tap Room | Old Frisian",1,1,1.0,0,0,0.0,0.5,0.5,0.5,1.0
bm25,pooled,5ab341f755429969a97a8114,bridge,hard,"The song ""Chim Chim Cher-ee"" can be heard  in the ""Mary Poppins"" scene of a Disney ride that debuted in what year?",Chim Chim Cher-ee | The Great Movie Ride,Chim Chim Cher-ee | My Kind of Town | Mary Poppins (song) | The Sword in the Stone (film) | The Wonderful Thing About Tiggers | The Great Movie Ride | Something There | Mary Poppins Opens the Door | I Love to Laugh | Wishing Stairs,1,1,1.0,0,0,1.0,0.5,0.5,1.0,1.0
bm25,pooled,5a8325b35542990548d0b18f,bridge,hard,"Who held the record for the longest service in the Australian Parliament for a woman, and was surpassed by  a former Australian politician who was the 29th Speaker of the House of Representatives?",Bronwyn Bishop | Kathy Sullivan (Australian politician),"Kathy Sullivan (Australian politician) | Bronwyn Bishop | Philip Ruddock | Peter Blacker | Dean of the House (Canada) | Glasgow North East by-election, 2009 | Bob Debus | Mehmet Tillem | Ben Roberts-Smith | Baron de Mauley",1,1,1.0,1,1,1.0,1.0,1.0,1.0,1.0
bm25,pooled,5ab9374b554299131ca422c6,bridge,hard,"Which man who presented the Australia 2022 FIFA World Cup bid was born on October 22, 1930?",Australia 2022 FIFA World Cup bid | Frank Lowy,Australia 2022 FIFA World Cup bid | Qatar 2022 FIFA World Cup bid | South Korea 2022 FIFA World Cup bid | Japan 2022 FIFA World Cup bid | 2018 and 2022 FIFA World Cup bids | United States 2022 FIFA World Cup bid | Russia 2018 FIFA World Cup bid | Indonesia 2022 FIFA World Cup bid | Morocco 2026 FIFA World Cup bid | 2002 FIFA World Cup,1,1,1.0,0,0,0.0,0.5,0.5,0.5,1.0
bm25,pooled,5ae52c0f5542992663a4f12e,bridge,hard,What major city is the Faith Lutheran Middle School and High School located by?,"Faith Lutheran Middle School &amp; High School | Summerlin, Nevada","Faith Lutheran Middle School &amp; High School | Lutheran High School (La Verne, California) | Faith Lutheran High School | Paso Robles High School | Faith Lutheran College, Redlands | Vernon Fox | Sullivan East High School | Mentor High School | Fremont School District 79 | Port Charlotte High School",1,1,1.0,0,0,0.0,0.5,0.5,0.5,1.0
bm25,pooled,5adbfbd555429947ff173893,bridge,hard,What British singer-songwriter hosted the 16th Annual Young Hollywood Awards?,2014 Young Hollywood Awards | Kelly Osbourne,2014 Young Hollywood Awards | Maureen Dragone | 2013 Young Hollywood Awards | 2003 Kids' Choice Awards | The Young Ones (video game) | Puerto Roc Records | Young Hollywood Awards | 12th Youth in Film Awards | Penske Media Corporation | 28th Independent Spirit Awards,1,1,1.0,0,0,0.0,0.5,0.5,0.5,1.0
bm25,pooled,5ab7f0015542992aa3b8c88b,bridge,hard,Who did the Star and Dagger bass player marry?,Sean Yseult | Supagroup,Double Dagger | Rodney Slatford | Winnebago Deal | Dave Meros | Daniel Talia | Sean Yseult | Even Steven Levee | Jerry Lucas | Didi Beck | AFL Rising Star,0,0,1.0,0,0,0.0,0.0,0.0,0.5,0.16666666666666666
bm25,pooled,5ac547525542993e66e822a3,bridge,hard,"In 2017, what was 3/4th of the organization that also has a Center for Veterinary Medicine as well as part of the U.S. Department of Health and Human Services, spent on?",Food and Drug Administration | Melarsomine,"Food and Drug Administration | Center for Pan Asian Community Services, Inc. | Oyewale Tomori | Supporting Healthy Marriage Project | United States Public Health Service | Office of Population Affairs | Guelph Community Health Centre | Kripalu Center | Health services research | California Center for Public Health Advocacy",1,1,1.0,0,0,0.0,0.5,0.5,0.5,1.0
bm25,pooled,5a7cbf8c554299452d57b9f4,comparison,hard,"Which came out first, Dinosaur or McFarland, USA","Dinosaur (film) | McFarland, USA","McFarland, USA | Dinosaur behavior | Andlang | House of Capet | Tara Conner | Silene latifolia | Miss American Beauty 1963 | Xtractaurs | The Smalls | Ayana Walker",1,1,1.0,0,0,0.0,0.5,0.5,0.5,1.0
bm25,pooled,5a7ddc5a5542995f4f4022da,bridge,hard,Both Bishop Carroll Catholic High School and Kapaun Mt. Carmel Catholic High School are located in which city in Kansas?,Bishop Carroll Catholic High School | Kapaun Mt. Carmel Catholic High School,"Bishop Carroll Catholic High School | Kapaun Mt. Carmel Catholic High School | Carmel High School (Mundelein, Illinois) | Bishop Manogue High School | St. Petersburg Catholic High School | Spalding Catholic High School | Bishop Sullivan Catholic High School | John S. Burke Catholic High School | Monroe Catholic High School | Paso Robles High School",1,1,1.0,1,1,1.0,1.0,1.0,1.0,1.0
bm25,pooled,5a7a1cd85542990783324e65,bridge,hard,What was the 58th quadrennial American presidential election held after the 2016 Michigan Democratic primary?,"Michigan Democratic primary, 2016 | United States presidential election, 2016","United States presidential election, 2016 | United States presidential election, 1976 | United States presidential election, 1968 | Michigan Democratic primary, 2016 | United States presidential election, 1960 | United States presidential election, 2012 | United States presidential election, 1892 | United States presidential election, 1964 | 2044 election | United States presidential election, 2020",1,1,1.0,0,1,1.0,0.5,1.0,1.0,1.0
bm25,pooled,5ae0a59a55429945ae9593e2,bridge,hard,This Celtic ruler who was born in AD 43 ruled southeastern Britain prior to conquest by which empire?,Catuvellauni | Togodumnus,Romano-British culture | Roman conquest of Britain | History of England | Sussex chicken | History of Wales | Catuvellauni | Durotriges | AD 43 | Emílio da Silva | Corieltauvi,0,0,1.0,0,0,0.0,0.0,0.0,0.5,0.16666666666666666
bm25,pooled,5a8b987f5542997f31a41d7a,bridge,hard,"What is the name of the detective novelist parent of the author of '""Q"" Is for Quarry'?",&quot;Q&quot; Is for Quarry | Sue Grafton,Sue Grafton | He Who Whispers | The Crooked Hinge | Carol J. Adams | Lake District Mysteries | The Diamond Chariot | Kyle Craig | Inside the Mind of Bill Cosby | Hunter Davies | The Interpretation of Dreams,1,1,1.0,0,0,0.0,0.5,0.5,0.5,1.0
bm25,pooled,5a8739a05542994775f607ab,bridge,hard,What is the birthplace of the Senator who represents the first of 62 districts in the State Senate?,Kenneth LaValle | New York's 1st State Senate district,New York's 1st State Senate district | New York's 2nd State Senate district | Nesting (voting districts) | New York's 3rd State Senate district | New York's 4th State Senate district | Kenneth LaValle | Joseph Vitale (politician) | California State Senate | Andrea Stewart-Cousins | Hawaii Senate,1,1,1.0,0,0,1.0,0.5,0.5,1.0,1.0
bm25,pooled,5ae67dba55429908198fa5f0,bridge,hard,The Memphis Hustle are based in a suburb of a city with a population of what in 2010?,"Memphis Hustle | Southaven, Mississippi","Southaven, Mississippi | Memphis Hustle | Olive Branch, Mississippi | Millington, Tennessee | Marion, Arkansas | Lakeland, Tennessee | Memphis metropolitan area | Ellenbrook, Western Australia | Marion, South Australia | Parkridge, Saskatoon",1,1,1.0,1,1,1.0,1.0,1.0,1.0,1.0
bm25,pooled,5a7b3f4d5542992d025e67bb,bridge,hard,"Which songwriting duo composed music for ""La La Land"", and created lyrics for ""A Christmas Story: The Musical""? ",A Christmas Story: The Musical | Pasek and Paul,Pasek and Paul | A Christmas Story: The Musical | City of Stars | Audition (The Fools Who Dream) | Jessica Rothe | David Huntsinger | Another Day of Sun | La La Land (Demi Lovato song) | David and Sandy Reynolds-Wasco | List of accolades received by La La Land,1,1,1.0,1,1,1.0,1.0,1.0,1.0,1.0
bm25,pooled,5ae2dfd155429928c423951b,bridge,hard,"Which of the city at the south of Shelly Beach, New South Wales is a local government area in the Hunter region of New South Wales, Australia?","City of Newcastle | Shelly Beach, New South Wales","City of Newcastle | Gillieston Heights | Unincorporated Far West Region | Bucketty | Mount View, New South Wales | Shelly Beach, New South Wales | Yanco Agricultural High School | Grahamstown Dam | Tenterfield, New South Wales | Richmond Valley Council",1,1,1.0,0,0,1.0,0.5,0.5,1.0,1.0
bm25,pooled,5ab6ba245542995eadef007f,comparison,hard,Are Bamboo Mañalac and Danny Jones both musicians?,Bamboo Mañalac | Danny Jones,"Bamboo Mañalac | As the Music Plays | Danny Jones | No Water, No Moon | The Voice Teens (Philippines season 1) | Bamboo (band) | The Voice Teens (Philippine TV series) | The Voice of the Philippines | Rivermaya | Robert Earl Jones",1,1,1.0,0,1,1.0,0.5,1.0,1.0,1.0
bm25,pooled,5ab8854555429934fafe6e0c,bridge,hard,"Works by Hanna Leena Kristiina Varis are part of a collection in a museum that houses approximately 65,000 what?",Albertina | Hanna Varis,"Hanna Varis | Albertina | Musée Henri-Mathieu | Darayim District | Yunnan Provincial Museum | Marovoay | Karaboro languages | I, Too (Langston Hughes poem) | Dostoevsky and Parricide | The Rest of the Robots",1,1,1.0,1,1,1.0,1.0,1.0,1.0,1.0
bm25,pooled,5a8eea4a5542990e94052bb7,bridge,hard,When was the Western Germanic language spoken from which the small settlement situated on the river Leda opposite Leer derives its name?,Leda (river) | Old Frisian,Leda (river) | English language | German language | Proto-Norse language | Old Frisian | Leer | Old Saxon | Dutch language | Afrikaans | Suorva,1,1,1.0,0,1,1.0,0.5,1.0,1.0,1.0
bm25,pooled,5a74c85055429916b0164218,bridge,hard,"Born on 6 March 1937, this man was also a citizen of the United Kingdom.",Alistair Grant | British people,Man Booker International Prize | Fred H. Hale Sr. | Viscount Wimborne | Speeches and debates of Ronald Reagan | Omar Khadr | Kasper Hvidt | Edgar Kaiser Jr. | Valentina Tereshkova | Viscount Trenchard | Baron Burnham,0,0,0.0,0,0,0.0,0.0,0.0,0.0,0.0
bm25,pooled,5a88dcf9554299206df2b383,bridge,hard,"What country does Hatton Hill and Hatton Castle, Angus have in common?","Hatton Castle, Angus | Hatton Hill","Hatton Hill | Hatton Castle, Angus | Hatton baronets | Hatton Castle, Aberdeenshire | Hatton, Warwickshire | Hutton Castle | Lung Fu Shan Country Park | Angus cattle | Unincorporated Far West Region | HCL color space",1,1,1.0,1,1,1.0,1.0,1.0,1.0,1.0
bm25,pooled,5a7625c7554299109176e668,bridge,hard,What podcast was the cheif executive officer of Nerdist Industries a guest on?,Chris Hardwick | Comedy Film Nerds,Nerdist Industries | The Nerdist Podcast | Chris Hardwick | Maltin on Movies | Jim Lentz | Bobby Mehta | Wolf Junge | Jessica Chobot | Comedy Film Nerds | Donald J. Hall Jr.,0,1,1.0,0,0,1.0,0.0,0.5,1.0,0.3333333333333333
bm25,pooled,5ac0d83a554299294b219038,bridge,hard,Randall Cunningham II was a multi-sport athlete at the high school located in what Nevada city?,Bishop Gorman High School | Randall Cunningham II,Vashti Cunningham | Randall Cunningham II | Randall Cunningham | List of multi-sport athletes | Nevada Union High School | Guo Jie | Adam Thielen | Spalding Catholic High School | David Masur | Woodville High School (Texas),1,1,1.0,0,0,0.0,0.5,0.5,0.5,0.5
bm25,pooled,5a790d8f554299029c4b5eec,bridge,hard,"Which English musician is known for both the songs ""See Yourself"" and ""Withing You Without You""?",See Yourself | Within You Without You,See Yourself | 5:55 | We Laughed | Gerry Marsden | Glen Matlock | A Lot About Livin' (And a Little 'bout Love) | List of songs recorded by Syd Barrett | Charles Charamba | Sharon Gannon | Brad Alexander,1,1,1.0,0,0,0.0,0.5,0.5,0.5,1.0
bm25,pooled,5ab2c5e255429916697740ba,bridge,hard,"Which professional ice hockey position does the Captain of the National Hockey League All-Star Game ""Away Team"" play?",60th National Hockey League All-Star Game | Jonathan Toews,60th National Hockey League All-Star Game | Ryan Johansen | National Hockey League All-Star Game | Fred Doherty | Jonathan Toews | List of Stanley Cup champions | 20th National Hockey League All-Star Game | NHL All-Star Skills Competition | 57th National Hockey League All-Star Game | Travis Richards,1,1,1.0,0,1,1.0,0.5,1.0,1.0,1.0
bm25,pooled,5abcfc365542993a06baf9d6,bridge,hard,"What year did the series on CBS, starring the actor who known for his role in ""Rebel Without a Cause,"" air?",CBS Television Workshop | James Dean,Jack Grinnage | Sal Mineo | Corey Allen | Treat Williams | John Pappas | Stewart Stern | Casey Braxton | Tahar Rahim | Rebel Without a Pause | Komal,0,0,0.0,0,0,0.0,0.0,0.0,0.0,0.0
bm25,pooled,5a8ee6915542990e94052bad,bridge,hard,"What season was the character introduced that becomes the main antagonist in the  following season, from the animated television series created by Bryan Konietzko and Michael Dante DiMartino as a sequel to """", which aired from 2005 to 2008? ",Kuvira | The Legend of Korra,Zaheer | The Legend of Korra | Avatar: The Last Airbender (season 1) | Bolin (The Legend of Korra) | Avatar: The Last Airbender (season 2) | Avatar: The Last Airbender (season 3) | Kuvira | Iroh | List of The Legend of Korra episodes | List of Avatar: The Last Airbender episodes,1,1,1.0,0,0,1.0,0.5,0.5,1.0,0.5
bm25,pooled,5abba4855542993f40c73b68,bridge,hard,"Who were the directors of the 2009 American science fiction film starring the actor who played Dexter Morgan in the Showtime TV Network series ""Dexter""?",Gamer (film) | Michael C. Hall,"Dexter (TV series) | List of Dexter episodes | Stargate SG-1 | Michael C. Hall | Damon Dark | Hello, Dexter Morgan | Burt Gummer | Vince Masuka | It's Alive! (Dexter) | The Damage a Man Can Do",0,1,1.0,0,0,0.0,0.0,0.5,0.5,0.25
bm25,pooled,5ae0bae555429906c02dab08,bridge,hard,"Which travel parody series featured American actor, comedian, and radio host best known as the host of ""The Joe Schmo Show""?",Hidden America with Jonah Ray | Ralph Garman,Ralph Garman | Chris Hardwick | Aaron Faulls | The Joe Schmo Show | Lance Krall | Jimmy Fallon | Robert Belushi | James Carroll (actor) | Cheech Marin | Steve Malzberg,1,1,1.0,0,0,0.0,0.5,0.5,0.5,1.0
bm25,pooled,5ab271fe554299449642c8a6,comparison,hard,Do The Importance of Being Icelandic and The Five Obstructions belong to different film genres ?,The Five Obstructions | The Importance of Being Icelandic,The Importance of Being Icelandic | Music composition and composers in Pristina | The Five Obstructions | Cinizasaurus | Asset classes | All I Wanna Do Is Make Love to You | Parody film | Jackie Lou Blanco | Comanchesaurus | Kidandali,1,1,1.0,0,1,1.0,0.5,1.0,1.0,1.0
bm25,pooled,5a7997a2554299029c4b5f59,bridge,hard,Tefik Selim Mborja was a part of a party that held power in Albania until what year? ,Albanian Fascist Party | Tefik Mborja,"Tefik Mborja | Albanian Fascist Party | People's Socialist Republic of Albania | Abteilungsleiter (NSDAP) | United Bermuda Party | Hungarian Communist Party | Madras Legislative Assembly election, 1967 | Swedish general election, 1982 | Mikhail Suslov | Volunteer Political Party",1,1,1.0,1,1,1.0,1.0,1.0,1.0,1.0
bm25,pooled,5add673e5542992ae4cec54d,bridge,hard,Joe Walker played for which team that ends their regular season with the Civil War rivalry game?,Joe Walker (American football) | Oregon Ducks football,Oregon Ducks football | Civil War (college football game) | Ayana Walker | 1983 Oregon State vs. Oregon football game | Joe Walker (American football) | 2006 Alabama Crimson Tide football team | Magnolia Bowl | 2013–14 Vermont Catamounts men's basketball team | The Rivalry (Lehigh–Lafayette) | 2007 Cleveland Browns season,1,1,1.0,0,1,1.0,0.5,1.0,1.0,1.0
bm25,pooled,5ae819ac55429952e35eaa16,bridge,hard,"What station broadcast the episode ""Marry Me a Little, Marry Me a Little More"" , of the series created by Max Mutchnick and David Kohan?","Marry Me a Little, Marry Me a Little More | Will &amp; Grace","Marry Me a Little, Marry Me a Little More | List of Romeo × Juliet episodes | Will &amp; Grace | Man from 1997 | Partners (2012 TV series) | What Are Little Girls Made Of? | Don't Fence Me In (film) | Redemption (Stargate SG-1) | Good Morning, Miami | The Stones (TV series)",1,1,1.0,0,1,1.0,0.5,1.0,1.0,1.0
bm25,pooled,5aba65a055429939ce03dcd2,bridge,hard,Georges-Henri Bousquet translated the work of a historian who is of what heritage?,Georges-Henri Bousquet | Ibn Khaldun,Georges-Henri Bousquet | Latresne | Freud: A Life for Our Time | José María Gironella | He Who Whispers | Peter Swales (historian) | Élan vital | Melissa Fay Greene | Ghulam Nabi Firaq | Bibliothèque et Archives nationales du Québec,1,1,1.0,0,0,0.0,0.5,0.5,0.5,1.0
bm25,pooled,5a87bada5542994846c1cddc,bridge,hard,In which city are the headquarters of the American research and scientific development company where Ravi Sethi worked as computer scientist located?,Bell Labs | Ravi Sethi,Ravi Sethi | Bell Labs | Annie Easley | David H. Bailey | Nuria Oliver | Franz Josef Och | Sethi–Ullman algorithm | Pharma Medica | David S. Touretzky | Venkatesan Guruswami,1,1,1.0,1,1,1.0,1.0,1.0,1.0,1.0
bm25,pooled,5ae74fc45542997b22f6a6b4,bridge,hard,What is the full name of the viral respiratory disease in which Yi Guan's research helped to prevent the outbreak of?,Timeline of the SARS outbreak | Yi Guan,Yi Guan | Severe acute respiratory syndrome | Feline viral rhinotracheitis | SARS (disambiguation) | Chronic Respiratory Disease | Pulmonary rehabilitation | Irish Thoracic Society | Journal of Thoracic Disease | Timeline of the SARS outbreak | Asthma-related microbes,1,1,1.0,0,0,1.0,0.5,0.5,1.0,1.0
bm25,pooled,5adf65555542992d7e9f9334,bridge,hard,Which Kentucky Writers Hall of Fame author has had works published by Dim Gray Bar Press?,Dim Gray Bar Press | Wendell Berry,Jay Cronley | New York State Writers Hall of Fame | Dim Gray Bar Press | Nebula Award for Best Novel | The Roald Dahl Treasury | Blinkey Horn | The Boys Next Door (1996 film) | Winfred Blevins | Melissa Fay Greene | Andre Norton Award,0,1,1.0,0,0,0.0,0.0,0.5,0.5,0.3333333333333333
bm25,pooled,5ade69e455429975fa854ec5,bridge,hard,What director worked with Vikram Bhatt on a film starring actors Rajneesh Duggal and Adah Sharma?,1920 (film series) | 1920 (film),1920 (film) | Ankahee (2006 film) | Phhir | Inteha (2003 film) | Rajneesh Duggal | Anhoniyon Ka Andhera | Spark (2014 film) | Udanchhoo | Time to Kill (1989 film) | The Family Man,1,1,1.0,0,0,0.0,0.5,0.5,0.5,1.0
bm25,pooled,5ae057fd55429945ae959328,bridge,hard, Robert Smith founded the multinational company headquartered in what city?,General Mills | Robert Smith (Illinois politician),RetailMeNot | Stevanato Group | Henkel | Namsung electronics | Tata Consultancy Services | Equinix | Physicians Mutual | Robert Smith (Illinois politician) | Hyrum W. Smith | Carrefour,0,0,1.0,0,0,0.0,0.0,0.0,0.5,0.125
bm25,pooled,5ab28019554299722f9b4d51,bridge,hard,What amount was the settlement that the character from the Son of al Quada got in 2017?,Omar Khadr | Son of al Qaeda,"Al Utouriya | Damian Wayne | Mana Al Otaiba | List of largest pharmaceutical settlements | Mick Carter | Shagai Plateau | Fraley v. Facebook, Inc. | Garifuna Settlement Day | Duty to settle | Al Haj FAW motors",0,0,0.0,0,0,0.0,0.0,0.0,0.0,0.0
bm25,pooled,5a75f79555429976ec32bcca,bridge,hard,"Considered the strongest recorded tropical cyclone, which cyclone had a film made about it in 2007?",1999 Odisha cyclone | Kathantara,Cyclone Anne | Cyclone Gonu | Cyclone Kesiny | Cyclone Hondo | Cyclone Esau | Cyclone Donna | 2011–12 South Pacific cyclone season | 2002–03 Australian region cyclone season | 1999 Odisha cyclone | Christian Bale filmography,0,0,1.0,0,0,0.0,0.0,0.0,0.5,0.1111111111111111
bm25,pooled,5adef80b5542993a75d263c4,bridge,hard,The 2000 British film Snatch was later adapted into a television series for what streaming service?,Snatch (TV series) | Snatch (film),Please Don't Eat the Daisies | Please Twins! | Snatch (TV series) | Gilmore Girls: A Year in the Life | Kyosuke Usuta | Snatch (film) | Locke the Superman | Roland Rat | Orange Is the New Black | Romper Stomper (TV series),0,1,1.0,0,0,1.0,0.0,0.5,1.0,0.3333333333333333
bm25,pooled,5ae0aaf455429945ae959401,bridge,hard,Chris Williams last played for which football club from the National League North?,Chris Williams (English footballer) | Salford City F.C.,Brian Cook (football administrator) | Salford City F.C. | Sport &amp; Leisure Swifts F.C. | Gainsborough Trinity F.C. | Spennymoor Town F.C. | Curzon Ashton F.C. | Walter Suggs | List of Wigan Borough F.C. players | Keith Bostic (American football) | Daniel Talia,1,1,1.0,0,0,0.0,0.5,0.5,0.5,0.5
bm25,pooled,5ab47d765542991751b4d78f,bridge,hard,Who designed the hotel that held the IFBB professional bodybuilding competition in September 1991?,1991 Mr. Olympia | Walt Disney World Dolphin,"1991 Mr. Olympia | 1980 Ms. Olympia | 1981 Ms. Olympia | 2012 Ms. Olympia | 1975 Mr. Olympia | 2010 Ms. Olympia | 2011 Ms. Olympia | 2017 Mr. Olympia | 1991 Ms. Olympia | European 10,000m Cup",1,1,1.0,0,0,0.0,0.5,0.5,0.5,1.0
bm25,pooled,5a7ed2c655429930675135e5,bridge,hard,"At the 71st Golden Globe Awards for television in 2013, what achievement did Breaking Bad, police sitcom Brooklyn Nine-Nine and American Hustle attain?",71st Golden Globe Awards | Brooklyn Nine-Nine,71st Golden Globe Awards | Dancing on the Edge (TV series) | Brooklyn Nine-Nine | Golden Globe Award for Best Animated Feature Film | List of awards and nominations received by Lost | Elisabeth Moss | 51st Golden Globe Awards | 61st Golden Globe Awards | 31st Golden Globe Awards | Johnny Galecki,1,1,1.0,0,1,1.0,0.5,1.0,1.0,1.0
bm25,pooled,5ac3e0f7554299194317388b,bridge,hard,Which actor does American Beauty and American Beauty have in common?,American Beauty (1999 film) | American Beauty (soundtrack),"Lush (company) | Miss American Beauty 1963 | American Beauty (1999 film) | A Thing of Beauty | American Beauty (1927 film) | Tara Conner | La Belle Américaine | Coty, Inc. | Henkel | Mr. Nepal",0,1,1.0,0,0,0.0,0.0,0.5,0.5,0.3333333333333333
bm25,pooled,5a7bae20554299294a54aa96,bridge,hard,Onika Tanya Maraj is a judge on a television show hosted by whom? ,American Idol (season 12) | Nicki Minaj,Freedom Watch with Judge Napolitano | Nicki Minaj | The House of Tiny Tearaways | Rewrapped | The Apartment - Design Your Destiny | On the Ball (ITV television show) | Tómbola (TV series) | House Rules (2003 TV series) | For One Night Only (Irish TV series) | Cosmos: A Spacetime Odyssey,1,1,1.0,0,0,0.0,0.5,0.5,0.5,0.5
bm25,pooled,5ab8ee035542991b5579f04b,comparison,hard,Are Hot Rod and The Memory of Our People both magazines?,Hot Rod (magazine) | The Memory of Our People,California Hot Rod Reunion | National Hot Rod Reunion | Fender Hot Rod DeVille | The Memory of Our People | Rat rod | Hot Rod Lincoln | Fender Hot Rod Deluxe | Volvo T6 | Hot air engine | John Black (Days of Our Lives),0,1,1.0,0,0,0.0,0.0,0.5,0.5,0.25
bm25,pooled,5a7a276d5542996c55b2dd27,bridge,hard,Who was Chamberlain and Colonel of the military staff of The Merrie Monarch?,Charles Hastings Judd | Kalākaua,Charles Hastings Judd | George W. Macfarlane | 2010 Kiev Victory Day Parade | Corps of Military Staff Clerks | Ottoman Military College | Stargate SG-1 (season 8) | Staff (military) | James A. Winnefeld Jr. | Friedrich Wilhelm von Steuben | 3rd Virginia Regiment,1,1,1.0,0,0,0.0,0.5,0.5,0.5,1.0
bm25,pooled,5a717d4c5542994082a3e854,comparison,hard,"Who has written more than 300 papers, Semyon Aranovich Gershgorin or Pavel Alexandrov?",Pavel Alexandrov | Semyon Aranovich Gershgorin,Confrontation (TV series) | Gershgorin circle theorem | Rafferty (1980 TV series) | Pavel Alexandrov | Semyon Aranovich | Semyon Aranovich Gershgorin | James P. Comer | Pavel Urysohn | Ian Stirling (biologist) | Nerve of a covering,0,1,1.0,0,0,1.0,0.0,0.5,1.0,0.25
bm25,pooled,5ac02e31554299294b218f3f,bridge,hard,Which post DC Extended Universe actress will also play a role in what is intended to be the fifth installment of the DC Extended Universe?,Gal Gadot | Justice League (film),Aquaman (film) | Justice League (film) | List of DC Extended Universe cast members | Suicide Squad (film) | Man of Steel (film) | Gal Gadot | Wonder Woman (2017 film) | DC Extended Universe | Batman v Superman: Dawn of Justice | Arrowverse,1,1,1.0,0,0,1.0,0.5,0.5,1.0,0.5
bm25,pooled,5a79ea435542996c55b2dc9e,bridge,hard,Who was the captain of the only battleship to provide gunfire support during the Vietnam War?,J. Edward Snyder | USS New Jersey (BB-62),USS New Jersey (BB-62) | J. Edward Snyder | United States naval gunfire support debate | List of battleships of Italy | Soviet cruiser Kirov | Naval gunfire support | French battleship Jean Bart (1911) | Operation Market Time | USS Trippe (FF-1075) | Ernst Lindemann,1,1,1.0,1,1,1.0,1.0,1.0,1.0,1.0
bm25,pooled,5ab7e4dc5542995dae37e9df,bridge,hard,"The Polar Bears featuring the voice of Armie Hammer, is also the same voice actor for which character in Cars 3?",Armie Hammer | The Polar Bears,The Polar Bears | Hubert Gagnon | Jeff Bennett | Cars 3 | Richard Kind | Kermode bear | Kate Higgins | The Voice Teens (Philippines season 1) | Sam Fisher (Splinter Cell) | Steve Nallon,1,1,1.0,0,0,0.0,0.5,0.5,0.5,1.0
bm25,pooled,5a834ed95542990548d0b1ca,comparison,hard,"Which tower is taller, 712 Fifth Avenue or Manhattan Life Insurance Building?",712 Fifth Avenue | Manhattan Life Insurance Building,Manhattan Life Insurance Company | Manhattan Life Insurance Building | Whole life insurance | 712 Fifth Avenue | Francis H. Kimball | Physicians Mutual | Supreme Life Building | Flatiron Building | New York Life Building | Tower City station,1,1,1.0,0,1,1.0,0.5,1.0,1.0,0.5
bm25,pooled,5ab41d855542996a3a969f4b,bridge,hard,"Is the Pakistan fast bowler who joined the Kent County Cricket Club in June, 2011 a left-hand or right-hand batsmans?",Kent County Cricket Club in 2011 | Wahab Riaz,Kent County Cricket Club in 2011 | Arthur Fielder | Kent County Cricket Club in 2010 | List of Kent County Cricket Club captains | Doug Bollinger | Kent County Cricket Club in 2013 | Wayne Parnell | Tom Caplen | Jack Mason | Wahab Riaz,1,1,1.0,0,0,1.0,0.5,0.5,1.0,1.0
bm25,pooled,5a7b7ff75542995eb53be93d,comparison,hard,"Who was born first, Arthur Conan Doyle or Penelope Lively?",Arthur Conan Doyle | Penelope Lively,Adrian Conan Doyle | Dead Man's Land | Douglas Ainslie | Arthur Conan Doyle | The Adventure of the Empty House | Sherlock Holmes (1916 film) | The Return of Sherlock Holmes (1929 film) | The Lost World (TV series) | Sherlock Holmes (2010 film) | Despoina,0,1,1.0,0,0,0.0,0.0,0.5,0.5,0.25
bm25,pooled,5a7d19d85542995ed0d165e8,bridge,hard,The Tennessee Volunteers football team plays as a member for a conference in what city?,1984 Tennessee Volunteers football team | Southeastern Conference,1983 Tennessee Volunteers football team | 1984 Tennessee Volunteers football team | 1985 Tennessee Volunteers football team | 1896 Tennessee Volunteers football team | 1930 Tennessee Volunteers football team | 1899 Tennessee Volunteers football team | 1938 Tennessee Volunteers football team | 1891 Tennessee Volunteers football team | Oregon Ducks football | Tennessee Volunteers football statistical leaders,1,1,1.0,0,0,0.0,0.5,0.5,0.5,0.5
bm25,pooled,5ae7ed17554299540e5a56a3,bridge,hard,Ernest Foot was the best friend of the fighter pilot who had how many victories?,Albert Ball | Ernest Foot,Ernest Foot | Lydia Litvyak | Ashley Rolfe | Paul Zorner | Manfred Meurer | Ilmari Juutilainen | Egon Mayer | Ayesha Farooq | Edwin A. Doss | Fighter Pilot: Operation Red Flag,1,1,1.0,0,0,0.0,0.5,0.5,0.5,1.0
bm25,pooled,5ab2659e554299340b5254b2,bridge,hard,"From March 631 to April 631, Farrukhzad Khosrau V was the king of an empire that succeeded which empire?",Farrukhzad Khosrow V | Sasanian Empire,Farrukhzad Khosrow V | Duchy of Thuringia | Samo's Empire | Ashur-etil-ilani | Hormizd VI | Khosrow IV | Sasanian Empire | Samo | Mwambutsa IV of Burundi | Earl of Lanesborough,1,1,1.0,0,0,1.0,0.5,0.5,1.0,1.0
bm25,pooled,5abd2eab5542992ac4f38210,bridge,hard,Which suburb is a soap opera featuring a character named Beverly Marshall set in?,Beverly Marshall | Ramsay Street,Beverly Marshall | Katie Landers | Ramsay Street | Alamo Heights SA | Phil Mitchell | Shaunna O'Grady | The Greatest Gift (TV series) | Victor Newman | Roger Howarth | Sine Novela,1,1,1.0,0,1,1.0,0.5,1.0,1.0,1.0
bm25,pooled,5abaf3195542996cc5e49f2c,bridge,hard,Which country did the Falkland Islands beat in the 2010 Commonwealth games that has eleven administrative divisions?,Gerald Reive | Samoa,Falkland Islands at the 2010 Commonwealth Games | Gerald Reive | George Paice (bowls) | Falkland Islands at the 2014 Commonwealth Games | Falkland Islands official football team | Archery at the Commonwealth Games | 2010 Commonwealth Games | 2010 Commonwealth Games medal table | Samoa | Cayman Islands national rugby sevens team,1,1,1.0,0,0,1.0,0.5,0.5,1.0,0.5
bm25,pooled,5a791a97554299148911f9f2,bridge,hard,"Which Netflix series ""Unbreakable"" character is Elizabeth Claire Kemper known for playing?",Ellie Kemper | Kimmy Schmidt,Ellie Kemper | Claire Temple (Marvel Cinematic Universe) | Kimmy Schmidt | List of Unbreakable Kimmy Schmidt episodes | Unbreakable Kimmy Schmidt | Blinding Edge Pictures | Wet Hot American Summer (series) | Claire Liddell | Brenda Bennett | Bolin (The Legend of Korra),1,1,1.0,0,1,1.0,0.5,1.0,1.0,1.0
bm25,pooled,5adf58f15542993a75d264d2,bridge,hard,"Which television series featured an actor who also performed in ""The Young Ones""?",Ade Edmondson | Bad News (band),Sianoa Smit-McPhee | Tzi Ma | Filthy Rich &amp; Catflap | The Itchy &amp; Scratchy Show | Gretchen Palmer | Ade Edmondson | Zachary Throne | Iron Man (TV series) | Nick Cordero | Jeff Bennett,0,0,1.0,0,0,0.0,0.0,0.0,0.5,0.16666666666666666
bm25,pooled,5adc65e85542996e68525350,comparison,hard,Are both Dafeng District and Dazhou located in the same province?,Dafeng District | Dazhou,Dafeng District | Tinghu District | Yandu District | Dazhou | Middlebourne Historic District | Gilbert Town Historic District | Muddy Creek Forks Historic District | Calumet Downtown Historic District | Buena Vista Downtown Historic District | Chevron House,1,1,1.0,0,1,1.0,0.5,1.0,1.0,1.0
bm25,pooled,5a87ab9b5542996e4f3088c2,bridge,hard,"In what century did this Native warrior and chief, whose brother Tenskwatawa led the Tippecanoe order of battle, become the primary leader of a large, multi tribal confederacy?",Tecumseh | Tippecanoe order of battle,Tecumseh | Battle of Tippecanoe | Tecumseh's Confederacy | Prophetstown State Park | Tenskwatawa | Battle of Fallen Timbers | Tippecanoe order of battle | Alfred Gell | Seven Days Confederate order of battle | Battle of Stamford Bridge,1,1,1.0,0,0,1.0,0.5,0.5,1.0,1.0
bm25,pooled,5a738fe855429908901be2fb,bridge,hard,What film was written and directed by Joby Harold with music written by Samuel Sim?,Awake (film) | Samuel Sim,King Arthur: Legend of the Sword | By the Beautiful Sea (song) | Awake (film) | Here (1954 song) | Filthy Rich &amp; Catflap | Flying with Music | A Few Best Men | Robin Hood (2018 film) | Gidget Goes to Rome | Man from 1997,0,1,1.0,0,0,0.0,0.0,0.5,0.5,0.3333333333333333
bm25,pooled,5a8c65a1554299585d9e3680,bridge,hard,What is the name of the ethnic group who settled in Canada in the 17th century that participated in a conflict with Irish Catholic immigrants in the Shiners' War?,French Canadians | Shiners' War,Shiners' War | French Canadians | Ancient Order of Hibernians | History of Irish Americans in Boston | Americo-Liberians | History of the Irish Americans in Philadelphia | Czechs in Ukraine | Black Bermudian | Augustine of Canterbury | Catholic Church in Ireland,1,1,1.0,1,1,1.0,1.0,1.0,1.0,1.0
bm25,pooled,5ac2bbd0554299218029db09,bridge,hard,The author of The Thing of It Is... is what Nationality?,The Thing of It Is... | William Goldman,The Thing of It Is... | Australian property law | A Thing of Beauty | Carol J. Adams | Who Goes There? (collection) | The Most Incredible Thing | The Interpretation of Dreams | Sue Grafton | The Wonderful Thing About Tiggers | Hunter Davies,1,1,1.0,0,0,0.0,0.5,0.5,0.5,1.0
bm25,pooled,5adf3e355542993a75d26440,bridge,hard,"How long is the bridge in the Öresund Region that connect Copenhagen, Denmark and Malmo, Sweden?",Øresund Bridge | Øresund Region,"Øresund Region | Bjarkøy Fixed Link | European route E47 | Öresund Committee | Bartlett's Bridge | Øresund | Copenhagen Malmö Port | Malmö Harbour Heliport | Pureland Industrial Complex | Eisenhower Bridge (Milton, Iowa)",1,1,1.0,0,0,0.0,0.5,0.5,0.5,1.0
bm25,pooled,5ae82ae555429952e35eaa71,bridge,hard,"Martin Patterson ""Pat"" Hingle was a close friend of an actor who achieved success in what Western TV series? ",Clint Eastwood | Pat Hingle,Pat Hingle | Virginia Foster Durr | Damon Dark | Dirás que estoy loco | Longhorn Ballroom | Dr. Kildare (TV series) | Garfield Gets Real | Robert Barton | Alie Ward | Carol Martin,1,1,1.0,0,0,0.0,0.5,0.5,0.5,1.0
bm25,pooled,5ac289ff5542996366519a02,comparison,hard,Is the Marsilea or the Brabejum the genus of more individual species of plants?,Brabejum | Marsilea,Marsilea | Myiodynastes | Sinocyclocheilus | Marsilea minuta | Araripesuchus wegeneri | Brabejum | Huernia | Phlebodium | Leptospermum | Sinopieris,1,1,1.0,0,0,1.0,0.5,0.5,1.0,1.0
bm25,pooled,5a7a5b3a5542996c55b2dd71,bridge,hard,What building is opposite the ceremonial meeting place of the Accession Council in the United Kingdom?,"Mark Masons' Hall, London | St James's Palace","St James's Palace | Accession Council | President of the Queen's Privy Council for Canada | Great Hall of the People | Crowther Masonic Hall | Grange Hall (Murphysboro, Illinois) | Clear Creek Meeting House | Warriparinga | New York Life Insurance Building (Montreal) | Pollokshields Burgh Hall",1,1,1.0,0,0,0.0,0.5,0.5,0.5,1.0
bm25,pooled,5ab8688b55429934fafe6daa,bridge,hard,"What material did a hairdresser from Yorkshire, England invent that was named by his granddaughter?",Maurice Ward | Starlite,Maurice Ward | Starlite | Humberside | The Inventors | Edmund Sharpe | English language | Petty treason | West Yorkshire Association Football League | Celebrity Home Entertainment | University of Leeds,1,1,1.0,1,1,1.0,1.0,1.0,1.0,1.0
bm25,pooled,5a7a3a945542996a35c17147,bridge,hard,One Raffles Place is one of the tallest skyscrapers in the city of Singapore and tallest in the wolrd outside North America until it was succeeded by a Building in city?,Bank of China Tower (Hong Kong) | One Raffles Place,One Raffles Place | CapitaGreen | Raffles Place | Republic Plaza (Singapore) | List of tallest buildings in São Paulo | Flatiron Building | Raffles Place MRT Station | One Raffles Link | 712 Fifth Avenue | One Marina Boulevard,1,1,1.0,0,0,0.0,0.5,0.5,0.5,1.0
bm25,pooled,5ab9b29c554299743d22ebae,comparison,hard,"Which case came first, Craig v. Boren or United States v. Paramount Pictures, Inc.?","Craig v. Boren | United States v. Paramount Pictures, Inc.","United States v. Paramount Pictures, Inc. | Craig v. Boren | City of Norwood v. Horney | United States v. Binion | Van Staphorst v. Maryland | West v. Barnes | Criminal law in the Waite Court | Baker v. Nelson | Hirabayashi v. United States | Criminal law in the Marshall Court",1,1,1.0,1,1,1.0,1.0,1.0,1.0,1.0
bm25,pooled,5a8b63fa55429950cd6afcd7,bridge,hard,What is the nickname of the city where Darling's Waterfront Pavilion is located?,"Bangor, Maine | Darling's Waterfront Pavilion","Darling's Waterfront Pavilion | Kertha Gosa Pavilion | Concord Pavilion | Corus Quay | Oleson Park Music Pavilion | Paulus Hook, Jersey City | Grandview Park Music Pavilion | Jean Baptiste Assenede | Gorontalo | Yingkou",1,1,1.0,0,0,0.0,0.5,0.5,0.5,1.0
bm25,pooled,5ade51b45542997c77adedf4,bridge,hard,The Kansas City Wizards have had three home venues in Kansas City in their time.  Which was their first?,Children's Mercy Park | CommunityAmerica Ballpark,"2008 Kansas City Wizards season | MLS Cup 2004 | CommunityAmerica Ballpark | Kansas City jazz | North Kansas City, Missouri | 1999 Kansas City Wizards season | Kansas City Scout | 1998 Kansas City Wizards season | 1997 Kansas City Wizards season | History of the Kansas City metropolitan area",0,1,1.0,0,0,0.0,0.0,0.5,0.5,0.3333333333333333
bm25,pooled,5ae4c49a5542995dadf24400,bridge,hard,"Henry Hall is known for fighting in the Revolutionary War, and for being the first to successfully cultivate this food found in what type of bogs?",Cranberry | Henry Hall (American revolution),Henry Hall (American revolution) | Robert Plampin | John Adlum | HMS Vulture (1776) | Live from Daryl's House | List of fossils with consumulites | VMF-221 | Fast food restaurant | Cuisine of Karachi | Pieris (butterfly),1,1,1.0,0,0,0.0,0.5,0.5,0.5,1.0
bm25,pooled,5a7d3470554299452d57bb56,bridge,hard,A scam involving a male calling small town fast-food restaurants and pretending to be a police officer to have them strip search employees was turned into a movie of what name?,Compliance (film) | Strip search phone call scam,"Strip search phone call scam | Jacob D. Robida | Compliance (film) | Police perjury | Coronado, Panama | Lewiston, Dakota County, Minnesota | I Am... Gabriel | The Sum of All Fears | Tenskwatawa | Body cavity search",1,1,1.0,0,1,1.0,0.5,1.0,1.0,1.0
bm25,pooled,5ae4f2c75542993aec5ec0fb,bridge,hard,"What airport serviced by American Airlines Shuttle, is also the largest airport in the New England region and 17th busiest in the U.S?",American Airlines Shuttle | Logan International Airport,Coimbatore International Airport | Dalian Zhoushuizi International Airport | Townsville Airport | Pitt Meadows Airport | Charlotte Douglas International Airport | Kazan International Airport | Denver International Airport | Bishop International Airport | Logan International Airport | Grantley Adams International Airport,0,0,1.0,0,0,0.0,0.0,0.0,0.5,0.1111111111111111
bm25,pooled,5ab1d7ac554299449642c7e6,comparison,hard,"Which genus has more species, Xanthoceras or Ehretia?",Ehretia | Xanthoceras,Dakotadon | Fokienia | Silene | Xanthoceras | Eucryphia | Stephanitis takeyai | Ingerophrynus | Dictyosperma | Pilgerodendron | Huernia,0,1,1.0,0,0,0.0,0.0,0.5,0.5,0.25
bm25,pooled,5a85cead5542991dd0999ea9,bridge,hard,What arcade game is named after the only player in major league history to have a 0.300 batting average for 7 consecutive seasons?,Frank Thomas (designated hitter) | Frank Thomas' Big Hurt,List of Major League Baseball batting champions | Frank Thomas (designated hitter) | Ron Herbel | Germán Barranca | Frank Crossin | Dick Kauffman | Jack Fox (baseball) | 1921 Detroit Tigers season | Chick Shorten | Catan Card Game,1,1,1.0,0,0,0.0,0.5,0.5,0.5,0.5
bm25,pooled,5a73a7c755429978a71e9068,bridge,hard,What american actress/singer born in 1956 recorded the song Something there for beauty and the beast?,Paige O'Hara | Something There,The Longer We Make Love | Something for the Rest of Us | Timbiriche VIII &amp; IX | Chattahoochee (song) | Cowboys and Angels (Dustin Lynch song) | Miss American Beauty 1963 | Dancin' (on a Saturday Night) | Thomas H. Gale House | Ungod | Ferry Cross the Mersey,0,0,0.0,0,0,0.0,0.0,0.0,0.0,0.0
bm25,pooled,5a7f113d55429934daa2fcbe,bridge,hard,Which professional baseball player and National 1993 Baseball Hall of Fame inductee is featured in the Greatest Sports Legends anthology? ,Greatest Sports Legends | Reggie Jackson,"Babe Ruth | Mickey Mantle | Eddy Furniss | Tim Jorgensen | Dizzy Dean | Reggie Jackson | Emma Carney | Robin Ventura | Charles Teague (baseball) | Baseball Hall of Fame balloting, 1971",0,0,1.0,0,0,0.0,0.0,0.0,0.5,0.16666666666666666
bm25,pooled,5ae6828f5542996d980e7bb9,bridge,hard,Salisbury Woodland Gardens links a zoo with a park designed and built under the watchful eye of who?,"Salisbury Woodland Gardens, Blackpool | Stanley Park, Blackpool","Stanley Park, Blackpool | Salisbury Woodland Gardens, Blackpool | Sasquatched! The Musical | List of The Thick of It characters | Forbury Gardens | Oleson Park Music Pavilion | Spalding War Memorial | Conferencier | Hatton Castle, Aberdeenshire | Patan minara",1,1,1.0,1,1,1.0,1.0,1.0,1.0,1.0
bm25,pooled,5ab31864554299233954ff06,bridge,hard,What class of instrument does Apatim Majumdar play?,Apratim Majumdar | Sarod,"Experimental musical instrument | Asset classes | Chander Bari | Treehouse (game) | Udaka vadya | Sousaphone | Apratim Majumdar | Keyboard glockenspiel | Classes of United States Senators | Fraley v. Facebook, Inc.",0,0,1.0,0,0,0.0,0.0,0.0,0.5,0.14285714285714285
bm25,pooled,5abe239355429976d4830a7d,bridge,hard,Jamie Harris is best known for his role as The Hook-Handed Man in a movie directed by who ?,Jamie Harris (actor) | Lemony Snicket's A Series of Unfortunate Events,"Jamie Harris (actor) | Usman Ally | Mitch Pileggi | Marta Ribera | The Dragon, the Hero | Badla Jatti Da | Tahar Rahim | Jalam (film) | John Pappas | Man Against the Mob",1,1,1.0,0,0,0.0,0.5,0.5,0.5,1.0
bm25,pooled,5ac2659b55429963665199a1,bridge,hard,"How many laps did Harry Prowell run during the 10,000 metres race at the 1967 Pan American Games?","10,000 metres | Harry Prowell","10,000 metres | Harry Prowell | Nora Rocha | Brian MacLaren | Ross MacKenzie (athlete) | Kavita Tungar | European 10,000m Cup | Dave Bailey (athlete) | Race of a Thousand Years | 2015 Pan American Games",1,1,1.0,1,1,1.0,1.0,1.0,1.0,1.0
bm25,pooled,5ae058e855429945ae959331,comparison,hard,Are  Chrysalis and Look both women's magazines?,Chrysalis (magazine) | Look (UK magazine),Switzerland women's national football team | 2017 US Open Series | No Promises (Icehouse song) | List of magazines in Portugal | 2013 US Open Series | Tweedledum and Tweedledee | 2017 FA Women's Cup Final | Look (UK magazine) | List of magazines in Malaysia | Ouch! (gum),0,0,1.0,0,0,0.0,0.0,0.0,0.5,0.125
bm25,pooled,5a7b8749554299294a54a9db,comparison,hard,"Which author has won more Pulitzer Prizes, Thomas Friedman or Henri Bergson?",Henri Bergson | Thomas Friedman,Thomas Friedman | 2011 Pulitzer Prize | Samuel Eliot Morison | Three Tall Women | Carol Shields | Jeff Friedman | Edward Albee | Jean Baptiste Androuet du Cerceau | Penelope Lively | Little Big Man (novel),1,1,1.0,0,0,0.0,0.5,0.5,0.5,1.0
bm25,pooled,5a864ff7554299211dda2af2,bridge,hard,"Yoann Lemoine, a French video director, has created music videos for Lana Del Rey, Katy Perry, and an orchestral country pop ballad by which top pop artist?",Back to December | Yoann Lemoine,Blue Jeans (Lana Del Rey song) | Yoann Lemoine | Rich Lee | Video Games (song) | Back to December | Lana Del Ray (album) | Lana Del Rey (EP) | Lana Del Rey videography | Yayo (Lana Del Rey song) | Lana Del Rey discography,1,1,1.0,0,1,1.0,0.5,1.0,1.0,0.5
bm25,pooled,5ae4d3c95542990ba0bbb165,comparison,hard,In what city can a person find both the Nusretiye Clock Tower and the Eski Imaret Mosque be found?,Eski Imaret Mosque | Nusretiye Clock Tower,"Nusretiye Clock Tower | Kumanovo Clock Tower | Azam mosque of Qom | Hysen Pasha Mosque | Clock Tower of Murshidabad | Eski Imaret Mosque | Clock Tower, Brighton | Birgu Clock Tower | Galle Clock Tower | Tashkopryu Mosque",1,1,1.0,0,0,1.0,0.5,0.5,1.0,1.0
bm25,pooled,5ab7f97a5542991d322237ef,bridge,hard,"What is Opry Mills in Nashville, Tennessee?",Music City Queen | Opry Mills,Opry Mills | Music City Queen | Ryman Auditorium | Keith Bilbrey | Grand Ole Opry | Lady Antebellum | Julia Morgan School for Girls | Robert Smith (Illinois politician) | R509 road (Ireland) | Infinity Cat Recordings,1,1,1.0,1,1,1.0,1.0,1.0,1.0,1.0
bm25,pooled,5a7b46e55542995eb53be8e5,bridge,hard,"Spaceware Sky Division II is manufactured by this subsidiary, which is one of twelve subdivisions of Inner Mongolia, China?",Ordos City | Spaceware Sky Vision II,"Ordos City | Inner Mongolia Medical University | Bu Xiaolin | Inner Mongolia University of Technology | Spaceware Sky Vision II | Zhukaigou culture | G5511 Jining–Arun Expressway | Shuangmiao, Inner Mongolia | Smyrna, Georgia | Horqin Left Rear Banner",1,1,1.0,0,1,1.0,0.5,1.0,1.0,1.0
bm25,pooled,5a879ba55542993e715abfc3,comparison,hard,"Which director had the longest career, Alain Resnais or Scott Sidney?",Alain Resnais | Scott Sidney,Alain Resnais | Life of Riley (2014 film) | Last Year at Marienbad | The War Is Over (film) | Muriel (film) | Isle of Flowers | Hiroshima mon amour | Scott County Transit | Lau Kong Yung v Director of Immigration | Myrna Sharlow,1,1,1.0,0,0,0.0,0.5,0.5,0.5,1.0
bm25,pooled,5ae4563e5542996836b02c7f,bridge,hard,"in 1999, Spirit Halloween LLC was purchased by a mall retailer that has how many stores in the United States and Canada ?",Spencer Gifts | Spirit Halloween,Spirit Halloween | Spencer Gifts | Pierre Bossier Mall | Mall of Georgia | Halloween Adventure | Citadel Mall | Viaport Rotterdam | Mall of New Hampshire | Walt Whitman Shops | The Crossings at Northwest,1,1,1.0,1,1,1.0,1.0,1.0,1.0,1.0
bm25,pooled,5ab6ff3a5542991d3222372a,bridge,hard,James Fieser received his B.A. from what liberal arts work college that was founded in 1855?,Berea College | James Fieser,Bard College Berlin | Macalester College | James Fieser | Liberal arts college | List of liberal arts colleges | Berea College | Alice Lloyd College | Work college | Nancy K. Pearson | The College Dropout,0,1,1.0,0,0,1.0,0.0,0.5,1.0,0.3333333333333333
bm25,pooled,5a7a46605542994f819ef1ad,bridge,hard,What year did Roy Rogers and his third wife star in a film directed by Frank McDonald?,Along the Navajo Trail (film) | Dale Evans,Lights of Old Santa Fe | Rainbow Over Texas | Don't Fence Me In (film) | San Fernando Valley (film) | Sons of the Pioneers (film) | Song of Arizona | My Pal Trigger | Chinatown Nights (1929 film) | In Country | Last Year at Marienbad,0,0,0.0,0,0,0.0,0.0,0.0,0.0,0.0
bm25,pooled,5ade7a435542997c77adee3a,bridge,hard," The name ""Mountbatten-Windsor"" applies to male-line descendants of the Queen without royal styles and titles which is a Eurpean dynasty resulting in what family?",Mountbatten family | Mountbatten-Windsor,Mountbatten-Windsor | List of members of the House of Windsor | Batonishvili | Duke of Leuchtenberg | Line of succession to the former Egyptian throne | Capetian dynasty | Cadet branch | House of Capet | Zulu royal family | List of royal tours of Canada (21st century),1,1,1.0,0,0,0.0,0.5,0.5,0.5,1.0
bm25,pooled,5ac1795f5542994ab5c67d5f,bridge,hard,Who is known for producing the documentary television series based on the book by science historian James Burke?,Connections (TV series) | James Burke (science historian),The Day the Universe Changed | Connections (TV series) | Sci Fi Science: Physics of the Impossible | James Burke (science historian) | Cosmos: A Spacetime Odyssey | National Geographic Explorer | Aaron Faulls | Stargate SG-1 | Deceit (Doctor Who novel) | Freaky Eaters (TLC series),1,1,1.0,0,1,1.0,0.5,1.0,1.0,0.5
bm25,pooled,5ab1e984554299340b525428,comparison,hard,which is larger Asante Traditional Buildings or Gulangyu?,Asante Traditional Buildings | Gulangyu,Asante Traditional Buildings | Groups of Traditional Buildings | Open-air museums in Slovakia | Ballenberg | Museumsdorf Niedersulz | Imanishi family's House | Warehouse store | Jeonju Hanok Village | Statistical inference | Kidandali,1,1,1.0,0,0,0.0,0.5,0.5,0.5,1.0
bm25,pooled,5a86769c5542994775f60776,bridge,hard,Armageddon in Retrospect was written by the author who was best known for what 1969 satire novel?,Armageddon in Retrospect | Kurt Vonnegut,Armageddon in Retrospect | Greater Manchester Integrated Transport Authority | Hugh Gallagher (humorist) | Westgate Las Vegas Resort &amp; Casino | José María Gironella | Little Big Man (novel) | Hikky Burr | Jaroslav Hašek | Divorce Italian Style | Gimme Shelter (1970 film),1,1,1.0,0,0,0.0,0.5,0.5,0.5,1.0
bm25,pooled,5ab7da6f55429928e1fe3928,bridge,hard,Patrick Kennedy is known for his collections of Irish  folktales from a province situated in which part of Ireland ?,Leinster | Patrick Kennedy (folklorist),Patrick Kennedy (folklorist) | Brian Kennedy (singer) | Jack and His Comrades | Irish Fairy Tales | Sindhi folk tales | Catholic Church in Ireland | The Greek Princess and the Young Gardener | Leinster | Irish prose fiction | Patrick Kennedy (1823–1858),1,1,1.0,0,0,1.0,0.5,0.5,1.0,1.0
bm25,pooled,5ae497f15542995ad6573db8,bridge,hard,What NIFL Premier Intermediate League team did Sean Connor play for?,Lisburn Distillery F.C. | Sean Connor,Northern Ireland Intermediate League | NIFL Premier Intermediate League | Donegal Celtic F.C. | Northern Ireland Football League | Sport &amp; Leisure Swifts F.C. | Queen's University Belfast A.F.C. | Portstewart F.C. | Lisburn Distillery F.C. | Sean Connor | Newington Youth F.C.,0,0,1.0,0,0,1.0,0.0,0.0,1.0,0.125
bm25,pooled,5ae6f2a7554299572ea5464a,bridge,hard,"Which character does this protagonist, who secretly loves and marries a member of the rival house, of William Shakespeare's tragedy that has a fictional character Benvolio slay?",Benvolio | Romeo,Romeo | Benvolio | Juliet | Victor Newman | Shakespearean tragedy | Macbeth | The Tragedy of Romeo and Juliet (film) | Critical approaches to Hamlet | Rory Williams | Anna Devane,1,1,1.0,1,1,1.0,1.0,1.0,1.0,1.0
bm25,pooled,5adea9ea55429939a52fe934,bridge,hard,"What was the name of the fanzine that interviewed the Sex Pistols bassist when he was in the band ""The Flowers of Romance?""",Sid Vicious | The Flowers of Romance (band),The Flowers of Romance (band) | Live at Winterland 1978 (Avengers album) | Nancy Spungen | Bodies (Sex Pistols song) | The Idols with Sid Vicious | Revolution in the Classroom | The Swindle Continues | Ex Pistols | Glen Matlock | Love in Motion (song),1,1,1.0,0,0,0.0,0.5,0.5,0.5,1.0
bm25,pooled,5a7caae75542996dd594b971,bridge,hard,"What, known as AAS, is commonly used in bodybuilding?",Anabolic steroid | Steroid use in Australia,Belling-Lee connector | Pox (drink) | Docking (animal) | Methyltestosterone | Tensile testing | Metandienone | Village accountant | Trickle valve | Light cavalerie vodka | Brintonia,0,0,0.0,0,0,0.0,0.0,0.0,0.0,0.0
bm25,pooled,5ac01bb8554299012d1db5a6,bridge,hard,"Which American character actor who starred on the television series ""Stargate SG-1"" (1997–2007) and appeared in ""Episode 8"" of ""Twin Peaks"" as a guest star?",Don S. Davis | Episode 8 (Twin Peaks),Don S. Davis | Samantha Carter | Episode 8 (Twin Peaks) | Stargate: Continuum | Vala Mal Doran | George Hammond (Stargate) | Andy Umberger | Sianoa Smit-McPhee | Roger Howarth | Redemption (Stargate SG-1),1,1,1.0,0,1,1.0,0.5,1.0,1.0,1.0
bm25,pooled,5abc3a65554299700f9d782d,bridge,hard,Candy Coburn has shared the stage with an American country music group with who playing guitar?,Candy Coburn | Lady Antebellum,Candy Coburn | Highspeed Hayride | Randy Travis | Heaven Bound (I'm Ready) | Baby Girl (Sugarland song) | Carolina Rain | Hometown News | Lady Antebellum | Hanna–McEuen | Snapback (song),1,1,1.0,0,0,1.0,0.5,0.5,1.0,1.0
bm25,pooled,5ae3ff575542995dadf242aa,bridge,hard,What is the population according to the 2007 population census of the city in which the National Archives and Library of Ethiopia is located?,Addis Ababa | National Archives and Library of Ethiopia,"List of ethnic groups in Ethiopia | Memphis metropolitan area | Mankato, Minnesota | Orlinda, Tennessee | Smyrna, Georgia | National Archives of Zambia | National Archives and Library of Ethiopia | Parkridge, Saskatoon | Religion in Ghana | Sauce Viejo, Argentina",0,0,1.0,0,0,0.0,0.0,0.0,0.5,0.14285714285714285
bm25,pooled,5a89fb525542993b751ca9d6,bridge,hard,Which composer created Night Ferry first performed in 2012 at Symphony Center in Chicago?,Night Ferry (composition) | Symphony Center,"Night Ferry (composition) | Symphony No. 5 (Rouse) | Alternative Energy (composition) | The Seamstress (Clyne) | Clarinet Concerto (Rouse) | Spangled Unicorn | Anthology of Fantastic Zoology | Symphony Center | Proceed, Moon | Soundings (Carter)",1,1,1.0,0,0,1.0,0.5,0.5,1.0,1.0
bm25,pooled,5ab3d69255429969a97a81c9,bridge,hard,To which aircraft carrier was the VMF-213 Marine Fighting Squadron assigned to durning World War II?,USS Essex (CV-9) | VMF-213,VMF-213 | VMF-512 | VMF-111 | VMF-222 | VMF-511 | VMF-236 | VMF-452 | VMF-215 | VMF-221 | USS Belleau Wood (CVL-24),1,1,1.0,0,0,0.0,0.5,0.5,0.5,1.0
bm25,pooled,5ac5199a5542994611c8b38a,comparison,hard,Can Stenocereus and Pachypodium both include tree like plants?,Pachypodium | Stenocereus,Weak heap | Tree fern | Parkia timoriana | Coprosma repens | Davey Tree Expert Company | Our Casuarina Tree | Viol | Pachypodium | Durvillaea willana | Wheat allergy,0,0,1.0,0,0,0.0,0.0,0.0,0.5,0.125
bm25,pooled,5ae048a255429924de1b708e,bridge,hard,What movie did Pitof direct which had an action-adventure tie-in video game based off of it in 2004?,Catwoman (film) | Catwoman (video game),Tron Evolution: Battle Grids | Catwoman (video game) | Shrek Forever After (video game) | Lego Star Wars: The Video Game | Lego Knights' Kingdom | Star Trek (2013 video game) | Lara Croft and the Temple of Osiris | Tron: Evolution | Prince of Persia: The Sands of Time | Tomb Raider III,1,1,1.0,0,0,0.0,0.5,0.5,0.5,0.5
bm25,pooled,5a9068a95542990a98493621,bridge,hard,"on 16 January 1995 ""First Knight"" was being filmed at a studio located how far from Windsor ?",Filming of James Bond in the 1990s | Pinewood Studios,Filming of James Bond in the 1990s | 1995 Benson and Hedges Open | Julia Ormond | Lana Del Rey discography | Donald Duffy | Lori L. Holt | And Everything Is Going Fine | Amen: The Awakening | Hollywood Star Lanes | Chasing Daylight (book),1,1,1.0,0,0,0.0,0.5,0.5,0.5,1.0
bm25,pooled,5adf9dc3554299025d62a2e6,bridge,hard,"What is the name of the actress who has received a Drama Desk award and was part of the cast album for the 2007 Broadway production of the hit musical, ""Grease""?",Grease: The New Broadway Cast Recording | Laura Osnes,Grease: The New Broadway Cast Recording | Drama Desk Award for Outstanding Solo Performance | Open Admissions | 9 to 5 (musical) | Drama Desk Award for Outstanding Director | Nick Cordero | Brad Alexander | Mamie Gummer | Laura Osnes | Kenneth Posner,1,1,1.0,0,0,1.0,0.5,0.5,1.0,1.0
bm25,pooled,5ae406245542995dadf242e2,bridge,hard,"Marion Greene was a health policy analyst for St. Judt Medical company, which had how many principal operations worldwide?",Marion Greene | St. Jude Medical,Marion Greene | Health services research | St. Jude Medical | Sachin H. Jain | Diana Zuckerman | 25 Field Ambulance | Cardinal Health | Joseph Anderer | Edward D. Martin | Rodney Slatford,1,1,1.0,0,1,1.0,0.5,1.0,1.0,1.0
bm25,pooled,5ab6369655429953192ad2a1,comparison,hard,Which Genus has more species Eucryphia or Lepidozamia ?,Eucryphia | Lepidozamia,Eucryphia | Lepidozamia | Myiodynastes | Stenocereus | Huernia | Ingerophrynus | Sinopieris | Caladenia | Sinocyclocheilus | Ajuga,1,1,1.0,1,1,1.0,1.0,1.0,1.0,1.0
bm25,pooled,5ae628f55542995703ce8b32,bridge,hard,"In what city was the Italian Baroque composer who composed a set of sonatas, titled Op. 5, born?","Antonio Vivaldi | Six Violin Sonatas, Op. 5 (Vivaldi)","Six Violin Sonatas, Op. 5 (Vivaldi) | Domenico Scarlatti | George Frideric Handel | Jean-Baptiste Senaillé | Luigi Rossi | Lorenzo Ratti | Francesco Scarlatti | Antonio Vivaldi | Jacopo Puccini | Live at Winterland 1978 (Avengers album)",1,1,1.0,0,0,1.0,0.5,0.5,1.0,1.0
bm25,pooled,5adccdd55542992c1e3a2408,bridge,hard,"Meaning ""reddish water"" in Hawaiian, which location was Butch Van Artsdalen known for surfing 25-foot waves at?","Butch Van Artsdalen | Waimea Bay, Hawaii","Butch Van Artsdalen | Tow-in surfing | Waimea Bay, Hawaii | Mister Pipeline | Brylan Van Artsdalen | Supertubos | Sága and Sökkvabekkr | Lake surfing | Barton Lynch | No Prima Donna: The Songs of Van Morrison",1,1,1.0,0,1,1.0,0.5,1.0,1.0,1.0
bm25,pooled,5abd1529554299114383a1e3,bridge,hard,What type of magazine is Eugene Habecker the chairman of?,Christianity Today | Eugene Habecker,Eugene Habecker | Eugene Melnyk | QBB-95 | Eugene R. Black Sr. | Chasing Daylight (book) | Eugene Cross Park | Type 4 rifle | What Are Little Girls Made Of? | Bu Xiaolin | The Memory of Our People,1,1,1.0,0,0,0.0,0.5,0.5,0.5,1.0
bm25,pooled,5a78db8055429970f5fffdb2,bridge,hard,"Flyboys stars which actor who was nominated for an Academy Award for ""127 Hours""?",Flyboys (film) | James Franco,Danny Boyle | Divorce Italian Style | Agee (film) | James Franco | Treat Williams | Ava DuVernay | Enrico Casarosa | Mary Zophres | Christopher Greenbury | My Brother (2006 film),0,1,1.0,0,0,0.0,0.0,0.5,0.5,0.25
bm25,pooled,5ab9debb55429955dce3ed97,bridge,hard,"The English actor Kris Marshall played which character in the highly rated comedy-drama television series ""Death in Paradise""?",Death in Paradise (TV series) | Kris Marshall,Humphrey Goodman | Death in Paradise (TV series) | Kris Marshall | Ambulance (TV series) | List of Death in Paradise episodes | George Hammond (Stargate) | Damon Dark | Battle for the Bell | Roger Howarth | Milton (cartoon),1,1,1.0,0,1,1.0,0.5,1.0,1.0,0.5
bm25,pooled,5ae791ef55429952e35ea979,bridge,hard,In what month was the relief first officer of the flight that crashed on its way to Cairo with a stop in New York Born?,EgyptAir Flight 990 | Gameel Al-Batouti,EgyptAir Flight 990 | Gameel Al-Batouti | Third officer (aeronautics) | Air Tahoma Flight 185 | New York Society of Model Engineers | LeRoy W. Homer Jr. Foundation | Summit Air Flight 409 | FedEx Express Flight 80 | Colgan Air Flight 9446 | Andrea Stewart-Cousins,1,1,1.0,1,1,1.0,1.0,1.0,1.0,1.0
bm25,pooled,5ab8f7535542991b5579f0a7,comparison,hard,Which film was released first: Sacred Planet or Oz the Great and Powerful?,Oz the Great and Powerful | Sacred Planet,Sacred Planet | Oz the Great and Powerful | The Great Gilly Hopkins (film) | The Marvelous Land of Oz | The General (1926 film) | James Franco | Planet Terror | Peter Pan (1953 film) | Great Eastern Conventions | The Hour of Bewilderbeast,1,1,1.0,1,1,1.0,1.0,1.0,1.0,1.0
bm25,pooled,5ac119335542992a796dede4,bridge,hard,I'd Come for You is a single by the band formed in what Alberta city?,I'd Come for You | Nickelback,The Smalls | Make Love Not War (album) | I'd Come for You | Notorious (The Saturdays song) | Chris Robinson Brotherhood | Mad Season (band) | Icehouse (song) | Wondering (Dirty Pretty Things song) | I Against I | Don't Let the Sun Catch You Crying,0,1,1.0,0,0,0.0,0.0,0.5,0.5,0.3333333333333333
bm25,pooled,5a7d2afd5542995f4f402221,comparison,hard,"Who is older, Ferdi Taygan or Mahesh Bhupathi?",Ferdi Taygan | Mahesh Bhupathi,Ferdi Taygan | 1983 Volvo International – Doubles | 1982 French Open – Men's Doubles | Mahesh Bhupathi Tennis Academy | Mahesh Bhupathi | 2000 Wimbledon Championships – Men's Doubles | 1982 Volvo Masters – Doubles | 1982 U.S. Pro Indoor – Doubles | 1983 Donnay Indoor Championships – Doubles | 1982 US Open – Mixed Doubles,1,1,1.0,0,1,1.0,0.5,1.0,1.0,1.0
bm25,pooled,5a8dd5f955429917b4a5bcc7,bridge,hard,"Other than racing, what sport does the 1998 champion of the Toyota GRand Prix practice?",1998 Toyota Grand Prix of Long Beach | Alex Zanardi,1998 Toyota Grand Prix of Long Beach | 2014 Toyota Grand Prix of Long Beach | 2017 Toyota Grand Prix of Long Beach | 2013 Toyota Grand Prix of Long Beach | Toyota Pro/Celebrity Race | 2015 Toyota Grand Prix of Long Beach | 2006 Toyota Grand Prix of Long Beach | 2016 Toyota Grand Prix of Long Beach | 2009 Singapore Grand Prix | Ryan Hunter-Reay,1,1,1.0,0,0,0.0,0.5,0.5,0.5,1.0
bm25,pooled,5a83a532554299334474606f,bridge,hard,Where did Ian Harland study prior to studying at the oldest college at the University of Cambridge?,"Ian Harland | Peterhouse, Cambridge","Wolfson College, Cambridge | UC Berkeley College of Natural Resources | Doehling–Heselton Memorial Trophy | College of Charleston | Trinity Hall Boat Club | John MacGregor, Baron MacGregor of Pulham Market | Campbell Field (Colorado) | King's College London | Holly Bruder | Scott Christian College",0,0,0.0,0,0,0.0,0.0,0.0,0.0,0.0
bm25,pooled,5a90692f5542990a98493625,bridge,hard,In what 1997 American mystery crime film did Johnny Galecki start in?,Johnny Galecki | Suicide Kings,Johnny Galecki | Suicide Kings | The Mystery of the Yellow Room (1919 film) | Herbert Brean | Morgan's Ferry | The Renegades | Rajanadai | Kingston: Confidential | Slash's Blues Ball | The Law &amp; Harry McGraw,1,1,1.0,1,1,1.0,1.0,1.0,1.0,1.0
bm25,pooled,5a7555215542996c70cfaee1,comparison,hard,"Which came to market first, ""Hey Pa! There's a Goat on the Roof"" or ""Poleconomy""",Hey Pa! There's a Goat on the Roof | Poleconomy,Hey Pa! There's a Goat on the Roof | Rove goat | Vetigel | Bukkehorn | Pashmina | House of Capet | Andlang | Poleconomy | Universal remote | Ford flathead V8 engine,1,1,1.0,0,0,1.0,0.5,0.5,1.0,1.0
bm25,pooled,5a90580655429933b8a204ef,bridge,hard,What record did the Super Bowl XXXIV champions finish the regular-season with in 1999?,1999 St. Louis Rams season | 2000 Tennessee Titans season,Super Bowl LIII | Ricky Proehl | Ted Plumb | Super Bowl XXXIV | Super Bowl XXXVII | Bill Leavy | 2000 Tennessee Titans season | Dré Bly | Robin Cole | 1999 St. Louis Rams season,0,0,1.0,0,0,1.0,0.0,0.0,1.0,0.14285714285714285
bm25,pooled,5a88e605554299206df2b39c,bridge,hard,What is the population of the town at the intersection of Interstate Highways 77 and  the longest Interstate highway within the borders of Virginia?,"Interstate 81 in Virginia | Wytheville, Virginia","List of Interstate Highways in Illinois | List of Interstate Highways in Texas | List of Interstate Highways in Maryland | List of auxiliary Interstate Highways | Wytheville, Virginia | Interstate 81 in Virginia | List of Interstate Highways in New York | Interstate 85 in Virginia | 1962 Utah state route renumbering | Interstate 40 in North Carolina",0,1,1.0,0,0,1.0,0.0,0.5,1.0,0.2
bm25,pooled,5add67915542992200553af8,bridge,hard,What was the nickname of the hitman hired by an Italian American Criminal Organization?,Philadelphia crime family | Salvatore Testa,First Italo-Ethiopian War | Barrow Gang | Salvatore Testa | Jean Baptiste Assenede | Joseph LoPiccolo (organized crime) | Los Angeles crime family | Thomas H. Gale House | National Italian American Sports Hall of Fame | The Sopranos | Reggie Witherspoon (basketball),0,1,1.0,0,0,0.0,0.0,0.5,0.5,0.3333333333333333
bm25,pooled,5a8463545542990548d0b2a3,bridge,hard,What was the position of Jean Baptiste Androuet du Cerceau under the man who was King of the Polish-Lithuanian Commonwealth from 1573 to 1575?,Henry III of France | Jean Baptiste Androuet du Cerceau,Jean Androuet du Cerceau | Paul Androuet du Cerceau | Henry III of France | Jean Baptiste Androuet du Cerceau | Jacques I Androuet du Cerceau | Salomon de Brosse | Warsaw Confederation | Androuet du Cerceau | Jean Baptiste Assenede | Jean-Baptiste Senaillé,0,1,1.0,0,1,1.0,0.0,1.0,1.0,0.3333333333333333
bm25,pooled,5a74684655429929fddd8410,bridge,hard,"Which American music star appeared as a guest in a Will & Grace episode called ""Back Up, Dancer""?","Back Up, Dancer | Janet Jackson","Back Up, Dancer | Will &amp; Grace | Vala Mal Doran | Lisa Wilcox | The Surreal Life: Fame Games | Marry Me a Little, Marry Me a Little More | Blythe Danner | Emily Bowker | Evicted! | Marta Ribera",1,1,1.0,0,0,0.0,0.5,0.5,0.5,1.0
bm25,pooled,5a835c9f5542992ef85e228a,bridge,hard,What army did the namesake of the ship launched as the München in 1930 fight in during the American Revolutionary War?,Friedrich Wilhelm von Steuben | SS General von Steuben,SS General von Steuben | HMS Swan (1767) | United States Army | HMS Vulture (1776) | Robert Plampin | MV Empire Windrush | Friedrich Wilhelm von Steuben | John Adlum | Tobago (1793 ship) | 1st Virginia State Regiment,1,1,1.0,0,0,1.0,0.5,0.5,1.0,1.0
bm25,pooled,5ae7edee554299540e5a56ad,bridge,hard,The Church of the Guanche People was founded in the city that is on the most populated island of what larger area?,Church of the Guanche People | Tenerife,"Wheeling Island | Church of the Guanche People | Loppa Church | Karlsøy Church | Bjørnøya, Haram | Mactan | Tenerife | Pungdo | Staten Island | Guanche mummies",1,1,1.0,0,0,1.0,0.5,0.5,1.0,0.5
bm25,pooled,5a8ee4315542990e94052ba7,bridge,hard,What officially ended the first phase of the military conflict between the British Raj and the Emirate of Afghanistan from 1878 to 1880?,Second Anglo-Afghan War | Treaty of Gandamak,"Second Anglo-Afghan War | Emirate of Afghanistan | Shagai Plateau | Bukhara operation (1920) | Afghan Civil War (1996–2001) | Treaty of Gandamak | Edict of Amboise | Maiwand Lion | Military history of Mexico | Line 2, Suzhou Rail Transit",1,1,1.0,0,0,1.0,0.5,0.5,1.0,1.0
bm25,pooled,5a8cb288554299585d9e3726,bridge,hard,"The mass killing that took place at Oakland, California on April 2, 2012 was less deadly than the one that took place on October 1, 2015 in which state?",Oikos University shooting | Umpqua Community College shooting,2015 Cricket World Cup opening ceremony | Los Cabos International Film Festival | April 2007 Mosul massacre | 2015 Toyota Grand Prix of Long Beach | Gymnastics at the 2002 Asian Games | Račak massacre | Oikos University shooting | Tezno massacre | Battle of Clitheroe | 1972 American League Championship Series,0,0,1.0,0,0,0.0,0.0,0.0,0.5,0.14285714285714285
bm25,pooled,5adfbca255429942ec259b2c,bridge,hard,"When did the rock band that sang ""All Join Hands"" rise to prominence? ",All Join Hands | Slade,All Join Hands | Rise Above (Dirty Projectors album) | Crackers: The Christmas Party Album | The Joys of Living 2008–2010 | All I Wanna Do Is Make Love to You | All That You Are (Goo Goo Dolls song) | Cat Butt | Tom Morello discography | Slash's Blues Ball | Steve Miller Band,1,1,1.0,0,0,0.0,0.5,0.5,0.5,1.0
bm25,pooled,5ae24abc5542994d89d5b3c3,bridge,hard,Where is the company that owns thanKing Horse pub restaurant chain based ?,Greene King | Hungry Horse,Greene King | Piccadilly Pub | Todai (restaurant) | Hero Certified Burgers | The Works (restaurant) | Klenger Burger | The Chessels | Fazoli's | VIP's | Chefette,1,1,1.0,0,0,0.0,0.5,0.5,0.5,1.0
bm25,pooled,5ab802085542990e739ec7ca,bridge,hard,What is the uppermost age range for the sort of fiction written by Alexander Gordon Smith?,Alexander Gordon Smith | Young adult fiction,Young adult fiction | The Inventors | Escape from Furnace | Junior school | George Gordon (bishop) | Sugardaddyforme.com | History of Wales | The Fear Merchants | What Are Little Girls Made Of? | Irish prose fiction,1,1,1.0,0,0,0.0,0.5,0.5,0.5,1.0
bm25,pooled,5adfa3da554299025d62a317,bridge,hard,"What is the birthday of the actress who was the Duchess in ""The Revengers Tragedy""?",Diana Quick | Revengers Tragedy,The Duchess of Padua | Emily Jewell | The Wonderful Thing About Tiggers | Revengers Tragedy (album) | Carole Gray | The Duchess and the Jeweller | 1925 Birthday Honours | 2016 Birthday Honours | Revengers Tragedy | Shagai Plateau,0,0,1.0,0,0,0.0,0.0,0.0,0.5,0.1111111111111111
bm25,pooled,5a76e88555429972597f13f4,bridge,hard,Which film starring Patrick Tatten is based on a book written by Steve Lopez?,Patrick Tatten | The Soloist,The Soloist | Can't Buy Me Love (film) | CrissCross | The Three Lives of Thomasina | Black 13 | Rizzo the Rat | The Great Gilly Hopkins (film) | Drive Angry | Time to Kill (1989 film) | American Hardcore (film),1,1,1.0,0,0,0.0,0.5,0.5,0.5,1.0
bm25,pooled,5ac3ae475542995ef918c1e5,comparison,hard,Are Skeptical Inquirer and The Progressive Populist both tabloid-style magazines?,Skeptical Inquirer | The Progressive Populist,"Skeptical Inquirer | The Progressive Populist | Barry Beyerstein | United States presidential election, 1892 | CSICon | Wonder en is gheen Wonder | Susan Gerbic | James Alcock | Mabel Greer's Toyshop | Canadian federal election, 1926",1,1,1.0,1,1,1.0,1.0,1.0,1.0,1.0
bm25,pooled,5abffc41554299012d1db551,bridge,hard,"The 1984 film ""Marlene"" is a documentary about an actress born in what year?",Marlene (1984 film) | Marlene Dietrich,Marlene (1984 film) | A Summer in the Cage | Lisa Wilcox | Daniela Castillo | Home Dead (album) | Gina Pareño | Staten Island Catapult | Doddanna | Agee (film) | New Haven Documentary Film Festival,1,1,1.0,0,0,0.0,0.5,0.5,0.5,1.0
bm25,pooled,5ae4c39f5542995dadf243fb,bridge,hard,Which former mill town is near Rivington Hall Barn?,Bolton | Rivington Hall Barn,"Rivington Hall Barn | Rivington Hall | Wilton, Maine | Almonte, Ontario | Savage, Maryland | Gilbert Town Historic District | Manor of Rivington | Callington Mill | Muddy Creek Forks Historic District | Leda (river)",1,1,1.0,0,0,0.0,0.5,0.5,0.5,1.0
bm25,pooled,5a79c6a55542994bb9457091,bridge,hard,"What prolific English engineer, who died on 15 December 1857, contributed to the advent of the hot air engine by way of their open cycle devices?",George Cayley | Hot air engine,Hot air engine | Gas-generator cycle | Piccard Balloons | George Cayley | Manson-Guise Engine | External combustion engine | Volvo T6 | Zero (game engine) | Air Tahoma Flight 185 | Indigenous peoples of Florida,1,1,1.0,0,1,1.0,0.5,1.0,1.0,1.0
bm25,pooled,5a7be5bd5542997c3ec972ba,comparison,hard,"Which dog is considered a giant dog breed, the  Leonberger or the Basset Hound?",Basset Hound | Leonberger,Leonberger | Cão de Gado Transmontano | Basset Hound | Bulldog | Dog Tales (1958 film) | List of U.S. state dogs | Breed standard (dogs) | Collie | Manchester Terrier | Giant dog breed,1,1,1.0,0,1,1.0,0.5,1.0,1.0,1.0
bm25,pooled,5a7ec61a55429934daa2fc5f,comparison,hard,Are Staten Island Catapult and This Is Elvis both documentaries?,Staten Island Catapult | This Is Elvis,"Staten Island Catapult | Staten Island | Staten Island Borough Hall | St. George, Staten Island | College of Staten Island Baseball Complex | Staten Island Community Board 1 | Staten Island Technical High School | This Is Elvis | Staten Island Register | Vilsandi",1,1,1.0,0,0,1.0,0.5,0.5,1.0,1.0
bm25,pooled,5a7cb9b95542990527d55515,bridge,hard,"What is the year of the event that occured first, Making Today a Perfect Day was produced, or Frozen was produced?",Frozen Fever | Making Today a Perfect Day,"Making Today a Perfect Day | A Young Girl in 1941 with No Waist at All | WWE Extreme Rules | New Scandinavian Cooking | WWE One Night Stand | Worcester, Massachusetts | MEO Rip Curl Pro Portugal | Battle of Alhandic | Corieltauvi | Armed Forces Day (Poland)",1,1,1.0,0,0,0.0,0.5,0.5,0.5,1.0
bm25,pooled,5a867089554299211dda2b30,comparison,hard,"Which magazine is published more often, Shonen Jump or Rolling Stone?",Rolling Stone | Shonen Jump (magazine),Weekly Shonen Jump (American magazine) | Shonen Jump (magazine) | Cross Manage | Gallery (magazine) | Hänt Bild | Kyosuke Usuta | Black Clover | Nisekoi | List of Bobobo-bo Bo-bobo chapters | The Progressive Populist,1,1,1.0,0,0,0.0,0.5,0.5,0.5,0.5
bm25,pooled,5ae1801955429901ffe4aec4,bridge,hard,Where is the Cocoa Krispies and former Superman sponsor located?,Adventures of Superman (TV series) | Kellogg's,1 Wall Street Court | Cocoa Krispies | Wisconsin Center | Vodafone Events Centre | Ashanti Region | Adventures of Superman (TV series) | Champ Bailey | Locke the Superman | 10 Hronia Mazi | Batman v Superman: Dawn of Justice,0,0,1.0,0,0,0.0,0.0,0.0,0.5,0.16666666666666666
bm25,pooled,5a76387d554299109176e6ba,comparison,hard,Who was born first Am Rong or Ava DuVernay ?,Am Rong | Ava DuVernay,Ava DuVernay | Emayatzy Corinealdi | Am Rong | Spencer Averick | Selma (film) | Robert Glasper | ♯JusticeForFlint | Just as I Am (Yolanda Adams album) | Mamzer | Takeshi Fukunaga,1,1,1.0,0,1,1.0,0.5,1.0,1.0,1.0
bm25,pooled,5abd0d635542992ac4f381b8,bridge,hard,How many days did it take the Best New Artist of 2009 to sell 2 million copies of an album in the UK and break a twenty year old record?,Adele | Robson &amp; Jerome (album),Robson &amp; Jerome (album) | Encore (Eminem album) | List of Billboard 200 number-one albums of 2002 | Zeresenay Alemseged | MTV Video Music Award for Best New Artist | Billy Ray Cyrus discography | Premio Lo Nuestro 2003 | The Foundation (Zac Brown Band album) | Suanfa tongzong | Chasing Daylight (book),1,1,1.0,0,0,0.0,0.5,0.5,0.5,1.0
bm25,pooled,5ae68fcb5542992ae0d1635b,bridge,hard,"""Ew!"" is a song by a television host born where?",Ew! | Jimmy Fallon,Ew! | Denis Latin | Erika Moulet | Zhu Xun | Me! I'm Afraid of Virginia Woolf | Mamzer | Janine Gutierrez | Krusty the Clown | Billy Boy | Jason Byrne (comedian),1,1,1.0,0,0,0.0,0.5,0.5,0.5,1.0
bm25,pooled,5ab28b12554299449642c8ee,bridge,hard,The northern English anglian Kingdom in the Humber estuary spoke what dialect of english?,Kingdom of Northumbria | Northumbrian dialect,Kingdom of Northumbria | Northumbrian dialect | Essex dialect | Humber Forts | Cumbrian dialect | South Ferriby | Humberhead Levels | Humber Warhawks | M180 motorway | Humberside,1,1,1.0,1,1,1.0,1.0,1.0,1.0,1.0
bm25,pooled,5a7133565542994082a3e65c,bridge,hard,"What Kentucky county has a population of 60,316 and features the Lake Louisvilla neighborhood?","Lake Louisvilla, Louisville | Oldham County, Kentucky","Lake Louisvilla, Louisville | Casey County, Kentucky | Tara Conner | Battle of Blue Licks | Brown County, Kansas | Kentucky County, Virginia | Higgins Lake | Woodsville, New Hampshire | John Logan (pioneer) | Commanda Lake",1,1,1.0,0,0,0.0,0.5,0.5,0.5,1.0
bm25,pooled,5abbd3ac55429931dba1458b,comparison,hard,Are both Duke Energy and Affiliated Managers Group based in Massachusetts?,Affiliated Managers Group | Duke Energy,Affiliated Managers Group | Duke Energy Florida | Crystal River Energy Complex | Progress Energy Inc | Sabal Trail Transmission Pipeline | Sean Healey | Darrell Crate | Crescent Communities | Energy shot | Hot air engine,1,1,1.0,0,0,0.0,0.5,0.5,0.5,1.0
bm25,pooled,5a85ab905542994c784ddb35,bridge,hard,"Two positions were filled in The Voice of Ireland b which British-Irish girl group based in London, England?",The Saturdays | The Voice of Ireland (series 4),List of Girls Aloud concert tours | The Saturdays | Headlines! | Vanessa White | On Your Radar | Charlotte Hornets draft history | Steeltown (band) | 2017 Rugby League World Cup Group C | Issues (The Saturdays song) | We Laughed,1,1,1.0,0,0,0.0,0.5,0.5,0.5,0.5
bm25,pooled,5a8d93ad554299653c1aa13d,comparison,hard,"Who was also an actor, Serri or John Fogerty?",John Fogerty | Serri (singer),John Ince (actor) | Sal Mineo | Ralph Ince | John Waters | Jester | John Lithgow | Changmin | MEO Rip Curl Pro Portugal | Ed Wood | Almost Saturday Night,0,0,0.0,0,0,0.0,0.0,0.0,0.0,0.0
bm25,pooled,5a886886554299206df2b258,bridge,hard,"What is the international football competition for women that Liu Ailing played in the 1991,1995, 1999 editions?",FIFA Women's World Cup | Liu Ailing,Liu Ailing | EAFF E-1 Football Championship | Togo women's national football team | EAFF E-1 Football Championship (women) | 2016 COTIF Tournament | FIFA Women's World Cup | Switzerland women's national football team | Champ Bailey | J. J. Syvrud | 1994 FA Women's Cup Final,1,1,1.0,0,0,1.0,0.5,0.5,1.0,1.0
bm25,pooled,5a7c6bcc55429935c91b519c,bridge,hard,Rock Springs is a collection of short stories by an author born in what year?,Richard Ford | Rock Springs (short story collection),Rock Springs (short story collection) | Mai Al-Nakib | Ambulanse | A Good Man Is Hard to Find and Other Stories | The Rest of the Robots | Vacuum Diagrams | Roald Dahl: Collected Stories | Armageddon in Retrospect | The Collected Short Stories of Roald Dahl | Who Goes There? (collection),1,1,1.0,0,0,0.0,0.5,0.5,0.5,1.0
bm25,pooled,5a825bb455429940e5e1a874,bridge,hard,Folie à Deux is a studio album by the American rock band formed in which city?,Fall Out Boy | Folie à Deux (album),Folie à Deux (album) | Daughtry (album) | Headfirst Slide into Cooperstown on a Bad Bet | Hallelujah! I'm a Bum (album) | Believers Never Die Tour Part Deux | I Don't Care (Fall Out Boy song) | Guns N' Roses discography | In It to Win It (Saliva album) | Under Your Skin (album) | Radiohead Box Set,1,1,1.0,0,0,0.0,0.5,0.5,0.5,1.0
bm25,pooled,5a72a0be5542992359bc3143,bridge,hard,"This work of literature _______ , known by its Greek title Oedipus Tyrannus was argued by Sigmund Freud to be one of the greatest works of world literature in his 1928 article. ",Dostoevsky and Parricide | Oedipus Rex,Dostoevsky and Parricide | The Life and Work of Sigmund Freud | The Interpretation of Dreams | Oedipus Rex | The Assault on Truth | Why Freud Was Wrong | Freud and Philosophy | Bridge to Terabithia (novel) | Peter Swales (historian) | W. F. Morris,1,1,1.0,0,1,1.0,0.5,1.0,1.0,1.0
bm25,pooled,5ade15f35542997545bbbe47,bridge,hard,Katherine Waterston and Chrisann Brennan has what in common?,Chrisann Brennan | Katherine Waterston,Katherine Waterston | Chrisann Brennan | The Bite in the Apple | Logan Lucky | Lisa Brennan-Jobs | Tweedledum and Tweedledee | David S. Touretzky | Bridge to Terabithia (1985 film) | Poison (American band) | History of Wales,1,1,1.0,1,1,1.0,1.0,1.0,1.0,1.0
bm25,pooled,5a77cb5e55429967ab1052a7,bridge,hard,"The voice of Homer Simpson also voices what alien character in the television series ""The Simpsons""?",Dan Castellaneta | Kang and Kodos,Hubert Gagnon | Grampa Simpson | Dan Castellaneta | Santa's Little Helper | Ned Flanders | Homer to the Max | Damon Dark | Kate Higgins | Krusty the Clown | Jeff Bennett,0,1,1.0,0,0,0.0,0.0,0.5,0.5,0.3333333333333333
bm25,pooled,5a83aaeb5542996488c2e483,bridge,hard,What studio album did Kanye West record with Roc-A-Fella Records and soul singer Dwele?,My Beautiful Dark Twisted Fantasy | Power (Kanye West song),Watch the Throne | The College Dropout | Late Registration | My Beautiful Dark Twisted Fantasy | PRhyme | Graduation (album) | Power (Kanye West song) | Gumbo (PJ Morton album) | Hip Hop Since 1978 | The People (Common song),0,1,1.0,0,0,1.0,0.0,0.5,1.0,0.25
bm25,pooled,5ac4392e5542997ea680ca32,comparison,hard,Were Enrique Carreras and Lionel Ngakane both filmakers during the 20th century? ,Enrique Carreras | Lionel Ngakane,Enrique Carreras | Lionel Ngakane | Carreras Cigarette Factory | John Darby (Dean of Chester) | Enrique Grau | Lionel S. Reiss | Enrique Echeverría | Enrique Banchs | Manuel Quiroga (violinist) | Conchita Badía,1,1,1.0,1,1,1.0,1.0,1.0,1.0,1.0
bm25,pooled,5a7f5c9f55429969796c1a0f,bridge,hard,The city that contains the Yunnan Provincial Museum is also known by what nickname?,Kunming | Yunnan Provincial Museum,Kunming Museum | Yunnan Provincial Museum | Yangzong Lake | Karel Dežman | Flores Island Marine Provincial Park | Kunming | Historic Camden Revolutionary War Site | Dali–Ruili Railway | Luang Namtha Museum | Narrow Hills Provincial Park,1,1,1.0,0,0,1.0,0.5,0.5,1.0,0.5
bm25,pooled,5a8b770f5542995d1e6f13a7,bridge,hard,"Where is the singer of ""B Boy"" raised?",B Boy (song) | Meek Mill,B Boy (song) | B Boy Baby | Billy Boy | Edith Walks | Lady Antebellum | Vanda &amp; Young | Small Town Boy (song) | Interstate 85 in Virginia | Robby Benson | Adenocarpus viscosus,1,1,1.0,0,0,0.0,0.5,0.5,0.5,1.0
bm25,pooled,5ae3dc205542992f92d823a1,bridge,hard,The Column of Saint Zanobi  is a monumental marble column located just north of religious building with the status of what?,"Colonna di San Zanobi, Florence | Florence Baptistery","Colonna di San Zanobi, Florence | Piazza Colonna | Colonna dell'Abbondanza, Florence | Column of Phocas | Berlin Peace Column | Pestsäule, Vienna | Column of the Vicariate | Alexander II Column in Odessa | Florence Baptistery | San Jacinto Monument",1,1,1.0,0,0,1.0,0.5,0.5,1.0,1.0
bm25,pooled,5a7cf29255429909bec768b8,bridge,hard,The Ingerophrynus gollum is named after a character in a book that sold how many copies?,Ingerophrynus gollum | The Lord of the Rings,Ingerophrynus | Gollum | Gollum (genus) | Ingerophrynus gollum | Gollum: How We Made Movie Magic | Suanfa tongzong | Jeep Cherokee | Unbreakable (film) | Seven Brief Lessons on Physics | Ramsay Street,0,1,1.0,0,0,0.0,0.0,0.5,0.5,0.25
bm25,pooled,5a79f6ca554299029c4b5f90,bridge,hard,"What Danish eurodance group had a single called ""Barbie Girl"" which resulted in a lawsuit in 2002?","Aqua (band) | Mattel, Inc. v. MCA Records, Inc.","Doctor Jones | Aqua (band) | Lollipop (Candyman) | René Dif | Fraley v. Facebook, Inc. | Baby Girl (Sugarland song) | Søren Rasted | Søndagsbarn | Aquarium (Aqua album) | Dub-I-Dub",1,1,1.0,0,0,0.0,0.5,0.5,0.5,0.5
bm25,pooled,5a8e3dc05542995085b37401,comparison,hard,"Which case was decided first, Selle v. Gibb or Reynolds v. Sims?",Reynolds v. Sims | Selle v. Gibb,"Van Staphorst v. Maryland | West v. Barnes | Reynolds v. Pegler | Reynolds v. United States | Hirabayashi v. United States | George Reynolds (Mormon) | United States v. Paramount Pictures, Inc. | Hoffman v. Jones | Mississippi University for Women v. Hogan | City of Norwood v. Horney",0,0,0.0,0,0,0.0,0.0,0.0,0.0,0.0
bm25,pooled,5ade24e35542992fa25da6e6,bridge,hard,Mamie Gummer played the role of Nancy Crozier on the TV series airing on what network?,Mamie Gummer | The Good Wife,Mamie Gummer | Burt Gummer | The Voice Kids (Arabic TV series) | Hank Zipzer's Christmas Catastrophe | Pakdam Pakdai | Kamen Rider Battle: Ganbaride | Love It or List It Vancouver | Sara Botsford | Jeremy Schoenberg | Casey Braxton,1,1,1.0,0,0,0.0,0.5,0.5,0.5,1.0
bm25,pooled,5ab5f854554299637185c64e,bridge,hard,What country do both Adnan Akmal and Kamran Akmal represent in cricket?,Adnan Akmal | Kamran Akmal,Adnan Akmal | Kamran Akmal | Umar Akmal | Zulqarnain Haider | 2013 East Africa Premier League | Lahore Qalandars in 2016 | 999 (Malaysian TV series) | 2011 Pan American Games | Hometown News | Hanna–McEuen,1,1,1.0,1,1,1.0,1.0,1.0,1.0,1.0
bm25,pooled,5ab5b6c1554299637185c5e5,comparison,hard,Did Franki Valli sing with Hellogoodbye or The Four Seasons?,Hellogoodbye | The Four Seasons (band),The Wonder Who? | The Four Seasons (band) | Dean Valli | Valli (album) | Bobby Fox | My Eyes Adored You | Jersey Boys: Original Broadway Cast Recording | Hellogoodbye | The Voice Kids (Arabic TV series) | Kegelhelm,1,1,1.0,0,0,1.0,0.5,0.5,1.0,0.5
bm25,pooled,5ae25ed15542992decbdccd2,comparison,hard,Both Sorbaria and Goldenrod are a genus of more than 50 flowering plants?,Goldenrod | Sorbaria,Sorbaria | Ehretia | Marsileaceae | Solidago rupestris | Solidago curtisii | Silene | Huernia | Goldenrod | Solidago rugosa | Paracaleana,1,1,1.0,0,0,1.0,0.5,0.5,1.0,1.0
bm25,pooled,5ab808ea5542991d3222380e,bridge,hard,"What is the capacity of the Stadium, other than Kauffman Stadium, designed by Charles Deaton ? ",Arrowhead Stadium | Charles Deaton,Arrowhead Stadium | Kauffman Stadium | Charles Deaton | 2012 Kansas City Royals season | Curzon Ashton F.C. | ŠNK Radgona | Thomas H. Gale House | Tower Hill Memorial | The Kids of Catan | Manchester United F.C.,1,1,1.0,0,1,1.0,0.5,1.0,1.0,1.0
bm25,pooled,5ae5072e55429960a22e0246,bridge,hard,"Who is the current drummer of the band who did the song ""What Lovers Do""?",Maroon 5 | What Lovers Do,What Lovers Do | Mark Castillo | List of Canned Heat members | Peter Morén (drummer) | Goo Goo Dolls (album) | Hans Orifice | Nickelback | The Unguided | Kent Stax | The Magical Legend of the Leprechauns,1,1,1.0,0,0,0.0,0.5,0.5,0.5,1.0
bm25,pooled,5ac01bca5542992a796dec8d,bridge,hard,What 2017 Christopher B. Landon directed American slasher film is Jessica Rothe starring in?,Happy Death Day | Jessica Rothe,Happy Death Day | Jessica Rothe | Scouts Guide to the Zombie Apocalypse | Forever My Girl | Savage Weekend | Fatal Games | Paranormal Activity: The Marked Ones | Last Man Standing (1996 film) | Striking Distance | My Bloody Valentine 3D,1,1,1.0,1,1,1.0,1.0,1.0,1.0,1.0
bm25,pooled,5adf34d35542993a75d26425,bridge,hard,Who was the president of the Sinn Fein political party during the Hume-Adams Dialogue?,Gerry Adams | Hume–Adams dialogue,Gerry Adams | Sinn Féin Front Bench | Workers' Party of Ireland | Leader of Sinn Féin | Republican Sinn Féin | Volunteer Political Party | Sinn Féin Republican Youth | History of Sinn Féin | Hume–Adams dialogue | Donald Trump (Last Week Tonight),1,1,1.0,0,0,1.0,0.5,0.5,1.0,1.0
bm25,pooled,5add67555542992ae4cec54e,comparison,hard,Which of these battles occurred earlier--the Battle of Peleliu or the Battle of Belleau Wood?,Battle of Belleau Wood | Battle of Peleliu,Battle of Belleau Wood | Battle of the Burbia River | Battle of Calabria | Battle of Alhandic | Battle of Silda | USS Belleau Wood | Battle of Klushino | Seven Days Union order of battle | Battle of Stones River | Battle of Blue Licks,1,1,1.0,0,0,0.0,0.5,0.5,0.5,1.0
bm25,pooled,5a8085705542992bc0c4a74b,bridge,hard,Garden Island Naval Chapel is the oldest Chistian chapel of a naval branch of what defence force?,Garden Island Naval Chapel | Royal Australian Navy,"Garden Island Naval Chapel | Royal Australian Navy | Royal Australian Navy Heritage Centre | United States naval gunfire support debate | Vietnam People's Navy | Australian Transformation and Innovation Centre | Naval gunfire support | List of ships of the Yugoslav Navy | Millington, Tennessee | C. Hugh Holman",1,1,1.0,1,1,1.0,1.0,1.0,1.0,1.0
bm25,pooled,5a756fa15542996c70cfaefb,bridge,hard,Július Satinský was born in a city that has a current population of what?,Bratislava | Július Satinský,"Július Satinský | Ellenbrook, Western Australia | Centro de Congresos Queretaro | Sabaa Al Bour | Biratnagar | Orlinda, Tennessee | Bangor, Maine | Chernivtsi | Lakeland, Tennessee | Memphis metropolitan area",1,1,1.0,0,0,0.0,0.5,0.5,0.5,1.0
bm25,pooled,5a7f6eab5542992097ad2f66,bridge,hard,"What was the name of the 19th century foundry which was located in a village directly across the Hudson River from Westpoint in Putnam County, New York?","Cold Spring, New York | Robert Parker Parrott","Cold Spring, New York | Garrison, New York | Bull Hill | Hudson Highlands State Park | Jones Point, New York | Hudson River Valley Greenway | Breakneck Brook | Woodsville, New Hampshire | West Memphis, Arkansas | New York State Route 121",1,1,1.0,0,0,0.0,0.5,0.5,0.5,1.0
bm25,pooled,5ae5e1345542996de7b71a50,bridge,hard,What fictional character created by Tom Clancy was turned into a film in 2002?,Jack Ryan (character) | The Sum of All Fears,Jack Ryan (character) | The Sum of All Fears | Tom Clancy's Net Force Explorers: Cold Case | Tom Clancy's Net Force Explorers: Deathworld | Tom Clancy's Net Force Explorers: High Wire | Tom Clancy's Net Force Explorers: Duel Identity | Tom Clancy's Net Force Explorers: Death Match | Tom Clancy's Net Force Explorers: Gameprey | Iroh | Kuvira,1,1,1.0,1,1,1.0,1.0,1.0,1.0,1.0
bm25,pooled,5a72c6f65542994cef4bc402,bridge,hard,Wheat salad is composed typically of what red fruit?,Tomato | Wheat salad,Wheat salad | Candle salad | Bean salad | Wheat allergy | Salad bar | Fruit salad | Thái Bình river system | Red River system | The Nerdist Podcast | English Setter,1,1,1.0,0,0,0.0,0.5,0.5,0.5,1.0
bm25,pooled,5a80ad7c5542992097ad3018,bridge,hard,What year did the biographical-comedy-crime film directed by Steven Soderbergh about the highest-level corporate executive whistleblower come out?,Mark Whitacre | The Informant!,And Everything Is Going Fine | Bubble (film) | Out of Sight | The Informant! | Gray's Anatomy (film) | Logan Lucky | Innerspace | Mark Whitacre | The Knick | No Plan (EP),0,1,1.0,0,0,1.0,0.0,0.5,1.0,0.25
bm25,pooled,5a77a65b5542992a6e59df57,bridge,hard,"when was the album that includes the song by Dustin Lynch released to country radio on February 17, 2017?",Current Mood | Small Town Boy (song),"Dustin Lynch (album) | Small Town Boy (song) | Where It's At (album) | Mind Reader (Dustin Lynch song) | Seein' Red (Dustin Lynch song) | Cowboys and Angels (Dustin Lynch song) | Current Mood | Kill the Lights (Luke Bryan album) | Back to December | Where It's At (Yep, Yep)",1,1,1.0,0,0,1.0,0.5,0.5,1.0,0.5
bm25,pooled,5a78b209554299148911f93e,comparison,hard,"Which playwright lived a longer life, Edward Albee or J. M. Barrie?",Edward Albee | J. M. Barrie,Reed A. Albee | Edward F. Albee Foundation | Edward Albee's At Home at the Zoo | Jack Gelber | Finding the Sun | Edward Albee | Oppenheimer Award | The Zoo Story | Flying with Music | Edgar Kaiser Jr.,0,0,1.0,0,0,0.0,0.0,0.0,0.5,0.16666666666666666
bm25,pooled,5ab85a1155429934fafe6d7c,comparison,hard,Are both Rutgers University and Carnegie Mellon University located in America?,Carnegie Mellon University | Rutgers University,Carnegie Mellon University in Qatar | David S. Touretzky | Jeff Friedman | Carnegie Mellon University | Dzvinia Orlowsky | Venkatesan Guruswami | Gloriana St. Clair | Lori L. Holt | CUPS (CMU) | Rutgers University,0,1,1.0,0,0,1.0,0.0,0.5,1.0,0.25
bm25,pooled,5a8da81e554299068b959d7e,bridge,hard,"Vanessa Bley is what person who organizes and often finances concerts, plays, or operas, performing a role?",Impresario | Vanessa Bley,Impresario | Vanessa Bley | Mozarteum Argentino | Financial plan | Freight forwarder | Shanghai Grand Theatre | Theater Erfurt | Joseph Anderer | Body cavity search | Mamzer,1,1,1.0,1,1,1.0,1.0,1.0,1.0,1.0
bm25,pooled,5ab8f57b5542991b5579f097,comparison,hard,Were Thomas H. Ince and Joseph McGrath of the same nationality?,Joseph McGrath (film director) | Thomas H. Ince,Ralph Ince | Elinor Kershaw | The Scourge of the Desert | John Ince (actor) | The Coward (1915 film) | Joseph McGrath (film director) | The Deserter (1912 film) | Thomas Ince: Hollywood's Independent Pioneer | Joe Scarborough | Thomas H. Gale House,0,0,1.0,0,0,0.0,0.0,0.0,0.5,0.16666666666666666
bm25,pooled,5ab6bf6d55429953192ad372,comparison,hard,Are Phlebodium and Pieris both species of ferns?,Phlebodium | Pieris (plant),Phlebodium | Pieris canidia | Phlebodium aureum | Pieris (plant) | Pieris floribunda | Goldenrod | Lepidozamia | Sinocyclocheilus | Caladenia | Pieris (butterfly),1,1,1.0,0,1,1.0,0.5,1.0,1.0,1.0
bm25,pooled,5ae7385d5542992ae0d163da,bridge,hard,Bartlett's Bridge was built by the engineer who worked for the county seat of which Massachusetts county?,"Bartlett's Bridge | Worcester, Massachusetts","Bartlett's Bridge | Main Street Bridge (Charles City, Iowa) | Eisenhower Bridge (Milton, Iowa) | Cerro Gordo County Courthouse (Iowa) | Sutliff Bridge | Shinn Covered Bridge | Gardnerville Branch Jail | Old Allamakee County Courthouse (Lansing, Iowa) | Seminole County, Oklahoma | Oldham County, Kentucky",1,1,1.0,0,0,0.0,0.5,0.5,0.5,1.0
bm25,pooled,5a7dd9445542997cc2c474ac,comparison,hard,"Which novelist, J. G. Farrell or Louis Aragon, wrote of the political and human consequences of his country's colonial rule?",J. G. Farrell | Louis Aragon,J. G. Farrell | Human rights in Niger | Origins of the Sri Lankan civil war | James Gunn | Les Chansons d'Aragon | Howard Warren Buffett | Fantastic Beasts and Where to Find Them (film) | Mwambutsa IV of Burundi | Open-air museums in Slovakia | Vietnam People's Navy,1,1,1.0,0,0,0.0,0.5,0.5,0.5,1.0
bm25,pooled,5ab446d455429942dd415f07,bridge,hard,What city did the characters from Gargoyles the Movie: The Heroes Awaken wake up in after being in an enchantedly petrified state for a thousand years?,Gargoyles (TV series) | Gargoyles the Movie: The Heroes Awaken,"Gargoyles (TV series) | Gargoyles the Movie: The Heroes Awaken | Escalante Petrified Forest State Park | Rainbow Girl | Newark, New Jersey | A Million Miles in a Thousand Years | Brian DelGrosso | Diplomatic mission | Orlinda, Tennessee | Teatro Giuseppe Verdi",1,1,1.0,1,1,1.0,1.0,1.0,1.0,1.0
bm25,pooled,5ac497025542997ea680ca8d,bridge,hard,Who were the producers of the show for which Chris McKay made his feature film directorial debut?,Chris McKay | The Lego Batman Movie,"ATL (film) | Brandon Dickerson | Paresh Mokashi | Spare Me (film) | Chris McKay | You Can't Kill Stephen King | Chimères (film) | Glee: The Music, The Power of Madonna | Tarzan (1999 film) | David Mirkin",0,1,1.0,0,0,0.0,0.0,0.5,0.5,0.2
bm25,pooled,5a7b7bed5542997c3ec971bc,bridge,hard,The Waterloo Vase has been used as a garden ornament at whose residence and administrative headquarters?,Buckingham Palace | Waterloo Vase,Waterloo Vase | Medici Vase | Borghese Vase | Garden ornament | Buckingham Palace | Sinuiju Special Administrative Region | Dime novel | Suikinkutsu | Whirligig | Achalla,1,1,1.0,0,1,1.0,0.5,1.0,1.0,1.0
bm25,pooled,5a89706055429951533612f9,bridge,hard,Scott Sandelin grew up in a town in what Minnesota county?,"Hibbing, Minnesota | Scott Sandelin","Scott Sandelin | John Scott (ice hockey) | Audra, Texas | Mike Beard (politician) | Lewiston, Dakota County, Minnesota | Mankato, Minnesota | Gerald R. Ford Freeway | Martin Mahoney | Scottsburg Courthouse Square Historic District | I Am... Gabriel",1,1,1.0,0,0,0.0,0.5,0.5,0.5,1.0
bm25,pooled,5ac02edb554299294b218f41,bridge,hard,The 37th Disney animated feature film Tarzan features You'll be in my heart by which artist?,Tarzan (1999 film) | You'll Be in My Heart,Tarzan (1999 film) | You'll Be in My Heart | Peter Pan (1953 film) | Hercules (1997 film) | The Sword in the Stone (film) | Dinosaur (film) | Brother Bear | Home on the Range (2004 film) | Beauty and the Beast (1991 film) | Lady and the Tramp,1,1,1.0,1,1,1.0,1.0,1.0,1.0,1.0
bm25,pooled,5ab67772554299110f219a12,bridge,hard,What type of media does J. T. Petty and Outlast have in common?,J. T. Petty | Outlast,J. T. Petty | Kegelhelm | Hollow-cathode lamp | HCL color space | Brad Parscale | Carol J. Adams | Donald J. Hall Jr. | EvidenceNetwork.ca | Collie | Petit jury,1,1,1.0,0,0,0.0,0.5,0.5,0.5,1.0
bm25,pooled,5a7b65ab5542997c3ec97144,bridge,hard,"Where did the architect of the Governor's House, located in Knutsford, graduate from college?","Edmund Sharpe | Governor's House, Knutsford","Governor's House, Knutsford | Thomas H. Gale House | Feirstein Graduate School of Cinema | Charles T. Holt House | Sculptured House | Chevron House | High Commission of Australia, London | Jeff Hoover | Gateway College of Architecture and Design | Elmwood Historic District–East",1,1,1.0,0,0,0.0,0.5,0.5,0.5,1.0
bm25,pooled,5a760faa5542994ccc9186a8,bridge,hard," What is the latest album of Tim Hecker, the Canadian electronic music maker?","Ravedeath, 1972 | Tim Hecker","An Imaginary Country | Harmony in Ultraviolet | Virgins (Tim Hecker album) | Ravedeath, 1972 | Radio Amor | Love Streams (album) | Haunt Me, Haunt Me Do It Again | Mirages (album) | Tim Hecker | Moonpark",0,1,1.0,0,0,1.0,0.0,0.5,1.0,0.25
bm25,pooled,5adbe1a7554299438c868cc3,bridge,hard,What is the name of this Fortune 500 American company that operates a chain of retail home improvement stores that sponsored House Rules?,House Rules (2003 TV series) | Lowe's,Lowe's | EpiCentre K | S.A.C.I. Falabella | Pergament Home Centers | Lithia Motors | Yardbirds Home Center | Lewis's | Maxeda | Ringer Hut | Brico Dépôt,1,1,1.0,0,0,0.0,0.5,0.5,0.5,1.0
bm25,pooled,5a80aeff5542996402f6a5eb,bridge,hard,"For what ""first"" was Ivory Lee Brown's nephew credited for in Heisman Trophy balloting?",Adrian Peterson | Ivory Lee Brown,Kurt Burris | Reds Bagnell | Heisman curse | 1964 Illinois Fighting Illini football team | Nick Eddy | Ivory Lee Brown | Casey Weldon | Bobby Humphrey | Darnell Autry | Adrian Peterson,0,0,1.0,0,0,1.0,0.0,0.0,1.0,0.16666666666666666
bm25,pooled,5ae74890554299572ea547af,bridge,hard,"Haruki Murakami said that writing ""Dance Dance Dance"" had been a healing act after his unexpected fame following the publication of a novel published in which year ?",Dance Dance Dance (novel) | Norwegian Wood (novel),"Dance Dance Dance (novel) | The Wind-Up Bird Chronicle | Dub-I-Dub | Dancing Stage Fusion | Dance Dance Revolution Disney Grooves | Nebula Award for Best Novel | Dance Dance Revolution Mario Mix | Spirit of the Border | Pinball, 1973 | Meiko Nakahara",1,1,1.0,0,0,0.0,0.5,0.5,0.5,1.0
bm25,pooled,5ac3d9c9554299204fd21ea3,bridge,hard,Erica Packer was the second wife of what Australian businessman?,Erica Packer | James Packer,Erica Packer | Trevor Kennedy | Leg of mutton nude | Lucy Fry | Dipangkorn Rasmijoti | Gretchen Osgood Warren | Battle of Calabria | 40th Battalion (Australia) | Philip Ruddock | Gevheri Kadın,1,1,1.0,0,0,0.0,0.5,0.5,0.5,1.0
bm25,pooled,5abc8620554299700f9d78e2,comparison,hard,What type of media does Bitter Jester and Sicko have in common?,Bitter Jester | Sicko,Hollywood Outlaw Movie | Bitter electromagnet | Light cavalerie vodka | Bitter Jester | Ratafia | Hollow-cathode lamp | HCL color space | Mırra | EvidenceNetwork.ca | Collie,0,1,1.0,0,0,0.0,0.0,0.5,0.5,0.25
bm25,pooled,5a7b4bc35542992d025e67e0,bridge,hard,"What country does Eric A. Sykes and Eccles, Greater Manchester have ion common?","Eccles, Greater Manchester | Eric A. Sykes","Eric A. Sykes | Demography of Greater Manchester | Mayor of Greater Manchester | Transport for Greater Manchester | Greater Manchester Police and Crime Commissioner | Greater Manchester County Council | Greater Manchester Integrated Transport Authority | Church of St Mary the Virgin, Eccles | Eccles, Greater Manchester | Eccles Interchange",1,1,1.0,0,0,1.0,0.5,0.5,1.0,1.0
bm25,pooled,5a85dfcc5542994775f60673,bridge,hard,"What South Korean actor was a member of the pop duo TVXQ and stared in Heading to the Ground, a 2009 MBC television series?",Heading to the Ground | Yunho,Yunho | Heading to the Ground | List of TVXQ concert tours | List of songs recorded by TVXQ | Changmin | Uptown 3000 | Catch Me (TVXQ song) | Catch Me (album) | Cho Kyuhyun | Something (TVXQ song),1,1,1.0,1,1,1.0,1.0,1.0,1.0,1.0
bm25,pooled,5a7b76735542997c3ec9719f,comparison,hard,"which is traditionally drunk before retiring to bed, Hot toddy or Kir?",Hot toddy | Kir (cocktail),Hot toddy | Submarino (beverage) | Wassail | Hot toddy (disambiguation) | Vino cotto | Nadar climber | Rat rod | Bukkehorn | Manson-Guise Engine | Tow-in surfing,1,1,1.0,0,0,0.0,0.5,0.5,0.5,1.0
bm25,pooled,5a8c66db554299585d9e3683,bridge,hard,"What year was the film ""Mom"" released, starring the voice of Shashaa Tirupati?",Mom (film) | Shashaa Tirupati,Voice (film) | Shashaa Tirupati | Chinatown Nights (1929 film) | Hubert Gagnon | Inside the Mind of Bill Cosby | Sons of the Pioneers (film) | Giuseppe Verdi (film) | Bridge to Terabithia (1985 film) | Spencer Bell (actor) | Mom (film),1,1,1.0,0,0,1.0,0.5,0.5,1.0,0.5
bm25,pooled,5a7e05ba5542995f4f402392,bridge,hard,For One Night Only was hosted by the man most well-known for hosting what show from 1962 until 1999?,For One Night Only (Irish TV series) | Gay Byrne,For One Night Only (Irish TV series) | One Night Only (TV series) | Elton John One Night Only – The Greatest Hits | Man Booker International Prize | WWE One Night Stand | WWE Extreme Rules | On the Ball (ITV television show) | House Rules (2003 TV series) | The Nerdist Podcast | Ripley's Believe It or Not! (TV series),1,1,1.0,0,0,0.0,0.5,0.5,0.5,1.0
bm25,pooled,5a88a4245542997e5c09a668,bridge,hard,What company did Roscoe Channing form with the owner of a leading stable of thoroughbred racehorses?,Cornelius Vanderbilt Whitney | Roscoe Channing,Cornelius Vanderbilt Whitney | Roscoe Channing | Palm Meadows Thoroughbred Training Center | Owner earnings | Equix | Night Raid | 2008 World Thoroughbred Rankings | Frank Lowy | Dana Shires | Exxon,1,1,1.0,1,1,1.0,1.0,1.0,1.0,1.0
bm25,pooled,5a8799c55542996e4f308877,bridge,hard,"Jens Risom introduced what type of design, characterized by minimalism and functionality?",Jens Risom | Scandinavian design,Jens Risom | Scandinavian design | Jacqueline Winsor | Jens Ritter Instruments | Distal renal tubular acidosis | Modernization of Investigative Techniques Act | Type I Rifle | Defence Long Service Medal | Mirage (Digitalism album) | Re-Sepp-Ten,1,1,1.0,1,1,1.0,1.0,1.0,1.0,1.0
bm25,pooled,5ac038db554299294b218f57,bridge,hard,Which of the movie which has Rich Lee 3-D previsualizations was directed by Francis Lawrence?,Constantine (film) | Rich Lee,Rich Lee | Jolin Tsai filmography | Maurice Walsh | The Boys Next Door (1996 film) | Hoffman v. Jones | Boots (album) | Sunil Rawal | Badla Jatti Da | Lana Del Rey videography | Filthy Rich &amp; Catflap,1,1,1.0,0,0,0.0,0.5,0.5,0.5,1.0
bm25,pooled,5a764c0b55429976ec32bd89,bridge,hard,What criteria subjectively qualifies the Houston Astrodome to be called the Eighth Wonder of the World?,Astrodome | Eighth Wonder of the World,Astrodome | Eighth Wonder of the World | 1973 Astro-Bluebonnet Bowl | For the Last Time: Live from the Astrodome | Corieltauvi | Brewster McCloud | Live! The Last Concert | Shreveport Steamer | Langston Hughes Society | Fearless (Eighth Wonder album),1,1,1.0,1,1,1.0,1.0,1.0,1.0,1.0
bm25,pooled,5a77309d55429972597f1487,comparison,hard,"Who was born first, José Echegaray y Eizaguirre or P. J. O'Rourke?",José Echegaray | P. J. O'Rourke,José Echegaray | Patricio Echegaray | Patrick Kennedy (1823–1858) | National Lampoon 1964 High School Yearbook Parody | Republican Party Reptile | José Mujica | Argentine PGA Championship | Despoina | Ralph Charles | House of Capet,1,1,1.0,0,0,0.0,0.5,0.5,0.5,1.0
bm25,pooled,5ab7bae95542993667793ff4,bridge,hard,Who did the Doncaster Belles play in the 1994 FA Women's Cup Final held at Glanford Park? ,1994 FA Women's Cup Final | Glanford Park,1994 FA Women's Cup Final | 2000 FA Women's Cup Final | 2002 FA Women's Cup Final | 1997 FA Women's Cup Final | 2016 FA Women's Cup Final | 2017 FA Women's Cup Final | Doncaster Rovers Belles L.F.C. | 2015 FA Women's Cup Final | Sammy Howarth | 1996 FA Charity Shield,1,1,1.0,0,0,0.0,0.5,0.5,0.5,1.0
bm25,pooled,5a7c9f325542990527d554e6,bridge,hard,What act for Innocent Records achieved Platinum sales and shares its name with a primary color in the RGB color model?,Blue | Innocent Records,RGB color space | RGB color model | Color space | ProPhoto RGB color space | RGBA color space | YCoCg | Brown | HCL color space | Innocent Records | Poison (American band),0,0,1.0,0,0,0.0,0.0,0.0,0.5,0.1111111111111111
bm25,pooled,5a8f69b55542997ba9cb324f,bridge,hard,"What national historic district is located near a village in the town of Philipstown, New York?","Cold Spring, New York | Valhalla Highlands Historic District","Glimmerglass Historic District | Cold Spring, New York | Gilbert Town Historic District | Arrow Rock, Missouri | Calumet Downtown Historic District | Muddy Creek Forks Historic District | Cromwell's Run Rural Historic District | Greater Newport Rural Historic District | Bonshaw, New South Wales | Bharatpur district",1,1,1.0,0,0,0.0,0.5,0.5,0.5,0.5
bm25,pooled,5adbda2755429944faac2385,bridge,hard,Which American writer wrote both The Ganymede Takeover (1967) and The Man in the High Castle (1962)?,The Ganymede Takeover | The Man in the High Castle,"The Ganymede Takeover | The Man in the High Castle | Nobuteru Yūki | Aye, and Gomorrah, and other stories | Thomas Gordon (writer) | The Man in the High Castle (TV series) | Eric Overmyer | Hatton Castle, Angus | Kanakkan | Chrisann Brennan",1,1,1.0,1,1,1.0,1.0,1.0,1.0,1.0
bm25,pooled,5ab67bd355429954757d32f2,bridge,hard,Curt Menefee is the host of the Fox network's NFL show with co-host Michael Anthony Strahan who spent his entire 15-year career with what team?,Curt Menefee | Michael Strahan,Curt Menefee | Michael Strahan | Ray Nitschke | Charissa Thompson | Michael Hjälm | Al Wilson (offensive lineman) | Fiona Forbes | Ralph Garman | Bill Freehan | Ted Plumb,1,1,1.0,1,1,1.0,1.0,1.0,1.0,1.0
bm25,pooled,5a90843c5542995651fb517e,bridge,hard,Francisco Jose Hernandez was a participant in an invasion that took place in what year?,Bay of Pigs Invasion | Francisco Jose Hernandez,Allied invasion of Italy | Battle of Clitheroe | Ted Kubiak | MLS Cup 2003 | Francisco Jose Hernandez | Treaty of Taipei | Tertiary Student Rugby League World Cup | WWF Invasion | Battle of Aspromonte | Frank Martin (basketball),0,1,1.0,0,0,0.0,0.0,0.5,0.5,0.2
bm25,pooled,5a8324815542990548d0b184,bridge,hard,Dead but Rising was a song by the Danish band fomed in what city in 2001?,Dead but Rising | Volbeat,Better Than Yourself (Criminal Mind Pt 2) | Life of a Ghost | Søndagsbarn | Re-Sepp-Ten | Home Dead (album) | The Danish Way to Rock | Daze (band) | Dead but Rising | Claess &amp; Willumsen | Dancin' (on a Saturday Night),0,0,1.0,0,0,0.0,0.0,0.0,0.5,0.125
bm25,pooled,5adf4a275542993a75d26498,bridge,hard,"The man, who the award in which ""Summer of the Monkeys"" won, was a spokesman for white sector of America?",Summer of the Monkeys | William Allen White,Australian Ecology Research Award (AERA) | Hätteberget | A Story of Floating Weeds | Holden-Keating Gang | Horace Bumstead | Am Rong | William Allen White | Nick Cordero | Chasing Daylight (book) | Gösta Prüzelius,0,0,1.0,0,0,0.0,0.0,0.0,0.5,0.14285714285714285
bm25,pooled,5ae4c5595542990ba0bbb123,bridge,hard,Which lead actor/actress in War Chhod Na Yaar has also acted in Bengali and English-language films?,Soha Ali Khan | War Chhod Na Yaar,War Chhod Na Yaar | Soha Ali Khan | Farida Jalal | David Dencik | Siddhartha Jadhav | Gita Dey | Debashree Roy filmography | Anil Chatterjee | Utpal Dutt | Maharshi Raghava,1,1,1.0,1,1,1.0,1.0,1.0,1.0,1.0
bm25,pooled,5ab5057b5542991779162d56,bridge,hard,What type of movie are Wishing Stairs and Voice?,Voice (film) | Wishing Stairs,Highland Inn | List of ancient spiral stairs | Wishing Stairs | Callington Mill | Exchange Ilford | QBB-95 | Ratafia | Christmas in the Basque Country | Collie | Carol J. Adams,0,1,1.0,0,0,0.0,0.0,0.5,0.5,0.3333333333333333
bm25,pooled,5a837d9a554299123d8c213e,bridge,hard,"Which cast member of Alice Upside Down also stars in the ABC Family/Freeform drama ""Switched at Birth?""",Alice Upside Down | Lucas Grabeel,Constance Marie | Lucas Grabeel | List of Switched at Birth episodes | Switched at Birth (season 2) | Switched at Birth (season 3) | Switched at Birth (season 4) | Alice Upside Down | Hilarie Burton | Lea Thompson | General Hospital cast members,1,1,1.0,0,0,1.0,0.5,0.5,1.0,0.5
bm25,pooled,5a81ebee554299676cceb16d,bridge,hard,What kind of movie directed by F. Javier gutierrez did an Italian model and actress star in?,Matilda Lutz | Rings (2017 film),"Rings (2017 film) | Chinatown Nights (1929 film) | Estelle Hemsley | Krishnabhaskar Mangalasserri | Rajanadai | The Dragon, the Hero | Eleonora Pedron | Treehouse (game) | Astrophel and Stella | Rejuvelac",1,1,1.0,0,0,0.0,0.5,0.5,0.5,1.0
bm25,pooled,5ab48c325542996a3a969f93,bridge,hard,In which county is the English king Harold Godwinson buried?,Edith Walks | Waltham Abbey Church,"Battle of Stamford Bridge | Godwin, Earl of Wessex | Leofwine Godwinson | Gytha Thorkelsdóttir | Tostig Godwinson | The Last English King | Edith Walks | Edith the Fair | Cultural depictions of Harold Godwinson | List of Kent County Cricket Club captains",0,0,1.0,0,0,0.0,0.0,0.0,0.5,0.14285714285714285
bm25,pooled,5a8488f45542992a431d1a47,bridge,hard,"Who wrote The Devils, and was an eninent English theater, opera and film director?",Peter Hall (director) | The Devils (play),Brett C. Leonard | Bum Phillips (opera) | Lord Byron (opera) | Harsh Times | Alexis Soriano | Peter Hall (director) | Franco Corelli | Sianoa Smit-McPhee | Myrna Sharlow | We Laughed,0,0,1.0,0,0,0.0,0.0,0.0,0.5,0.16666666666666666
bm25,pooled,5abe689a55429976d4830b16,comparison,hard,Which Grand Slam singles tournament have Francesca Schiavone and Olga Morozova both been finalists in?,Francesca Schiavone | Olga Morozova,2011 French Open – Women's Singles | Francesca Schiavone | 1973 Queen's Club Championships | Flavia Pennetta | 2017 Australian Open – Men's singles final | Sandra Reynolds | Williams sisters | 1968 US Open (tennis) | Olga Morozova | Li Na,1,1,1.0,0,0,1.0,0.5,0.5,1.0,0.5
bm25,pooled,5a7a014a5542996c55b2dccf,bridge,hard,"""Kapitän zur See"" Ernst Lindemann was the commander of which one of two battleships built for Nazi Germany's ""Kriegsmarine""?",Ernst Heinrich Lindemann | German battleship Bismarck,Ernst Heinrich Lindemann | Ernst Lindemann | Hansjürgen Reinicke | 21st U-boat Flotilla | Hans Jenisch | German auxiliary cruiser Widder | Ernst Kals | German battleship Bismarck | German destroyer Z43 | Lohagarh Fort,1,1,1.0,0,0,1.0,0.5,0.5,1.0,1.0
bm25,pooled,5a895d305542993b751ca931,bridge,hard,"Which football team does Lewis Young's older brother, Ashley Young, play for?",Ashley Young | Lewis Young,Rick Clausen | Lewis Young | Falkland Islands official football team | William T. Van de Graaff | Georgia Tech Yellow Jackets football | Older Sister | Michael James Lewis | 1896 Tennessee Volunteers football team | 2009 Texas Tech Red Raiders football team | Arizona State Sun Devils football,1,1,1.0,0,0,0.0,0.5,0.5,0.5,0.5
bm25,pooled,5a85c3a15542992a431d1b97,bridge,hard,Snowdrop is a proprietary game engine first revealed with an online-only action role-playing video game developed by who?,Snowdrop (game engine) | Tom Clancy's The Division,Snowdrop (game engine) | Charlie Murder | Rockstar Advanced Game Engine | Tom Clancy's The Division | Project I.G.I.: I'm Going In | Id Tech 5 | Call of Duty 4: Modern Warfare | Amen: The Awakening | Prince of Persia: The Sands of Time | Zero (game engine),1,1,1.0,0,1,1.0,0.5,1.0,1.0,1.0
bm25,pooled,5ae32b6755429928c4239644,bridge,hard,Wendy Ayche was featured in 2016 in an annual production created by Youtube and what other organization?,Wengie | YouTube Rewind,Wengie | YouTube Rewind | Return to Eden | Jeep Liberty (KK) | Oppenheimer Award | Milton (cartoon) | Chloe Dykstra | Tubular Bells for Two | Jonathan Meath | Rana Hydroelectric Power Station,1,1,1.0,1,1,1.0,1.0,1.0,1.0,1.0
bm25,pooled,5a8d02cc554299441c6b9fb6,bridge,hard,"John MacGregor, Baron MacGregor of Pulham Market was educated at the University of St Andrews and another university established by what monach?","John MacGregor, Baron MacGregor of Pulham Market | King's College London","John MacGregor, Baron MacGregor of Pulham Market | University of St Andrews | University of St Andrews Boat Club | Prior of St Andrews | Pulham Market | Archdeaconry of St Andrews | Edmund Sharpe | Aleksandar Bošković | St Andrews Links | King's College London",1,1,1.0,0,0,1.0,0.5,0.5,1.0,1.0
bm25,pooled,5a78daf855429970f5fffdae,comparison,hard,"Which game was released first, Icehouse pieces or Kill Doctor Lucky?",Icehouse pieces | Kill Doctor Lucky,Icehouse pieces | Kill Doctor Lucky | Treehouse (game) | No Promises (Icehouse song) | 20th National Hockey League All-Star Game | Tomb Raider III | Kill Kill (song) | Dead or Alive 5 Plus | Surround (video game) | Love in Motion (song),1,1,1.0,1,1,1.0,1.0,1.0,1.0,1.0
bm25,pooled,5adc094a55429947ff1738c0,bridge,hard,American Blues included the drummer from which American rock band?,American Blues | Frank Beard (musician),Slash's Blues Ball | The Muggs | Mabel Greer's Toyshop | Frank Beard (musician) | Live at Carnegie Hall (Stevie Ray Vaughan album) | Five Horse Johnson | Chris Robinson Brotherhood | Double Trouble (band) | Mark Castillo | List of Canned Heat members,0,1,1.0,0,0,0.0,0.0,0.5,0.5,0.25
bm25,pooled,5ae77c245542997b22f6a795,bridge,hard,"The Indian actor and philanthropist, who starred in ""Mera Damad,"" entered the film industry in what year?",Farooq Sheikh | Mera Damad,Doddanna | Krishnabhaskar Mangalasserri | Duniya Vijay | Tulu cinema | Sneha (actress) | Ottavio Alessi | Komal | Steve Arbuckle | Treat Williams | Gary Anthony Williams,0,0,0.0,0,0,0.0,0.0,0.0,0.0,0.0
bm25,pooled,5a88f9555542995153361214,bridge,hard,The Jeep Cherokee was originally sold as a variant of a Jeep model produced during what years?,Jeep Cherokee | Jeep Wagoneer (SJ),Jeep Cherokee | Jeep Liberty | Jeep Liberty (KJ) | Jeep Liberty (KK) | Jeep Cherokee (KL) | Jeep Cherokee (XJ) | Jeep Cherokee (SJ) | Jeep Grand Cherokee (WK2) | Jeep Wagoneer (SJ) | Richard A. Teague,1,1,1.0,0,0,1.0,0.5,0.5,1.0,1.0
bm25,pooled,5a874ce15542996432c57256,bridge,hard,Where was the person born who was recognized by MIAL and is an American soprano?,Leontyne Price | Mississippi Institute of Arts and Letters,Janna Allen | Krajmir | Robin Cole | Fred H. Hale Sr. | Les Irwin | Nabi Tajima | Mamzer | Edwin L. Mechem | Apprentice Adept | Chak 86/6.R Sahiwal,0,0,0.0,0,0,0.0,0.0,0.0,0.0,0.0
bm25,pooled,5a7e7ed05542991319bc94c2,comparison,hard,"Which magazine is older, Gallery or Dime Magazine?",Dime Magazine | Gallery (magazine),Gallery (magazine) | The Little Review Gallery | Dime Magazine | Vanguard (magazine) | Dime novel | Pluck and Luck | Linda Duvall | CSICon | Customer magazine | C24 Gallery,1,1,1.0,0,1,1.0,0.5,1.0,1.0,1.0
bm25,pooled,5abf44025542993fe9a41def,comparison,hard,which writer has the highest number of skill  Langston Hughes or  Ian McEwan,Ian McEwan | Langston Hughes,"Langston Hughes Medal | Langston Hughes Society | Langston Hughes Performing Arts Center | Ian McEwan | I, Too (Langston Hughes poem) | Langston Hughes House | Canford Cliffs | Robert Earl Jones | List of Billboard 200 number-one albums of 2002 | Udaka vadya",0,1,1.0,0,0,0.0,0.0,0.5,0.5,0.25
bm25,pooled,5ab531cc5542990594ba9d23,bridge,hard,How large is the shopping mall where KGOT radio station has its studios ?,Dimond Center | KGOT,KGOT | SM City Cebu | Pavilion Mall | Kentucky Oaks Mall | Mall of New Hampshire | Tower City station | Bedok Mall | Park City Center | Mall of Georgia | Karcher Mall,1,1,1.0,0,0,0.0,0.5,0.5,0.5,1.0
bm25,pooled,5a90605d5542995651fb514d,bridge,hard,What are the names of the members of the Detroit-based hip hop duo who has worked with Jason Gilbert?,Bad Meets Evil | Jason Gilbert,Uptown 3000 | Xtended Play Version 3.13 | Bad Meets Evil | Sunset Blvd. (Yancey Boys album) | Method Man | Clouds (Apollo Brown album) | Thirty Eight (album) | Mirage (Digitalism album) | Bizarre (rapper) | Swifty McVay,0,1,1.0,0,0,0.0,0.0,0.5,0.5,0.3333333333333333
bm25,pooled,5ac45b58554299076e296dad,comparison,hard,"Which has the larger population, Shanghai or Hanggin Rear Banner?",Hanggin Rear Banner | Shanghai,"Shuangmiao, Inner Mongolia | Hanggin Rear Banner | Altanochir (1882–1949) | Shanghai Grand Theatre | Drifting (motorsport) | Urad Rear Banner | Wheeling Island | Chahar Right Rear Banner | Riverview, New Brunswick | Ashanti Region",1,1,1.0,0,0,0.0,0.5,0.5,0.5,0.5
bm25,pooled,5a8eb4d65542990e94052b82,bridge,hard,"Jacques Mathou starred in Delicatessen, the 1991 French movie in the style of which celebrated American animator?",Delicatessen (film) | Jacques Mathou,Jacques Mathou | Van Gogh (1991 film) | Tahar Rahim | Saint-Jean-Baptiste Day | James Dean | James Gamble Rogers II | Paris Awakens | Oceans (film) | Salomon de Brosse | Sianoa Smit-McPhee,1,1,1.0,0,0,0.0,0.5,0.5,0.5,1.0
bm25,pooled,5a8038b55542996402f6a485,bridge,hard,"Jacques Sernas, actor in Fugitive in Trieste, was of what nationality?",Fugitive in Trieste | Jacques Sernas,Jacques Sernas | Fugitive in Trieste | Balearic Caper | Tahar Rahim | Salomon de Brosse | Man from 1997 | Bernhard Bötel | Paul Androuet du Cerceau | Holden-Keating Gang | Nick Cordero,1,1,1.0,1,1,1.0,1.0,1.0,1.0,1.0
bm25,pooled,5ab83d595542990e739ec886,bridge,hard,The VMAQT-1 logo is a female spirit in Irish mythology who heralds the death of what?,Banshee | VMAQT-1,Banshee | Picobrouwerij Alvinne | Rusalka | VMAQT-1 | Sea nymph | Patrick Kennedy (folklorist) | Likhoradka | Natascha Ragosina | Earl of Lanesborough | Ashley Rolfe,1,1,1.0,0,1,1.0,0.5,1.0,1.0,1.0
bm25,pooled,5ae0d52e554299603e418469,bridge,hard,"The actress that played the leading role in the independent film ""A Perfect Ending"" also stars with John Bregar in a 2008 film directed by who?",Barbara Niven | Dead at 17,Barbara Niven | Linda Mvusi | Dead at 17 | Siobhan Finneran | Out in Fifty | A Kiss for Corliss | 1920 (film) | Alien: Covenant | The Fault in Our Stars (film) | Gina Pareño,1,1,1.0,0,1,1.0,0.5,1.0,1.0,1.0
bm25,pooled,5a8f9b8c5542997ba9cb32e6,comparison,hard,"Which band is from England, Fireflight or Dirty Pretty Things?",Dirty Pretty Things (band) | Fireflight,Johanna Bennett | Deadwood (song) | Wondering (Dirty Pretty Things song) | Carl Barât | Bang Bang You're Dead (song) | Mirage (Digitalism album) | Anthony Rossomando | Rise Above (Dirty Projectors album) | Dirty Pretty Things (band) | Peter Morén (drummer),0,0,1.0,0,0,0.0,0.0,0.0,0.5,0.1111111111111111
bm25,pooled,5ae75a4c5542997b22f6a6f1,bridge,hard,"The Bart the Fink episode of The Simpsons aired in February of 1996, and involves the host of which kiddie show?",Bart the Fink | Krusty the Clown,Bart to the Future | Bart Gets Hit by a Car | The Telltale Head | Good Night (The Simpsons short) | Krusty the Clown | Bart the Fink | Postcards from the Wedge | A Rickle in Time | Moving On (The Office) | Brother from Another Series,0,1,1.0,0,0,1.0,0.0,0.5,1.0,0.2
bm25,pooled,5ab45a0b5542991779162c7e,bridge,hard,"Which mall, Wilton Mall or Viaport Rotterdam, has had more owners?",Viaport Rotterdam | Wilton Mall,Viaport Rotterdam | Wilton Mall | ViaPort Florida | Saratoga Mall | Pierre Bossier Mall | Rolling Acres Mall | Citadel Mall | Walt Whitman Shops | Pavilion Mall | Birchwood Mall,1,1,1.0,1,1,1.0,1.0,1.0,1.0,1.0
bm25,pooled,5a8b452655429971feec468e,bridge,hard,Which close friend of an American former basketball player was signed for to play for the Timberwolves?,2000–01 Minnesota Timberwolves season | Kevin Garnett,Larry Friend | Delray Brooks | Ricky Rubio | Mike Edwards (basketball) | Jerry Lucas | Jeff Horner | Von McDade | Curt Smith (basketball) | Kevin Garnett | Richie Garner,0,0,1.0,0,0,0.0,0.0,0.0,0.5,0.1111111111111111
bm25,pooled,5a8d7b1755429941ae14dfc6,bridge,hard,What is the 2010 population of the city 2.1 miles southwest of Marietta Air Force Station?,"Marietta Air Force Station | Smyrna, Georgia","Marietta Air Force Station | RAF Warmwell | Stramshall | Eldorado Air Force Station | Topsham Air Force Station | Kunming | 302d Air Division | Sabaa Al Bour | Olive Branch, Mississippi | 410th Bombardment Squadron",1,1,1.0,0,0,0.0,0.5,0.5,0.5,1.0
bm25,pooled,5ab6f0c25542995eadef00ea,comparison,hard,Are Buried Country and South of the Border both films turned into stage performances?,Buried Country | South of the Border (2009 film),Cultural Property (Japan) | Buried Country | Sine Novela | Araby Lockhart | Cyclone Kesiny | Jacob D. Robida | Bucketty | Leah Flanagan | The Sum of All Fears | Indriati Iskak,1,1,1.0,0,0,0.0,0.5,0.5,0.5,0.5
bm25,pooled,5ab72a025542992aa3b8c7b8,comparison,hard,"""A Summer in the Cage"" and ""American Hardcore"" are both what kind of film?",A Summer in the Cage | American Hardcore (film),All Ages: The Boston Hardcore Film | Treehouse (game) | Libocedrus | Summer Olympic Games | Murder of Grace Brown | 2008 Summer Olympics | Energy shot | Crystal Bright | A Man Has Dreams | Casey Braxton,0,0,0.0,0,0,0.0,0.0,0.0,0.0,0.0
bm25,pooled,5ade42b55542992fa25da717,bridge,hard,How many novels are there in the series of novels of which Shadows in Flight is the tenth novel ?,Ender's Game (series) | Shadows in Flight,&quot;J&quot; Is for Judgment | Walter Sorrells | Merlin Book 10: Shadows on the Stars | Kyle Craig | &quot;Q&quot; Is for Quarry | Persistence of Memory | Lake District Mysteries | Ender's Game (series) | Shadow War | The Rest of the Robots,0,0,1.0,0,0,0.0,0.0,0.0,0.5,0.125
bm25,pooled,5ae4c2b95542995dadf243ef,bridge,hard,One of the coaches of Southern Methodist University also played what role at the Arizona State Sun Devils?,Phil Bennett (American football) | SMU Mustangs football under Mike Cavan,1958 Arizona State Sun Devils football team | Arizona State Sun Devils football | 1961 Arizona State Sun Devils football team | 1952 Arizona State Sun Devils football team | 1956 Arizona State Sun Devils football team | 1955 Arizona State Sun Devils football team | Phil Bennett (American football) | 2008 Fiesta Bowl | 1954 Arizona State Sun Devils football team | 1951 Arizona State Sun Devils football team,0,0,1.0,0,0,0.0,0.0,0.0,0.5,0.14285714285714285
bm25,pooled,5abf10b75542997719eab659,bridge,hard,What is the height of the player who won the 2015 AFL Rising Star award?,2015 AFL Rising Star | Jesse Hogan,2015 AFL Rising Star | Daniel Talia | Marcus Bontempelli | AFL Rising Star | 2015 Brownlow Medal | Kevin Sheehan | Clayton Oliver | Stephen Coniglio | Jesse Hogan | 2007 Brownlow Medal,1,1,1.0,0,0,1.0,0.5,0.5,1.0,1.0
bm25,pooled,5add564a5542990dbb2f7e38,bridge,hard,Las Vegas Festival Grounds is north of the hotel that is owned by which company?,Circus Circus Las Vegas | Las Vegas Festival Grounds,Las Vegas Festival Grounds | Westgate Las Vegas Resort &amp; Casino | Flamingo Las Vegas | Trump International Hotel Las Vegas | Downtown Las Vegas | Air Vegas | Sports in the Las Vegas metropolitan area | Tropicana – Las Vegas Boulevard intersection | Circus Circus Las Vegas | Bishop Gorman High School,1,1,1.0,0,0,1.0,0.5,0.5,1.0,1.0
bm25,pooled,5a738225554299623ed4abc3,comparison,hard,"Which musical fantasy film is older, Bedknobs and Broomsticks or The Muppet Christmas Carol?",Bedknobs and Broomsticks | The Muppet Christmas Carol,The Muppet Christmas Carol | Bedknobs and Broomsticks | Rizzo the Rat | List of The Muppets productions | A Christmas Story: The Musical | Sam Eagle | Gonzo (Muppet) | Frozen Fever | Barbie and the Secret Door | Andre Norton Award,1,1,1.0,1,1,1.0,1.0,1.0,1.0,1.0
bm25,pooled,5a729e7b5542992359bc313d,bridge,hard,"Which river system in Chilhowie, Virginia was the starting place for most Longhunters?",Holston River | Longhunter,Longhunter | Cotter River System | Thái Bình river system | Red River system | Thái Bình River | Virginia Commonwealth University | Darling River | 7th Virginia Regiment | Hudson River Valley Greenway | Blackstone River and Canal Heritage State Park,1,1,1.0,0,0,0.0,0.5,0.5,0.5,1.0
bm25,pooled,5a811152554299260e20a22e,bridge,hard,What party does the House of Commons representative for Congleton belong to?,Congleton (UK Parliament constituency) | Fiona Bruce (politician),"Congleton (UK Parliament constituency) | Dean of the House (Canada) | Jean-Marie Boisvert | Prosper Boulanger | Glasgow North East by-election, 2009 | Canadian federal election, 1926 | Baron Dunalley | Earl Belmore | Falkland Islands official football team | Republican Sinn Féin",1,1,1.0,0,0,0.0,0.5,0.5,0.5,1.0
bm25,pooled,5adddd075542992200553b71,bridge,hard,Season 2 of Rick and Morty began with the episode directed by whom?,A Rickle in Time | Rick and Morty (season 2),"Rixty Minutes | Lawnmower Dog | Pilot (Rick and Morty) | Meeseeks and Destroy | Andy's Ancestry | A Rickle in Time | Moving On (The Office) | The Ricks Must Be Crazy | Back Up, Dancer | Redemption (Stargate SG-1)",0,0,1.0,0,0,0.0,0.0,0.0,0.5,0.16666666666666666
bm25,pooled,5ade9545554299728e26c740,bridge,hard,What team did the recipient of the 2007 Brownlow Medal play for?,2007 Brownlow Medal | Jimmy Bartel,2007 Brownlow Medal | 2006 Brownlow Medal | 2015 Brownlow Medal | 2005 Brownlow Medal | 2011 Brownlow Medal | 1993 Brownlow Medal | 1976 Brownlow Medal | 2014 Brownlow Medal | 1995 Brownlow Medal | 1896 Tennessee Volunteers football team,1,1,1.0,0,0,0.0,0.5,0.5,0.5,1.0
bm25,pooled,5ab25004554299722f9b4cd7,comparison,hard,Were both the Battle of Stones River and the Battle of the Ch'ongch'on River fought in the 19th century?,Battle of Stones River | Battle of the Ch'ongch'on River,"Battle of Stones River | Battle of the Ch'ongch'on River | Joseph L. Follett | Battle of the Burbia River | Battle of Berestechko | Battle of Belleau Wood | Garrison, New York | Battle of Glendale (Skye) | Battle of Calabria | Battle of Blue Licks",1,1,1.0,1,1,1.0,1.0,1.0,1.0,1.0
bm25,pooled,5ac1f4495542991316484bd2,comparison,hard,"Who has more scope of profession, Phil Rosen or  Delmer Daves?",Delmer Daves | Phil Rosen,"Phil Rosen | Australian property law | Phil Mitchell | Steven D. Smith | Július Satinský | I, Too (Langston Hughes poem) | Amen: The Awakening | Real estate technology | The Hanging Tree | Police perjury",1,1,1.0,0,0,0.0,0.5,0.5,0.5,1.0
bm25,pooled,5ac0cf0f554299294b219018,comparison,hard,"Which band has more members, Test Icicles or X Ambassadors?",Test Icicles | X Ambassadors,Test Icicles | Boa vs. Python (song) | Circle. Square. Triangle | Dev Hynes | Jungle (X Ambassadors and Jamie N Commons song) | The Famines (band) | The Grassroot Deviation | Cannonball (Skylar Grey song) | Mabel Greer's Toyshop | X Ambassadors,1,1,1.0,0,0,1.0,0.5,0.5,1.0,1.0
bm25,pooled,5ab3306a55429969a97a80fd,comparison,hard,The movies The Boatniks and The Great Locomotive Chase were both made by which production company?,The Boatniks | The Great Locomotive Chase,Henry P. Haney | The Yonah (locomotive) | The Great Locomotive Chase Festival | The Great Locomotive Chase | Rogers Locomotive and Machine Works | The General (locomotive) | The General (1926 film) | The Texas (locomotive) | Indian Scout (motorcycle) | The Boatniks,0,1,1.0,0,0,1.0,0.0,0.5,1.0,0.25
bm25,pooled,5ade0fb95542997545bbbe39,bridge,hard,How long is the river for which Frenchmans Creek is a tributary?,Darling River | Frenchmans Creek (New South Wales),Frenchmans Creek (New South Wales) | Locks Creek | Lithia Springs Creek | Jemez River | Frenchmans Creek (California) | Sligo Creek | Tomichi Creek | East Branch South Fork Eel River | Red Rock River (Montana) | Spirit of the Border,1,1,1.0,0,0,0.0,0.5,0.5,0.5,1.0
bm25,pooled,5ab78edc5542995dae37e95c,bridge,hard,Where is the school that Tyler Kalinoski went to located?,Olathe East High School | Tyler Kalinoski,Tyler Kalinoski | Calvin Tyler Scott | Kevin Lockett | Tyler Consolidated High School | Tyler School of Art | Woodville High School (Texas) | Toby Sibbick | East Haven High School | Middlebourne Historic District | Weldon Drew,1,1,1.0,0,0,0.0,0.5,0.5,0.5,1.0
bm25,pooled,5ac056385542997d64295a08,bridge,hard,Ambrose Mendy has managed and/or advised a British professional boxer that as of July 2017 is ranked the world's seventh best super middleweight by who?,Ambrose Mendy | Chris Eubank Jr.,Chris Eubank Jr. | Ambrose Mendy | Natascha Ragosina | Dean Francis | Luke Blackledge | Henry Wharton (boxer) | Rod Carr | Jermain Mackey | Andre Thysse | Scott Dixon (boxer),1,1,1.0,1,1,1.0,1.0,1.0,1.0,1.0
bm25,pooled,5aba9e2455429939ce03dd3a,bridge,hard,"Rejuvelac is kind of grain water invented and promoted by a ""holistic health"" practitioner born in which year ?",Ann Wigmore | Rejuvelac,Rejuvelac | Ann Wigmore | Argand lamp | Fen | WWE Extreme Rules | Joe Gilmore | Poleconomy | Higgins Lake | Why Freud Was Wrong | Mamzer,1,1,1.0,1,1,1.0,1.0,1.0,1.0,1.0
bm25,pooled,5a90b43455429916514e7523,bridge,hard,What town host an annual media finance conference that has featured an Australian-born American media mogul?,Allen &amp; Company Sun Valley Conference | Rupert Murdoch,Elisabeth Murdoch (businesswoman) | Allen &amp; Company Sun Valley Conference | A Girl like Me (film) | Rupert Murdoch | EvidenceNetwork.ca | Media proprietor | State media | Brad Parscale | 990WBOB | Reading Post,1,1,1.0,0,1,1.0,0.5,1.0,1.0,0.5
bm25,pooled,5abb30755542996cc5e49fd8,bridge,hard,Ronald Reagan and George H. W. Bush both held which position in office?,George H. W. Bush | Presidency of Ronald Reagan,Reagan Democrat | Second inauguration of Ronald Reagan | First inauguration of Ronald Reagan | Elliott Abrams | William Flynn Martin | Presidency of Ronald Reagan | Lawrence Eagleburger | Otto Reich | George H. W. Bush | Bradford P. Campbell,0,0,1.0,0,0,1.0,0.0,0.0,1.0,0.16666666666666666
bm25,pooled,5ae4ec1e5542990ba0bbb19b,comparison,hard,"In between The Bears and I and Oceans which was released on July 31, 1974, by Buena Vista Distribution?",Oceans (film) | The Bears and I,The Bears and I | Buena Vista High School (Michigan) | Walt Disney Studios Motion Pictures | Buena Vista (brand) | Buena Vista Park | Best Western Lake Buena Vista Resort Hotel | Buena Vista Downtown Historic District | The Polar Bears | The Boatniks | The Sword in the Stone (film),1,1,1.0,0,0,0.0,0.5,0.5,0.5,1.0
bm25,pooled,5add405f5542992c1e3a2581,bridge,hard,What book provided the foundation for Masters and Johnson's research team?,Masters and Johnson | Patterns of Sexual Behavior,Patterns of Sexual Behavior | Masters and Johnson | William Masters | Virginia E. Johnson | Sheep (novel) | Josef Peukert | Truth Initiative | Health services research | AlphaPets | Claudia Durst Johnson,1,1,1.0,1,1,1.0,1.0,1.0,1.0,1.0
bm25,pooled,5a71717d5542994082a3e834,bridge,hard,"What star of ""Attack of the Gryphon"" was also a voice artist in Johnny Bravo?  ",Gryphon (film) | Larry Drake,Gryphon (film) | Steve Nallon | Hubert Gagnon | Ralph Giannini | Karel Dežman | Jeremy Schoenberg | MTV Video Music Award for Best New Artist | Musée Henri-Mathieu | Jeff Bennett | Gösta Prüzelius,1,1,1.0,0,0,0.0,0.5,0.5,0.5,1.0
bm25,pooled,5adf8fe55542993344016d0f,bridge,hard,"Which fantasy film from 1971 featured the song ""The Age of Not Believing""?",Bedknobs and Broomsticks | The Age of Not Believing,"The Age of Not Believing | Gimme Shelter (1970 film) | Blue Money | Sianoa Smit-McPhee | The Rain Rain Rain Came Down Down Down | Bedknobs and Broomsticks | Haunt Me, Haunt Me Do It Again | Little Black Rain Cloud | The Golden Voyage of Sinbad | A Man Has Dreams",1,1,1.0,0,0,1.0,0.5,0.5,1.0,1.0
bm25,pooled,5a78f59755429970f5fffdf7,bridge,hard,Mick Carter is the landlord of a public house located at what address?,Mick Carter | The Queen Victoria,"Mick Carter | Fat Cat Brewery | Square and Compass, Worth Matravers | Linda Carter | Adam &amp; Eve, Birmingham | Nancy Carter | Thomas H. Gale House | The Gatehouse, Monmouth | Shakespeare Public House, Bristol | Whitney Dean",1,1,1.0,0,0,0.0,0.5,0.5,0.5,1.0
bm25,pooled,5a8099935542996402f6a58b,bridge,hard,"What television thriller anthology did the winner of one Golden Globe, two tony Awards and six Primetime Emmy Awards appear on?",Brian Dennehy | Darkroom (TV series),Brian Dennehy | List of awards and nominations received by Lost | Laura Linney | Blythe Danner | Al Pacino on stage and screen | Elisabeth Moss | John Lithgow | Betty Suarez | Al Pacino | Kay Tagal Kang Hinintay,1,1,1.0,0,0,0.0,0.5,0.5,0.5,1.0
bm25,pooled,5ab6aaff55429953192ad35b,bridge,hard,What Cayman Islands registered Mandarin and Cantonese-language television broadcaster launched Phoenix Hong Kong Channel on 28 March 2011?,Phoenix Hong Kong Channel | Phoenix Television,Phoenix Television | Phoenix Hong Kong Channel | Cayman Islands national rugby sevens team | .ky | Anthony Travers | Walkers (law firm) | 1985 Hong Kong electoral reform | Cayman Islands Open 2011 | Visa policy of Hong Kong | Carey Olsen,1,1,1.0,1,1,1.0,1.0,1.0,1.0,1.0
bm25,pooled,5abcc96c5542996583600492,bridge,hard,What is the name of the film starring Rose McGowan and features the character Earl McGraw's daughter?,Earl and Edgar McGraw | Planet Terror,The Pastor's Wife (film) | Conan the Barbarian (2011 film) | Paige Matthews | Dark Passage (film) | Bridge to Terabithia (1985 film) | Rose McGowan | Scream (1996 film) | Nagaram (2010 film) | Penny (The Big Bang Theory) | Dead Awake (2010 film),0,0,0.0,0,0,0.0,0.0,0.0,0.0,0.0
bm25,pooled,5a8b78775542997f31a41d3d,bridge,hard,"Chimaja Appawas the younger brother of a general of the Maratha Empire in India, who served as what to the fifth Maratha Chhatrapati Shahu from 1720 until his death?",Baji Rao I | Chimaji Appa,Baji Rao I | Shahu I | Maratha Navy | Balaji Vishwanath | Maratha emperors | Maynak Bhandari | Chimaji Appa | Balaji Kunjar | Siege of Bharatpur (1805) | Rajaram II of Satara,1,1,1.0,0,0,1.0,0.5,0.5,1.0,1.0
bm25,pooled,5a7252db5542990c210a4104,bridge,hard,What is the name of the oldest child that attended the Trump campaign-Russian meeting?,Donald Trump Jr. | Trump campaign–Russian meeting,"Donald Trump Jr. | Child Welfare League of America | Donald Trump (Last Week Tonight) | College of Charleston | Peterhouse, Cambridge | Donald Trump presidential campaign, 2000 | Garden Island Naval Chapel | David Urban | Doehling–Heselton Memorial Trophy | Kingdom of Northumbria",1,1,1.0,0,0,0.0,0.5,0.5,0.5,1.0
bm25,pooled,5ae2ee5e5542991a06ce990a,bridge,hard,The 1st Virginia Regiment saw action at a battle that led to the departure of what Royal Governor?,1st Virginia Regiment | Battle of Great Bridge,1st Virginia Regiment | 5th Virginia Regiment | 1st Virginia State Regiment | 4th Virginia Regiment | 12th Virginia Regiment | 6th Connecticut Regiment | 7th Virginia Regiment | Battle of Great Bridge | 9th Virginia Regiment | 3rd Virginia Regiment,1,1,1.0,0,0,1.0,0.5,0.5,1.0,1.0
bm25,pooled,5abc5951554299114383a116,bridge,hard,"Which Argentine telenovela broadcast by Telefe from March 12 to December 19, 2012 starred Isabel Macedo as Jimena Benitez?",Graduados | Patricia Longo,Patricia Longo | Amar después de amar | Graduados | Verano del '98 | Niní | List of songs recorded by Lali Espósito | Guapas | Botineras | Montecristo (Argentine telenovela) | Alma Pirata,1,1,1.0,0,1,1.0,0.5,1.0,1.0,1.0
bm25,pooled,5ac1a3665542994ab5c67daf,bridge,hard,What was position of the man who served Prince Andrew from 1990-2001? ,"Neil Blair | Prince Andrew, Duke of York",Princess Henriette of Nassau-Weilburg | Armie Hammer | Salvatore Testa | Krajmir | Joe Gilmore | Royal Marriages Act 1772 | John Hartmann | Man Booker International Prize | Prince of Persia: The Sands of Time | Andrew Murray (Guyanese boxer),0,0,0.0,0,0,0.0,0.0,0.0,0.0,0.0
bm25,pooled,5adc0c2b55429947ff1738db,comparison,hard,Are Agee and To Shoot an Elephant both documentaries about war?,Agee (film) | To Shoot an Elephant,To Shoot an Elephant | Marcel Trillat | Khan Kluay | Elephant | Pieris (plant) | Carlos Rendón Zipagauta | Agee (film) | Elephant Pass railway station | Hannibal Brooks | North African elephant,1,1,1.0,0,0,1.0,0.5,0.5,1.0,1.0
bm25,pooled,5a7634f155429976ec32bd6b,bridge,hard,"What shallow water table aquifer is located near the county seat of Keith County, Nebraska?","Ogallala Aquifer | Ogallala, Nebraska","Ogallala Aquifer | Ogallala, Nebraska | Keystone, Nebraska | Keith County, Nebraska | Lemoyne, Nebraska | Flatwood | Woodsville, New Hampshire | Covington, Tennessee | Kingsley Dam | Souris Beach Provincial Park",1,1,1.0,1,1,1.0,1.0,1.0,1.0,1.0
bm25,pooled,5a7574e25542996c70cfaf01,comparison,hard,Who was born first Mahbub ul Haq or Ibn Arabi?,Ibn Arabi | Mahbub ul Haq,Mahbub ul Haq | Fazle Hasan Abed | Sami ul Haq | Idrees Ul Haq | Inge Kaul | Journal of Human Development and Capabilities | Ziri ibn Atiyya | Chak 86/6.R Sahiwal | Akbariyya | Human Development Index,1,1,1.0,0,0,0.0,0.5,0.5,0.5,1.0
bm25,pooled,5adc8977554299438c868de2,bridge,hard,What does the goddess associated with the goddess frigg  consists of what tales?,Hlín | Norse mythology,Eir | Marzanna | Nanna (Norse deity) | Sága and Sökkvabekkr | Fensalir | Gná and Hófvarpnir | Hlín | Frigg gas field | Treehouse (game) | Fulla,0,0,1.0,0,0,0.0,0.0,0.0,0.5,0.14285714285714285
bm25,pooled,5a7dc2495542997cc2c4749a,bridge,hard,"What competition held in Kathmandu, Nepal did Julian Bolling compete in 1984?",1984 South Asian Games | Julian Bolling,Mr. Nepal | 1984 South Asian Games | Julian Bolling | Miss Nepal 2014 | Miss Nepal 2010 | Miss Nepal 2013 | Miss Nepal 2012 | 2015 Nepal Premier League | Biratnagar | Miss Nepal 2015,1,1,1.0,0,1,1.0,0.5,1.0,1.0,0.5
bm25,pooled,5a8f05b1554299458435d517,bridge,hard,William Pery served as Captain of the Yeomen of the Guard under the lord who served in what position from 1865 to 1868?,"Robert Gascoyne-Cecil, 3rd Marquess of Salisbury | William Pery, 3rd Earl of Limerick","William Monson, 1st Viscount Oxenbridge | Henry Fox-Strangways, 3rd Earl of Ilchester | William Pery, 3rd Earl of Limerick | George Percy, 5th Duke of Northumberland | Yeomen of the Guard | Earl of Aylesford | Henry Cadogan, 4th Earl Cadogan | Baron Berkeley of Stratton | Bill Clinton | Gerald Ford",0,1,1.0,0,0,0.0,0.0,0.5,0.5,0.3333333333333333
bm25,pooled,5ab7bbbf55429928e1fe38bf,bridge,hard, William Cammisano was part of which Mafia family?,Kansas City crime family | William Cammisano,William Cammisano | Antonio Cottone | Antonio Rotolo | Salvatore La Barbera | Angelo La Barbera | Calcedonio Di Pisa | Greco Mafia clan | Rosario Naimo | Gaspare Spatuzza | William Levett (baron),1,1,1.0,0,0,0.0,0.5,0.5,0.5,1.0
bm25,pooled,5a8af28555429951533613b5,bridge,hard,1956 Night Series Cup games were played at what inner suburb of Melbourne that is 3km south of Melbourne's central business district?,"1956 Night Series Cup | Albert Park, Victoria","Albert Park, Victoria | 1967 Golden Fleece Cup | 1960 Night Series Cup | 1961 Night Series Cup | 1957 Night Series Cup | 1966 Golden Fleece Cup | 1965 Golden Fleece Cup | 1971 Heinz Cup | 1956 Night Series Cup | 1958 Night Series Cup",1,1,1.0,0,0,1.0,0.5,0.5,1.0,1.0
bm25,pooled,5ae1f596554299234fd04372,bridge,hard,When did the game which held three times in  in East Asia first held ,2008 Summer Olympics | Summer Olympic Games,Fruit Bowl | EAFF E-1 Football Championship | 6 Hours of Mexico | EAFF E-1 Football Championship (women) | Moonpark | 57th National Hockey League All-Star Game | International Teen Princess | 2010 Commonwealth Games medal table | 20th National Hockey League All-Star Game | Memorabilia (event),0,0,0.0,0,0,0.0,0.0,0.0,0.0,0.0
bm25,pooled,5a8b3af455429971feec467b,bridge,hard,Blinding Edge Pictures produced which 2000 film starring Bruce Willis?,Blinding Edge Pictures | Unbreakable (film),Blinding Edge Pictures | Signs (film) | The Whole Nine Yards (film) | Last Man Standing (1996 film) | Walt Disney Studios Motion Pictures | In Country | Gone in 60 Seconds (2000 film) | Striking Distance | Unbreakable (film) | Lay the Favorite,1,1,1.0,0,0,1.0,0.5,0.5,1.0,1.0
bm25,pooled,5add311b5542994ed6169cc5,bridge,hard,"What kind of dinosaur does Raymond Ochoa voice in the Pixar film ""The Good Dinosaur""?",Raymond Ochoa | The Good Dinosaur,Raymond Ochoa | The Good Dinosaur | Richard Kind | Treehouse (game) | Sanjay's Super Team | Golden Globe Award for Best Animated Feature Film | Dinosaur behavior | Gösta Prüzelius | Armie Hammer | Dinosaur (film),1,1,1.0,1,1,1.0,1.0,1.0,1.0,1.0
bm25,pooled,5ae60426554299546bf83019,bridge,hard,Which American Space Western animated series did Celebrity Home Entertainment released ,BraveStarr | Celebrity Home Entertainment,COPS (animated TV series) | Sterling Entertainment Group | Noel C. Bloom | Locke the Superman | Tottoi | Celebrity Home Entertainment | Pergament Home Centers | BraveStarr | The Fairies | Monster Force,0,0,1.0,0,0,1.0,0.0,0.0,1.0,0.16666666666666666
bm25,pooled,5a8cfee555429941ae14df5c,bridge,hard,How are elephants connected to Gajabrishta?,Elephant | Gajabrishta,"Elephant | Index of alcohol-related articles | Sharon Gannon | Bjørnøya, Haram | Ambulanse | Banshee | Health services research | Tensile testing | The Hork-Bajir Chronicles | Chasing Daylight (book)",1,1,1.0,0,0,0.0,0.5,0.5,0.5,1.0
bm25,pooled,5a71166d5542994082a3e576,comparison,hard,"Which battle occurred first, the Battle of Manila or the Battle of Guam?",Battle of Guam (1944) | Battle of Manila (1945),Battle of the Burbia River | Battle of Alhandic | Battle of Silda | Battle of Klushino | Battle of Manila (1574) | Battle of Calabria | Battle of Manila (1945) | Battle of Belleau Wood | 5th Virginia Regiment | 4th Virginia Regiment,0,0,1.0,0,0,0.0,0.0,0.0,0.5,0.14285714285714285
bm25,pooled,5ae789615542997ec2727695,bridge,hard,Kam Heskin plays Paige Morgan in a 2004 film directed by who?,Kam Heskin | The Prince and Me,"The Prince &amp; Me 2: The Royal Wedding | Kam Heskin | R-Point | The Prince and Me | Super Size Me 2: Holy Chicken! | Turning Paige | Beautiful Young Minds | Rainbow Over Texas | Rings (2017 film) | McFarland, USA",1,1,1.0,0,1,1.0,0.5,1.0,1.0,0.5
bm25,pooled,5a7757215542993569682d58,bridge,hard,"What 2016 film stars actor Xavier Samuel and an actress who portrayed Vasilisa Dragomir in the film ""Vampire Academy""?",Lucy Fry | Mr. Church,Lucy Fry | Spin Out (2016 film) | A Few Best Men | Love &amp; Friendship | Mr. Church | Chinatown Nights (1929 film) | Frostbite (Mead novel) | Healing (film) | Out in Fifty | Plush (film),1,1,1.0,0,1,1.0,0.5,1.0,1.0,1.0
bm25,pooled,5a81ff62554299676cceb1c4,bridge,hard,What type of profession does Ithu Engal Neethi and Shoba Chandrasekhar have in common?,Ithu Engal Neethi | Shoba Chandrasekhar,Ithu Engal Neethi | Sattam Oru Vilayaattu | Shoba Chandrasekhar | Naalaiya Theerpu | Neethiyin Marupakkam | Pudhu Yugam | Hollow-cathode lamp | Neethikku Thandanai | HCL color space | Collie,1,1,1.0,0,1,1.0,0.5,1.0,1.0,1.0
bm25,pooled,5ae4890a5542995ad6573d60,bridge,hard,In what field does the firm at which Claudio Fernández-Aráoz was a currently a senior adviser offers services?,Claudio Fernández-Aráoz | Egon Zehnder,Claudio Fernández-Aráoz | Thomas Shea | Shomwa Shamapande | Lee Terry | Richard Socarides | Peter Torry | Yulchon | Michael Green (political expert) | Egon Zehnder | Robert Hormats,1,1,1.0,0,0,1.0,0.5,0.5,1.0,1.0
bm25,pooled,5a79c1335542994bb9457066,comparison,hard,Eric Ambler and Carol Shields are both best Known for what profession?,Carol Shields | Eric Ambler,The Mask of Dimitrios | Kevin Shields | The Card (1952 film) | W. F. Morris | Carol J. Adams | Eric Ambler | Kalanta Xristougenon | The Cruel Sea (1953 film) | The New Lot | Carol Shields,0,0,1.0,0,0,1.0,0.0,0.0,1.0,0.16666666666666666
bm25,pooled,5ac52fc35542994611c8b403,bridge,hard,"Which ""Official Ireland"" group comprises about  78.3% of the population of Ireland? ",Catholic Church in Ireland | Official Ireland,Official Ireland | Mangsee Islands | Lord Howe Island | Pune district | Arbuthnott-Garvock Group | Öresund Committee | Young People's Socialist League | 2013 Rugby League World Cup Group A | 2017 Rugby League World Cup Group C | Black Bermudian,1,1,1.0,0,0,0.0,0.5,0.5,0.5,1.0
bm25,pooled,5adda7585542997dc790700c,bridge,hard,Where was the telefilm shot that was based on the 1977 Katherine Paterson book?,Bridge to Terabithia (1985 film) | Bridge to Terabithia (novel),Bridge to Terabithia (1985 film) | Bridge to Terabithia (novel) | The Great Gilly Hopkins | Bridge to Terabithia (2007 film) | A Day with Doodles | The Master Puppeteer | Brewster McCloud | Sligo Creek | Winnie the Pooh and the Blustery Day | The Three Lives of Thomasina,1,1,1.0,1,1,1.0,1.0,1.0,1.0,1.0
bm25,pooled,5adf043b5542993a75d263d4,bridge,hard,Which American cable news and talk radio host was the former GOP representative,Joe Scarborough | Morning Joe,Morning Joe | Sean Hannity | Steve Malzberg | Joe Scarborough | David Gold (talk radio host) | Ronn Owens | Mike Hogan (sportscaster) | Spectrum News Rochester | Talk radio | Spectrum News Buffalo,1,1,1.0,0,1,1.0,0.5,1.0,1.0,1.0
bm25,pooled,5abd6bf055429933744ab7c8,bridge,hard,"What Division was the college footbal team that fired their head coach on November 24, 2006?",2006 Miami Hurricanes football team | Larry Coker,2012 Colorado Buffaloes football team | Reggie Witherspoon (basketball) | Larry Coker | 2006 Alabama Crimson Tide football team | Buzz Peterson | Holly Bruder | 2009 Virginia Cavaliers football team | Maggie Dixon Award | Richard Jacob | Brian Knorr,0,1,1.0,0,0,0.0,0.0,0.5,0.5,0.3333333333333333
bm25,pooled,5ae0038655429925eb1afbe0,comparison,hard,"Which is a Macedonian weekly, Hänt Extra or Tea Moderna?",Hänt Extra | Tea Moderna (magazine),Tea Moderna (magazine) | Hänt Extra | Den Za Nas | Blueberry Tea | 2015 Macedonian Football Supercup | Nikola Mladenov | Orange Field Tea Factory | Hänt Bild | Submarino (beverage) | Henrik Dorsin,1,1,1.0,1,1,1.0,1.0,1.0,1.0,1.0
bm25,pooled,5a73977d554299623ed4ac08,comparison,hard,What is the shared country of ancestry between Art Laboe and Scout Tufankjian?,Art Laboe | Scout Tufankjian,KOKO-FM | Interamerican Scout Jamboree | Indian Scout (motorcycle) | Scout Promise | Art Laboe | Chinese Australians | Americo-Liberians | Treehouse (game) | Kansas City Scout | Carol J. Adams,0,1,1.0,0,0,0.0,0.0,0.5,0.5,0.2
bm25,pooled,5ac2a399554299218029dada,bridge,hard,Who programmed a cartridge-based development system made by a company noted for authoring Atari's BASIC?,Atari Assembler Editor | Shepardson Microsystems,Shepardson Microsystems | Atari Assembler Editor | Atari XEGS | HP 64000 | Star Ship | Manned Orbital Development System | New York City Employment and Training Coalition | Universal remote | Carreras Cigarette Factory | Surround (video game),1,1,1.0,1,1,1.0,1.0,1.0,1.0,1.0
bm25,pooled,5ae0f6f5554299422ee99583,bridge,hard,"Which record label released Van Morrison's ""I've Been Working"" on the album ""His Band and the Street Choir""?",His Band and the Street Choir | I've Been Working,"I've Been Working | His Band and the Street Choir | I'll Be Your Lover, Too | Domino (Van Morrison song) | Blue Money | The Caledonia Soul Orchestra | No Prima Donna: The Songs of Van Morrison | Call Me Up in Dreamland | Join Hands | The Best of Van Morrison Volume 3",1,1,1.0,1,1,1.0,1.0,1.0,1.0,1.0
bm25,pooled,5adc1ae5554299438c868d5c,bridge,hard,Hate Them is the ninth album by a band likened to who?,Darkthrone | Hate Them,Hate Them | I Hate Myself (for Loving You) | Free (Bonfire album) | Hallelujah! I'm a Bum (album) | Lonestar discography | Timbiriche VIII &amp; IX | The Wonder Who? | Still Restless | Osc-Dis | Fantastic Beasts and Where to Find Them (film),1,1,1.0,0,0,0.0,0.5,0.5,0.5,1.0
bm25,pooled,5ae6860e5542991bbc976112,bridge,hard,"How did Emilie du Chatelet, Voltaire's love, contribute to the basic laws of physics?",Voltaire in Love | Émilie du Châtelet,Basic Laws of Israel | Ethiopian Legal Information Website | Laws of association | Émilie du Châtelet | 12 basic principles of animation | Constitution of Israel | The Physics of Superheroes | Jean de Chastelet | Lori L. Holt | Paul Androuet du Cerceau,0,1,1.0,0,0,0.0,0.0,0.5,0.5,0.25
bm25,pooled,5ae1316555429901ffe4adda,comparison,hard,Were Goo Goo Dolls and Echosmith formed in the same city?,Echosmith | Goo Goo Dolls,"All That You Are (Goo Goo Dolls song) | ITunes Originals – Goo Goo Dolls | Goo Goo Dolls | Waiting for the Rest of It | Live in Buffalo: July 4th, 2004 | Hold Me Up | Something for the Rest of Us | Notbroken | Goo Goo Dolls (album) | Echosmith",0,1,1.0,0,0,1.0,0.0,0.5,1.0,0.3333333333333333
bm25,pooled,5adfeb0555429942ec259b88,bridge,hard,The Detroit mayoral elections of 2009 took place to fill the vacancy created by a politician who was sentenced to what?,"Detroit mayoral election, 2009 | Kwame Kilpatrick","Detroit mayoral election, 2009 | United States Senate elections in Illinois, 2010 | Brian DelGrosso | Charlotte mayoral election, 2015 | United Kingdom local elections, 2013 | List of Calgary municipal elections | Jon Bramnick | Jane Marum Roush | Joseph Vitale (politician) | People's Socialist Republic of Albania",1,1,1.0,0,0,0.0,0.5,0.5,0.5,1.0
bm25,pooled,5ab5499e5542992aa134a295,bridge,hard,In what year was the team that Luke Clark plays either right back or central midfielder for founded?,Curzon Ashton F.C. | Luke Clark,Luke Clark | Leigh Broxham | Bjørn Helge Riise | Nico Pandiani | Martin Linnes | Atiqur Rahman Meshu | Ibrahim Tall | Luke Hubbins | Marco da Silva (French footballer) | 1989 Houston Oilers season,1,1,1.0,0,0,0.0,0.5,0.5,0.5,1.0
bm25,pooled,5adeffa85542992d7e9f926f,comparison,hard,What genre of music was played by both Tappi Tíkarrass and INXS?,INXS | Tappi Tíkarrass,Tappi Tíkarrass | Nýtt líf | Bitið fast í vitið | Folk rock | Rave music | Kidandali | Disco polo | Hanna–McEuen | Premio Lo Nuestro 2003 | The Sarah Millican Television Programme,1,1,1.0,0,0,0.0,0.5,0.5,0.5,1.0
bm25,pooled,5adfd2f255429925eb1afaa5,bridge,hard,A puzzle-platform video game developed by the Valve Corporation is part of what 2012 action-adventure game?,Gateways (video game) | Portal (video game),Aperture Tag: The Paint Gun Testing Initiative | Prince of Persia: The Sands of Time | Portal (video game) | Fez (video game) | Tron Evolution: Battle Grids | Portal 2 | Half-Life 2: Lost Coast | Team Fortress 2 | Shrek Forever After (video game) | Lara Croft and the Temple of Osiris,0,1,1.0,0,0,0.0,0.0,0.5,0.5,0.3333333333333333
bm25,pooled,5ae5b301554299546bf82f2d,bridge,hard,What produces the hormone that promotes sodium retention in the distal nephron?,Aldosterone | Angiotensin,Angiotensin | Aldosterone | Low pressure receptors | Sodium-chloride symporter | Tubuloglomerular feedback | Ascending limb of loop of Henle | Susan Lark | Loop of Henle | Distal renal tubular acidosis | Truth in Science,1,1,1.0,1,1,1.0,1.0,1.0,1.0,1.0
bm25,pooled,5ab1eac95542993be8fa987f,bridge,hard,How many Senate seats will be contested during the midterm elections that Nancy Soderberg has filed to run for Congress in?,"Nancy Soderberg | United States elections, 2018","United States elections, 2018 | Nancy Soderberg | United States midterm election | United States Senate elections, 2002 | United States elections, 2002 | 80th United States Congress | United States Senate elections, 2008 | Classes of United States Senators | TEAM Unity | Wisconsin elections, 2016",1,1,1.0,1,1,1.0,1.0,1.0,1.0,1.0
bm25,pooled,5ae15e125542990adbacf773,comparison,hard,In between Berghuis v. Thompkins and Mississippi University for Women v. Hogan which one was a  case decided 5-4 by the Supreme Court of the United States?,Berghuis v. Thompkins | Mississippi University for Women v. Hogan,Mississippi University for Women v. Hogan | Hoffman v. Jones | West v. Barnes | United States v. Binion | Whole Woman's Health v. Hellerstedt | City of Norwood v. Horney | Van Staphorst v. Maryland | Berghuis v. Thompkins | United States v. Quiver | Hirabayashi v. United States,1,1,1.0,0,0,1.0,0.5,0.5,1.0,1.0
bm25,pooled,5a77beae5542992a6e59dfae,bridge,hard,Which jazz singer has a 2003 album entitled The Boy Next Door? ,Stacey Kent | The Boy Next Door (album),The Boy Next Door (album) | 'Tis Autumn | Not the Boy Next Door | Boy next door | Just as I Am (Yolanda Adams album) | Revengers Tragedy (album) | Hold Me in Your Arms (album) | Tappi Tíkarrass | A Boy in a Man's World | Justin Timberlake videography,1,1,1.0,0,0,0.0,0.5,0.5,0.5,1.0
bm25,pooled,5ae1f5a15542997f29b3c1b5,bridge,hard,The actor who appeared on Charlotte's Shorts and Weeds was born in what year?,Charlotte's Shorts | Gary Anthony Williams,Milton (cartoon) | Harry Bowen (actor) | Charlotte's Shorts | Charles Eldridge | Gary Anthony Williams | Pat Hingle | Billy Sullivan (actor) | Steve Arbuckle | Treat Williams | Spencer Bell (actor),0,1,1.0,0,1,1.0,0.0,1.0,1.0,0.3333333333333333
bm25,pooled,5ade908b55429975fa854f13,bridge,hard,"After he was contracted by the team that is headquartered in Affalterbach, Baden-Württemberg, Germany, Dario Franchitti competed in what series?",Dario Franchitti | Mercedes-AMG,Dario Franchitti | Mercedes-AMG | 2007 Firestone Indy 400 | House Rules (2003 TV series) | 2011 Honda Indy Toronto | 1998 Molson Indy Vancouver | Marino Franchitti | 2009 Honda Indy Toronto | Brico Dépôt | 2011 Indy Grand Prix of Sonoma,1,1,1.0,1,1,1.0,1.0,1.0,1.0,1.0
bm25,pooled,5ab47cd75542991751b4d78d,bridge,hard,"In which year did this division, where Cleveland Browns placed fourth in 2009, adopt its current name?",2009 Cleveland Browns season | AFC North,2009 Cleveland Browns season | 2012 Cleveland Browns season | 2010 Cleveland Browns season | 2011 Cleveland Browns season | Freddie Summers | 2007 Cleveland Browns season | 2008 Cleveland Browns season | Lamar Chapman | AFC North | Ron Snidow,1,1,1.0,0,0,1.0,0.5,0.5,1.0,1.0
bm25,pooled,5a79b7f6554299029c4b5f6f,bridge,hard,How many restaurants comprise the quick service restaurant chain that Ron Joyce helped found?,Ron Joyce | Tim Hortons,Fast food restaurant | Arcos Dorados Holdings | Todai (restaurant) | Toddle House | Lion's Choice | Hero Certified Burgers | Noodle Box | Tim Hortons | Shawarmer | VIP's,0,0,1.0,0,0,0.0,0.0,0.0,0.5,0.125
bm25,pooled,5ab626d555429953192ad279,bridge,hard,Anthony Avent played basketball fo a High School that is located in a city approcimately 8 mi west of where?,"Anthony Avent | Newark, New Jersey","Anthony Avent | Jeff Horner | Kelsall | Finchampstead | Canton, Michigan | Woodville High School (Texas) | James Blackmon Sr. | Covington, Tennessee | Tyler Consolidated High School | CommunityAmerica Ballpark",1,1,1.0,0,0,0.0,0.5,0.5,0.5,1.0
bm25,pooled,5a84873e5542997175ce1eec,bridge,hard,What edition of tennis' US Open was the 2017 US Open when Petra Kvitova was a quarterfinalist?,2017 US Open (tennis) | Petra Kvitová career statistics,2017 US Open (tennis) | 2017 BB&amp;T Atlanta Open | 2017 Connecticut Open | 2017 Winston-Salem Open | 2017 US Open Series | Petra Kvitová career statistics | 2013 US Open Series | 2014 US Open Series | 2012 US Open – Men's singles final | Caroline Wozniacki career statistics,1,1,1.0,0,0,1.0,0.5,0.5,1.0,1.0
bm25,pooled,5ac537975542996feb3fea3c,bridge,hard,Walt Zeboski photographed which 40th President during his campaign in 1980?,Ronald Reagan | Walt Zeboski,"Walt Zeboski | Donald Trump in music | Scout Tufankjian | Presidency of Ronald Reagan | Speeches and debates of Ronald Reagan | Bernhard Vogel (politician) | Donald Trump (Last Week Tonight) | Northern Virginia Campaign | José Mujica | John F. Kennedy presidential campaign, 1960",1,1,1.0,0,0,0.0,0.5,0.5,0.5,1.0
bm25,pooled,5a8f45ca5542997ba9cb320e,comparison,hard,"What type of film are both ""500 Years Later"" and ""Manson""?",500 Years Later | Manson (film),Tukufu Zuberi | Motherland (2010 film) | Junior school | 500 Years Later | Elizabeth Martínez | QBB-95 | Libocedrus | Type I Rifle | History of Wales | Ratafia,0,1,1.0,0,0,0.0,0.0,0.5,0.5,0.25
bm25,per_question,5a8b57f25542995d1e6f1371,comparison,hard,Were Scott Derrickson and Ed Wood of the same nationality?,Ed Wood | Scott Derrickson,"Doctor Strange (2016 film) | Woodson, Arkansas | Conrad Brooks | Scott Derrickson | Sinister (film) | Ed Wood (film) | Tyler Bates | Deliver Us from Evil (2014 film) | Adam Collis | Ed Wood",0,1,,0,0,,0.0,0.5,,0.25
bm25,per_question,5a8c7595554299585d9e36b6,bridge,hard,What government position was held by the woman who portrayed Corliss Archer in the film Kiss and Tell?,Kiss and Tell (1945 film) | Shirley Temple,A Kiss for Corliss | Secretary of State for Constitutional Affairs | Meet Corliss Archer (TV series) | Village accountant | Kiss and Tell (1945 film) | Lord High Treasurer | Charles Craft | Shirley Temple | Janet Waldo | Meet Corliss Archer,0,1,,0,0,,0.0,0.5,,0.2
bm25,per_question,5a85ea095542994775f606a8,bridge,hard,"What science fantasy young adult series, told in first person, has a set of companion books narrating the stories of enslaved worlds and alien species?",Animorphs | The Hork-Bajir Chronicles,Animorphs | The Hork-Bajir Chronicles | Left Behind: The Kids | List of Square Enix companion books | Etiquette &amp; Espionage | Andre Norton Award | Victoria Hanley | Science Fantasy (magazine) | Shadowshaper | The Divide trilogy,1,1,,1,1,,1.0,1.0,,1.0
bm25,per_question,5adbf0a255429947ff17385a,comparison,hard,Are the Laleli Mosque and Esma Sultan Mansion located in the same neighborhood?,Esma Sultan Mansion | Laleli Mosque,Esma Sultan Mansion | Laleli Mosque | Sultan Ahmed Mosque | Djamaâ el Kebir | Gevheri Kadın | Esma Sultan (daughter of Abdülaziz) | Esma Sultan (daughter of Ahmed III) | Esma Sultan (daughter of Abdul Hamid I) | Esma Sultan | Küçük Hüseyin Pasha,1,1,,1,1,,1.0,1.0,,1.0
bm25,per_question,5a8e3ea95542995a26add48d,bridge,hard,"The director of the romantic comedy ""Big Stone Gap"" is based in what New York city?",Adriana Trigiani | Big Stone Gap (film),"Big Stone Gap (film) | New York Society of Model Engineers | Clinton, Minnesota | I Love NY (2015 film) | Nola (film) | Just Another Romantic Wrestling Comedy | Great Eastern Conventions | Adriana Trigiani | Hamish and Andy's Gap Year | Kingston Morning",1,1,,0,0,,0.5,0.5,,1.0
bm25,per_question,5abd94525542992ac4f382d2,bridge,hard,2014 S/S is the debut album of a South Korean boy group that was formed by who?,2014 S/S | Winner (band),2014 S/S | Madtown | Seventeen discography | List of songs written by Ravi | SF9 (band) | Winner (band) | Cho Kyuhyun | History (band) | BTS discography | List of awards and nominations received by Shinee,1,1,,0,0,,0.5,0.5,,1.0
bm25,per_question,5a85b2d95542997b5ce40028,bridge,hard,Who was known by his stage name Aladin and helped organizations improve their performance as a consultant?,Eenasul Fateh | Management consulting,Lil Ru | Management consulting | Amaruk Kayshapanta | ELDee | Method Man | Eenasul Fateh | Criss Angel | James P. Comer | Indriati Iskak | Mick (DJ),1,1,,0,0,,0.5,0.5,,0.5
bm25,per_question,5a87ab905542996e4f3088c1,bridge,hard,The arena where the Lewiston Maineiacs played their home games can seat how many people?,Androscoggin Bank Colisée | Lewiston Maineiacs,Dwyer Arena | Loan modification in the United States | 2011–12 QMJHL season | Billings Bulls | Lewiston Maineiacs | 2006–07 QMJHL season | Case Gym | Robins Center | 2007 Memorial Cup | Androscoggin Bank Colisée,0,1,,0,0,,0.0,0.5,,0.2
bm25,per_question,5a7bbb64554299042af8f7cc,bridge,hard,"Who is older, Annie Morton or Terry Richardson?",Annie Morton | Terry Richardson,Annie Morton | Kenton Richardson | Index Magazine | Terry Richardson | Gumbo (PJ Morton album) | Madonna (book) | Lady Gaga x Terry Richardson | Amanda Lepore | Snoecks | Piano Girl,1,1,,0,1,,0.5,1.0,,1.0
bm25,per_question,5a8db19d5542994ba4e3dd00,comparison,hard,Are Local H and For Against both from the United States?,For Against | Local H,"Local H | For Against | Amherst, Massachusetts | Suffrajett | Ophur | Mendocino County GMO Ban | William H. Cook Water Tank House | United States Senate election in Illinois, 1978 | Wilford H. Fawcett House | Hallelujah! I'm a Bum (album)",1,1,,1,1,,1.0,1.0,,1.0
bm25,per_question,5a7166395542994082a3e814,bridge,hard,"What is the name of the fight song of the university whose main campus is in Lawrence, Kansas and whose branch campuses are in the Kansas City metropolitan area?",Kansas Song | University of Kansas,"University of Kansas | University of the Incarnate Word | Kansas Song | University of Missouri–Kansas City | North Kansas City, Missouri | Kansas City Scout | Kansas City jazz | Downtown Kansas City | Kansas City metropolitan area | History of the Kansas City metropolitan area",1,1,,0,1,,0.5,1.0,,1.0
bm25,per_question,5a877e5d5542993e715abf7d,bridge,hard,"What screenwriter with credits for ""Evolution"" co-wrote a film starring Nicolas Cage and Téa Leoni?",David Weissman | The Family Man,David Weissman | The Family Man | Deadfall (1993 film) | Season of the Witch (2011 film) | Ungod | Drive Angry | It Could Happen to You (1994 film) | City of Angels (film) | Time to Kill (1989 film) | Gone in 60 Seconds (2000 film),1,1,,1,1,,1.0,1.0,,1.0
bm25,per_question,5ab3b0bf5542992ade7c6e39,bridge,hard,What year did Guns N Roses perform a promo for a movie starring Arnold Schwarzenegger as a former New York Police detective?,End of Days (film) | Oh My God (Guns N' Roses song),End of Days (film) | Get Christie Love! | Oh My God (Guns N' Roses song) | Last Action Hero | Guns N' Roses discography | True Lies | Hammerjack's | Steven Adler | Arnold Schwarzenegger filmography | Faction Punk,1,1,,0,1,,0.5,1.0,,1.0
bm25,per_question,5ab56e32554299637185c594,comparison,hard,Are Random House Tower and 888 7th Avenue both used for real estate?,888 7th Avenue | Random House Tower,"Random House Tower | Villard (imprint) | Real estate technology | Pershing Square Capital Management | Loan modification in the United States | 888 7th Avenue | Real estate benchmarking | Carl B. Stokes United States Courthouse | Hounsfield Heights/Briar Hill, Calgary | South Phoenix",1,1,,0,0,,0.5,0.5,,1.0
bm25,per_question,5ab6d09255429954757d337d,bridge,hard,The football manager who recruited David Beckham managed Manchester United during what timeframe?,1995–96 Manchester United F.C. season | Alex Ferguson,1996 FA Charity Shield | David Beckham Academy | Joshua Parlby | Sir Matt Busby Sports Complex | Ernest Mangnall | Alex Ferguson | Matt Busby | David Beckham's Soccer USA | The Class of '92 | 1995–96 Manchester United F.C. season,0,0,,0,0,,0.0,0.0,,0.16666666666666666
bm25,per_question,5a75e05c55429976ec32bc5f,bridge,hard,Brown State Fishing Lake is in a country that has a population of how many inhabitants ?,"Brown County, Kansas | Brown State Fishing Lake","Brown County, Kansas | Brown State Fishing Lake | Commanda Lake | Osage State Fishing Lake | Neosho State Fishing Lake | Higgins Lake | Shawnee State Fishing Lake | Fishing Lake | Higgins Lake, Michigan | Narrow Hills Provincial Park",1,1,,1,1,,1.0,1.0,,1.0
bm25,per_question,5ab3e45655429976abd1bcd4,bridge,hard,The Vermont Catamounts men's soccer team currently competes in a conference that was formerly known as what from 1988 to 1996?,America East Conference | Vermont Catamounts men's soccer,America East Conference | Vermont Catamounts men's soccer | Vermont Catamounts men's basketball | Vermont Catamounts men's ice hockey | 2013–14 Vermont Catamounts men's basketball team | 2016–17 Vermont Catamounts men's basketball team | 2010–11 Vermont Catamounts men's basketball team | 2012–13 Vermont Catamounts men's basketball team | 2015–16 Vermont Catamounts men's basketball team | 2011–12 Vermont Catamounts men's basketball team,1,1,,1,1,,1.0,1.0,,1.0
bm25,per_question,5ab29c24554299449642c932,comparison,hard,Are Giuseppe Verdi and Ambroise Thomas both Opera composers ?,Ambroise Thomas | Giuseppe Verdi,"Ambroise Thomas | Ferdinando Provesi | Giuseppe Verdi (film) | Verdi, the King of Melody | Teatro Giuseppe Verdi | Bernhard Bötel | Armand Castelmary | Giuseppe Verdi | Parma Airport | List of major opera composers",1,1,,0,0,,0.5,0.5,,1.0
bm25,per_question,5ae0d4c9554299603e418468,bridge,hard,Roger O. Egeberg was Assistant Secretary for Health and Scientific Affairs during the administration of a president that served during what years?,Richard Nixon | Roger O. Egeberg,Roger O. Egeberg | Douglas J. Bennet | Steven K. Galson | Robert R. Hood | Robert Hormats | Office of Population Affairs | Richard Nixon | Bradford P. Campbell | Edward D. Martin | United States Assistant Secretary of State,1,1,,0,0,,0.5,0.5,,1.0
bm25,per_question,5a8133725542995ce29dcbdb,comparison,hard,"Which writer was from England, Henry Roth or Robert Erskine Childers?",Henry Roth | Robert Erskine Childers,Henry Roth | Gretchen Osgood Warren | Erskine Barton Childers | Molly Childers | Irish Bulletin | Asgard (yacht) | Robert Caesar Childers | Robert Erskine Childers | Robert Barton | R509 road (Ireland),1,1,,0,0,,0.5,0.5,,1.0
bm25,per_question,5ae7a8175542993210983ed8,bridge,hard,Which other Mexican Formula One race car driver has held the podium besides the Force India driver born in 1990?,Formula One drivers from Mexico | Sergio Pérez,Formula One drivers from Mexico | Force India VJM04 | 2014 Bahrain Grand Prix | 2009 Singapore Grand Prix | Eduardo Troconis | Mike Shank | Tony Ave | Michael James Lewis | Catharina Felser | Sergio Pérez,1,1,,0,0,,0.5,0.5,,1.0
bm25,per_question,5ae6050f55429929b0807a5e,bridge,hard,This singer of A Rather Blustery Day also voiced what hedgehog?,A Rather Blustery Day | Jim Cummings,Kate Higgins | Winnie the Pooh and the Blustery Day | A Rather Blustery Day | The Wonderful Thing About Tiggers | Heffalumps and Woozles | Hip Hip Pooh-Ray! | The Rain Rain Rain Came Down Down Down | Little Black Rain Cloud | The House That Jack Built (1967 film) | Jim Cummings,0,1,,0,0,,0.0,0.5,,0.3333333333333333
bm25,per_question,5adddccd5542997dc7907069,bridge,hard,"Aside from the Apple Remote, what other device can control the program Apple Remote was originally designed to interact with?",Apple Remote | Front Row (software),Apple Remote | Siri Remote | Universal remote | Remote control | Trainmaster Command Control | MacScan | Apple Watch | NetSupport Manager | Front Row (software) | Apple Remote Desktop,1,1,,0,0,,0.5,0.5,,1.0
bm25,per_question,5ae2070a5542994d89d5b313,comparison,hard,"Which performance act has a higher instrument to person ratio, Badly Drawn Boy or Wolf Alice? ",Badly Drawn Boy | Wolf Alice,Under an Hour | Tom Rothrock | The Hour of Bewilderbeast | Wolf Alice | Badly Drawn Boy discography | Silent Sigh | Something to Talk About (Badly Drawn Boy song) | About a Boy (soundtrack) | About a Boy (film) | Badly Drawn Boy,0,1,,0,0,,0.0,0.5,,0.25
bm25,per_question,5ae22b8d554299234fd0440f,bridge,hard,What was the father of Kasper Schmeichel voted to be by the IFFHS in 1992?,Kasper Schmeichel | Peter Schmeichel,Peter Schmeichel | IFFHS World's Best Club Coach | Sommeren '92 | Pelé | Goštautai | Isaak Hassler | Gus Williams (musician) | IFFHS World's Best Goalkeeper | Kasper Schmeichel | Kasper Hvidt,1,1,,0,0,,0.5,0.5,,1.0
bm25,per_question,5a722b8655429971e9dc9329,bridge,hard,Who was the writer of These Boots Are Made for Walkin' and who died in 2007?,Lee Hazlewood | These Boots Are Made for Walkin',These Boots Are Made for Walkin' | Death of Abdul Wali | Jim Shoulders | Boots (album) | The Twenty-fifth Anniversary Anthology | Boots (EP) | Kon Kan | Nancy Sinatra | Puss N' Boots/These Boots Are Made for Walkin' | Lee Hazlewood,1,1,,0,0,,0.5,0.5,,1.0
bm25,per_question,5adf37a95542995ec70e8f97,bridge,hard,"The 2011–12 VCU Rams men's basketball team, led by third year head coach Shaka Smart, represented Virginia Commonwealth University which was founded in what year?",2011–12 VCU Rams men's basketball team | Virginia Commonwealth University,2011–12 VCU Rams men's basketball team | 2012–13 VCU Rams men's basketball team | 1995–96 VCU Rams men's basketball team | 2010–11 VCU Rams men's basketball team | 2015–16 VCU Rams men's basketball team | 2013–14 VCU Rams men's basketball team | Virginia Commonwealth University | 2014–15 VCU Rams men's basketball team | 2009–10 VCU Rams men's basketball team | 2004–05 VCU Rams men's basketball team,1,1,,0,0,,0.5,0.5,,1.0
bm25,per_question,5abd259d55429924427fcf1a,comparison,hard,"Are both Dictyosperma, and Huernia described as a genus?",Dictyosperma | Huernia,Dictyosperma | Huernia,1,1,,1,1,,1.0,1.0,,1.0
bm25,per_question,5a828c8355429966c78a6a50,bridge,hard,Kaiser Ventures corporation was founded by an American industrialist who became known as the father of modern American shipbuilding?,Henry J. Kaiser | Kaiser Ventures,Henry J. Kaiser | Edgar Kaiser Sr. | Edgar Kaiser Jr. | Nutri Ventures – The Quest for the 7 Kingdoms | Kaiser Ventures | Kaiser Shipyards | Neafie &amp; Levy | John Roach &amp; Sons | Eagle Mountain Railroad | New York Shipbuilding Corporation,1,1,,0,1,,0.5,1.0,,1.0
bm25,per_question,5a8a3e745542996c9b8d5e70,bridge,hard,"What is the name for the adventure in ""Tunnels and Trolls"", a game designed by Ken St. Andre?",Arena of Khazan | Tunnels &amp; Trolls,"Tunnels &amp; Trolls | Mercenaries, Spies and Private Eyes | Tunnels &amp; Trolls: Crusaders of Khazan | Crank Caverns | Starfaring | Arena of Khazan | St. Andre's Parish | Ken St. Andre | St. Andre (Goa Assembly constituency) | Jon St. Andre",1,1,,0,0,,0.5,0.5,,1.0
bm25,per_question,5ac23ff0554299636651994d,bridge,hard,"When was Poison's album ""Shut Up, Make Love"" released?","Poison (American band) | Shut Up, Make Love","Shut Up, Make Love | Be the One (Poison song) | The Longer We Make Love | All I Wanna Do Is Make Love to You | Mind If We Make Love to You | Make Love | Chuck Berry on Stage | Make Love Not War (album) | Poison (American band) | Greatest Hits (Dan Fogelberg album)",1,1,,0,0,,0.5,0.5,,1.0
bm25,per_question,5ae4a3265542995ad6573de5,comparison,hard,"Hayden is a singer-songwriter from Canada, but where does Buck-Tick hail from?",Buck-Tick | Hayden (musician),Hayden (musician) | Mild and Hazy | Hailstorm Alley | Dewey Beard | Skyscraper National Park | Kyo (musician) | Atsushi Sakurai | Buck-Tick | Masami Tsuchiya | Alberta Hail Project,1,1,,0,0,,0.5,0.5,,1.0
bm25,per_question,5ae0361155429925eb1afc2c,bridge,hard,Which  French ace pilot and adventurer fly L'Oiseau Blanc,Charles Nungesser | L'Oiseau Blanc,W. E. Johns | L'Oiseau Blanc | Paul Sauvage (aviator) | François Coli | Gervais Raoul Lufbery | Wooster and Davis | Georges Madon | Charles Nungesser | L'Oiseau bleu (Metzinger) | Levasseur PL.8,1,1,,0,0,,0.5,0.5,,0.5
bm25,per_question,5abc0a5d5542993f40c73c64,comparison,hard,Are Freakonomics and In the Realm of the Hackers both American documentaries?,Freakonomics (film) | In the Realm of the Hackers,In the Realm of the Hackers | Psycho Realm | Hackers (film) | Robin Goldstein | Freakonomics Radio | Jay Leiderman | Freakonomics (film) | Shayne Workman | Heidi Ewing | Peter W. Smith,1,1,,0,0,,0.5,0.5,,1.0
bm25,per_question,5a7cc50e554299452d57ba3e,comparison,hard,"Which band, Letters to Cleo or Screaming Trees, had more members?",Letters to Cleo | Screaming Trees,Letters to Cleo | Screaming Trees discography | Gary Lee Conner | Jamboree (Beat Happening album) | Van Conner | Screaming Trees | Beat Happening/Screaming Trees | Change Has Come | Truly | Mad Season (band),1,1,,0,0,,0.5,0.5,,1.0
bm25,per_question,5abf63f15542997ec76fd3ea,bridge,hard,Alexander Kerensky was defeated and destroyed by the Bolsheviks in the course of a civil war that ended when ?,Russian Civil War | Socialist Revolutionary Party,Socialist Revolutionary Party | Russian Civil War | Communism in Russia | Left-wing uprisings against the Bolsheviks | Battle of Romanovka | Alexander Kerensky | Lavr Kornilov | Louise Bryant | Timofey Samsonov | Kerensky–Krasnov uprising,1,1,,1,1,,1.0,1.0,,1.0
bm25,per_question,5a8ef2a75542995a26add583,bridge,hard,Seven Brief Lessons on Physics was written by an Italian physicist that has worked in France since what year?,Carlo Rovelli | Seven Brief Lessons on Physics,Seven Brief Lessons on Physics | Carlo Rovelli | Enrico Fermi | Claudio Pellegrini | Guido Caldarelli | Aldo Pontremoli | Antonino Lo Surdo | Sergio Ferrara | Chiara Nappi | Micropædia,1,1,,1,1,,1.0,1.0,,1.0
bm25,per_question,5a80721b554299485f5985ef,bridge,hard,"The Livesey Hal War Memorial commemorates the fallen of which war, that had over 60 million casualties?",Livesey Hall War Memorial | World War II casualties,"World War II casualties | Livesey Hall War Memorial | Masnières Newfoundland Memorial | Alamein Memorial | Arras Flying Services Memorial | Vietnam War Memorial, Hanoi | Portsmouth Naval Memorial | Tower Hill Memorial | Rainham War Memorial | Freetown Memorial",1,1,,1,1,,1.0,1.0,,1.0
bm25,per_question,5ab51dae5542991779162d82,comparison,hard,Are both Elko Regional Airport and Gerald R. Ford International Airport located in Michigan?,Elko Regional Airport | Gerald R. Ford International Airport,Elko Regional Airport | Gerald R. Ford International Airport | Gerald R. Ford Freeway | Bishop International Airport | Gerald R. Ford Presidential Library | Pre-Commissioning Unit | Grantley Adams International Airport | Pensacola International Airport | John Glenn Columbus International Airport | Raleigh Executive Jetport,1,1,,1,1,,1.0,1.0,,1.0
bm25,per_question,5a7571135542992d0ec05f98,bridge,hard,Ralph Hefferline was a psychology professor at a university that is located in what city?,Columbia University | Ralph Hefferline,Ralph Hefferline | Princeton Neuroscience Institute | Kimberly Young | Mathematically Alive | E. Mavis Hetherington | Stanley Coren | Abraham Maslow | Frank L. Schmidt | David C. Funder | Columbia University,1,1,,0,0,,0.5,0.5,,1.0
bm25,per_question,5a7a0e1e5542990783324e1a,comparison,hard,Which dog's ancestors include Gordon and Irish Setters: the Manchester Terrier or the Scotch Collie?,Manchester Terrier | Scotch Collie,Scotch Collie | English Setter | Viol | Florence Nagle | Feist (dog) | Russkiy Toy | Teddy Roosevelt Terrier | Toy Manchester Terrier | Collie | Manchester Terrier,1,1,,0,0,,0.5,0.5,,1.0
bm25,per_question,5a74106b55429979e288289e,bridge,hard,Where is the company that Sachin Warrier worked for as a software engineer headquartered? ,Sachin Warrier | Tata Consultancy Services,William Connolley | Alec Muffett | Wes McKinney | Tata Consultancy Services | Muthuchippi Poloru | Sachin Warrier | Lead programmer | Sachin Bansal | Divya S. Menon | Kanave Kalayathe,0,1,,0,0,,0.0,0.5,,0.25
bm25,per_question,5a79311755429970f5fffe67,bridge,hard,"A Japanese manga series based on a 16 year old high school student Ichitaka Seto, is written and illustrated by someone born in what year?",I&quot;s | Masakazu Katsura,I&quot;s | Clear Skies! | The Kindaichi Case Files | Neuro: Supernatural Detective | My Bride is a Mermaid | Haven't You Heard? I'm Sakamoto | Silver Spoon (manga) | Manga Bible (series) | The Prince of Tennis | Masakazu Katsura,1,1,,0,0,,0.5,0.5,,1.0
bm25,per_question,5ab2d3df554299194fa9352c,bridge,hard,The battle in which Giuseppe Arimondi lost his life secured what for Ethiopia?,Battle of Adwa | Giuseppe Arimondi,Giuseppe Arimondi | Battle of Adwa | Herbert S. Lewis | Ephigenia of Ethiopia | First Italo-Ethiopian War | Second Battle of Agordat | Outline of Ethiopia | P'ent'ay | Treaty of Addis Ababa | Ethiopia–Japan relations,1,1,,1,1,,1.0,1.0,,1.0
bm25,per_question,5a760ab65542994ccc918697,bridge,hard,Alfred Balk served as the secretary of the Committee on the Employment of Minority Groups in the News Media under which United States Vice President?,Alfred Balk | Nelson Rockefeller,Alfred Balk | Gordon Johndroe | Gerald Ford | Nelson Rockefeller | Executive Order 10925 | Cynthia Hogan | Jim Lentz | Robert Nyce | President pro tempore of the United States Senate | Gore-Chernomyrdin Commission,1,1,,0,1,,0.5,1.0,,1.0
bm25,per_question,5a7d54165542995f4f402256,bridge,hard,"A medieval fortress in Dirleton, East Lothian, Scotland borders on the south side of what coastal area?",Dirleton Castle | Yellowcraigs,"Dirleton Castle | Dirleton Kirk | Scottish Borders | Lothian and Borders | Yellowcraigs | St. Mary's Priory (Lothian) | Dirleton | Haddington, East Lothian | John Home Robertson | Lord Haliburton of Dirleton",1,1,,0,1,,0.5,1.0,,1.0
bm25,per_question,5ab859a955429934fafe6d7b,bridge,hard,Who is the writer of this song that was inspired by words on a tombstone and was the first track on the box set Back to Mono?,Back to Mono (1958–1969) | To Know Him Is to Love Him,"To Know Him Is to Love Him | Back to Mono (1958–1969) | Nashville Rebel (box set) | Mono Masters | Trash Box | Led Zeppelin Boxed Set 2 | Chrome, Smoke &amp; BBQ | The Doors: Vinyl Box Set | Radiohead Box Set | Live in Japan (John Coltrane album)",1,1,,1,1,,1.0,1.0,,1.0
bm25,per_question,5add61d65542995b365fab21,bridge,hard,What type of forum did a former Soviet statesman initiate?,Mikhail Gorbachev | World Summit of Nobel Peace Laureates,David Waksberg | Mikhail Gorbachev | World Summit of Nobel Peace Laureates | MS Excelsior Neptune | Andrei Kirilenko (politician) | Mikhail Suslov | Nikolai Podgorny | Sergo Mikoyan | Anastas Mikoyan | Ephraim Sklyansky,1,1,,0,1,,0.5,1.0,,0.5
bm25,per_question,5a8e068b5542995085b37384,comparison,hard,Are Ferocactus and Silene both types of plant?,Ferocactus | Silene,Ferocactus | Silene menziesii | Silene conoidea | Silene suksdorfii | Sex determination in Silene | Silene | Silene antirrhina | Silene stenophylla | Silene tomentosa | Silene latifolia,1,1,,0,0,,0.5,0.5,,1.0
bm25,per_question,5abbf698554299114383a0b5,bridge,hard,Which British first-generation jet-powered medium bomber was used in the South West Pacific theatre of World War II?,English Electric Canberra | No. 2 Squadron RAAF,English Electric Canberra | South West Pacific Area (command) | Savoia-Marchetti SM.79 | Tupolev Tu-12 | Edwin A. Doss | Asiatic-Pacific Theater | South West Pacific theatre of World War II | No. 12 Squadron RAAF | No. 2 Squadron RAAF | Coastwatchers,1,1,,0,0,,0.5,0.5,,1.0
bm25,per_question,5a8e1027554299653c1aa15f,bridge,hard,Which year and which conference was the 14th season for this conference as part of the NCAA Division that the Colorado Buffaloes played in with a record of 2-6 in conference play?,2009 Big 12 Conference football season | 2009 Colorado Buffaloes football team,2009 Big 12 Conference football season | 1989 Colorado Buffaloes football team | 2009 Colorado Buffaloes football team | 2011 Colorado Buffaloes football team | 2014–15 Colorado Buffaloes men's basketball team | 2012 Colorado Buffaloes football team | 2015–16 Colorado Buffaloes men's basketball team | 2015 Colorado Buffaloes football team | 2014 Colorado Buffaloes football team | 2016–17 Colorado Buffaloes men's basketball team,1,1,,0,1,,0.5,1.0,,1.0
bm25,per_question,5ab84bf555429916710eb01f,bridge,hard,In 1991 Euromarché was bought by a chain that operated how any hypermarkets at the end of 2016?,Carrefour | Euromarché,Lewis's | Uno-X | Selver | Carrefour | SavaCentre | Euromarché | John A. Brown (department store) | Holiday Inn Lake Buena Vista Downtown | Tazweed Center | Tesco Extra,0,1,,0,0,,0.0,0.5,,0.25
bm25,per_question,5a77724455429972597f153e,bridge,hard,What race track in the midwest hosts a 500 mile race eavery May?,1957 Indianapolis 500 | Indianapolis Motor Speedway,Carolina Dodge Dealers 400 | Allison Transmission | Orange County Fair Speedway | Subway 400 | 1964 Armstrong 500 | Louis Schwitzer Award | Lean Horse Ultramarathon | Johnny Rutherford | 1957 Indianapolis 500 | Indianapolis Motor Speedway,0,0,,0,0,,0.0,0.0,,0.1111111111111111
bm25,per_question,5a87c13f5542996e4f30890c,bridge,hard,"In what city did the ""Prince of tenors"" star in a film based on an opera by Giacomo Puccini?",Franco Corelli | Tosca (1956 film),Franco Corelli | Ron Bottcher | Tosca (1956 film) | La Bohème (1988 film) | Cesira Ferrani | La fanciulla del West | Gianni Schicchi | O mio babbino caro | Festival Puccini | Jacopo Puccini,1,1,,0,1,,0.5,1.0,,1.0
bm25,per_question,5ab96ab755429970cfb8eacd,bridge,hard,"Ellie Goulding worked with what other writers on her third studio album, Delirium?",Delirium (Ellie Goulding album) | On My Mind (Ellie Goulding song),Halcyon (album) | List of songs recorded by Ellie Goulding | Army (Ellie Goulding song) | Something in the Way You Move | Delirium World Tour | Outside (Calvin Harris song) | Flashlight (DJ Fresh song) | On My Mind (Ellie Goulding song) | Love Me like You Do | Delirium (Ellie Goulding album),0,0,,0,0,,0.0,0.0,,0.125
bm25,per_question,5a8a43eb5542996c9b8d5e82,bridge,hard,Which Australian city founded in 1838 contains a boarding school opened by a Prime Minister of Australia and named after a school in London of the same name.,"Marion, South Australia | Westminster School, Adelaide","PNG solution | Westminster School, Adelaide | Sainik School Balachadi, Jamnagar | Grace Church School | Cotter High School (Winona, Minnesota) | Marion, South Australia | Concho Indian Boarding School | Grennaskolan | Princeton High School (Illinois) | Vishwajyoti Higher Secondary School",1,1,,0,0,,0.5,0.5,,0.5
bm25,per_question,5ae73acb5542991e8301cc07,bridge,hard,D1NZ is a series based on what oversteering technique?,D1NZ | Drifting (motorsport),"D1NZ | Night School: the Web Series | Rising Star (France) | List of The Office (U.S. TV series) characters | Iron Man (TV series) | Ripley's Believe It or Not! (TV series) | Raimund Harmstorf | Katri, Girl of the Meadows | Raaz Pichhle Janam Ka | Drifting (motorsport)",1,1,,0,0,,0.5,0.5,,1.0
bm25,per_question,5a7320565542991f9a20c61d,bridge,hard,who is younger Keith Bostic or Jerry Glanville ?,Jerry Glanville | Keith Bostic (American football),Keith Bostic (American football) | Keith Bostic | Ken Herock | 1987 Pittsburgh Steelers season | 1989 Houston Oilers season | Lucky to Be Alive (Confederate Railroad album) | Mouse Davis | Jerry Glanville | Portland State Vikings football under Jerry Glanville | 1990 Atlanta Falcons season,1,1,,0,0,,0.5,0.5,,1.0
bm25,per_question,5ae32e125542991a06ce9946,bridge,hard,"According to the 2001 census, what was the population of the city in which Kirton End is located?","Boston, Lincolnshire | Kirton End","Parkridge, Saskatoon | Borough of Berwick-upon-Tweed | Urbanisation in India | Sauce Viejo, Argentina | Kirton, Nottinghamshire | Kirton, Suffolk | Willoughton | Kirton End | 2001 Bangladesh census | Boston, Lincolnshire",0,0,,0,0,,0.0,0.0,,0.125
bm25,per_question,5adc53f75542996e6852530a,comparison,hard,Are both Cypress and Ajuga genera?,Ajuga | Cypress,Libocedrus | Ajuga | Cedrol | Fokienia | Pilgerodendron | Frenchman Formation | Cypress-pine | Cupressus | Ajugeae | Cypress,1,1,,0,0,,0.5,0.5,,0.5
bm25,per_question,5a8b20335542996c9b8d5fb3,bridge,hard,What distinction is held by the former NBA player who was a member of the Charlotte Hornets during their 1992-93 season and was head coach for the WNBA team Charlotte Sting?,1992–93 Charlotte Hornets season | Muggsy Bogues,Charlotte Hornets | Muggsy Bogues | Ayana Walker | 2014–15 Charlotte Hornets season | 1992–93 Charlotte Hornets season | Charlotte Hornets draft history | List of Texas Tech Lady Raiders in the WNBA Draft | Charlotte Hornets all-time roster | List of Charlotte Hornets seasons | 2003 WNBA season,1,1,,0,1,,0.5,1.0,,0.5
bm25,per_question,5a85fb085542994775f606de,bridge,hard,What is the name of the executive producer of the film that has a score composed by Jerry Goldsmith?,Alien (film) | Alien (soundtrack),Lionheart (1987 film) | Alien (soundtrack) | Christus Apollo | Legend (film score) | Alien (film) | Total Recall (1990 film) | L.A. Confidential (soundtrack) | Aliens (soundtrack) | Innerspace | Mulan (soundtrack),1,1,,0,1,,0.5,1.0,,0.5
bm25,per_question,5a7be2595542997c3ec972ac,comparison,hard,"Who was born earlier, Emma Bull or Virginia Woolf?",Emma Bull | Virginia Woolf,Emma Bull | Virginia Woolf | The Mark on the Wall | Me! I'm Afraid of Virginia Woolf | Jane de Gay | Freshwater (opera) | Orlando: A Biography | Moments of Being | The Duchess and the Jeweller | Jane Marcus,1,1,,1,1,,1.0,1.0,,1.0
bm25,per_question,5a77152355429966f1a36c2e,bridge,hard,What was the Roud Folk Song Index of the nursery rhyme inspiring What Are Little Girls Made Of?,What Are Little Boys Made Of? | What Are Little Girls Made Of?,"What Are Little Girls Made Of? | What Are Little Boys Made Of? | Tweedledum and Tweedledee | A Wise Old Owl | Billy Boy | Three Little Kittens | Aiken Drum | Pretty Little Dutch Girl | Did You Ever See a Lassie? | Row, Row, Row Your Boat",1,1,,1,1,,1.0,1.0,,1.0
bm25,per_question,5a8f4c8d554299458435d5a3,bridge,hard,Scott Parkin has been a vocal critic of Exxonmobil and another corporation that has operations in how many countries ?,Halliburton | Scott Parkin,Scott Parkin | Yvonne Ridley | Mobil Producing Nigeria | Halliburton | PRX-07034 | Exxon | Oregon and Transcontinental Company | Religious Technology Center | Dummy corporation | Corporate synergy,1,1,,0,1,,0.5,1.0,,1.0
bm25,per_question,5a80840f554299485f59863b,bridge,hard,What WB supernatrual drama series was Jawbreaker star Rose Mcgowan best known for being in?,Jawbreaker (film) | Rose McGowan,Kay Tagal Kang Hinintay | Rose McGowan | Safe Harbor (TV series) | Kerr Smith | Sarah Drew | Jawbreaker (film) | List of Charmed characters | Charmed (season 4) | Charmed | Power of Three (Charmed),1,1,,0,0,,0.5,0.5,,0.5
bm25,per_question,5a8361b65542992ef85e22a0,bridge,hard,Vince Phillips held a junior welterweight title by an organization recognized by what larger Hall of Fame?,International Boxing Federation | Vince Phillips,International Boxing Federation | Vince Phillips | Bunny Grant | Zab Judah | Andrew Murray (Guyanese boxer) | Ralph Charles | Lawrence Austin | Jeff Malcolm | Fatai Onikeke | Julian Holland (boxer),1,1,,1,1,,1.0,1.0,,1.0
bm25,per_question,5ae7ba7a5542993210983f12,bridge,hard,"What is the name of the singer who's song was released as the lead single from the album ""Confessions"", and that had popular song stuck behind for eight consecutive weeks?",I Don't Wanna Know | Yeah! (Usher song),Stay (Sugarland song) | Can't Touch It | I Don't Wanna Know | Yeah! (Usher song) | No One (Alicia Keys song) | Feel Good Inc. | Stay (Shakespears Sister song) | U Know What's Up | Billy Ray Cyrus discography | My Fair Lady (Broadway cast recording),0,1,,0,1,,0.0,1.0,,0.3333333333333333
bm25,per_question,5ac2acff55429921a00ab02b,bridge,hard,who is the younger brother of The episode guest stars of The Hard Easy ,Brian Doyle-Murray | The Hard Easy (Adventure Time),Evicted! | The Hard Easy (film) | The Hard Easy (Adventure Time) | Roy's Wedding | Moving On (The Office) | Andy's Ancestry | Brother from Another Series | The Farm (The Office) | Web Weirdos | Brian Doyle-Murray,0,1,,0,0,,0.0,0.5,,0.3333333333333333
bm25,per_question,5aba7cfe554299232ef4a2fd,bridge,hard,The 2017–18 Wigan Athletic F.C. season will be a year in which the team competes in the league cup known as what for sponsorship reasons?,2017–18 Wigan Athletic F.C. season | EFL Cup,2017–18 Wigan Athletic F.C. season | EFL Cup | List of Wigan Borough F.C. players | Trinidad and Tobago League Cup | 1978–79 Wigan Athletic F.C. season | 1979–80 Wigan Athletic F.C. season | Springfield Park (Wigan) | 2007–08 Wigan Athletic F.C. season | 2006–07 Wigan Athletic F.C. season | Nick Powell,1,1,,1,1,,1.0,1.0,,1.0
bm25,per_question,5ae5aba0554299546bf82f17,bridge,hard,"Which of Tara Strong major voice role in animated series is an American animated television series based on the DC Comics fictional superhero team, the ""Teen Titans""?",Tara Strong | Teen Titans Go! (TV series),List of Teen Titans Go! episodes | Teen Titans Go! (TV series) | Tara Strong | Tara Strong filmography | Teen Titans: Trouble in Tokyo | Teen Titans (season 4) | Teen Titans (season 1) | List of Teen Titans episodes | Roy Harper (comics) | Teen Titans,1,1,,0,1,,0.5,1.0,,0.5
bm25,per_question,5ae1f4cb554299234fd0436d,bridge,hard,What is the inhabitant of the city where  122nd SS-Standarte was formed in2014,122nd SS-Standarte | Strasbourg,"122nd SS-Standarte | Strasbourg | 122nd Infantry Regiment (United States) | 122nd Division (Imperial Japanese Army) | 122d Fighter Squadron | 122nd Hydroplane Liaison Squadron | 122nd Ohio Infantry | 122nd (Muskoka) Battalion, CEF | 122nd Fighter Aviation Squadron | 122nd Division",1,1,,1,1,,1.0,1.0,,1.0
bm25,per_question,5ae7e1fc55429952e35ea9cc,bridge,hard,What color clothing do people of the Netherlands wear during Oranjegekte or to celebrate the national holiday Koningsdag? ,Koningsdag | Oranjegekte,Oranjegekte | Christmas in the Basque Country | Jounen Kwéyòl | Queen's Day (disambiguation) | White Sunday | Garifuna Settlement Day | Koningsdag | Children's Day (Japan) | The Eighth (United States) | Saint-Jean-Baptiste Day,1,1,,0,0,,0.5,0.5,,1.0
bm25,per_question,5ae37c765542992f92d822d4,bridge,hard,"What was the name of the 1996 loose adaptation of William Shakespeare's ""Romeo & Juliet"" written by James Gunn?",James Gunn | Tromeo and Juliet,Tromeo and Juliet | A rose by any other name would smell as sweet | List of Romeo × Juliet episodes | Romeo + Juliet | Romeo × Juliet | Romeo and Juliet on screen | The Tragedy of Romeo and Juliet (film) | Romeo | James Gunn's PG Porn | James Gunn,1,1,,0,0,,0.5,0.5,,1.0
bm25,per_question,5ae33c4d5542992f92d82262,bridge,hard,Robert Suettinger was the national intelligence officer under which former Governor of Arkansas?,Bill Clinton | Robert Suettinger,Robert Suettinger | Director of the Defense Intelligence Agency | National Intelligence Cross | National Intelligence Medal of Achievement | Bill Clinton | National Intelligence Reform Medal | Ground Intelligence Officer | National Intelligence Estimate | National Intelligence Board | National Intelligence Superior Service Medal,1,1,,0,1,,0.5,1.0,,1.0
bm25,per_question,5a77cb335542997042120b3a,bridge,hard,What American professional Hawaiian surfer born 18 October 1992 won the Rip Curl Pro Portugal?,John John Florence | MEO Rip Curl Pro Portugal,John John Florence | Coco Ho | MEO Rip Curl Pro Portugal | Andy Irons | MEO Rip Curl Pro Portugal 2017 | Moche Rip Curl Pro Portugal 2015 | Moche Rip Curl Pro Portugal 2014 | MEO Rip Curl Pro Portugal 2016 | Supertubos | Barton Lynch,1,1,,0,1,,0.5,1.0,,1.0
bm25,per_question,5a8979f4554299669944a52e,bridge,hard,What is the middle name of the actress who plays Bobbi Bacha in Suburban Madness?,Bobbi Bacha | Sela Ward,Bobbi Bacha | Suburban Madness | Chris Funk | Jeff Strabone | Middle name | Latvian name | Barend | Singh | Marion Christopher Barry | Sela Ward,1,1,,0,0,,0.5,0.5,,1.0
bm25,per_question,5a713ea95542994082a3e6e4,bridge,hard,Alvaro Mexia had a diplomatic mission with which tribe of indigenous people?,Alvaro Mexia | Indigenous peoples of Florida,"Alvaro Mexia | Indigenous peoples of Florida | Diplomatic mission | Embassy of the United States, Nairobi | United States Mission to the European Union | List of diplomatic missions of Azerbaijan | Head of mission | High Commission of Australia, London | Diplomatic bag | Embassy of China, London",1,1,,1,1,,1.0,1.0,,1.0
bm25,per_question,5a78bd9b554299078472774a,bridge,hard,What nationality were social anthropologists Alfred Gell and Edmund Leach?,Alfred Gell | Edmund Leach,Alfred Gell | Coral Gardens and Their Magic | Edmund Leach | Association of Social Anthropologists | Network Analysis and Ethnographic Problems | Muted group theory | Aleksandar Bošković | Social Anthropology (journal) | Participant observation | Thomas Hylland Eriksen,1,1,,0,1,,0.5,1.0,,1.0
bm25,per_question,5a7625e8554299109176e66a,bridge,hard,In which year was the King who made the 1925 Birthday Honours born?,1925 Birthday Honours | George V,1925 Birthday Honours | 1951 Birthday Honours | George V | 1965 Birthday Honours | Birthday Honours | 2016 Birthday Honours | 2015 Birthday Honours | 2014 Birthday Honours | 2013 Birthday Honours | 2017 Birthday Honours,1,1,,0,1,,0.5,1.0,,1.0
bm25,per_question,5ae2dd2055429928c423950d,bridge,hard,"What is the county seat of the county where East Lempster, New Hampshire is located?","East Lempster, New Hampshire | Sullivan County, New Hampshire","Steven D. Smith | Sullivan County, New Hampshire | Hampden County, Massachusetts | Carroll County, New Hampshire | Dover, New Hampshire | Woodsville, New Hampshire | Gardnerville Branch Jail | Miner Memorial Library | Lempster, New Hampshire | East Lempster, New Hampshire",1,1,,0,0,,0.5,0.5,,0.5
bm25,per_question,5abdf12255429976d4830a2f,bridge,hard,The Album Against the Wind was the 11th Album of a Rock singer Robert C Seger born may 6 1945. What was the Rock singers stage name ?,Against the Wind (album) | Bob Seger,Against the Wind (album) | Mark Britten | Heaven Knows (Robert Plant song) | Gary Cherone | Bob Seger | Freudiana | Stranger in Town (album) | 10 Hronia Mazi | Ride Out (album) | Anggun discography,1,1,,0,1,,0.5,1.0,,1.0
bm25,per_question,5a88658955429938390d3f47,bridge,hard,Rostker v. Goldberg held that the practice of what way of filling armed forces vacancies was consitutional?,Conscription in the United States | Rostker v. Goldberg,"Rostker v. Goldberg | Conscription in the United States | Fernando Tapias Stahelin | Franklin D. Roosevelt's record on civil rights | Armed Forces Covenant | 2010 Kiev Victory Day Parade | Armed Forces Day (Poland) | One Rank, One Pension | September 16 military parade | Chief of the Defence Staff (Canada)",1,1,,1,1,,1.0,1.0,,1.0
bm25,per_question,5a86ebac55429960ec39b6d6,bridge,hard,"Handi-Snacks are a snack food product line sold by what American multinational confectionery, food, and beverage company that is based in Illinois?",Handi-Snacks | Mondelez International,Handi-Snacks | Mondelez International | Canyon Creek Food Company | PepsiCo | Deep-fried peanuts | Snack Foods Limited | Rewrapped | Robert's American Gourmet Food | Twisties | Snackbox Food Holdings,1,1,,1,1,,1.0,1.0,,1.0
bm25,per_question,5aba5d2e55429901930fa799,bridge,hard,"What was the name of a woman from the book titled ""Their Lives: The Women Targeted by the Clinton Machine "" and was also a former white house intern?",Monica Lewinsky | Their Lives,Their Lives | The White House Doctor | Sheila Cavanagh | Once Upon a Secret | Gregory B. Craig | Eric Schultz | Lewinsky scandal | Mark D. Fabiani | Monica Lewinsky | William H. Ginsburg,1,1,,0,0,,0.5,0.5,,1.0
bm25,per_question,5ae5736e5542990ba0bbb2b3,bridge,hard,"When was the American lawyer, lobbyist and political consultant who was a senior member of the presidential campaign of Donald Trump born?",Paul Manafort | Trump campaign–Russian meeting,"Paul Manafort | David Urban | Donald Trump (Last Week Tonight) | Trump campaign–Russian meeting | Brad Parscale | Donald Trump presidential campaign, 2000 | Immigration policy of Donald Trump | Tony Fabrizio | Donald Trump in music | Protests against Donald Trump",1,1,,0,1,,0.5,1.0,,1.0
bm25,per_question,5ae005b555429942ec259bec,bridge,hard,"In what year was the novel that Lourenço Mutarelli based ""Nina"" on based first published?",Crime and Punishment | Lourenço Mutarelli,Lourenço Mutarelli | Spirit of the Border | Before We Say Goodbye | Quando Eu Era Vivo | 4 a.m. (novel) | Drained | Three Comrades (novel) | Crime and Punishment | The Golden Hour (novel) | The Birds on the Trees,1,1,,0,0,,0.5,0.5,,1.0
bm25,per_question,5a7759fc5542993569682d60,comparison,hard,Where are Teide National Park and Garajonay National Park located?,Garajonay National Park | Teide National Park,Adenocarpus viscosus | Alpine National Park | Garajonay National Park | Crater Lake National Park | North Cascades National Park | Hermigua | Glacier National Park Fund | Teide National Park | Training centre for release of the Atma-energy | Roque Cinchado,0,1,,0,0,,0.0,0.5,,0.3333333333333333
bm25,per_question,5a835478554299123d8c20ed,bridge,hard,How many copies of Roald Dahl's variation on a popular anecdote sold?,Mrs. Bixby and the Colonel's Coat | Roald Dahl,Mrs. Bixby and the Colonel's Coat | The Collected Short Stories of Roald Dahl | Roald Dahl | Roald Dahl Children's Gallery | Roald Dahl Plass | The Best of Roald Dahl | Roald Dahl short stories bibliography | Roald Dahl: Collected Stories | Roald Dahl's Willy Wonka (musical) | The Roald Dahl Treasury,1,1,,0,1,,0.5,1.0,,1.0
bm25,per_question,5aba749055429901930fa7d8,comparison,hard,What occupation do Chris Menges and Aram Avakian share?,Aram Avakian | Chris Menges,Chris Menges | CrissCross | End of the Road (1970 film) | Aram Avakian | Cops and Robbers (1973 film) | A World Apart (film) | Second Best (film) | 11 Harrowhouse | Made in Britain | Linda Mvusi,1,1,,0,1,,0.5,1.0,,1.0
bm25,per_question,5abfb3425542990832d3a1c0,bridge,hard,Andrew Jaspan was the co-founder of what not-for-profit media outlet?,Andrew Jaspan | The Conversation (website),Andrew Jaspan | 14ymedio | Advice column | EvidenceNetwork.ca | The Conversation (website) | Vatican leaks scandal | State media | Chicago Public Media | 990WBOB | Accessible Media,1,1,,0,1,,0.5,1.0,,1.0
bm25,per_question,5ac3165c5542995ef918c10a,bridge,hard,Which American film director hosted the 18th Independent Spirit Awards in 2002?,18th Independent Spirit Awards | John Waters,Independent Spirit Award for Best First Feature | 28th Independent Spirit Awards | Independent Spirit Award for Best Cinematography | Independent Spirit Award for Best Editing | 32nd Independent Spirit Awards | John Waters | 18th Independent Spirit Awards | Independent Spirit Awards | Silent Light | Mihai Mălaimare Jr.,0,0,,0,0,,0.0,0.0,,0.16666666666666666
bm25,per_question,5ae53b545542990ba0bbb23c,bridge,hard,Where does the hotel and casino located in which Bill Cosby's third album was recorded?,Flamingo Las Vegas | Why Is There Air?,"Flamingo Las Vegas | Why Is There Air? | Yes, Yes, Yes | Bill's Best Friend | Hikky Burr | The Original Jam Sessions 1969 | Bill Cosby Is a Very Funny Fellow...Right! | Disco Bill | At Last Bill Cosby Really Sings | Inside the Mind of Bill Cosby",1,1,,1,1,,1.0,1.0,,1.0
bm25,per_question,5ae224da554299234fd043ee,comparison,hard,Do the drinks Gibson and Zurracapote both contain gin?,Gibson (cocktail) | Zurracapote,Gibson (cocktail) | Rubicon Drinks | Zurracapote | List of soft drinks by country | Flaming beverage | Soft drink | Energy shot | CytoSport | Phillips Distilling Company | Gin pennant,1,1,,0,1,,0.5,1.0,,1.0
bm25,per_question,5ae2b770554299495565db0f,bridge,hard,"In what month is the annual documentary film festival, that is presented by the fortnightly published British journal of literary essays, held? ",London International Documentary Festival | London Review of Books,London International Documentary Festival | London Review of Books | Chagrin Documentary Film Festival | New Haven Documentary Film Festival | British Journal of Social Psychology | FreedomFilmFest | Docville | Doc NYC | Thomas Gordon (writer) | British Journal,1,1,,1,1,,1.0,1.0,,1.0
bm25,per_question,5a80b3a9554299485f5986cc,bridge,hard,Tysons Galleria is located in what county?,"McLean, Virginia | Tysons Galleria","Tysons Galleria | Poughkeepsie Galleria | Cobb Galleria Centre | Spring Hill station | McLean station | West McLean, Virginia | Tysons, Virginia | McLean, Virginia | Scott's Run Nature Preserve | Tysons Corner Center",1,1,,0,0,,0.5,0.5,,1.0
bm25,per_question,5a8e0a005542995085b373a1,bridge,hard,Bordan Tkachuk was the CEO of a company that provides what sort of products?,Bordan Tkachuk | Viglen,Bordan Tkachuk | Jonathan Michael Ansell | Cardinal Health | Terren Peizer | Kingstone Companies | BankUnited | Owens &amp; Minor | Compass Minerals | Clean Power Finance | Viglen,1,1,,0,0,,0.5,0.5,,1.0
bm25,per_question,5ac1b8ee5542994d76dccedc,comparison,hard,"Which filmmaker was known for animation, Lev Yilmaz or Pamela B. Green?",Lev Yilmaz | Pamela B. Green,AES+F | Lev Kuleshov | Lev Yilmaz | Pamela B. Green | Pamela B. Davis | Aryanto Yuniawan | Eliezer ben Jacob I | Pamela Gilbert | Seasoned Veteran | Anani ben Sason,0,1,,0,1,,0.0,1.0,,0.3333333333333333
bm25,per_question,5adccd795542990d50227d2c,bridge,hard,In which city is the ambassador of the Rabat-Salé-Kénitra administrative region to China based?,Moroccan Ambassador to China | Rabat,Rabat | Moroccan Ambassador to China | 2014 NPCSC Decision on Hong Kong | Liaison Office (Hong Kong) | Visa policy of Hong Kong | Wolong Special Administrative Region | Sinuiju Special Administrative Region | Ilocos Region | Caraga | Hong Kong Basic Law,1,1,,1,1,,1.0,1.0,,1.0
bm25,per_question,5a84c4135542994c784dda31,comparison,hard,Are Yingkou and Fuding the same level of city?,Fuding | Yingkou,"Xiapu County | Yingkou East Railway Station | Yingkou | Bayuquan Railway Station | Fuding Railway Station | Taimushan Railway Station | Roman Catholic Diocese of Yingkou | Tongcheng Subdistrict, Fuding | Yingkou Lanqi Airport | Fuding",0,1,,0,0,,0.0,0.5,,0.3333333333333333
bm25,per_question,5a85eed75542996432c5713b,bridge,hard,Where did the descendants of the group of black Indians associated with the Seminole people settle?,Black Seminoles | Mascogos,"Black Seminoles | Mascogos | Seminole Nation of Oklahoma | Battle of Jupiter Inlet | Seminole | Seminole music | Draining and development of the Everglades | Seminole County, Oklahoma | Dhoolpet | Muscogee language",1,1,,1,1,,1.0,1.0,,1.0
bm25,per_question,5a774e9c55429972597f14f3,bridge,hard,David Huntsinger has worked with this gospel singer born in the month of July?,David Huntsinger | Larnelle Harris,Just as I Am (Yolanda Adams album) | David Huntsinger | Andraé Crouch | J-Shin | Kierra Sheard | Muyiwa Olarewaju | Charles Charamba | Karen Clark Sheard | Latice Crawford | Larnelle Harris,1,1,,0,0,,0.5,0.5,,0.5
bm25,per_question,5ae738f75542991bbc9761c4,bridge,hard,What year was the brother of this first round draft pick by the Washington Redskins drafted?,Boss Bailey | Champ Bailey,Champ Bailey | Boss Bailey | Fred Hageman | Ron Snidow | Jeris White | Robin Cole | Anthony Woodson | Marc Parenteau | Tom Draper | LaRon Landry,1,1,,1,1,,1.0,1.0,,1.0
bm25,per_question,5ac32b565542995ef918c154,bridge,hard,Where is the stadium at which 1964 Georgia Tech Yellow Jackets football team played their home game located? ,1964 Georgia Tech Yellow Jackets football team | Bobby Dodd Stadium,1964 Georgia Tech Yellow Jackets football team | 1959 Georgia Tech Yellow Jackets football team | 1988 Georgia Tech Yellow Jackets football team | 1953 Georgia Tech Yellow Jackets football team | Bobby Dodd Stadium | Georgia Tech Yellow Jackets football | 1987 Georgia Tech Yellow Jackets football team | 1980 Georgia Tech Yellow Jackets football team | Georgia Tech Yellow Jackets men's basketball | 1990 Georgia Tech Yellow Jackets football team,1,1,,0,1,,0.5,1.0,,1.0
bm25,per_question,5abc8d75554299700f9d7900,bridge,hard,"Since 2 June 2017, The Leader of Fine Gael had been held by which Irish Fine Gael politician who has served as Taoiseach and Minister for Defence?",Leader of Fine Gael | Leo Varadkar,"Leader of Fine Gael | James Reilly (Irish politician) | Enda Kenny | Simon Coveney | Frances Fitzgerald (politician) | Liam Cosgrave | Leo Varadkar | Fine Gael leadership election, 2017 | John Bruton | Paddy O'Toole",1,1,,0,0,,0.5,0.5,,1.0
bm25,per_question,5a8bb29b554299240d9c2089,bridge,hard,Which American film actor and dancer starred in the 1945 film Johnny Angel?,George Raft | Johnny Angel,George Raft | Claudia Drake | Gösta Prüzelius | William D. Russell (director) | Cool from the Wire | Johnny Angel | Johnny Lee Clary | Johnny Angel Wendell | Johnny Angel (song) | Shelley Fabares,1,1,,0,0,,0.5,0.5,,1.0
bm25,per_question,5ab659e355429954757d324e,bridge,hard,hree Men on a Horse is a play by a playwright born in which year ?,George Abbott | Three Men on a Horse,Three Men on a Horse | Michael Wynne (playwright) | Lenelle Moïse | Finn Iunker | Jeffrey Stanley | Bertha Runkle | James Roland MacLaren | Sumie Tanaka | DeObia Oparei | George Abbott,1,1,,0,0,,0.5,0.5,,1.0
bm25,per_question,5a8b8b3155429949d91db5d7,bridge,hard,What type of activity does Owner earnings and Warren Buffett have in common?,Owner earnings | Warren Buffett,Owner earnings | George D. Buffett | Warren Buffett | Buffett Foundation | Susan Buffett | Howard Warren Buffett | TaeguTec | Susan Alice Buffett | Howard Graham Buffett | The Warren Buffett Way,1,1,,0,1,,0.5,1.0,,1.0
bm25,per_question,5ae7eaf65542994a481bbe1d,bridge,hard,When was the  former Indian cricketer who made his ODI debuts during the 2000 ICC KnockOut Trophy born? ,2000 ICC KnockOut Trophy | Zaheer Khan,Zaheer Khan | 2000 ICC KnockOut Trophy | Lindum Sports Club Ground | 2000 ICC KnockOut Trophy squads | Guy Randall-Johnson | Peter Kingston-Davey | 1998 ICC KnockOut Trophy Final | 1998 ICC KnockOut Trophy squads | Sam Davies (cricketer) | Digswell Park,1,1,,1,1,,1.0,1.0,,1.0
bm25,per_question,5a8c4c625542995e66a475a1,bridge,hard,"Which airplane was this Major test-flying after whom the base, that 514th Flight Test Squadron is stated at, is named?",514th Flight Test Squadron | Hill Air Force Base,Hill Air Force Base | 486th Flight Test Squadron | 514th Flight Test Squadron | 339th Flight Test Squadron | 417th Flight Test Squadron | 370th Flight Test Squadron | 413th Flight Test Squadron | 419th Flight Test Squadron | 10th Flight Test Squadron | 415th Flight Test Flight,1,1,,0,1,,0.5,1.0,,1.0
bm25,per_question,5a818387554299260e20a291,bridge,hard,"Based on a True Story... is an album by which country music star, with the single My Eyes?",Based on a True Story... | My Eyes (Blake Shelton song),Based on a True Story... | Christy Sutherland | My Eyes (Blake Shelton song) | Randy Travis | Stranger in the House (song) | This Is Me (Randy Travis album) | Old 8×10 | Keyed Up | Country Music Star No. 1 | Gruhn Guitars,1,1,,0,1,,0.5,1.0,,1.0
bm25,per_question,5ab978855542996be2020512,bridge,hard,"Over how many centuries were the ""dwelling place of the dead"" built?",Flaming Feather | Montezuma Castle National Monument,Montezuma Castle National Monument | List of oldest synagogues | Flaming Feather | Tabernacle | Oldest synagogues in the United Kingdom | Inquiline | Heaven in Judaism | Vídbláin | Andlang | Château de Druyes,1,1,,0,1,,0.5,1.0,,1.0
bm25,per_question,5ae63dad55429929b0807afe,bridge,hard,"When was the British author who wrote the novel on which ""Here We Go Round the Mulberry Bush"" was based born? ",Here We Go Round the Mulberry Bush (film) | Hunter Davies,Here We Go Round the Mulberry Bush (film) | Here We Go Round the Mulberry Bush (Traffic song) | Clive Donner | The Wheels on the Bus | Roy Holder | Here We Go Round the Mulberry Bush | Michael Finnegan (song) | Hunter Davies | Here We Go Round the Mulberry Bush (disambiguation) | Christopher Mitchell (actor),1,1,,0,0,,0.5,0.5,,1.0
bm25,per_question,5a7a455c5542994f819ef1a7,comparison,hard,"Who died first, George Archainbaud or Ralph Murphy?",George Archainbaud | Ralph Murphy,Ralph Murphy | Hoppy Serves a Writ | Alias French Gertie | George Archainbaud | The Big Brain | Arthur Roberts (editor) | Flying with Music | Thrill of a Lifetime (film) | Campus Confessions | Criminal Lawyer,1,1,,0,1,,0.5,1.0,,1.0
bm25,per_question,5a7dcc775542990b8f503ab5,bridge,hard,Which component of shellite has the formula (ON)CHOH?,Picric acid | Shellite (explosive),Conductivity near the percolation threshold | Shellite (explosive) | 1-Hexanol | Index of alcohol-related articles | Picric acid | Xylitol | Aldonic acid | 1-Pentanol | Isopropyl alcohol | Tetrakis(hydroxymethyl)phosphonium chloride,1,1,,0,1,,0.5,1.0,,0.5
bm25,per_question,5a887bc0554299206df2b2b6,bridge,hard,The Argentine PGA Championship record holder has won how many tournaments worldwide?,Argentine PGA Championship | Roberto De Vicenzo,Argentine PGA Championship | Middle Atlantic PGA Championship | Roberto De Vicenzo | Northern California PGA Championship | 2000 PGA Championship | 1939 PGA Championship | 1940 PGA Championship | 1977 PGA Championship | 2006 PGA Championship | 2018 PGA Championship,1,1,,0,1,,0.5,1.0,,1.0
bm25,per_question,5a83880e554299123d8c214e,bridge,hard,Suicide's 1977 released album features a song based on what brand's comic character?,Ghost Rider (Suicide song) | Suicide (1977 album),Suicide (1977 album) | A Boy in a Man's World | A Week of Garfield | Impossible Dream | Kiss (Carly Rae Jepsen album) | Ghost Rider (Suicide song) | Nagaram (2010 film) | In My Country There Is Problem | Deceit (Doctor Who novel) | Levolution (album),1,1,,0,0,,0.5,0.5,,1.0
bm25,per_question,5a879adb5542996e4f30887f,bridge,hard,What other political position did the person who introduced the DISCLOSE Act hold?,Chris Van Hollen | DISCLOSE Act,State Secretary (Norway) | Hannah Gale | DISCLOSE Act | Public Law 113-167 | Abteilungsleiter (NSDAP) | Modernization of Investigative Techniques Act | Campaign finance reform in the United States | Vice President of Panama | Chris Van Hollen | Attorney misconduct,0,1,,0,0,,0.0,0.5,,0.3333333333333333
bm25,per_question,5add11935542994734353827,comparison,hard,Were the bands Skin Yard and Ostava from the U.S.?,Ostava | Skin Yard,Skin Yard (album) | Skin Yard | Jack Endino | Daniel House | Matt Cameron | Chris Hanzsek | Mark Arm | Gruntruck | Ostava | Cat Butt,1,1,,0,0,,0.5,0.5,,0.5
bm25,per_question,5a8c5569554299240d9c2126,comparison,hard,Are Daryl Hall and Gerry Marsden both musicians?,Daryl Hall | Gerry Marsden,Gerry Marsden | Ferry Cross the Mersey | Don't Let the Sun Catch You Crying | Hall &amp; Oates | Live from Daryl's House | Daryl Hall | Did It in a Minute | Jonathan Wolfson | Janna Allen | One on One (song),1,1,,0,0,,0.5,0.5,,1.0
bm25,per_question,5a75f0ea5542994ccc91866c,bridge,hard,What major truck road is located in Backford Cross?,A41 road | Backford Cross,"Backford Cross | Al Haj FAW motors | Pureland Industrial Complex | Param, Rampur | U.S. Route 19 Truck (Pittsburgh) | U.S. Route 287 | Strawberry Park, Cheshire | A41 road | A5117 road | Portland and Southwestern Railroad Tunnel",1,1,,0,0,,0.5,0.5,,1.0
bm25,per_question,5a89f5815542993b751ca9c5,bridge,hard,In which role did Caroline Carver played in a 1999 Hallmark Entertainment made-for-TV fantasy movie?,Caroline Carver (actress) | The Magical Legend of the Leprechauns,The Magical Legend of the Leprechauns | The Boys Next Door (1996 film) | Snow White: The Fairest of Them All | Snow Queen (2002 film) | You Me and Captain Longbridge | Caroline Carver (actress) | La Femme Musketeer | Family Plan | Silver Bells (film) | Donald J. Hall Jr.,1,1,,0,0,,0.5,0.5,,1.0
bm25,per_question,5a8d5fc6554299585d9e37c6,bridge,hard,"What's the name of the fantasy film starring Sarah Bolger, featuring a New England family who discover magical creatures around their estate?",Sarah Bolger | The Spiderwick Chronicles (film),The Spiderwick Chronicles (film) | John Ridge | Sinbad of the Seven Seas | Magic in Harry Potter | As Cool as I Am (film) | Barbie and the Secret Door | Identity Films | The Moth Diaries (film) | Stormbreaker (film) | Sarah Bolger,1,1,,0,0,,0.5,0.5,,1.0
bm25,per_question,5ac120c55542992a796dedfc,bridge,hard,Maxeda has been owned since 2004 by which American multinational equity firm?,Kohlberg Kravis Roberts | Maxeda,Maxeda | Kohlberg Kravis Roberts | Court Square Capital Partners | Mekong Capital | Polycom | HGGC | Lincolnshire Management | Leeds Equity Partners | Avenue Capital Group | Manischewitz,1,1,,1,1,,1.0,1.0,,1.0
bm25,per_question,5ab7c1a955429928e1fe38c8,bridge,hard,The youngest daughter of Lady Mary-Gaye Curzon stars with Douglas Smith and Lucien Laviscount  in what 2017 film?,Cressida Bonas | The Bye Bye Man,Cressida Bonas | Bottom of the World (film) | Lady Alexandra Curzon | Gelston Castle | The Bye Bye Man | Princess Olga of Hanover | One Night in Istanbul | Sian Powers | Love Beats Rhymes | Chainsaw (Scream Queens),1,1,,0,1,,0.5,1.0,,1.0
bm25,per_question,5abd01205542992ac4f3819b,bridge,hard,Mummulgum is a stop on the Bruxner Highway before reaching the town on the banks of which river?,"Casino, New South Wales | Mummulgum","Mummulgum | Casino, New South Wales | Bonshaw, New South Wales | Wollongbar, New South Wales | Richmond Valley Council | Alstonville, New South Wales | Goonellabah, New South Wales | Tabulam | Tenterfield, New South Wales | Bruxner Highway",1,1,,1,1,,1.0,1.0,,1.0
bm25,per_question,5ab69c25554299110f219a39,bridge,hard,"Which American audio engineer and clandestine chemist, who was a key figure in the San Francisco Bay Area hippie movement during the 1960s recorded the album ""Old and in the Way?""",Old and in the Way (album) | Owsley Stanley,"Owsley Stanley | Gary Arlington | Key System | Old and in the Way (album) | Ragazzi Boys Chorus | Codornices Creek | Jory Prum | Oakland, California | San Francisco Bay Area Water Trail | Association of Bay Area Governments",1,1,,0,1,,0.5,1.0,,1.0
bm25,per_question,5a7b12a355429927d897bf2a,bridge,hard,When was the palace founded at which Columba de Dunbar died in 1435?,Columba de Dunbar | Spynie Palace,"Columba de Dunbar | Bishop Dunbar's Hospital | Haripur Barabari | Mike Dunbar | Spynie Palace | Patrick IV, Earl of March | George I, Earl of March | Earl of Dunbar | George II, Earl of March | Gospatric, Earl of Northumbria",1,1,,0,1,,0.5,1.0,,1.0
bm25,per_question,5ae0006755429925eb1afbd3,bridge,hard,"Where is the Bubblegum Alley, that is similar to Gum Wall, located in California?","Gum Wall | San Luis Obispo, California","Ouch! (gum) | Gum Wall | Lower Louviers and Chicken Alley | Old US 67 Rest Area | Bubblegum Alley | Up Your Alley Fair | Digital Media Factory | Philadelphia Baseball Wall of Fame | San Luis Obispo, California | Hollywood Star Lanes",1,1,,0,0,,0.5,0.5,,0.5
bm25,per_question,5ae305df5542992decbdcdc3,bridge,hard,"At what venue was the January 2, 2012 game featured the University of Louisville team?",2012 Louisville Cardinals football team | 2013 Sugar Bowl,2013 Sugar Bowl | 2008 Fiesta Bowl | 1989 Cotton Bowl Classic | 2012 Louisville Cardinals football team | 1989 Fiesta Bowl | Parkway Field | List of NBL Canada All-Stars | 1943 NAIA Division I Men's Basketball Tournament | Dead or Alive 5 Plus | 1956 NAIA Division I Men's Basketball Tournament,1,1,,0,1,,0.5,1.0,,1.0
bm25,per_question,5a8574945542997b5ce3fffb,comparison,hard,"Which film was Oscar nominated, LaLee's Kin: The Legacy of Cotton or Gimme Shelter, the 1970 Rolling Stones documentary?",Gimme Shelter (1970 film) | LaLee's Kin: The Legacy of Cotton,LaLee's Kin: The Legacy of Cotton | Gimme Shelter (1970 film) | Gimme Shelter (album) | Altamont Diary | Gimme Shelter | Baird Bryant | Keith Richards | Merry Clayton | Stanton Y. Hill | Gimme Shelter (disambiguation),1,1,,1,1,,1.0,1.0,,1.0
bm25,per_question,5a7332935542991f9a20c67d,comparison,hard,"Which board game was published most recently, Pirate's Cove or Catan?",Catan | Pirate's Cove,Pirate's Cove | Catan: Seafarers | The Rivals for Catan | Catan Dice Game | Catan: Cities &amp; Knights | Catan | The Kids of Catan | Struggle for Rome (board game) | Elasund | Catan Card Game,1,1,,0,0,,0.5,0.5,,1.0
bm25,per_question,5a80071f5542992bc0c4a684,bridge,hard,Alice David is the voice of Lara Croft in a video game developed by which company ?,Alice David | Tomb Raider (2013 video game),Alice David | Lara Croft Go | Tomb Raider III | Lara Croft and the Temple of Osiris | Tomb Raider | Lara Croft | List of Tomb Raider media | Lara Croft and the Guardian of Light | Tomb Raider (2013 video game) | Lara Croft: Tomb Raider,1,1,,0,0,,0.5,0.5,,1.0
bm25,per_question,5ae73c065542991e8301cc18,bridge,hard,"Which Eminem album included vocals from a singer who had an album titled ""Unapologetic""?",Numb (Rihanna song) | The Monster (song),Better Off Alone | Barbara Higbie | In Death Reborn | The Monster (song) | Numb (Rihanna song) | List of songs recorded by Linkin Park | Encore (Eminem song) | Rabid Neurosis | Drop the World | You and Me (Uniting Nations song),0,1,,0,1,,0.0,1.0,,0.25
bm25,per_question,5a87d8215542994775f60800,bridge,hard,"This American crime film set in South Los Angeles was written and directed by the same director and writer of screenwriter of ""Street Kings"", ""End of Watch"", ""Sabotage"", ""Fury"" and what other film? ",David Ayer | Harsh Times,"David Ayer | South of 8 | End of Watch | Harsh Times | Central Avenue (Los Angeles) | Barriox13 | Street Kings 2: Motor City | Bonsallo Avenue | DoubleTree by Hilton Hotel Los Angeles Downtown | West Athens, California",1,1,,0,1,,0.5,1.0,,1.0
bm25,per_question,5ac2ffbd554299677310267b,bridge,hard,SuperMansion starred the actress who had a recurring role as whom on Workaholics?,Jillian Bell | SuperMansion,Jo Marie Payton | Hilarie Burton | Jenna Dewan | Mitch Pileggi | John Amos | Helen Modern | Jeff Hephner | John Pappas | SuperMansion | Jillian Bell,0,0,,0,0,,0.0,0.0,,0.1111111111111111
bm25,per_question,5a7c960655429935c91b5244,bridge,hard,"The 1974 Texas Tech Raiders football team represented what public research university in Lubbock, Texas?",1974 Texas Tech Red Raiders football team | Texas Tech University,Texas Tech University | 1974 Texas Tech Red Raiders football team | 2013 Texas Tech Red Raiders football team | 2016 Texas Tech Red Raiders football team | 2014 Texas Tech Red Raiders football team | 2009 Texas Tech Red Raiders football team | 2015 Texas Tech Red Raiders football team | 2012 Texas Tech Red Raiders football team | 1986 Texas Tech Red Raiders football team | Texas A&amp;M–Texas Tech football rivalry,1,1,,1,1,,1.0,1.0,,1.0
bm25,per_question,5a7d61775542991319bc93b9,bridge,hard,"During Siege of Bharatpur, which Commander-in-Chief of Ireland and Commander-in-Chief of India contributed to the storming of the castle?","Siege of Bharatpur | Stapleton Cotton, 1st Viscount Combermere","Claude Auchinleck | Commander-in-Chief, India | Stapleton Cotton, 1st Viscount Combermere | Maharaja Surajmal Brij University, Bharatpur | Siege of Bharatpur (1805) | Lohagarh Fort | Siege of Bharatpur | Bharatpur, Rajasthan | Vishvendra Singh | Bharatpur district",0,1,,0,0,,0.0,0.5,,0.3333333333333333
bm25,per_question,5ac1c6805542994ab5c67e11,bridge,hard,For what type of work is the production company for The Year Without a Santa Claus best known?,Rankin/Bass Productions | The Year Without a Santa Claus,Larry Wilson (screenwriter) | Santa's Workshop (Colorado) | Jonathan Meath | Santa Claus Is a Black Man | The Year Without a Santa Claus (2006 film) | Santa Claus in film | The Year Without a Santa Claus | Rankin/Bass Productions | A Miser Brothers' Christmas | Santa Claus: The Movie,0,0,,0,0,,0.0,0.0,,0.14285714285714285
bm25,per_question,5a7a230e5542996a35c170ee,bridge,hard,"What year was the film that starred the composer for ""The Naked Brothers Band""?",Nat Wolff | The Fault in Our Stars (film),Nat Wolff | Nat and Alex Wolff | The Naked Brothers Band: Music from the Movie | I Don't Want to Go to School | The Naked Brothers Band (album) | Alex Wolff | The Fault in Our Stars (film) | Mystery Girl (film) | The Premiere (film) | Operation Mojo,1,1,,0,0,,0.5,0.5,,1.0
bm25,per_question,5ae4627d5542991a06ce9a4d,bridge,hard,The author of Sexual Politics attended which British University?,Kate Millett | Sexual Politics,British University Hurling Championship | Contract with the World | Kate Millett | Au Pairs (band) | Carol J. Adams | C. V. Balakrishnan | Harris G. Mirkin | Susie Bright | Shannon Bell | Sexual Politics,0,1,,0,0,,0.0,0.5,,0.3333333333333333
bm25,per_question,5ac2d1d755429921a00ab053,comparison,hard,"Who had the best singles ranking, Roberta Vinci or Jorge Lozano?",Jorge Lozano | Roberta Vinci,Marta Domachowska | Flavia Pennetta | Roberta Vinci | 2011 Barcelona Ladies Open – Doubles | Jorge Lozano | 2015 Wimbledon Championships – Women's Doubles | 2015 Rogers Cup – Women's Doubles | 1994 Athens International – Doubles | 1988 Volvo International – Doubles | Morbo (band),0,1,,0,1,,0.0,1.0,,0.3333333333333333
bm25,per_question,5ab4e3065542990594ba9cb4,bridge,hard,Both Truth in Science and Discovery embrace what campaign?,Discovery Institute | Truth in Science,Discovery Museum and Planetarium | Truth in Science | I Am... Gabriel | Discovery Networks Benelux | Truth Initiative | Truth (anti-tobacco campaign) | Discovery Institute | Extrema (band) | Every Voice | The Last Embrace,1,1,,0,0,,0.5,0.5,,0.5
bm25,per_question,5ac298f9554299657fa28fc9,comparison,hard,"Josey Scott and Ian Watkins were both promising musicians. Which of these talented men was incarcerated, impacting his career with a rock band?",Ian Watkins (Lostprophets) | Josey Scott,Ian Watkins (Lostprophets) | Lostprophets | Josey Scott | Under Your Skin (album) | Shinobi vs. Dragon Ninja | In It to Win It (Saliva album) | Where We Belong (Lostprophets song) | Always (Saliva song) | We Bring an Arsenal | Family Reunion (Saliva song),1,1,,0,1,,0.5,1.0,,1.0
bm25,per_question,5ab6a2be554299710c8d1f08,bridge,hard,The movies Queen of Blood and Battle Beyond the Sun both contained scenes from what 1959 Soviet feature?,Battle Beyond the Sun | Queen of Blood,Battle Beyond the Sun | Queen of Blood | I Was a Satellite of the Sun | Battle Beyond the Stars | Girl Seeks Father | All Costs Paid | The Scarlet Flower (1952 film) | The Key (1961 film) | Tracker (1987 film) | Older Sister,1,1,,1,1,,1.0,1.0,,1.0
bm25,per_question,5a738d27554299623ed4abf3,bridge,hard,"Who was born first, Erika Jayne or Marco Da Silva",Erika Jayne | Marco Da Silva (dancer),"Café (musician) | Erika Jayne | Marco Da Silva (dancer) | Marco da Silva (French footballer) | Marquinhos (footballer, born June 1989) | Emílio da Silva | Viscount of Cardoso da Silva | José Graziano da Silva | Marisa Letícia Lula da Silva | Fortaleza Metro",1,1,,0,1,,0.5,1.0,,0.5
bm25,per_question,5ab2a186554299295394677b,bridge,hard,"When did the English local newspaper, featuring the sculpture and war memorial in the Forbury gardens, change names?",Maiwand Lion | Reading Post,"Maiwand Lion | Manchester Cenotaph | Spalding War Memorial | York City War Memorial | Devon County War Memorial | Dras War Memorial | The Forbury Hotel | Reading Post | Forbury Gardens | St James's Church, Reading",1,1,,0,0,,0.5,0.5,,1.0
bm25,per_question,5a8704f8554299211dda2ba4,bridge,hard,What is the name of the Isles who were led by Aonghus Mór and covered a total land area of over 8300 km2?,Aonghus Mór | Kingdom of the Isles,Aonghus Mór | Lord of Islay | Kingdom of the Isles | List of rulers of the Kingdom of the Isles | List of islands of Tasmania | Jaluit Atoll | Ashanti Region | Geography of the Philippines | Protected areas of Himachal Pradesh | National parks of Taiwan,1,1,,0,1,,0.5,1.0,,1.0
bm25,per_question,5ab5ed505542997d4ad1f255,bridge,hard,"Who is Bruce Spizer an expert on, known as the most influential act of the rock era?",Bruce Spizer | The Beatles,Bruce Spizer | Marsha Albert | Cultural impact of the Beatles | The Beatles | Adam and the Ants | Azra | Cargo Records (Canada) | Cultural depictions of Elvis Presley | The Beach Boys | Christian Death,1,1,,0,1,,0.5,1.0,,1.0
bm25,per_question,5a77c1505542997042120b1b,bridge,hard,"Which song was behind the third single on the album  ""A Lot About Livin' (And a Little 'bout Love)"" for two weeks on the country charts?",Chattahoochee (song) | We'll Burn That Bridge,Steers &amp; Stripes | Chattahoochee (song) | Alan Jackson albums discography | (Who Says) You Can't Have It All | Tonight I Climbed the Wall | We'll Burn That Bridge | A Lot About Livin' (And a Little 'bout Love) | She's Got the Rhythm (And I Got the Blues) | Holler Back | High Lonesome (Randy Travis album),1,1,,0,0,,0.5,0.5,,0.5
bm25,per_question,5a88d745554299206df2b378,comparison,hard,What occupation was shared by David Yates and Pietro Germi?,David Yates | Pietro Germi,David Yates | Divorce Italian Style | Black 13 | Cineriz | The Testimony (1946 film) | Lipstick (1960 film) | Pietro Germi | Serafino (film) | Ottavio Alessi | Commedia all'italiana,1,1,,0,0,,0.5,0.5,,1.0
bm25,per_question,5ae748d1554299572ea547b0,bridge,hard,"Marcus Wayne Garland spent nine seasons with an American professional baseball team that is based in Baltimore, Maryland, and was one of the AMerican League's original eight charter franchises when the league was established in what year?",Baltimore Orioles | Wayne Garland,Wayne Garland | Baltimore Orioles | History of the Cleveland Indians | Boston Red Sox | List of Detroit Tigers managers | History of the Washington Senators (1901–60) | History of the Minnesota Twins | Detroit Tigers | Guelph Royals (baseball) | List of Atlanta Braves managers,1,1,,1,1,,1.0,1.0,,1.0
bm25,per_question,5a7a8a9c554299042af8f666,bridge,hard,The lamp used in many lighthouses is similiar to this type of lamp patented in 1780 by Aimé Argand?,Argand lamp | Lewis lamp,Argand lamp | Lewis lamp | Carbon button lamp | Hefner lamp | Glow switch starter | Hollow-cathode lamp | Kerosene lamp | Trouble light | Kudlik | Antoine Quinquet,1,1,,1,1,,1.0,1.0,,1.0
bm25,per_question,5adffe7155429906c02daa9e,bridge,hard,"The songs from the sountrack to ""When Harry Met Sally"" are performed by a singer that has had how many top 20 US albums?",Harry Connick Jr. | When Harry Met Sally... (soundtrack),When Harry Met Sally... (soundtrack) | Golden Gate University School of Law | Harry Connick Jr. | When Harry Met Sally... | Dumb and Dumberer: When Harry Met Lloyd | Sunset Las Palmas Studios | Nora Ephron | Meg Ryan | Connie Sawyer | Bruno Kirby,1,1,,0,1,,0.5,1.0,,1.0
bm25,per_question,5ab642845542995eadeeff8e,comparison,hard,Are Broughtonia and Laeliocattleya both orchids?,Broughtonia | Laeliocattleya,Laeliocattleya | Broughtonia | Broughtonia sanguinea | Paracaleana | Caladenia | Calochilus | William Henry Nicholls | Cattleytonia | Hawkinsara | Otaara,1,1,,1,1,,1.0,1.0,,1.0
bm25,per_question,5a906a685542990a9849362e,bridge,hard,Where was the world cup hosted that Algeria qualified for the first time into the round of 16?,2014 FIFA World Cup | Algeria at the FIFA World Cup,Algeria at the FIFA World Cup | 1968–69 in Belgian football | 1991 Rugby World Cup | Ukraine national football team | 2002 FIFA World Cup | Switzerland women's national football team | Orvar Bergmark | 2014 FIFA World Cup | 2015 Cricket World Cup opening ceremony | Tertiary Student Rugby League World Cup,1,1,,0,0,,0.5,0.5,,1.0
bm25,per_question,5a7633ad5542992db9473741,comparison,hard,"Which was fought earlier in our nation's history, the Seven Days Battles or the Battle of Manila?",Battle of Manila (1945) | Seven Days Battles,"Battle of Manila (1945) | Northern Virginia Campaign | Battle of Port Republic | Seven Days Union order of battle | Battle of Cross Keys | Battle of Gaines's Mill | Seven Days Confederate order of battle | Savage's Station, Virginia | Seven Days Battles | Battle of Malvern Hill",1,1,,0,0,,0.5,0.5,,1.0
bm25,per_question,5a74ce9655429974ef308c6c,bridge,hard,"What retailer in ABQ Uptown is headquarted in Poole, Dorset, United Kingdom?",ABQ Uptown | Lush (company),"ABQ Uptown | Lush (company) | Fire Radio | Viscount Trenchard | Canford Cliffs | Viscount Wimborne | Poole Methodist Church | Baron de Mauley | List of cider producers in Dorset | Dorset County Council election, 2013",1,1,,1,1,,1.0,1.0,,1.0
bm25,per_question,5a713a5a5542994082a3e6a9,bridge,hard,What football club plays in the area between the old tool gates: Brook Bar and Trafford bar?,"Manchester United F.C. in European football | Old Trafford, Greater Manchester","Gorse Hill | Old Trafford, Greater Manchester | Aquinas Old Collegians Football Club | Manchester United F.C. | Trojans Rugby Football Club | ŠNK Radgona | Maxine's Tap Room | Manchester United F.C. in European football | Trafford Bar tram stop | Ragbi Klub Mornar Bar",1,1,,0,0,,0.5,0.5,,0.5
bm25,per_question,5ab341f755429969a97a8114,bridge,hard,"The song ""Chim Chim Cher-ee"" can be heard  in the ""Mary Poppins"" scene of a Disney ride that debuted in what year?",Chim Chim Cher-ee | The Great Movie Ride,Chim Chim Cher-ee | My Kind of Town | The Great Movie Ride | I Love to Laugh | Mary Poppins (song) | Mary Poppins (film) | A Man Has Dreams | Step in Time | Mary Poppins Opens the Door | Mary Poppins Returns,1,1,,0,1,,0.5,1.0,,1.0
bm25,per_question,5a8325b35542990548d0b18f,bridge,hard,"Who held the record for the longest service in the Australian Parliament for a woman, and was surpassed by  a former Australian politician who was the 29th Speaker of the House of Representatives?",Bronwyn Bishop | Kathy Sullivan (Australian politician),Kathy Sullivan (Australian politician) | Bronwyn Bishop | Philip Ruddock | Mehmet Tillem | Peter Blacker | Bob Debus | Carol Martin | Roslyn Dundas | Michael Atkinson | Richard Torbay,1,1,,1,1,,1.0,1.0,,1.0
bm25,per_question,5ab9374b554299131ca422c6,bridge,hard,"Which man who presented the Australia 2022 FIFA World Cup bid was born on October 22, 1930?",Australia 2022 FIFA World Cup bid | Frank Lowy,Australia 2022 FIFA World Cup bid | 2018 and 2022 FIFA World Cup bids | United States 2022 FIFA World Cup bid | Russia 2018 FIFA World Cup bid | Japan 2022 FIFA World Cup bid | Qatar 2022 FIFA World Cup bid | South Korea 2022 FIFA World Cup bid | Indonesia 2022 FIFA World Cup bid | Morocco 2026 FIFA World Cup bid | Frank Lowy,1,1,,0,0,,0.5,0.5,,1.0
bm25,per_question,5ae52c0f5542992663a4f12e,bridge,hard,What major city is the Faith Lutheran Middle School and High School located by?,"Faith Lutheran Middle School &amp; High School | Summerlin, Nevada","Sullivan East High School | Paso Robles High School | Faith Lutheran Middle School &amp; High School | Mentor High School | Port Charlotte High School | Lutheran High School (La Verne, California) | Faith Lutheran High School | Vernon Fox | Faith Lutheran College, Redlands | Summerlin, Nevada",0,1,,0,0,,0.0,0.5,,0.3333333333333333
bm25,per_question,5adbfbd555429947ff173893,bridge,hard,What British singer-songwriter hosted the 16th Annual Young Hollywood Awards?,2014 Young Hollywood Awards | Kelly Osbourne,2014 Young Hollywood Awards | 2003 Kids' Choice Awards | Kelly Osbourne | Puerto Roc Records | Maureen Dragone | 12th Youth in Film Awards | 2013 Young Hollywood Awards | Jeremy Schoenberg | Penske Media Corporation | Young Hollywood Awards,1,1,,0,1,,0.5,1.0,,1.0
bm25,per_question,5ab7f0015542992aa3b8c88b,bridge,hard,Who did the Star and Dagger bass player marry?,Sean Yseult | Supagroup,Double Dagger | Sean Yseult | Zachary Throne | Didi Beck | Even Steven Levee | Rodney Slatford | Winnebago Deal | Dave Meros | Walkdown | Supagroup,1,1,,0,0,,0.5,0.5,,0.5
bm25,per_question,5ac547525542993e66e822a3,bridge,hard,"In 2017, what was 3/4th of the organization that also has a Center for Veterinary Medicine as well as part of the U.S. Department of Health and Human Services, spent on?",Food and Drug Administration | Melarsomine,"Center for Pan Asian Community Services, Inc. | Supporting Healthy Marriage Project | Food and Drug Administration | Western University of Health Sciences | Oyewale Tomori | United States Public Health Service | Ontario Veterinary College | New Bolton Center | Brenda McCowan | Melarsomine",0,1,,0,0,,0.0,0.5,,0.3333333333333333
bm25,per_question,5a7cbf8c554299452d57b9f4,comparison,hard,"Which came out first, Dinosaur or McFarland, USA","Dinosaur (film) | McFarland, USA","McFarland, USA | Cinizasaurus | Comanchesaurus | Cryptoraptor | Oryctodromeus | Dinosaur (film) | Dakotadon | Sphaerotholus | Mark Ciardi | Fruitadens",1,1,,0,0,,0.5,0.5,,1.0
bm25,per_question,5a7ddc5a5542995f4f4022da,bridge,hard,Both Bishop Carroll Catholic High School and Kapaun Mt. Carmel Catholic High School are located in which city in Kansas?,Bishop Carroll Catholic High School | Kapaun Mt. Carmel Catholic High School,"Bishop Carroll Catholic High School | Kapaun Mt. Carmel Catholic High School | Fremont School District 79 | John S. Burke Catholic High School | Bishop Manogue High School | St. Petersburg Catholic High School | Spalding Catholic High School | Carmel High School (Mundelein, Illinois) | Bishop Sullivan Catholic High School | Monroe Catholic High School",1,1,,1,1,,1.0,1.0,,1.0
bm25,per_question,5a7a1cd85542990783324e65,bridge,hard,What was the 58th quadrennial American presidential election held after the 2016 Michigan Democratic primary?,"Michigan Democratic primary, 2016 | United States presidential election, 2016","United States presidential election, 2016 | Michigan Democratic primary, 2016 | United States presidential election, 1960 | United States presidential election, 1976 | United States presidential election, 2012 | United States presidential election, 1968 | United States presidential election, 1892 | United States presidential election, 1964 | 2044 election | United States presidential election, 2020",1,1,,1,1,,1.0,1.0,,1.0
bm25,per_question,5ae0a59a55429945ae9593e2,bridge,hard,This Celtic ruler who was born in AD 43 ruled southeastern Britain prior to conquest by which empire?,Catuvellauni | Togodumnus,Catuvellauni | AD 43 | History of Wales | Durotriges | Corieltauvi | Roman conquest of Britain | History of England | Sussex chicken | Romano-British culture | Togodumnus,1,1,,0,0,,0.5,0.5,,1.0
bm25,per_question,5a8b987f5542997f31a41d7a,bridge,hard,"What is the name of the detective novelist parent of the author of '""Q"" Is for Quarry'?",&quot;Q&quot; Is for Quarry | Sue Grafton,Rubislaw quarry | Sue Grafton | He Who Whispers | The Crooked Hinge | C. Hugh Holman | Rupaye Dus Karod | Lake District Mysteries | &quot;Q&quot; Is for Quarry | Andy Straka | June Thomson,1,1,,0,0,,0.5,0.5,,0.5
bm25,per_question,5a8739a05542994775f607ab,bridge,hard,What is the birthplace of the Senator who represents the first of 62 districts in the State Senate?,Kenneth LaValle | New York's 1st State Senate district,Kenneth LaValle | Nesting (voting districts) | Andrea Stewart-Cousins | California State Senate | New York's 1st State Senate district | Hawaii Senate | New York's 2nd State Senate district | New York's 3rd State Senate district | Steven Bradford | New York's 4th State Senate district,1,1,,0,1,,0.5,1.0,,1.0
bm25,per_question,5ae67dba55429908198fa5f0,bridge,hard,The Memphis Hustle are based in a suburb of a city with a population of what in 2010?,"Memphis Hustle | Southaven, Mississippi","Memphis Hustle | Olive Branch, Mississippi | Ellenbrook, Western Australia | Southaven, Mississippi | Marion, Arkansas | Millington, Tennessee | Memphis metropolitan area | Lakeland, Tennessee | Covington, Tennessee | West Memphis, Arkansas",1,1,,0,1,,0.5,1.0,,1.0
bm25,per_question,5a7b3f4d5542992d025e67bb,bridge,hard,"Which songwriting duo composed music for ""La La Land"", and created lyrics for ""A Christmas Story: The Musical""? ",A Christmas Story: The Musical | Pasek and Paul,A Christmas Story: The Musical | Pasek and Paul | David and Sandy Reynolds-Wasco | City of Stars | Audition (The Fools Who Dream) | Mary Zophres | List of accolades received by La La Land | La La Land (Demi Lovato song) | La La Land (soundtrack) | Another Day of Sun,1,1,,1,1,,1.0,1.0,,1.0
bm25,per_question,5ae2dfd155429928c423951b,bridge,hard,"Which of the city at the south of Shelly Beach, New South Wales is a local government area in the Hunter region of New South Wales, Australia?","City of Newcastle | Shelly Beach, New South Wales","Gillieston Heights | Unincorporated Far West Region | City of Newcastle | Yanco Agricultural High School | Shelly Beach, New South Wales | Bucketty | Mount View, New South Wales | Grahamstown Dam | Shelly Beach (Manly) | Niagara Park, New South Wales",0,1,,0,1,,0.0,1.0,,0.3333333333333333
bm25,per_question,5ab6ba245542995eadef007f,comparison,hard,Are Bamboo Mañalac and Danny Jones both musicians?,Bamboo Mañalac | Danny Jones,"Danny Jones | The Voice of the Philippines | The Voice Teens (Philippine TV series) | Bamboo Mañalac | As the Music Plays | Bamboo (band) | Rivermaya | The Voice Teens (Philippines season 1) | No Water, No Moon | Kakoy Legaspi",1,1,,0,1,,0.5,1.0,,1.0
bm25,per_question,5ab8854555429934fafe6e0c,bridge,hard,"Works by Hanna Leena Kristiina Varis are part of a collection in a museum that houses approximately 65,000 what?",Albertina | Hanna Varis,Hanna Varis | Albertina | Karaboro languages | Darayim District | Marovoay | United Negro College Fund | Remington Model 51 | Amistad Dam Port of Entry | Gwangjang Market | Pakistan Air Force,1,1,,1,1,,1.0,1.0,,1.0
bm25,per_question,5a8eea4a5542990e94052bb7,bridge,hard,When was the Western Germanic language spoken from which the small settlement situated on the river Leda opposite Leer derives its name?,Leda (river) | Old Frisian,Leda (river) | Leer | English language | Suorva | Old Frisian | Old Saxon | Afrikaans | Proto-Norse language | German language | Dutch language,1,1,,0,1,,0.5,1.0,,1.0
bm25,per_question,5a74c85055429916b0164218,bridge,hard,"Born on 6 March 1937, this man was also a citizen of the United Kingdom.",Alistair Grant | British people,"Australian referendum, 1937 | Valentina Tereshkova | Arild Nyquist | British people | William Bonfield | Vatroslav Rožić | Chawalit Kamutchati | Paul Méfano | Robin Bailie | Alistair Grant",0,1,,0,0,,0.0,0.5,,0.25
bm25,per_question,5a88dcf9554299206df2b383,bridge,hard,"What country does Hatton Hill and Hatton Castle, Angus have in common?","Hatton Castle, Angus | Hatton Hill","Hatton Hill | Hatton Castle, Angus | Angus cattle | Hatton baronets | Hatton Castle, Aberdeenshire | Lung Fu Shan Country Park | Auchterhouse Castle | Hatton, Warwickshire | Hutton Castle | Broughty Castle",1,1,,1,1,,1.0,1.0,,1.0
bm25,per_question,5a7625c7554299109176e668,bridge,hard,What podcast was the cheif executive officer of Nerdist Industries a guest on?,Chris Hardwick | Comedy Film Nerds,Nerdist Industries | Bobby Mehta | The Nerdist Podcast | Chris Hardwick | Comedy Film Nerds | Chloe Dykstra | Jessica Chobot | Maltin on Movies | The Drop-In (podcast) | Nerdist News,0,1,,0,1,,0.0,1.0,,0.25
bm25,per_question,5ac0d83a554299294b219038,bridge,hard,Randall Cunningham II was a multi-sport athlete at the high school located in what Nevada city?,Bishop Gorman High School | Randall Cunningham II,Randall Cunningham | Nevada Union High School | Randall Cunningham II | Vashti Cunningham | Bishop Gorman High School | Guo Jie | David Masur | Adam Thielen | List of multi-sport athletes | Ken Rose (gridiron football),0,1,,0,1,,0.0,1.0,,0.3333333333333333
bm25,per_question,5a790d8f554299029c4b5eec,bridge,hard,"Which English musician is known for both the songs ""See Yourself"" and ""Withing You Without You""?",See Yourself | Within You Without You,See Yourself | Sharon Gannon | Gem Archer | Love Songs: A Compilation... Old and New | List of songs recorded by Syd Barrett | Within You Without You | 5:55 | We Laughed | Who Can See It | No Plan (EP),1,1,,0,0,,0.5,0.5,,1.0
bm25,per_question,5ab2c5e255429916697740ba,bridge,hard,"Which professional ice hockey position does the Captain of the National Hockey League All-Star Game ""Away Team"" play?",60th National Hockey League All-Star Game | Jonathan Toews,57th National Hockey League All-Star Game | 60th National Hockey League All-Star Game | National Hockey League All-Star Game | Ryan Johansen | List of Stanley Cup champions | 20th National Hockey League All-Star Game | NHL All-Star Skills Competition | Fred Doherty | Jonathan Toews | Travis Richards,1,1,,0,0,,0.5,0.5,,0.5
bm25,per_question,5abcfc365542993a06baf9d6,bridge,hard,"What year did the series on CBS, starring the actor who known for his role in ""Rebel Without a Cause,"" air?",CBS Television Workshop | James Dean,Casey Braxton | Stewart Stern | Jack Grinnage | Corey Allen | Sal Mineo | Rebel Highway | Jim Backus | CBS Television Workshop | James Dean | Rebel Without a Pause,0,0,,0,0,,0.0,0.0,,0.125
bm25,per_question,5a8ee6915542990e94052bad,bridge,hard,"What season was the character introduced that becomes the main antagonist in the  following season, from the animated television series created by Bryan Konietzko and Michael Dante DiMartino as a sequel to """", which aired from 2005 to 2008? ",Kuvira | The Legend of Korra,The Legend of Korra | Zaheer | Kuvira | Bolin (The Legend of Korra) | Avatar: The Last Airbender (season 1) | List of Avatar: The Last Airbender episodes | Avatar: The Last Airbender (season 2) | Avatar: The Last Airbender (season 3) | Iroh | List of The Legend of Korra episodes,1,1,,0,1,,0.5,1.0,,1.0
bm25,per_question,5abba4855542993f40c73b68,bridge,hard,"Who were the directors of the 2009 American science fiction film starring the actor who played Dexter Morgan in the Showtime TV Network series ""Dexter""?",Gamer (film) | Michael C. Hall,"Gamer (film) | List of Dexter episodes | Dexter (TV series) | Michael C. Hall | Vince Masuka | Hello, Dexter Morgan | The Damage a Man Can Do | It's Alive! (Dexter) | The British Invasion (Dexter) | Sage Kirkpatrick",1,1,,0,1,,0.5,1.0,,1.0
bm25,per_question,5ae0bae555429906c02dab08,bridge,hard,"Which travel parody series featured American actor, comedian, and radio host best known as the host of ""The Joe Schmo Show""?",Hidden America with Jonah Ray | Ralph Garman,Ralph Garman | Robert Belushi | Hidden America with Jonah Ray | Lance Krall | The Joe Schmo Show | Free Radio (TV series) | Stone Stanley Entertainment | Gretchen Palmer | List of The Joe Schmo Show episodes | Matt Kennedy Gould,1,1,,0,1,,0.5,1.0,,1.0
bm25,per_question,5ab271fe554299449642c8a6,comparison,hard,Do The Importance of Being Icelandic and The Five Obstructions belong to different film genres ?,The Five Obstructions | The Importance of Being Icelandic,The Importance of Being Icelandic | The Five Obstructions | Music composition and composers in Pristina | Parody film | Take 21 | Jackie Lou Blanco | Buddy film | Film laboratory | Poetical Refugee | Three are Three,1,1,,1,1,,1.0,1.0,,1.0
bm25,per_question,5a7997a2554299029c4b5f59,bridge,hard,Tefik Selim Mborja was a part of a party that held power in Albania until what year? ,Albanian Fascist Party | Tefik Mborja,"Tefik Mborja | Albanian Fascist Party | People's Socialist Republic of Albania | Madras Legislative Assembly election, 1967 | United Bermuda Party | Swedish general election, 1982 | Hungarian Communist Party | Confederation of Mexican Workers | Bal'arab bin Himyar | Australian federal election, 1972",1,1,,1,1,,1.0,1.0,,1.0
bm25,per_question,5add673e5542992ae4cec54d,bridge,hard,Joe Walker played for which team that ends their regular season with the Civil War rivalry game?,Joe Walker (American football) | Oregon Ducks football,Joe Walker (American football) | Oregon Ducks football | Army–Navy Game | 1983 Oregon State vs. Oregon football game | Textile Bowl | Civil War (college football game) | Magnolia Bowl | Battle for the Bell | Battle of the Blue | The Rivalry (Lehigh–Lafayette),1,1,,1,1,,1.0,1.0,,1.0
bm25,per_question,5ae819ac55429952e35eaa16,bridge,hard,"What station broadcast the episode ""Marry Me a Little, Marry Me a Little More"" , of the series created by Max Mutchnick and David Kohan?","Marry Me a Little, Marry Me a Little More | Will &amp; Grace","Marry Me a Little, Marry Me a Little More | James Carroll (actor) | Will &amp; Grace | Pilot (Will &amp; Grace) | Boston Common (TV series) | Good Morning, Miami | Four Kings | The Stones (TV series) | Partners (2012 TV series) | David Kohan",1,1,,0,1,,0.5,1.0,,1.0
bm25,per_question,5aba65a055429939ce03dcd2,bridge,hard,Georges-Henri Bousquet translated the work of a historian who is of what heritage?,Georges-Henri Bousquet | Ibn Khaldun,Georges-Henri Bousquet | Ghulam Nabi Firaq | Sally Gibson | Latresne | Blackstone River and Canal Heritage State Park | Jean Portante | Armando Mook | Don Bousquet | John Hirst (historian) | Ibn Khaldun,1,1,,0,0,,0.5,0.5,,1.0
bm25,per_question,5a87bada5542994846c1cddc,bridge,hard,In which city are the headquarters of the American research and scientific development company where Ravi Sethi worked as computer scientist located?,Bell Labs | Ravi Sethi,"Bell Labs | Pharma Medica | Annie Easley | Ravi Sethi | Albanian University in Berat | Sethi–Ullman algorithm | David H. Bailey | Nuria Oliver | Franz Josef Och | Compilers: Principles, Techniques, and Tools",1,1,,0,1,,0.5,1.0,,1.0
bm25,per_question,5ae74fc45542997b22f6a6b4,bridge,hard,What is the full name of the viral respiratory disease in which Yi Guan's research helped to prevent the outbreak of?,Timeline of the SARS outbreak | Yi Guan,Yi Guan | Chronic Respiratory Disease | Severe acute respiratory syndrome | Timeline of the SARS outbreak | Journal of Thoracic Disease | Feline viral rhinotracheitis | Irish Thoracic Society | Pulmonary rehabilitation | SARS (disambiguation) | Asthma-related microbes,1,1,,0,1,,0.5,1.0,,1.0
bm25,per_question,5adf65555542992d7e9f9334,bridge,hard,Which Kentucky Writers Hall of Fame author has had works published by Dim Gray Bar Press?,Dim Gray Bar Press | Wendell Berry,Dim Gray Bar Press | Nebula Award for Best Novel | Wendell Berry | Jay Cronley | Franci Cerar | New York State Writers Hall of Fame | Winfred Blevins | Blinkey Horn | Melissa Fay Greene | Judith Ortiz Cofer,1,1,,0,1,,0.5,1.0,,1.0
bm25,per_question,5ade69e455429975fa854ec5,bridge,hard,What director worked with Vikram Bhatt on a film starring actors Rajneesh Duggal and Adah Sharma?,1920 (film series) | 1920 (film),Ankahee (2006 film) | 1920 (film) | Phhir | Inteha (2003 film) | Rajneesh Duggal | Spark (2014 film) | Anhoniyon Ka Andhera | Udanchhoo | 1920 (film series) | Be Careful (film),1,1,,0,0,,0.5,0.5,,0.5
bm25,per_question,5ae057fd55429945ae959328,bridge,hard, Robert Smith founded the multinational company headquartered in what city?,General Mills | Robert Smith (Illinois politician),Robert Smith (Illinois politician) | RetailMeNot | Stevanato Group | Hyrum W. Smith | Henkel | Corey Smith (artist) | Equinix | Teleperformance | Namsung electronics | General Mills,1,1,,0,0,,0.5,0.5,,1.0
bm25,per_question,5ab28019554299722f9b4d51,bridge,hard,What amount was the settlement that the character from the Son of al Quada got in 2017?,Omar Khadr | Son of al Qaeda,"Damian Wayne | Omar Khadr | Duty to settle | List of largest pharmaceutical settlements | Al Utouriya | Fraley v. Facebook, Inc. | Mana Al Otaiba | Tell El Sakan | Kasia Al Thani | Son of al Qaeda",1,1,,0,0,,0.5,0.5,,0.5
bm25,per_question,5a75f79555429976ec32bcca,bridge,hard,"Considered the strongest recorded tropical cyclone, which cyclone had a film made about it in 2007?",1999 Odisha cyclone | Kathantara,Cyclone Kesiny | Cyclone Esau | 1999 Odisha cyclone | Cyclone Anne | Cyclone Donna | Cyclone Gonu | Cyclone Hondo | 2002–03 Australian region cyclone season | 2011–12 South Pacific cyclone season | Kathantara,0,1,,0,0,,0.0,0.5,,0.3333333333333333
bm25,per_question,5adef80b5542993a75d263c4,bridge,hard,The 2000 British film Snatch was later adapted into a television series for what streaming service?,Snatch (TV series) | Snatch (film),Please Don't Eat the Daisies | Please Twins! | Snatch (film) | Snatch (TV series) | Gilmore Girls: A Year in the Life | Orange Is the New Black | Swedish Dicks | Bajillion Dollar Propertie$ | Romper Stomper (TV series) | AXN,0,1,,0,1,,0.0,1.0,,0.3333333333333333
bm25,per_question,5ae0aaf455429945ae959401,bridge,hard,Chris Williams last played for which football club from the National League North?,Chris Williams (English footballer) | Salford City F.C.,Chris Williams (English footballer) | Salford City F.C. | Jack Truelove | National League (English football) | National League North | National League South | Gainsborough Trinity F.C. | Curzon Ashton F.C. | Spennymoor Town F.C. | Boston United F.C.,1,1,,1,1,,1.0,1.0,,1.0
bm25,per_question,5ab47d765542991751b4d78f,bridge,hard,Who designed the hotel that held the IFBB professional bodybuilding competition in September 1991?,1991 Mr. Olympia | Walt Disney World Dolphin,2017 Mr. Olympia | 1980 Ms. Olympia | 1991 Mr. Olympia | 1981 Ms. Olympia | 1975 Mr. Olympia | 2012 Ms. Olympia | 1991 Ms. Olympia | 2010 Ms. Olympia | Walt Disney World Dolphin | 2011 Ms. Olympia,0,1,,0,0,,0.0,0.5,,0.3333333333333333
bm25,per_question,5a7ed2c655429930675135e5,bridge,hard,"At the 71st Golden Globe Awards for television in 2013, what achievement did Breaking Bad, police sitcom Brooklyn Nine-Nine and American Hustle attain?",71st Golden Globe Awards | Brooklyn Nine-Nine,Brooklyn Nine-Nine | 71st Golden Globe Awards | Dancing on the Edge (TV series) | Golden Globe Award for Best Animated Feature Film | 51st Golden Globe Awards | 61st Golden Globe Awards | 31st Golden Globe Awards | Breaking Bad | Scarface (soundtrack) | Flight of the Innocent,1,1,,1,1,,1.0,1.0,,1.0
bm25,per_question,5ac3e0f7554299194317388b,bridge,hard,Which actor does American Beauty and American Beauty have in common?,American Beauty (1999 film) | American Beauty (soundtrack),"List of accolades received by American Beauty | American Beauty/American Psycho Tour | The Kids Aren't Alright (Fall Out Boy song) | Coty, Inc. | American Beauty (1927 film) | American Beauty (1999 film) | Christopher Greenbury | La Belle Américaine | American Beauty (soundtrack) | Miss American Beauty 1963",0,0,,0,0,,0.0,0.0,,0.16666666666666666
bm25,per_question,5a7bae20554299294a54aa96,bridge,hard,Onika Tanya Maraj is a judge on a television show hosted by whom? ,American Idol (season 12) | Nicki Minaj,Nicki Minaj | Freedom Watch with Judge Napolitano | Rewrapped | On the Ball (ITV television show) | The Apartment - Design Your Destiny | The House of Tiny Tearaways | The Sarah Millican Television Programme | Sarah Palin's Alaska | Tómbola (TV series) | American Idol (season 12),1,1,,0,0,,0.5,0.5,,1.0
bm25,per_question,5ab8ee035542991b5579f04b,comparison,hard,Are Hot Rod and The Memory of Our People both magazines?,Hot Rod (magazine) | The Memory of Our People,The Memory of Our People | Hot Rod Lincoln | California Hot Rod Reunion | Fender Hot Rod DeVille | National Hot Rod Reunion | Rat rod | Fender Hot Rod Deluxe | Volvo T6 | Ala Kart (custom car) | Hot Rod (magazine),1,1,,0,0,,0.5,0.5,,1.0
bm25,per_question,5a7a276d5542996c55b2dd27,bridge,hard,Who was Chamberlain and Colonel of the military staff of The Merrie Monarch?,Charles Hastings Judd | Kalākaua,Charles Hastings Judd | George W. Macfarlane | James A. Winnefeld Jr. | Corps of Military Staff Clerks | Merrie Monarch Festival | Ottoman Military College | Staff (military) | Kalākaua | Muumuu | Aloha Dalire,1,1,,0,0,,0.5,0.5,,1.0
bm25,per_question,5a717d4c5542994082a3e854,comparison,hard,"Who has written more than 300 papers, Semyon Aranovich Gershgorin or Pavel Alexandrov?",Pavel Alexandrov | Semyon Aranovich Gershgorin,Gershgorin circle theorem | Pavel Alexandrov | Semyon Aranovich Gershgorin | Confrontation (TV series) | Rafferty (1980 TV series) | Pavel Urysohn | Nerve of a covering | Semyon Aranovich | The Year of the Dog (film) | Alexandroff extension,1,1,,0,1,,0.5,1.0,,0.5
bm25,per_question,5ac02e31554299294b218f3f,bridge,hard,Which post DC Extended Universe actress will also play a role in what is intended to be the fifth installment of the DC Extended Universe?,Gal Gadot | Justice League (film),Justice League (film) | Aquaman (film) | Gal Gadot | Man of Steel (film) | Suicide Squad (film) | Wonder Woman (2017 film) | List of DC Extended Universe cast members | Batman v Superman: Dawn of Justice | DC Extended Universe | Arrowverse,1,1,,0,1,,0.5,1.0,,1.0
bm25,per_question,5a79ea435542996c55b2dc9e,bridge,hard,Who was the captain of the only battleship to provide gunfire support during the Vietnam War?,J. Edward Snyder | USS New Jersey (BB-62),J. Edward Snyder | USS New Jersey (BB-62) | List of battleships of Italy | Soviet cruiser Kirov | French battleship Jean Bart (1911) | United States naval gunfire support debate | Naval gunfire support | USS Trippe (FF-1075) | Operation Market Time | Tonkin Gulf Yacht Club,1,1,,1,1,,1.0,1.0,,1.0
bm25,per_question,5ab7e4dc5542995dae37e9df,bridge,hard,"The Polar Bears featuring the voice of Armie Hammer, is also the same voice actor for which character in Cars 3?",Armie Hammer | The Polar Bears,Armie Hammer | The Lone Ranger (2013 film) | Cars 3 | The Polar Bears | Wapusk National Park | Kermode bear | Cheech Marin | Beatitude (album) | Nagesh Bhonsle | Ian Stirling (biologist),1,1,,0,1,,0.5,1.0,,1.0
bm25,per_question,5a834ed95542990548d0b1ca,comparison,hard,"Which tower is taller, 712 Fifth Avenue or Manhattan Life Insurance Building?",712 Fifth Avenue | Manhattan Life Insurance Building,Whole life insurance | 712 Fifth Avenue | Flatiron Building | Manhattan Life Insurance Company | Manhattan Life Insurance Building | Supreme Life Building | New York Life Insurance Building (Montreal) | Francis H. Kimball | Physicians Mutual | New York Life Building,1,1,,0,1,,0.5,1.0,,0.5
bm25,per_question,5ab41d855542996a3a969f4b,bridge,hard,"Is the Pakistan fast bowler who joined the Kent County Cricket Club in June, 2011 a left-hand or right-hand batsmans?",Kent County Cricket Club in 2011 | Wahab Riaz,Kent County Cricket Club in 2011 | List of Kent County Cricket Club captains | Kent County Cricket Club in 2013 | Doug Bollinger | Jack Mason | Wayne Parnell | Arthur Fielder | Kent County Cricket Club in 2010 | Tom Caplen | Wahab Riaz,1,1,,0,0,,0.5,0.5,,1.0
bm25,per_question,5a7b7ff75542995eb53be93d,comparison,hard,"Who was born first, Arthur Conan Doyle or Penelope Lively?",Arthur Conan Doyle | Penelope Lively,Adrian Conan Doyle | Douglas Ainslie | Penelope Lively | Sherlock Holmes (1916 film) | The Return of Sherlock Holmes (1929 film) | The Lost World (TV series) | Dead Man's Land | Arthur Conan Doyle | Sherlock Holmes (2010 film) | The Adventure of the Empty House,0,1,,0,0,,0.0,0.5,,0.3333333333333333
bm25,per_question,5a7d19d85542995ed0d165e8,bridge,hard,The Tennessee Volunteers football team plays as a member for a conference in what city?,1984 Tennessee Volunteers football team | Southeastern Conference,1896 Tennessee Volunteers football team | 1983 Tennessee Volunteers football team | 1984 Tennessee Volunteers football team | 1985 Tennessee Volunteers football team | 1899 Tennessee Volunteers football team | 1930 Tennessee Volunteers football team | 1938 Tennessee Volunteers football team | Southeastern Conference | 1891 Tennessee Volunteers football team | Tennessee Volunteers football statistical leaders,0,1,,0,0,,0.0,0.5,,0.3333333333333333
bm25,per_question,5ae7ed17554299540e5a56a3,bridge,hard,Ernest Foot was the best friend of the fighter pilot who had how many victories?,Albert Ball | Ernest Foot,Ernest Foot | Fighter Pilot: Operation Red Flag | Lydia Litvyak | Ashley Rolfe | Manfred Meurer | Ilmari Juutilainen | Paul Zorner | Albert Ball | Egon Mayer | Ayesha Farooq,1,1,,0,0,,0.5,0.5,,1.0
bm25,per_question,5ab2659e554299340b5254b2,bridge,hard,"From March 631 to April 631, Farrukhzad Khosrau V was the king of an empire that succeeded which empire?",Farrukhzad Khosrow V | Sasanian Empire,Farrukhzad Khosrow V | Duchy of Thuringia | Sasanian Empire | Samo | Hormizd VI | Samo's Empire | Suintila | Chach of Alor | Khosrow IV | Ashur-etil-ilani,1,1,,0,1,,0.5,1.0,,1.0
bm25,per_question,5abd2eab5542992ac4f38210,bridge,hard,Which suburb is a soap opera featuring a character named Beverly Marshall set in?,Beverly Marshall | Ramsay Street,Ramsay Street | Beverly Marshall | Katie Landers | Alamo Heights SA | Phil Mitchell | John Black (Days of Our Lives) | Victor Newman | Shaunna O'Grady | The Greatest Gift (TV series) | Roger Howarth,1,1,,1,1,,1.0,1.0,,1.0
bm25,per_question,5abaf3195542996cc5e49f2c,bridge,hard,Which country did the Falkland Islands beat in the 2010 Commonwealth games that has eleven administrative divisions?,Gerald Reive | Samoa,Archery at the Commonwealth Games | Samoa | Gerald Reive | 2010 Commonwealth Games | 2010 Commonwealth Games medal table | Falkland Islands at the 2010 Commonwealth Games | Falkland Islands official football team | George Paice (bowls) | Falkland Islands at the 2014 Commonwealth Games | KTV Ltd.,1,1,,0,1,,0.5,1.0,,0.5
bm25,per_question,5a791a97554299148911f9f2,bridge,hard,"Which Netflix series ""Unbreakable"" character is Elizabeth Claire Kemper known for playing?",Ellie Kemper | Kimmy Schmidt,Ellie Kemper | Kimmy Schmidt | Claire Temple (Marvel Cinematic Universe) | Brenda Bennett | List of Unbreakable Kimmy Schmidt episodes | Unbreakable Kimmy Schmidt | Sam Means | Azie Mira Dungey | Wet Hot American Summer (series) | Claire Liddell,1,1,,1,1,,1.0,1.0,,1.0
bm25,per_question,5adf58f15542993a75d264d2,bridge,hard,"Which television series featured an actor who also performed in ""The Young Ones""?",Ade Edmondson | Bad News (band),"Ade Edmondson | Filthy Rich &amp; Catflap | The Young Ones (TV series) | Ben Elton | David Mirkin | Carole Gray | Roland Rat | Oh, No! Not THEM! | The Young Ones (video game) | Bad News (band)",1,1,,0,0,,0.5,0.5,,1.0
bm25,per_question,5adc65e85542996e68525350,comparison,hard,Are both Dafeng District and Dazhou located in the same province?,Dafeng District | Dazhou,Dazhou | Dafeng District | Sichuan–Shanghai gas pipeline | Tinghu District | Yandu District,1,1,,1,1,,1.0,1.0,,1.0
bm25,per_question,5a87ab9b5542996e4f3088c2,bridge,hard,"In what century did this Native warrior and chief, whose brother Tenskwatawa led the Tippecanoe order of battle, become the primary leader of a large, multi tribal confederacy?",Tecumseh | Tippecanoe order of battle,"Tecumseh | Battle of Fallen Timbers | Battle of Tippecanoe | Tecumseh's Confederacy | Prophetstown State Park | Tippecanoe order of battle | Tenskwatawa | Zafar, Yemen | Kasi (Pashtun tribe) | Ziri ibn Atiyya",1,1,,0,0,,0.5,0.5,,1.0
bm25,per_question,5a738fe855429908901be2fb,bridge,hard,What film was written and directed by Joby Harold with music written by Samuel Sim?,Awake (film) | Samuel Sim,By the Beautiful Sea (song) | King Arthur: Legend of the Sword | Here (1954 song) | Samuel Sim | Awake (film) | Robin Hood (2018 film) | Blog Wars | Gidget Goes to Rome | Beautiful Young Minds | Joby Talbot,0,1,,0,1,,0.0,1.0,,0.25
bm25,per_question,5a8c65a1554299585d9e3680,bridge,hard,What is the name of the ethnic group who settled in Canada in the 17th century that participated in a conflict with Irish Catholic immigrants in the Shiners' War?,French Canadians | Shiners' War,Ancient Order of Hibernians | Shiners' War | History of Irish Americans in Boston | French Canadians | History of the Irish Americans in Philadelphia | Americo-Liberians | Czechs in Ukraine | Pingpu peoples | Black Bermudian | Oku people (Sierra Leone),1,1,,0,1,,0.5,1.0,,0.5
bm25,per_question,5ac2bbd0554299218029db09,bridge,hard,The author of The Thing of It Is... is what Nationality?,The Thing of It Is... | William Goldman,The Thing of It Is... | Australian property law | A Thing of Beauty | The Most Incredible Thing | Who Goes There? (collection) | Joshua D. Zimmerman | Man Booker International Prize | Creacionismo | Viola Concerto (Walton) | William Goldman,1,1,,0,0,,0.5,0.5,,1.0
bm25,per_question,5adf3e355542993a75d26440,bridge,hard,"How long is the bridge in the Öresund Region that connect Copenhagen, Denmark and Malmo, Sweden?",Øresund Bridge | Øresund Region,Bjarkøy Fixed Link | Øresund Region | European route E47 | Copenhagen Malmö Port | Øresund Bridge | Öresund Committee | Sweden | Malmö Harbour Heliport | Øresund | City Tunnel (Malmö),1,1,,0,1,,0.5,1.0,,0.5
bm25,per_question,5ae82ae555429952e35eaa71,bridge,hard,"Martin Patterson ""Pat"" Hingle was a close friend of an actor who achieved success in what Western TV series? ",Clint Eastwood | Pat Hingle,Pat Hingle | Virginia Foster Durr | Longhorn Ballroom | Damon Dark | Dirás que estoy loco | Dr. Kildare (TV series) | Clint Eastwood | A. C. Tirulokchandar | Kyle Craig | Alie Ward,1,1,,0,0,,0.5,0.5,,1.0
bm25,per_question,5ac289ff5542996366519a02,comparison,hard,Is the Marsilea or the Brabejum the genus of more individual species of plants?,Brabejum | Marsilea,Brabejum | Marsilea | Marsilea minuta | Sinocyclocheilus | Myiodynastes | Araripesuchus wegeneri | Leptospermum | Be'er Sheva fringe-fingered lizard | Marsileaceae | Fen,1,1,,1,1,,1.0,1.0,,1.0
bm25,per_question,5a7a5b3a5542996c55b2dd71,bridge,hard,What building is opposite the ceremonial meeting place of the Accession Council in the United Kingdom?,"Mark Masons' Hall, London | St James's Palace","St James's Palace | Mark Masons' Hall, London | President of the Queen's Privy Council for Canada | Accession Council | Crowther Masonic Hall | Grange Hall (Murphysboro, Illinois) | Great Hall of the People | Pollokshields Burgh Hall | Warriparinga | Blackman-Bosworth Store",1,1,,1,1,,1.0,1.0,,1.0
bm25,per_question,5ab8688b55429934fafe6daa,bridge,hard,"What material did a hairdresser from Yorkshire, England invent that was named by his granddaughter?",Maurice Ward | Starlite,"Maurice Ward | Starlite | Norman Yardley | University of Leeds | West Yorkshire Association Football League | William Levett (baron) | Bedale | Bradley, North Yorkshire | History of the East Riding of Yorkshire | Nidderdale Museum",1,1,,1,1,,1.0,1.0,,1.0
bm25,per_question,5a7a3a945542996a35c17147,bridge,hard,One Raffles Place is one of the tallest skyscrapers in the city of Singapore and tallest in the wolrd outside North America until it was succeeded by a Building in city?,Bank of China Tower (Hong Kong) | One Raffles Place,One Raffles Place | Raffles Place MRT Station | Raffles Place | One Raffles Link | CapitaGreen | List of tallest buildings in São Paulo | One Marina Boulevard | Republic Plaza (Singapore) | Chevron House | Bank of China Tower (Hong Kong),1,1,,0,0,,0.5,0.5,,1.0
bm25,per_question,5ab9b29c554299743d22ebae,comparison,hard,"Which case came first, Craig v. Boren or United States v. Paramount Pictures, Inc.?","Craig v. Boren | United States v. Paramount Pictures, Inc.","United States v. Paramount Pictures, Inc. | Craig v. Boren | City of Norwood v. Horney | United States v. Binion | Block booking | Criminal law in the Waite Court | Baker v. Nelson | Criminal law in the Marshall Court | Lau Kong Yung v Director of Immigration | R v Van der Peet",1,1,,1,1,,1.0,1.0,,1.0
bm25,per_question,5a8b63fa55429950cd6afcd7,bridge,hard,What is the nickname of the city where Darling's Waterfront Pavilion is located?,"Bangor, Maine | Darling's Waterfront Pavilion","Darling's Waterfront Pavilion | Sala (architecture) | Kertha Gosa Pavilion | Concord Pavilion | Oleson Park Music Pavilion | Corus Quay | Bangor, Maine | Paulus Hook, Jersey City | Grandview Park Music Pavilion | Silver Line Way (MBTA station)",1,1,,0,0,,0.5,0.5,,1.0
bm25,per_question,5ade51b45542997c77adedf4,bridge,hard,The Kansas City Wizards have had three home venues in Kansas City in their time.  Which was their first?,Children's Mercy Park | CommunityAmerica Ballpark,MLS Cup 2004 | Children's Mercy Park | All-time Sporting Kansas City roster | CommunityAmerica Ballpark | 2008 Kansas City Wizards season | 1998 Kansas City Wizards season | 1999 Kansas City Wizards season | 1997 Kansas City Wizards season | Shawnee Mission District Stadium | Curt Johnson (soccer),1,1,,0,1,,0.5,1.0,,0.5
bm25,per_question,5ae4c49a5542995dadf24400,bridge,hard,"Henry Hall is known for fighting in the Revolutionary War, and for being the first to successfully cultivate this food found in what type of bogs?",Cranberry | Henry Hall (American revolution),Henry Hall (American revolution) | Robert Plampin | John Adlum | Cuisine of Karachi | List of fossils with consumulites | Blanket bog | Cranberry | Historic Camden Revolutionary War Site | Boortsog | Carnival Cravings,1,1,,0,0,,0.5,0.5,,1.0
bm25,per_question,5a7d3470554299452d57bb56,bridge,hard,A scam involving a male calling small town fast-food restaurants and pretending to be a police officer to have them strip search employees was turned into a movie of what name?,Compliance (film) | Strip search phone call scam,"Strip search phone call scam | Jacob D. Robida | Coronado, Panama | Compliance (film) | Police perjury | A&amp;W Restaurants | Part-time job terrorism | Devyani Khobragade | Body cavity search | Ringer Hut",1,1,,0,1,,0.5,1.0,,1.0
bm25,per_question,5ae4f2c75542993aec5ec0fb,bridge,hard,"What airport serviced by American Airlines Shuttle, is also the largest airport in the New England region and 17th busiest in the U.S?",American Airlines Shuttle | Logan International Airport,Townsville Airport | Pitt Meadows Airport | Logan International Airport | Charlotte Douglas International Airport | Kazan International Airport | Denver International Airport | American Airlines Shuttle | Coimbatore International Airport | Dalian Zhoushuizi International Airport | Eastern Air Lines Shuttle,0,1,,0,0,,0.0,0.5,,0.3333333333333333
bm25,per_question,5ab1d7ac554299449642c7e6,comparison,hard,"Which genus has more species, Xanthoceras or Ehretia?",Ehretia | Xanthoceras,Xanthoceras | Ehretia,1,1,,1,1,,1.0,1.0,,1.0
bm25,per_question,5a85cead5542991dd0999ea9,bridge,hard,What arcade game is named after the only player in major league history to have a 0.300 batting average for 7 consecutive seasons?,Frank Thomas (designated hitter) | Frank Thomas' Big Hurt,Frank Thomas (designated hitter) | List of Major League Baseball batting champions | Ron Herbel | Germán Barranca | Frank Thomas' Big Hurt | Frank Crossin | Dick Kauffman | Jack Fox (baseball) | 1921 Detroit Tigers season | Chick Shorten,1,1,,0,1,,0.5,1.0,,1.0
bm25,per_question,5a73a7c755429978a71e9068,bridge,hard,What american actress/singer born in 1956 recorded the song Something there for beauty and the beast?,Paige O'Hara | Something There,Anna Simpson | Marissa Perry | Robby Benson | Beauty and the Beast (Disney song) | Belle (Disney song) | Something There | Belle (Disney) | Evermore (Beauty and the Beast song) | Be Our Guest | Paige O'Hara,0,0,,0,0,,0.0,0.0,,0.16666666666666666
bm25,per_question,5a7f113d55429934daa2fcbe,bridge,hard,Which professional baseball player and National 1993 Baseball Hall of Fame inductee is featured in the Greatest Sports Legends anthology? ,Greatest Sports Legends | Reggie Jackson,Greatest Sports Legends | Emma Carney | Mickey Mantle | Babe Ruth | Tim Jorgensen | Eddy Furniss | Reggie Jackson | Dizzy Dean | Robin Ventura | Charles Teague (baseball),1,1,,0,0,,0.5,0.5,,1.0
bm25,per_question,5ae6828f5542996d980e7bb9,bridge,hard,Salisbury Woodland Gardens links a zoo with a park designed and built under the watchful eye of who?,"Salisbury Woodland Gardens, Blackpool | Stanley Park, Blackpool","Stanley Park, Blackpool | Salisbury Woodland Gardens, Blackpool | Sasquatched! The Musical | Patan minara | List of The Thick of It characters | Kiyoshi Kohatsu | Conferencier | Charles de Lorme | Toby Sibbick | Double Trouble (U.S. TV series)",1,1,,1,1,,1.0,1.0,,1.0
bm25,per_question,5ab31864554299233954ff06,bridge,hard,What class of instrument does Apatim Majumdar play?,Apratim Majumdar | Sarod,Chander Bari | Experimental musical instrument | Asset classes | Apratim Majumdar | Sousaphone | Keyboard glockenspiel | Udaka vadya | Sarod | Accompaniment | Bukkehorn,0,1,,0,0,,0.0,0.5,,0.25
bm25,per_question,5abe239355429976d4830a7d,bridge,hard,Jamie Harris is best known for his role as The Hook-Handed Man in a movie directed by who ?,Jamie Harris (actor) | Lemony Snicket's A Series of Unfortunate Events,"Jamie Harris (actor) | Usman Ally | Midnight Sun (2006 film) | Man Against the Mob | Badla Jatti Da | The Dragon, the Hero | Jalam (film) | Lemony Snicket's A Series of Unfortunate Events | Estelle Hemsley | Maurice Walsh",1,1,,0,0,,0.5,0.5,,1.0
bm25,per_question,5ac2659b55429963665199a1,bridge,hard,"How many laps did Harry Prowell run during the 10,000 metres race at the 1967 Pan American Games?","10,000 metres | Harry Prowell","10,000 metres | Harry Prowell | Dave Bailey (athlete) | Kavita Tungar | Brian MacLaren | Ross MacKenzie (athlete) | 2015 Pan American Games | Nora Rocha | 2011 Pan American Games | European 10,000m Cup",1,1,,1,1,,1.0,1.0,,1.0
bm25,per_question,5ae058e855429945ae959331,comparison,hard,Are  Chrysalis and Look both women's magazines?,Chrysalis (magazine) | Look (UK magazine),List of magazines in Portugal | List of magazines in Malaysia | Transition House Association of Nova Scotia | List of magazines in Austria | Look (UK magazine) | Customer magazine | Surfer hair | Lifestyle magazine | Chrysalis (magazine) | Rick Wilber,0,1,,0,0,,0.0,0.5,,0.2
bm25,per_question,5a7b8749554299294a54a9db,comparison,hard,"Which author has won more Pulitzer Prizes, Thomas Friedman or Henri Bergson?",Henri Bergson | Thomas Friedman,Thomas Friedman | 2011 Pulitzer Prize | Samuel Eliot Morison | Introduction to Metaphysics (Bergson) | Moina Mathers | Duration (philosophy) | Time and Free Will | Élan vital | Matter and Memory | Henri Bergson,1,1,,0,0,,0.5,0.5,,1.0
bm25,per_question,5a864ff7554299211dda2af2,bridge,hard,"Yoann Lemoine, a French video director, has created music videos for Lana Del Rey, Katy Perry, and an orchestral country pop ballad by which top pop artist?",Back to December | Yoann Lemoine,Yoann Lemoine | Blue Jeans (Lana Del Rey song) | Back to December | Lana Del Rey videography | Video Games (song) | Yayo (Lana Del Rey song) | Lana Del Rey (EP) | Lana Del Rey discography | Lana Del Ray (album) | Kill Kill (song),1,1,,0,1,,0.5,1.0,,1.0
bm25,per_question,5ae4d3c95542990ba0bbb165,comparison,hard,In what city can a person find both the Nusretiye Clock Tower and the Eski Imaret Mosque be found?,Eski Imaret Mosque | Nusretiye Clock Tower,"Nusretiye Clock Tower | Azam mosque of Qom | Clock Tower, Brighton | Eski Imaret Mosque | Kumanovo Clock Tower | Clock Tower of Murshidabad | Birgu Clock Tower | Hysen Pasha Mosque | Galle Clock Tower | Tashkopryu Mosque",1,1,,0,1,,0.5,1.0,,1.0
bm25,per_question,5ab7f97a5542991d322237ef,bridge,hard,"What is Opry Mills in Nashville, Tennessee?",Music City Queen | Opry Mills,Opry Mills | Music City Queen | Ryman Auditorium | Grand Ole Opry | Keith Bilbrey | Infinity Cat Recordings | Bradley Gaskin | Nashville Terminal Subdivision | The Bailey Brothers and the Happy Valley Boys | John England &amp; the Western Swingers,1,1,,1,1,,1.0,1.0,,1.0
bm25,per_question,5a7b46e55542995eb53be8e5,bridge,hard,"Spaceware Sky Division II is manufactured by this subsidiary, which is one of twelve subdivisions of Inner Mongolia, China?",Ordos City | Spaceware Sky Vision II,Ordos City | Spaceware Sky Vision II | Ejin–Hami Railway | Bu Xiaolin | Inner Mongolia Medical University | Inner Mongolia University of Technology | G5511 Jining–Arun Expressway | 2011 Inner Mongolia unrest | Zhukaigou culture | Inner Mongolia First Machinery Group Corporation,1,1,,1,1,,1.0,1.0,,1.0
bm25,per_question,5a879ba55542993e715abfc3,comparison,hard,"Which director had the longest career, Alain Resnais or Scott Sidney?",Alain Resnais | Scott Sidney,Muriel (film) | Life of Riley (2014 film) | Alain Resnais | Scott Sidney | Last Year at Marienbad | Julián Hernández (filmmaker) | The War Is Over (film) | Isle of Flowers | Hiroshima mon amour | Chris Marker,0,1,,0,1,,0.0,1.0,,0.3333333333333333
bm25,per_question,5ae4563e5542996836b02c7f,bridge,hard,"in 1999, Spirit Halloween LLC was purchased by a mall retailer that has how many stores in the United States and Canada ?",Spencer Gifts | Spirit Halloween,Spirit Halloween | Halloween Adventure | Citadel Mall | Spencer Gifts | Walt Whitman Shops | Warehouse store | FedMart | Rolling Acres Mall | The Crossings at Northwest | Eastern Hills Mall,1,1,,0,1,,0.5,1.0,,1.0
bm25,per_question,5ab6ff3a5542991d3222372a,bridge,hard,James Fieser received his B.A. from what liberal arts work college that was founded in 1855?,Berea College | James Fieser,James Fieser | Bard College Berlin | Macalester College | List of liberal arts colleges | Altruism (ethics) | Berea College | Alice Lloyd College | Work college | Nancy K. Pearson | Liberal arts college,1,1,,0,0,,0.5,0.5,,1.0
bm25,per_question,5a7a46605542994f819ef1ad,bridge,hard,What year did Roy Rogers and his third wife star in a film directed by Frank McDonald?,Along the Navajo Trail (film) | Dale Evans,Dale Evans | Rainbow Over Texas | Song of Arizona | Lights of Old Santa Fe | My Pal Trigger | Don't Fence Me In (film) | San Fernando Valley (film) | Sons of the Pioneers (film) | Along the Navajo Trail (film) | Frank McDonald (director),1,1,,0,0,,0.5,0.5,,1.0
bm25,per_question,5ade7a435542997c77adee3a,bridge,hard," The name ""Mountbatten-Windsor"" applies to male-line descendants of the Queen without royal styles and titles which is a Eurpean dynasty resulting in what family?",Mountbatten family | Mountbatten-Windsor,Mountbatten-Windsor | Duke of Leuchtenberg | Line of succession to the former Egyptian throne | Cadet branch | List of members of the House of Windsor | Capetian dynasty | Zulu royal family | Batonishvili | House of Capet | Mountbatten family,1,1,,0,0,,0.5,0.5,,1.0
bm25,per_question,5ac1795f5542994ab5c67d5f,bridge,hard,Who is known for producing the documentary television series based on the book by science historian James Burke?,Connections (TV series) | James Burke (science historian),Aaron Faulls | National Geographic Explorer | Connections (TV series) | The Day the Universe Changed | James Burke (science historian) | Sci Fi Science: Physics of the Impossible | Cosmos: A Spacetime Odyssey | Ripley's Believe It or Not! (TV series) | Richard Hammond's Engineering Connections | Freaky Eaters (TLC series),0,1,,0,1,,0.0,1.0,,0.3333333333333333
bm25,per_question,5ab1e984554299340b525428,comparison,hard,which is larger Asante Traditional Buildings or Gulangyu?,Asante Traditional Buildings | Gulangyu,Asante Traditional Buildings | Groups of Traditional Buildings | Open-air museums in Slovakia | Museumsdorf Niedersulz | Ballenberg | Imanishi family's House | Jeonju Hanok Village | Omodos | Cultural Property (Japan) | Gulangyu,1,1,,0,0,,0.5,0.5,,1.0
bm25,per_question,5a86769c5542994775f60776,bridge,hard,Armageddon in Retrospect was written by the author who was best known for what 1969 satire novel?,Armageddon in Retrospect | Kurt Vonnegut,Armageddon in Retrospect | José María Gironella | The Magic Christian (novel) | Jaroslav Hašek | Claudia Durst Johnson | Hugh Gallagher (humorist) | Joanna Russ | Little Big Man (novel) | Satyricon | Kurt Vonnegut,1,1,,0,0,,0.5,0.5,,1.0
bm25,per_question,5ab7da6f55429928e1fe3928,bridge,hard,Patrick Kennedy is known for his collections of Irish  folktales from a province situated in which part of Ireland ?,Leinster | Patrick Kennedy (folklorist),Patrick Kennedy (folklorist) | Leinster | Sindhi folk tales | Amy Corzine | Brian Kennedy (singer) | Irish Fairy Tales | Jack and His Comrades | Seumas MacManus | The Greek Princess and the Young Gardener | Patrick Kennedy (1823–1858),1,1,,1,1,,1.0,1.0,,1.0
bm25,per_question,5ae497f15542995ad6573db8,bridge,hard,What NIFL Premier Intermediate League team did Sean Connor play for?,Lisburn Distillery F.C. | Sean Connor,Sean Connor | Donegal Celtic F.C. | Northern Ireland Intermediate League | NIFL Premier Intermediate League | Portstewart F.C. | Northern Ireland Football League | Sport &amp; Leisure Swifts F.C. | Lisburn Distillery F.C. | Queen's University Belfast A.F.C. | Newington Youth F.C.,1,1,,0,0,,0.5,0.5,,1.0
bm25,per_question,5ae6f2a7554299572ea5464a,bridge,hard,"Which character does this protagonist, who secretly loves and marries a member of the rival house, of William Shakespeare's tragedy that has a fictional character Benvolio slay?",Benvolio | Romeo,Romeo | Juliet | Macbeth | Revenge tragedy | Benvolio | Rory Williams | Shakespearean tragedy | Anna Devane | Prince Hamlet | Romeo and Juliet (1954 film),1,1,,0,1,,0.5,1.0,,1.0
bm25,per_question,5adea9ea55429939a52fe934,bridge,hard,"What was the name of the fanzine that interviewed the Sex Pistols bassist when he was in the band ""The Flowers of Romance?""",Sid Vicious | The Flowers of Romance (band),The Flowers of Romance (band) | Glen Matlock | Live at Winterland 1978 (Avengers album) | The Idols with Sid Vicious | Nancy Spungen | Bodies (Sex Pistols song) | Revolution in the Classroom | Sid Vicious | The Swindle Continues | Ex Pistols,1,1,,0,0,,0.5,0.5,,1.0
bm25,per_question,5a7caae75542996dd594b971,bridge,hard,"What, known as AAS, is commonly used in bodybuilding?",Anabolic steroid | Steroid use in Australia,Belling-Lee connector | Pox (drink) | Docking (animal) | Tensile testing | Metandienone | Methyltestosterone | Trickle valve | STOLport | Steroid use in Australia | Anabolic steroid,0,0,,0,0,,0.0,0.0,,0.1111111111111111
bm25,per_question,5ac01bb8554299012d1db5a6,bridge,hard,"Which American character actor who starred on the television series ""Stargate SG-1"" (1997–2007) and appeared in ""Episode 8"" of ""Twin Peaks"" as a guest star?",Don S. Davis | Episode 8 (Twin Peaks),Don S. Davis | Episode 8 (Twin Peaks) | Stargate SG-1 (season 8) | Redemption (Stargate SG-1) | Samantha Carter | Lost City (Stargate SG-1) | Vala Mal Doran | George Hammond (Stargate) | Stargate SG-1 | Stargate: Continuum,1,1,,1,1,,1.0,1.0,,1.0
bm25,per_question,5abc3a65554299700f9d782d,bridge,hard,Candy Coburn has shared the stage with an American country music group with who playing guitar?,Candy Coburn | Lady Antebellum,Candy Coburn | Highspeed Hayride | Hanna–McEuen | Hometown News | The Bama Band | Baby Girl (Sugarland song) | Lady Antebellum | Carolina Rain | Heaven Bound (I'm Ready) | Snapback (song),1,1,,0,0,,0.5,0.5,,1.0
bm25,per_question,5ae3ff575542995dadf242aa,bridge,hard,What is the population according to the 2007 population census of the city in which the National Archives and Library of Ethiopia is located?,Addis Ababa | National Archives and Library of Ethiopia,List of ethnic groups in Ethiopia | Religion in Ghana | National Archives of Zambia | Gaboš | Bibliothèque et Archives nationales du Québec | Addis Ababa | National Archives and Library of Ethiopia | National Archives of Namibia | National Archives of Bangladesh | National Archives of Mauritania,0,0,,0,0,,0.0,0.0,,0.16666666666666666
bm25,per_question,5a89fb525542993b751ca9d6,bridge,hard,Which composer created Night Ferry first performed in 2012 at Symphony Center in Chicago?,Night Ferry (composition) | Symphony Center,"Night Ferry (composition) | Symphony No. 5 (Rouse) | Alternative Energy (composition) | The Seamstress (Clyne) | Spangled Unicorn | Soundings (Carter) | Proceed, Moon | Symphony Center | Clarinet Concerto (Rouse) | Anthology of Fantastic Zoology",1,1,,0,0,,0.5,0.5,,1.0
bm25,per_question,5ab3d69255429969a97a81c9,bridge,hard,To which aircraft carrier was the VMF-213 Marine Fighting Squadron assigned to durning World War II?,USS Essex (CV-9) | VMF-213,VMF-213 | VMF-511 | VMF-512 | VMF-221 | VMF-222 | VMF-111 | VMF-215 | VMF-236 | VMF-452 | USS Essex (CV-9),1,1,,0,0,,0.5,0.5,,1.0
bm25,per_question,5ac5199a5542994611c8b38a,comparison,hard,Can Stenocereus and Pachypodium both include tree like plants?,Pachypodium | Stenocereus,Weak heap | Pachypodium | Stenocereus | Parkia timoriana | Coprosma repens | Davey Tree Expert Company | Our Casuarina Tree | Durvillaea willana | Nitrogen assimilation | Pachypodium lealii,1,1,,0,1,,0.5,1.0,,0.5
bm25,per_question,5ae048a255429924de1b708e,bridge,hard,What movie did Pitof direct which had an action-adventure tie-in video game based off of it in 2004?,Catwoman (film) | Catwoman (video game),Shrek Forever After (video game) | Mighty Max (toyline) | Catwoman (video game) | Lego Knights' Kingdom | Star Trek (2013 video game) | Lego Star Wars: The Video Game | Tron Evolution: Battle Grids | Tron: Evolution | X-Men: The Official Game | Catwoman (film),0,1,,0,0,,0.0,0.5,,0.3333333333333333
bm25,per_question,5a9068a95542990a98493621,bridge,hard,"on 16 January 1995 ""First Knight"" was being filmed at a studio located how far from Windsor ?",Filming of James Bond in the 1990s | Pinewood Studios,"Pinewood Studios | Filming of James Bond in the 1990s | Julia Ormond | 1995 Benson and Hedges Open | Kurama Tatsuya | Donald Duffy | List of Home and Away characters (1995) | Danny Bakker (footballer, born 16 January 1995) | Sam Long | BBC World News",1,1,,1,1,,1.0,1.0,,1.0
bm25,per_question,5adf9dc3554299025d62a2e6,bridge,hard,"What is the name of the actress who has received a Drama Desk award and was part of the cast album for the 2007 Broadway production of the hit musical, ""Grease""?",Grease: The New Broadway Cast Recording | Laura Osnes,Grease: The New Broadway Cast Recording | Drama Desk Award for Outstanding Solo Performance | Brad Alexander | Kenneth Posner | 9 to 5 (musical) | Laura Osnes | Nick Cordero | Drama Desk Award for Outstanding Director | Open Admissions | Gerard Alessandrini,1,1,,0,0,,0.5,0.5,,1.0
bm25,per_question,5ae406245542995dadf242e2,bridge,hard,"Marion Greene was a health policy analyst for St. Judt Medical company, which had how many principal operations worldwide?",Marion Greene | St. Jude Medical,Marion Greene | St. Jude Medical | 25 Field Ambulance | Health services research | California Center for Public Health Advocacy | Sachin H. Jain | Diana Zuckerman | National Association for Public Health Policy | Everette James | Forward surgical teams,1,1,,1,1,,1.0,1.0,,1.0
bm25,per_question,5ab6369655429953192ad2a1,comparison,hard,Which Genus has more species Eucryphia or Lepidozamia ?,Eucryphia | Lepidozamia,Eucryphia | Lepidozamia,1,1,,1,1,,1.0,1.0,,1.0
bm25,per_question,5ae628f55542995703ce8b32,bridge,hard,"In what city was the Italian Baroque composer who composed a set of sonatas, titled Op. 5, born?","Antonio Vivaldi | Six Violin Sonatas, Op. 5 (Vivaldi)","Six Violin Sonatas, Op. 5 (Vivaldi) | Domenico Scarlatti | Lorenzo Ratti | Luigi Rossi | George Frideric Handel | Jean-Baptiste Senaillé | Antonio Vivaldi | Francesco Scarlatti | Tomaso Albinoni | Antonio Lotti",1,1,,0,0,,0.5,0.5,,1.0
bm25,per_question,5adccdd55542992c1e3a2408,bridge,hard,"Meaning ""reddish water"" in Hawaiian, which location was Butch Van Artsdalen known for surfing 25-foot waves at?","Butch Van Artsdalen | Waimea Bay, Hawaii","Butch Van Artsdalen | Waimea Bay, Hawaii | Waimea | Tow-in surfing | Brylan Van Artsdalen | Mister Pipeline | Skimboarding | Waimea Canyon State Park | Lake surfing | Donald West VanArtsdalen",1,1,,1,1,,1.0,1.0,,1.0
bm25,per_question,5abd1529554299114383a1e3,bridge,hard,What type of magazine is Eugene Habecker the chairman of?,Christianity Today | Eugene Habecker,Eugene Habecker | QBB-95 | Eugene Melnyk | Type I Rifle | Type 4 rifle | Chasing Daylight (book) | Eugene Cross Park | Eugene R. Black Sr. | Edward E. Cox | Christianity Today,1,1,,0,0,,0.5,0.5,,1.0
bm25,per_question,5a78db8055429970f5fffdb2,bridge,hard,"Flyboys stars which actor who was nominated for an Academy Award for ""127 Hours""?",Flyboys (film) | James Franco,Treat Williams | Silicon Imaging | Danny Boyle | 127 Hours | James Franco | Flyboys (film) | Academy Award for Best Film Editing | List of accolades received by 127 Hours | 127 Hours (soundtrack) | People Like Us (soundtrack),0,1,,0,0,,0.0,0.5,,0.2
bm25,per_question,5ab9debb55429955dce3ed97,bridge,hard,"The English actor Kris Marshall played which character in the highly rated comedy-drama television series ""Death in Paradise""?",Death in Paradise (TV series) | Kris Marshall,Kris Marshall | Humphrey Goodman | Death in Paradise (TV series) | Ambulance (TV series) | My Family (series 1) | List of Death in Paradise episodes | Metropolis (TV series) | Murder City (TV series) | Citizen Khan | Sold (TV series),1,1,,0,1,,0.5,1.0,,1.0
bm25,per_question,5ae791ef55429952e35ea979,bridge,hard,In what month was the relief first officer of the flight that crashed on its way to Cairo with a stop in New York Born?,EgyptAir Flight 990 | Gameel Al-Batouti,EgyptAir Flight 990 | Aurelio Valle | Third officer (aeronautics) | LeRoy W. Homer Jr. Foundation | Gameel Al-Batouti | FedEx Express Flight 80 | Summit Air Flight 409 | Air Tahoma Flight 185 | Colgan Air Flight 9446 | Garuda Indonesia Flight 200,1,1,,0,1,,0.5,1.0,,1.0
bm25,per_question,5ab8f7535542991b5579f0a7,comparison,hard,Which film was released first: Sacred Planet or Oz the Great and Powerful?,Oz the Great and Powerful | Sacred Planet,Sacred Planet | Toys in the Attic (2009 film) | Oz the Great and Powerful | James Franco | The Marvelous Land of Oz | Sneha (actress) | Deewana (1992 film) | Game (2016 film) | Snegithiye | Compilation (The Clean album),1,1,,0,1,,0.5,1.0,,1.0
bm25,per_question,5ac119335542992a796dede4,bridge,hard,I'd Come for You is a single by the band formed in what Alberta city?,I'd Come for You | Nickelback,I'd Come for You | The Smalls | Beija Flor | Wool on Wolves | The Famines (band) | Dead Jesus | Chixdiggit | Nickelback | Jane Vain and the Dark Matter | The Grassroot Deviation,1,1,,0,0,,0.5,0.5,,1.0
bm25,per_question,5a7d2afd5542995f4f402221,comparison,hard,"Who is older, Ferdi Taygan or Mahesh Bhupathi?",Ferdi Taygan | Mahesh Bhupathi,Ferdi Taygan | Mahesh Bhupathi | Mahesh Bhupathi Tennis Academy | 1983 Volvo International – Doubles | 1982 French Open – Men's Doubles | 2000 Wimbledon Championships – Men's Doubles | 1982 Volvo Masters – Doubles | 1982 U.S. Pro Indoor – Doubles | 1983 Donnay Indoor Championships – Doubles | 1982 US Open – Mixed Doubles,1,1,,1,1,,1.0,1.0,,1.0
bm25,per_question,5a8dd5f955429917b4a5bcc7,bridge,hard,"Other than racing, what sport does the 1998 champion of the Toyota GRand Prix practice?",1998 Toyota Grand Prix of Long Beach | Alex Zanardi,1998 Toyota Grand Prix of Long Beach | 2017 Toyota Grand Prix of Long Beach | 2014 Toyota Grand Prix of Long Beach | 2013 Toyota Grand Prix of Long Beach | 2015 Toyota Grand Prix of Long Beach | Toyota Pro/Celebrity Race | 2006 Toyota Grand Prix of Long Beach | 2016 Toyota Grand Prix of Long Beach | Ryan Hunter-Reay | Alex Zanardi,1,1,,0,0,,0.5,0.5,,1.0
bm25,per_question,5a83a532554299334474606f,bridge,hard,Where did Ian Harland study prior to studying at the oldest college at the University of Cambridge?,"Ian Harland | Peterhouse, Cambridge","Wolfson College, Cambridge | UC Berkeley College of Natural Resources | Ian Harland | Doehling–Heselton Memorial Trophy | College of Charleston | Scott Christian College | Campbell Field (Colorado) | Trinity Hall Boat Club | Peterhouse, Cambridge | Ismail Yusuf College",0,1,,0,0,,0.0,0.5,,0.3333333333333333
bm25,per_question,5a90692f5542990a98493625,bridge,hard,In what 1997 American mystery crime film did Johnny Galecki start in?,Johnny Galecki | Suicide Kings,Johnny Galecki | Suicide Kings | Morgan's Ferry | The Mystery of the Yellow Room (1919 film) | The Renegades | Penny (The Big Bang Theory) | Kingston: Confidential | Herbert Brean | The Law &amp; Harry McGraw | Mystic River (film),1,1,,1,1,,1.0,1.0,,1.0
bm25,per_question,5a7555215542996c70cfaee1,comparison,hard,"Which came to market first, ""Hey Pa! There's a Goat on the Roof"" or ""Poleconomy""",Hey Pa! There's a Goat on the Roof | Poleconomy,Hey Pa! There's a Goat on the Roof | Vetigel | Poleconomy | Pashmina | Rove goat | Verão Vermelho | Ford flathead V8 engine | Friendship Hall | VELUX | Chatta Bazaar,1,1,,0,1,,0.5,1.0,,1.0
bm25,per_question,5a90580655429933b8a204ef,bridge,hard,What record did the Super Bowl XXXIV champions finish the regular-season with in 1999?,1999 St. Louis Rams season | 2000 Tennessee Titans season,1999 St. Louis Rams season | Ted Plumb | Super Bowl LIII | List of Tennessee Titans seasons | Super Bowl XXXVII | Ricky Proehl | Super Bowl XXXIV | Bill Leavy | 2000 Tennessee Titans season | Dré Bly,1,1,,0,0,,0.5,0.5,,1.0
bm25,per_question,5a88e605554299206df2b39c,bridge,hard,What is the population of the town at the intersection of Interstate Highways 77 and  the longest Interstate highway within the borders of Virginia?,"Interstate 81 in Virginia | Wytheville, Virginia","Wytheville, Virginia | Interstate 81 in Virginia | List of Interstate Highways in Maryland | List of Interstate Highways in Illinois | List of auxiliary Interstate Highways | List of Interstate Highways in Texas | List of Interstate Highways in New York | Interstate 85 in Virginia | 1962 Utah state route renumbering | Interstate 40 in North Carolina",1,1,,1,1,,1.0,1.0,,1.0
bm25,per_question,5add67915542992200553af8,bridge,hard,What was the nickname of the hitman hired by an Italian American Criminal Organization?,Philadelphia crime family | Salvatore Testa,Barrow Gang | Salvatore Testa | The Sopranos | Joseph LoPiccolo (organized crime) | Operation Power Outage | Los Angeles crime family | National Italian American Sports Hall of Fame | Philadelphia crime family | Mexican Mafia | Italian American One Voice Coalition,1,1,,0,0,,0.5,0.5,,0.5
bm25,per_question,5a8463545542990548d0b2a3,bridge,hard,What was the position of Jean Baptiste Androuet du Cerceau under the man who was King of the Polish-Lithuanian Commonwealth from 1573 to 1575?,Henry III of France | Jean Baptiste Androuet du Cerceau,Henry III of France | Paul Androuet du Cerceau | Warsaw Confederation | Jean Baptiste Androuet du Cerceau | Jean Androuet du Cerceau | Jean Baptiste Assenede | Jacques I Androuet du Cerceau | Salomon de Brosse | Androuet du Cerceau | Jacques Androuet II du Cerceau,1,1,,0,1,,0.5,1.0,,1.0
bm25,per_question,5a74684655429929fddd8410,bridge,hard,"Which American music star appeared as a guest in a Will & Grace episode called ""Back Up, Dancer""?","Back Up, Dancer | Janet Jackson","Back Up, Dancer | Emily Bowker | The Surreal Life: Fame Games | Glee: The Music, The Power of Madonna | Old 8×10 | Joey Miyashima | Let That Be Your Last Battlefield | My Generation (talk show) | Janet Jackson | It's Always Sunny in Philadelphia (season 6)",1,1,,0,0,,0.5,0.5,,1.0
bm25,per_question,5a835c9f5542992ef85e228a,bridge,hard,What army did the namesake of the ship launched as the München in 1930 fight in during the American Revolutionary War?,Friedrich Wilhelm von Steuben | SS General von Steuben,SS General von Steuben | United States Army | Friedrich Wilhelm von Steuben | HMS Swan (1767) | Robert Plampin | MV Empire Windrush | HMS Vulture (1776) | Tobago (1793 ship) | USS Zeilin (APA-3) | USS Proton (AG-147),1,1,,0,1,,0.5,1.0,,1.0
bm25,per_question,5ae7edee554299540e5a56ad,bridge,hard,The Church of the Guanche People was founded in the city that is on the most populated island of what larger area?,Church of the Guanche People | Tenerife,"Church of the Guanche People | Wheeling Island | Guanche mummies | Loppa Church | Karlsøy Church | Bjørnøya, Haram | Tenerife | Mactan | Vilsandi | Pungdo",1,1,,0,0,,0.5,0.5,,1.0
bm25,per_question,5a8ee4315542990e94052ba7,bridge,hard,What officially ended the first phase of the military conflict between the British Raj and the Emirate of Afghanistan from 1878 to 1880?,Second Anglo-Afghan War | Treaty of Gandamak,"Second Anglo-Afghan War | Shagai Plateau | Emirate of Afghanistan | Afghan Civil War (1996–2001) | Bukhara operation (1920) | Edict of Amboise | Treaty of Gandamak | 2010 Northern Hemisphere summer heat waves | Line 2, Suzhou Rail Transit | Working Group on Internet Governance",1,1,,0,0,,0.5,0.5,,1.0
bm25,per_question,5a8cb288554299585d9e3726,bridge,hard,"The mass killing that took place at Oakland, California on April 2, 2012 was less deadly than the one that took place on October 1, 2015 in which state?",Oikos University shooting | Umpqua Community College shooting,Los Cabos International Film Festival | Oikos University shooting | Early-April 1957 tornado outbreak sequence | Robinson Ekspeditionen 2008 | Gymnastics at the 2002 Asian Games | Tezno massacre | April 2007 Mosul massacre | 1972 American League Championship Series | Račak massacre | Umpqua Community College shooting,1,1,,0,0,,0.5,0.5,,0.5
bm25,per_question,5adfbca255429942ec259b2c,bridge,hard,"When did the rock band that sang ""All Join Hands"" rise to prominence? ",All Join Hands | Slade,"All Join Hands | Crackers: The Christmas Party Album | Rise Above (Dirty Projectors album) | Tom Morello discography | The Joys of Living 2008–2010 | The Rats (American band) | Slade | Playground Twist | You're Gonna Go Far, Kid | Join Hands",1,1,,0,0,,0.5,0.5,,1.0
bm25,per_question,5ae24abc5542994d89d5b3c3,bridge,hard,Where is the company that owns thanKing Horse pub restaurant chain based ?,Greene King | Hungry Horse,Greene King | The Chessels | VIP's | Klenger Burger | The Works (restaurant) | Todai (restaurant) | Piccadilly Pub | Fazoli's | Chefette | Hungry Horse,1,1,,0,0,,0.5,0.5,,1.0
bm25,per_question,5ab802085542990e739ec7ca,bridge,hard,What is the uppermost age range for the sort of fiction written by Alexander Gordon Smith?,Alexander Gordon Smith | Young adult fiction,Young adult fiction | Irish prose fiction | Junior school | The Inventors | Sugardaddyforme.com | Escape from Furnace | James Ogilvie | George Gordon (bishop) | Grant Smith (footballer) | Alexander Gordon Smith,1,1,,0,0,,0.5,0.5,,1.0
bm25,per_question,5adfa3da554299025d62a317,bridge,hard,"What is the birthday of the actress who was the Duchess in ""The Revengers Tragedy""?",Diana Quick | Revengers Tragedy,Grand Duke's Official Birthday | The Duchess of Padua | Revengers Tragedy (album) | Emily Jewell | Revengers Tragedy | Murder of Grace Brown | The Revengers' Comedies | Appius and Virginia | Revengers Tragedy (song) | Diana Quick,0,1,,0,0,,0.0,0.5,,0.2
bm25,per_question,5a76e88555429972597f13f4,bridge,hard,Which film starring Patrick Tatten is based on a book written by Steve Lopez?,Patrick Tatten | The Soloist,The Soloist | True Love (book) | The Three Lives of Thomasina | Patrick Tatten | Can't Buy Me Love (film) | Njan Steve Lopez | The Fear Merchants | Farhaan Faasil | Third and Indiana | Alencier Ley Lopez,1,1,,0,1,,0.5,1.0,,1.0
bm25,per_question,5ac3ae475542995ef918c1e5,comparison,hard,Are Skeptical Inquirer and The Progressive Populist both tabloid-style magazines?,Skeptical Inquirer | The Progressive Populist,The Progressive Populist | Skeptical Inquirer | Barry Beyerstein | Wonder en is gheen Wonder | James Alcock | Susan Gerbic | CSICon | Kendrick Frazier | William R. Harwood | Exeter incident,1,1,,1,1,,1.0,1.0,,1.0
bm25,per_question,5abffc41554299012d1db551,bridge,hard,"The 1984 film ""Marlene"" is a documentary about an actress born in what year?",Marlene (1984 film) | Marlene Dietrich,Marlene (1984 film) | Sara Botsford | Lisa Wilcox | Gina Pareño | Marlene Dietrich | Madhuri Dixit filmography | Daniela Castillo | Kishore Dang | Evelina Simonaho | Julie Ordon,1,1,,0,1,,0.5,1.0,,1.0
bm25,per_question,5ae4c39f5542995dadf243fb,bridge,hard,Which former mill town is near Rivington Hall Barn?,Bolton | Rivington Hall Barn,"Rivington Hall | Rivington Hall Barn | Almonte, Ontario | Wilton, Maine | Manor of Rivington | Savage, Maryland | Bolton | Muddy Creek Forks Historic District | Baron Burnham | Stank Hall",1,1,,0,0,,0.5,0.5,,0.5
bm25,per_question,5a79c6a55542994bb9457091,bridge,hard,"What prolific English engineer, who died on 15 December 1857, contributed to the advent of the hot air engine by way of their open cycle devices?",George Cayley | Hot air engine,George Cayley | Hot air engine | Piccard Balloons | Gas-generator cycle | External combustion engine | Manson-Guise Engine | Stephen Boreham | Daboll trumpet | Stoddard engine | Working fluid,1,1,,1,1,,1.0,1.0,,1.0
bm25,per_question,5a7be5bd5542997c3ec972ba,comparison,hard,"Which dog is considered a giant dog breed, the  Leonberger or the Basset Hound?",Basset Hound | Leonberger,Leonberger | Cão de Gado Transmontano | Dog Tales (1958 film) | Bulldog | Basset Hound | List of U.S. state dogs | Breed standard (dogs) | Giant dog breed | Fred Basset | Barnyard Dawg,1,1,,0,1,,0.5,1.0,,1.0
bm25,per_question,5a7ec61a55429934daa2fc5f,comparison,hard,Are Staten Island Catapult and This Is Elvis both documentaries?,Staten Island Catapult | This Is Elvis,"This Is Elvis | Staten Island Catapult | Staten Island | Staten Island Borough Hall | St. George, Staten Island | College of Staten Island Baseball Complex | Staten Island Community Board 1 | Staten Island Technical High School | Brian C. Bialiy | Staten Island Register",1,1,,1,1,,1.0,1.0,,1.0
bm25,per_question,5a7cb9b95542990527d55515,bridge,hard,"What is the year of the event that occured first, Making Today a Perfect Day was produced, or Frozen was produced?",Frozen Fever | Making Today a Perfect Day,Making Today a Perfect Day | A Young Girl in 1941 with No Waist at All | New Scandinavian Cooking | Frozen Fever | One Perfect Day (Lydia Denker song) | Shaggy Dog Story (TV) | Perfect Day (Jim Jones song) | A Perfect Day (song) | Naruto: Shippuden (season 21) | Walk on the Wild Side (Lou Reed song),1,1,,0,1,,0.5,1.0,,1.0
bm25,per_question,5a867089554299211dda2b30,comparison,hard,"Which magazine is published more often, Shonen Jump or Rolling Stone?",Rolling Stone | Shonen Jump (magazine),Weekly Shonen Jump (American magazine) | Kyosuke Usuta | Rolling Stone | List of Naruto chapters (Part I) | Shonen Jump (magazine) | Cross Manage | Black Clover | Nisekoi | List of Bobobo-bo Bo-bobo chapters | Rosario + Vampire,0,1,,0,1,,0.0,1.0,,0.3333333333333333
bm25,per_question,5ae1801955429901ffe4aec4,bridge,hard,Where is the Cocoa Krispies and former Superman sponsor located?,Adventures of Superman (TV series) | Kellogg's,1 Wall Street Court | Adventures of Superman (TV series) | Wisconsin Center | Vodafone Events Centre | Cocoa Krispies | Kellogg's | The O2 Arena | Conexus Arts Centre | Musée Henri-Mathieu | Superman: Tower of Power,1,1,,0,0,,0.5,0.5,,0.5
bm25,per_question,5a76387d554299109176e6ba,comparison,hard,Who was born first Am Rong or Ava DuVernay ?,Am Rong | Ava DuVernay,Am Rong | Ava DuVernay | Emayatzy Corinealdi | ♯JusticeForFlint | Takeshi Fukunaga | This Is the Life (2008 film) | Spencer Averick | Selma (film) | Howard Barish | Robert Glasper,1,1,,1,1,,1.0,1.0,,1.0
bm25,per_question,5abd0d635542992ac4f381b8,bridge,hard,How many days did it take the Best New Artist of 2009 to sell 2 million copies of an album in the UK and break a twenty year old record?,Adele | Robson &amp; Jerome (album),Robson &amp; Jerome (album) | MTV Video Music Award for Best New Artist | Premio Lo Nuestro 2003 | Every End of the Day | Adele | SAIC-GM-Wuling | Encore (Eminem album) | List of Billboard 200 number-one albums of 2002 | The Foundation (Zac Brown Band album) | Japan Record Award for Best New Artist,1,1,,0,1,,0.5,1.0,,1.0
bm25,per_question,5ae68fcb5542992ae0d1635b,bridge,hard,"""Ew!"" is a song by a television host born where?",Ew! | Jimmy Fallon,Ew! | Denis Latin | Erika Moulet | Jim Puplava | Zhu Xun | Jason Byrne (comedian) | Jimmy Fallon | Dayna Hart | Mat Dan | Susan Stafford,1,1,,0,0,,0.5,0.5,,1.0
bm25,per_question,5ab28b12554299449642c8ee,bridge,hard,The northern English anglian Kingdom in the Humber estuary spoke what dialect of english?,Kingdom of Northumbria | Northumbrian dialect,Kingdom of Northumbria | Northumbrian dialect | Essex dialect | M180 motorway | Cumbrian dialect | Humber Warhawks | Humber Forts | Humberside | South Ferriby | Humberhead Levels,1,1,,1,1,,1.0,1.0,,1.0
bm25,per_question,5a7133565542994082a3e65c,bridge,hard,"What Kentucky county has a population of 60,316 and features the Lake Louisvilla neighborhood?","Lake Louisvilla, Louisville | Oldham County, Kentucky","Lake Louisvilla, Louisville | Tara Conner | Oldham County, Kentucky | Casey County, Kentucky | Battle of Blue Licks | John Logan (pioneer) | John Bowman (pioneer) | Kentucky County, Virginia | Westervelt massacre | Benjamin Logan",1,1,,0,1,,0.5,1.0,,1.0
bm25,per_question,5abbd3ac55429931dba1458b,comparison,hard,Are both Duke Energy and Affiliated Managers Group based in Massachusetts?,Affiliated Managers Group | Duke Energy,Affiliated Managers Group | Crystal River Energy Complex | Sean Healey | Darrell Crate | Duke Energy | Duke Energy Florida | Crescent Communities | Progress Energy Inc | Sabal Trail Transmission Pipeline | Gulfstream Natural Gas Pipeline,1,1,,0,1,,0.5,1.0,,1.0
bm25,per_question,5a85ab905542994c784ddb35,bridge,hard,"Two positions were filled in The Voice of Ireland b which British-Irish girl group based in London, England?",The Saturdays | The Voice of Ireland (series 4),The Voice of Ireland (series 4) | List of Girls Aloud concert tours | The Saturdays | Headlines! | Vanessa White | Notorious (The Saturdays song) | On Your Radar | Issues (The Saturdays song) | Higher (The Saturdays song) | Forever Is Over,1,1,,0,1,,0.5,1.0,,1.0
bm25,per_question,5a8d93ad554299653c1aa13d,comparison,hard,"Who was also an actor, Serri or John Fogerty?",John Fogerty | Serri (singer),Almost Saturday Night | John Fogerty (album) | Rockin' All Over the World | John Fogerty (engineer) | Joseph Fogerty Sr. | Duke Tumatoe | John Frederick Fogerty | John Fogerty | The Long Road Home | Serri (singer),0,0,,0,0,,0.0,0.0,,0.125
bm25,per_question,5a886886554299206df2b258,bridge,hard,"What is the international football competition for women that Liu Ailing played in the 1991,1995, 1999 editions?",FIFA Women's World Cup | Liu Ailing,Liu Ailing | EAFF E-1 Football Championship | Gambia women's national football team | 1929–30 British Home Championship | Togo women's national football team | EAFF E-1 Football Championship (women) | 2016 COTIF Tournament | FIFA Women's World Cup | Geri Donnelly | Women's Nordic Football Championship,1,1,,0,0,,0.5,0.5,,1.0
bm25,per_question,5a7c6bcc55429935c91b519c,bridge,hard,Rock Springs is a collection of short stories by an author born in what year?,Richard Ford | Rock Springs (short story collection),Rock Springs (short story collection) | Ambulanse | Vacuum Diagrams | J. J. Syvrud | Mai Al-Nakib | The Rest of the Robots | A Good Man Is Hard to Find and Other Stories | Richard Marsh (author) | Richard Honaker | Richard Ford,1,1,,0,0,,0.5,0.5,,1.0
bm25,per_question,5a825bb455429940e5e1a874,bridge,hard,Folie à Deux is a studio album by the American rock band formed in which city?,Fall Out Boy | Folie à Deux (album),"Folie à Deux (album) | Fall Out Boy | Daughtry (album) | Headfirst Slide into Cooperstown on a Bad Bet | Believers Never Die Tour Part Deux | I Don't Care (Fall Out Boy song) | Steve Miller Band | America's Suitehearts | What a Catch, Donnie | Welcome to the New Administration",1,1,,1,1,,1.0,1.0,,1.0
bm25,per_question,5a72a0be5542992359bc3143,bridge,hard,"This work of literature _______ , known by its Greek title Oedipus Tyrannus was argued by Sigmund Freud to be one of the greatest works of world literature in his 1928 article. ",Dostoevsky and Parricide | Oedipus Rex,Dostoevsky and Parricide | Oedipus Rex | Peter Swales (historian) | The Interpretation of Dreams | Why Freud Was Wrong | The Assault on Truth | The Life and Work of Sigmund Freud | Freud and Philosophy | Critical approaches to Hamlet | Freud: A Life for Our Time,1,1,,1,1,,1.0,1.0,,1.0
bm25,per_question,5ade15f35542997545bbbe47,bridge,hard,Katherine Waterston and Chrisann Brennan has what in common?,Chrisann Brennan | Katherine Waterston,Chrisann Brennan | Katherine Waterston | The Bite in the Apple | Logan Lucky | Fantastic Beasts and Where to Find Them (film) | Alien: Covenant | Lisa Brennan-Jobs | Inherent Vice (film) | The Current War | Manhattan Romance,1,1,,1,1,,1.0,1.0,,1.0
bm25,per_question,5a77cb5e55429967ab1052a7,bridge,hard,"The voice of Homer Simpson also voices what alien character in the television series ""The Simpsons""?",Dan Castellaneta | Kang and Kodos,Damon Dark | Hubert Gagnon | Dan Castellaneta | Grampa Simpson | Santa's Little Helper | Ned Flanders | Homer to the Max | Patty and Selma | Kang and Kodos | Do the Bartman,0,1,,0,0,,0.0,0.5,,0.3333333333333333
bm25,per_question,5a83aaeb5542996488c2e483,bridge,hard,What studio album did Kanye West record with Roc-A-Fella Records and soul singer Dwele?,My Beautiful Dark Twisted Fantasy | Power (Kanye West song),Hip Hop Since 1978 | Watch the Throne | Late Registration | PRhyme | Graduation (album) | Power (Kanye West song) | The People (Common song) | The College Dropout | My Beautiful Dark Twisted Fantasy | Flashing Lights (Kanye West song),0,0,,0,0,,0.0,0.0,,0.16666666666666666
bm25,per_question,5ac4392e5542997ea680ca32,comparison,hard,Were Enrique Carreras and Lionel Ngakane both filmakers during the 20th century? ,Enrique Carreras | Lionel Ngakane,Lionel Ngakane | Carreras Cigarette Factory | Lionel S. Reiss | Enrique Carreras | Enrique Banchs | Enrique Echeverría | John Darby (Dean of Chester) | Enrique Grau | Conchita Badía | Manuel Quiroga (violinist),1,1,,0,1,,0.5,1.0,,1.0
bm25,per_question,5a7f5c9f55429969796c1a0f,bridge,hard,The city that contains the Yunnan Provincial Museum is also known by what nickname?,Kunming | Yunnan Provincial Museum,Kunming Museum | Karel Dežman | Kunming | Flores Island Marine Provincial Park | Luang Namtha Museum | Yangzong Lake | Dian Lake | Dali–Ruili Railway | Xin Zhui | Yunnan Provincial Museum,0,1,,0,0,,0.0,0.5,,0.3333333333333333
bm25,per_question,5a8b770f5542995d1e6f13a7,bridge,hard,"Where is the singer of ""B Boy"" raised?",B Boy (song) | Meek Mill,B Boy (song) | B Boy Baby | Omarion | Raz-B | Under the Blue Moon | The Journey (Immature album) | Imajin | Meek Mill | Dr. Freeze | B2K,1,1,,0,0,,0.5,0.5,,1.0
bm25,per_question,5ae3dc205542992f92d823a1,bridge,hard,The Column of Saint Zanobi  is a monumental marble column located just north of religious building with the status of what?,"Colonna di San Zanobi, Florence | Florence Baptistery","Colonna di San Zanobi, Florence | Florence Baptistery | Berlin Peace Column | San Jacinto Monument | Colonna dell'Abbondanza, Florence | Piazza Colonna | Pestsäule, Vienna | Alexander II Column in Odessa | Column of Phocas | Column of the Vicariate",1,1,,1,1,,1.0,1.0,,1.0
bm25,per_question,5a7cf29255429909bec768b8,bridge,hard,The Ingerophrynus gollum is named after a character in a book that sold how many copies?,Ingerophrynus gollum | The Lord of the Rings,Suanfa tongzong | Ingerophrynus | Cosmological interpretation of quantum mechanics | Gollum (genus) | Ingerophrynus gollum | Gollum: How We Made Movie Magic | Gollum | From Unknown Worlds | The Burning Red | The Lord of the Rings,0,1,,0,0,,0.0,0.5,,0.2
bm25,per_question,5a79f6ca554299029c4b5f90,bridge,hard,"What Danish eurodance group had a single called ""Barbie Girl"" which resulted in a lawsuit in 2002?","Aqua (band) | Mattel, Inc. v. MCA Records, Inc.","Doctor Jones | Aquarium (Aqua album) | Lollipop (Candyman) | Aqua (band) | Mattel, Inc. v. MCA Records, Inc. | René Dif | Daze (band) | Søren Rasted | Perfect Day (Cascada album) | Lene Nystrøm",0,1,,0,1,,0.0,1.0,,0.25
bm25,per_question,5a8e3dc05542995085b37401,comparison,hard,"Which case was decided first, Selle v. Gibb or Reynolds v. Sims?",Reynolds v. Sims | Selle v. Gibb,West v. Barnes | Selle v. Gibb | Reynolds v. Pegler | Reynolds v. Sims | Reynolds v. United States | George Reynolds (Mormon) | Charles Morgan Jr. | Criminal law in the Waite Court | Reynolds v Times Newspapers Ltd | Jameel v Wall Street Journal Europe Sprl,1,1,,0,1,,0.5,1.0,,0.5
bm25,per_question,5ade24e35542992fa25da6e6,bridge,hard,Mamie Gummer played the role of Nancy Crozier on the TV series airing on what network?,Mamie Gummer | The Good Wife,Mamie Gummer | Burt Gummer | The Voice Kids (Arabic TV series) | Hank Zipzer's Christmas Catastrophe | Love It or List It Vancouver | Pakdam Pakdai | Kamen Rider Battle: Ganbaride | The Lightkeepers | The Good Wife | Cool Center,1,1,,0,0,,0.5,0.5,,1.0
bm25,per_question,5ab5f854554299637185c64e,bridge,hard,What country do both Adnan Akmal and Kamran Akmal represent in cricket?,Adnan Akmal | Kamran Akmal,"Adnan Akmal | Zulqarnain Haider | Kamran Akmal | 2013 East Africa Premier League | Lahore Qalandars in 2016 | Umar Akmal | 999 (Malaysian TV series) | Mohammad Salman (cricketer, born 1981) | Imran Ali (cricketer, born 1985) | Kamran Rasheed",1,1,,0,1,,0.5,1.0,,1.0
bm25,per_question,5ab5b6c1554299637185c5e5,comparison,hard,Did Franki Valli sing with Hellogoodbye or The Four Seasons?,Hellogoodbye | The Four Seasons (band),Hellogoodbye | Bobby Fox | The Wonder Who? | The Four Seasons (band) | Dean Valli | Roy Roman | Valli (album) | Jersey Boys: Original Broadway Cast Recording | My Eyes Adored You | Can't Take My Eyes Off You,1,1,,0,1,,0.5,1.0,,1.0
bm25,per_question,5ae25ed15542992decbdccd2,comparison,hard,Both Sorbaria and Goldenrod are a genus of more than 50 flowering plants?,Goldenrod | Sorbaria,Sorbaria | Goldenrod | Solidago rupestris | Solidago uliginosa | Brintonia | Solidago curtisii | Solidago rugosa | Solidago elongata | Solidago ouachitensis | Solidago speciosa,1,1,,1,1,,1.0,1.0,,1.0
bm25,per_question,5ab808ea5542991d3222380e,bridge,hard,"What is the capacity of the Stadium, other than Kauffman Stadium, designed by Charles Deaton ? ",Arrowhead Stadium | Charles Deaton,Charles Deaton | Arrowhead Stadium | Kauffman Stadium | Truman Sports Complex | 2012 Kansas City Royals season | Sculptured House | 2012 Major League Baseball All-Star Game | 2016 Kansas City Royals season | 2017 Kansas City Royals season | 2009 Kansas City Royals season,1,1,,1,1,,1.0,1.0,,1.0
bm25,per_question,5ae5072e55429960a22e0246,bridge,hard,"Who is the current drummer of the band who did the song ""What Lovers Do""?",Maroon 5 | What Lovers Do,What Lovers Do | Hans Orifice | Kent Stax | Mark Castillo | Peter Morén (drummer) | 4 Tune Kookies | Raimund Marasigan | The Unguided | Timothy &quot;Yogi&quot; Watts | Maroon 5,1,1,,0,0,,0.5,0.5,,1.0
bm25,per_question,5ac01bca5542992a796dec8d,bridge,hard,What 2017 Christopher B. Landon directed American slasher film is Jessica Rothe starring in?,Happy Death Day | Jessica Rothe,Happy Death Day | Jessica Rothe | Forever My Girl | Scouts Guide to the Zombie Apocalypse | Paranormal Activity: The Marked Ones | Fatal Games | Savage Weekend | My Bloody Valentine 3D | The Preppie Connection | Parallels (film),1,1,,1,1,,1.0,1.0,,1.0
bm25,per_question,5adf34d35542993a75d26425,bridge,hard,Who was the president of the Sinn Fein political party during the Hume-Adams Dialogue?,Gerry Adams | Hume–Adams dialogue,Gerry Adams | Hume–Adams dialogue | Volunteer Political Party | Sinn Féin Front Bench | History of Sinn Féin | Leader of Sinn Féin | Iraqi National Dialogue Council | Workers' Party of Ireland | Republican Sinn Féin | Sinn Féin Republican Youth,1,1,,1,1,,1.0,1.0,,1.0
bm25,per_question,5add67555542992ae4cec54e,comparison,hard,Which of these battles occurred earlier--the Battle of Peleliu or the Battle of Belleau Wood?,Battle of Belleau Wood | Battle of Peleliu,Battle of Norfolk | Battle of Belleau Wood | Elmo M. Haney | USS Belleau Wood | Aisne-Marne American Cemetery and Memorial | American Expeditionary Forces | Clifton B. Cates | Battle of Peleliu | USS Belleau Wood (LHA-3) | USS Belleau Wood (CVL-24),1,1,,0,0,,0.5,0.5,,0.5
bm25,per_question,5a8085705542992bc0c4a74b,bridge,hard,Garden Island Naval Chapel is the oldest Chistian chapel of a naval branch of what defence force?,Garden Island Naval Chapel | Royal Australian Navy,Garden Island Naval Chapel | Royal Australian Navy | Royal Australian Navy Heritage Centre | Vietnam People's Navy | Australian Transformation and Innovation Centre | List of ships of the Yugoslav Navy | Defence Force Service Medal | Mohammad Anwar Mohammad Nor | Royal Bahamas Defence Force | Defence Long Service Medal,1,1,,1,1,,1.0,1.0,,1.0
bm25,per_question,5a756fa15542996c70cfaefb,bridge,hard,Július Satinský was born in a city that has a current population of what?,Bratislava | Július Satinský,"Július Satinský | Biratnagar | Centro de Congresos Queretaro | Orlinda, Tennessee | Gorontalo | Sabaa Al Bour | Chernivtsi | Orbis Pictus (film) | Pune district | Bratislava",1,1,,0,0,,0.5,0.5,,1.0
bm25,per_question,5a7f6eab5542992097ad2f66,bridge,hard,"What was the name of the 19th century foundry which was located in a village directly across the Hudson River from Westpoint in Putnam County, New York?","Cold Spring, New York | Robert Parker Parrott","Cold Spring, New York | Bull Hill | Robert Parker Parrott | Jones Point, New York | Garrison, New York | Cortland Condit House | Breakneck Brook | New York State Route 121 | Hudson Highlands State Park | Hudson River Valley Greenway",1,1,,0,1,,0.5,1.0,,1.0
bm25,per_question,5ae5e1345542996de7b71a50,bridge,hard,What fictional character created by Tom Clancy was turned into a film in 2002?,Jack Ryan (character) | The Sum of All Fears,The Sum of All Fears | Jack Ryan (character) | Sam Fisher (Splinter Cell) | Tom Clancy's Net Force Explorers: Cold Case | Tom Clancy's Splinter Cell: Pandora Tomorrow | Tom Clancy's Net Force Explorers: Deathworld | Tom Clancy's Net Force Explorers: High Wire | Tom Clancy's Net Force Explorers: Duel Identity | Tom Clancy's Net Force Explorers: Death Match | Tom Clancy's Net Force Explorers: Gameprey,1,1,,1,1,,1.0,1.0,,1.0
bm25,per_question,5a72c6f65542994cef4bc402,bridge,hard,Wheat salad is composed typically of what red fruit?,Tomato | Wheat salad,Wheat salad | Wheat allergy | Candle salad | Bean salad | Salad bar | Crataegus pinnatifida | Fruit salad | Tomato | Jello salad | Pandanus conoideus,1,1,,0,0,,0.5,0.5,,1.0
bm25,per_question,5a80ad7c5542992097ad3018,bridge,hard,What year did the biographical-comedy-crime film directed by Steven Soderbergh about the highest-level corporate executive whistleblower come out?,Mark Whitacre | The Informant!,Mark Whitacre | The Informant! | And Everything Is Going Fine | Bubble (film) | The Knick | Contagion (film) | Logan Lucky | Out of Sight | Gray's Anatomy (film) | Schizopolis,1,1,,1,1,,1.0,1.0,,1.0
bm25,per_question,5a77a65b5542992a6e59df57,bridge,hard,"when was the album that includes the song by Dustin Lynch released to country radio on February 17, 2017?",Current Mood | Small Town Boy (song),"Small Town Boy (song) | Dustin Lynch (album) | Current Mood | Where It's At (album) | Kill the Lights (Luke Bryan album) | Seein' Red (Dustin Lynch song) | Mind Reader (Dustin Lynch song) | Cowboys and Angels (Dustin Lynch song) | Where It's At (Yep, Yep) | Adam Craig (singer-songwriter)",1,1,,0,1,,0.5,1.0,,1.0
bm25,per_question,5a78b209554299148911f93e,comparison,hard,"Which playwright lived a longer life, Edward Albee or J. M. Barrie?",Edward Albee | J. M. Barrie,Three Tall Women | Edward Albee's At Home at the Zoo | Oppenheimer Award | Finding the Sun | Reed A. Albee | J. M. Barrie | The Zoo Story | Edward F. Albee Foundation | Jack Gelber | Edward Albee,0,0,,0,0,,0.0,0.0,,0.16666666666666666
bm25,per_question,5ab85a1155429934fafe6d7c,comparison,hard,Are both Rutgers University and Carnegie Mellon University located in America?,Carnegie Mellon University | Rutgers University,Carnegie Mellon University in Qatar | David S. Touretzky | Rutgers University | Jeff Friedman | Venkatesan Guruswami | Gloriana St. Clair | Lori L. Holt | Dzvinia Orlowsky | Carnegie Mellon University | CUPS (CMU),0,1,,0,0,,0.0,0.5,,0.3333333333333333
bm25,per_question,5a8da81e554299068b959d7e,bridge,hard,"Vanessa Bley is what person who organizes and often finances concerts, plays, or operas, performing a role?",Impresario | Vanessa Bley,Impresario | Vanessa Bley | Financial plan | Freight forwarder | Mozarteum Argentino | Joseph Anderer | Audra McDonald | Shanghai Grand Theatre | Robert Nagy (tenor) | Theater Erfurt,1,1,,1,1,,1.0,1.0,,1.0
bm25,per_question,5ab8f57b5542991b5579f097,comparison,hard,Were Thomas H. Ince and Joseph McGrath of the same nationality?,Joseph McGrath (film director) | Thomas H. Ince,Joseph McGrath (film director) | Ralph Ince | The Scourge of the Desert | Elinor Kershaw | The Deserter (1912 film) | John Ince (actor) | The Coward (1915 film) | Thomas Ince: Hollywood's Independent Pioneer | Château Élysée | Thomas H. Ince,1,1,,0,0,,0.5,0.5,,1.0
bm25,per_question,5ab6bf6d55429953192ad372,comparison,hard,Are Phlebodium and Pieris both species of ferns?,Phlebodium | Pieris (plant),Phlebodium | Phlebodium aureum | Pieris (plant) | Pieris floribunda | Pieris (butterfly) | Pieris canidia | Leptosporangiate fern | Sinopieris | Tree fern | Stephanitis takeyai,1,1,,0,1,,0.5,1.0,,1.0
bm25,per_question,5ae7385d5542992ae0d163da,bridge,hard,Bartlett's Bridge was built by the engineer who worked for the county seat of which Massachusetts county?,"Bartlett's Bridge | Worcester, Massachusetts","Cerro Gordo County Courthouse (Iowa) | Bartlett's Bridge | Main Street Bridge (Charles City, Iowa) | Sutliff Bridge | Eisenhower Bridge (Milton, Iowa) | Gardnerville Branch Jail | Shinn Covered Bridge | Old Allamakee County Courthouse (Lansing, Iowa) | Worcester, Massachusetts | Henry Covered Bridge (Ohio)",1,1,,0,0,,0.5,0.5,,0.5
bm25,per_question,5a7dd9445542997cc2c474ac,comparison,hard,"Which novelist, J. G. Farrell or Louis Aragon, wrote of the political and human consequences of his country's colonial rule?",J. G. Farrell | Louis Aragon,J. G. Farrell | Human rights in Niger | Les Chansons d'Aragon | L'affiche rouge | Origins of the Sri Lankan civil war | Mwambutsa IV of Burundi | Louis Aragon | 1985 Hong Kong electoral reform | Murree rebellion of 1857 | Fort Diu,1,1,,0,0,,0.5,0.5,,1.0
bm25,per_question,5ab446d455429942dd415f07,bridge,hard,What city did the characters from Gargoyles the Movie: The Heroes Awaken wake up in after being in an enchantedly petrified state for a thousand years?,Gargoyles (TV series) | Gargoyles the Movie: The Heroes Awaken,Gargoyles (TV series) | Escalante Petrified Forest State Park | Gargoyles the Movie: The Heroes Awaken | Rainbow Girl | A Million Miles in a Thousand Years | Race of a Thousand Years | Desert kite | Shadow War | Beer in Hungary | Quaternary,1,1,,0,1,,0.5,1.0,,1.0
bm25,per_question,5ac497025542997ea680ca8d,bridge,hard,Who were the producers of the show for which Chris McKay made his feature film directorial debut?,Chris McKay | The Lego Batman Movie,Peter McKay (cricketer) | Brandon Dickerson | ATL (film) | Spare Me (film) | Paresh Mokashi | The Lego Batman Movie | Chimères (film) | Chris McKay | You Can't Kill Stephen King | Afflicted (film),0,0,,0,0,,0.0,0.0,,0.16666666666666666
bm25,per_question,5a7b7bed5542997c3ec971bc,bridge,hard,The Waterloo Vase has been used as a garden ornament at whose residence and administrative headquarters?,Buckingham Palace | Waterloo Vase,Waterloo Vase | Buckingham Palace | Achalla | Whirligig | Medici Vase | Borghese Vase | Suikinkutsu | Wind chime | Garden ornament | Bird bath,1,1,,1,1,,1.0,1.0,,1.0
bm25,per_question,5a89706055429951533612f9,bridge,hard,Scott Sandelin grew up in a town in what Minnesota county?,"Hibbing, Minnesota | Scott Sandelin","Scott Sandelin | John Scott (ice hockey) | Audra, Texas | Mike Beard (politician) | Scott County Transit | Mankato, Minnesota | Martin Mahoney | Scottsburg Courthouse Square Historic District | Lewiston, Dakota County, Minnesota | Hibbing, Minnesota",1,1,,0,0,,0.5,0.5,,1.0
bm25,per_question,5ac02edb554299294b218f41,bridge,hard,The 37th Disney animated feature film Tarzan features You'll be in my heart by which artist?,Tarzan (1999 film) | You'll Be in My Heart,Tarzan (1999 film) | You'll Be in My Heart | Brother Bear | Peter Pan (1953 film) | The Sword in the Stone (film) | Hercules (1997 film) | Home on the Range (2004 film) | Beauty and the Beast (1991 film) | Dinosaur (film) | Lady and the Tramp,1,1,,1,1,,1.0,1.0,,1.0
bm25,per_question,5ab67772554299110f219a12,bridge,hard,What type of media does J. T. Petty and Outlast have in common?,J. T. Petty | Outlast,J. T. Petty | Kegelhelm | Petit jury | M Music &amp; Musicians | Outlast | Uterine cancer | Petty treason | High treason | W. Morgan Petty | Imprest system,1,1,,0,1,,0.5,1.0,,1.0
bm25,per_question,5a7b65ab5542997c3ec97144,bridge,hard,"Where did the architect of the Governor's House, located in Knutsford, graduate from college?","Edmund Sharpe | Governor's House, Knutsford","Governor's House, Knutsford | Jeff Hoover | Edmund Sharpe | Thomas H. Gale House | Charles T. Holt House | Feirstein Graduate School of Cinema | Gateway College of Architecture and Design | Farr House | Julia Morgan School for Girls | Dukenfield Hall",1,1,,0,1,,0.5,1.0,,1.0
bm25,per_question,5a760faa5542994ccc9186a8,bridge,hard," What is the latest album of Tim Hecker, the Canadian electronic music maker?","Ravedeath, 1972 | Tim Hecker","Ravedeath, 1972 | An Imaginary Country | Virgins (Tim Hecker album) | Harmony in Ultraviolet | Haunt Me, Haunt Me Do It Again | Love Streams (album) | Radio Amor | Mirages (album) | Tim Hecker | Music Maker (label)",1,1,,0,0,,0.5,0.5,,1.0
bm25,per_question,5adbe1a7554299438c868cc3,bridge,hard,What is the name of this Fortune 500 American company that operates a chain of retail home improvement stores that sponsored House Rules?,House Rules (2003 TV series) | Lowe's,Lowe's | House Rules (2003 TV series) | Lithia Motors | EpiCentre K | S.A.C.I. Falabella | Pergament Home Centers | Charlotte metropolitan area | Yardbirds Home Center | Brico Dépôt | BauMax,1,1,,1,1,,1.0,1.0,,1.0
bm25,per_question,5a80aeff5542996402f6a5eb,bridge,hard,"For what ""first"" was Ivory Lee Brown's nephew credited for in Heisman Trophy balloting?",Adrian Peterson | Ivory Lee Brown,Ivory Lee Brown | Reds Bagnell | 1964 Illinois Fighting Illini football team | Bobby Humphrey | Casey Weldon | Nick Eddy | Adrian Peterson | Kurt Burris | Darnell Autry | Heisman curse,1,1,,0,0,,0.5,0.5,,1.0
bm25,per_question,5ae74890554299572ea547af,bridge,hard,"Haruki Murakami said that writing ""Dance Dance Dance"" had been a healing act after his unexpected fame following the publication of a novel published in which year ?",Dance Dance Dance (novel) | Norwegian Wood (novel),"Dance Dance Dance (novel) | The Wind-Up Bird Chronicle | Meiko Nakahara | Dance Factory (video game) | Dance Dance Revolution Disney Grooves | Dub-I-Dub | Dancing Stage Fusion | Pinball, 1973 | Dance Dance Revolution Mario Mix | Norwegian Wood (novel)",1,1,,0,0,,0.5,0.5,,1.0
bm25,per_question,5ac3d9c9554299204fd21ea3,bridge,hard,Erica Packer was the second wife of what Australian businessman?,Erica Packer | James Packer,Erica Packer | Trevor Kennedy | Ben Roberts-Smith | Leg of mutton nude | Brian Cook (football administrator) | Crazy John's | Dipangkorn Rasmijoti | Alan Cransberg | James Packer | Polygamy in Morocco,1,1,,0,0,,0.5,0.5,,1.0
bm25,per_question,5abc8620554299700f9d78e2,comparison,hard,What type of media does Bitter Jester and Sicko have in common?,Bitter Jester | Sicko,Bitter electromagnet | Sicko | Hollywood Outlaw Movie | Light cavalerie vodka | Ratafia | Bitter Jester | Mırra | Zaječická hořká | Jester | Leucopaxillus gentianeus,1,1,,0,0,,0.5,0.5,,0.5
bm25,per_question,5a7b4bc35542992d025e67e0,bridge,hard,"What country does Eric A. Sykes and Eccles, Greater Manchester have ion common?","Eccles, Greater Manchester | Eric A. Sykes","Eric A. Sykes | Demography of Greater Manchester | Greater Manchester Police and Crime Commissioner | Transport for Greater Manchester | Mayor of Greater Manchester | Church of St Mary the Virgin, Eccles | Greater Manchester County Council | Greater Manchester Integrated Transport Authority | Eccles Interchange | Eccles, Greater Manchester",1,1,,0,0,,0.5,0.5,,1.0
bm25,per_question,5a85dfcc5542994775f60673,bridge,hard,"What South Korean actor was a member of the pop duo TVXQ and stared in Heading to the Ground, a 2009 MBC television series?",Heading to the Ground | Yunho,Heading to the Ground | Yunho | List of TVXQ concert tours | Changmin | Catch Me (album) | Catch Me (TVXQ song) | Something (TVXQ song) | List of songs recorded by TVXQ | Live World Tour: Catch Me in Seoul | Spellbound (TVXQ album),1,1,,1,1,,1.0,1.0,,1.0
bm25,per_question,5a7b76735542997c3ec9719f,comparison,hard,"which is traditionally drunk before retiring to bed, Hot toddy or Kir?",Hot toddy | Kir (cocktail),Hot toddy | Blueberry Tea | Hot toddy (disambiguation) | Submarino (beverage) | Om Records | Wassail | Ralph Giannini | Vino cotto | Nadar climber | Kir (cocktail),1,1,,0,0,,0.5,0.5,,1.0
bm25,per_question,5a8c66db554299585d9e3683,bridge,hard,"What year was the film ""Mom"" released, starring the voice of Shashaa Tirupati?",Mom (film) | Shashaa Tirupati,Trading Mom | Mom (film) | Phir Bhi Tumko Chaahunga | Christian Bale filmography | Gidget Goes to Rome | Shashaa Tirupati | Garfield Gets Real | Chinatown Nights (1929 film) | Valentina (2008 film) | Eleventh Mom,1,1,,0,0,,0.5,0.5,,0.5
bm25,per_question,5a7e05ba5542995f4f402392,bridge,hard,For One Night Only was hosted by the man most well-known for hosting what show from 1962 until 1999?,For One Night Only (Irish TV series) | Gay Byrne,For One Night Only (Irish TV series) | One Night Only (TV series) | Gay Byrne | WWE Extreme Rules | WWE One Night Stand | Elton John One Night Only – The Greatest Hits | You and Me (One Night Only song) | One Night Stand (video game) | One Night (ELO Part II album) | One Night in One City,1,1,,0,1,,0.5,1.0,,1.0
bm25,per_question,5a88a4245542997e5c09a668,bridge,hard,What company did Roscoe Channing form with the owner of a leading stable of thoroughbred racehorses?,Cornelius Vanderbilt Whitney | Roscoe Channing,Roscoe Channing | Cornelius Vanderbilt Whitney | Equix | Palm Meadows Thoroughbred Training Center | Night Raid | 2008 World Thoroughbred Rankings | List of leading Thoroughbred racehorses | 2009 World Thoroughbred Rankings | 2012 World Thoroughbred Rankings | 2011 World Thoroughbred Rankings,1,1,,1,1,,1.0,1.0,,1.0
bm25,per_question,5a8799c55542996e4f308877,bridge,hard,"Jens Risom introduced what type of design, characterized by minimalism and functionality?",Jens Risom | Scandinavian design,Jens Risom | Scandinavian design | Jacqueline Winsor | Jens Ritter Instruments | Workflow Resource Planning | NTFS symbolic link | Bio-inspired robotics | HTML attribute | Extensibility | Functionality doctrine,1,1,,1,1,,1.0,1.0,,1.0
bm25,per_question,5ac038db554299294b218f57,bridge,hard,Which of the movie which has Rich Lee 3-D previsualizations was directed by Francis Lawrence?,Constantine (film) | Rich Lee,Rich Lee | Justin Timberlake videography | Rhythm Divine | What's So Different? | Red Sparrow | The Hunger Games (film series) | The Hunger Games: Mockingjay – Part 1 | The Hunger Games: Mockingjay – Part 2 | Constantine (film) | Kristof Konrad,1,1,,0,0,,0.5,0.5,,1.0
bm25,per_question,5a764c0b55429976ec32bd89,bridge,hard,What criteria subjectively qualifies the Houston Astrodome to be called the Eighth Wonder of the World?,Astrodome | Eighth Wonder of the World,Eighth Wonder of the World | Astrodome | Fearless (Eighth Wonder album) | Shreveport Steamer | 1973 Astro-Bluebonnet Bowl | For the Last Time: Live from the Astrodome | Brewster McCloud | 1965 Houston Astros season | Live! The Last Concert | Walter Suggs,1,1,,1,1,,1.0,1.0,,1.0
bm25,per_question,5a77309d55429972597f1487,comparison,hard,"Who was born first, José Echegaray y Eizaguirre or P. J. O'Rourke?",José Echegaray | P. J. O'Rourke,José Echegaray | Patricio Echegaray | Republican Party Reptile | National Lampoon 1964 High School Yearbook Parody | Despoina | Augustine of Canterbury | Paddy O'Rourke (Meath footballer) | Wale Adebanwi | P. J. O'Rourke | Give War a Chance,1,1,,0,0,,0.5,0.5,,1.0
bm25,per_question,5ab7bae95542993667793ff4,bridge,hard,Who did the Doncaster Belles play in the 1994 FA Women's Cup Final held at Glanford Park? ,1994 FA Women's Cup Final | Glanford Park,1994 FA Women's Cup Final | 2000 FA Women's Cup Final | 2016 FA Women's Cup Final | 2017 FA Women's Cup Final | 2002 FA Women's Cup Final | 1997 FA Women's Cup Final | 2015 FA Women's Cup Final | Doncaster Rovers Belles L.F.C. | Glanford Park | Sammy Howarth,1,1,,0,0,,0.5,0.5,,1.0
bm25,per_question,5a7c9f325542990527d554e6,bridge,hard,What act for Innocent Records achieved Platinum sales and shares its name with a primary color in the RGB color model?,Blue | Innocent Records,Innocent Records | RGB color model | Color space | RGB color space | RGBA color space | ProPhoto RGB color space | Brown | YCoCg | Blue | HCL color space,1,1,,0,0,,0.5,0.5,,1.0
bm25,per_question,5a8f69b55542997ba9cb324f,bridge,hard,"What national historic district is located near a village in the town of Philipstown, New York?","Cold Spring, New York | Valhalla Highlands Historic District","Gilbert Town Historic District | Cold Spring, New York | Arrow Rock, Missouri | Glimmerglass Historic District | Calumet Downtown Historic District | Greater Newport Rural Historic District | Elmwood Historic District–East | Cromwell's Run Rural Historic District | Elmwood Historic District–West | Valhalla Highlands Historic District",1,1,,0,0,,0.5,0.5,,0.5
bm25,per_question,5adbda2755429944faac2385,bridge,hard,Which American writer wrote both The Ganymede Takeover (1967) and The Man in the High Castle (1962)?,The Ganymede Takeover | The Man in the High Castle,"The Ganymede Takeover | Aye, and Gomorrah, and other stories | Nobuteru Yūki | The Man in the High Castle | The Man in the High Castle (TV series) | Hartbeat! | Kanakkan | Tzi Ma | Eric Overmyer | Vulcan's Hammer",1,1,,0,1,,0.5,1.0,,1.0
bm25,per_question,5ab67bd355429954757d32f2,bridge,hard,Curt Menefee is the host of the Fox network's NFL show with co-host Michael Anthony Strahan who spent his entire 15-year career with what team?,Curt Menefee | Michael Strahan,Curt Menefee | Michael Strahan | Charissa Thompson | Ray Nitschke | Al Wilson (offensive lineman) | Fiona Forbes | Bill Freehan | Merlin Olsen | Michael Hjälm | Tamika Catchings,1,1,,1,1,,1.0,1.0,,1.0
bm25,per_question,5a90843c5542995651fb517e,bridge,hard,Francisco Jose Hernandez was a participant in an invasion that took place in what year?,Bay of Pigs Invasion | Francisco Jose Hernandez,Ted Kubiak | Frank Martin (basketball) | Treaty of Taipei | Michael Lunin | MLS Cup 2003 | Battle of Clitheroe | Francisco Jose Hernandez | WWF Invasion | Allied invasion of Italy | Bay of Pigs Invasion,0,0,,0,0,,0.0,0.0,,0.14285714285714285
bm25,per_question,5a8324815542990548d0b184,bridge,hard,Dead but Rising was a song by the Danish band fomed in what city in 2001?,Dead but Rising | Volbeat,Dead but Rising | Home Dead (album) | Life of a Ghost | Better Than Yourself (Criminal Mind Pt 2) | Re-Sepp-Ten | Søndagsbarn | The Danish Way to Rock | Dancin' (on a Saturday Night) | Claess &amp; Willumsen | Volbeat,1,1,,0,0,,0.5,0.5,,1.0
bm25,per_question,5adf4a275542993a75d26498,bridge,hard,"The man, who the award in which ""Summer of the Monkeys"" won, was a spokesman for white sector of America?",Summer of the Monkeys | William Allen White,Australian Ecology Research Award (AERA) | Hätteberget | Holden-Keating Gang | Horace Bumstead | Curtis Glencross | William Allen White | Summer of the Monkeys | Mike Smith (A&amp;R man) | Søren Solkær | Vance Powell,0,0,,0,0,,0.0,0.0,,0.16666666666666666
bm25,per_question,5ae4c5595542990ba0bbb123,bridge,hard,Which lead actor/actress in War Chhod Na Yaar has also acted in Bengali and English-language films?,Soha Ali Khan | War Chhod Na Yaar,War Chhod Na Yaar | Soha Ali Khan | Debashree Roy filmography | Farida Jalal | Maharshi Raghava | David Dencik | Siddhartha Jadhav | Gita Dey | Utpal Dutt | Anil Chatterjee,1,1,,1,1,,1.0,1.0,,1.0
bm25,per_question,5ab5057b5542991779162d56,bridge,hard,What type of movie are Wishing Stairs and Voice?,Voice (film) | Wishing Stairs,Ninnu Kori | Highland Inn | Voice type | Exchange Ilford | Callington Mill | Wishing Stairs | Rimstone | List of ancient spiral stairs | Voice (film) | Song Ji-hyo,0,0,,0,0,,0.0,0.0,,0.16666666666666666
bm25,per_question,5a837d9a554299123d8c213e,bridge,hard,"Which cast member of Alice Upside Down also stars in the ABC Family/Freeform drama ""Switched at Birth?""",Alice Upside Down | Lucas Grabeel,General Hospital cast members | Alice Upside Down | List of Switched at Birth episodes | Lucas Grabeel | Constance Marie | Lea Thompson | Switched at Birth (season 2) | Switched at Birth (season 3) | Switched at Birth (TV series) | Switched at Birth (season 4),1,1,,0,1,,0.5,1.0,,0.5
bm25,per_question,5a81ebee554299676cceb16d,bridge,hard,What kind of movie directed by F. Javier gutierrez did an Italian model and actress star in?,Matilda Lutz | Rings (2017 film),Rings (2017 film) | Marta Ribera | Janine Gutierrez | Astrophel and Stella | Eleonora Pedron | Alex Belli | Eva Riccobono | Basaglia Law | Matilda Lutz | Margareth Madè,1,1,,0,0,,0.5,0.5,,1.0
bm25,per_question,5ab48c325542996a3a969f93,bridge,hard,In which county is the English king Harold Godwinson buried?,Edith Walks | Waltham Abbey Church,"Edith the Fair | Edith Walks | The Last English King | Battle of Stamford Bridge | Cultural depictions of Harold Godwinson | Godwin, Earl of Wessex | Waltham Abbey Church | Gytha Thorkelsdóttir | Tostig Godwinson | Leofwine Godwinson",1,1,,0,0,,0.5,0.5,,0.5
bm25,per_question,5a8488f45542992a431d1a47,bridge,hard,"Who wrote The Devils, and was an eninent English theater, opera and film director?",Peter Hall (director) | The Devils (play),Brett C. Leonard | Alexis Soriano | Lord Byron (opera) | Peter Hall (director) | Phillip Boykin | Bum Phillips (opera) | David Alden | Julien Nitzberg | 4 Devils | The Devils (play),0,1,,0,0,,0.0,0.5,,0.25
bm25,per_question,5abe689a55429976d4830b16,comparison,hard,Which Grand Slam singles tournament have Francesca Schiavone and Olga Morozova both been finalists in?,Francesca Schiavone | Olga Morozova,2011 French Open – Women's Singles | Williams sisters | 1973 Queen's Club Championships | Francesca Schiavone | Olga Morozova | Sandra Reynolds | Li Na | 1968 US Open (tennis) | 2017 Australian Open – Men's singles final | 2012 US Open – Men's singles final,0,1,,0,1,,0.0,1.0,,0.25
bm25,per_question,5a7a014a5542996c55b2dccf,bridge,hard,"""Kapitän zur See"" Ernst Lindemann was the commander of which one of two battleships built for Nazi Germany's ""Kriegsmarine""?",Ernst Heinrich Lindemann | German battleship Bismarck,German battleship Bismarck | Ernst Heinrich Lindemann | Ernst Lindemann | Hansjürgen Reinicke | Ernst Kals | Hans Jenisch | 21st U-boat Flotilla | German auxiliary cruiser Widder | German destroyer Z43 | Wolf Junge,1,1,,1,1,,1.0,1.0,,1.0
bm25,per_question,5a895d305542993b751ca931,bridge,hard,"Which football team does Lewis Young's older brother, Ashley Young, play for?",Ashley Young | Lewis Young,Lewis Young | Rick Clausen | William T. Van de Graaff | Ashley Young | Scott Young (American football) | Yasuhito Endō | Bob Young (American football) | Lewis Young (Australian footballer) | George Young (Scottish footballer) | Vanda &amp; Young,1,1,,0,1,,0.5,1.0,,1.0
bm25,per_question,5a85c3a15542992a431d1b97,bridge,hard,Snowdrop is a proprietary game engine first revealed with an online-only action role-playing video game developed by who?,Snowdrop (game engine) | Tom Clancy's The Division,Snowdrop (game engine) | Tom Clancy's The Division | Charlie Murder | Id Tech 5 | Rockstar Advanced Game Engine | Amen: The Awakening | Zero (game engine) | Call of Duty 4: Modern Warfare | Project I.G.I.: I'm Going In | ParaEngine,1,1,,1,1,,1.0,1.0,,1.0
bm25,per_question,5ae32b6755429928c4239644,bridge,hard,Wendy Ayche was featured in 2016 in an annual production created by Youtube and what other organization?,Wengie | YouTube Rewind,Wengie | YouTube Rewind | Return to Eden | Automotive industry in Brazil | Sima Hydroelectric Power Station | Tubular Bells for Two | Svartisen Hydroelectric Power Station | Rana Hydroelectric Power Station | Nore Hydroelectric Power Station | Blast! (musical),1,1,,1,1,,1.0,1.0,,1.0
bm25,per_question,5a8d02cc554299441c6b9fb6,bridge,hard,"John MacGregor, Baron MacGregor of Pulham Market was educated at the University of St Andrews and another university established by what monach?","John MacGregor, Baron MacGregor of Pulham Market | King's College London","John MacGregor, Baron MacGregor of Pulham Market | Pulham Market | Prior of St Andrews | King's College London | University of St Andrews | University of St Andrews Boat Club | John MacGregor (VC) | Archdeaconry of St Andrews | St Andrews Links | John MacGregor",1,1,,0,1,,0.5,1.0,,1.0
bm25,per_question,5a78daf855429970f5fffdae,comparison,hard,"Which game was released first, Icehouse pieces or Kill Doctor Lucky?",Icehouse pieces | Kill Doctor Lucky,Kill Doctor Lucky | Treehouse (game) | Icehouse pieces | List of Marvel Comics characters: N | Love in Motion (song) | No Promises (Icehouse song) | We Can Get Together | Boxes (Icehouse album) | Can't Help Myself | Icehouse (song),1,1,,0,1,,0.5,1.0,,1.0
bm25,per_question,5adc094a55429947ff1738c0,bridge,hard,American Blues included the drummer from which American rock band?,American Blues | Frank Beard (musician),Slash's Blues Ball | Live at Carnegie Hall (Stevie Ray Vaughan album) | Mabel Greer's Toyshop | The Muggs | Frank Beard (musician) | Double Trouble (band) | American Blues | Five Horse Johnson | Chris Robinson Brotherhood | List of Canned Heat members,0,1,,0,0,,0.0,0.5,,0.2
bm25,per_question,5ae77c245542997b22f6a795,bridge,hard,"The Indian actor and philanthropist, who starred in ""Mera Damad,"" entered the film industry in what year?",Farooq Sheikh | Mera Damad,Doddanna | Krishnabhaskar Mangalasserri | Mera Damad | Tulu cinema | Fayyaz Hashmi | Komal | Sunil Rawal | Duniya Vijay | Farooq Sheikh | Tariq Khan (actor),0,1,,0,0,,0.0,0.5,,0.3333333333333333
bm25,per_question,5a88f9555542995153361214,bridge,hard,The Jeep Cherokee was originally sold as a variant of a Jeep model produced during what years?,Jeep Cherokee | Jeep Wagoneer (SJ),Jeep Cherokee | Jeep Wagoneer (SJ) | Jeep Cherokee (XJ) | Jeep Liberty | Jeep Cherokee (SJ) | Jeep Liberty (KJ) | Jeep Liberty (KK) | Jeep Cherokee (KL) | Richard A. Teague | Jeep Grand Cherokee (WK2),1,1,,1,1,,1.0,1.0,,1.0
bm25,per_question,5a874ce15542996432c57256,bridge,hard,Where was the person born who was recognized by MIAL and is an American soprano?,Leontyne Price | Mississippi Institute of Arts and Letters,Apprentice Adept | Mamzer | Fred H. Hale Sr. | Les Irwin | Leontyne Price | Edwin L. Mechem | Nabi Tajima | Myrna Sharlow | Camille Zamora | Mississippi Institute of Arts and Letters,0,1,,0,0,,0.0,0.5,,0.2
bm25,per_question,5a7e7ed05542991319bc94c2,comparison,hard,"Which magazine is older, Gallery or Dime Magazine?",Dime Magazine | Gallery (magazine),Linda Duvall | Vanguard (magazine) | Gallery (magazine) | Dime Magazine | The Little Review Gallery | Dime novel | Jessica Todd Harper | C24 Gallery | Pluck and Luck | H. Bedford-Jones,0,1,,0,1,,0.0,1.0,,0.3333333333333333
bm25,per_question,5abf44025542993fe9a41def,comparison,hard,which writer has the highest number of skill  Langston Hughes or  Ian McEwan,Ian McEwan | Langston Hughes,"Ian McEwan | Langston Hughes Medal | Langston Hughes Performing Arts Center | Robert Earl Jones | Langston Hughes Society | Le Conversazioni | Black Nativity | I, Too (Langston Hughes poem) | Langston Hughes House | Langston Hughes",1,1,,0,0,,0.5,0.5,,1.0
bm25,per_question,5ab531cc5542990594ba9d23,bridge,hard,How large is the shopping mall where KGOT radio station has its studios ?,Dimond Center | KGOT,KGOT | Kentucky Oaks Mall | Mall of New Hampshire | SM City Cebu | Tower City station | Park City Center | Pavilion Mall | Dimond Center | Bedok Mall | Mall of Georgia,1,1,,0,0,,0.5,0.5,,1.0
bm25,per_question,5a90605d5542995651fb514d,bridge,hard,What are the names of the members of the Detroit-based hip hop duo who has worked with Jason Gilbert?,Bad Meets Evil | Jason Gilbert,Uptown 3000 | Jason Gilbert | Xtended Play Version 3.13 | Sunset Blvd. (Yancey Boys album) | Swifty McVay | Bad Meets Evil | Bizarre (rapper) | Thirty Eight (album) | Clouds (Apollo Brown album) | Platinum Pied Pipers,1,1,,0,0,,0.5,0.5,,0.5
bm25,per_question,5ac45b58554299076e296dad,comparison,hard,"Which has the larger population, Shanghai or Hanggin Rear Banner?",Hanggin Rear Banner | Shanghai,"Urad Rear Banner | Shuangmiao, Inner Mongolia | Shanghai | Chahar Right Rear Banner | Riverview, New Brunswick | Statistical inference | Altanochir (1882–1949) | Shia Muslims in the Arab world | Hanggin Rear Banner | Horqin Left Rear Banner",0,1,,0,0,,0.0,0.5,,0.3333333333333333
bm25,per_question,5a8eb4d65542990e94052b82,bridge,hard,"Jacques Mathou starred in Delicatessen, the 1991 French movie in the style of which celebrated American animator?",Delicatessen (film) | Jacques Mathou,Van Gogh (1991 film) | Tahar Rahim | Jacques Mathou | James Gamble Rogers II | Samuel Poe | Schwartz's | Paris Awakens | Delicatessen (film) | Mariette Leslie Cotton | Mark T. Smith,0,1,,0,0,,0.0,0.5,,0.3333333333333333
bm25,per_question,5a8038b55542996402f6a485,bridge,hard,"Jacques Sernas, actor in Fugitive in Trieste, was of what nationality?",Fugitive in Trieste | Jacques Sernas,Fugitive in Trieste | Jacques Sernas | Jump into Hell | Man from 1997 | Balearic Caper | Finishing School (1953 film) | It's All Adam's Fault | Loving You Is My Sin | Altair (film) | Dieci canzoni d'amore da salvare,1,1,,1,1,,1.0,1.0,,1.0
bm25,per_question,5ab83d595542990e739ec886,bridge,hard,The VMAQT-1 logo is a female spirit in Irish mythology who heralds the death of what?,Banshee | VMAQT-1,Banshee | Picobrouwerij Alvinne | VMAQT-1 | Rusalka | Sea nymph | Fomorians | Likhoradka | Al Basty | Pramlocha | Apsara (disambiguation),1,1,,0,1,,0.5,1.0,,1.0
bm25,per_question,5ae0d52e554299603e418469,bridge,hard,"The actress that played the leading role in the independent film ""A Perfect Ending"" also stars with John Bregar in a 2008 film directed by who?",Barbara Niven | Dead at 17,Barbara Niven | Siobhan Finneran | Branko Tomović | Steve Arbuckle | Ashley Cheadle | Dead at 17 | Out in Fifty | Sebastián Mantilla | Jolin Tsai filmography | My Brother (2006 film),1,1,,0,0,,0.5,0.5,,1.0
bm25,per_question,5a8f9b8c5542997ba9cb32e6,comparison,hard,"Which band is from England, Fireflight or Dirty Pretty Things?",Dirty Pretty Things (band) | Fireflight,Deadwood (song) | Fireflight | Johanna Bennett | Carl Barât | Wondering (Dirty Pretty Things song) | Anthony Rossomando | Bang Bang You're Dead (song) | Mirage (Digitalism album) | Didz Hammond | Dirty Pretty Things (band),1,1,,0,0,,0.5,0.5,,0.5
bm25,per_question,5ae75a4c5542997b22f6a6f1,bridge,hard,"The Bart the Fink episode of The Simpsons aired in February of 1996, and involves the host of which kiddie show?",Bart the Fink | Krusty the Clown,Krusty the Clown | The Telltale Head | Rodel Flordeliz | Bart to the Future | Good Night (The Simpsons short) | Bart the Fink | Bart Gets Hit by a Car | Postcards from the Wedge | The Itchy &amp; Scratchy Show | A Day with Doodles,1,1,,0,0,,0.5,0.5,,1.0
bm25,per_question,5ab45a0b5542991779162c7e,bridge,hard,"Which mall, Wilton Mall or Viaport Rotterdam, has had more owners?",Viaport Rotterdam | Wilton Mall,"Viaport Rotterdam | Pierre Bossier Mall | Birchwood Mall | ViaPort Florida | Karcher Mall | Wilton Mall | Original Outlet Mall | Saratoga Mall | Eastland Mall (Charlotte, North Carolina) | Hubert Wilton",1,1,,0,0,,0.5,0.5,,1.0
bm25,per_question,5a8b452655429971feec468e,bridge,hard,Which close friend of an American former basketball player was signed for to play for the Timberwolves?,2000–01 Minnesota Timberwolves season | Kevin Garnett,2000–01 Minnesota Timberwolves season | Delray Brooks | Ricky Rubio | Mike Edwards (basketball) | Von McDade | Richie Garner | Kevin Garnett | Jerry Lucas | Curt Smith (basketball) | Eduardo Portela,1,1,,0,0,,0.5,0.5,,1.0
bm25,per_question,5a8d7b1755429941ae14dfc6,bridge,hard,What is the 2010 population of the city 2.1 miles southwest of Marietta Air Force Station?,"Marietta Air Force Station | Smyrna, Georgia","Smyrna, Georgia | RAF Warmwell | Stramshall | Marietta Air Force Station | Eldorado Air Force Station | RAF Cottesmore | Topsham Air Force Station | 410th Bombardment Squadron | 302d Air Division | Camp Pedricktown radar station",1,1,,0,1,,0.5,1.0,,1.0
bm25,per_question,5ab6f0c25542995eadef00ea,comparison,hard,Are Buried Country and South of the Border both films turned into stage performances?,Buried Country | South of the Border (2009 film),Sine Novela | Buried Country | Woody Guthrie Folk Festival | Leah Flanagan | South of the Border (2009 film) | E. J. Carroll | Araby Lockhart | Manorama (Tamil actress) | Milan Murray | Clinton Walker,1,1,,0,1,,0.5,1.0,,0.5
bm25,per_question,5ab72a025542992aa3b8c7b8,comparison,hard,"""A Summer in the Cage"" and ""American Hardcore"" are both what kind of film?",A Summer in the Cage | American Hardcore (film),"All Ages: The Boston Hardcore Film | When People Grow, People Go | A Summer in the Cage | Combat Zone Wrestling | Hellfest (American music festival) | I Against I | The Suicide File | American Hardcore (film) | Deadfall (1993 film) | Punk's Not Dead (2007 film)",0,1,,0,0,,0.0,0.5,,0.3333333333333333
bm25,per_question,5ade42b55542992fa25da717,bridge,hard,How many novels are there in the series of novels of which Shadows in Flight is the tenth novel ?,Ender's Game (series) | Shadows in Flight,Walter Sorrells | Ender's Game (series) | Eve Unsell | Persistence of Memory | Merlin Book 10: Shadows on the Stars | &quot;J&quot; Is for Judgment | Shadows in Flight | The Diamond Chariot | Castle Richmond | Generosity: An Enhancement,1,1,,0,0,,0.5,0.5,,0.5
bm25,per_question,5ae4c2b95542995dadf243ef,bridge,hard,One of the coaches of Southern Methodist University also played what role at the Arizona State Sun Devils?,Phil Bennett (American football) | SMU Mustangs football under Mike Cavan,Phil Bennett (American football) | 1958 Arizona State Sun Devils football team | SMU Mustangs football under Mike Cavan | Arizona State Sun Devils football | 1961 Arizona State Sun Devils football team | 1952 Arizona State Sun Devils football team | 1956 Arizona State Sun Devils football team | 1955 Arizona State Sun Devils football team | 1951 Arizona State Sun Devils football team | 1954 Arizona State Sun Devils football team,1,1,,0,1,,0.5,1.0,,1.0
bm25,per_question,5abf10b75542997719eab659,bridge,hard,What is the height of the player who won the 2015 AFL Rising Star award?,2015 AFL Rising Star | Jesse Hogan,Daniel Talia | 2015 AFL Rising Star | Marcus Bontempelli | Clayton Oliver | AFL Rising Star | Jesse Hogan | Stephen Coniglio | Kevin Sheehan | BAFTA Rising Star Award | Nick Holland,1,1,,0,0,,0.5,0.5,,0.5
bm25,per_question,5add564a5542990dbb2f7e38,bridge,hard,Las Vegas Festival Grounds is north of the hotel that is owned by which company?,Circus Circus Las Vegas | Las Vegas Festival Grounds,Sports in the Las Vegas metropolitan area | Las Vegas Festival Grounds | Downtown Las Vegas | Boots and Hearts Music Festival | Trump International Hotel Las Vegas | Air Vegas | Westgate Las Vegas Resort &amp; Casino | Circus Circus Las Vegas | Tropicana – Las Vegas Boulevard intersection | Rock in Rio USA,1,1,,0,0,,0.5,0.5,,0.5
bm25,per_question,5a738225554299623ed4abc3,comparison,hard,"Which musical fantasy film is older, Bedknobs and Broomsticks or The Muppet Christmas Carol?",Bedknobs and Broomsticks | The Muppet Christmas Carol,Bedknobs and Broomsticks | The Muppet Christmas Carol | Kalanta Xristougenon | List of The Muppets productions | The Sword in the Stone (film) | Rizzo the Rat | Sam Eagle | A Christmas Carol | Gonzo (Muppet) | Bill Barretta,1,1,,1,1,,1.0,1.0,,1.0
bm25,per_question,5a729e7b5542992359bc313d,bridge,hard,"Which river system in Chilhowie, Virginia was the starting place for most Longhunters?",Holston River | Longhunter,Longhunter | Cotter River System | Thái Bình river system | Red River system | Zambezi River System Action Plan | Thái Bình River | Pearl River (China) | Blackback barb | Eastern freshwater cod | Holston River,1,1,,0,0,,0.5,0.5,,1.0
bm25,per_question,5a811152554299260e20a22e,bridge,hard,What party does the House of Commons representative for Congleton belong to?,Congleton (UK Parliament constituency) | Fiona Bruce (politician),"Congleton (UK Parliament constituency) | Dean of the House (Canada) | Baron Dunalley | Earl Belmore | Glasgow North East by-election, 2009 | Jean-Marie Boisvert | Earl of Lanesborough | Prosper Boulanger | Canadian federal election, 1926 | Fiona Bruce (politician)",1,1,,0,0,,0.5,0.5,,1.0
bm25,per_question,5adddd075542992200553b71,bridge,hard,Season 2 of Rick and Morty began with the episode directed by whom?,A Rickle in Time | Rick and Morty (season 2),Rixty Minutes | Lawnmower Dog | Gangland Undercover | Meeseeks and Destroy | Pilot (Rick and Morty) | A Rickle in Time | The Ricks Must Be Crazy | Angry Birds Stella (TV series) | Rick Potion No. 9 | Rick and Morty (season 2),0,0,,0,0,,0.0,0.0,,0.16666666666666666
bm25,per_question,5ade9545554299728e26c740,bridge,hard,What team did the recipient of the 2007 Brownlow Medal play for?,2007 Brownlow Medal | Jimmy Bartel,2007 Brownlow Medal | 1976 Brownlow Medal | 2006 Brownlow Medal | 2014 Brownlow Medal | 2015 Brownlow Medal | 2011 Brownlow Medal | 2005 Brownlow Medal | 1993 Brownlow Medal | 1995 Brownlow Medal | Jimmy Bartel,1,1,,0,0,,0.5,0.5,,1.0
bm25,per_question,5ab25004554299722f9b4cd7,comparison,hard,Were both the Battle of Stones River and the Battle of the Ch'ongch'on River fought in the 19th century?,Battle of Stones River | Battle of the Ch'ongch'on River,"Battle of Stones River | Battle of the Ch'ongch'on River | Battle of Berestechko | Joseph L. Follett | Savage's Station, Virginia | Collins Ferry Historic District | Battle of Glendale (Skye) | Umba River (Tanzania) | Register Cliff | Military history of Mexico",1,1,,1,1,,1.0,1.0,,1.0
bm25,per_question,5ac1f4495542991316484bd2,comparison,hard,"Who has more scope of profession, Phil Rosen or  Delmer Daves?",Delmer Daves | Phil Rosen,Phil Rosen | The Hanging Tree | Dark Passage (film) | The Petrified Forest | Parrish (film) | Broken Arrow (1950 film) | Delmer Daves | Destination Tokyo | Drum Beat | Shipmates Forever,1,1,,0,0,,0.5,0.5,,1.0
bm25,per_question,5ac0cf0f554299294b219018,comparison,hard,"Which band has more members, Test Icicles or X Ambassadors?",Test Icicles | X Ambassadors,Dev Hynes | Boa vs. Python (song) | Circle. Square. Triangle | Test Icicles | Jungle (X Ambassadors and Jamie N Commons song) | Dig Your Own Grave | Cannonball (Skylar Grey song) | X Ambassadors | For Screening Purposes Only | Rory Attwell,0,1,,0,0,,0.0,0.5,,0.25
bm25,per_question,5ab3306a55429969a97a80fd,comparison,hard,The movies The Boatniks and The Great Locomotive Chase were both made by which production company?,The Boatniks | The Great Locomotive Chase,"The Boatniks | Cornelia, Georgia | Rogers Locomotive and Machine Works | The General (locomotive) | The Great Locomotive Chase Festival | The Texas (locomotive) | The General (1926 film) | Henry P. Haney | The Great Locomotive Chase | The Yonah (locomotive)",1,1,,0,0,,0.5,0.5,,1.0
bm25,per_question,5ade0fb95542997545bbbe39,bridge,hard,How long is the river for which Frenchmans Creek is a tributary?,Darling River | Frenchmans Creek (New South Wales),Cow Creek (Montana) | Locks Creek | Jemez River | Frenchmans Creek (New South Wales) | Lithia Springs Creek | Frenchmans Creek (California) | Tomichi Creek | Red Rock River (Montana) | East Branch South Fork Eel River | Darling River,0,1,,0,0,,0.0,0.5,,0.25
bm25,per_question,5ab78edc5542995dae37e95c,bridge,hard,Where is the school that Tyler Kalinoski went to located?,Olathe East High School | Tyler Kalinoski,Tyler Kalinoski | Calvin Tyler Scott | Kevin Lockett | Middlebourne Historic District | Woodville High School (Texas) | Tyler Consolidated High School | East Haven High School | Tyler School of Art | Olathe East High School | Harvest Time Christian Academy,1,1,,0,0,,0.5,0.5,,1.0
bm25,per_question,5ac056385542997d64295a08,bridge,hard,Ambrose Mendy has managed and/or advised a British professional boxer that as of July 2017 is ranked the world's seventh best super middleweight by who?,Ambrose Mendy | Chris Eubank Jr.,Chris Eubank Jr. | Ambrose Mendy | Natascha Ragosina | Luke Blackledge | Dean Francis | Henry Wharton (boxer) | Scott Dixon (boxer) | Rod Carr | Jermain Mackey | Andre Thysse,1,1,,1,1,,1.0,1.0,,1.0
bm25,per_question,5aba9e2455429939ce03dd3a,bridge,hard,"Rejuvelac is kind of grain water invented and promoted by a ""holistic health"" practitioner born in which year ?",Ann Wigmore | Rejuvelac,Rejuvelac | Ann Wigmore | Crystal Bright | Susan Lark | Mickey Mehta | Holistic dentistry | Guelph Community Health Centre | Kripalu Center | Elizabeth Neilson | Viktoras Kulvinskas,1,1,,1,1,,1.0,1.0,,1.0
bm25,per_question,5a90b43455429916514e7523,bridge,hard,What town host an annual media finance conference that has featured an Australian-born American media mogul?,Allen &amp; Company Sun Valley Conference | Rupert Murdoch,Allen &amp; Company Sun Valley Conference | A Girl like Me (film) | Elisabeth Murdoch (businesswoman) | Rupert Murdoch | Mona Scott-Young | Pat Robertson | Turner | Merv Griffin Entertainment | Media proprietor | Caroline Spencer,1,1,,0,1,,0.5,1.0,,1.0
bm25,per_question,5abb30755542996cc5e49fd8,bridge,hard,Ronald Reagan and George H. W. Bush both held which position in office?,George H. W. Bush | Presidency of Ronald Reagan,Reagan Democrat | Second inauguration of Ronald Reagan | First inauguration of Ronald Reagan | William Flynn Martin | Elliott Abrams | Lawrence Eagleburger | Presidency of Ronald Reagan | Otto Reich | Ronald Reagan judicial appointment controversies | George H. W. Bush,0,0,,0,0,,0.0,0.0,,0.14285714285714285
bm25,per_question,5ae4ec1e5542990ba0bbb19b,comparison,hard,"In between The Bears and I and Oceans which was released on July 31, 1974, by Buena Vista Distribution?",Oceans (film) | The Bears and I,"The Bears and I | Buena Vista (brand) | Walt Disney Studios Motion Pictures | Oceans (film) | Buena Vista High School (Michigan) | Buena Vista Park | List of Walt Disney Pictures films | Best Western Lake Buena Vista Resort Hotel | Buena Vista Downtown Historic District | Buena Vista, Pennsylvania",1,1,,0,1,,0.5,1.0,,1.0
bm25,per_question,5add405f5542992c1e3a2581,bridge,hard,What book provided the foundation for Masters and Johnson's research team?,Masters and Johnson | Patterns of Sexual Behavior,Patterns of Sexual Behavior | Masters and Johnson | William Masters | Virginia E. Johnson | Dana Shires | Berlin Diary | Fukomys vandewoestijneae | Josef Peukert | Sheep (novel) | AlphaPets,1,1,,1,1,,1.0,1.0,,1.0
bm25,per_question,5a71717d5542994082a3e834,bridge,hard,"What star of ""Attack of the Gryphon"" was also a voice artist in Johnny Bravo?  ",Gryphon (film) | Larry Drake,Gryphon (film) | Steve Nallon | Jeff Bennett | Brian A. Miller | Larry Drake | Festival of New Songs | Sherry Gunther | Rumen Petkov | List of Johnny Bravo episodes | Van Partible,1,1,,0,1,,0.5,1.0,,1.0
bm25,per_question,5adf8fe55542993344016d0f,bridge,hard,"Which fantasy film from 1971 featured the song ""The Age of Not Believing""?",Bedknobs and Broomsticks | The Age of Not Believing,"The Age of Not Believing | Sianoa Smit-McPhee | The Golden Voyage of Sinbad | Baseball Hall of Fame balloting, 1971 | Bedknobs and Broomsticks | Dicen que soy mujeriego | Kingsglaive: Final Fantasy XV | Stark Electric Jesus | Final Fantasy VII: Advent Children | Once Upon a Time in Vietnam",1,1,,0,1,,0.5,1.0,,1.0
bm25,per_question,5a78f59755429970f5fffdf7,bridge,hard,Mick Carter is the landlord of a public house located at what address?,Mick Carter | The Queen Victoria,"Fat Cat Brewery | Adam &amp; Eve, Birmingham | Shakespeare Public House, Bristol | Mick Carter | The Gatehouse, Monmouth | Square and Compass, Worth Matravers | Linda Carter | Nancy Carter | Whitney Dean | The Queen Victoria",0,1,,0,0,,0.0,0.5,,0.25
bm25,per_question,5a8099935542996402f6a58b,bridge,hard,"What television thriller anthology did the winner of one Golden Globe, two tony Awards and six Primetime Emmy Awards appear on?",Brian Dennehy | Darkroom (TV series),Brian Dennehy | Darkroom (TV series) | List of awards and nominations received by Lost | Laura Linney | John Lithgow | Elisabeth Moss | Blythe Danner | Al Pacino on stage and screen | Al Pacino | Betty Suarez,1,1,,1,1,,1.0,1.0,,1.0
bm25,per_question,5ab6aaff55429953192ad35b,bridge,hard,What Cayman Islands registered Mandarin and Cantonese-language television broadcaster launched Phoenix Hong Kong Channel on 28 March 2011?,Phoenix Hong Kong Channel | Phoenix Television,Phoenix Hong Kong Channel | Phoenix Television | .ky | Anthony Travers | Cayman Islands national rugby sevens team | Carey Olsen | Cayman Islands Open 2011 | Cayman Islands at the 2011 Pan American Games | Cayman Enterprise City | Walkers (law firm),1,1,,1,1,,1.0,1.0,,1.0
bm25,per_question,5abcc96c5542996583600492,bridge,hard,What is the name of the film starring Rose McGowan and features the character Earl McGraw's daughter?,Earl and Edgar McGraw | Planet Terror,Conan the Barbarian (2011 film) | Emotional Technology | The Pastor's Wife (film) | Earl and Edgar McGraw | Paige Matthews | Scream (1996 film) | Dead Awake (2010 film) | Devil in the Flesh (1998 film) | The Doom Generation | Planet Terror,0,1,,0,0,,0.0,0.5,,0.25
bm25,per_question,5a8b78775542997f31a41d3d,bridge,hard,"Chimaja Appawas the younger brother of a general of the Maratha Empire in India, who served as what to the fifth Maratha Chhatrapati Shahu from 1720 until his death?",Baji Rao I | Chimaji Appa,"Baji Rao I | Chimaji Appa | Shahu I | Balaji Vishwanath | Maynak Bhandari | Maratha emperors | Maratha Navy | Balaji Kunjar | New Palace, Kolhapur | Rajaram II of Satara",1,1,,1,1,,1.0,1.0,,1.0
bm25,per_question,5a7252db5542990c210a4104,bridge,hard,What is the name of the oldest child that attended the Trump campaign-Russian meeting?,Donald Trump Jr. | Trump campaign–Russian meeting,Donald Trump Jr. | Clear Creek Meeting House | Child Welfare League of America | Trump campaign–Russian meeting | Mary Elizabeth Day Nursery | Zeresenay Alemseged | Domitia Lepida the Elder | Jessica Mulroney | John Ingram McMorran | Clayton Fountain,1,1,,0,1,,0.5,1.0,,1.0
bm25,per_question,5ae2ee5e5542991a06ce990a,bridge,hard,The 1st Virginia Regiment saw action at a battle that led to the departure of what Royal Governor?,1st Virginia Regiment | Battle of Great Bridge,Battle of Great Bridge | 1st Virginia State Regiment | 1st Virginia Regiment | 9th Virginia Regiment | 5th Virginia Regiment | 4th Virginia Regiment | 12th Virginia Regiment | 7th Virginia Regiment | 6th Connecticut Regiment | 3rd Virginia Regiment,1,1,,0,1,,0.5,1.0,,1.0
bm25,per_question,5abc5951554299114383a116,bridge,hard,"Which Argentine telenovela broadcast by Telefe from March 12 to December 19, 2012 starred Isabel Macedo as Jimena Benitez?",Graduados | Patricia Longo,Graduados | Patricia Longo | List of songs recorded by Lali Espósito | Niní | Montecristo (Argentine telenovela) | Guapas | Amar después de amar | Verano del '98 | Botineras | Alma Pirata,1,1,,1,1,,1.0,1.0,,1.0
bm25,per_question,5ac1a3665542994ab5c67daf,bridge,hard,What was position of the man who served Prince Andrew from 1990-2001? ,"Neil Blair | Prince Andrew, Duke of York","Krajmir | Armie Hammer | Princess Henriette of Nassau-Weilburg | Joe Gilmore | John Hartmann | Royal Marriages Act 1772 | Wedding dress of Sarah Ferguson | List of royal tours of Canada (21st century) | Prince Andrew, Duke of York | Neil Blair",0,0,,0,0,,0.0,0.0,,0.1111111111111111
bm25,per_question,5adc0c2b55429947ff1738db,comparison,hard,Are Agee and To Shoot an Elephant both documentaries about war?,Agee (film) | To Shoot an Elephant,To Shoot an Elephant | Marcel Trillat | Agee (film) | Carlos Rendón Zipagauta | Hannibal Brooks | Khan Kluay | Surus | Elephant Pass railway station | North African elephant | James Howard Williams,1,1,,0,1,,0.5,1.0,,1.0
bm25,per_question,5a7634f155429976ec32bd6b,bridge,hard,"What shallow water table aquifer is located near the county seat of Keith County, Nebraska?","Ogallala Aquifer | Ogallala, Nebraska","Ogallala Aquifer | Ogallala, Nebraska | Keith County, Nebraska | Keystone, Nebraska | Flatwood | Dune Dam | Souris Beach Provincial Park | Lemoyne, Nebraska | Kingsley Dam | Ingram–Schipper Farm",1,1,,1,1,,1.0,1.0,,1.0
bm25,per_question,5a7574e25542996c70cfaf01,comparison,hard,Who was born first Mahbub ul Haq or Ibn Arabi?,Ibn Arabi | Mahbub ul Haq,Akbariyya | Mahbub ul Haq | Chak 86/6.R Sahiwal | Fazle Hasan Abed | Idrees Ul Haq | Sami ul Haq | Ibn Arabi | Inge Kaul | Journal of Human Development and Capabilities | Human Development Index,1,1,,0,0,,0.5,0.5,,0.5
bm25,per_question,5adc8977554299438c868de2,bridge,hard,What does the goddess associated with the goddess frigg  consists of what tales?,Hlín | Norse mythology,Norse mythology | Nanna (Norse deity) | Marzanna | Eir | Fensalir | Gná and Hófvarpnir | Frigg gas field | Sága and Sökkvabekkr | Fulla | Hlín,1,1,,0,0,,0.5,0.5,,1.0
bm25,per_question,5a7dc2495542997cc2c4749a,bridge,hard,"What competition held in Kathmandu, Nepal did Julian Bolling compete in 1984?",1984 South Asian Games | Julian Bolling,Mr. Nepal | Julian Bolling | 1984 South Asian Games | 2015 Nepal Premier League | Miss Nepal 2010 | Bhadrabas | Miss Nepal 2014 | Miss Nepal 2013 | Miss Nepal 2012 | Miss Nepal 2015,1,1,,0,1,,0.5,1.0,,0.5
bm25,per_question,5a8f05b1554299458435d517,bridge,hard,William Pery served as Captain of the Yeomen of the Guard under the lord who served in what position from 1865 to 1868?,"Robert Gascoyne-Cecil, 3rd Marquess of Salisbury | William Pery, 3rd Earl of Limerick","William Street, Limerick | William Monson, 1st Viscount Oxenbridge | William Pery, 3rd Earl of Limerick | Henry Fox-Strangways, 3rd Earl of Ilchester | Earl of Aylesford | Robert Gascoyne-Cecil, 3rd Marquess of Salisbury | Yeomen of the Guard | George Percy, 5th Duke of Northumberland | Baron Berkeley of Stratton | Henry Cadogan, 4th Earl Cadogan",0,1,,0,0,,0.0,0.5,,0.3333333333333333
bm25,per_question,5ab7bbbf55429928e1fe38bf,bridge,hard, William Cammisano was part of which Mafia family?,Kansas City crime family | William Cammisano,William Cammisano | Rosario Naimo | Antonio Cottone | Antonio Rotolo | Calcedonio Di Pisa | Salvatore La Barbera | Angelo La Barbera | Greco Mafia clan | Gaspare Spatuzza | Kansas City crime family,1,1,,0,0,,0.5,0.5,,1.0
bm25,per_question,5a8af28555429951533613b5,bridge,hard,1956 Night Series Cup games were played at what inner suburb of Melbourne that is 3km south of Melbourne's central business district?,"1956 Night Series Cup | Albert Park, Victoria","Albert Park, Victoria | 1956 Night Series Cup | 1958 Night Series Cup | 1967 Golden Fleece Cup | 1960 Night Series Cup | 1961 Night Series Cup | 1966 Golden Fleece Cup | 1965 Golden Fleece Cup | 1971 Heinz Cup | 1957 Night Series Cup",1,1,,1,1,,1.0,1.0,,1.0
bm25,per_question,5ae1f596554299234fd04372,bridge,hard,When did the game which held three times in  in East Asia first held ,2008 Summer Olympics | Summer Olympic Games,Fruit Bowl | EAFF E-1 Football Championship | 2008 Summer Olympics | Toronto Marathon | 6 Hours of Mexico | Moonpark | Summer Olympic Games | International Teen Princess | Memorabilia (event) | Australian Correspondence Chess Championship,0,1,,0,0,,0.0,0.5,,0.3333333333333333
bm25,per_question,5a8b3af455429971feec467b,bridge,hard,Blinding Edge Pictures produced which 2000 film starring Bruce Willis?,Blinding Edge Pictures | Unbreakable (film),Blinding Edge Pictures | Signs (film) | In Country | The Whole Nine Yards (film) | Last Man Standing (1996 film) | Unbreakable (film) | Striking Distance | Lay the Favorite | Mercury Rising | Cop Out (2010 film),1,1,,0,0,,0.5,0.5,,1.0
bm25,per_question,5add311b5542994ed6169cc5,bridge,hard,"What kind of dinosaur does Raymond Ochoa voice in the Pixar film ""The Good Dinosaur""?",Raymond Ochoa | The Good Dinosaur,Raymond Ochoa | Richard Kind | The Good Dinosaur | Golden Globe Award for Best Animated Feature Film | Sanjay's Super Team | Dinosaur behavior | Xtractaurs | Enrico Casarosa | Harley Jessup | Adrian Molina,1,1,,0,1,,0.5,1.0,,1.0
bm25,per_question,5ae60426554299546bf83019,bridge,hard,Which American Space Western animated series did Celebrity Home Entertainment released ,BraveStarr | Celebrity Home Entertainment,BraveStarr | COPS (animated TV series) | Noel C. Bloom | Sterling Entertainment Group | Locke the Superman | Tottoi | Magna Home Entertainment | Monster Force | Celebrity Home Entertainment | The Fairies,1,1,,0,0,,0.5,0.5,,1.0
bm25,per_question,5a8cfee555429941ae14df5c,bridge,hard,How are elephants connected to Gajabrishta?,Elephant | Gajabrishta,Elephant | Gajabrishta,1,1,,1,1,,1.0,1.0,,1.0
bm25,per_question,5a71166d5542994082a3e576,comparison,hard,"Which battle occurred first, the Battle of Manila or the Battle of Guam?",Battle of Guam (1944) | Battle of Manila (1945),Battle of Manila (1574) | Battle of the Burbia River | Battle of Silda | Battle of Manila (1945) | Battle of Alhandic | Battle of Klushino | Battle of Calabria | Battle of Aspromonte | Battle of Guam (1944) | Battle of Yao (Japan),0,1,,0,0,,0.0,0.5,,0.25
bm25,per_question,5ae789615542997ec2727695,bridge,hard,Kam Heskin plays Paige Morgan in a 2004 film directed by who?,Kam Heskin | The Prince and Me,R-Point | The Prince &amp; Me 2: The Royal Wedding | Kam Heskin | Super Size Me 2: Holy Chicken! | The Prince and Me | Turning Paige | Sunset at Chaophraya (2013 film) | Sunset at Chaophraya (1996 film) | Pride &amp; Prejudice: A Latter-Day Comedy | True True Lie,0,1,,0,1,,0.0,1.0,,0.3333333333333333
bm25,per_question,5a7757215542993569682d58,bridge,hard,"What 2016 film stars actor Xavier Samuel and an actress who portrayed Vasilisa Dragomir in the film ""Vampire Academy""?",Lucy Fry | Mr. Church,Lucy Fry | Spin Out (2016 film) | A Few Best Men | Mr. Church | Love &amp; Friendship | Vampire Academy | Healing (film) | Plush (film) | Frostbite (Mead novel) | Vampire Academy (film),1,1,,0,1,,0.5,1.0,,1.0
bm25,per_question,5a81ff62554299676cceb1c4,bridge,hard,What type of profession does Ithu Engal Neethi and Shoba Chandrasekhar have in common?,Ithu Engal Neethi | Shoba Chandrasekhar,Ithu Engal Neethi | Shoba Chandrasekhar | Naalaiya Theerpu | Rajanadai | Sattam Oru Vilayaattu | Neethikku Thandanai | Neethiyin Marupakkam | Pudhu Yugam | Palaivana Solai (1981 film) | V. V. Creations,1,1,,1,1,,1.0,1.0,,1.0
bm25,per_question,5ae4890a5542995ad6573d60,bridge,hard,In what field does the firm at which Claudio Fernández-Aráoz was a currently a senior adviser offers services?,Claudio Fernández-Aráoz | Egon Zehnder,Claudio Fernández-Aráoz | Thomas Shea | Shomwa Shamapande | Peter Torry | Richard Socarides | Egon Zehnder | Yulchon | Michael Green (political expert) | Lee Terry | Yousef Pashtun,1,1,,0,0,,0.5,0.5,,1.0
bm25,per_question,5a79c1335542994bb9457066,comparison,hard,Eric Ambler and Carol Shields are both best Known for what profession?,Carol Shields | Eric Ambler,Kevin Shields | David Coderre | Carol Shields | The New Lot | W. F. Morris | The Card (1952 film) | The Mask of Dimitrios | Rough Shoot | The Cruel Sea (1953 film) | Eric Ambler,0,1,,0,0,,0.0,0.5,,0.3333333333333333
bm25,per_question,5ac52fc35542994611c8b403,bridge,hard,"Which ""Official Ireland"" group comprises about  78.3% of the population of Ireland? ",Catholic Church in Ireland | Official Ireland,Official Ireland | Lord Howe Island | Mangsee Islands | Catholic Church in Ireland | Arbuthnott-Garvock Group | Young People's Socialist League | 2013 Rugby League World Cup Group A | 2017 Rugby League World Cup Group C | Booty Luv | Solway Group,1,1,,0,1,,0.5,1.0,,1.0
bm25,per_question,5adda7585542997dc790700c,bridge,hard,Where was the telefilm shot that was based on the 1977 Katherine Paterson book?,Bridge to Terabithia (1985 film) | Bridge to Terabithia (novel),"Bridge to Terabithia (1985 film) | Bridge to Terabithia (novel) | The Great Gilly Hopkins (film) | Come Sing, Jimmy Jo | The Master Puppeteer | The Great Gilly Hopkins | Bridge to Terabithia (2007 film) | Bread and Roses, Too | Sligo Creek | Rebels of the Heavenly Kingdom",1,1,,1,1,,1.0,1.0,,1.0
bm25,per_question,5adf043b5542993a75d263d4,bridge,hard,Which American cable news and talk radio host was the former GOP representative,Joe Scarborough | Morning Joe,Morning Joe | Sean Hannity | Steve Malzberg | Joe Scarborough | Ronn Owens | David Gold (talk radio host) | Spectrum News Rochester | Talk radio | Mike Hogan (sportscaster) | Spectrum News Buffalo,1,1,,0,1,,0.5,1.0,,1.0
bm25,per_question,5abd6bf055429933744ab7c8,bridge,hard,"What Division was the college footbal team that fired their head coach on November 24, 2006?",2006 Miami Hurricanes football team | Larry Coker,Larry Coker | Richard Jacob | Maggie Dixon Award | 2006 Alabama Crimson Tide football team | Brian Knorr | Reggie Witherspoon (basketball) | Buzz Peterson | 2006 Miami Hurricanes football team | 2009 Virginia Cavaliers football team | Holly Bruder,1,1,,0,0,,0.5,0.5,,1.0
bm25,per_question,5ae0038655429925eb1afbe0,comparison,hard,"Which is a Macedonian weekly, Hänt Extra or Tea Moderna?",Hänt Extra | Tea Moderna (magazine),Orange Field Tea Factory | Tea Moderna (magazine) | Hänt Extra | Hänt Bild | Den Za Nas | Nikola Mladenov | Henrik Dorsin | Makedonsko Sonce | Football Weekly | 2015 Macedonian Football Supercup,1,1,,0,1,,0.5,1.0,,0.5
bm25,per_question,5a73977d554299623ed4ac08,comparison,hard,What is the shared country of ancestry between Art Laboe and Scout Tufankjian?,Art Laboe | Scout Tufankjian,KOKO-FM | Chinese Australians | Art Laboe | Indian Scout (motorcycle) | Arabs in India | Interamerican Scout Jamboree | Original Sound | Scout Promise | Scout Tufankjian | Destinations,0,1,,0,0,,0.0,0.5,,0.3333333333333333
bm25,per_question,5ac2a399554299218029dada,bridge,hard,Who programmed a cartridge-based development system made by a company noted for authoring Atari's BASIC?,Atari Assembler Editor | Shepardson Microsystems,Shepardson Microsystems | Atari Assembler Editor | Atari XEGS | HP 64000 | Star Ship | New York City Employment and Training Coalition | Surround (video game) | Manned Orbital Development System | Vancouver Whitecaps FC U-23 | Portland Timbers U23s,1,1,,1,1,,1.0,1.0,,1.0
bm25,per_question,5ae0f6f5554299422ee99583,bridge,hard,"Which record label released Van Morrison's ""I've Been Working"" on the album ""His Band and the Street Choir""?",His Band and the Street Choir | I've Been Working,"I've Been Working | The Best of Van Morrison Volume 3 | No Prima Donna: The Songs of Van Morrison | I'll Be Your Lover, Too | His Band and the Street Choir | Blue Money | The Caledonia Soul Orchestra | Call Me Up in Dreamland | Domino (Van Morrison song) | Duets: Re-working the Catalogue",1,1,,0,1,,0.5,1.0,,1.0
bm25,per_question,5adc1ae5554299438c868d5c,bridge,hard,Hate Them is the ninth album by a band likened to who?,Darkthrone | Hate Them,Hate Them | I Hate Myself (for Loving You) | Osc-Dis | Free (Bonfire album) | Darkthrone | Timbiriche VIII &amp; IX | Lonestar discography | Liquid Acrobat as Regards the Air | Still Restless | Reckless (Jeremy Camp album),1,1,,0,1,,0.5,1.0,,1.0
bm25,per_question,5ae6860e5542991bbc976112,bridge,hard,"How did Emilie du Chatelet, Voltaire's love, contribute to the basic laws of physics?",Voltaire in Love | Émilie du Châtelet,Jean de Chastelet | Basic Laws of Israel | 12 basic principles of animation | Ethiopian Legal Information Website | The Physics of Superheroes | Laws of association | Émilie du Châtelet | Constitution of Israel | Voltaire in Love | Katherine Kath,0,0,,0,0,,0.0,0.0,,0.14285714285714285
bm25,per_question,5ae1316555429901ffe4adda,comparison,hard,Were Goo Goo Dolls and Echosmith formed in the same city?,Echosmith | Goo Goo Dolls,"Echosmith | All That You Are (Goo Goo Dolls song) | Goo Goo Dolls | Live in Buffalo: July 4th, 2004 | Something for the Rest of Us | ITunes Originals – Goo Goo Dolls | Hold Me Up | Waiting for the Rest of It | Goo Goo Dolls (album) | Notbroken",1,1,,0,1,,0.5,1.0,,1.0
bm25,per_question,5adfeb0555429942ec259b88,bridge,hard,The Detroit mayoral elections of 2009 took place to fill the vacancy created by a politician who was sentenced to what?,"Detroit mayoral election, 2009 | Kwame Kilpatrick","Detroit mayoral election, 2009 | Brian DelGrosso | United States Senate elections in Illinois, 2010 | Joseph Vitale (politician) | Kwame Kilpatrick | Jon Bramnick | Jane Marum Roush | List of Calgary municipal elections | Charlotte mayoral election, 2015 | United Kingdom local elections, 2013",1,1,,0,1,,0.5,1.0,,1.0
bm25,per_question,5ab5499e5542992aa134a295,bridge,hard,In what year was the team that Luke Clark plays either right back or central midfielder for founded?,Curzon Ashton F.C. | Luke Clark,Luke Clark | Luke Hubbins | Curzon Ashton F.C. | Leigh Broxham | Bjørn Helge Riise | Atiqur Rahman Meshu | Nico Pandiani | Ibrahim Tall | Martin Linnes | Michalis Bakakis,1,1,,0,1,,0.5,1.0,,1.0
bm25,per_question,5adeffa85542992d7e9f926f,comparison,hard,What genre of music was played by both Tappi Tíkarrass and INXS?,INXS | Tappi Tíkarrass,Tappi Tíkarrass | Bitið fast í vitið | Nýtt líf | Folk rock | Rave music | Steeltown (band) | Disco polo | Kidandali | INXS | Miranda (album),1,1,,0,0,,0.5,0.5,,1.0
bm25,per_question,5adfd2f255429925eb1afaa5,bridge,hard,A puzzle-platform video game developed by the Valve Corporation is part of what 2012 action-adventure game?,Gateways (video game) | Portal (video game),Gateways (video game) | Fez (video game) | Prince of Persia: The Sands of Time | Team Fortress 2 | Aperture Tag: The Paint Gun Testing Initiative | Portal 2 | Half-Life 2: Lost Coast | Portal (video game) | The Lost Vikings | Portal (series),1,1,,0,0,,0.5,0.5,,1.0
bm25,per_question,5ae5b301554299546bf82f2d,bridge,hard,What produces the hormone that promotes sodium retention in the distal nephron?,Aldosterone | Angiotensin,Angiotensin | Low pressure receptors | Aldosterone | Ascending limb of loop of Henle | Sodium-chloride symporter | Loop of Henle | Renal tubular acidosis | Tubuloglomerular feedback | Distal renal tubular acidosis | Sylvia Agnes Sophia Tait,1,1,,0,1,,0.5,1.0,,1.0
bm25,per_question,5ab1eac95542993be8fa987f,bridge,hard,How many Senate seats will be contested during the midterm elections that Nancy Soderberg has filed to run for Congress in?,"Nancy Soderberg | United States elections, 2018","Nancy Soderberg | United States elections, 2018 | 80th United States Congress | Classes of United States Senators | United States Senate elections, 2002 | United States midterm election | United States Senate elections, 2008 | Wisconsin elections, 2016 | TEAM Unity | United States elections, 2002",1,1,,1,1,,1.0,1.0,,1.0
bm25,per_question,5ae15e125542990adbacf773,comparison,hard,In between Berghuis v. Thompkins and Mississippi University for Women v. Hogan which one was a  case decided 5-4 by the Supreme Court of the United States?,Berghuis v. Thompkins | Mississippi University for Women v. Hogan,Mississippi University for Women v. Hogan | United States v. Quiver | Whole Woman's Health v. Hellerstedt | Berghuis v. Thompkins | Hoffman v. Jones | Hirabayashi v. United States | V.L. v. E.L. | Commissioner v. Banks | Summers v. Earth Island Institute | Van Staphorst v. Maryland,1,1,,0,1,,0.5,1.0,,1.0
bm25,per_question,5a77beae5542992a6e59dfae,bridge,hard,Which jazz singer has a 2003 album entitled The Boy Next Door? ,Stacey Kent | The Boy Next Door (album),The Boy Next Door (album) | 'Tis Autumn | Superstar – The Hits | Not the Boy Next Door | Fire! (manga) | Hold Me in Your Arms (album) | Boy next door | Boy Next Door (song) | Boy Meets Girl (novel) | Stacey Kent,1,1,,0,0,,0.5,0.5,,1.0
bm25,per_question,5ae1f5a15542997f29b3c1b5,bridge,hard,The actor who appeared on Charlotte's Shorts and Weeds was born in what year?,Charlotte's Shorts | Gary Anthony Williams,Harry Bowen (actor) | Gary Anthony Williams | Andy Umberger | Billy Sullivan (actor) | Charlotte's Shorts | Milton (cartoon) | A Story of Floating Weeds | Charles Eldridge | Andy Milder | Spencer Bell (actor),1,1,,0,1,,0.5,1.0,,0.5
bm25,per_question,5ade908b55429975fa854f13,bridge,hard,"After he was contracted by the team that is headquartered in Affalterbach, Baden-Württemberg, Germany, Dario Franchitti competed in what series?",Dario Franchitti | Mercedes-AMG,Mercedes-AMG | Dario Franchitti | Johnny Mowlem | 2002 Gran Premio Telmex-Gigante | 2007 Firestone Indy 400 | 2009 Honda Indy Toronto | Marino Franchitti | 2011 Honda Indy Toronto | 2011 Indy Grand Prix of Sonoma | 1998 Molson Indy Vancouver,1,1,,1,1,,1.0,1.0,,1.0
bm25,per_question,5ab47cd75542991751b4d78d,bridge,hard,"In which year did this division, where Cleveland Browns placed fourth in 2009, adopt its current name?",2009 Cleveland Browns season | AFC North,AFC North | Ron Snidow | 2011 Cleveland Browns season | 2010 Cleveland Browns season | 2007 Cleveland Browns season | Freddie Summers | 2008 Cleveland Browns season | 2012 Cleveland Browns season | 2009 Cleveland Browns season | Lamar Chapman,1,1,,0,0,,0.5,0.5,,1.0
bm25,per_question,5a79b7f6554299029c4b5f6f,bridge,hard,How many restaurants comprise the quick service restaurant chain that Ron Joyce helped found?,Ron Joyce | Tim Hortons,Fast food restaurant | Hero Certified Burgers | Ron Joyce | Arcos Dorados Holdings | Toddle House | Lion's Choice | Tim Hortons | Shawarmer | Noodle Box | Leeann Chin,0,1,,0,0,,0.0,0.5,,0.3333333333333333
bm25,per_question,5ab626d555429953192ad279,bridge,hard,Anthony Avent played basketball fo a High School that is located in a city approcimately 8 mi west of where?,"Anthony Avent | Newark, New Jersey","Anthony Avent | Kelsall | James Blackmon Sr. | Canton, Michigan | Jeff Horner | Newark, New Jersey | Finchampstead | Weldon Drew | Larry Friend | Presley Askew",1,1,,0,0,,0.5,0.5,,1.0
bm25,per_question,5a84873e5542997175ce1eec,bridge,hard,What edition of tennis' US Open was the 2017 US Open when Petra Kvitova was a quarterfinalist?,2017 US Open (tennis) | Petra Kvitová career statistics,2017 US Open (tennis) | Petra Kvitová career statistics | 2017 BB&amp;T Atlanta Open | 2017 Connecticut Open | 2017 Winston-Salem Open | 2017 US Open Series | 2013 US Open Series | 2014 US Open Series | Caroline Wozniacki career statistics | Jamie Murray career statistics,1,1,,1,1,,1.0,1.0,,1.0
bm25,per_question,5ac537975542996feb3fea3c,bridge,hard,Walt Zeboski photographed which 40th President during his campaign in 1980?,Ronald Reagan | Walt Zeboski,"Walt Zeboski | 2/40th Battalion (Australia) | 40th Battalion (Australia) | John F. Kennedy presidential campaign, 1960 | José Mujica | Speeches and debates of Ronald Reagan | Bernhard Vogel (politician) | Wyman Park, Baltimore | Gerald Ford | Ronald Reagan",1,1,,0,0,,0.5,0.5,,1.0
bm25,per_question,5a8f45ca5542997ba9cb320e,comparison,hard,"What type of film are both ""500 Years Later"" and ""Manson""?",500 Years Later | Manson (film),Tukufu Zuberi | 500 Years Later | Idiocracy | Elizabeth Martínez | Motherland (2010 film) | Ako Mitchell | Ruakuri Cave | Ife Piankhi | Kyokusui-no-en | Manson (film),1,1,,0,0,,0.5,0.5,,0.5
