method,setting,example_id,question_type,level,question,gold_titles,retrieved_titles,any_evidence_recall@2,any_evidence_recall@5,any_evidence_recall@10,full_evidence_recall@2,full_evidence_recall@5,full_evidence_recall@10,partial_evidence_recall@2,partial_evidence_recall@5,partial_evidence_recall@10,reciprocal_rank_at_10,reciprocal_rank_at_50
dense,pooled,5a8b57f25542995d1e6f1371,comparison,hard,Were Scott Derrickson and Ed Wood of the same nationality?,Ed Wood | Scott Derrickson,"Ed Wood (film) | Ed Wood | John Scott (ice hockey) | Calvin Tyler Scott | John Ince (actor) | Scott Parkin | Scott Young (American football) | Ian Harland | Ralph Ince | James Packer | Thomas H. Ince | Woodville High School (Texas) | Scott Sidney | Randall Cunningham | Donald Duffy | Adam Collis | George I, Earl of March | Boss Bailey | Grant Smith (footballer) | Woodson, Arkansas | E. J. Carroll | Ricky Proehl | Michael Atkinson | Tyler Kalinoski | Mat Dan | Robert Barton | Brian Kennedy (singer) | Ambrose Mendy | Danny Jones | Jonathan Wolfson | Scott Sandelin | Jack Truelove | Anthony Woodson | Jonathan Toews | Kevin Lockett | Jeffrey Stanley | Adam Thielen | Bob Young (American football) | Daniel House | Henry Hall (American revolution) | Mike Smith (A&amp;R man) | Conrad Brooks | Daryl Hall | Charles Teague (baseball) | Sam Long | Sold (TV series) | Thomas Hylland Eriksen | Mike Edwards (basketball) | Kevin Garnett | Guy Randall-Johnson",1,1,1.0,0,0,0.0,0.5,0.5,0.5,0.5,0.5
dense,pooled,5a8c7595554299585d9e36b6,bridge,hard,What government position was held by the woman who portrayed Corliss Archer in the film Kiss and Tell?,Kiss and Tell (1945 film) | Shirley Temple,Kiss and Tell (1945 film) | A Kiss for Corliss | Meet Corliss Archer (TV series) | Araby Lockhart | Janet Waldo | Pamela B. Green | Mamie Gummer | Emily Jewell | Sara Botsford | Doddanna | Lisa Wilcox | Katherine Waterston | Connie Sawyer | Yvonne Ridley | Burt Gummer | Ankahee (2006 film) | Chrisann Brennan | Lucy Fry | Shirley Temple | The Card (1952 film) | The Informant! | June Thomson | Sage Kirkpatrick | David Dencik | Meet Corliss Archer | Broken Arrow (1950 film) | The Bite in the Apple | Sela Ward | Plush (film) | Out in Fifty | Dayna Hart | Roy Holder | Campus Confessions | Kyle Craig | Bubble (film) | Ava DuVernay | Emayatzy Corinealdi | American Beauty (1999 film) | Chloe Dykstra | Jawbreaker (film) | Robert Earl Jones | Soha Ali Khan | Leg of mutton nude | Helen Modern | La Femme Musketeer | Snegithiye | Paresh Mokashi | Amy Corzine | Earl and Edgar McGraw | Azie Mira Dungey,1,1,1.0,0,0,0.0,0.5,0.5,0.5,1.0,1.0
dense,pooled,5a85ea095542994775f606a8,bridge,hard,"What science fantasy young adult series, told in first person, has a set of companion books narrating the stories of enslaved worlds and alien species?",Animorphs | The Hork-Bajir Chronicles,"Victoria Hanley | Animorphs | The Hork-Bajir Chronicles | The Divide trilogy | Coral Gardens and Their Magic | Night School: the Web Series | Andre Norton Award | AlphaPets | The Spiderwick Chronicles (film) | Bridge to Terabithia (novel) | Vacuum Diagrams | Summer of the Monkeys | Tom Clancy's Net Force Explorers: Deathworld | Tom Clancy's Net Force Explorers: High Wire | Tom Clancy's Net Force Explorers: Duel Identity | Tom Clancy's Net Force Explorers: Death Match | Tom Clancy's Net Force Explorers: Gameprey | Apprentice Adept | Aye, and Gomorrah, and other stories | From Unknown Worlds | The Birds on the Trees | Shayne Workman | Mai Al-Nakib | The Young Ones (video game) | Young adult fiction | One Night Stand (video game) | Ender's Game (series) | Mary Poppins Opens the Door | Avatar: The Last Airbender (season 1) | Escape from Furnace | Spirit of the Border | Irish Fairy Tales | List of Square Enix companion books | Patterns of Sexual Behavior | Monster Force | Avatar: The Last Airbender (season 2) | Jane de Gay | The Moth Diaries (film) | David Weissman | Merlin Book 10: Shadows on the Stars | Left Behind: The Kids | The Marvelous Land of Oz | Sheila Cavanagh | Sheep (novel) | William R. Harwood | Frostbite (Mead novel) | Manga Bible (series) | Rick Wilber | List of Avatar: The Last Airbender episodes | Tom Clancy's Net Force Explorers: Cold Case",1,1,1.0,0,1,1.0,0.5,1.0,1.0,0.5,0.5
dense,pooled,5adbf0a255429947ff17385a,comparison,hard,Are the Laleli Mosque and Esma Sultan Mansion located in the same neighborhood?,Esma Sultan Mansion | Laleli Mosque,"Esma Sultan Mansion | Laleli Mosque | Sultan Ahmed Mosque | Esma Sultan (daughter of Abdülaziz) | Esma Sultan | Esma Sultan (daughter of Abdul Hamid I) | Esma Sultan (daughter of Ahmed III) | Djamaâ el Kebir | Eski Imaret Mosque | Azam mosque of Qom | New Palace, Kolhapur | Nusretiye Clock Tower | One Marina Boulevard | Hysen Pasha Mosque | Clock Tower of Murshidabad | One Raffles Link | Haripur Barabari | Kasia Al Thani | Chevron House | Buckingham Palace | Kertha Gosa Pavilion | Crowther Masonic Hall | Gevheri Kadın | One Raffles Place | Al Utouriya | Bonsallo Avenue | Sabaa Al Bour | List of tallest buildings in São Paulo | Kumanovo Clock Tower | Asante Traditional Buildings | Lohagarh Fort | Chatta Bazaar | St James's Palace | DoubleTree by Hilton Hotel Los Angeles Downtown | ABQ Uptown | Raffles Place | Eldorado Air Force Station | Pavilion Mall | Galle Clock Tower | Dukenfield Hall | Republic Plaza (Singapore) | Alamo Heights SA | Pune district | Random House Tower | 888 7th Avenue | Gwangjang Market | Las Vegas Festival Grounds | Tell El Sakan | Jeonju Hanok Village | Tazweed Center",1,1,1.0,1,1,1.0,1.0,1.0,1.0,1.0,1.0
dense,pooled,5a8e3ea95542995a26add48d,bridge,hard,"The director of the romantic comedy ""Big Stone Gap"" is based in what New York city?",Adriana Trigiani | Big Stone Gap (film),Big Stone Gap (film) | Manhattan Romance | Stone Stanley Entertainment | All Ages: The Boston Hardcore Film | The Stones (TV series) | The Big Brain | Innerspace | Ako Mitchell | Nýtt líf | Christopher Greenbury | Brett C. Leonard | I Love NY (2015 film) | List of accolades received by La La Land | The Great Gilly Hopkins (film) | Kenneth Posner | Rolling Stone | Pasek and Paul | ATL (film) | Finishing School (1953 film) | John Waters | Aurelio Valle | Street Kings 2: Motor City | Tromeo and Juliet | Striking Distance | Julián Hernández (filmmaker) | South of the Border (2009 film) | David and Sandy Reynolds-Wasco | Chinatown Nights (1929 film) | Feirstein Graduate School of Cinema | Brian C. Bialiy | Harry Bowen (actor) | A World Apart (film) | Blinding Edge Pictures | One Night in Istanbul | Delicatessen (film) | Commedia all'italiana | La Belle Américaine | Ben Elton | Hollywood Star Lanes | Nagesh Bhonsle | List of accolades received by 127 Hours | Schizopolis | Udanchhoo | Richard Kind | James Gunn's PG Porn | Tom Rothrock | James Franco | Nick Cordero | Phillip Boykin | Aram Avakian,1,1,1.0,0,0,0.0,0.5,0.5,0.5,1.0,1.0
dense,pooled,5abd94525542992ac4f382d2,bridge,hard,2014 S/S is the debut album of a South Korean boy group that was formed by who?,2014 S/S | Winner (band),"2014 S/S | BTS discography | List of awards and nominations received by Shinee | Seventeen discography | History (band) | List of songs recorded by TVXQ | Cho Kyuhyun | B2K | Madtown | Rabid Neurosis | List of TVXQ concert tours | List of songs written by Ravi | Winner (band) | Spellbound (TVXQ album) | Something (TVXQ song) | Every End of the Day | Søndagsbarn | Catch Me (album) | Graduation (album) | Hip Hop Since 1978 | 1984 South Asian Games | SF9 (band) | The Journey (Immature album) | Live World Tour: Catch Me in Seoul | Supagroup | The Smalls | The Naked Brothers Band (album) | The Beach Boys | Levolution (album) | Something for the Rest of Us | Under the Blue Moon | Catch Me (TVXQ song) | Changmin | American Beauty/American Psycho Tour | Join Hands | Encore (Eminem album) | Namsung electronics | Omarion | Fireflight | Chrome, Smoke &amp; BBQ | Waiting for the Rest of It | B Boy (song) | The Kids Aren't Alright (Fall Out Boy song) | Live at Winterland 1978 (Avengers album) | Chris Hanzsek | Operation Mojo | The Muggs | In Death Reborn | Booty Luv | Ostava",1,1,1.0,0,0,0.0,0.5,0.5,0.5,1.0,1.0
dense,pooled,5a85b2d95542997b5ce40028,bridge,hard,Who was known by his stage name Aladin and helped organizations improve their performance as a consultant?,Eenasul Fateh | Management consulting,Eenasul Fateh | Claudio Fernández-Aráoz | Management consulting | Darrell Crate | Sean Healey | Eduardo Portela | Raimund Marasigan | Bordan Tkachuk | Alistair Grant | Jeffrey Stanley | Antoine Quinquet | Jonathan Michael Ansell | Dana Shires | Ian Harland | Fazle Hasan Abed | Egon Zehnder | Pamela Gilbert | Peter Torry | E. J. Carroll | Hyrum W. Smith | Keith Bilbrey | ELDee | Keith Bostic | Music Maker (label) | Franz Josef Och | Avenue Capital Group | George Abbott | Liam Cosgrave | Daryl Hall | Amaruk Kayshapanta | Roy Roman | Ottavio Alessi | Leader of Fine Gael | W. Morgan Petty | Owsley Stanley | Joby Talbot | Wes McKinney | Semyon Aranovich | James Alcock | Mark Whitacre | Isaak Hassler | Vance Powell | Araby Lockhart | Pat Robertson | Mona Scott-Young | Andrew Jaspan | Herbert S. Lewis | John Waters | John Bruton | Gerry Marsden,1,1,1.0,0,1,1.0,0.5,1.0,1.0,1.0,1.0
dense,pooled,5a87ab905542996e4f3088c1,bridge,hard,The arena where the Lewiston Maineiacs played their home games can seat how many people?,Androscoggin Bank Colisée | Lewiston Maineiacs,Lewiston Maineiacs | Dwyer Arena | Portland State Vikings football under Jerry Glanville | Androscoggin Bank Colisée | Children's Mercy Park | Shawnee Mission District Stadium | 2008 Kansas City Wizards season | CommunityAmerica Ballpark | Case Gym | 2006–07 QMJHL season | Billings Bulls | Robins Center | 2015–16 Vermont Catamounts men's basketball team | Centro de Congresos Queretaro | 2016–17 Vermont Catamounts men's basketball team | Ryman Auditorium | Vermont Catamounts men's ice hockey | Darling's Waterfront Pavilion | Hey Pa! There's a Goat on the Roof | 2013–14 Vermont Catamounts men's basketball team | 2012–13 Vermont Catamounts men's basketball team | Maxine's Tap Room | 2010–11 Vermont Catamounts men's basketball team | 2012 Ms. Olympia | 1983 Volvo International – Doubles | 2011–12 Vermont Catamounts men's basketball team | 60th National Hockey League All-Star Game | 2011 Ms. Olympia | Vermont Catamounts men's basketball | Campbell Field (Colorado) | Glanford Park | 2010 Ms. Olympia | 1891 Tennessee Volunteers football team | Oregon Ducks football | 1999 Kansas City Wizards season | 2011–12 QMJHL season | College of Staten Island Baseball Complex | Memphis Hustle | 1980 Ms. Olympia | 1981 Ms. Olympia | Parkway Field | Shreveport Steamer | The O2 Arena | Springfield Park (Wigan) | 2011 Pan American Games | 1997 Kansas City Wizards season | Concord Pavilion | Sports in the Las Vegas metropolitan area | Las Vegas Festival Grounds | Arena of Khazan,1,1,1.0,0,1,1.0,0.5,1.0,1.0,1.0,1.0
dense,pooled,5a7bbb64554299042af8f7cc,bridge,hard,"Who is older, Annie Morton or Terry Richardson?",Annie Morton | Terry Richardson,Kenton Richardson | Sammy Howarth | Shaunna O'Grady | Annie Morton | Stacey Kent | Leah Flanagan | Reed A. Albee | Pamela B. Davis | Cressida Bonas | Shelley Fabares | Barbara Higbie | Leontyne Price | Marissa Perry | Maggie Dixon Award | Vashti Cunningham | Hannah Gale | Marta Ribera | Marion Greene | Gretchen Palmer | Anna Simpson | Sarah Drew | Vanessa Bley | Lee Terry | Lady Gaga x Terry Richardson | John Ingram McMorran | Camille Zamora | Gretchen Osgood Warren | Roslyn Dundas | Sela Ward | Laura Linney | Kathy Sullivan (Australian politician) | Beverly Marshall | Johanna Bennett | Molly Childers | Lady Antebellum | Hilarie Burton | Scout Tufankjian | Erica Packer | Vanessa White | Nancy Sinatra | Roberta Vinci | David Huntsinger | Karen Clark Sheard | Lisa Wilcox | Katie Landers | Annie Easley | John Amos | Nancy Spungen | Lee Hazlewood | Jeff Horner,0,1,1.0,0,0,0.0,0.0,0.5,0.5,0.25,0.25
dense,pooled,5a8db19d5542994ba4e3dd00,comparison,hard,Are Local H and For Against both from the United States?,For Against | Local H,"Local H | Mendocino County GMO Ban | Hirabayashi v. United States | Ancient Order of Hibernians | DISCLOSE Act | Immigration policy of Donald Trump | Hibbing, Minnesota | Transport for Greater Manchester | List of Interstate Highways in New York | United States naval gunfire support debate | State media | Sinuiju Special Administrative Region | Greater Manchester Police and Crime Commissioner | United States v. Quiver | Greater Manchester County Council | Public Law 113-167 | A41 road | 2014 NPCSC Decision on Hong Kong | Mike Beard (politician) | For Against | Hallelujah! I'm a Bum (album) | Mayor of Greater Manchester | National Association for Public Health Policy | Summers v. Earth Island Institute | Supporting Healthy Marriage Project | Greater Manchester Integrated Transport Authority | Nevada Union High School | Carey Olsen | Jeff Strabone | List of U.S. state dogs | Whole Woman's Health v. Hellerstedt | 2011 Inner Mongolia unrest | Hong Kong Basic Law | Walkers (law firm) | City of Norwood v. Horney | West Yorkshire Association Football League | Italian American One Voice Coalition | United Kingdom local elections, 2013 | HGGC | United States Mission to the European Union | List of auxiliary Interstate Highways | Chicago Public Media | David Urban | Human Development Index | Franklin D. Roosevelt's record on civil rights | Richard Honaker | Interstate 40 in North Carolina | John Home Robertson | Reynolds v. Sims | Center for Pan Asian Community Services, Inc.",1,1,1.0,0,0,0.0,0.5,0.5,0.5,1.0,1.0
dense,pooled,5a7166395542994082a3e814,bridge,hard,"What is the name of the fight song of the university whose main campus is in Lawrence, Kansas and whose branch campuses are in the Kansas City metropolitan area?",Kansas Song | University of Kansas,"Kansas Song | University of Kansas | Shawnee Mission District Stadium | Truman Sports Complex | Downtown Kansas City | University of Missouri–Kansas City | Bishop Carroll Catholic High School | KOKO-FM | Kansas City jazz | Kapaun Mt. Carmel Catholic High School | North Kansas City, Missouri | CommunityAmerica Ballpark | Kansas City metropolitan area | University of the Incarnate Word | Arrowhead Stadium | History of the Kansas City metropolitan area | Kauffman Stadium | Oikos University shooting | Brown County, Kansas | Civil War (college football game) | Olathe East High School | Kansas City crime family | Children's Mercy Park | Wondering (Dirty Pretty Things song) | 2008 Kansas City Wizards season | 1943 NAIA Division I Men's Basketball Tournament | KGOT | 2016 Kansas City Royals season | For Against | 2017 Kansas City Royals season | Hikky Burr | Doehling–Heselton Memorial Trophy | Charles Deaton | I Don't Want to Go to School | Kevin Lockett | Graduation (album) | Family Reunion (Saliva song) | Oleson Park Music Pavilion | Umpqua Community College shooting | Fruit Bowl | Rutgers University | Portland State Vikings football under Jerry Glanville | Kon Kan | Brown State Fishing Lake | Southeastern Conference | Carnegie Mellon University | Alamo Heights SA | The College Dropout | Beat Happening/Screaming Trees | Kripalu Center",1,1,1.0,1,1,1.0,1.0,1.0,1.0,1.0,1.0
dense,pooled,5a877e5d5542993e715abf7d,bridge,hard,"What screenwriter with credits for ""Evolution"" co-wrote a film starring Nicolas Cage and Téa Leoni?",David Weissman | The Family Man,David Weissman | The Family Man | Adrian Molina | James Franco | Ottavio Alessi | Enrico Casarosa | John Waters | David Yates | Time to Kill (1989 film) | Christopher Greenbury | George Abbott | Identity Films | Spin Out (2016 film) | Deadfall (1993 film) | Poetical Refugee | Tron: Evolution | Innerspace | James Gunn | The Current War | Harley Jessup | The Polar Bears | ATL (film) | Tromeo and Juliet | Ed Wood (film) | David and Sandy Reynolds-Wasco | Aquaman (film) | Alien (film) | American Beauty (soundtrack) | David Ayer | Fantastic Beasts and Where to Find Them (film) | Oz the Great and Powerful | La Belle Américaine | Healing (film) | Roy Holder | Drive Angry | List of accolades received by La La Land | About a Boy (film) | Brandon Dickerson | Larry Wilson (screenwriter) | Alien: Covenant | The Card (1952 film) | Golden Globe Award for Best Animated Feature Film | 11 Harrowhouse | A Summer in the Cage | Enrique Carreras | Flight of the Innocent | Al Pacino on stage and screen | Valentina (2008 film) | Aliens (soundtrack) | Adam Collis,1,1,1.0,1,1,1.0,1.0,1.0,1.0,1.0,1.0
dense,pooled,5ab3b0bf5542992ade7c6e39,bridge,hard,What year did Guns N Roses perform a promo for a movie starring Arnold Schwarzenegger as a former New York Police detective?,End of Days (film) | Oh My God (Guns N' Roses song),Arnold Schwarzenegger filmography | Guns N' Roses discography | Steven Adler | Oh My God (Guns N' Roses song) | The Idols with Sid Vicious | Drive Angry | Jack Grinnage | The Flowers of Romance (band) | Last Action Hero | Jawbreaker (film) | Criminal Lawyer | Striking Distance | Cops and Robbers (1973 film) | Bruno Kirby | Rebel Highway | Cop Out (2010 film) | San Fernando Valley (film) | American Beauty (soundtrack) | Man Against the Mob | True Lies | Johnny Galecki | Planet Terror | Roy Holder | My Pal Trigger | Feirstein Graduate School of Cinema | Nick Cordero | Red Sparrow | Manhattan Romance | American Beauty (1999 film) | Drum Beat | 12th Youth in Film Awards | Mercury Rising | La Femme Musketeer | COPS (animated TV series) | Poison (American band) | Ashley Cheadle | Song of Arizona | Spark (2014 film) | Brandon Dickerson | Agee (film) | Chris Marker | Kishore Dang | Sunset Las Palmas Studios | Dead at 17 | Scream (1996 film) | The Current War | Lights of Old Santa Fe | The Swindle Continues | Slash's Blues Ball | Ken Rose (gridiron football),0,1,1.0,0,0,0.0,0.0,0.5,0.5,0.25,0.25
dense,pooled,5ab56e32554299637185c594,comparison,hard,Are Random House Tower and 888 7th Avenue both used for real estate?,888 7th Avenue | Random House Tower,"Random House Tower | 888 7th Avenue | 712 Fifth Avenue | Flatiron Building | Manhattan Life Insurance Building | New York Life Building | Chevron House | New York Life Insurance Building (Montreal) | 1 Wall Street Court | Villard (imprint) | Dukenfield Hall | CapitaGreen | Bonsallo Avenue | Bank of China Tower (Hong Kong) | Thomas H. Gale House | The Gatehouse, Monmouth | The Apartment - Design Your Destiny | Supreme Life Building | Square and Compass, Worth Matravers | Superman: Tower of Power | Lower Louviers and Chicken Alley | Langston Hughes House | One Marina Boulevard | Pergament Home Centers | Tower City station | Francis H. Kimball | Las Vegas Festival Grounds | Sculptured House | One Raffles Link | Hollywood Star Lanes | Public Law 113-167 | Circus Circus Las Vegas | Staten Island Borough Hall | Eighth Wonder of the World | Gum Wall | Shanghai Grand Theatre | Tropicana – Las Vegas Boulevard intersection | Buena Vista Downtown Historic District | Grace Church School | Corus Quay | Walkers (law firm) | Middlebourne Historic District | ABQ Uptown | House Rules (2003 TV series) | Carl B. Stokes United States Courthouse | Carreras Cigarette Factory | Paulus Hook, Jersey City | Avenue Capital Group | Real estate technology | Shakespeare Public House, Bristol",1,1,1.0,1,1,1.0,1.0,1.0,1.0,1.0,1.0
dense,pooled,5ab6d09255429954757d337d,bridge,hard,The football manager who recruited David Beckham managed Manchester United during what timeframe?,1995–96 Manchester United F.C. season | Alex Ferguson,"Ernest Mangnall | Matt Busby | Alex Ferguson | David Beckham Academy | Joshua Parlby | Manchester United F.C. | Manchester United F.C. in European football | David Beckham's Soccer USA | 1995–96 Manchester United F.C. season | Nick Powell | 2017–18 Wigan Athletic F.C. season | The Class of '92 | Peter Schmeichel | Sir Matt Busby Sports Complex | Ashley Young | Old Trafford, Greater Manchester | 1979–80 Wigan Athletic F.C. season | Curzon Ashton F.C. | 2006–07 Wigan Athletic F.C. season | Bjørn Helge Riise | Jack Truelove | 1996 FA Charity Shield | Lewis Young | Leigh Broxham | 2007–08 Wigan Athletic F.C. season | Sam Long | Trafford Bar tram stop | Chris Williams (English footballer) | Kenton Richardson | List of Wigan Borough F.C. players | Manchester Terrier | 1978–79 Wigan Athletic F.C. season | Salford City F.C. | Gainsborough Trinity F.C. | Donald Duffy | University of Leeds | Kasper Schmeichel | RAF Warmwell | Norman Yardley | Luke Hubbins | Toy Manchester Terrier | Spennymoor Town F.C. | Marquinhos (footballer, born June 1989) | Alan Cransberg | Sommeren '92 | George Young (Scottish footballer) | Springfield Park (Wigan) | Viscount Trenchard | West Yorkshire Association Football League | Martin Linnes",0,1,1.0,0,0,1.0,0.0,0.5,1.0,0.3333333333333333,0.3333333333333333
dense,pooled,5a75e05c55429976ec32bc5f,bridge,hard,Brown State Fishing Lake is in a country that has a population of how many inhabitants ?,"Brown County, Kansas | Brown State Fishing Lake","Brown State Fishing Lake | Fishing Lake | Neosho State Fishing Lake | Shawnee State Fishing Lake | Commanda Lake | Osage State Fishing Lake | Higgins Lake | Yangzong Lake | Brown County, Kansas | Eastern freshwater cod | Lakeland, Tennessee | Blackback barb | Higgins Lake, Michigan | Bangor, Maine | Hanggin Rear Banner | Dian Lake | Borough of Berwick-upon-Tweed | Crater Lake National Park | Wheeling Island | Riverview, New Brunswick | Sweden | Red Rock River (Montana) | Ellenbrook, Western Australia | Lake surfing | Demography of Greater Manchester | Lake District Mysteries | Sinocyclocheilus | Casino, New South Wales | Shanghai | Tenerife | Goonellabah, New South Wales | Smyrna, Georgia | Narrow Hills Provincial Park | Muscogee language | Addis Ababa | Vilsandi | Wollongbar, New South Wales | Solidago rupestris | List of ethnic groups in Ethiopia | Brown | East Branch South Fork Eel River | Be'er Sheva fringe-fingered lizard | Ogallala Aquifer | Dutch language | Waimea Bay, Hawaii | Ashanti Region | Indigenous peoples of Florida | Öresund Committee | ViaPort Florida | Umba River (Tanzania)",1,1,1.0,0,0,1.0,0.5,0.5,1.0,1.0,1.0
dense,pooled,5ab3e45655429976abd1bcd4,bridge,hard,The Vermont Catamounts men's soccer team currently competes in a conference that was formerly known as what from 1988 to 1996?,America East Conference | Vermont Catamounts men's soccer,Vermont Catamounts men's soccer | Vermont Catamounts men's ice hockey | Vermont Catamounts men's basketball | 2010–11 Vermont Catamounts men's basketball team | 2016–17 Vermont Catamounts men's basketball team | 2013–14 Vermont Catamounts men's basketball team | 2012–13 Vermont Catamounts men's basketball team | 2015–16 Vermont Catamounts men's basketball team | 2011–12 Vermont Catamounts men's basketball team | Lewiston Maineiacs | America East Conference | Vancouver Whitecaps FC U-23 | Women's Nordic Football Championship | Portland Timbers U23s | Portland State Vikings football under Jerry Glanville | 2011–12 QMJHL season | Civil War (college football game) | 2017 Rugby League World Cup Group C | SMU Mustangs football under Mike Cavan | College of Staten Island Baseball Complex | 1995–96 VCU Rams men's basketball team | 2006–07 QMJHL season | 2011 Colorado Buffaloes football team | Sports in the Las Vegas metropolitan area | 2013 Rugby League World Cup Group A | 2016–17 Colorado Buffaloes men's basketball team | Oregon Ducks football | 2015–16 Colorado Buffaloes men's basketball team | Switzerland women's national football team | Tertiary Student Rugby League World Cup | 2014–15 VCU Rams men's basketball team | Mouse Davis | 2004–05 VCU Rams men's basketball team | 2015 Colorado Buffaloes football team | Eddy Furniss | List of Stanley Cup champions | 1956 NAIA Division I Men's Basketball Tournament | 2009 Colorado Buffaloes football team | Dwyer Arena | 2012 Colorado Buffaloes football team | Falkland Islands official football team | 2006 Miami Hurricanes football team | Arizona State Sun Devils football | FIFA Women's World Cup | 2014 Colorado Buffaloes football team | Aquinas Old Collegians Football Club | 2016 COTIF Tournament | 2014–15 Colorado Buffaloes men's basketball team | Gambia women's national football team | Battle for the Bell,1,1,1.0,0,0,0.0,0.5,0.5,0.5,1.0,1.0
dense,pooled,5ab29c24554299449642c932,comparison,hard,Are Giuseppe Verdi and Ambroise Thomas both Opera composers ?,Ambroise Thomas | Giuseppe Verdi,"Giuseppe Verdi | Ambroise Thomas | Giuseppe Verdi (film) | Verdi, the King of Melody | List of major opera composers | Ferdinando Provesi | Lorenzo Ratti | Tomaso Albinoni | Jacopo Puccini | Domenico Scarlatti | Teatro Giuseppe Verdi | Cesira Ferrani | Bernhard Bötel | Armand Castelmary | Luigi Rossi | Franco Corelli | Gianni Schicchi | David Alden | Impresario | Myrna Sharlow | Francesco Scarlatti | Conchita Badía | Camille Zamora | O mio babbino caro | Antonio Lotti | Robert Nagy (tenor) | Joseph Anderer | Festival Puccini | Antonio Vivaldi | Leontyne Price | Timbiriche VIII &amp; IX | Six Violin Sonatas, Op. 5 (Vivaldi) | Calcedonio Di Pisa | Here (1954 song) | Enrique Grau | Brad Alexander | Appius and Virginia | Ron Bottcher | Androuet du Cerceau | Jacques I Androuet du Cerceau | La Bohème (1988 film) | Black Nativity | Isaak Hassler | Jean-Baptiste Senaillé | Manuel Quiroga (violinist) | The Duchess of Padua | Paul Méfano | George Frideric Handel | Guido Caldarelli | Morbo (band)",1,1,1.0,1,1,1.0,1.0,1.0,1.0,1.0,1.0
dense,pooled,5ae0d4c9554299603e418468,bridge,hard,Roger O. Egeberg was Assistant Secretary for Health and Scientific Affairs during the administration of a president that served during what years?,Richard Nixon | Roger O. Egeberg,Roger O. Egeberg | Robert Hormats | Nancy Soderberg | Everette James | Lawrence Eagleburger | Richard Socarides | Bradford P. Campbell | William Flynn Martin | Executive Order 10925 | Nelson Rockefeller | Steven K. Galson | Eric Schultz | Otto Reich | The White House Doctor | Robert R. Hood | United States Public Health Service | Edward E. Cox | Edward D. Martin | Office of Population Affairs | Mark Whitacre | Cynthia Hogan | Gordon Johndroe | Howard Warren Buffett | Oyewale Tomori | James A. Winnefeld Jr. | William Masters | Patricio Echegaray | Virginia E. Johnson | Douglas J. Bennet | Peter W. Smith | Ralph Hefferline | Elizabeth Neilson | David Waksberg | Michael Green (political expert) | Franz Josef Och | Neil Blair | Mark D. Fabiani | Masters and Johnson | National Association for Public Health Policy | Secretary of State for Constitutional Affairs | William Connolley | Friedrich Wilhelm von Steuben | Thomas Shea | United States Assistant Secretary of State | Claudio Fernández-Aráoz | George D. Buffett | Ronald Reagan | Ronald Reagan judicial appointment controversies | Edgar Kaiser Jr. | William H. Ginsburg,1,1,1.0,0,0,0.0,0.5,0.5,0.5,1.0,1.0
dense,pooled,5a8133725542995ce29dcbdb,comparison,hard,"Which writer was from England, Henry Roth or Robert Erskine Childers?",Henry Roth | Robert Erskine Childers,"Robert Erskine Childers | Erskine Barton Childers | Henry Roth | Robert Caesar Childers | Robert Barton | Eric Ambler | Molly Childers | Hunter Davies | H. Bedford-Jones | J. M. Barrie | Castle Richmond | Thomas Gordon (writer) | Maurice Walsh | W. F. Morris | Penelope Lively | Alexander Gordon Smith | Douglas Ainslie | Roald Dahl | Irish prose fiction | Richard Marsh (author) | London Review of Books | The Roald Dahl Treasury | Cultural depictions of Harold Godwinson | Wendell Berry | C. Hugh Holman | Arthur Conan Doyle | James P. Comer | Langston Hughes | Michael Atkinson | George I, Earl of March | Arild Nyquist | Dim Gray Bar Press | Gretchen Osgood Warren | British Journal | R509 road (Ireland) | Joseph McGrath (film director) | Summer of the Monkeys | The Last English King | Made in Britain | W. E. Johns | Alfred Gell | William Goldman | The Great Gilly Hopkins | June Thomson | Antoine Quinquet | The Greek Princess and the Young Gardener | Earl of Dunbar | J. G. Farrell | Alistair Grant | Georges-Henri Bousquet",1,1,1.0,0,1,1.0,0.5,1.0,1.0,1.0,1.0
dense,pooled,5ae7a8175542993210983ed8,bridge,hard,Which other Mexican Formula One race car driver has held the podium besides the Force India driver born in 1990?,Formula One drivers from Mexico | Sergio Pérez,"Formula One drivers from Mexico | Sergio Pérez | Eduardo Troconis | Dario Franchitti | Marino Franchitti | 2002 Gran Premio Telmex-Gigante | Michael James Lewis | 2009 Singapore Grand Prix | Johnny Mowlem | Ryan Hunter-Reay | 6 Hours of Mexico | Alex Zanardi | Nora Rocha | 1998 Molson Indy Vancouver | Tony Ave | Force India VJM04 | 2015 Toyota Grand Prix of Long Beach | 2011 Honda Indy Toronto | Andre Thysse | Catharina Felser | 2017 Toyota Grand Prix of Long Beach | 1998 Toyota Grand Prix of Long Beach | 2009 Honda Indy Toronto | Jorge Lozano | 2016 Toyota Grand Prix of Long Beach | 2011 Indy Grand Prix of Sonoma | 2006 Toyota Grand Prix of Long Beach | Marquinhos (footballer, born June 1989) | 1988 Volvo International – Doubles | Johnny Rutherford | Emílio da Silva | Mike Shank | Premio Lo Nuestro 2003 | 2015 Rogers Cup – Women's Doubles | Edwin L. Mechem | 2013 Toyota Grand Prix of Long Beach | 2014 Toyota Grand Prix of Long Beach | 1994 Athens International – Doubles | 2015 Wimbledon Championships – Women's Doubles | Enrique Grau | Enrique Carreras | Vince Phillips | Flavia Pennetta | Nico Pandiani | Rod Carr | 1982 U.S. Pro Indoor – Doubles | Ferdi Taygan | Manuel Quiroga (violinist) | 1983 Volvo International – Doubles | Alencier Ley Lopez",1,1,1.0,1,1,1.0,1.0,1.0,1.0,1.0,1.0
dense,pooled,5ae6050f55429929b0807a5e,bridge,hard,This singer of A Rather Blustery Day also voiced what hedgehog?,A Rather Blustery Day | Jim Cummings,Jim Cummings | Kate Higgins | A Rather Blustery Day | Barnyard Dawg | Dan Castellaneta | Peter Morén (drummer) | Brian Doyle-Murray | Mark Arm | The Itchy &amp; Scratchy Show | Hubert Gagnon | Frank Beard (musician) | Heffalumps and Woozles | Dave Meros | Roland Rat | Kang and Kodos | Mark Britten | Cheech Marin | Matt Cameron | Krusty the Clown | Winnie the Pooh and the Blustery Day | Chris Hanzsek | Jamboree (Beat Happening album) | Hip Hip Pooh-Ray! | Daniel House | Dog Tales (1958 film) | Mick (DJ) | Robby Benson | Hans Orifice | Rumen Petkov | Bad News (band) | Ghost Rider (Suicide song) | Gary Lee Conner | Chris Hardwick | Rizzo the Rat | Bruno Kirby | Richard Kind | Tom Morello discography | Tom Rothrock | Kent Stax | Lee Hazlewood | Brian A. Miller | Joey Miyashima | Duke Tumatoe | Nick Cordero | Lucas Grabeel | Atsushi Sakurai | Larry Drake | Gonzo (Muppet) | Lil Ru | A Miser Brothers' Christmas,1,1,1.0,0,1,1.0,0.5,1.0,1.0,1.0,1.0
dense,pooled,5adddccd5542997dc7907069,bridge,hard,"Aside from the Apple Remote, what other device can control the program Apple Remote was originally designed to interact with?",Apple Remote | Front Row (software),"Apple Remote | Apple Remote Desktop | Siri Remote | Remote control | Universal remote | NetSupport Manager | Front Row (software) | Apple Watch | MacScan | Chrisann Brennan | Shepardson Microsystems | Polycom | Tom Clancy's Splinter Cell: Pandora Tomorrow | Atari XEGS | Sam Fisher (Splinter Cell) | Lisa Brennan-Jobs | The Bite in the Apple | Atari Assembler Editor | Trainmaster Command Control | Barbie and the Secret Door | Cynthia Hogan | Accessible Media | Snowdrop (game engine) | Viglen | Functionality doctrine | Id Tech 5 | CUPS (CMU) | Workflow Resource Planning | Surround (video game) | Ethiopia–Japan relations | Key System | The Polar Bears | Fruit salad | Gordon Johndroe | Star Ship | Kate Higgins | Spaceware Sky Vision II | Nuria Oliver | Mercenaries, Spies and Private Eyes | Jay Leiderman | The Key (1961 film) | Chris McKay | Holly Bruder | Partners (2012 TV series) | Rockstar Advanced Game Engine | Star Trek (2013 video game) | Sage Kirkpatrick | Cosmos: A Spacetime Odyssey | Carbon button lamp | Pilot (Will &amp; Grace)",1,1,1.0,0,0,1.0,0.5,0.5,1.0,1.0,1.0
dense,pooled,5ae2070a5542994d89d5b313,comparison,hard,"Which performance act has a higher instrument to person ratio, Badly Drawn Boy or Wolf Alice? ",Badly Drawn Boy | Wolf Alice,"Wolf Alice | The Hour of Bewilderbeast | About a Boy (soundtrack) | Badly Drawn Boy discography | Badly Drawn Boy | Under an Hour | Voice type | Three Tall Women | Alice David | David Alden | Roy Roman | Open Admissions | Drama Desk Award for Outstanding Solo Performance | Tara Strong | Tara Strong filmography | Joseph Anderer | Brylan Van Artsdalen | My Fair Lady (Broadway cast recording) | Craig v. Boren | Participant observation | Finding the Sun | Even Steven Levee | About a Boy (film) | Rave music | The Voice Kids (Arabic TV series) | Alice Upside Down | Mark Britten | Mariette Leslie Cotton | Proceed, Moon | Lisa Wilcox | Hugh Gallagher (humorist) | Better Off Alone | Accompaniment | Mississippi Institute of Arts and Letters | Rostker v. Goldberg | Kenneth Posner | Didi Beck | Søren Rasted | Beautiful Young Minds | Academy Award for Best Film Editing | Experimental musical instrument | Tom Morello discography | Silent Sigh | 2011 Ms. Olympia | Bobby Fox | Jack Gelber | The Soloist | A Christmas Story: The Musical | 2012 Ms. Olympia | Chris Funk",1,1,1.0,0,1,1.0,0.5,1.0,1.0,1.0,1.0
dense,pooled,5ae22b8d554299234fd0440f,bridge,hard,What was the father of Kasper Schmeichel voted to be by the IFFHS in 1992?,Kasper Schmeichel | Peter Schmeichel,"Kasper Schmeichel | Kasper Hvidt | Isaak Hassler | Peter Schmeichel | Donald Duffy | Ernst Heinrich Lindemann | Kevin Sheehan | Marquinhos (footballer, born June 1989) | IFFHS World's Best Goalkeeper | Mehmet Tillem | IFFHS World's Best Club Coach | Michael Atkinson | Gevheri Kadın | Paddy O'Rourke (Meath footballer) | Marino Franchitti | Jens Risom | 1988 Volvo International – Doubles | Khosrow IV | Nikolai Podgorny | Paul Sauvage (aviator) | Martin Linnes | Mat Dan | Kasia Al Thani | Antoine Quinquet | Bjørn Helge Riise | Mohammad Salman (cricketer, born 1981) | Bernhard Vogel (politician) | Ernst Lindemann | Philip Ruddock | Mahbub ul Haq | Ibn Khaldun | Nico Pandiani | Sommeren '92 | John Bruton | Leader of Fine Gael | Sami ul Haq | Fine Gael leadership election, 2017 | Søren Solkær | Atiqur Rahman Meshu | Eduardo Portela | Alex Zanardi | Gus Williams (musician) | Gretchen Osgood Warren | Lavr Kornilov | Swedish general election, 1982 | Ibrahim Tall | Andrei Kirilenko (politician) | Son of al Qaeda | Leo Varadkar | Michael Hjälm",1,1,1.0,0,1,1.0,0.5,1.0,1.0,1.0,1.0
dense,pooled,5a722b8655429971e9dc9329,bridge,hard,Who was the writer of These Boots Are Made for Walkin' and who died in 2007?,Lee Hazlewood | These Boots Are Made for Walkin',"These Boots Are Made for Walkin' | Boots (EP) | Boots (album) | Nancy Sinatra | The Twenty-fifth Anniversary Anthology | Puss N' Boots/These Boots Are Made for Walkin' | Kon Kan | Booty Luv | Clinton Walker | Bad News (band) | Vance Powell | Oh, No! Not THEM! | Corey Smith (artist) | Hunter Davies | The Muggs | Mark Castillo | Lostprophets | Buried Country | James Packer | Roald Dahl | Nat and Alex Wolff | Walkers (law firm) | Gerry Marsden | Mike Smith (A&amp;R man) | Wool on Wolves | Langston Hughes | Christian Death | Au Pairs (band) | Terry Richardson | David Ayer | Ken St. Andre | End of the Road (1970 film) | Bread and Roses, Too | Daniel House | Michael Finnegan (song) | Mirages (album) | Owsley Stanley | Hall &amp; Oates | Jonathan Wolfson | Peter Swales (historian) | Daryl Hall | Erica Packer | Dead at 17 | Bizarre (rapper) | Eric Ambler | List of songs recorded by Linkin Park | Screaming Trees | Dana Shires | The Flowers of Romance (band) | Nat Wolff",1,1,1.0,0,0,0.0,0.5,0.5,0.5,1.0,1.0
dense,pooled,5adf37a95542995ec70e8f97,bridge,hard,"The 2011–12 VCU Rams men's basketball team, led by third year head coach Shaka Smart, represented Virginia Commonwealth University which was founded in what year?",2011–12 VCU Rams men's basketball team | Virginia Commonwealth University,2009–10 VCU Rams men's basketball team | 2011–12 VCU Rams men's basketball team | 2015–16 VCU Rams men's basketball team | 2014–15 VCU Rams men's basketball team | 2013–14 VCU Rams men's basketball team | 2010–11 VCU Rams men's basketball team | 2012–13 VCU Rams men's basketball team | 1995–96 VCU Rams men's basketball team | 2004–05 VCU Rams men's basketball team | Virginia Commonwealth University | Buzz Peterson | 2009 Virginia Cavaliers football team | Eduardo Portela | Jerry Lucas | Mouse Davis | Jeff Horner | Presley Askew | Richard Jacob | Robins Center | 2011–12 Vermont Catamounts men's basketball team | Weldon Drew | 2006 Alabama Crimson Tide football team | 2014–15 Charlotte Hornets season | Reggie Witherspoon (basketball) | 1961 Arizona State Sun Devils football team | SMU Mustangs football under Mike Cavan | 1938 Tennessee Volunteers football team | Phil Bennett (American football) | 2013 Texas Tech Red Raiders football team | 2008 Fiesta Bowl | Vermont Catamounts men's basketball | Frank Martin (basketball) | 1952 Arizona State Sun Devils football team | 1954 Arizona State Sun Devils football team | Arizona State Sun Devils football | 2006 Miami Hurricanes football team | Muggsy Bogues | Delray Brooks | James Blackmon Sr. | 1964 Illinois Fighting Illini football team | 2016 Texas Tech Red Raiders football team | 1951 Arizona State Sun Devils football team | 2010–11 Vermont Catamounts men's basketball team | 2012–13 Vermont Catamounts men's basketball team | Trojans Rugby Football Club | Nevada Union High School | Rick Clausen | 2014 Texas Tech Red Raiders football team | 2014–15 Colorado Buffaloes men's basketball team | 1899 Tennessee Volunteers football team,1,1,1.0,0,0,1.0,0.5,0.5,1.0,0.5,0.5
dense,pooled,5abd259d55429924427fcf1a,comparison,hard,"Are both Dictyosperma, and Huernia described as a genus?",Dictyosperma | Huernia,Dictyosperma | Huernia | Ehretia | Brintonia | Phlebodium | Cupressus | Myiodynastes | Libocedrus | Pilgerodendron | Stenocereus | Fokienia | Cranberry | Broughtonia sanguinea | Leptosporangiate fern | Eucryphia | Marsilea | Solidago speciosa | Lepidozamia | Marsilea minuta | Pieris (plant) | Adenocarpus viscosus | Pandanus conoideus | Be'er Sheva fringe-fingered lizard | Sorbaria | Ingerophrynus | Goldenrod | Solidago ouachitensis | Solidago rugosa | Solidago curtisii | Broughtonia | Durvillaea willana | Ferocactus | Pachypodium lealii | Cypress | Fruitadens | Phlebodium aureum | Sinopieris | Pieris floribunda | Inquiline | Cypress-pine | Tree fern | Cinizasaurus | Silene | Stephanitis takeyai | Sphaerotholus | Paracaleana | Leptospermum | Marsileaceae | Ajugeae | Solidago rupestris,1,1,1.0,1,1,1.0,1.0,1.0,1.0,1.0,1.0
dense,pooled,5a828c8355429966c78a6a50,bridge,hard,Kaiser Ventures corporation was founded by an American industrialist who became known as the father of modern American shipbuilding?,Henry J. Kaiser | Kaiser Ventures,Henry J. Kaiser | Kaiser Shipyards | Kaiser Ventures | Edgar Kaiser Sr. | John Roach &amp; Sons | Neafie &amp; Levy | New York Shipbuilding Corporation | Edgar Kaiser Jr. | Oregon and Transcontinental Company | Kohlberg Kravis Roberts | Henkel | Darrell Crate | Eagle Mountain Railroad | Digital Media Factory | Nerdist Industries | Manhattan Life Insurance Company | BauMax | Lowe's | Jonathan Michael Ansell | Manischewitz | Halliburton | Warren Buffett | Inner Mongolia First Machinery Group Corporation | Lithia Motors | Gordon Johndroe | Frank Lowy | John Adlum | MS Excelsior Neptune | Howard Graham Buffett | Allen &amp; Company Sun Valley Conference | Rogers Locomotive and Machine Works | TaeguTec | A&amp;W Restaurants | Exxon | Rupert Murdoch | Davey Tree Expert Company | Sterling Entertainment Group | John A. Brown (department store) | Jim Puplava | Lisa Brennan-Jobs | Affiliated Managers Group | Noel C. Bloom | 21st U-boat Flotilla | Mercedes-AMG | St. Jude Medical | German battleship Bismarck | Maratha Navy | Media proprietor | VELUX | Schwartz's,1,1,1.0,0,1,1.0,0.5,1.0,1.0,1.0,1.0
dense,pooled,5a8a3e745542996c9b8d5e70,bridge,hard,"What is the name for the adventure in ""Tunnels and Trolls"", a game designed by Ken St. Andre?",Arena of Khazan | Tunnels &amp; Trolls,"Tunnels &amp; Trolls | Ken St. Andre | Arena of Khazan | Tunnels &amp; Trolls: Crusaders of Khazan | Tron Evolution: Battle Grids | Gateways (video game) | The Lost Vikings | Gamer (film) | In the Realm of the Hackers | Tron: Evolution | Amen: The Awakening | Hey Pa! There's a Goat on the Roof | Portal (series) | Tom Clancy's Splinter Cell: Pandora Tomorrow | Tomb Raider | Portal 2 | Mercenaries, Spies and Private Eyes | Starfaring | Portal (video game) | Lara Croft Go | Outlast | Lego Knights' Kingdom | Rockstar Advanced Game Engine | Jon St. Andre | Struggle for Rome (board game) | Elasund | Apprentice Adept | The Surreal Life: Fame Games | Icehouse pieces | Fez (video game) | Treehouse (game) | Jump into Hell | Dance Dance Revolution Mario Mix | The Kids of Catan | Kingsglaive: Final Fantasy XV | Ruakuri Cave | This Is the Life (2008 film) | Id Tech 5 | List of Tomb Raider media | ParaEngine | The Ganymede Takeover | Dance Factory (video game) | Crank Caverns | Kill Doctor Lucky | Roland Rat | Tomb Raider III | Poleconomy | Prince of Persia: The Sands of Time | X-Men: The Official Game | Pirate's Cove",1,1,1.0,0,1,1.0,0.5,1.0,1.0,1.0,1.0
dense,pooled,5ac23ff0554299636651994d,bridge,hard,"When was Poison's album ""Shut Up, Make Love"" released?","Poison (American band) | Shut Up, Make Love","Shut Up, Make Love | Poison (American band) | Be the One (Poison song) | Suicide (1977 album) | Miranda (album) | Skin Yard (album) | Emotional Technology | Love Streams (album) | The Idols with Sid Vicious | Make Love Not War (album) | Radio Amor | Current Mood | Compilation (The Clean album) | Levolution (album) | Make Love | Love Songs: A Compilation... Old and New | No Promises (Icehouse song) | Chrome, Smoke &amp; BBQ | We Can Get Together | B2K | Ungod | Sunset Blvd. (Yancey Boys album) | Hate Them | Aquarium (Aqua album) | Reckless (Jeremy Camp album) | Lana Del Rey discography | Clouds (Apollo Brown album) | Mild and Hazy | Guns N' Roses discography | Notbroken | Osc-Dis | The Swindle Continues | In Death Reborn | Xtended Play Version 3.13 | Beatitude (album) | Feel Good Inc. | Join Hands | Kill Kill (song) | Mind If We Make Love to You | Kiss (Carly Rae Jepsen album) | The Naked Brothers Band: Music from the Movie | Bradley Gaskin | Goo Goo Dolls (album) | List of awards and nominations received by Shinee | The Journey (Immature album) | Notorious (The Saturdays song) | Kill the Lights (Luke Bryan album) | I Don't Care (Fall Out Boy song) | High Lonesome (Randy Travis album) | Graduation (album)",1,1,1.0,1,1,1.0,1.0,1.0,1.0,1.0,1.0
dense,pooled,5ae4a3265542995ad6573de5,comparison,hard,"Hayden is a singer-songwriter from Canada, but where does Buck-Tick hail from?",Buck-Tick | Hayden (musician),Hayden (musician) | Atsushi Sakurai | Buck-Tick | Skyscraper National Park | Masami Tsuchiya | Mick (DJ) | Chris Hanzsek | Lady Antebellum | Leah Flanagan | Lil Ru | Mark Arm | Daniel House | The Caledonia Soul Orchestra | Where It's At (album) | Mike Smith (A&amp;R man) | Adam Craig (singer-songwriter) | Sean Yseult | Hanna–McEuen | Lonestar discography | Kyo (musician) | Highspeed Hayride | Mark Britten | Local H | Gruntruck | Dustin Lynch (album) | Robin Bailie | Candy Coburn | Skin Yard | Jason Byrne (comedian) | Ghost Rider (Suicide song) | Hip Hop Since 1978 | Suffrajett | Søren Solkær | The Foundation (Zac Brown Band album) | Randy Travis | Corey Smith (artist) | Chixdiggit | Anna Simpson | Duets: Re-working the Catalogue | J-Shin | Country Music Star No. 1 | Snapback (song) | Maroon 5 | Noel C. Bloom | Cargo Records (Canada) | Aurelio Valle | Small Town Boy (song) | Wool on Wolves | Stranger in Town (album) | Under Your Skin (album),1,1,1.0,0,1,1.0,0.5,1.0,1.0,1.0,1.0
dense,pooled,5ae0361155429925eb1afc2c,bridge,hard,Which  French ace pilot and adventurer fly L'Oiseau Blanc,Charles Nungesser | L'Oiseau Blanc,"L'Oiseau Blanc | Gervais Raoul Lufbery | Paul Sauvage (aviator) | François Coli | Georges Madon | Charles Nungesser | Manfred Meurer | Wooster and Davis | Levasseur PL.8 | L'Oiseau bleu (Metzinger) | Ernest Foot | Paul Zorner | Ilmari Juutilainen | W. E. Johns | Albert Ball | Jacques Androuet II du Cerceau | USS Belleau Wood (CVL-24) | Jean Baptiste Androuet du Cerceau | Henri Bergson | Jean Androuet du Cerceau | Androuet du Cerceau | Jacques I Androuet du Cerceau | Butch Van Artsdalen | Lydia Litvyak | Latresne | Balearic Caper | Jacques Mathou | Salomon de Brosse | Marco da Silva (French footballer) | Paris Awakens | Paul Androuet du Cerceau | Ayesha Farooq | Jean Portante | George Cayley | Marquinhos (footballer, born June 1989) | L'affiche rouge | Flying with Music | Carl Barât | Antoine Quinquet | Egon Mayer | Ashley Rolfe | Nico Pandiani | Jean Baptiste Assenede | American Expeditionary Forces | Flyboys (film) | USS Belleau Wood | Søren Solkær | Jacques Sernas | 339th Flight Test Squadron | Bertha Runkle",1,1,1.0,0,0,1.0,0.5,0.5,1.0,1.0,1.0
dense,pooled,5abc0a5d5542993f40c73c64,comparison,hard,Are Freakonomics and In the Realm of the Hackers both American documentaries?,Freakonomics (film) | In the Realm of the Hackers,"Freakonomics (film) | Freakonomics Radio | Freaky Eaters (TLC series) | In the Realm of the Hackers | Hackers (film) | Richard Hammond's Engineering Connections | Hidden America with Jonah Ray | Cosmos: A Spacetime Odyssey | Sci Fi Science: Physics of the Impossible | Robin Goldstein | Operation Mojo | Paranormal Activity: The Marked Ones | The Sum of All Fears | Monster Force | New Haven Documentary Film Festival | Tom Clancy's Net Force Explorers: Deathworld | Tom Clancy's Net Force Explorers: High Wire | Tom Clancy's Net Force Explorers: Duel Identity | Tom Clancy's Net Force Explorers: Death Match | Tom Clancy's Net Force Explorers: Gameprey | Deliver Us from Evil (2014 film) | James Burke (science historian) | Swedish Dicks | Jay Leiderman | Stargate SG-1 | Aaron Faulls | Planet Terror | Connections (TV series) | National Geographic Explorer | Beautiful Young Minds | The Joe Schmo Show | Damon Dark | Breaking Bad | COPS (animated TV series) | Stargate: Continuum | Jessica Chobot | CBS Television Workshop | Gryphon (film) | Oh, No! Not THEM! | Logan Lucky | Burt Gummer | Chris Hardwick | Maltin on Movies | American Hardcore (film) | Alec Muffett | Scouts Guide to the Zombie Apocalypse | Doc NYC | Peter Swales (historian) | Peter W. Smith | The Knick",1,1,1.0,0,1,1.0,0.5,1.0,1.0,1.0,1.0
dense,pooled,5a7cc50e554299452d57ba3e,comparison,hard,"Which band, Letters to Cleo or Screaming Trees, had more members?",Letters to Cleo | Screaming Trees,Screaming Trees | Screaming Trees discography | Letters to Cleo | Change Has Come | Truly | The Beach Boys | The Caledonia Soul Orchestra | Bad News (band) | Skin Yard | Lostprophets | The Suicide File | Van Conner | Beat Happening/Screaming Trees | Join Hands | Adam and the Ants | List of Canned Heat members | Timothy &quot;Yogi&quot; Watts | Mark Arm | Jamboree (Beat Happening album) | Steve Miller Band | INXS | Wolf Alice | John Fogerty | Rivermaya | Au Pairs (band) | Cat Butt | Dave Meros | Slash's Blues Ball | The Smalls | Owsley Stanley | The Famines (band) | Ostava | The Flowers of Romance (band) | The Grassroot Deviation | Gary Lee Conner | Local H | Mike Smith (A&amp;R man) | Hall &amp; Oates | Peter Morén (drummer) | Darkthrone | Fireflight | List of songs recorded by Syd Barrett | Lonestar discography | Family Reunion (Saliva song) | Liquid Acrobat as Regards the Air | Raimund Marasigan | Chris Robinson Brotherhood | Kent Stax | List of songs recorded by Linkin Park | The Saturdays,1,1,1.0,0,1,1.0,0.5,1.0,1.0,1.0,1.0
dense,pooled,5abf63f15542997ec76fd3ea,bridge,hard,Alexander Kerensky was defeated and destroyed by the Bolsheviks in the course of a civil war that ended when ?,Russian Civil War | Socialist Revolutionary Party,"Kerensky–Krasnov uprising | Battle of Romanovka | Russian Civil War | Communism in Russia | Socialist Revolutionary Party | Alexander Kerensky | Lavr Kornilov | Left-wing uprisings against the Bolsheviks | Anastas Mikoyan | Andrei Kirilenko (politician) | Ephraim Sklyansky | Timofey Samsonov | Michael Lunin | Battle of Berestechko | Nikolai Podgorny | Mikhail Suslov | Battle of Glendale (Skye) | Bukhara operation (1920) | Battle of Klushino | Sergo Mikoyan | Shiners' War | Confrontation (TV series) | Battle of Blue Licks | Louise Bryant | Battle of Fallen Timbers | Lydia Litvyak | 1983 Donnay Indoor Championships – Doubles | Khosrow IV | Patrick IV, Earl of March | Alexander II Column in Odessa | Soviet cruiser Kirov | 2010 Kiev Victory Day Parade | Henry Fox-Strangways, 3rd Earl of Ilchester | George I, Earl of March | Krajmir | Pavel Alexandrov | Treaty of Gandamak | All Costs Paid | Samo | Giuseppe Arimondi | Battle of Stamford Bridge | Rusalka | Catuvellauni | Siege of Bharatpur (1805) | Battle of Clitheroe | Viktoras Kulvinskas | Gospatric, Earl of Northumbria | 1982 Volvo Masters – Doubles | George II, Earl of March | Tefik Mborja",0,1,1.0,0,1,1.0,0.0,1.0,1.0,0.3333333333333333,0.3333333333333333
dense,pooled,5a8ef2a75542995a26add583,bridge,hard,Seven Brief Lessons on Physics was written by an Italian physicist that has worked in France since what year?,Carlo Rovelli | Seven Brief Lessons on Physics,Seven Brief Lessons on Physics | Chiara Nappi | Carlo Rovelli | Guido Caldarelli | Aldo Pontremoli | Claudio Pellegrini | Sergio Ferrara | Antonino Lo Surdo | Émilie du Châtelet | Antoine Quinquet | Franci Cerar | Jean-Baptiste Senaillé | Semyon Aranovich Gershgorin | Introduction to Metaphysics (Bergson) | Henri Bergson | Karel Dežman | Laws of association | Jean Baptiste Androuet du Cerceau | The Physics of Superheroes | Jean Portante | Marcel Trillat | William Bonfield | Georges-Henri Bousquet | John Hirst (historian) | Le Conversazioni | George Cayley | Musée Henri-Mathieu | William Connolley | Sci Fi Science: Physics of the Impossible | Roberta Vinci | Luigi Rossi | Matter and Memory | Jacques Mathou | Micropædia | Pavel Urysohn | 4 a.m. (novel) | Jean de Chastelet | Flavia Pennetta | Paul Méfano | Marino Franchitti | Time and Free Will | François Coli | Nuria Oliver | Adriana Trigiani | Suanfa tongzong | Franz Josef Och | E. Mavis Hetherington | Moina Mathers | Domenico Scarlatti | Calcedonio Di Pisa,1,1,1.0,0,1,1.0,0.5,1.0,1.0,1.0,1.0
dense,pooled,5a80721b554299485f5985ef,bridge,hard,"The Livesey Hal War Memorial commemorates the fallen of which war, that had over 60 million casualties?",Livesey Hall War Memorial | World War II casualties,"Livesey Hall War Memorial | Alamein Memorial | Vietnam War Memorial, Hanoi | Rainham War Memorial | Freetown Memorial | Tower Hill Memorial | Portsmouth Naval Memorial | Aisne-Marne American Cemetery and Memorial | Arras Flying Services Memorial | Masnières Newfoundland Memorial | Dras War Memorial | Devon County War Memorial | York City War Memorial | Manchester Cenotaph | Spalding War Memorial | World War II casualties | Battle of Norfolk | Elmo M. Haney | 2007 Memorial Cup | John MacGregor (VC) | Maiwand Lion | VMF-512 | 2010 Kiev Victory Day Parade | Berlin Peace Column | Hill Air Force Base | SS General von Steuben | Ernst Kals | Savage's Station, Virginia | Joseph L. Follett | German destroyer Z43 | VMF-215 | San Jacinto Monument | Hansjürgen Reinicke | April 2007 Mosul massacre | 7th Virginia Regiment | Battle of Belleau Wood | David Waksberg | Miss Nepal 2010 | St. Jude Medical | VMAQT-1 | Children's Mercy Park | Tonkin Gulf Yacht Club | Battle of Malvern Hill | German auxiliary cruiser Widder | Armageddon in Retrospect | VMF-511 | 21st U-boat Flotilla | Wyman Park, Baltimore | Lavr Kornilov | The Greatest Gift (TV series)",1,1,1.0,0,0,0.0,0.5,0.5,0.5,1.0,1.0
dense,pooled,5ab51dae5542991779162d82,comparison,hard,Are both Elko Regional Airport and Gerald R. Ford International Airport located in Michigan?,Elko Regional Airport | Gerald R. Ford International Airport,"Gerald R. Ford International Airport | Elko Regional Airport | John Glenn Columbus International Airport | Bishop International Airport | Gerald R. Ford Presidential Library | Gerald R. Ford Freeway | Eldorado Air Force Station | American Airlines Shuttle | Logan International Airport | Nashville Terminal Subdivision | Wisconsin Center | Raleigh Executive Jetport | U.S. Route 287 | Charlotte metropolitan area | Grantley Adams International Airport | Pitt Meadows Airport | Denver International Airport | Air Vegas | Pensacola International Airport | Townsville Airport | Parma Airport | Hill Air Force Base | Charlotte Douglas International Airport | Greater Manchester Integrated Transport Authority | Hounsfield Heights/Briar Hill, Calgary | Tower City station | Higgins Lake, Michigan | Silver Line Way (MBTA station) | Kazan International Airport | Scott County Transit | Marietta Air Force Station | Yingkou Lanqi Airport | Shawnee Mission District Stadium | CommunityAmerica Ballpark | A5117 road | Escalante Petrified Forest State Park | Camp Pedricktown radar station | Michigan Democratic primary, 2016 | U.S. Route 19 Truck (Pittsburgh) | M180 motorway | Bonsallo Avenue | Neosho State Fishing Lake | Malmö Harbour Heliport | University of the Incarnate Word | 122nd Fighter Aviation Squadron | 415th Flight Test Flight | Eastern Air Lines Shuttle | Raffles Place MRT Station | FedEx Express Flight 80 | Higgins Lake",1,1,1.0,1,1,1.0,1.0,1.0,1.0,1.0,1.0
dense,pooled,5a7571135542992d0ec05f98,bridge,hard,Ralph Hefferline was a psychology professor at a university that is located in what city?,Columbia University | Ralph Hefferline,"Ralph Hefferline | E. Mavis Hetherington | Columbia University | David H. Bailey | Jeffrey Stanley | David S. Touretzky | Ian Harland | Stanley Coren | Barry Beyerstein | Frank L. Schmidt | David C. Funder | Princeton Neuroscience Institute | Lori L. Holt | Kenneth LaValle | Abraham Maslow | Masters and Johnson | Carnegie Mellon University | Richard Jacob | William Masters | Richie Garner | Kimberly Young | Umpqua Community College shooting | University of Kansas | Westminster School, Adelaide | Roger O. Egeberg | Charles Teague (baseball) | James Fieser | Progress Energy Inc | Elizabeth Neilson | Casey Weldon | Feirstein Graduate School of Cinema | Jack Gelber | Gloriana St. Clair | Brian C. Bialiy | Donald West VanArtsdalen | Freud: A Life for Our Time | Everette James | Douglas J. Bennet | Robert Hormats | Association of Social Anthropologists | Albanian University in Berat | 2016–17 Vermont Catamounts men's basketball team | John MacGregor, Baron MacGregor of Pulham Market | Bard College Berlin | King's College London | Kripalu Center | Brenda McCowan | Mister Pipeline | UC Berkeley College of Natural Resources | Shannon Bell",1,1,1.0,0,1,1.0,0.5,1.0,1.0,1.0,1.0
dense,pooled,5a7a0e1e5542990783324e1a,comparison,hard,Which dog's ancestors include Gordon and Irish Setters: the Manchester Terrier or the Scotch Collie?,Manchester Terrier | Scotch Collie,"Scotch Collie | English Setter | Manchester Terrier | Toy Manchester Terrier | Florence Nagle | Bulldog | Collie | Dog Tales (1958 film) | Teddy Roosevelt Terrier | List of U.S. state dogs | Russkiy Toy | Jack and His Comrades | Feist (dog) | Sussex chicken | Breed standard (dogs) | Basset Hound | Leonberger | Sean Connor | British people | St. Mary's Priory (Lothian) | George Gordon (bishop) | Angus cattle | Shiners' War | Donegal Celtic F.C. | Auchterhouse Castle | Humber Warhawks | Robin Bailie | Scottish Borders | Patrick IV, Earl of March | Catuvellauni | William Levett (baron) | Shaggy Dog Story (TV) | Henry Fox-Strangways, 3rd Earl of Ilchester | Stanley Coren | History of England | Irish Fairy Tales | Aonghus Mór | Pulham Market | Robert Barton | Molly Childers | Prior of St Andrews | Baron Dunalley | Portstewart F.C. | Søren Solkær | Corieltauvi | Gospatric, Earl of Northumbria | Patrick Kennedy (folklorist) | British University Hurling Championship | Santa's Little Helper | Bedale",1,1,1.0,0,1,1.0,0.5,1.0,1.0,1.0,1.0
dense,pooled,5a74106b55429979e288289e,bridge,hard,Where is the company that Sachin Warrier worked for as a software engineer headquartered? ,Sachin Warrier | Tata Consultancy Services,"Sachin Bansal | Sachin Warrier | Keith Bostic | Digital Media Factory | Sachin H. Jain | Claudio Fernández-Aráoz | Jory Prum | Sean Healey | John Waters | Darrell Crate | Kamran Rasheed | Venkatesan Guruswami | Mahesh Bhupathi Tennis Academy | The Works (restaurant) | V. V. Creations | Wayne Parnell | Pershing Square Capital Management | Mahesh Bhupathi | Atiqur Rahman Meshu | Mohammad Salman (cricketer, born 1981) | Joshua Parlby | Chris Menges | Eduardo Portela | Kent County Cricket Club in 2011 | Aryanto Yuniawan | Tom Caplen | Semyon Aranovich | Nuria Oliver | Jacques Sernas | Workflow Resource Planning | Doug Bollinger | Mark Whitacre | Franz Josef Och | Kamran Akmal | Peter Torry | George Paice (bowls) | Viglen | Jonathan Michael Ansell | Alec Muffett | Zulqarnain Haider | Maharaja Surajmal Brij University, Bharatpur | Zaheer Khan | Polycom | Wahab Riaz | Lush (company) | Bell Labs | Chimaji Appa | Masami Tsuchiya | Sir Matt Busby Sports Complex | Jack Endino",1,1,1.0,0,0,0.0,0.5,0.5,0.5,0.5,0.5
dense,pooled,5a79311755429970f5fffe67,bridge,hard,"A Japanese manga series based on a 16 year old high school student Ichitaka Seto, is written and illustrated by someone born in what year?",I&quot;s | Masakazu Katsura,"I&quot;s | The Kindaichi Case Files | Nisekoi | Sumie Tanaka | Manga Bible (series) | Naruto: Shippuden (season 21) | Katri, Girl of the Meadows | Kyosuke Usuta | List of Naruto chapters (Part I) | Rosario + Vampire | Haven't You Heard? I'm Sakamoto | Please Twins! | My Bride is a Mermaid | List of Bobobo-bo Bo-bobo chapters | Silver Spoon (manga) | Hanna Varis | Nobuteru Yūki | Joey Miyashima | Imanishi family's House | Clear Skies! | Masakazu Katsura | Seventeen discography | Udanchhoo | Cross Manage | Fire! (manga) | Animorphs | Yasuhito Endō | Weekly Shonen Jump (American magazine) | Kiyoshi Kohatsu | Norwegian Wood (novel) | Teen Titans: Trouble in Tokyo | Iroh | Black Clover | Midnight Sun (2006 film) | Nabi Tajima | Avatar: The Last Airbender (season 1) | Snegithiye | Evelina Simonaho | The Prince of Tennis | Krishnabhaskar Mangalasserri | Avatar: The Last Airbender (season 2) | Neuro: Supernatural Detective | The Legend of Korra | Zhukaigou culture | Andre Norton Award | Masami Tsuchiya | Tottoi | Aryanto Yuniawan | Nicki Minaj | List of Avatar: The Last Airbender episodes",1,1,1.0,0,0,0.0,0.5,0.5,0.5,1.0,1.0
dense,pooled,5ab2d3df554299194fa9352c,bridge,hard,The battle in which Giuseppe Arimondi lost his life secured what for Ethiopia?,Battle of Adwa | Giuseppe Arimondi,Giuseppe Arimondi | First Italo-Ethiopian War | Battle of Adwa | Treaty of Addis Ababa | Second Battle of Agordat | Outline of Ethiopia | Battle of the Burbia River | Tomaso Albinoni | Herbert S. Lewis | National Archives and Library of Ethiopia | Battle of Aspromonte | Addis Ababa | Bal'arab bin Himyar | Ephigenia of Ethiopia | Death of Abdul Wali | Ethiopia–Japan relations | Aldo Pontremoli | Ethiopian Legal Information Website | Battle of Alhandic | Ziri ibn Atiyya | Garuda Indonesia Flight 200 | Battle of Manila (1574) | Amaruk Kayshapanta | Antonio Lotti | Paul Sauvage (aviator) | Battle of Peleliu | Lorenzo Ratti | Battle of Yao (Japan) | Mana Al Otaiba | Aloha Dalire | Tefik Mborja | Ilmari Juutilainen | Ottavio Alessi | Giuseppe Verdi | Manuel Quiroga (violinist) | Timbiriche VIII &amp; IX | Suintila | Alex Zanardi | Gevheri Kadın | Battle of Berestechko | Langston Hughes Medal | Siege of Bharatpur (1805) | Ernest Foot | Gameel Al-Batouti | Reed A. Albee | Tippecanoe order of battle | Three Tall Women | Battle of Romanovka | DeObia Oparei | Battle of Glendale (Skye),1,1,1.0,0,1,1.0,0.5,1.0,1.0,1.0,1.0
dense,pooled,5a760ab65542994ccc918697,bridge,hard,Alfred Balk served as the secretary of the Committee on the Employment of Minority Groups in the News Media under which United States Vice President?,Alfred Balk | Nelson Rockefeller,Alfred Balk | Edward E. Cox | Robert R. Hood | Eric Schultz | Cynthia Hogan | Otto Reich | Executive Order 10925 | Mark D. Fabiani | Gregory B. Craig | William Allen White | C. Hugh Holman | Richard Honaker | Robert Hormats | Franklin D. Roosevelt's record on civil rights | Richard Socarides | Gerald Ford | Darrell Crate | Jeff Hoover | Mark Whitacre | Lawrence Eagleburger | David Urban | Richard Nixon | Shomwa Shamapande | P. J. O'Rourke | Scott Parkin | Elliott Abrams | Lee Terry | Gordon Johndroe | Chris Van Hollen | Jay Cronley | Douglas J. Bennet | Edgar Kaiser Jr. | William Flynn Martin | Horace Bumstead | Curt Johnson (soccer) | Nelson Rockefeller | Nerdist News | Michael Atkinson | Thomas Hylland Eriksen | Brian DelGrosso | Tony Fabrizio | James A. Winnefeld Jr. | Harris G. Mirkin | David Waksberg | Rostker v. Goldberg | Sean Hannity | Bobby Mehta | Friedrich Wilhelm von Steuben | Johnny Lee Clary | Paul Manafort,1,1,1.0,0,0,0.0,0.5,0.5,0.5,1.0,1.0
dense,pooled,5a7d54165542995f4f402256,bridge,hard,"A medieval fortress in Dirleton, East Lothian, Scotland borders on the south side of what coastal area?",Dirleton Castle | Yellowcraigs,"Dirleton Castle | Lothian and Borders | Scottish Borders | Dirleton | Dirleton Kirk | Lord Haliburton of Dirleton | Haddington, East Lothian | Yellowcraigs | Hutton Castle | Humber Forts | Hatton Castle, Aberdeenshire | Kingdom of the Isles | List of rulers of the Kingdom of the Isles | Pollokshields Burgh Hall | South Ferriby | Durotriges | Hatton Castle, Angus | Borough of Berwick-upon-Tweed | Auchterhouse Castle | Battle of Clitheroe | Hatton Hill | Stanley Park, Blackpool | St. Mary's Priory (Lothian) | Leinster | Kingdom of Northumbria | Humberside | Cumbrian dialect | Bjørnøya, Haram | Kelsall | History of England | Gelston Castle | Earl of Dunbar | Broughty Castle | Souris Beach Provincial Park | Backford Cross | R509 road (Ireland) | Narrow Hills Provincial Park | Humberhead Levels | Corieltauvi | George I, Earl of March | Bedale | Finchampstead | Dukenfield Hall | Donegal Celtic F.C. | Lohagarh Fort | Siege of Bharatpur | Stank Hall | Roman conquest of Britain | Patrick IV, Earl of March | Catuvellauni",1,1,1.0,0,0,1.0,0.5,0.5,1.0,1.0,1.0
dense,pooled,5ab859a955429934fafe6d7b,bridge,hard,Who is the writer of this song that was inspired by words on a tombstone and was the first track on the box set Back to Mono?,Back to Mono (1958–1969) | To Know Him Is to Love Him,Ghost Rider (Suicide song) | Back to Mono (1958–1969) | Michael Finnegan (song) | Legend (film score) | The Long Road Home | Beat Happening/Screaming Trees | Nashville Rebel (box set) | Suicide (1977 album) | Dead but Rising | We'll Burn That Bridge | Mono Masters | Hikky Burr | Gimme Shelter | Gimme Shelter (disambiguation) | John Fogerty | Radiohead Box Set | Steeltown (band) | Ungod | Owsley Stanley | Be the One (Poison song) | Domino (Van Morrison song) | Rockin' All Over the World | Trash Box | Mind Reader (Dustin Lynch song) | Levolution (album) | Original Sound | The Suicide File | Icehouse (song) | By the Beautiful Sea (song) | Emotional Technology | Andraé Crouch | Tom Rothrock | John Fogerty (album) | Buried Country | Beatitude (album) | Boxes (Icehouse album) | Here (1954 song) | The Caledonia Soul Orchestra | Steers &amp; Stripes | List of songs recorded by Ellie Goulding | Headfirst Slide into Cooperstown on a Bad Bet | Call Me Up in Dreamland | Cowboys and Angels (Dustin Lynch song) | Adam Craig (singer-songwriter) | Chattahoochee (song) | Can't Help Myself | No Plan (EP) | One on One (song) | The People (Common song) | Notbroken,1,1,1.0,0,0,0.0,0.5,0.5,0.5,0.5,0.5
dense,pooled,5add61d65542995b365fab21,bridge,hard,What type of forum did a former Soviet statesman initiate?,Mikhail Gorbachev | World Summit of Nobel Peace Laureates,"Mikhail Suslov | Andrei Kirilenko (politician) | Nikolai Podgorny | Mikhail Gorbachev | Anastas Mikoyan | Sergo Mikoyan | Socialist Revolutionary Party | Alexander Kerensky | Ephraim Sklyansky | Communism in Russia | Louise Bryant | Russian Civil War | Michael Lunin | Timofey Samsonov | Pavel Alexandrov | Gore-Chernomyrdin Commission | Kerensky–Krasnov uprising | Semyon Aranovich | Lavr Kornilov | Left-wing uprisings against the Bolsheviks | Hungarian Communist Party | Vatroslav Rožić | Semyon Aranovich Gershgorin | I Was a Satellite of the Sun | Rusalka | Abteilungsleiter (NSDAP) | David Waksberg | All Costs Paid | MS Excelsior Neptune | Aleksandar Bošković | Shomwa Shamapande | Richard Socarides | Andrew Jaspan | Lev Kuleshov | Douglas J. Bennet | Josef Peukert | Am Rong | Russia 2018 FIFA World Cup bid | Patricio Echegaray | Girl Seeks Father | Edward E. Cox | Swedish general election, 1982 | Alexander II Column in Odessa | Soviet cruiser Kirov | Confrontation (TV series) | 2010 Kiev Victory Day Parade | Hume–Adams dialogue | Henri Bergson | List of diplomatic missions of Azerbaijan | Reagan Democrat",0,1,1.0,0,0,0.0,0.0,0.5,0.5,0.25,0.25
dense,pooled,5a8e068b5542995085b37384,comparison,hard,Are Ferocactus and Silene both types of plant?,Ferocactus | Silene,Ferocactus | Silene | Silene stenophylla | Silene menziesii | Silene suksdorfii | Silene antirrhina | Silene conoidea | Silene tomentosa | Sex determination in Silene | Caladenia | Libocedrus | Marsileaceae | Silene latifolia | Pieris (plant) | Marsilea minuta | Pieris floribunda | Eucryphia | Fen | Pilgerodendron | Calochilus | Fokienia | Marsilea | Solidago elongata | Stenocereus | Pachypodium lealii | Ajuga | Goldenrod | Pachypodium | Tree fern | Phlebodium aureum | Sorbaria | Xanthoceras | Solidago rugosa | Coprosma repens | Solidago uliginosa | Brabejum | Pieris (butterfly) | Laeliocattleya | Huernia | Cupressus | Leptosporangiate fern | Solidago speciosa | Paracaleana | Adenocarpus viscosus | Stephanitis takeyai | Ehretia | Cypress-pine | Phlebodium | Hawkinsara | Dictyosperma,1,1,1.0,1,1,1.0,1.0,1.0,1.0,1.0,1.0
dense,pooled,5abbf698554299114383a0b5,bridge,hard,Which British first-generation jet-powered medium bomber was used in the South West Pacific theatre of World War II?,English Electric Canberra | No. 2 Squadron RAAF,English Electric Canberra | South West Pacific theatre of World War II | No. 2 Squadron RAAF | VMF-511 | Savoia-Marchetti SM.79 | Asiatic-Pacific Theater | Edwin A. Doss | VMF-452 | South West Pacific Area (command) | No. 12 Squadron RAAF | Tupolev Tu-12 | VMF-215 | VMF-222 | VMF-213 | VMF-221 | VMF-236 | USS Belleau Wood (CVL-24) | VMF-512 | Georges Madon | Albert Ball | Flyboys (film) | Kaiser Ventures | Manfred Meurer | Ayesha Farooq | 2/40th Battalion (Australia) | Ernest Foot | Egon Mayer | Wooster and Davis | USS Essex (CV-9) | USS Trippe (FF-1075) | Kaiser Shipyards | Flying with Music | USS Proton (AG-147) | Battle of Manila (1945) | VMAQT-1 | Type I Rifle | VMF-111 | 122nd Fighter Aviation Squadron | Levasseur PL.8 | MV Empire Windrush | Soviet cruiser Kirov | Gervais Raoul Lufbery | Type 4 rifle | L'Oiseau Blanc | Hans Jenisch | Battle of Peleliu | 514th Flight Test Squadron | 1984 South Asian Games | New York Shipbuilding Corporation | Tower Hill Memorial,1,1,1.0,0,1,1.0,0.5,1.0,1.0,1.0,1.0
dense,pooled,5a8e1027554299653c1aa15f,bridge,hard,Which year and which conference was the 14th season for this conference as part of the NCAA Division that the Colorado Buffaloes played in with a record of 2-6 in conference play?,2009 Big 12 Conference football season | 2009 Colorado Buffaloes football team,2011 Colorado Buffaloes football team | 2014–15 Colorado Buffaloes men's basketball team | 2015–16 Colorado Buffaloes men's basketball team | 2016–17 Colorado Buffaloes men's basketball team | 2009 Colorado Buffaloes football team | 2014 Colorado Buffaloes football team | 2015 Colorado Buffaloes football team | 2012 Colorado Buffaloes football team | 1989 Colorado Buffaloes football team | 1956 NAIA Division I Men's Basketball Tournament | 1943 NAIA Division I Men's Basketball Tournament | 2012–13 VCU Rams men's basketball team | 2010–11 Vermont Catamounts men's basketball team | Campbell Field (Colorado) | 2009 Big 12 Conference football season | America East Conference | 2011–12 VCU Rams men's basketball team | 2014–15 VCU Rams men's basketball team | 2013–14 VCU Rams men's basketball team | 1999 St. Louis Rams season | 2004–05 VCU Rams men's basketball team | AFC North | 2006 Miami Hurricanes football team | 1995–96 VCU Rams men's basketball team | Battle for the Bell | Richard Jacob | 2010–11 VCU Rams men's basketball team | 2006–07 QMJHL season | Arizona State Sun Devils football | 1954 Arizona State Sun Devils football team | 2016–17 Vermont Catamounts men's basketball team | 1989 Houston Oilers season | 2011–12 Vermont Catamounts men's basketball team | 2010 Cleveland Browns season | 2011–12 QMJHL season | 2013–14 Vermont Catamounts men's basketball team | Reggie Witherspoon (basketball) | Oregon Ducks football | 1952 Arizona State Sun Devils football team | 2011 Cleveland Browns season | 1955 Arizona State Sun Devils football team | 2012–13 Vermont Catamounts men's basketball team | 2003 WNBA season | 1951 Arizona State Sun Devils football team | 1961 Arizona State Sun Devils football team | 2015–16 VCU Rams men's basketball team | 2012 Cleveland Browns season | 2015–16 Vermont Catamounts men's basketball team | Vermont Catamounts men's basketball | Billings Bulls,0,1,1.0,0,0,0.0,0.0,0.5,0.5,0.2,0.2
dense,pooled,5ab84bf555429916710eb01f,bridge,hard,In 1991 Euromarché was bought by a chain that operated how any hypermarkets at the end of 2016?,Carrefour | Euromarché,"Euromarché | Carrefour | SavaCentre | Brico Dépôt | Tesco Extra | Lithia Motors | Maxeda | FedMart | Selver | Mondelez International | Manischewitz | Lewis's | BauMax | Kohlberg Kravis Roberts | John A. Brown (department store) | European route E47 | Halliburton | Jens Risom | Uno-X | Viaport Rotterdam | Terren Peizer | Jonathan Michael Ansell | EpiCentre K | Solway Group | Peter Torry | Exxon | Jens Ritter Instruments | Exchange Ilford | Arcos Dorados Holdings | Mercedes-AMG | Crazy John's | Pergament Home Centers | Citadel Mall | Eccles Interchange | General Mills | Eastland Mall (Charlotte, North Carolina) | Schwartz's | Mobil Producing Nigeria | Toyota Pro/Celebrity Race | Lowe's | Sommeren '92 | 1998 Toyota Grand Prix of Long Beach | Warehouse store | Leeann Chin | Sean Healey | RetailMeNot | Strasbourg | Tazweed Center | TaeguTec | Malmö Harbour Heliport",1,1,1.0,1,1,1.0,1.0,1.0,1.0,1.0,1.0
dense,pooled,5a77724455429972597f153e,bridge,hard,What race track in the midwest hosts a 500 mile race eavery May?,1957 Indianapolis 500 | Indianapolis Motor Speedway,"1957 Indianapolis 500 | Indianapolis Motor Speedway | Lean Horse Ultramarathon | Subway 400 | Carolina Dodge Dealers 400 | Orange County Fair Speedway | Allison Transmission | 10,000 metres | Louis Schwitzer Award | The Great Locomotive Chase Festival | Johnny Rutherford | U.S. Route 287 | 1964 Armstrong 500 | Mike Shank | 2017 Toyota Grand Prix of Long Beach | Ryan Hunter-Reay | Toronto Marathon | 2016 Toyota Grand Prix of Long Beach | 6 Hours of Mexico | 2007 Firestone Indy 400 | Race of a Thousand Years | Toyota Pro/Celebrity Race | The Great Locomotive Chase | The Texas (locomotive) | Palm Meadows Thoroughbred Training Center | America East Conference | Dave Bailey (athlete) | Nashville Terminal Subdivision | U.S. Route 19 Truck (Pittsburgh) | 2013 Toyota Grand Prix of Long Beach | Tony Ave | List of Interstate Highways in New York | List of Interstate Highways in Illinois | Interamerican Scout Jamboree | 2014 Toyota Grand Prix of Long Beach | Nora Rocha | Parkway Field | Shawnee Mission District Stadium | 1998 Molson Indy Vancouver | CommunityAmerica Ballpark | Grand Ole Opry | The General (locomotive) | 2018 PGA Championship | Interstate 85 in Virginia | Wisconsin Center | Children's Mercy Park | Park City Center | 2002 Gran Premio Telmex-Gigante | Interstate 40 in North Carolina | Olathe East High School",1,1,1.0,1,1,1.0,1.0,1.0,1.0,1.0,1.0
dense,pooled,5a87c13f5542996e4f30890c,bridge,hard,"In what city did the ""Prince of tenors"" star in a film based on an opera by Giacomo Puccini?",Franco Corelli | Tosca (1956 film),"Festival Puccini | Gianni Schicchi | Cesira Ferrani | La Bohème (1988 film) | Franco Corelli | Jacopo Puccini | O mio babbino caro | Giuseppe Verdi | La fanciulla del West | Teatro Giuseppe Verdi | Bernhard Bötel | Ron Bottcher | Tosca (1956 film) | Verdi, the King of Melody | Luigi Rossi | Florence Baptistery | List of major opera composers | Ferdinando Provesi | The Duchess of Padua | Tomaso Albinoni | Giuseppe Verdi (film) | Impresario | Lorenzo Ratti | Piazza Colonna | The Sopranos | Myrna Sharlow | Lipstick (1960 film) | Dieci canzoni d'amore da salvare | Ambroise Thomas | Gerard Alessandrini | Romeo and Juliet (1954 film) | Domenico Scarlatti | Montecristo (Argentine telenovela) | City of Stars | Colonna dell'Abbondanza, Florence | Drama Desk Award for Outstanding Director | Francesco Scarlatti | Black Nativity | Conchita Badía | Gösta Prüzelius | Antonio Lotti | Alexis Soriano | The Soloist | Gina Pareño | Commedia all'italiana | The Scarlet Flower (1952 film) | Alma Pirata | David Alden | Serafino (film) | List of Romeo × Juliet episodes",0,1,1.0,0,0,0.0,0.0,0.5,0.5,0.2,0.2
dense,pooled,5ab96ab755429970cfb8eacd,bridge,hard,"Ellie Goulding worked with what other writers on her third studio album, Delirium?",Delirium (Ellie Goulding album) | On My Mind (Ellie Goulding song),"Delirium (Ellie Goulding album) | Delirium World Tour | Halcyon (album) | List of songs recorded by Ellie Goulding | Something in the Way You Move | Flashlight (DJ Fresh song) | Army (Ellie Goulding song) | On My Mind (Ellie Goulding song) | Outside (Calvin Harris song) | Amy Corzine | Melissa Fay Greene | M Music &amp; Musicians | The Suicide File | Levolution (album) | Yoann Lemoine | Barbara Higbie | Eve Unsell | Love Me like You Do | Rory Attwell | Aye, and Gomorrah, and other stories | Amanda Lepore | John Fogerty | Lana Del Rey discography | Victoria Hanley | Susie Bright | Adele | Letters to Cleo | Murder of Grace Brown | Azie Mira Dungey | Vanessa White | Freudiana | Rick Wilber | Delmer Daves | Can't Help Myself | Emotional Technology | Kelly Osbourne | Lana Del Ray (album) | Dr. Freeze | Unbreakable Kimmy Schmidt | Madonna (book) | Marissa Perry | Nancy K. Pearson | Alie Ward | Persistence of Memory | Healing (film) | Infinity Cat Recordings | Yayo (Lana Del Rey song) | Peter Swales (historian) | Adriana Trigiani | Vance Powell",1,1,1.0,0,0,1.0,0.5,0.5,1.0,1.0,1.0
dense,pooled,5a8a43eb5542996c9b8d5e82,bridge,hard,Which Australian city founded in 1838 contains a boarding school opened by a Prime Minister of Australia and named after a school in London of the same name.,"Marion, South Australia | Westminster School, Adelaide","Westminster School, Adelaide | High Commission of Australia, London | Royal Australian Navy | Royal Australian Navy Heritage Centre | Peter Blacker | Les Irwin | Carol Martin | PNG solution | Bob Debus | Roslyn Dundas | Australian Correspondence Chess Championship | Australian Transformation and Innovation Centre | Australian federal election, 1972 | Brian Cook (football administrator) | Cotter River System | Darling River | Mummulgum | Philip Ruddock | Marion, South Australia | 2015 AFL Rising Star | David Beckham Academy | Mehmet Tillem | 2015 Brownlow Medal | Scott Christian College | University of Leeds | Julia Morgan School for Girls | AFL Rising Star | Tabulam | Sainik School Balachadi, Jamnagar | Stephen Boreham | Albert Park, Victoria | Clock Tower, Brighton | Grace Church School | Donald Duffy | Shakespeare Public House, Bristol | 2015 Cricket World Cup opening ceremony | Grennaskolan | Jesse Hogan | Michael Atkinson | Chinese Australians | Gillieston Heights | Middlebourne Historic District | Ian Harland | John Hirst (historian) | Snack Foods Limited | Faith Lutheran College, Redlands | Bonshaw, New South Wales | Piccadilly Pub | Tenterfield, New South Wales | Callington Mill",1,1,1.0,0,0,0.0,0.5,0.5,0.5,1.0,1.0
dense,pooled,5ae73acb5542991e8301cc07,bridge,hard,D1NZ is a series based on what oversteering technique?,D1NZ | Drifting (motorsport),D1NZ | Distal renal tubular acidosis | Durvillaea willana | Drifting (motorsport) | Brylan Van Artsdalen | Deceit (Doctor Who novel) | Double Dagger | Race of a Thousand Years | Suanfa tongzong | One Night Stand (video game) | Dime Magazine | Rabid Neurosis | The Prince of Tennis | 1-Pentanol | Avatar: The Last Airbender (season 1) | Walkdown | Metandienone | Skimboarding | Rewrapped | PRX-07034 | Raaz Pichhle Janam Ka | MEO Rip Curl Pro Portugal 2017 | Methyltestosterone | Please Twins! | Poleconomy | Dime novel | WWE One Night Stand | Supertubos | Combat Zone Wrestling | Tow-in surfing | Xtended Play Version 3.13 | MEO Rip Curl Pro Portugal 2016 | Xtractaurs | Maxeda | Corey Smith (artist) | Mark Ciardi | SuperMansion | Blinding Edge Pictures | Louis Schwitzer Award | Osc-Dis | List of Square Enix companion books | List of battleships of Italy | René Dif | Generosity: An Enhancement | Rising Star (France) | Dancing Stage Fusion | Rise Above (Dirty Projectors album) | Flatiron Building | VMAQT-1 | Isopropyl alcohol,1,1,1.0,0,1,1.0,0.5,1.0,1.0,1.0,1.0
dense,pooled,5a7320565542991f9a20c61d,bridge,hard,who is younger Keith Bostic or Jerry Glanville ?,Jerry Glanville | Keith Bostic (American football),"Keith Bostic (American football) | Keith Bilbrey | Keith Bostic | Stacey Kent | Jerry Glanville | Portland State Vikings football under Jerry Glanville | Brad Alexander | The Bailey Brothers and the Happy Valley Boys | Rick Clausen | Jillian Bell | Gruhn Guitars | Gus Williams (musician) | Noel C. Bloom | LaRon Landry | Lee Terry | Lewis Young | Travis Richards | Harry Connick Jr. | Jason Gilbert | Frank Beard (musician) | Pamela B. Davis | Lewis Young (Australian footballer) | Daniel House | Erica Packer | Cressida Bonas | Bradley Gaskin | Shaunna O'Grady | Champ Bailey | Merlin Olsen | Don Bousquet | SuperMansion | Doug Bollinger | Curt Smith (basketball) | Vernon Fox | Danny Bakker (footballer, born 16 January 1995) | Ivory Lee Brown | Elinor Kershaw | 'Tis Autumn | Mark Arm | Marino Franchitti | Cheech Marin | Mat Dan | William T. Van de Graaff | Hanna–McEuen | Raz-B | Daryl Hall | Brian Doyle-Murray | Ron Joyce | Johnny Angel Wendell | Danny Jones",1,1,1.0,0,1,1.0,0.5,1.0,1.0,1.0,1.0
dense,pooled,5ae32e125542991a06ce9946,bridge,hard,"According to the 2001 census, what was the population of the city in which Kirton End is located?","Boston, Lincolnshire | Kirton End","Kirton, Nottinghamshire | Kirton End | Kirton, Suffolk | Ellenbrook, Western Australia | North Kansas City, Missouri | Bangor, Maine | Demography of Greater Manchester | 2001 Bangladesh census | Goonellabah, New South Wales | Wollongbar, New South Wales | Gillieston Heights | Parkridge, Saskatoon | Kelsall | Hanggin Rear Banner | Pune district | Shelly Beach, New South Wales | Bedale | Governor's House, Knutsford | Borough of Berwick-upon-Tweed | Detroit mayoral election, 2009 | Urbanisation in India | Fuding | Guelph Community Health Centre | Pulham Market | Sabaa Al Bour | Boston, Lincolnshire | Kansas City metropolitan area | Dirleton Kirk | Ramsay Street | Dazhou | Kunming | City of Newcastle | Sir Matt Busby Sports Complex | Riverview, New Brunswick | Old Trafford, Greater Manchester | Dorset County Council election, 2013 | Tenterfield, New South Wales | Osage State Fishing Lake | Ashanti Region | Bonshaw, New South Wales | Addis Ababa | Nidderdale Museum | Stramshall | Vilsandi | Hatton, Warwickshire | Sima Hydroelectric Power Station | Dirleton | Shelly Beach (Manly) | Warriparinga | Gulangyu",1,1,1.0,0,0,0.0,0.5,0.5,0.5,0.5,0.5
dense,pooled,5adc53f75542996e6852530a,comparison,hard,Are both Cypress and Ajuga genera?,Ajuga | Cypress,Ajugeae | Cypress-pine | Cypress | Cupressus | Ajuga | Fokienia | Libocedrus | Caladenia | Stenocereus | Goldenrod | Sorbaria | Laeliocattleya | Solidago elongata | Araripesuchus wegeneri | Pilgerodendron | Solidago speciosa | Calochilus | Eucryphia | Ferocactus | Xanthoceras | Solidago uliginosa | Solidago ouachitensis | Coprosma repens | Cattleytonia | Huernia | Solidago curtisii | Ehretia | Pieris (plant) | Silene tomentosa | Mascogos | Broughtonia | Paracaleana | Hawkinsara | Otaara | Phlebodium aureum | Phlebodium | Adenocarpus viscosus | Solidago rupestris | Solidago rugosa | Silene menziesii | Silene | Pachypodium | Brintonia | Lepidozamia | Sinocyclocheilus | Caraga | Parkia timoriana | Broughtonia sanguinea | Sphaerotholus | Verão Vermelho,0,1,1.0,0,1,1.0,0.0,1.0,1.0,0.3333333333333333,0.3333333333333333
dense,pooled,5a8b20335542996c9b8d5fb3,bridge,hard,What distinction is held by the former NBA player who was a member of the Charlotte Hornets during their 1992-93 season and was head coach for the WNBA team Charlotte Sting?,1992–93 Charlotte Hornets season | Muggsy Bogues,2014–15 Charlotte Hornets season | Charlotte Hornets | Ayana Walker | Muggsy Bogues | 2003 WNBA season | List of Charlotte Hornets seasons | Charlotte Hornets all-time roster | Charlotte Hornets draft history | 1992–93 Charlotte Hornets season | List of Texas Tech Lady Raiders in the WNBA Draft | Buzz Peterson | Eduardo Portela | Tamika Catchings | Delray Brooks | Mike Edwards (basketball) | Memphis Hustle | 2006 Miami Hurricanes football team | 2000–01 Minnesota Timberwolves season | 2015–16 VCU Rams men's basketball team | Maggie Dixon Award | Mouse Davis | Von McDade | Curt Smith (basketball) | Wayne Garland | 2017–18 Wigan Athletic F.C. season | Jerry Lucas | Jeff Horner | List of NBL Canada All-Stars | Ricky Rubio | Presley Askew | Curt Johnson (soccer) | 1995–96 VCU Rams men's basketball team | Larry Friend | Frank Martin (basketball) | Reggie Witherspoon (basketball) | Kenton Richardson | Richard Jacob | Tyler Kalinoski | Tennessee Volunteers football statistical leaders | Vanessa Bley | Phil Bennett (American football) | James Blackmon Sr. | Mike Dunbar | 1952 Arizona State Sun Devils football team | Georgia Tech Yellow Jackets men's basketball | 2008 Kansas City Wizards season | Bill Leavy | Anthony Avent | All-time Sporting Kansas City roster | 1999 Kansas City Wizards season,0,1,1.0,0,0,1.0,0.0,0.5,1.0,0.25,0.25
dense,pooled,5a85fb085542994775f606de,bridge,hard,What is the name of the executive producer of the film that has a score composed by Jerry Goldsmith?,Alien (film) | Alien (soundtrack),"Legend (film score) | Alien (soundtrack) | Aliens (soundtrack) | 127 Hours (soundtrack) | John Waters | Total Recall (1990 film) | Delicatessen (film) | Drum Beat | Second Best (film) | J. T. Petty | Brett C. Leonard | David and Sandy Reynolds-Wasco | People Like Us (soundtrack) | Innerspace | David Yates | David Ayer | Grease: The New Broadway Cast Recording | Brad Alexander | Delmer Daves | Drama Desk Award for Outstanding Director | David Weissman | Paresh Mokashi | Song of Arizona | Spin Out (2016 film) | Larry Wilson (screenwriter) | 127 Hours | Aram Avakian | Adam Collis | Bottom of the World (film) | List of accolades received by La La Land | Samuel Sim | Proceed, Moon | Brandon Dickerson | Phil Rosen | End of the Road (1970 film) | Heidi Ewing | Parrish (film) | The Polar Bears | Back to Mono (1958–1969) | Drained | Vance Powell | Alias French Gertie | Healing (film) | Adrian Molina | Danny Boyle | Mera Damad | Made in Britain | The Soloist | List of accolades received by 127 Hours | 1920 (film series)",1,1,1.0,0,0,0.0,0.5,0.5,0.5,0.5,0.5
dense,pooled,5a7be2595542997c3ec972ac,comparison,hard,"Who was born earlier, Emma Bull or Virginia Woolf?",Emma Bull | Virginia Woolf,Virginia Woolf | Orlando: A Biography | Emma Bull | Jane Marcus | Jane de Gay | Moments of Being | Edward F. Albee Foundation | June Thomson | Lucy Fry | The Mark on the Wall | Edward Albee | Connie Sawyer | Reed A. Albee | Marta Ribera | Janet Jackson | Me! I'm Afraid of Virginia Woolf | Coco Ho | Diana Quick | Jessica Mulroney | Virginia E. Johnson | Appius and Virginia | Claire Liddell | Leontyne Price | Christian Bale filmography | Caroline Carver (actress) | Sarah Drew | Gytha Thorkelsdóttir | Katherine Waterston | Katherine Kath | Melissa Fay Greene | John Waters | Langston Hughes | Three Tall Women | Eve Unsell | Vanessa Bley | Penelope Lively | Farida Jalal | Anna Simpson | Virginia Foster Durr | Elisabeth Murdoch (businesswoman) | Jessica Rothe | The Duchess and the Jeweller | Florence Nagle | Susie Bright | Belle (Disney) | Laura Linney | Lisa Brennan-Jobs | Sarah Bolger | Bertha Runkle | Stephen Boreham,1,1,1.0,0,1,1.0,0.5,1.0,1.0,1.0,1.0
dense,pooled,5a77152355429966f1a36c2e,bridge,hard,What was the Roud Folk Song Index of the nursery rhyme inspiring What Are Little Girls Made Of?,What Are Little Boys Made Of? | What Are Little Girls Made Of?,"What Are Little Boys Made Of? | Pretty Little Dutch Girl | Three Little Kittens | Row, Row, Row Your Boat | Did You Ever See a Lassie? | Aiken Drum | A Wise Old Owl | Billy Boy | Tweedledum and Tweedledee | Here We Go Round the Mulberry Bush | What Are Little Girls Made Of? | The Wheels on the Bus | Michael Finnegan (song) | Chattahoochee (song) | She's Got the Rhythm (And I Got the Blues) | The Greek Princess and the Young Gardener | Lady Antebellum | A Lot About Livin' (And a Little 'bout Love) | Folk rock | Here (1954 song) | B Boy Baby | Dzvinia Orlowsky | Chixdiggit | Our Casuarina Tree | The Kids of Catan | Mary Poppins (song) | AlphaPets | The Roald Dahl Treasury | These Boots Are Made for Walkin' | Mabel Greer's Toyshop | The Age of Not Believing | Under an Hour | Gimme Shelter (disambiguation) | The Smalls | Little Black Rain Cloud | Hlín | Platinum Pied Pipers | Astrophel and Stella | Dance Dance Revolution Disney Grooves | By the Beautiful Sea (song) | Rock Springs (short story collection) | Hikky Burr | Kansas Song | Baby Girl (Sugarland song) | Small Town Boy (song) | Lollipop (Candyman) | Dancin' (on a Saturday Night) | The Birds on the Trees | The Scarlet Flower (1952 film) | Nancy Sinatra",1,1,1.0,0,0,0.0,0.5,0.5,0.5,1.0,1.0
dense,pooled,5a8f4c8d554299458435d5a3,bridge,hard,Scott Parkin has been a vocal critic of Exxonmobil and another corporation that has operations in how many countries ?,Halliburton | Scott Parkin,Scott Parkin | Halliburton | Gordon Johndroe | Sean Healey | Mobil Producing Nigeria | Anthony Travers | Jim Puplava | Exxon | David S. Touretzky | Pershing Square Capital Management | Jim Lentz | Robert Hormats | James Packer | Gore-Chernomyrdin Commission | Howard Warren Buffett | Terren Peizer | Paul Manafort | Darrell Crate | Claudio Fernández-Aráoz | Progress Energy Inc | Pat Robertson | Eugene Melnyk | Mark Whitacre | P. J. O'Rourke | Eugene R. Black Sr. | Jonathan Michael Ansell | Peter Torry | Warren Buffett | Ron Joyce | Kohlberg Kravis Roberts | Every Voice | Carrefour | Michael Green (political expert) | Harry Connick Jr. | Cynthia Hogan | Avenue Capital Group | John Roach &amp; Sons | Bordan Tkachuk | David Gold (talk radio host) | Trevor Kennedy | John Scott (ice hockey) | Donald J. Hall Jr. | David Urban | Michael Atkinson | Affiliated Managers Group | James A. Winnefeld Jr. | List of largest pharmaceutical settlements | The Warren Buffett Way | Nancy Soderberg | Peter W. Smith,1,1,1.0,1,1,1.0,1.0,1.0,1.0,1.0,1.0
dense,pooled,5a80840f554299485f59863b,bridge,hard,What WB supernatrual drama series was Jawbreaker star Rose Mcgowan best known for being in?,Jawbreaker (film) | Rose McGowan,Jawbreaker (film) | Rose McGowan | Sianoa Smit-McPhee | Raaz Pichhle Janam Ka | Kishore Dang | Dead Awake (2010 film) | Tzi Ma | Johnny Galecki | Rajneesh Duggal | Episode 8 (Twin Peaks) | Kerr Smith | Rising Star (France) | Iroh | James Dean | Siobhan Finneran | Arrowverse | Charmed (season 4) | Spark (2014 film) | Audra McDonald | Tara Strong | Tara Strong filmography | The Drop-In (podcast) | Aryanto Yuniawan | The Legend of Korra | Teen Titans (season 4) | David Kohan | Hilarie Burton | Teen Titans (season 1) | Lisa Wilcox | Farooq Sheikh | Samantha Carter | Naruto: Shippuden (season 21) | Sara Botsford | Joey Miyashima | Don S. Davis | Milan Murray | Romper Stomper (TV series) | Jolin Tsai filmography | Cho Kyuhyun | Kimmy Schmidt | Kay Tagal Kang Hinintay | Sanjay's Super Team | Jim Backus | Andy Umberger | Phhir | Return to Eden | Udanchhoo | Dayna Hart | Eleventh Mom | Rewrapped,1,1,1.0,1,1,1.0,1.0,1.0,1.0,1.0,1.0
dense,pooled,5a8361b65542992ef85e22a0,bridge,hard,Vince Phillips held a junior welterweight title by an organization recognized by what larger Hall of Fame?,International Boxing Federation | Vince Phillips,"Vince Phillips | Rod Carr | Jeff Malcolm | Fatai Onikeke | Dean Francis | Baseball Hall of Fame balloting, 1971 | Andrew Murray (Guyanese boxer) | National Italian American Sports Hall of Fame | Bunny Grant | Lawrence Austin | Julian Holland (boxer) | Chris Eubank Jr. | Ralph Charles | Philadelphia Baseball Wall of Fame | Scott Dixon (boxer) | Andre Thysse | Jermain Mackey | International Boxing Federation | Luke Blackledge | Mickey Mantle | Combat Zone Wrestling | WWE One Night Stand | Zab Judah | Mike Edwards (basketball) | Kurt Burris | Reggie Jackson | Henry Wharton (boxer) | Dizzy Dean | Androscoggin Bank Colisée | Vance Powell | Curt Johnson (soccer) | Eddy Furniss | Champ Bailey | Frank Thomas (designated hitter) | Jim Shoulders | Ambrose Mendy | Guy Randall-Johnson | 2007 Memorial Cup | 2002 Gran Premio Telmex-Gigante | Peter Kingston-Davey | Reds Bagnell | Tyler Kalinoski | List of leading Thoroughbred racehorses | Jesse Hogan | Australian Correspondence Chess Championship | Brylan Van Artsdalen | WWE Extreme Rules | Boss Bailey | 2015 AFL Rising Star | Formula One drivers from Mexico",1,1,1.0,0,0,0.0,0.5,0.5,0.5,1.0,1.0
dense,pooled,5ae7ba7a5542993210983f12,bridge,hard,"What is the name of the singer who's song was released as the lead single from the album ""Confessions"", and that had popular song stuck behind for eight consecutive weeks?",I Don't Wanna Know | Yeah! (Usher song),"Numb (Rihanna song) | Yeah! (Usher song) | Always (Saliva song) | No Promises (Icehouse song) | Reckless (Jeremy Camp album) | Be the One (Poison song) | Fearless (Eighth Wonder album) | Notorious (The Saturdays song) | Can't Help Myself | Old 8×10 | Emotional Technology | Headlines! | Perfect Day (Cascada album) | Boots (EP) | Kingston Morning | Innocent Records | Graduation (album) | Encore (Eminem song) | List of Billboard 200 number-one albums of 2002 | Dr. Freeze | I've Been Working | Love in Motion (song) | Shut Up, Make Love | Still Restless | I Don't Wanna Know | Levolution (album) | Omarion | List of songs recorded by Ellie Goulding | Kill the Lights (Luke Bryan album) | Icehouse (song) | Adam Craig (singer-songwriter) | Stay (Shakespears Sister song) | Latice Crawford | The Long Road Home | Jamboree (Beat Happening album) | Stay (Sugarland song) | Delirium (Ellie Goulding album) | Poison (American band) | Billy Ray Cyrus discography | Higher (The Saturdays song) | In Death Reborn | Rebel Without a Pause | Call Me Up in Dreamland | Lonestar discography | Change Has Come | What Lovers Do | In It to Win It (Saliva album) | The Last Embrace | John Fogerty (album) | B Boy (song)",1,1,1.0,0,0,0.0,0.5,0.5,0.5,0.5,0.5
dense,pooled,5ac2acff55429921a00ab02b,bridge,hard,who is the younger brother of The episode guest stars of The Hard Easy ,Brian Doyle-Murray | The Hard Easy (Adventure Time),The Hard Easy (film) | The Hard Easy (Adventure Time) | Brother from Another Series | Vanda &amp; Young | John Pappas | Jeff Hephner | Double Trouble (U.S. TV series) | My Brother (2006 film) | The House of Tiny Tearaways | My Family (series 1) | John Amos | Rough Shoot | Phil Mitchell | Chris Hardwick | Filthy Rich &amp; Catflap | The Farm (The Office) | Patty and Selma | It's All Adam's Fault | Andy Milder | Katie Landers | Roy's Wedding | Johanna Bennett | Alex Wolff | Mick Carter | Patrick Tatten | Sci Fi Science: Physics of the Impossible | Homer to the Max | Lucas Grabeel | Good Night (The Simpsons short) | Grampa Simpson | Please Twins! | Dirty Pretty Things (band) | Steve Arbuckle | Changmin | Logan Lucky | Episode 8 (Twin Peaks) | David Mirkin | A Few Best Men | Robert Belushi | The Naked Brothers Band (album) | House Rules (2003 TV series) | David Alden | General Hospital cast members | William D. Russell (director) | Hanna–McEuen | Tara Strong | Tara Strong filmography | Operation Mojo | Zachary Throne | Nat and Alex Wolff,1,1,1.0,0,0,0.0,0.5,0.5,0.5,0.5,0.5
dense,pooled,5aba7cfe554299232ef4a2fd,bridge,hard,The 2017–18 Wigan Athletic F.C. season will be a year in which the team competes in the league cup known as what for sponsorship reasons?,2017–18 Wigan Athletic F.C. season | EFL Cup,2017–18 Wigan Athletic F.C. season | 2006–07 Wigan Athletic F.C. season | 2007–08 Wigan Athletic F.C. season | 1979–80 Wigan Athletic F.C. season | 1978–79 Wigan Athletic F.C. season | List of Wigan Borough F.C. players | EFL Cup | 2016 COTIF Tournament | Newington Youth F.C. | Salford City F.C. | National League (English football) | West Yorkshire Association Football League | Curzon Ashton F.C. | Springfield Park (Wigan) | Manchester United F.C. in European football | Nick Powell | National League North | Northern Ireland Intermediate League | 2013 Rugby League World Cup Group A | 1995–96 Manchester United F.C. season | 2017 Rugby League World Cup Group C | Sport &amp; Leisure Swifts F.C. | 1996 FA Charity Shield | Spennymoor Town F.C. | Doncaster Rovers Belles L.F.C. | Trinidad and Tobago League Cup | Portland State Vikings football under Jerry Glanville | National League South | NIFL Premier Intermediate League | 1994 FA Women's Cup Final | Queen's University Belfast A.F.C. | Northern Ireland Football League | Chris Williams (English footballer) | AFL Rising Star | 2015 FA Women's Cup Final | Kenton Richardson | Sports in the Las Vegas metropolitan area | All-time Sporting Kansas City roster | Manchester United F.C. | List of Kent County Cricket Club captains | Kent County Cricket Club in 2010 | Vancouver Whitecaps FC U-23 | Leeds Equity Partners | Portland Timbers U23s | 2011–12 QMJHL season | 1997 FA Women's Cup Final | Lewis Young (Australian footballer) | Lewis Young | List of Stanley Cup champions | 2006–07 QMJHL season,1,1,1.0,0,0,1.0,0.5,0.5,1.0,1.0,1.0
dense,pooled,5ae5aba0554299546bf82f17,bridge,hard,"Which of Tara Strong major voice role in animated series is an American animated television series based on the DC Comics fictional superhero team, the ""Teen Titans""?",Tara Strong | Teen Titans Go! (TV series),Tara Strong | Tara Strong filmography | Teen Titans (season 1) | List of Teen Titans episodes | List of Teen Titans Go! episodes | Teen Titans | Teen Titans Go! (TV series) | Teen Titans (season 4) | Teen Titans: Trouble in Tokyo | The Voice Teens (Philippine TV series) | The Voice Teens (Philippines season 1) | Jim Cummings | SuperMansion | Justice League (film) | Garfield Gets Real | Aquaman (film) | Claire Temple (Marvel Cinematic Universe) | Arrowverse | Lucas Grabeel | Iroh | Jolin Tsai filmography | Avatar: The Last Airbender (season 1) | Kate Higgins | Voice (film) | Roy Harper (comics) | Batman v Superman: Dawn of Justice | List of DC Extended Universe cast members | Sherry Gunther | Catwoman (film) | Monster Force | Rainbow Girl | Sela Ward | Robby Benson | The Voice of the Philippines | Iron Man (TV series) | The Voice Kids (Arabic TV series) | James Franco | Tara Conner | Raymond Ochoa | DC Extended Universe | Web Weirdos | Jenna Dewan | Chris McKay | Samantha Carter | Wonder Woman (2017 film) | Avatar: The Last Airbender (season 2) | The Spiderwick Chronicles (film) | Alice David | Catwoman (video game) | My Family (series 1),1,1,1.0,0,0,1.0,0.5,0.5,1.0,1.0,1.0
dense,pooled,5ae1f4cb554299234fd0436d,bridge,hard,What is the inhabitant of the city where  122nd SS-Standarte was formed in2014,122nd SS-Standarte | Strasbourg,"122nd SS-Standarte | Southaven, Mississippi | SS General von Steuben | Suorva | Samo's Empire | 122d Fighter Squadron | Vilsandi | Strasbourg | Montezuma Castle National Monument | Centro de Congresos Queretaro | 2014 S/S | Duchy of Thuringia | Suintila | 21st U-boat Flotilla | Roque Cinchado | Samo | ŠNK Radgona | 122nd Infantry Regiment (United States) | 122nd Division (Imperial Japanese Army) | Origins of the Sri Lankan civil war | Svartisen Hydroelectric Power Station | St James's Palace | Alexander II Column in Odessa | Fort Diu | Battle of Port Republic | Sasanian Empire | Marietta Air Force Station | Sinuiju Special Administrative Region | Latvian name | 122nd Fighter Aviation Squadron | Church of the Guanche People | Village accountant | Calumet Downtown Historic District | San Luis Obispo, California | Bukhara operation (1920) | Haddington, East Lothian | 122nd Ohio Infantry | San Jacinto Monument | Czechs in Ukraine | Teatro Giuseppe Verdi | 122nd Hydroplane Liaison Squadron | Samoa | Bonsallo Avenue | Teide National Park | Račak massacre | Swedish general election, 1982 | Tezno massacre | Gaboš | Patan minara | Battle of Berestechko",1,1,1.0,0,0,1.0,0.5,0.5,1.0,1.0,1.0
dense,pooled,5ae7e1fc55429952e35ea9cc,bridge,hard,What color clothing do people of the Netherlands wear during Oranjegekte or to celebrate the national holiday Koningsdag? ,Koningsdag | Oranjegekte,Oranjegekte | Koningsdag | Queen's Day (disambiguation) | Christmas in the Basque Country | Kanakkan | Dutch language | Armed Forces Day (Poland) | Children's Day (Japan) | Festival of New Songs | Pretty Little Dutch Girl | Grand Duke's Official Birthday | Jounen Kwéyòl | Scandinavian design | Open-air museums in Slovakia | Kertha Gosa Pavilion | The Importance of Being Icelandic | EpiCentre K | Otaara | White Sunday | ŠNK Radgona | Disco polo | Kir (cocktail) | Jens Risom | Søren Solkær | Öresund Committee | Klenger Burger | Afrikaans | Ancient Order of Hibernians | Halloween Adventure | Altanochir (1882–1949) | Sussex chicken | Spirit Halloween | Garifuna Settlement Day | Øresund | Kalanta Xristougenon | Jeonju Hanok Village | Ordos City | Omodos | Pungdo | Luang Namtha Museum | Kon Kan | Garden ornament | Czechs in Ukraine | Brown | Søndagsbarn | Birthday Honours | Tezno massacre | Huernia | Makedonsko Sonce | Androuet du Cerceau,1,1,1.0,1,1,1.0,1.0,1.0,1.0,1.0,1.0
dense,pooled,5ae37c765542992f92d822d4,bridge,hard,"What was the name of the 1996 loose adaptation of William Shakespeare's ""Romeo & Juliet"" written by James Gunn?",James Gunn | Tromeo and Juliet,"Romeo + Juliet | Tromeo and Juliet | Romeo and Juliet (1954 film) | The Tragedy of Romeo and Juliet (film) | Romeo × Juliet | Romeo and Juliet on screen | Macbeth | List of Romeo × Juliet episodes | Shakespearean tragedy | Romeo | Juliet | A rose by any other name would smell as sweet | James Gunn | Revengers Tragedy | Revenge tragedy | Benvolio | The Duchess of Padua | Hollywood Outlaw Movie | Dark Passage (film) | The Revengers' Comedies | Orlando: A Biography | Robin Hood (2018 film) | Revengers Tragedy (album) | The Hunger Games (film series) | Sheep (novel) | Critical approaches to Hamlet | Suicide Kings | Jane de Gay | Prince Hamlet | The Prince and Me | James Gunn's PG Porn | Michael Wynne (playwright) | Spark (2014 film) | Out of Sight | Jeffrey Stanley | Adam Collis | Snatch (film) | Christian Bale filmography | Flight of the Innocent | Appius and Virginia | About a Boy (film) | My Pal Trigger | List of accolades received by La La Land | Shakespeare Public House, Bristol | Love &amp; Friendship | 4 a.m. (novel) | Bitter Jester | Dieci canzoni d'amore da salvare | The Hunger Games: Mockingjay – Part 1 | American Beauty (soundtrack)",1,1,1.0,0,0,0.0,0.5,0.5,0.5,0.5,0.5
dense,pooled,5ae33c4d5542992f92d82262,bridge,hard,Robert Suettinger was the national intelligence officer under which former Governor of Arkansas?,Bill Clinton | Robert Suettinger,Robert Suettinger | Lawrence Eagleburger | Robert Barton | Robert R. Hood | Robert Caesar Childers | Lee Terry | Director of the Defense Intelligence Agency | Mark Whitacre | Erskine Barton Childers | Peter W. Smith | Farr House | Richard Socarides | Edwin L. Mechem | National Intelligence Board | Scott Young (American football) | Bill Clinton | Nancy Soderberg | Jay Leiderman | Richard Honaker | Criminal law in the Waite Court | National Intelligence Estimate | Robert Smith (Illinois politician) | Reynolds v. Pegler | National Intelligence Superior Service Medal | National Intelligence Reform Medal | Charles Hastings Judd | William Cammisano | National Intelligence Cross | Robert Hormats | William Flynn Martin | Tippecanoe order of battle | Tecumseh | James Fieser | National Intelligence Medal of Achievement | Jeff Horner | Rick Clausen | Jacob D. Robida | Eugene R. Black Sr. | Peter Blacker | Gretchen Osgood Warren | Edmund Leach | Shomwa Shamapande | Elliott Abrams | Sinn Féin Front Bench | Coastwatchers | Reynolds v. Sims | Hoffman v. Jones | Bobbi Bacha | Brad Parscale | Wale Adebanwi,1,1,1.0,0,0,0.0,0.5,0.5,0.5,1.0,1.0
dense,pooled,5a77cb335542997042120b3a,bridge,hard,What American professional Hawaiian surfer born 18 October 1992 won the Rip Curl Pro Portugal?,John John Florence | MEO Rip Curl Pro Portugal,"MEO Rip Curl Pro Portugal | John John Florence | MEO Rip Curl Pro Portugal 2016 | MEO Rip Curl Pro Portugal 2017 | Andy Irons | Coco Ho | Moche Rip Curl Pro Portugal 2015 | Barton Lynch | Moche Rip Curl Pro Portugal 2014 | Supertubos | Butch Van Artsdalen | Jon St. Andre | Nora Rocha | Julian Bolling | Roberto De Vicenzo | Eduardo Troconis | 1991 Mr. Olympia | Ferdi Taygan | Chawalit Kamutchati | Ernest Foot | Surfer hair | Eduardo Portela | Aloha Dalire | Jermain Mackey | Rod Carr | Fatai Onikeke | George Paice (bowls) | 2017 Mr. Olympia | Alex Zanardi | Tyler Kalinoski | 1995 Benson and Hedges Open | René Dif | Roberta Vinci | 2000 ICC KnockOut Trophy | Ryan Hunter-Reay | François Coli | Albert Ball | Emílio da Silva | Kakoy Legaspi | Vince Phillips | Jim Shoulders | John Waters | Paul Sauvage (aviator) | Marquinhos (footballer, born June 1989) | Julian Holland (boxer) | 1968 US Open (tennis) | Kalākaua | Francisco Jose Hernandez | Jorge Lozano | Lawrence Austin",1,1,1.0,1,1,1.0,1.0,1.0,1.0,1.0,1.0
dense,pooled,5a8979f4554299669944a52e,bridge,hard,What is the middle name of the actress who plays Bobbi Bacha in Suburban Madness?,Bobbi Bacha | Sela Ward,Bobbi Bacha | Suburban Madness | Madhuri Dixit filmography | Matilda Lutz | Raz-B | Laura Osnes | Richard Kind | Siobhan Finneran | Sela Ward | Estelle Hemsley | Marta Ribera | Barbara Niven | Mona Scott-Young | Milan Murray | Sara Botsford | Caroline Spencer | Nancy Spungen | Mamie Gummer | Ashley Cheadle | Sianoa Smit-McPhee | Jackie Lou Blanco | Tzi Ma | Lea Thompson | Siddhartha Jadhav | Gretchen Palmer | Julia Ormond | Audra McDonald | Jenna Dewan | Connie Sawyer | Emily Jewell | Carole Gray | Joey Miyashima | Out in Fifty | Alice David | Ako Mitchell | Christopher Mitchell (actor) | Lenelle Moïse | Gita Dey | Azie Mira Dungey | Bobby Fox | Debashree Roy filmography | Elinor Kershaw | Laura Linney | Robert Belushi | Hoppy Serves a Writ | Alma Pirata | Mary Zophres | Emayatzy Corinealdi | Sunset Las Palmas Studios | Sinbad of the Seven Seas,1,1,1.0,0,0,1.0,0.5,0.5,1.0,1.0,1.0
dense,pooled,5a713ea95542994082a3e6e4,bridge,hard,Alvaro Mexia had a diplomatic mission with which tribe of indigenous people?,Alvaro Mexia | Indigenous peoples of Florida,"Alvaro Mexia | Amaruk Kayshapanta | Mascogos | Tecumseh | Fernando Tapias Stahelin | Americo-Liberians | Edict of Amboise | Enrique Grau | Edwin L. Mechem | Sergio Pérez | Military history of Mexico | Timbiriche VIII &amp; IX | Tenskwatawa | Marquinhos (footballer, born June 1989) | Concho Indian Boarding School | Battle of Tippecanoe | Battle of Manila (1574) | Dicen que soy mujeriego | Pingpu peoples | Indigenous peoples of Florida | Black Seminoles | Elizabeth Martínez | Seminole | Tippecanoe order of battle | Tecumseh's Confederacy | Carlos Rendón Zipagauta | Sebastián Mantilla | José María Gironella | Mexican Mafia | Janine Gutierrez | Maratha Navy | Diplomatic mission | Eleonora Pedron | Rosario Naimo | Treaty of Addis Ababa | Formula One drivers from Mexico | Enrique Carreras | Masami Tsuchiya | Seminole music | Church of the Guanche People | Interamerican Scout Jamboree | History of the Cleveland Indians | Second Anglo-Afghan War | Murree rebellion of 1857 | Kasi (Pashtun tribe) | Dirás que estoy loco | Calcedonio Di Pisa | Seminole Nation of Oklahoma | Thomas Hylland Eriksen | Maratha emperors",1,1,1.0,0,0,0.0,0.5,0.5,0.5,1.0,1.0
dense,pooled,5a78bd9b554299078472774a,bridge,hard,What nationality were social anthropologists Alfred Gell and Edmund Leach?,Alfred Gell | Edmund Leach,Edmund Leach | Alfred Gell | Thomas Hylland Eriksen | Social Anthropology (journal) | Aleksandar Bošković | Douglas Ainslie | Herbert S. Lewis | Network Analysis and Ethnographic Problems | Association of Social Anthropologists | Henri Bergson | Zeresenay Alemseged | Ian Harland | Georges-Henri Bousquet | Coral Gardens and Their Magic | Oryctodromeus | Wale Adebanwi | Aonghus Mór | Robert Barton | Edmund Sharpe | Reed A. Albee | Seumas MacManus | Pingpu peoples | Stephen Boreham | Franz Josef Och | Ann Wigmore | History of England | Wendell Berry | Ken St. Andre | John Darby (Dean of Chester) | Andrew Jaspan | Alfred Balk | Robert Caesar Childers | Jean de Chastelet | Joby Talbot | Semyon Aranovich Gershgorin | Molly Childers | James Fieser | Index Magazine | Ziri ibn Atiyya | Eric Ambler | Cryptoraptor | James Howard Williams | The Scourge of the Desert | John Waters | Jack and His Comrades | Edith Walks | Participant observation | Langston Hughes | E. J. Carroll | Everette James,1,1,1.0,1,1,1.0,1.0,1.0,1.0,1.0,1.0
dense,pooled,5a7625e8554299109176e66a,bridge,hard,In which year was the King who made the 1925 Birthday Honours born?,1925 Birthday Honours | George V,"1925 Birthday Honours | 1951 Birthday Honours | Birthday Honours | 2017 Birthday Honours | 2014 Birthday Honours | 2016 Birthday Honours | 1965 Birthday Honours | 2013 Birthday Honours | 2015 Birthday Honours | Grand Duke's Official Birthday | George V | Koningsdag | Viscount Wimborne | 12th Youth in Film Awards | Duke of Leuchtenberg | Stephen Boreham | Queen's Day (disambiguation) | Joseph L. Follett | Princess Olga of Hanover | 1993 Brownlow Medal | Earl of Lanesborough | William Monson, 1st Viscount Oxenbridge | William Pery, 3rd Earl of Limerick | Charles Hastings Judd | Kalākaua | Gytha Thorkelsdóttir | George Frideric Handel | Young Hollywood Awards | Saint-Jean-Baptiste Day | George Gordon (bishop) | Merrie Monarch Festival | 12th Virginia Regiment | Godwin, Earl of Wessex | Canadian federal election, 1926 | Edmund Sharpe | Patrick IV, Earl of March | George W. Macfarlane | 2010 Kiev Victory Day Parade | Viscount Trenchard | George Young (Scottish footballer) | Earl Belmore | Langston Hughes Medal | James Howard Williams | Henry III of France | Earl of Aylesford | Paul Sauvage (aviator) | Princess Henriette of Nassau-Weilburg | Claude Auchinleck | Vishvendra Singh | Ernest Foot",1,1,1.0,0,0,0.0,0.5,0.5,0.5,1.0,1.0
dense,pooled,5ae2dd2055429928c423950d,bridge,hard,"What is the county seat of the county where East Lempster, New Hampshire is located?","East Lempster, New Hampshire | Sullivan County, New Hampshire","East Lempster, New Hampshire | Lempster, New Hampshire | Miner Memorial Library | Sullivan County, New Hampshire | Dover, New Hampshire | History of the East Riding of Yorkshire | Carroll County, New Hampshire | Steven D. Smith | Hampden County, Massachusetts | Humberside | Lemoyne, Nebraska | Mall of New Hampshire | Eastern Hills Mall | Humberhead Levels | Hudson Highlands State Park | Strawberry Park, Cheshire | Leer | Kelsall | Eccles, Greater Manchester | Woodsville, New Hampshire | Glimmerglass Historic District | East Haven High School | Jones Point, New York | Unincorporated Far West Region | Mankato, Minnesota | Leda (river) | Bruxner Highway | Bjørnøya, Haram | Ejin–Hami Railway | Amherst, Massachusetts | Humber Warhawks | National League South | Park City Center | Mount View, New South Wales | Eccles Interchange | Wapusk National Park | Eastern freshwater cod | New York State Route 121 | Backford Cross | National League North | RAF Warmwell | South Phoenix | Pureland Industrial Complex | Willoughton | Robert Nyce | Elmwood Historic District–East | Øresund Region | Gorse Hill | Eugene Cross Park | Finchampstead",1,1,1.0,0,1,1.0,0.5,1.0,1.0,1.0,1.0
dense,pooled,5abdf12255429976d4830a2f,bridge,hard,The Album Against the Wind was the 11th Album of a Rock singer Robert C Seger born may 6 1945. What was the Rock singers stage name ?,Against the Wind (album) | Bob Seger,Against the Wind (album) | Bob Seger | Barbara Higbie | Lee Hazlewood | Ride Out (album) | Stranger in Town (album) | Søren Solkær | Daniel House | Chris Hanzsek | Mark Arm | Liquid Acrobat as Regards the Air | John Fogerty | Frank Beard (musician) | Soundings (Carter) | Ungod | Hans Orifice | Timothy &quot;Yogi&quot; Watts | Dave Meros | Skin Yard | Owsley Stanley | Mike Smith (A&amp;R man) | Daryl Hall | Rebel Without a Pause | Vanda &amp; Young | Vance Powell | Flying with Music | The Caledonia Soul Orchestra | Carolina Rain | Hall &amp; Oates | Steeltown (band) | Mark Castillo | Matt Cameron | For Against | Beatitude (album) | Gus Williams (musician) | Seumas MacManus | Bruce Spizer | Bad News (band) | Gerry Marsden | Tom Morello discography | Rise Above (Dirty Projectors album) | Hold Me in Your Arms (album) | Altamont Diary | Clouds (Apollo Brown album) | His Band and the Street Choir | Suffrajett | Drum Beat | The Beach Boys | Levolution (album) | M Music &amp; Musicians,1,1,1.0,1,1,1.0,1.0,1.0,1.0,1.0,1.0
dense,pooled,5a88658955429938390d3f47,bridge,hard,Rostker v. Goldberg held that the practice of what way of filling armed forces vacancies was consitutional?,Conscription in the United States | Rostker v. Goldberg,"Rostker v. Goldberg | Berghuis v. Thompkins | Jane Marum Roush | West v. Barnes | Reynolds v. United States | Friedrich Wilhelm von Steuben | Craig v. Boren | David Waksberg | Vatroslav Rožić | Mississippi University for Women v. Hogan | Russian Civil War | Edward E. Cox | United States v. Binion | Hirabayashi v. United States | Selle v. Gibb | Summers v. Earth Island Institute | Wolf Junge | Criminal law in the Marshall Court | Executive Order 10925 | Lavr Kornilov | Van Staphorst v. Maryland | Hoffman v. Jones | VMF-215 | Ben Roberts-Smith | DISCLOSE Act | Roger O. Egeberg | Richard Honaker | Egon Mayer | Reynolds v. Pegler | Whole Woman's Health v. Hellerstedt | Mikhail Suslov | List of ships of the Yugoslav Navy | Volunteer Political Party | Franklin D. Roosevelt's record on civil rights | One Rank, One Pension | Criminal law in the Waite Court | Ronald Reagan judicial appointment controversies | Alfred Balk | Ephraim Sklyansky | Manfred Meurer | George W. Macfarlane | Georges Madon | Jameel v Wall Street Journal Europe Sprl | Charles Nungesser | Elmo M. Haney | Michael Lunin | Harris G. Mirkin | James A. Winnefeld Jr. | United States v. Quiver | Reynolds v. Sims",1,1,1.0,0,0,0.0,0.5,0.5,0.5,1.0,1.0
dense,pooled,5a86ebac55429960ec39b6d6,bridge,hard,"Handi-Snacks are a snack food product line sold by what American multinational confectionery, food, and beverage company that is based in Illinois?",Handi-Snacks | Mondelez International,"Handi-Snacks | Mondelez International | Snack Foods Limited | Snackbox Food Holdings | Robert's American Gourmet Food | Twisties | PepsiCo | General Mills | Fazoli's | Kellogg's | Tim Hortons | A&amp;W Restaurants | Schwartz's | Carnival Cravings | California Center for Public Health Advocacy | Leeann Chin | CytoSport | Toddle House | The Works (restaurant) | Ratafia | Manischewitz | Deep-fried peanuts | Rubicon Drinks | Coty, Inc. | Fast food restaurant | Vetigel | S.A.C.I. Falabella | Canyon Creek Food Company | Carrefour | Noodle Box | Rewrapped | Tazweed Center | Pandanus conoideus | Tony Fabrizio | Cocoa Krispies | Chicago Public Media | Pharma Medica | Annie Morton | Food and Drug Administration | RetailMeNot | Ron Joyce | New Scandinavian Cooking | Chefette | Pox (drink) | Salad bar | Wilton Mall | Lion's Choice | Pergament Home Centers | José Graziano da Silva | Todai (restaurant)",1,1,1.0,1,1,1.0,1.0,1.0,1.0,1.0,1.0
dense,pooled,5aba5d2e55429901930fa799,bridge,hard,"What was the name of a woman from the book titled ""Their Lives: The Women Targeted by the Clinton Machine "" and was also a former white house intern?",Monica Lewinsky | Their Lives,"Their Lives | Monica Lewinsky | The White House Doctor | Kate Millett | Sexual Politics | William H. Ginsburg | Peter W. Smith | Once Upon a Secret | Joanna Russ | Melissa Fay Greene | William Allen White | Virginia Woolf | Virginia E. Johnson | Nancy Soderberg | Lewinsky scandal | Virginia Foster Durr | Mark D. Fabiani | Ann Wigmore | Susie Bright | Murder of Grace Brown | Diana Zuckerman | Hannah Gale | Nuria Oliver | Sara Botsford | Yvonne Ridley | Chrysalis (magazine) | Lisa Brennan-Jobs | Elizabeth Neilson | Molly Childers | Jane de Gay | Scout Tufankjian | Chrisann Brennan | Jane Marcus | Louise Bryant | Mariette Leslie Cotton | Nancy K. Pearson | William Masters | Clinton, Minnesota | Azie Mira Dungey | Lori L. Holt | Gloriana St. Clair | William Flynn Martin | Harris G. Mirkin | Elisabeth Murdoch (businesswoman) | Elizabeth Martínez | The Bite in the Apple | A Girl like Me (film) | Eve Unsell | Eric Schultz | Pamela B. Green",1,1,1.0,1,1,1.0,1.0,1.0,1.0,1.0,1.0
dense,pooled,5ae5736e5542990ba0bbb2b3,bridge,hard,"When was the American lawyer, lobbyist and political consultant who was a senior member of the presidential campaign of Donald Trump born?",Paul Manafort | Trump campaign–Russian meeting,"Paul Manafort | Trump campaign–Russian meeting | Brad Parscale | Donald Trump presidential campaign, 2000 | David Urban | Donald Trump Jr. | Mark D. Fabiani | Tony Fabrizio | Scott Parkin | George D. Buffett | Mark Whitacre | Lee Terry | Pamela Gilbert | Cynthia Hogan | Richard Honaker | Elliott Abrams | Ronald Reagan | Jay Leiderman | Thomas Friedman | Donald J. Hall Jr. | Howard Graham Buffett | William H. Ginsburg | Donald Trump (Last Week Tonight) | Nancy Soderberg | Peter W. Smith | Richard A. Teague | Richard Socarides | Otto Reich | Pat Robertson | Chris Van Hollen | Monica Lewinsky | Gordon Johndroe | Jeff Strabone | Gregory B. Craig | Edgar Kaiser Jr. | Walt Zeboski | Howard Warren Buffett | Donald Duffy | Noel C. Bloom | Roger O. Egeberg | Jim Puplava | Douglas J. Bennet | Edwin L. Mechem | Immigration policy of Donald Trump | Edgar Kaiser Sr. | Eugene Habecker | Claudio Fernández-Aráoz | Robert Hormats | Alistair Grant | Every Voice",1,1,1.0,1,1,1.0,1.0,1.0,1.0,1.0,1.0
dense,pooled,5ae005b555429942ec259bec,bridge,hard,"In what year was the novel that Lourenço Mutarelli based ""Nina"" on based first published?",Crime and Punishment | Lourenço Mutarelli,"Lourenço Mutarelli | The Birds on the Trees | 4 a.m. (novel) | José María Gironella | Adriana Trigiani | The Golden Hour (novel) | Montecristo (Argentine telenovela) | The Mask of Dimitrios | Melissa Fay Greene | The Wind-Up Bird Chronicle | Bertha Runkle | O mio babbino caro | Claudia Durst Johnson | Alma Pirata | Joseph LoPiccolo (organized crime) | Dance Dance Dance (novel) | La fanciulla del West | Guido Caldarelli | Rosario + Vampire | Before We Say Goodbye | Gianni Schicchi | Guapas | Eva Riccobono | Jacopo Puccini | Rosario Naimo | Norwegian Wood (novel) | List of major opera composers | Marlene (1984 film) | Animorphs | Roald Dahl | Ottavio Alessi | Orlando: A Biography | Calcedonio Di Pisa | Serafino (film) | The Soloist | Mai Al-Nakib | Shadowshaper | Victoria Hanley | Elizabeth Martínez | Crime and Punishment | Sue Grafton | Franci Cerar | Lev Yilmaz | Madonna (book) | Jean Portante | Bread and Roses, Too | Antonino Lo Surdo | Johnny Angel | The Mystery of the Yellow Room (1919 film) | Maurice Walsh",1,1,1.0,0,0,0.0,0.5,0.5,0.5,1.0,1.0
dense,pooled,5a7759fc5542993569682d60,comparison,hard,Where are Teide National Park and Garajonay National Park located?,Garajonay National Park | Teide National Park,"Garajonay National Park | Teide National Park | Crater Lake National Park | National parks of Taiwan | Alpine National Park | Prophetstown State Park | Escalante Petrified Forest State Park | Roque Cinchado | North Cascades National Park | Niagara Park, New South Wales | Montezuma Castle National Monument | Stanley Park, Blackpool | Wapusk National Park | Eugene Cross Park | Shawnee Mission District Stadium | Glanford Park | Vilsandi | The Great Movie Ride | National Archives of Namibia | Glacier National Park Fund | Narrow Hills Provincial Park | Bobby Dodd Stadium | Mount View, New South Wales | Gaboš | Las Vegas Festival Grounds | Yellowcraigs | Indianapolis Motor Speedway | Cotter River System | National Archives of Bangladesh | Lung Fu Shan Country Park | Dras War Memorial | Ruakuri Cave | Shuangmiao, Inner Mongolia | National Archives of Zambia | Forbury Gardens | Flores Island Marine Provincial Park | Clock Tower of Murshidabad | Nusretiye Clock Tower | Coimbatore International Airport | Yunnan Provincial Museum | Haripur Barabari | Gerald R. Ford Presidential Library | Colonna di San Zanobi, Florence | Nashville Terminal Subdivision | Calumet Downtown Historic District | Salisbury Woodland Gardens, Blackpool | Circus Circus Las Vegas | Crowther Masonic Hall | Hanggin Rear Banner | National Archives of Mauritania",1,1,1.0,1,1,1.0,1.0,1.0,1.0,1.0,1.0
dense,pooled,5a835478554299123d8c20ed,bridge,hard,How many copies of Roald Dahl's variation on a popular anecdote sold?,Mrs. Bixby and the Colonel's Coat | Roald Dahl,"Roald Dahl | The Best of Roald Dahl | Roald Dahl: Collected Stories | Roald Dahl short stories bibliography | The Roald Dahl Treasury | The Collected Short Stories of Roald Dahl | Mrs. Bixby and the Colonel's Coat | Henry Roth | Roald Dahl Children's Gallery | Roald Dahl's Willy Wonka (musical) | Douglas Ainslie | Peter Swales (historian) | Winfred Blevins | H. Bedford-Jones | Nancy K. Pearson | Michael Finnegan (song) | W. F. Morris | The Duchess and the Jeweller | Orlando: A Biography | Pluck and Luck | Snoecks | From Unknown Worlds | Reading Post | I, Too (Langston Hughes poem) | Mai Al-Nakib | Madonna (book) | Bread and Roses, Too | Aye, and Gomorrah, and other stories | The Great Gilly Hopkins | &quot;J&quot; Is for Judgment | AlphaPets | Irish prose fiction | Penelope Lively | Cultural depictions of Harold Godwinson | Give War a Chance | Arthur Conan Doyle | Langston Hughes | The Mark on the Wall | Dzvinia Orlowsky | Castle Richmond | Dim Gray Bar Press | Langston Hughes Medal | Richard Ford | Suanfa tongzong | Wendell Berry | Index Magazine | The Life and Work of Sigmund Freud | Virginia Woolf | Jean Portante | Roald Dahl Plass",1,1,1.0,0,0,1.0,0.5,0.5,1.0,1.0,1.0
dense,pooled,5aba749055429901930fa7d8,comparison,hard,What occupation do Chris Menges and Aram Avakian share?,Aram Avakian | Chris Menges,Chris Menges | Aram Avakian | Søren Rasted | Darrell Crate | Alistair Grant | Claudio Fernández-Aráoz | Mat Dan | Ottavio Alessi | Franz Josef Och | Sean Healey | Lene Nystrøm | Elliott Abrams | Viktoras Kulvinskas | Amaruk Kayshapanta | Inge Kaul | Al Pacino on stage and screen | The Drop-In (podcast) | Herbert S. Lewis | Thomas Hylland Eriksen | Semyon Aranovich | Sergo Mikoyan | Polycom | Alfred Gell | Giuseppe Arimondi | David Alden | Peter Torry | Joby Talbot | Rosario Naimo | Aleksandar Bošković | William Cammisano | Emílio da Silva | Richard Socarides | Ian Harland | Denis Latin | Thomas Friedman | Kevin Sheehan | Evelina Simonaho | Index Magazine | Everette James | Seumas MacManus | Idrees Ul Haq | Wale Adebanwi | Eenasul Fateh | Am Rong | Gus Williams (musician) | Ephigenia of Ethiopia | Affiliated Managers Group | Michael Hjälm | Shomwa Shamapande | Isaak Hassler,1,1,1.0,1,1,1.0,1.0,1.0,1.0,1.0,1.0
dense,pooled,5abfb3425542990832d3a1c0,bridge,hard,Andrew Jaspan was the co-founder of what not-for-profit media outlet?,Andrew Jaspan | The Conversation (website),Andrew Jaspan | Media proprietor | Allen &amp; Company Sun Valley Conference | Jim Puplava | Rupert Murdoch | Noel C. Bloom | Brad Parscale | Digital Media Factory | John Waters | Merv Griffin Entertainment | Nerdist Industries | Trevor Kennedy | Pat Robertson | Ron Joyce | Jay Leiderman | Sean Healey | Nerdist News | Jory Prum | Ronn Owens | Scott Parkin | RetailMeNot | Jason Gilbert | Penske Media Corporation | Celebrity Home Entertainment | James Packer | Thomas Shea | Turner | State media | Jonathan Michael Ansell | The Drop-In (podcast) | Joseph McGrath (film director) | Dana Shires | Thomas Ince: Hollywood's Independent Pioneer | William Allen White | Susan Gerbic | Elisabeth Murdoch (businesswoman) | P. J. O'Rourke | Alfred Balk | Harry Connick Jr. | Bordan Tkachuk | Kiyoshi Kohatsu | California Center for Public Health Advocacy | 14ymedio | Darrell Crate | Music Maker (label) | Michael Atkinson | Daniel House | Bobby Mehta | Joe Scarborough | Edgar Kaiser Sr.,1,1,1.0,0,0,0.0,0.5,0.5,0.5,1.0,1.0
dense,pooled,5ac3165c5542995ef918c10a,bridge,hard,Which American film director hosted the 18th Independent Spirit Awards in 2002?,18th Independent Spirit Awards | John Waters,18th Independent Spirit Awards | 32nd Independent Spirit Awards | 28th Independent Spirit Awards | Independent Spirit Award for Best Cinematography | Independent Spirit Award for Best Editing | Independent Spirit Award for Best First Feature | Independent Spirit Awards | 2014 Young Hollywood Awards | 2013 Young Hollywood Awards | 12th Youth in Film Awards | Spirit Halloween | 61st Golden Globe Awards | Mihai Mălaimare Jr. | Takeshi Fukunaga | Academy Award for Best Film Editing | Young Hollywood Awards | Sacred Planet | Heidi Ewing | FreedomFilmFest | 51st Golden Globe Awards | Scream (1996 film) | All Ages: The Boston Hardcore Film | Ed Wood | 71st Golden Globe Awards | Premio Lo Nuestro 2003 | List of accolades received by American Beauty | Golden Globe Award for Best Animated Feature Film | Doc NYC | Brandon Dickerson | Drama Desk Award for Outstanding Director | Blast! (musical) | 500 Years Later | David and Sandy Reynolds-Wasco | Blinding Edge Pictures | Larnelle Harris | 2003 Kids' Choice Awards | MTV Video Music Award for Best New Artist | Stewart Stern | Hellfest (American music festival) | People Like Us (soundtrack) | Mystic River (film) | Sunil Rawal | Los Cabos International Film Festival | John Waters | John Lithgow | Spencer Averick | Boots and Hearts Music Festival | Devil in the Flesh (1998 film) | Ava DuVernay | David Yates,1,1,1.0,0,0,0.0,0.5,0.5,0.5,1.0,1.0
dense,pooled,5ae53b545542990ba0bbb23c,bridge,hard,Where does the hotel and casino located in which Bill Cosby's third album was recorded?,Flamingo Las Vegas | Why Is There Air?,"Inside the Mind of Bill Cosby | Disco Bill | Why Is There Air? | At Last Bill Cosby Really Sings | The Original Jam Sessions 1969 | Bill Cosby Is a Very Funny Fellow...Right! | Bill's Best Friend | Hikky Burr | Casino, New South Wales | Trump International Hotel Las Vegas | Gum Wall | Yes, Yes, Yes | Circus Circus Las Vegas | Westgate Las Vegas Resort &amp; Casino | Flamingo Las Vegas | DoubleTree by Hilton Hotel Los Angeles Downtown | Tropicana – Las Vegas Boulevard intersection | ABQ Uptown | Downtown Las Vegas | Las Vegas Festival Grounds | Yeah! (Usher song) | The Forbury Hotel | Tonight I Climbed the Wall | Kingston Morning | His Band and the Street Choir | Live in Buffalo: July 4th, 2004 | Candy Coburn | Live at Carnegie Hall (Stevie Ray Vaughan album) | Chris Hanzsek | The Idols with Sid Vicious | Elton John One Night Only – The Greatest Hits | Om Records | In My Country There Is Problem | B Boy (song) | Mick (DJ) | Donald Trump in music | Hammerjack's | Innocent Records | Holiday Inn Lake Buena Vista Downtown | Longhorn Ballroom | Encore (Eminem song) | Maxine's Tap Room | Sunset Las Palmas Studios | Virgins (Tim Hecker album) | One Night (ELO Part II album) | Chuck Berry on Stage | Samuel Sim | Walt Disney World Dolphin | Tysons Galleria | Circle. Square. Triangle",0,1,1.0,0,0,0.0,0.0,0.5,0.5,0.3333333333333333,0.3333333333333333
dense,pooled,5ae224da554299234fd043ee,comparison,hard,Do the drinks Gibson and Zurracapote both contain gin?,Gibson (cocktail) | Zurracapote,Phillips Distilling Company | Gibson (cocktail) | Zurracapote | Ratafia | List of soft drinks by country | Soft drink | Gin pennant | Brabejum | Light cavalerie vodka | Rubicon Drinks | Xylitol | Wassail | California Center for Public Health Advocacy | Holistic dentistry | Submarino (beverage) | Hot toddy | Energy shot | Kir (cocktail) | CytoSport | Vino cotto | Cedrol | Flaming beverage | Blueberry Tea | Cypress-pine | Zaječická hořká | Mırra | Schwartz's | William H. Ginsburg | Robin Goldstein | Pachypodium lealii | A&amp;W Restaurants | Jounen Kwéyòl | Hot toddy (disambiguation) | Leucopaxillus gentianeus | Maxine's Tap Room | Ouch! (gum) | Aaron Faulls | The Muggs | John England &amp; the Western Swingers | 2011 Barcelona Ladies Open – Doubles | Pox (drink) | Manischewitz | Miranda (album) | Index of alcohol-related articles | Bubblegum Alley | Libocedrus | Ron Joyce | Marta Domachowska | PepsiCo | Scotch Collie,1,1,1.0,0,1,1.0,0.5,1.0,1.0,0.5,0.5
dense,pooled,5ae2b770554299495565db0f,bridge,hard,"In what month is the annual documentary film festival, that is presented by the fortnightly published British journal of literary essays, held? ",London International Documentary Festival | London Review of Books,London International Documentary Festival | Docville | Doc NYC | New Haven Documentary Film Festival | Chagrin Documentary Film Festival | 500 Years Later | Le Conversazioni | Blog Wars | FreedomFilmFest | British Journal | 12th Youth in Film Awards | Heidi Ewing | Memorabilia (event) | LaLee's Kin: The Legacy of Cotton | Brandon Dickerson | London Review of Books | Los Cabos International Film Festival | Reynolds v Times Newspapers Ltd | Independent Spirit Award for Best Cinematography | Sacred Planet | Made in Britain | Beautiful Young Minds | Buried Country | 18th Independent Spirit Awards | David Ayer | Film laboratory | David Yates | 51st Golden Globe Awards | National Geographic Explorer | Langston Hughes Medal | 32nd Independent Spirit Awards | Spencer Averick | Irish Bulletin | EvidenceNetwork.ca | Independent Spirit Award for Best Editing | New York State Writers Hall of Fame | Marcel Trillat | Poetical Refugee | Ian McEwan | 31st Golden Globe Awards | A Summer in the Cage | Penske Media Corporation | 61st Golden Globe Awards | Agee (film) | Nebula Award for Best Novel | 2014 Young Hollywood Awards | Thrill of a Lifetime (film) | Shakespearean tragedy | Richard Ford | Healing (film),1,1,1.0,0,0,0.0,0.5,0.5,0.5,1.0,1.0
dense,pooled,5a80b3a9554299485f5986cc,bridge,hard,Tysons Galleria is located in what county?,"McLean, Virginia | Tysons Galleria","Tysons Galleria | Tysons, Virginia | Tysons Corner Center | Poughkeepsie Galleria | Spring Hill station | McLean station | Androscoggin Bank Colisée | Gardnerville Branch Jail | Cobb Galleria Centre | McLean, Virginia | Cromwell's Run Rural Historic District | Covington, Tennessee | Yanco Agricultural High School | Vince Phillips | St James's Church, Reading | Savage, Maryland | Bunny Grant | Julian Holland (boxer) | Scott Dixon (boxer) | Lawrence Austin | Cerro Gordo County Courthouse (Iowa) | Elko Regional Airport | Carmel High School (Mundelein, Illinois) | Zab Judah | Ambrose Mendy | Kentucky Oaks Mall | Bishop Gorman High School | Chris Eubank Jr. | Astrodome | Fat Cat Brewery | Luke Blackledge | Lower Louviers and Chicken Alley | Hungry Horse | Jeff Malcolm | Longhorn Ballroom | Audra, Texas | Omodos | Olive Branch, Mississippi | Blackman-Bosworth Store | Bonsallo Avenue | 1965 Houston Astros season | West Memphis, Arkansas | Fazoli's | Bradley, North Yorkshire | Valhalla Highlands Historic District | Bishop Manogue High School | John A. Brown (department store) | Bishop Carroll Catholic High School | Millington, Tennessee | Luke Hubbins",1,1,1.0,0,0,1.0,0.5,0.5,1.0,1.0,1.0
dense,pooled,5a8e0a005542995085b373a1,bridge,hard,Bordan Tkachuk was the CEO of a company that provides what sort of products?,Bordan Tkachuk | Viglen,"Bordan Tkachuk | Jim Lentz | Ron Joyce | Keith Bostic | Kohlberg Kravis Roberts | Eugene Melnyk | Darrell Crate | Jim Puplava | VELUX | Mark Whitacre | Rubicon Drinks | Viktoras Kulvinskas | Sean Healey | Thomas Shea | Jonathan Michael Ansell | Edgar Kaiser Sr. | Peter Torry | Media proprietor | Maxeda | Michael Hjälm | Wes McKinney | Henkel | Halliburton | James Packer | Claudio Fernández-Aráoz | Harry Connick Jr. | Bobby Mehta | Terren Peizer | Allen &amp; Company Sun Valley Conference | Tim Hortons | Digital Media Factory | Coty, Inc. | The Works (restaurant) | Anthony Travers | Manischewitz | Curtis Glencross | Tesco Extra | Frank Lowy | Hyrum W. Smith | BauMax | Keith Bostic (American football) | Gore-Chernomyrdin Commission | David S. Touretzky | Alan Cransberg | Andrew Jaspan | SavaCentre | Nerdist Industries | Prosper Boulanger | Tefik Mborja | Danny Bakker (footballer, born 16 January 1995)",1,1,1.0,0,0,0.0,0.5,0.5,0.5,1.0,1.0
dense,pooled,5ac1b8ee5542994d76dccedc,comparison,hard,"Which filmmaker was known for animation, Lev Yilmaz or Pamela B. Green?",Lev Yilmaz | Pamela B. Green,"Pamela B. Green | Lev Yilmaz | Semyon Aranovich | Aryanto Yuniawan | A. C. Tirulokchandar | Farooq Sheikh | Kiyoshi Kohatsu | Enrico Casarosa | Lev Kuleshov | Lionel Ngakane | Soha Ali Khan | Julián Hernández (filmmaker) | Cineriz | Fayyaz Hashmi | John Waters | Indriati Iskak | Sanjay's Super Team | Mary Zophres | Mona Scott-Young | Estelle Hemsley | Gita Dey | Beautiful Young Minds | Rich Lee | I Was a Satellite of the Sun | Anil Chatterjee | The Dragon, the Hero | AES+F | Gal Gadot | Maureen Dragone | Love Beats Rhymes | Farida Jalal | LaLee's Kin: The Legacy of Cotton | Kristof Konrad | Tulu cinema | Tracker (1987 film) | Manorama (Tamil actress) | Lady Gaga x Terry Richardson | Omarion | Valentina (2008 film) | Charles Eldridge | YCoCg | Rankin/Bass Productions | Alain Resnais | Enrique Carreras | ATL (film) | Tariq Khan (actor) | Pudhu Yugam | Alencier Ley Lopez | Július Satinský | Madhuri Dixit filmography",1,1,1.0,1,1,1.0,1.0,1.0,1.0,1.0,1.0
dense,pooled,5adccd795542990d50227d2c,bridge,hard,In which city is the ambassador of the Rabat-Salé-Kénitra administrative region to China based?,Moroccan Ambassador to China | Rabat,"Moroccan Ambassador to China | Rabat | Urad Rear Banner | Chahar Right Rear Banner | Shuangmiao, Inner Mongolia | Sinuiju Special Administrative Region | Yunnan Provincial Museum | Gwangjang Market | Xiapu County | Horqin Left Rear Banner | Embassy of China, London | TaeguTec | Devyani Khobragade | Kunming Museum | Scout Tufankjian | Liaison Office (Hong Kong) | Chawalit Kamutchati | Bobby Mehta | Luang Namtha Museum | Roman Catholic Diocese of Yingkou | EpiCentre K | Yi Guan | Dipangkorn Rasmijoti | Pavilion Mall | Dafeng District | 2011 Inner Mongolia unrest | Ethiopia–Japan relations | Inner Mongolia First Machinery Group Corporation | Tinghu District | Altanochir (1882–1949) | Otto Reich | Todai (restaurant) | Am Rong | Shanghai | Udanchhoo | Exchange Ilford | Inner Mongolia Medical University | Ilocos Region | Cultural Property (Japan) | Yingkou Lanqi Airport | Michael Green (political expert) | Sima Hydroelectric Power Station | Uno-X | Carey Olsen | Jaluit Atoll | Aryanto Yuniawan | Pergament Home Centers | Vatroslav Rožić | Achalla | Makedonsko Sonce",1,1,1.0,1,1,1.0,1.0,1.0,1.0,1.0,1.0
dense,pooled,5a84c4135542994c784dda31,comparison,hard,Are Yingkou and Fuding the same level of city?,Fuding | Yingkou,"Yingkou | Roman Catholic Diocese of Yingkou | Tongcheng Subdistrict, Fuding | Yingkou Lanqi Airport | Yingkou East Railway Station | Kunming | Fuding Railway Station | Tinghu District | Fuding | Xiapu County | Yandu District | Shanghai | Lung Fu Shan Country Park | Dazhou | Taimushan Railway Station | CapitaGreen | Dalian Zhoushuizi International Airport | Dafeng District | Yangzong Lake | Kunming Museum | Altanochir (1882–1949) | Jeonju Hanok Village | Bayuquan Railway Station | Dali–Ruili Railway | Hanggin Rear Banner | Gwangjang Market | Shuangmiao, Inner Mongolia | Cho Kyuhyun | Changmin | Yunnan Provincial Museum | Gulangyu | Sinuiju Special Administrative Region | Ashanti Region | G5511 Jining–Arun Expressway | Darayim District | Summerlin, Nevada | One Raffles Link | Sauce Viejo, Argentina | Horqin Left Rear Banner | Madtown | One Raffles Place | 2011 Inner Mongolia unrest | Downtown Las Vegas | Bank of China Tower (Hong Kong) | Andlang | Kyokusui-no-en | Ordos City | Urad Rear Banner | Zhukaigou culture | Republic Plaza (Singapore)",1,1,1.0,0,0,1.0,0.5,0.5,1.0,1.0,1.0
dense,pooled,5a85eed75542996432c5713b,bridge,hard,Where did the descendants of the group of black Indians associated with the Seminole people settle?,Black Seminoles | Mascogos,"Black Seminoles | Seminole | Indigenous peoples of Florida | Seminole music | Seminole Nation of Oklahoma | Mascogos | Tecumseh | Muscogee language | Pingpu peoples | Seminole County, Oklahoma | Black Bermudian | Tecumseh's Confederacy | Draining and development of the Everglades | Americo-Liberians | John Ridge | Shiners' War | Fomorians | Concho Indian Boarding School | Kasi (Pashtun tribe) | Tenskwatawa | Tippecanoe order of battle | Alvaro Mexia | Battle of Jupiter Inlet | Battle of Tippecanoe | History of Irish Americans in Boston | Battle of Fallen Timbers | French Canadians | Herbert S. Lewis | Black 13 | Ajugeae | Sons of the Pioneers (film) | Maratha Navy | Oku people (Sierra Leone) | Arabs in India | 1891 Tennessee Volunteers football team | University of the Incarnate Word | History of the Cleveland Indians | Dewey Beard | Rosario Naimo | Blackback barb | Peter Blacker | Catuvellauni | Horace Bumstead | Altamont Diary | Guanche mummies | Jeep Cherokee | 1899 Tennessee Volunteers football team | Daniel Talia | The Bama Band | Karaboro languages",1,1,1.0,0,0,1.0,0.5,0.5,1.0,1.0,1.0
dense,pooled,5a774e9c55429972597f14f3,bridge,hard,David Huntsinger has worked with this gospel singer born in the month of July?,David Huntsinger | Larnelle Harris,David Huntsinger | Karen Clark Sheard | Gus Williams (musician) | Larnelle Harris | Muyiwa Olarewaju | Just as I Am (Yolanda Adams album) | Latice Crawford | Chris Funk | Didz Hammond | David Alden | Randy Travis | David Gold (talk radio host) | Bruce Spizer | Daryl Hall | Hayden (musician) | Aurelio Valle | Zachary Throne | M Music &amp; Musicians | Marcus Bontempelli | John Waters | List of Canned Heat members | Kierra Sheard | Hall &amp; Oates | Charles Charamba | Hunter Davies | John Home Robertson | Lil Ru | Johnny Angel Wendell | Lady Antebellum | Christian Death | Tom Rothrock | Frank Beard (musician) | Fireflight | Keith Richards | Bradley Gaskin | Chris Robinson Brotherhood | Harry Connick Jr. | Amanda Lepore | Andraé Crouch | Timothy &quot;Yogi&quot; Watts | Mark Arm | Jonathan Wolfson | Supagroup | Barbara Higbie | Dave Meros | Delmer Daves | Leah Flanagan | Lee Hazlewood | Radio Amor | Chris Williams (English footballer),1,1,1.0,0,1,1.0,0.5,1.0,1.0,1.0,1.0
dense,pooled,5ae738f75542991bbc9761c4,bridge,hard,What year was the brother of this first round draft pick by the Washington Redskins drafted?,Boss Bailey | Champ Bailey,Randall Cunningham | Scott Young (American football) | Ron Snidow | Fred Hageman | Champ Bailey | Jeris White | Boss Bailey | LaRon Landry | Ricky Proehl | Ken Herock | Adrian Peterson | Kevin Lockett | Tom Draper | Keith Bostic (American football) | Portland State Vikings football under Jerry Glanville | Adam Thielen | Joe Walker (American football) | Rick Clausen | Travis Richards | Bob Young (American football) | Dré Bly | Ken Rose (gridiron football) | Ray Nitschke | Robin Cole | William T. Van de Graaff | Al Wilson (offensive lineman) | Marc Parenteau | Anthony Woodson | Mouse Davis | Vernon Fox | Lamar Chapman | Ivory Lee Brown | 2013 Texas Tech Red Raiders football team | Curt Smith (basketball) | Freddie Summers | J. J. Syvrud | Randall Cunningham II | 2000–01 Minnesota Timberwolves season | Larry Friend | 1964 Illinois Fighting Illini football team | Nick Eddy | Bobby Humphrey | 2014 Texas Tech Red Raiders football team | 1951 Arizona State Sun Devils football team | Lewis Young (Australian footballer) | Merlin Olsen | List of Texas Tech Lady Raiders in the WNBA Draft | Casey Weldon | Wayne Garland | 2012 Texas Tech Red Raiders football team,0,1,1.0,0,0,1.0,0.0,0.5,1.0,0.2,0.2
dense,pooled,5ac32b565542995ef918c154,bridge,hard,Where is the stadium at which 1964 Georgia Tech Yellow Jackets football team played their home game located? ,1964 Georgia Tech Yellow Jackets football team | Bobby Dodd Stadium,1964 Georgia Tech Yellow Jackets football team | 1987 Georgia Tech Yellow Jackets football team | Georgia Tech Yellow Jackets football | 1988 Georgia Tech Yellow Jackets football team | 1953 Georgia Tech Yellow Jackets football team | Bobby Dodd Stadium | 1959 Georgia Tech Yellow Jackets football team | 1980 Georgia Tech Yellow Jackets football team | Georgia Tech Yellow Jackets men's basketball | 1990 Georgia Tech Yellow Jackets football team | 1985 Tennessee Volunteers football team | 1891 Tennessee Volunteers football team | Shawnee Mission District Stadium | 1983 Tennessee Volunteers football team | 1984 Tennessee Volunteers football team | Shreveport Steamer | 1990 Atlanta Falcons season | Parkway Field | Super Bowl LIII | 1938 Tennessee Volunteers football team | Yardbirds Home Center | Trojans Rugby Football Club | Portland State Vikings football under Jerry Glanville | The Rivalry (Lehigh–Lafayette) | 2008 Fiesta Bowl | Glanford Park | 1899 Tennessee Volunteers football team | 1973 Astro-Bluebonnet Bowl | 2013 Sugar Bowl | 1896 Tennessee Volunteers football team | 60th National Hockey League All-Star Game | 1954 Arizona State Sun Devils football team | 1958 Arizona State Sun Devils football team | 1989 Cotton Bowl Classic | Textile Bowl | 1961 Arizona State Sun Devils football team | Super Bowl XXXIV | 1951 Arizona State Sun Devils football team | Fruit Bowl | 1987 Pittsburgh Steelers season | 1986 Texas Tech Red Raiders football team | Battle of the Blue | Magnolia Bowl | 1964 Illinois Fighting Illini football team | 1930 Tennessee Volunteers football team | Children's Mercy Park | 1956 Arizona State Sun Devils football team | 2013 Texas Tech Red Raiders football team | 57th National Hockey League All-Star Game | Jerry Glanville,1,1,1.0,0,0,1.0,0.5,0.5,1.0,1.0,1.0
dense,pooled,5abc8d75554299700f9d7900,bridge,hard,"Since 2 June 2017, The Leader of Fine Gael had been held by which Irish Fine Gael politician who has served as Taoiseach and Minister for Defence?",Leader of Fine Gael | Leo Varadkar,"Leader of Fine Gael | Liam Cosgrave | Fine Gael leadership election, 2017 | James Reilly (Irish politician) | Leo Varadkar | Simon Coveney | Enda Kenny | John Bruton | Frances Fitzgerald (politician) | Paddy O'Toole | Leader of Sinn Féin | Gerry Adams | Official Ireland | Republican Sinn Féin | Sinn Féin Front Bench | Workers' Party of Ireland | Volunteer Political Party | History of Sinn Féin | Fiona Bruce (politician) | Donegal Celtic F.C. | Sinn Féin Republican Youth | The Voice of Ireland (series 4) | William Pery, 3rd Earl of Limerick | Baron Dunalley | Paddy O'Rourke (Meath footballer) | Catholic Church in Ireland | Sean Connor | Robin Bailie | Robert Gascoyne-Cecil, 3rd Marquess of Salisbury | Leinster | Sam Long | Patrick IV, Earl of March | Eenasul Fateh | Sport &amp; Leisure Swifts F.C. | Earl of Lanesborough | Philip Ruddock | Mehmet Tillem | Patricio Echegaray | Molly Childers | Irish Thoracic Society | Hume–Adams dialogue | Jason Byrne (comedian) | Dr. Kildare (TV series) | John Home Robertson | Siobhan Finneran | Irish Bulletin | Gospatric, Earl of Northumbria | Erskine Barton Childers | Neil Blair | Sean Hannity",1,1,1.0,0,1,1.0,0.5,1.0,1.0,1.0,1.0
dense,pooled,5a8bb29b554299240d9c2089,bridge,hard,Which American film actor and dancer starred in the 1945 film Johnny Angel?,George Raft | Johnny Angel,Johnny Angel | Johnny Angel (song) | Shelley Fabares | City of Angels (film) | George Raft | Out in Fifty | Arthur Roberts (editor) | Lights of Old Santa Fe | Frank McDonald (director) | Andy Umberger | Baird Bryant | Last Action Hero | Billy Sullivan (actor) | Charles Eldridge | Johnny Angel Wendell | Estelle Hemsley | Song of Arizona | Along the Navajo Trail (film) | Bobby Fox | Sal Mineo | James Dean | Johnny Lee Clary | Alencier Ley Lopez | Helen Modern | In Country | James Franco | Larry Drake | Scott Sidney | Ottavio Alessi | Marco Da Silva (dancer) | Broken Arrow (1950 film) | Flying with Music | 1920 (film) | Harry Bowen (actor) | Ed Wood (film) | Roy Holder | Lee Hazlewood | Alain Resnais | Criminal Lawyer | Santa Claus: The Movie | Man Against the Mob | Carole Gray | Steve Arbuckle | Sam Eagle | Van Partible | Paige O'Hara | Criss Angel | Marlene Dietrich | John Lithgow | Altair (film),1,1,1.0,0,1,1.0,0.5,1.0,1.0,1.0,1.0
dense,pooled,5ab659e355429954757d324e,bridge,hard,hree Men on a Horse is a play by a playwright born in which year ?,George Abbott | Three Men on a Horse,Three Men on a Horse | The Revengers' Comedies | Shakespearean tragedy | The Duchess of Padua | Appius and Virginia | Utpal Dutt | DeObia Oparei | Jeffrey Stanley | Revenge tragedy | Revengers Tragedy | Finding the Sun | Gerard Alessandrini | Critical approaches to Hamlet | Jack Gelber | Art Laboe | Republican Party Reptile | Michael Wynne (playwright) | Bernhard Bötel | The Zoo Story | The Devils (play) | Satyricon | Reed A. Albee | Three Tall Women | 2012 World Thoroughbred Rankings | Gná and Hófvarpnir | Drama Desk Award for Outstanding Solo Performance | 2011 World Thoroughbred Rankings | Romeo and Juliet (1954 film) | Sumie Tanaka | Man from 1997 | List of leading Thoroughbred racehorses | Douglas Ainslie | Armando Mook | 2009 World Thoroughbred Rankings | Drama Desk Award for Outstanding Director | Seumas MacManus | Christian Bale filmography | Brian Dennehy | Open Admissions | Keith Bilbrey | Henrik Dorsin | Aquinas Old Collegians Football Club | Meet Corliss Archer (TV series) | Armand Castelmary | The Tragedy of Romeo and Juliet (film) | Ambroise Thomas | CrissCross | Made in Britain | Lord Byron (opera) | Edward Albee,1,1,1.0,0,0,0.0,0.5,0.5,0.5,1.0,1.0
dense,pooled,5a8b8b3155429949d91db5d7,bridge,hard,What type of activity does Owner earnings and Warren Buffett have in common?,Owner earnings | Warren Buffett,Owner earnings | Warren Buffett | The Warren Buffett Way | Susan Buffett | Buffett Foundation | Howard Warren Buffett | Howard Graham Buffett | Susan Alice Buffett | George D. Buffett | Media proprietor | Jim Puplava | HGGC | Avenue Capital Group | Leeds Equity Partners | Mekong Capital | Sean Healey | Terren Peizer | Jonathan Michael Ansell | Allen &amp; Company Sun Valley Conference | Altruism (ethics) | Court Square Capital Partners | Affiliated Managers Group | Anthony Travers | TaeguTec | Robert's American Gourmet Food | Darrell Crate | Claudio Fernández-Aráoz | Real estate technology | 2013 US Open Series | Lincolnshire Management | Leeann Chin | Arcos Dorados Holdings | Poleconomy | Kohlberg Kravis Roberts | Hyrum W. Smith | Fazoli's | Wes McKinney | Eugene Melnyk | Snack Foods Limited | Thomas Ince: Hollywood's Independent Pioneer | Robin Goldstein | Pat Robertson | Robert Hormats | Bajillion Dollar Propertie$ | James Packer | Carrefour | Noel C. Bloom | John Roach &amp; Sons | RetailMeNot | The Works (restaurant),1,1,1.0,1,1,1.0,1.0,1.0,1.0,1.0,1.0
dense,pooled,5ae7eaf65542994a481bbe1d,bridge,hard,When was the  former Indian cricketer who made his ODI debuts during the 2000 ICC KnockOut Trophy born? ,2000 ICC KnockOut Trophy | Zaheer Khan,"2000 ICC KnockOut Trophy squads | 2000 ICC KnockOut Trophy | 1998 ICC KnockOut Trophy squads | 1998 ICC KnockOut Trophy Final | Kamran Akmal | Mohammad Salman (cricketer, born 1981) | Doug Bollinger | Kamran Rasheed | Sachin Bansal | Fatai Onikeke | Arthur Fielder | Umar Akmal | Wahab Riaz | Sam Davies (cricketer) | Adnan Akmal | Zulqarnain Haider | Duniya Vijay | Mahesh Bhupathi | Zaheer Khan | Rajneesh Duggal | Wayne Parnell | Shoba Chandrasekhar | 2015 Cricket World Cup opening ceremony | Jack Mason | Paresh Mokashi | Kent County Cricket Club in 2011 | Guy Randall-Johnson | Andre Thysse | Kent County Cricket Club in 2013 | Maharshi Raghava | Peter Kingston-Davey | Peter McKay (cricketer) | Imran Ali (cricketer, born 1985) | Kent County Cricket Club in 2010 | Lawrence Austin | Vishwajyoti Higher Secondary School | Alencier Ley Lopez | Chak 86/6.R Sahiwal | Norman Yardley | Vishvendra Singh | Robin Ventura | Sneha (actress) | Lindum Sports Club Ground | Aryanto Yuniawan | Emílio da Silva | Joseph McGrath (film director) | Farhaan Faasil | Siddhartha Jadhav | AFL Rising Star | List of Kent County Cricket Club captains",1,1,1.0,0,0,0.0,0.5,0.5,0.5,0.5,0.5
dense,pooled,5a8c4c625542995e66a475a1,bridge,hard,"Which airplane was this Major test-flying after whom the base, that 514th Flight Test Squadron is stated at, is named?",514th Flight Test Squadron | Hill Air Force Base,"514th Flight Test Squadron | 413th Flight Test Squadron | 419th Flight Test Squadron | 415th Flight Test Flight | 370th Flight Test Squadron | 417th Flight Test Squadron | 10th Flight Test Squadron | 339th Flight Test Squadron | 486th Flight Test Squadron | VMF-111 | VMF-511 | VMF-222 | VMF-452 | VMF-213 | VMF-215 | 122nd Fighter Aviation Squadron | VMF-512 | VMF-221 | 302d Air Division | Hill Air Force Base | No. 2 Squadron RAAF | 410th Bombardment Squadron | VMF-236 | 122nd Hydroplane Liaison Squadron | 122d Fighter Squadron | No. 12 Squadron RAAF | USS Proton (AG-147) | Manfred Meurer | Fighter Pilot: Operation Red Flag | VMAQT-1 | Egon Mayer | Edwin A. Doss | USS Belleau Wood (CVL-24) | Colgan Air Flight 9446 | Georges Madon | Ayesha Farooq | Paul Zorner | Wooster and Davis | LeRoy W. Homer Jr. Foundation | Manned Orbital Development System | Camp Pedricktown radar station | 122nd (Muskoka) Battalion, CEF | Eldorado Air Force Station | Marietta Air Force Station | Topsham Air Force Station | FedEx Express Flight 80 | Albert Ball | Air Tahoma Flight 185 | Summit Air Flight 409 | EgyptAir Flight 990",1,1,1.0,0,0,0.0,0.5,0.5,0.5,1.0,1.0
dense,pooled,5a818387554299260e20a291,bridge,hard,"Based on a True Story... is an album by which country music star, with the single My Eyes?",Based on a True Story... | My Eyes (Blake Shelton song),My Eyes (Blake Shelton song) | Country Music Star No. 1 | Based on a True Story... | An Imaginary Country | List of songs recorded by Ellie Goulding | Where It's At (album) | My Eyes Adored You | Bradley Gaskin | Still Restless | Steers &amp; Stripes | Life of a Ghost | Adam Craig (singer-songwriter) | Nashville Rebel (box set) | High Lonesome (Randy Travis album) | Can't Take My Eyes Off You | Seein' Red (Dustin Lynch song) | Headlines! | Lonestar discography | Call Me Up in Dreamland | Buried Country | Old 8×10 | Clinton Walker | Billy Ray Cyrus discography | Truly | Randy Travis | Hometown News | Mind Reader (Dustin Lynch song) | The Foundation (Zac Brown Band album) | On My Mind (Ellie Goulding song) | She's Got the Rhythm (And I Got the Blues) | The Bama Band | Kill the Lights (Luke Bryan album) | In Country | Stay (Sugarland song) | M Music &amp; Musicians | In My Country There Is Problem | Cowboys and Angels (Dustin Lynch song) | Did It in a Minute | Mind If We Make Love to You | Leah Flanagan | This Is Me (Randy Travis album) | The Long Road Home | My Beautiful Dark Twisted Fantasy | Pasek and Paul | Numb (Rihanna song) | One Night (ELO Part II album) | Perfect Day (Cascada album) | A Lot About Livin' (And a Little 'bout Love) | Jungle (X Ambassadors and Jamie N Commons song) | The Burning Red,1,1,1.0,0,1,1.0,0.5,1.0,1.0,1.0,1.0
dense,pooled,5ab978855542996be2020512,bridge,hard,"Over how many centuries were the ""dwelling place of the dead"" built?",Flaming Feather | Montezuma Castle National Monument,"List of oldest synagogues | Patan minara | Tabernacle | History of England | Heaven in Judaism | Château de Druyes | Langston Hughes House | Oldest synagogues in the United Kingdom | Asante Traditional Buildings | Sculptured House | Christian Death | Capetian dynasty | Montezuma Castle National Monument | Spalding War Memorial | Fensalir | Dead Jesus | Aisne-Marne American Cemetery and Memorial | Guanche mummies | Fred H. Hale Sr. | Vídbláin | Indigenous peoples of Florida | Garden Island Naval Chapel | Desert kite | Groups of Traditional Buildings | Buried Country | Arras Flying Services Memorial | History of Wales | New Palace, Kolhapur | Alamein Memorial | Durotriges | Manhattan Life Insurance Building | New York Life Insurance Building (Montreal) | Columba de Dunbar | Tell El Sakan | Governor's House, Knutsford | Tower Hill Memorial | Shakespeare Public House, Bristol | Château Élysée | Old Frisian | Quaternary | Djamaâ el Kebir | Edmund Sharpe | Livesey Hall War Memorial | List of ancient spiral stairs | Dukenfield Hall | Imanishi family's House | Spynie Palace | Jacques Androuet II du Cerceau | Pestsäule, Vienna | Charles Deaton",0,0,0.0,0,0,0.0,0.0,0.0,0.0,0.0,0.07692307692307693
dense,pooled,5ae63dad55429929b0807afe,bridge,hard,"When was the British author who wrote the novel on which ""Here We Go Round the Mulberry Bush"" was based born? ",Here We Go Round the Mulberry Bush (film) | Hunter Davies,Here We Go Round the Mulberry Bush (film) | Here We Go Round the Mulberry Bush (disambiguation) | Here We Go Round the Mulberry Bush | Here We Go Round the Mulberry Bush (Traffic song) | Michael Finnegan (song) | The Wheels on the Bus | Clive Donner | Christopher Mitchell (actor) | H. Bedford-Jones | Roald Dahl | Eric Ambler | Wendell Berry | Summer of the Monkeys | Maurice Walsh | C. Hugh Holman | Winfred Blevins | Richard Marsh (author) | The Roald Dahl Treasury | Ian McEwan | Roald Dahl short stories bibliography | William Goldman | Sheep (novel) | J. G. Farrell | George Abbott | John MacGregor | Alexander Gordon Smith | Jay Cronley | W. F. Morris | Langston Hughes | Thomas Gordon (writer) | Norwegian Wood (novel) | Richard Ford | The Birds on the Trees | The Wind-Up Bird Chronicle | Henry Roth | Irish prose fiction | John Waters | London Review of Books | Melissa Fay Greene | Orlando: A Biography | Dance Dance Dance (novel) | Who Goes There? (collection) | Rick Wilber | Clinton Walker | James P. Comer | The Best of Roald Dahl | Thomas H. Ince | A Good Man Is Hard to Find and Other Stories | Bedale | David Yates,1,1,1.0,0,0,0.0,0.5,0.5,0.5,1.0,1.0
dense,pooled,5a7a455c5542994f819ef1a7,comparison,hard,"Who died first, George Archainbaud or Ralph Murphy?",George Archainbaud | Ralph Murphy,"George Archainbaud | George W. Macfarlane | John Ingram McMorran | Ralph Murphy | George V | Henry Hall (American revolution) | Fred H. Hale Sr. | Walt Zeboski | Ronald Reagan | Henry P. Haney | George Cayley | Ralph Ince | Tostig Godwinson | Friedrich Wilhelm von Steuben | George Reynolds (Mormon) | Baron Berkeley of Stratton | Alfred Gell | Ernest Foot | E. J. Carroll | Arras Flying Services Memorial | William Allen White | Roger O. Egeberg | Les Irwin | George Abbott | Albert Ball | Death of Abdul Wali | Samuel Poe | Georges Madon | George II, Earl of March | James Howard Williams | Charles Hastings Judd | Richard Nixon | George I, Earl of March | Mark Castillo | Henri Bergson | Dewey Beard | Livesey Hall War Memorial | Owsley Stanley | Joe Gilmore | Edgar Kaiser Jr. | Michael Atkinson | W. E. Johns | Robert Smith (Illinois politician) | Togodumnus | John Hartmann | Giuseppe Arimondi | Speeches and debates of Ronald Reagan | Peter Hall (director) | Brian C. Bialiy | George H. W. Bush",1,1,1.0,0,1,1.0,0.5,1.0,1.0,1.0,1.0
dense,pooled,5a7dcc775542990b8f503ab5,bridge,hard,Which component of shellite has the formula (ON)CHOH?,Picric acid | Shellite (explosive),"Shellite (explosive) | Isopropyl alcohol | Aldonic acid | 1-Hexanol | Index of alcohol-related articles | List of fossils with consumulites | Rimstone | Tetrakis(hydroxymethyl)phosphonium chloride | 1-Pentanol | Picric acid | Pachypodium | Compass Minerals | Colonna di San Zanobi, Florence | Xylitol | Roque Cinchado | German auxiliary cruiser Widder | Jean de Chastelet | Xanthoceras | Henkel | Boortsog | Aldosterone | Dukenfield Hall | Bukkehorn | Spangled Unicorn | Sodium-chloride symporter | Bolin (The Legend of Korra) | Otaara | Al Basty | Pashmina | Crataegus pinnatifida | TaeguTec | Hawaii Senate | Hollow-cathode lamp | Zaječická hořká | Vino cotto | Phlebodium aureum | Ratafia | Phlebodium | Piazza Colonna | Anani ben Sason | Udaka vadya | Gajabrishta | Sarod | Silene conoidea | ŠNK Radgona | Pox (drink) | Jello salad | Ascending limb of loop of Henle | Coprosma repens | Penny (The Big Bang Theory)",1,1,1.0,0,0,1.0,0.5,0.5,1.0,1.0,1.0
dense,pooled,5a887bc0554299206df2b2b6,bridge,hard,The Argentine PGA Championship record holder has won how many tournaments worldwide?,Argentine PGA Championship | Roberto De Vicenzo,Argentine PGA Championship | Roberto De Vicenzo | 2006 PGA Championship | Middle Atlantic PGA Championship | Northern California PGA Championship | 1939 PGA Championship | 1940 PGA Championship | 2018 PGA Championship | 2000 PGA Championship | 1977 PGA Championship | 1968 US Open (tennis) | Jorge Lozano | 2013 US Open Series | Petra Kvitová career statistics | 2014 US Open Series | 2017 Australian Open – Men's singles final | Australian Correspondence Chess Championship | 1995 Benson and Hedges Open | 1973 Queen's Club Championships | Caroline Wozniacki career statistics | Francesca Schiavone | Williams sisters | Formula One drivers from Mexico | 1982 French Open – Men's Doubles | Mozarteum Argentino | 2017 US Open Series | 6 Hours of Mexico | Roberta Vinci | 1988 Volvo International – Doubles | 2017 US Open (tennis) | Andy Irons | 2006 Toyota Grand Prix of Long Beach | Jamie Murray career statistics | 1994 Athens International – Doubles | Flavia Pennetta | List of Major League Baseball batting champions | 1998 Toyota Grand Prix of Long Beach | Sandra Reynolds | Ferdi Taygan | 2010–11 Vermont Catamounts men's basketball team | Nora Rocha | Eduardo Portela | Marta Domachowska | 1998 Molson Indy Vancouver | Julian Bolling | 2011 Pan American Games | 2015 Wimbledon Championships – Women's Doubles | Falkland Islands at the 2014 Commonwealth Games | 2012 US Open – Men's singles final | Li Na,1,1,1.0,1,1,1.0,1.0,1.0,1.0,1.0,1.0
dense,pooled,5a83880e554299123d8c214e,bridge,hard,Suicide's 1977 released album features a song based on what brand's comic character?,Ghost Rider (Suicide song) | Suicide (1977 album),"Suicide (1977 album) | Ghost Rider (Suicide song) | The Suicide File | Suicide Squad (film) | Disco Bill | Hellogoodbye | Goo Goo Dolls (album) | Bad News (band) | Happy Death Day | Daze (band) | Can't Help Myself | His Band and the Street Choir | The Rats (American band) | Hate Them | No Prima Donna: The Songs of Van Morrison | Vanda &amp; Young | Current Mood | Mad Season (band) | The Joys of Living 2008–2010 | Christian Death | In Death Reborn | Levolution (album) | The Naked Brothers Band: Music from the Movie | Emotional Technology | I Hate Myself (for Loving You) | Yes, Yes, Yes | Anthony Rossomando | Suicide Kings | Yayo (Lana Del Rey song) | Volbeat | Kill the Lights (Luke Bryan album) | Bill's Best Friend | Dead Jesus | Steve Miller Band | Silent Sigh | Seventeen discography | Hallelujah! I'm a Bum (album) | Lana Del Rey (EP) | Infinity Cat Recordings | The Best of Van Morrison Volume 3 | PRhyme | Deadwood (song) | Reckless (Jeremy Camp album) | Thirty Eight (album) | Ungod | Fall Out Boy | Tom Rothrock | Life of a Ghost | The Journey (Immature album) | Ride Out (album)",1,1,1.0,1,1,1.0,1.0,1.0,1.0,1.0,1.0
dense,pooled,5a879adb5542996e4f30887f,bridge,hard,What other political position did the person who introduced the DISCLOSE Act hold?,Chris Van Hollen | DISCLOSE Act,"DISCLOSE Act | Public Law 113-167 | Campaign finance reform in the United States | Modernization of Investigative Techniques Act | Craig v. Boren | Harris G. Mirkin | Executive Order 10925 | Mark Whitacre | Office of Population Affairs | Berghuis v. Thompkins | Rostker v. Goldberg | Franklin D. Roosevelt's record on civil rights | Loan modification in the United States | Edward E. Cox | Richard Socarides | Peter W. Smith | Once Upon a Secret | William H. Ginsburg | Douglas J. Bennet | Pamela Gilbert | 80th United States Congress | Thomas Gordon (writer) | EvidenceNetwork.ca | Neil Blair | Trump campaign–Russian meeting | Roger O. Egeberg | Royal Marriages Act 1772 | Lewinsky scandal | List of largest pharmaceutical settlements | Donald Trump presidential campaign, 2000 | Selle v. Gibb | Secretary of State for Constitutional Affairs | William Allen White | Nancy Soderberg | Baker v. Nelson | Village accountant | Vatican leaks scandal | Thomas H. Ince | Commissioner v. Banks | List of The Thick of It characters | Ex Pistols | Truth Initiative | Compliance (film) | Holden-Keating Gang | Alfred Balk | Lavr Kornilov | Lau Kong Yung v Director of Immigration | Robert Suettinger | Every Voice | The Assault on Truth",1,1,1.0,0,0,0.0,0.5,0.5,0.5,1.0,1.0
dense,pooled,5add11935542994734353827,comparison,hard,Were the bands Skin Yard and Ostava from the U.S.?,Ostava | Skin Yard,"Skin Yard | Ostava | Skin Yard (album) | Jack Endino | Daniel House | Au Pairs (band) | The Beach Boys | Mark Arm | The Smalls | Suffrajett | For Against | Join Hands | The Caledonia Soul Orchestra | Truly | Gruntruck | Steeltown (band) | Aurelio Valle | Ophur | List of Canned Heat members | Bamboo (band) | Bad News (band) | Seminole music | Lostprophets | The Suicide File | Wool on Wolves | Local H | Matt Cameron | Supagroup | Christian Death | American Beauty/American Psycho Tour | Cat Butt | INXS | Buck-Tick | Chris Hanzsek | Azra | Hanna–McEuen | Oh, No! Not THEM! | Something for the Rest of Us | Tappi Tíkarrass | Masami Tsuchiya | Fireflight | Boots (EP) | Hall &amp; Oates | Operation Mojo | Playground Twist | Sean Yseult | Test Icicles | Mark Castillo | The Flowers of Romance (band) | Chixdiggit",1,1,1.0,1,1,1.0,1.0,1.0,1.0,1.0,1.0
dense,pooled,5a8c5569554299240d9c2126,comparison,hard,Are Daryl Hall and Gerry Marsden both musicians?,Daryl Hall | Gerry Marsden,Hall &amp; Oates | Gerry Marsden | Daryl Hall | Jonathan Wolfson | Live from Daryl's House | Raimund Marasigan | Did It in a Minute | Sid Vicious | Chris Funk | Søren Solkær | Janna Allen | Tom Rothrock | Hans Orifice | The Unguided | Peter Morén (drummer) | List of Canned Heat members | Mark Arm | Timothy &quot;Yogi&quot; Watts | Daniel House | Lee Hazlewood | Even Steven Levee | Cheech Marin | One on One (song) | Lady Antebellum | Rodney Slatford | Vance Powell | Chris Hanzsek | Ferry Cross the Mersey | John Lithgow | Kent Stax | The Idols with Sid Vicious | Local H | The Beach Boys | The Flowers of Romance (band) | The Caledonia Soul Orchestra | Søren Rasted | Truly | Hometown News | Nancy Spungen | Clinton Walker | Gruntruck | Levolution (album) | Noel C. Bloom | Ben Elton | Tom Morello discography | His Band and the Street Choir | Frank Beard (musician) | Matt Cameron | Brad Alexander | Lee Terry,1,1,1.0,0,1,1.0,0.5,1.0,1.0,0.5,0.5
dense,pooled,5a75f0ea5542994ccc91866c,bridge,hard,What major truck road is located in Backford Cross?,A41 road | Backford Cross,"Backford Cross | U.S. Route 287 | A5117 road | Hounsfield Heights/Briar Hill, Calgary | U.S. Route 19 Truck (Pittsburgh) | Bruxner Highway | M180 motorway | Canford Cliffs | A41 road | Nashville Terminal Subdivision | Old Trafford, Greater Manchester | R509 road (Ireland) | Strawberry Park, Cheshire | Hill Air Force Base | Glanford Park | Eccles Interchange | Warriparinga | List of auxiliary Interstate Highways | Yingkou East Railway Station | Bjarkøy Fixed Link | Palm Meadows Thoroughbred Training Center | Stramshall | Gerald R. Ford International Airport | Al Haj FAW motors | Willoughton | Gerald R. Ford Freeway | Transport for Greater Manchester | South Phoenix | Governor's House, Knutsford | Old US 67 Rest Area | Silver Line Way (MBTA station) | Raffles Place MRT Station | Exchange Ilford | Tower City station | List of Interstate Highways in Texas | Collins Ferry Historic District | Eugene Cross Park | Denver International Airport | Muddy Creek Forks Historic District | Jones Point, New York | Curzon Ashton F.C. | The Crossings at Northwest | Bedale | Tropicana – Las Vegas Boulevard intersection | Downtown Kansas City | Lean Horse Ultramarathon | Eldorado Air Force Station | Sir Matt Busby Sports Complex | Eisenhower Bridge (Milton, Iowa) | Jack Truelove",1,1,1.0,0,0,1.0,0.5,0.5,1.0,1.0,1.0
dense,pooled,5a89f5815542993b751ca9c5,bridge,hard,In which role did Caroline Carver played in a 1999 Hallmark Entertainment made-for-TV fantasy movie?,Caroline Carver (actress) | The Magical Legend of the Leprechauns,Caroline Carver (actress) | Caroline Spencer | Lea Thompson | The Card (1952 film) | Sara Botsford | Plush (film) | Blythe Danner | Jo Marie Payton | Kris Marshall | A Christmas Story: The Musical | Nora Ephron | American Beauty (1999 film) | The Boys Next Door (1996 film) | Shirley Temple | Sianoa Smit-McPhee | Scream (1996 film) | Emily Jewell | List of accolades received by American Beauty | Donald J. Hall Jr. | Laura Osnes | Signs (film) | La Femme Musketeer | Matilda Lutz | Connie Sawyer | Lay the Favorite | Silver Bells (film) | Devil in the Flesh (1998 film) | Snow Queen (2002 film) | Ed Wood (film) | Out in Fifty | Meg Ryan | Emily Bowker | Dead Awake (2010 film) | Compliance (film) | Barbara Niven | Kerr Smith | Spencer Averick | Mary Zophres | The Three Lives of Thomasina | The Hunger Games (film series) | Hilarie Burton | Julia Ormond | CBS Television Workshop | About a Boy (film) | Trading Mom | Katherine Waterston | Rose McGowan | Lisa Wilcox | My Bloody Valentine 3D | Heidi Ewing,1,1,1.0,0,0,0.0,0.5,0.5,0.5,1.0,1.0
dense,pooled,5a8d5fc6554299585d9e37c6,bridge,hard,"What's the name of the fantasy film starring Sarah Bolger, featuring a New England family who discover magical creatures around their estate?",Sarah Bolger | The Spiderwick Chronicles (film),Brewster McCloud | The Spiderwick Chronicles (film) | The Moth Diaries (film) | Sarah Bolger | Rings (2017 film) | The Magical Legend of the Leprechauns | Home on the Range (2004 film) | Fantastic Beasts and Where to Find Them (film) | Bedknobs and Broomsticks | Trading Mom | Manhattan Romance | Family Plan | Dark Passage (film) | The Petrified Forest | Roald Dahl Children's Gallery | Delicatessen (film) | 11 Harrowhouse | 1920 (film) | Paranormal Activity: The Marked Ones | Beauty and the Beast (1991 film) | Plush (film) | Victoria Hanley | Matilda Lutz | La Belle Américaine | Sara Botsford | Ashley Cheadle | Isle of Flowers | Toys in the Attic (2009 film) | Barbie and the Secret Door | The Fairies | Chainsaw (Scream Queens) | Devil in the Flesh (1998 film) | Irish Fairy Tales | Season of the Witch (2011 film) | The Prince and Me | Identity Films | 1920 (film series) | Emily Jewell | Out in Fifty | Dumb and Dumberer: When Harry Met Lloyd | Estelle Hemsley | Morgan's Ferry | Chimères (film) | American Beauty (1927 film) | The New Lot | 4 Devils | My Family (series 1) | The Birds on the Trees | Scouts Guide to the Zombie Apocalypse | Bubble (film),1,1,1.0,0,1,1.0,0.5,1.0,1.0,0.5,0.5
dense,pooled,5ac120c55542992a796dedfc,bridge,hard,Maxeda has been owned since 2004 by which American multinational equity firm?,Kohlberg Kravis Roberts | Maxeda,Maxeda | Jonathan Michael Ansell | S.A.C.I. Falabella | Lithia Motors | Halliburton | Terren Peizer | Manischewitz | Changmin | Magna Home Entertainment | Sean Healey | Kasia Al Thani | Bobby Mehta | Manhattan Life Insurance Company | Polycom | Elisabeth Murdoch (businesswoman) | Solway Group | Leeds Equity Partners | Avenue Capital Group | Corporate synergy | HGGC | Trading Mom | Jim Lentz | ABQ Uptown | General Mills | Darrell Crate | Jim Puplava | Mekong Capital | Owner earnings | Lincolnshire Management | Portland Timbers U23s | Leeann Chin | BauMax | Crazy John's | Mighty Max (toyline) | Mercedes-AMG | Lush (company) | Henkel | Claudio Fernández-Aráoz | TaeguTec | Warren Buffett | John Roach &amp; Sons | Greater Manchester Integrated Transport Authority | Euromarché | Affiliated Managers Group | SAIC-GM-Wuling | Adriana Trigiani | CapitaGreen | Carrefour | Fazoli's | Inner Mongolia First Machinery Group Corporation,1,1,1.0,0,0,0.0,0.5,0.5,0.5,1.0,1.0
dense,pooled,5ab7c1a955429928e1fe38c8,bridge,hard,The youngest daughter of Lady Mary-Gaye Curzon stars with Douglas Smith and Lucien Laviscount  in what 2017 film?,Cressida Bonas | The Bye Bye Man,Cressida Bonas | Lady Alexandra Curzon | Girl Seeks Father | American Beauty (1999 film) | Estelle Hemsley | Jawbreaker (film) | La Femme Musketeer | Older Sister | Dead at 17 | Carole Gray | Mamie Gummer | End of Days (film) | Plush (film) | Dicen que soy mujeriego | Emily Jewell | Out in Fifty | The Whole Nine Yards (film) | Mom (film) | Orbis Pictus (film) | Delicatessen (film) | Matilda Lutz | 1920 (film series) | Marlene Dietrich | Pamela B. Green | Arthur Roberts (editor) | Madhuri Dixit filmography | Patricia Longo | Lay the Favorite | Paris Awakens | Gidget Goes to Rome | Santa Claus: The Movie | 1920 (film) | Charles Eldridge | Chimères (film) | List of accolades received by La La Land | Ashley Cheadle | Manhattan Romance | Janine Gutierrez | Finishing School (1953 film) | Mary Poppins Returns | Belle (Disney) | La Belle Américaine | Romeo and Juliet on screen | Sara Botsford | Connie Sawyer | Red Sparrow | Love &amp; Friendship | Identity Films | Song Ji-hyo | Piano Girl,1,1,1.0,0,0,0.0,0.5,0.5,0.5,1.0,1.0
dense,pooled,5abd01205542992ac4f3819b,bridge,hard,Mummulgum is a stop on the Bruxner Highway before reaching the town on the banks of which river?,"Casino, New South Wales | Mummulgum","Mummulgum | Bruxner Highway | M180 motorway | Warriparinga | Stramshall | Darling River | Goonellabah, New South Wales | Cotter River System | Alstonville, New South Wales | Tenterfield, New South Wales | R509 road (Ireland) | Tomichi Creek | Param, Rampur | A41 road | Frenchmans Creek (New South Wales) | Bedale | Blackstone River and Canal Heritage State Park | Grahamstown Dam | Bucketty | Picobrouwerij Alvinne | A5117 road | Bubblegum Alley | Tabulam | Sligo Creek | Masnières Newfoundland Memorial | G5511 Jining–Arun Expressway | Wollongbar, New South Wales | Bonshaw, New South Wales | Governor's House, Knutsford | Pulham Market | Leda (river) | Humberhead Levels | Blackback barb | Humber Forts | Muddy Creek Forks Historic District | Richmond Valley Council | Humberside | Eastern freshwater cod | Bartlett's Bridge | European route E47 | Codornices Creek | Earl of Lanesborough | Hutton Castle | Breakneck Brook | Higgins Lake | Interstate 40 in North Carolina | Battle of Malvern Hill | Canford Cliffs | Finchampstead | Chahar Right Rear Banner",1,1,1.0,0,0,0.0,0.5,0.5,0.5,1.0,1.0
dense,pooled,5ab69c25554299110f219a39,bridge,hard,"Which American audio engineer and clandestine chemist, who was a key figure in the San Francisco Bay Area hippie movement during the 1960s recorded the album ""Old and in the Way?""",Old and in the Way (album) | Owsley Stanley,Owsley Stanley | Old and in the Way (album) | Daniel House | Gary Arlington | Levolution (album) | Original Sound | The Beatles | The Suicide File | American Blues | Chris Hanzsek | Cultural impact of the Beatles | Jack Endino | Bob Seger | Jory Prum | Mark Arm | Steeltown (band) | Tom Morello discography | Cargo Records (Canada) | Lee Hazlewood | Art Laboe | Uptown 3000 | Skin Yard | Join Hands | Sid Vicious | Aurelio Valle | John Fogerty | Bruce Spizer | Hartbeat! | Daryl Hall | Beatitude (album) | Frank Beard (musician) | The Caledonia Soul Orchestra | Adam and the Ants | The Flowers of Romance (band) | The Rats (American band) | Hall &amp; Oates | Edgar Kaiser Sr. | Anthony Rossomando | Marsha Albert | Barbara Higbie | Francisco Jose Hernandez | Vanda &amp; Young | The Beach Boys | John Fogerty (album) | Thirty Eight (album) | Mike Smith (A&amp;R man) | Bad News (band) | Morbo (band) | Who Can See It | In Death Reborn,1,1,1.0,1,1,1.0,1.0,1.0,1.0,1.0,1.0
dense,pooled,5a7b12a355429927d897bf2a,bridge,hard,When was the palace founded at which Columba de Dunbar died in 1435?,Columba de Dunbar | Spynie Palace,"Columba de Dunbar | George II, Earl of March | George I, Earl of March | Bishop Dunbar's Hospital | Gospatric, Earl of Northumbria | Earl of Dunbar | St. Mary's Priory (Lothian) | Mike Dunbar | St James's Palace | Patrick IV, Earl of March | Ian Harland | Marisa Letícia Lula da Silva | Donegal Celtic F.C. | Charles Hastings Judd | Corieltauvi | Colgan Air Flight 9446 | Jacques Androuet II du Cerceau | Lisburn Distillery F.C. | Haripur Barabari | Durotriges | John A. Brown (department store) | Buckingham Palace | Auchterhouse Castle | Capetian dynasty | Villard (imprint) | Esma Sultan Mansion | Valhalla Highlands Historic District | Greater Newport Rural Historic District | Grennaskolan | Prior of St Andrews | Battle of Glendale (Skye) | Spalding War Memorial | Spynie Palace | Salisbury Woodland Gardens, Blackpool | St Andrews Links | Jean Androuet du Cerceau | Cortland Condit House | Longhorn Ballroom | Fensalir | William Levett (baron) | Charles de Lorme | 2006 PGA Championship | McLean, Virginia | Lower Louviers and Chicken Alley | Kingdom of Northumbria | Cobb Galleria Centre | New Palace, Kolhapur | Digswell Park | Chefette | Manor of Rivington",1,1,1.0,0,0,0.0,0.5,0.5,0.5,1.0,1.0
dense,pooled,5ae0006755429925eb1afbd3,bridge,hard,"Where is the Bubblegum Alley, that is similar to Gum Wall, located in California?","Gum Wall | San Luis Obispo, California","Bubblegum Alley | Gum Wall | 1 Wall Street Court | Ouch! (gum) | Mummulgum | Tysons Galleria | Bonsallo Avenue | Up Your Alley Fair | DoubleTree by Hilton Hotel Los Angeles Downtown | Digital Media Factory | Hollywood Star Lanes | Tysons Corner Center | One Marina Boulevard | Chevron House | McLean, Virginia | Tysons, Virginia | Maxine's Tap Room | Central Avenue (Los Angeles) | Chatta Bazaar | Downtown Las Vegas | Rolling Acres Mall | Raffles Place | The Works (restaurant) | Coronado, Panama | Bubble (film) | Lower Louviers and Chicken Alley | McLean station | New York Life Building | California Center for Public Health Advocacy | Tropicana – Las Vegas Boulevard intersection | Trump International Hotel Las Vegas | Strawberry Park, Cheshire | Hailstorm Alley | ABQ Uptown | Original Outlet Mall | Carreras Cigarette Factory | Solidago elongata | Pergament Home Centers | The Gatehouse, Monmouth | Dimond Center | Circus Circus Las Vegas | One Raffles Link | Poughkeepsie Galleria | South Phoenix | Flamingo Las Vegas | Corus Quay | Picobrouwerij Alvinne | Random House Tower | ViaPort Florida | Citadel Mall",1,1,1.0,0,0,0.0,0.5,0.5,0.5,0.5,0.5
dense,pooled,5ae305df5542992decbdcdc3,bridge,hard,"At what venue was the January 2, 2012 game featured the University of Louisville team?",2012 Louisville Cardinals football team | 2013 Sugar Bowl,"2012 Louisville Cardinals football team | Parkway Field | 2013 Sugar Bowl | 2012–13 VCU Rams men's basketball team | 2008 Fiesta Bowl | 2008 Kansas City Wizards season | 1943 NAIA Division I Men's Basketball Tournament | Shawnee Mission District Stadium | 2013–14 VCU Rams men's basketball team | 2009 Big 12 Conference football season | 2014–15 VCU Rams men's basketball team | 2015–16 VCU Rams men's basketball team | 1995–96 VCU Rams men's basketball team | Case Gym | 1956 NAIA Division I Men's Basketball Tournament | 2011–12 VCU Rams men's basketball team | Magnolia Bowl | Robins Center | 2010–11 VCU Rams men's basketball team | CommunityAmerica Ballpark | 2011 Colorado Buffaloes football team | 2012 Colorado Buffaloes football team | Children's Mercy Park | Oregon Ducks football | 2013 Texas Tech Red Raiders football team | Battle for the Bell | 2012 Major League Baseball All-Star Game | 1983 Oregon State vs. Oregon football game | 2012 Texas Tech Red Raiders football team | 2014 Texas Tech Red Raiders football team | Shreveport Steamer | 2010 Commonwealth Games medal table | Fruit Bowl | 1999 Kansas City Wizards season | Lake Louisvilla, Louisville | 2016 Texas Tech Red Raiders football team | 2009 Kansas City Royals season | 2009 Colorado Buffaloes football team | 2009–10 VCU Rams men's basketball team | 2014 Colorado Buffaloes football team | 1997 Kansas City Wizards season | Civil War (college football game) | 2015 Texas Tech Red Raiders football team | The Rivalry (Lehigh–Lafayette) | 2012 Kansas City Royals season | 1989 Cotton Bowl Classic | 2004–05 VCU Rams men's basketball team | 2010 Commonwealth Games | 2015 Colorado Buffaloes football team | 1989 Fiesta Bowl",1,1,1.0,0,1,1.0,0.5,1.0,1.0,1.0,1.0
dense,pooled,5a8574945542997b5ce3fffb,comparison,hard,"Which film was Oscar nominated, LaLee's Kin: The Legacy of Cotton or Gimme Shelter, the 1970 Rolling Stones documentary?",Gimme Shelter (1970 film) | LaLee's Kin: The Legacy of Cotton,LaLee's Kin: The Legacy of Cotton | Gimme Shelter (1970 film) | Gimme Shelter (album) | Baird Bryant | Gimme Shelter (disambiguation) | Agee (film) | Gimme Shelter | Merry Clayton | The Deserter (1912 film) | Estelle Hemsley | A Story of Floating Weeds | South of the Border (2009 film) | 31st Golden Globe Awards | List of accolades received by La La Land | A Summer in the Cage | 500 Years Later | Hoppy Serves a Writ | Manson (film) | Danny Boyle | Golden Globe Award for Best Animated Feature Film | Jalam (film) | 1920 (film series) | Romeo and Juliet on screen | Tulu cinema | A. C. Tirulokchandar | La La Land (soundtrack) | Robert Earl Jones | Harsh Times | Bubble (film) | Arthur Roberts (editor) | City of Stars | Drum Beat | The Scourge of the Desert | All Ages: The Boston Hardcore Film | Spare Me (film) | 51st Golden Globe Awards | Paresh Mokashi | The Petrified Forest | David and Sandy Reynolds-Wasco | Big Stone Gap (film) | In Country | Christopher Greenbury | Along the Navajo Trail (film) | Aram Avakian | Sunil Rawal | Out in Fifty | Buried Country | The Boys Next Door (1996 film) | Laura Linney | Flight of the Innocent,1,1,1.0,1,1,1.0,1.0,1.0,1.0,1.0,1.0
dense,pooled,5a7332935542991f9a20c67d,comparison,hard,"Which board game was published most recently, Pirate's Cove or Catan?",Catan | Pirate's Cove,"Pirate's Cove | Catan: Seafarers | Catan Card Game | Catan | The Kids of Catan | The Rivals for Catan | Struggle for Rome (board game) | Catan Dice Game | Elasund | Catan: Cities &amp; Knights | The Lost Vikings | Tron Evolution: Battle Grids | Kill Doctor Lucky | List of Tomb Raider media | Poleconomy | Gateways (video game) | Tomb Raider | Lego Knights' Kingdom | Ender's Game (series) | Seumas MacManus | Lara Croft Go | Sinbad of the Seven Seas | Tunnels &amp; Trolls: Crusaders of Khazan | List of Square Enix companion books | Catwoman (video game) | Tomb Raider (2013 video game) | Tom Clancy's Net Force Explorers: Deathworld | Tom Clancy's Net Force Explorers: High Wire | Tom Clancy's Net Force Explorers: Duel Identity | Tom Clancy's Net Force Explorers: Death Match | Tom Clancy's Net Force Explorers: Gameprey | Surround (video game) | Half-Life 2: Lost Coast | Tomb Raider III | Charlie Murder | Lara Croft | Amen: The Awakening | The Ganymede Takeover | Star Trek (2013 video game) | Fez (video game) | Prince of Persia: The Sands of Time | Starfaring | Mercenaries, Spies and Private Eyes | Hey Pa! There's a Goat on the Roof | The Young Ones (video game) | Star Ship | By the Beautiful Sea (song) | Lego Star Wars: The Video Game | Vermont Catamounts men's ice hockey | Tom Clancy's The Division",1,1,1.0,0,1,1.0,0.5,1.0,1.0,1.0,1.0
dense,pooled,5a80071f5542992bc0c4a684,bridge,hard,Alice David is the voice of Lara Croft in a video game developed by which company ?,Alice David | Tomb Raider (2013 video game),Alice David | Lara Croft | List of Tomb Raider media | Lara Croft and the Temple of Osiris | Lara Croft Go | Lara Croft and the Guardian of Light | Tomb Raider | Lara Croft: Tomb Raider | Tomb Raider III | Tomb Raider (2013 video game) | Gamer (film) | Wolf Alice | Video Games (song) | Catwoman (video game) | Polycom | Lenelle Moïse | Tara Strong | Tara Strong filmography | Alice Upside Down | Lana Del Rey videography | Jim Cummings | Barbie and the Secret Door | The Voice of Ireland (series 4) | The Voice of the Philippines | Catwoman (film) | Voice (film) | X-Men: The Official Game | Aurelio Valle | Valentina (2008 film) | Wonder Woman (2017 film) | Robby Benson | Steve Nallon | X Ambassadors | Rory Attwell | The Voice Teens (Philippine TV series) | Raymond Ochoa | Chloe Dykstra | Kate Higgins | Richard Kind | Lego Knights' Kingdom | Amanda Lepore | Chris McKay | Tom Clancy's Splinter Cell: Pandora Tomorrow | Raimund Marasigan | List of Square Enix companion books | Phoenix Television | Nobuteru Yūki | Josey Scott | Carol Martin | Ghost Rider (Suicide song),1,1,1.0,0,0,1.0,0.5,0.5,1.0,1.0,1.0
dense,pooled,5ae73c065542991e8301cc18,bridge,hard,"Which Eminem album included vocals from a singer who had an album titled ""Unapologetic""?",Numb (Rihanna song) | The Monster (song),Encore (Eminem song) | Encore (Eminem album) | Rabid Neurosis | The Monster (song) | List of Billboard 200 number-one albums of 2002 | Graduation (album) | Emotional Technology | Numb (Rihanna song) | Reckless (Jeremy Camp album) | Innocent Records | Alan Jackson albums discography | Old 8×10 | Thirty Eight (album) | Levolution (album) | Drop the World | John Fogerty (album) | Late Registration | Meek Mill | The Long Road Home | Hip Hop Since 1978 | The Journey (Immature album) | Goo Goo Dolls (album) | Omarion | Mike Smith (A&amp;R man) | His Band and the Street Choir | Suffrajett | Beatitude (album) | Bad Meets Evil | Hold Me in Your Arms (album) | John Fogerty | Puerto Roc Records | Lil Ru | PRhyme | Clouds (Apollo Brown album) | Mono Masters | Robson &amp; Jerome (album) | Hayden (musician) | The College Dropout | In Death Reborn | Flashing Lights (Kanye West song) | Under Your Skin (album) | Fearless (Eighth Wonder album) | Bizarre (rapper) | 10 Hronia Mazi | List of awards and nominations received by Shinee | Liquid Acrobat as Regards the Air | Perfect Day (Cascada album) | Current Mood | No Promises (Icehouse song) | Billy Ray Cyrus discography,0,1,1.0,0,0,1.0,0.0,0.5,1.0,0.25,0.25
dense,pooled,5a87d8215542994775f60800,bridge,hard,"This American crime film set in South Los Angeles was written and directed by the same director and writer of screenwriter of ""Street Kings"", ""End of Watch"", ""Sabotage"", ""Fury"" and what other film? ",David Ayer | Harsh Times,South of 8 | Street Kings 2: Motor City | End of Watch | David Ayer | Suicide Kings | James Gunn | The War Is Over (film) | Planet Terror | Man Against the Mob | The Tragedy of Romeo and Juliet (film) | Harsh Times | Cops and Robbers (1973 film) | You Can't Kill Stephen King | Criminal Lawyer | San Fernando Valley (film) | End of the Road (1970 film) | Sinister (film) | End of Days (film) | Drive Angry | The Revengers' Comedies | True Lies | Murder City (TV series) | Lourenço Mutarelli | List of accolades received by La La Land | 1920 (film series) | Breaking Bad | The Law &amp; Harry McGraw | Romeo and Juliet on screen | Revengers Tragedy | Savage Weekend | Spencer Averick | Murder of Grace Brown | Hackers (film) | Time to Kill (1989 film) | Tromeo and Juliet | Scouts Guide to the Zombie Apocalypse | Suicide Squad (film) | Julián Hernández (filmmaker) | Charles Craft | R-Point | The Doom Generation | Andy Straka | Howard Barish | Gangland Undercover | Enrique Carreras | Ashley Cheadle | Suburban Madness | Brandon Dickerson | Manhattan Romance | Snatch (film),0,1,1.0,0,0,0.0,0.0,0.5,0.5,0.25,0.25
dense,pooled,5ac2ffbd554299677310267b,bridge,hard,SuperMansion starred the actress who had a recurring role as whom on Workaholics?,Jillian Bell | SuperMansion,SuperMansion | Ashley Cheadle | Wonder Woman (2017 film) | Batman v Superman: Dawn of Justice | Gal Gadot | Justice League (film) | Jillian Bell | Jolin Tsai filmography | Locke the Superman | Julia Ormond | Jenna Dewan | Sela Ward | Tara Strong | Tara Strong filmography | Barbara Niven | Adventures of Superman (TV series) | Man of Steel (film) | Rainbow Girl | Matilda Lutz | Sara Botsford | Song Ji-hyo | Connie Sawyer | Gretchen Palmer | Kristof Konrad | Dayna Hart | Ellie Kemper | Soha Ali Khan | Sarah Bolger | Last Action Hero | Diana Quick | Jacques Mathou | Katherine Waterston | Mamie Gummer | Stacey Kent | Arnold Schwarzenegger filmography | Lisa Wilcox | Milan Murray | Alie Ward | Emily Jewell | Lucy Fry | Claudia Drake | Azie Mira Dungey | Claire Temple (Marvel Cinematic Universe) | Elisabeth Moss | Kam Heskin | Arthur Roberts (editor) | Catwoman (film) | Farida Jalal | Aquaman (film) | Linda Mvusi,1,1,1.0,0,0,1.0,0.5,0.5,1.0,1.0,1.0
dense,pooled,5a7c960655429935c91b5244,bridge,hard,"The 1974 Texas Tech Raiders football team represented what public research university in Lubbock, Texas?",1974 Texas Tech Red Raiders football team | Texas Tech University,1974 Texas Tech Red Raiders football team | 2016 Texas Tech Red Raiders football team | 2013 Texas Tech Red Raiders football team | 1986 Texas Tech Red Raiders football team | 2015 Texas Tech Red Raiders football team | 2009 Texas Tech Red Raiders football team | Texas Tech University | 2014 Texas Tech Red Raiders football team | List of Texas Tech Lady Raiders in the WNBA Draft | Texas A&amp;M–Texas Tech football rivalry | 2012 Texas Tech Red Raiders football team | 1973 Astro-Bluebonnet Bowl | Ken Herock | Jeris White | 1980 Georgia Tech Yellow Jackets football team | Shawnee Mission District Stadium | Shreveport Steamer | University of the Incarnate Word | 1964 Georgia Tech Yellow Jackets football team | 1956 NAIA Division I Men's Basketball Tournament | Bobby Dodd Stadium | 2006 Miami Hurricanes football team | Kurt Burris | 1899 Tennessee Volunteers football team | 1985 Tennessee Volunteers football team | Portland State Vikings football under Jerry Glanville | 2008 Fiesta Bowl | 1891 Tennessee Volunteers football team | Alamo Heights SA | 1896 Tennessee Volunteers football team | 1989 Cotton Bowl Classic | SMU Mustangs football under Mike Cavan | Kevin Lockett | Georgia Tech Yellow Jackets football | List of Tennessee Titans seasons | Ron Snidow | 1938 Tennessee Volunteers football team | Southeastern Conference | 1979–80 Wigan Athletic F.C. season | Mouse Davis | 2006 Alabama Crimson Tide football team | 1959 Georgia Tech Yellow Jackets football team | Salford City F.C. | Fruit Bowl | 1955 Arizona State Sun Devils football team | Vernon Fox | Astrodome | 1953 Georgia Tech Yellow Jackets football team | All-time Sporting Kansas City roster | Weldon Drew,1,1,1.0,0,0,1.0,0.5,0.5,1.0,1.0,1.0
dense,pooled,5a7d61775542991319bc93b9,bridge,hard,"During Siege of Bharatpur, which Commander-in-Chief of Ireland and Commander-in-Chief of India contributed to the storming of the castle?","Siege of Bharatpur | Stapleton Cotton, 1st Viscount Combermere","Siege of Bharatpur | Siege of Bharatpur (1805) | Stapleton Cotton, 1st Viscount Combermere | Lohagarh Fort | Commander-in-Chief, India | Maynak Bhandari | Claude Auchinleck | Broughty Castle | Bharatpur district | Bharatpur, Rajasthan | Vishvendra Singh | Dirleton Castle | Auchterhouse Castle | Battle of Clitheroe | George I, Earl of March | Patrick IV, Earl of March | 1999 Odisha cyclone | Lord Haliburton of Dirleton | Hatton Castle, Angus | Battle of Glendale (Skye) | Battle of Gaines's Mill | Tippecanoe order of battle | Battle of Belleau Wood | Hatton Castle, Aberdeenshire | Dras War Memorial | Battle of Tippecanoe | Tecumseh | Earl of Dunbar | Gelston Castle | Second Anglo-Afghan War | Baron Dunalley | Seven Days Union order of battle | Battle of Yao (Japan) | Battle of Aspromonte | Earl Belmore | Battle of Great Bridge | Murree rebellion of 1857 | Haripur Barabari | Seven Days Confederate order of battle | Chimaji Appa | Earl of Lanesborough | Henry Cadogan, 4th Earl Cadogan | Battle of Fallen Timbers | William Pery, 3rd Earl of Limerick | Treaty of Gandamak | Humber Forts | Clock Tower of Murshidabad | Baji Rao I | Ernst Heinrich Lindemann | Maratha emperors",1,1,1.0,0,1,1.0,0.5,1.0,1.0,1.0,1.0
dense,pooled,5ac1c6805542994ab5c67e11,bridge,hard,For what type of work is the production company for The Year Without a Santa Claus best known?,Rankin/Bass Productions | The Year Without a Santa Claus,"The Year Without a Santa Claus | The Year Without a Santa Claus (2006 film) | Santa Claus: The Movie | Jonathan Meath | Santa's Workshop (Colorado) | Santa Claus in film | A Miser Brothers' Christmas | Larry Wilson (screenwriter) | Halloween Adventure | Santa Claus Is a Black Man | Gonzo (Muppet) | Spencer Gifts | Santa's Little Helper | The Works (restaurant) | List of Walt Disney Pictures films | Lights of Old Santa Fe | Rankin/Bass Productions | A Christmas Story: The Musical | New Scandinavian Cooking | Spirit Halloween | Digital Media Factory | The Polar Bears | Frank Lowy | A Christmas Carol | Hank Zipzer's Christmas Catastrophe | Making Today a Perfect Day | E. J. Carroll | Donald J. Hall Jr. | The Muppet Christmas Carol | Noel C. Bloom | Nerdist Industries | Snow White: The Fairest of Them All | A&amp;W Restaurants | Frozen Fever | Toddle House | La Femme Musketeer | Lowe's | Nerdist News | Black Nativity | Rizzo the Rat | List of The Muppets productions | RetailMeNot | Roald Dahl's Willy Wonka (musical) | Music Maker (label) | Sunset Las Palmas Studios | Independent Spirit Award for Best First Feature | The Inventors | The Boatniks | Doc NYC | Coty, Inc.",1,1,1.0,0,0,0.0,0.5,0.5,0.5,1.0,1.0
dense,pooled,5a7a230e5542996a35c170ee,bridge,hard,"What year was the film that starred the composer for ""The Naked Brothers Band""?",Nat Wolff | The Fault in Our Stars (film),"The Naked Brothers Band (album) | The Naked Brothers Band: Music from the Movie | Alex Wolff | Nat Wolff | Nat and Alex Wolff | The Premiere (film) | Operation Mojo | I Don't Want to Go to School | Aliens (soundtrack) | The Beach Boys | Ungod | David Alden | 127 Hours (soundtrack) | My Brother (2006 film) | Ralph Ince | Julien Nitzberg | Blinding Edge Pictures | Mystery Girl (film) | Gimme Shelter (1970 film) | The Petrified Forest | Shipmates Forever | The Soloist | George Raft | Legend (film score) | Flying with Music | 12th Youth in Film Awards | Francesco Scarlatti | Plush (film) | Sunset Blvd. (Yancey Boys album) | Stranger in Town (album) | The Bailey Brothers and the Happy Valley Boys | Under an Hour | Dancing on the Edge (TV series) | The Suicide File | Dirty Pretty Things (band) | Kevin Shields | List of accolades received by La La Land | Divorce Italian Style | The Idols with Sid Vicious | Chuck Berry on Stage | Did It in a Minute | David Ayer | Ravedeath, 1972 | L.A. Confidential (soundtrack) | Dieci canzoni d'amore da salvare | Johanna Bennett | Harry Bowen (actor) | Alain Resnais | Skin Yard (album) | Sunset Las Palmas Studios",0,1,1.0,0,0,0.0,0.0,0.5,0.5,0.25,0.25
dense,pooled,5ae4627d5542991a06ce9a4d,bridge,hard,The author of Sexual Politics attended which British University?,Kate Millett | Sexual Politics,"Sexual Politics | Harris G. Mirkin | Kate Millett | Jane de Gay | Sheila Cavanagh | Patterns of Sexual Behavior | William Masters | Susie Bright | Virginia E. Johnson | Carol J. Adams | Masters and Johnson | William H. Ginsburg | The Assault on Truth | Orlando: A Biography | Jane Marcus | Mississippi University for Women v. Hogan | Peter Swales (historian) | C. Hugh Holman | Their Lives | Association of Social Anthropologists | British Journal of Social Psychology | Wolfson College, Cambridge | King's College London | Why Freud Was Wrong | E. Mavis Hetherington | Thomas Gordon (writer) | Nancy Spungen | Joanna Russ | Peterhouse, Cambridge | John MacGregor, Baron MacGregor of Pulham Market | Freud: A Life for Our Time | Reynolds v Times Newspapers Ltd | Fiona Bruce (politician) | Lewinsky scandal | Yvonne Ridley | Craig v. Boren | Peter W. Smith | Alfred Gell | Republican Party Reptile | Virginia Woolf | London Review of Books | Viscount Trenchard | Sid Vicious | University of Leeds | Louise Bryant | Chrysalis (magazine) | Alistair Grant | Tea Moderna (magazine) | Wale Adebanwi | Les Irwin",1,1,1.0,0,1,1.0,0.5,1.0,1.0,1.0,1.0
dense,pooled,5ac2d1d755429921a00ab053,comparison,hard,"Who had the best singles ranking, Roberta Vinci or Jorge Lozano?",Jorge Lozano | Roberta Vinci,"Roberta Vinci | 2011 Barcelona Ladies Open – Doubles | 2015 Rogers Cup – Women's Doubles | Premio Lo Nuestro 2003 | Flavia Pennetta | 2015 Wimbledon Championships – Women's Doubles | Jorge Lozano | Manuel Quiroga (violinist) | 1988 Volvo International – Doubles | 1994 Athens International – Doubles | Francesca Schiavone | List of Billboard 200 number-one albums of 2002 | Feel Good Inc. | Argentine PGA Championship | Japan Record Award for Best New Artist | Dieci canzoni d'amore da salvare | Formula One drivers from Mexico | Alexis Soriano | Julián Hernández (filmmaker) | Verão Vermelho | Petra Kvitová career statistics | Roberto De Vicenzo | List of major opera composers | Billy Ray Cyrus discography | Six Violin Sonatas, Op. 5 (Vivaldi) | Greatest Hits (Dan Fogelberg album) | Camille Zamora | José María Gironella | Latice Crawford | Gianni Schicchi | Antonio Vivaldi | The Soloist | Alan Jackson albums discography | Marta Domachowska | Montecristo (Argentine telenovela) | Nora Rocha | Caroline Wozniacki career statistics | Second Best (film) | Commedia all'italiana | Joseph LoPiccolo (organized crime) | Adriana Trigiani | Divorce Italian Style | Tomaso Albinoni | Jersey Boys: Original Broadway Cast Recording | Live in Japan (John Coltrane album) | Robert Glasper | The Wonder Who? | Morbo (band) | Daniela Castillo | Myrna Sharlow",1,1,1.0,0,0,1.0,0.5,0.5,1.0,1.0,1.0
dense,pooled,5ab4e3065542990594ba9cb4,bridge,hard,Both Truth in Science and Discovery embrace what campaign?,Discovery Institute | Truth in Science,"Truth in Science | Discovery Institute | Truth (anti-tobacco campaign) | Discovery Museum and Planetarium | Truth Initiative | EvidenceNetwork.ca | Kendrick Frazier | Discovery Networks Benelux | Tron: Evolution | New Haven Documentary Film Festival | Sci Fi Science: Physics of the Impossible | Every Voice | Tom Clancy's Net Force Explorers: Deathworld | Tom Clancy's Net Force Explorers: High Wire | Tom Clancy's Net Force Explorers: Duel Identity | Tom Clancy's Net Force Explorers: Death Match | Tom Clancy's Net Force Explorers: Gameprey | Skeptical Inquirer | Barry Beyerstein | Participant observation | Campaign finance reform in the United States | Scott Parkin | Connections (TV series) | California Center for Public Health Advocacy | Susan Gerbic | DISCLOSE Act | Northern Virginia Campaign | CSICon | Cosmos: A Spacetime Odyssey | Selle v. Gibb | James Burke (science historian) | Brad Parscale | The Day the Universe Changed | Idiocracy | Creacionismo | Alberta Hail Project | Alfred Balk | London International Documentary Festival | The Assault on Truth | Trump campaign–Russian meeting | Blog Wars | Science Fantasy (magazine) | Xtractaurs | The Progressive Populist | Introduction to Metaphysics (Bergson) | Élan vital | Wonder en is gheen Wonder | Religious Technology Center | Donald Trump presidential campaign, 2000 | David S. Touretzky",1,1,1.0,1,1,1.0,1.0,1.0,1.0,1.0,1.0
dense,pooled,5ac298f9554299657fa28fc9,comparison,hard,"Josey Scott and Ian Watkins were both promising musicians. Which of these talented men was incarcerated, impacting his career with a rock band?",Ian Watkins (Lostprophets) | Josey Scott,Ian Watkins (Lostprophets) | Steve Miller Band | Tom Morello discography | Mark Arm | Vance Powell | Owsley Stanley | Even Steven Levee | Double Trouble (band) | Timothy &quot;Yogi&quot; Watts | The Suicide File | Rodney Slatford | Au Pairs (band) | Chris Robinson Brotherhood | Mike Smith (A&amp;R man) | Daniel House | Lil Ru | Josey Scott | Jamboree (Beat Happening album) | The Beach Boys | Bad News (band) | Jason Gilbert | Skin Yard | Screaming Trees | J-Shin | Steeltown (band) | Scott Parkin | Bob Seger | Dave Meros | List of Canned Heat members | Chris Hanzsek | Alan Jackson albums discography | Lostprophets | American Blues | Truly | INXS | Hammerjack's | Clinton Walker | Anthony Rossomando | Levolution (album) | List of songs recorded by Linkin Park | Dev Hynes | Nickelback | Steven Adler | Vanda &amp; Young | Randy Travis | John Fogerty | Gary Lee Conner | Hayden (musician) | The Flowers of Romance (band) | Innocent Records,1,1,1.0,0,0,0.0,0.5,0.5,0.5,1.0,1.0
dense,pooled,5ab6a2be554299710c8d1f08,bridge,hard,The movies Queen of Blood and Battle Beyond the Sun both contained scenes from what 1959 Soviet feature?,Battle Beyond the Sun | Queen of Blood,Battle Beyond the Sun | I Was a Satellite of the Sun | Queen of Blood | Girl Seeks Father | The Scarlet Flower (1952 film) | R-Point | Tracker (1987 film) | All Costs Paid | Older Sister | Semyon Aranovich | Battle Beyond the Stars | The Tragedy of Romeo and Juliet (film) | Murder of Grace Brown | Jump into Hell | Confrontation (TV series) | Hiroshima mon amour | Midnight Sun (2006 film) | Muriel (film) | The War Is Over (film) | The Boatniks | Vampire Academy (film) | Balearic Caper | Out in Fifty | One Night in Istanbul | Jawbreaker (film) | Harry Bowen (actor) | Lucy Fry | Branko Tomović | Black 13 | Chinatown Nights (1929 film) | Tulu cinema | Snow Queen (2002 film) | The Current War | My Bloody Valentine 3D | Orbis Pictus (film) | The Petrified Forest | Alain Resnais | Another Day of Sun | Julián Hernández (filmmaker) | X-Men: The Official Game | Ankahee (2006 film) | Revengers Tragedy | George Raft | Russian Civil War | Sunset at Chaophraya (2013 film) | Aram Avakian | Rajanadai | Lev Kuleshov | Flaming Feather | The General (1926 film),1,1,1.0,0,1,1.0,0.5,1.0,1.0,1.0,1.0
dense,pooled,5a738d27554299623ed4abf3,bridge,hard,"Who was born first, Erika Jayne or Marco Da Silva",Erika Jayne | Marco Da Silva (dancer),"Erika Jayne | Erika Moulet | Adrian Conan Doyle | Marisa Letícia Lula da Silva | Julie Ordon | Gretchen Palmer | Constance Marie | Janine Gutierrez | Marion Christopher Barry | Princess Olga of Hanover | Coco Ho | Marco Da Silva (dancer) | Julia Ormond | Emílio da Silva | Eva Riccobono | Nora Rocha | Domitia Lepida the Elder | Leontyne Price | Elisabeth Murdoch (businesswoman) | Roberta Vinci | Denis Latin | Marlene Dietrich | Meiko Nakahara | Liu Ailing | Formula One drivers from Mexico | Paige Matthews | Marco da Silva (French footballer) | Katie Landers | Viscount of Cardoso da Silva | List of Charmed characters | Lisa Brennan-Jobs | Marquinhos (footballer, born June 1989) | Olga Morozova | Enrique Echeverría | Eleonora Pedron | Gina Pareño | Xin Zhui | Margareth Madè | Catharina Felser | Janet Jackson | Cressida Bonas | Valentina Tereshkova | 2015 Rogers Cup – Women's Doubles | Charles Nungesser | Kathy Sullivan (Australian politician) | June Thomson | Daniela Castillo | Soha Ali Khan | Natascha Ragosina | Shannon Bell",1,1,1.0,0,0,0.0,0.5,0.5,0.5,1.0,1.0
dense,pooled,5ab2a186554299295394677b,bridge,hard,"When did the English local newspaper, featuring the sculpture and war memorial in the Forbury gardens, change names?",Maiwand Lion | Reading Post,"Forbury Gardens | Spalding War Memorial | Maiwand Lion | Devon County War Memorial | Livesey Hall War Memorial | Reading Post | Tower Hill Memorial | The Forbury Hotel | Manchester Cenotaph | Rainham War Memorial | York City War Memorial | Freetown Memorial | British Journal | Garden ornament | Salisbury Woodland Gardens, Blackpool | 1925 Birthday Honours | Reynolds v Times Newspapers Ltd | Nidderdale Museum | Roald Dahl Plass | Baron Burnham | Waterloo Vase | Alamein Memorial | The Gatehouse, Monmouth | Stank Hall | Dukenfield Hall | Shakespeare Public House, Bristol | Memorabilia (event) | Vietnam War Memorial, Hanoi | Irish Bulletin | Oldest synagogues in the United Kingdom | Grange Hall (Murphysboro, Illinois) | Roald Dahl Children's Gallery | Berlin Peace Column | Arras Flying Services Memorial | Pestsäule, Vienna | Wyman Park, Baltimore | Garden Island Naval Chapel | Piccadilly Pub | Callington Mill | Hatton baronets | Vanguard (magazine) | 1951 Birthday Honours | Joseph McGrath (film director) | Jessica Todd Harper | Viscount Wimborne | Buckingham Palace | Portsmouth Naval Memorial | Hunter Davies | Strawberry Park, Cheshire | Masnières Newfoundland Memorial",0,1,1.0,0,0,1.0,0.0,0.5,1.0,0.3333333333333333,0.3333333333333333
dense,pooled,5a8704f8554299211dda2ba4,bridge,hard,What is the name of the Isles who were led by Aonghus Mór and covered a total land area of over 8300 km2?,Aonghus Mór | Kingdom of the Isles,"Kingdom of the Isles | List of rulers of the Kingdom of the Isles | Aonghus Mór | Durotriges | Lord of Islay | George I, Earl of March | Vilsandi | Kingdom of Northumbria | Oedipus Rex | Omodos | Yellowcraigs | Battle of Clitheroe | Fomorians | History of Wales | Solidago ouachitensis | Andlang | Lothian and Borders | Hanggin Rear Banner | Geography of the Philippines | Scottish Borders | Jaluit Atoll | Patrick IV, Earl of March | Duchy of Thuringia | Fensalir | Øresund | Ancient Order of Hibernians | Battle of Tippecanoe | Dirleton | Sweden | Lord Howe Island | Zafar, Yemen | Gospatric, Earl of Northumbria | Ashur-etil-ilani | George II, Earl of March | Ogallala Aquifer | Öresund Committee | Tippecanoe order of battle | Arbuthnott-Garvock Group | Samo's Empire | Battle of Berestechko | Tell El Sakan | Protected areas of Himachal Pradesh | History of England | The Greek Princess and the Young Gardener | Tenerife | Sága and Sökkvabekkr | Ephigenia of Ethiopia | Haddington, East Lothian | Adenocarpus viscosus | Pungdo",1,1,1.0,0,1,1.0,0.5,1.0,1.0,1.0,1.0
dense,pooled,5ab5ed505542997d4ad1f255,bridge,hard,"Who is Bruce Spizer an expert on, known as the most influential act of the rock era?",Bruce Spizer | The Beatles,Bruce Spizer | Frank Beard (musician) | Owsley Stanley | John Waters | Dave Meros | Stone Stanley Entertainment | Cultural depictions of Elvis Presley | Mark T. Smith | Mike Smith (A&amp;R man) | Steeltown (band) | Hugh Gallagher (humorist) | Scott Sidney | Arnold Schwarzenegger filmography | Kent Stax | Daniel House | The Scourge of the Desert | Henri Bergson | Joby Talbot | Mark Arm | Corey Smith (artist) | Daryl Hall | Barton Lynch | Jean de Chastelet | Keith Richards | Roy Roman | Clinton Walker | John Darby (Dean of Chester) | Mark Britten | Tom Morello discography | James Packer | Jory Prum | Rodney Slatford | Joseph McGrath (film director) | Skin Yard | Chris Hanzsek | Stephen Boreham | The Beach Boys | Henry Hall (American revolution) | Alexander Gordon Smith | Gruntruck | Cineriz | Curt Smith (basketball) | List of Canned Heat members | Nancy Spungen | Lee Hazlewood | Gary Cherone | Jeff Strabone | Brian MacLaren | Scott Parkin | Even Steven Levee,1,1,1.0,0,0,0.0,0.5,0.5,0.5,1.0,1.0
dense,pooled,5a77c1505542997042120b1b,bridge,hard,"Which song was behind the third single on the album  ""A Lot About Livin' (And a Little 'bout Love)"" for two weeks on the country charts?",Chattahoochee (song) | We'll Burn That Bridge,A Lot About Livin' (And a Little 'bout Love) | She's Got the Rhythm (And I Got the Blues) | High Lonesome (Randy Travis album) | Holler Back | Chattahoochee (song) | Steers &amp; Stripes | Alan Jackson albums discography | Tonight I Climbed the Wall | Baby Girl (Sugarland song) | Yeah! (Usher song) | Stay (Sugarland song) | Small Town Boy (song) | (Who Says) You Can't Have It All | To Know Him Is to Love Him | Old 8×10 | Hometown News | Something to Talk About (Badly Drawn Boy song) | Randy Travis | Kill the Lights (Luke Bryan album) | Country Music Star No. 1 | I Don't Care (Fall Out Boy song) | Current Mood | Deadwood (song) | Blue Money | Still Restless | Seein' Red (Dustin Lynch song) | This Is Me (Randy Travis album) | B Boy (song) | Bradley Gaskin | Nashville Rebel (box set) | Bang Bang You're Dead (song) | Billy Ray Cyrus discography | The People (Common song) | The Bama Band | Heaven Knows (Robert Plant song) | The Best of Van Morrison Volume 3 | About a Boy (soundtrack) | Adam Craig (singer-songwriter) | Dancin' (on a Saturday Night) | Notorious (The Saturdays song) | America's Suitehearts | Emotional Technology | Numb (Rihanna song) | Skin Yard (album) | Call Me Up in Dreamland | I Don't Wanna Know | U Know What's Up | Chuck Berry on Stage | Gimme Shelter (disambiguation) | Feel Good Inc.,0,1,1.0,0,0,0.0,0.0,0.5,0.5,0.2,0.2
dense,pooled,5a88d745554299206df2b378,comparison,hard,What occupation was shared by David Yates and Pietro Germi?,David Yates | Pietro Germi,"Pietro Germi | David Yates | Henry Fox-Strangways, 3rd Earl of Ilchester | William Monson, 1st Viscount Oxenbridge | George D. Buffett | Nelson Rockefeller | Joseph LoPiccolo (organized crime) | James Ogilvie | Henry Cadogan, 4th Earl Cadogan | Peter Swales (historian) | William Levett (baron) | Robert Hormats | Antonino Lo Surdo | William Masters | Ottavio Alessi | Alistair Grant | Paul Androuet du Cerceau | William H. Ginsburg | Freedom Watch with Judge Napolitano | Douglas Ainslie | William Pery, 3rd Earl of Limerick | Pamela Gilbert | Sergio Ferrara | Antoine Quinquet | Ian Harland | Peter Torry | The Duchess of Padua | Alias French Gertie | Guido Caldarelli | Lawrence Eagleburger | Elliott Abrams | Keith Bilbrey | William Cammisano | Carlo Rovelli | Robert Parker Parrott | Gore-Chernomyrdin Commission | Stephen Boreham | Michael Atkinson | Brian C. Bialiy | Hormizd VI | Eduardo Troconis | Le Conversazioni | Tony Fabrizio | Július Satinský | Robert Barton | Michael Lunin | Susan Buffett | Neil Blair | Joe Scarborough | Dana Shires",1,1,1.0,1,1,1.0,1.0,1.0,1.0,1.0,1.0
dense,pooled,5ae748d1554299572ea547b0,bridge,hard,"Marcus Wayne Garland spent nine seasons with an American professional baseball team that is based in Baltimore, Maryland, and was one of the AMerican League's original eight charter franchises when the league was established in what year?",Baltimore Orioles | Wayne Garland,Wayne Garland | Baltimore Orioles | Reggie Jackson | History of the Washington Senators (1901–60) | Detroit Tigers | List of Atlanta Braves managers | History of the Cleveland Indians | 1965 Houston Astros season | Parkway Field | History of the Minnesota Twins | 1972 American League Championship Series | List of Detroit Tigers managers | 2008 Kansas City Wizards season | Frank Thomas (designated hitter) | Dick Kauffman | Boston Red Sox | Jack Fox (baseball) | Philadelphia Baseball Wall of Fame | All-time Sporting Kansas City roster | Blinkey Horn | Presley Askew | Curt Smith (basketball) | List of Tennessee Titans seasons | Charles Teague (baseball) | Tim Jorgensen | 1999 St. Louis Rams season | Dizzy Dean | 1999 Kansas City Wizards season | Mike Dunbar | 1979–80 Wigan Athletic F.C. season | 1992–93 Charlotte Hornets season | 2012 Kansas City Royals season | Curt Johnson (soccer) | Mouse Davis | Mike Edwards (basketball) | Babe Ruth | Mickey Mantle | Cornelius Vanderbilt Whitney | CommunityAmerica Ballpark | Frank Crossin | 1997 Kansas City Wizards season | Portland State Vikings football under Jerry Glanville | Ted Kubiak | Memphis Hustle | 1998 Kansas City Wizards season | Muggsy Bogues | 2009 Kansas City Royals season | Boston United F.C. | Al Wilson (offensive lineman) | Eddy Furniss,1,1,1.0,1,1,1.0,1.0,1.0,1.0,1.0,1.0
dense,pooled,5a7a8a9c554299042af8f666,bridge,hard,The lamp used in many lighthouses is similiar to this type of lamp patented in 1780 by Aimé Argand?,Argand lamp | Lewis lamp,"Lewis lamp | Argand lamp | Kerosene lamp | Hefner lamp | Carbon button lamp | Hätteberget | Trouble light | Maurice Ward | Starlite | Hollow-cathode lamp | The Inventors | Glow switch starter | Flashlight (DJ Fresh song) | Kudlik | Edmund Sharpe | Devon County War Memorial | Voltaire in Love | The Lightkeepers | 888 7th Avenue | Kenneth Posner | Davey Tree Expert Company | Exeter incident | Waterloo Vase | York City War Memorial | HMS Swan (1767) | List of songs recorded by Ellie Goulding | Keyboard glockenspiel | Square and Compass, Worth Matravers | Shiners' War | Tyler School of Art | John Fogerty (engineer) | Jean Baptiste Assenede | Stoddard engine | Neafie &amp; Levy | John Frederick Fogerty | Functionality doctrine | Oldest synagogues in the United Kingdom | Nore Hydroelectric Power Station | National Intelligence Estimate | Real estate technology | Halcyon (album) | Bitter electromagnet | Finding the Sun | Silent Light | Galle Clock Tower | English Electric Canberra | Piccard Balloons | Lights of Old Santa Fe | Lara Croft and the Guardian of Light | Accessible Media",1,1,1.0,1,1,1.0,1.0,1.0,1.0,1.0,1.0
dense,pooled,5adffe7155429906c02daa9e,bridge,hard,"The songs from the sountrack to ""When Harry Met Sally"" are performed by a singer that has had how many top 20 US albums?",Harry Connick Jr. | When Harry Met Sally... (soundtrack),"When Harry Met Sally... (soundtrack) | When Harry Met Sally... | Emotional Technology | 5:55 | The Last Embrace | Feel Good Inc. | U Know What's Up | No Prima Donna: The Songs of Van Morrison | Connie Sawyer | Where It's At (album) | Screaming Trees discography | We Can Get Together | Anna Simpson | My Fair Lady (Broadway cast recording) | Jamboree (Beat Happening album) | No One (Alicia Keys song) | Meg Ryan | Dancin' (on a Saturday Night) | Robson &amp; Jerome (album) | I'll Be Your Lover, Too | Hikky Burr | Something for the Rest of Us | Nora Ephron | Poison (American band) | Dumb and Dumberer: When Harry Met Lloyd | To Know Him Is to Love Him | Chim Chim Cher-ee | Icehouse (song) | Billy Ray Cyrus discography | Hometown News | Barbara Higbie | The Twenty-fifth Anniversary Anthology | Stay (Sugarland song) | You and Me (Uniting Nations song) | Doctor Jones | I Don't Care (Fall Out Boy song) | We Laughed | 10 Hronia Mazi | List of songs recorded by Ellie Goulding | Goo Goo Dolls | Be the One (Poison song) | Every End of the Day | Here (1954 song) | Greatest Hits (Dan Fogelberg album) | Chris Hanzsek | Duets: Re-working the Catalogue | Domino (Van Morrison song) | American Beauty (soundtrack) | Alan Jackson albums discography | List of Billboard 200 number-one albums of 2002",1,1,1.0,0,0,0.0,0.5,0.5,0.5,1.0,1.0
dense,pooled,5ab642845542995eadeeff8e,comparison,hard,Are Broughtonia and Laeliocattleya both orchids?,Broughtonia | Laeliocattleya,Laeliocattleya | Broughtonia | Broughtonia sanguinea | Caladenia | Paracaleana | Hawkinsara | William Henry Nicholls | Calochilus | Ehretia | Cattleytonia | Brintonia | Ajugeae | Phlebodium | Otaara | Sorbaria | Phlebodium aureum | Huernia | Marsilea minuta | Eucryphia | Pieris floribunda | Silene stenophylla | Marsileaceae | Pachypodium lealii | Pieris (plant) | Leptosporangiate fern | Silene antirrhina | Pieris canidia | Silene | Marsilea | Solidago uliginosa | Solidago elongata | Xanthoceras | Silene conoidea | Tree fern | Silene menziesii | Brabejum | Pilgerodendron | Libocedrus | Ajuga | Cranberry | Leptospermum | Cupressus | Tea Moderna (magazine) | Silene suksdorfii | Myiodynastes | Solidago speciosa | Silene tomentosa | Isle of Flowers | Lepidozamia | Goldenrod,1,1,1.0,1,1,1.0,1.0,1.0,1.0,1.0,1.0
dense,pooled,5a906a685542990a9849362e,bridge,hard,Where was the world cup hosted that Algeria qualified for the first time into the round of 16?,2014 FIFA World Cup | Algeria at the FIFA World Cup,Algeria at the FIFA World Cup | 2002 FIFA World Cup | Tertiary Student Rugby League World Cup | 2016 COTIF Tournament | 2014 FIFA World Cup | 1998 ICC KnockOut Trophy squads | 1929–30 British Home Championship | 1998 ICC KnockOut Trophy Final | 1968–69 in Belgian football | Ukraine national football team | Gambia women's national football team | Switzerland women's national football team | Orvar Bergmark | 1982 French Open – Men's Doubles | 1988 Volvo International – Doubles | 2000 ICC KnockOut Trophy squads | 2015 Cricket World Cup opening ceremony | 1991 Rugby World Cup | Interamerican Scout Jamboree | Djamaâ el Kebir | 2015 Macedonian Football Supercup | Togo women's national football team | Women's Nordic Football Championship | Atiqur Rahman Meshu | FIFA Women's World Cup | Indonesia 2022 FIFA World Cup bid | EAFF E-1 Football Championship (women) | 1997 FA Women's Cup Final | Morocco 2026 FIFA World Cup bid | 2013 Rugby League World Cup Group A | 2016 FA Women's Cup Final | EAFF E-1 Football Championship | 2015 FA Women's Cup Final | All-time Sporting Kansas City roster | 1956 NAIA Division I Men's Basketball Tournament | 2017 Rugby League World Cup Group C | 2017 BB&amp;T Atlanta Open | Second Battle of Agordat | 1994 FA Women's Cup Final | 2002 FA Women's Cup Final | Ibrahim Tall | Paul Sauvage (aviator) | 2000 ICC KnockOut Trophy | 1975 Mr. Olympia | Digswell Park | 2015 Rogers Cup – Women's Doubles | 1994 Athens International – Doubles | Australian Correspondence Chess Championship | MLS Cup 2004 | Peter Schmeichel,1,1,1.0,0,1,1.0,0.5,1.0,1.0,1.0,1.0
dense,pooled,5a7633ad5542992db9473741,comparison,hard,"Which was fought earlier in our nation's history, the Seven Days Battles or the Battle of Manila?",Battle of Manila (1945) | Seven Days Battles,Battle of Manila (1945) | Battle of Manila (1574) | Seven Days Battles | Seven Days Union order of battle | Battle of Alhandic | Seven Days Confederate order of battle | Battle of Peleliu | Battle of Calabria | Geography of the Philippines | Battle of Guam (1944) | Battle of Yao (Japan) | Military history of Mexico | VMF-236 | South West Pacific theatre of World War II | Battle of Adwa | Battle of Port Republic | Battle of Great Bridge | Battle of the Burbia River | Battle of the Ch'ongch'on River | Second Battle of Agordat | Battle of Glendale (Skye) | Battle of Tippecanoe | Battle of Aspromonte | Battle of Jupiter Inlet | Battle of Romanovka | Battle of Blue Licks | Battle of Gaines's Mill | Tippecanoe order of battle | VMF-222 | Battle of Klushino | Bukhara operation (1920) | Battle of Cross Keys | South West Pacific Area (command) | Battle of Norfolk | Ilocos Region | 6th Connecticut Regiment | Battle of Belleau Wood | Treaty of Taipei | Tonkin Gulf Yacht Club | The Eighth (United States) | Joseph L. Follett | VMF-215 | Asiatic-Pacific Theater | Battle of Malvern Hill | Battle of Fallen Timbers | Siege of Bharatpur (1805) | As the Music Plays | Edwin A. Doss | Samo | Giuseppe Arimondi,1,1,1.0,0,1,1.0,0.5,1.0,1.0,1.0,1.0
dense,pooled,5a74ce9655429974ef308c6c,bridge,hard,"What retailer in ABQ Uptown is headquarted in Poole, Dorset, United Kingdom?",ABQ Uptown | Lush (company),"ABQ Uptown | SavaCentre | Canford Cliffs | Greene King | List of cider producers in Dorset | Blackman-Bosworth Store | Poole Methodist Church | Finchampstead | Lowe's | Lewis's | Carrefour | Frank Lowy | Pergament Home Centers | RetailMeNot | Pulham Market | Park City Center | Canyon Creek Food Company | Halloween Adventure | Bank of China Tower (Hong Kong) | Tesco Extra | John A. Brown (department store) | 1 Wall Street Court | A41 road | Tysons Galleria | Spencer Gifts | Brico Dépôt | Citadel Mall | Eastland Mall (Charlotte, North Carolina) | Forbury Gardens | Mall of New Hampshire | The Forbury Hotel | Square and Compass, Worth Matravers | Karcher Mall | Warehouse store | Nidderdale Museum | Uptown 3000 | Chatta Bazaar | General Mills | Magna Home Entertainment | Eastern Hills Mall | Strawberry Park, Cheshire | Walt Whitman Shops | Eugene Cross Park | Bucketty | Lush (company) | BauMax | Kentucky Oaks Mall | Eagle Mountain Railroad | Selver | Pershing Square Capital Management",1,1,1.0,0,0,0.0,0.5,0.5,0.5,1.0,1.0
dense,pooled,5a713a5a5542994082a3e6a9,bridge,hard,What football club plays in the area between the old tool gates: Brook Bar and Trafford bar?,"Manchester United F.C. in European football | Old Trafford, Greater Manchester","Old Trafford, Greater Manchester | Trafford Bar tram stop | Gorse Hill | Sir Matt Busby Sports Complex | Newington Youth F.C. | Manchester United F.C. | Springfield Park (Wigan) | Manchester United F.C. in European football | Spennymoor Town F.C. | Sport &amp; Leisure Swifts F.C. | Doncaster Rovers Belles L.F.C. | Salford City F.C. | Lisburn Distillery F.C. | 2006–07 Wigan Athletic F.C. season | Curzon Ashton F.C. | Strawberry Park, Cheshire | Stramshall | Queen's University Belfast A.F.C. | RAF Warmwell | Bedale | West Yorkshire Association Football League | The Chessels | Kenton Richardson | Humber Warhawks | Stank Hall | Rivington Hall Barn | Hammerjack's | A41 road | Ragbi Klub Mornar Bar | Pinewood Studios | 2007–08 Wigan Athletic F.C. season | Eccles, Greater Manchester | National League South | Aquinas Old Collegians Football Club | Wyman Park, Baltimore | Portstewart F.C. | Glanford Park | Finchampstead | David Beckham Academy | Dukenfield Hall | 1979–80 Wigan Athletic F.C. season | Eugene Cross Park | Scottish Borders | Hutton Castle | Haripur Barabari | Donegal Celtic F.C. | Eccles Interchange | One Marina Boulevard | Lothian and Borders | The Gatehouse, Monmouth",1,1,1.0,0,0,1.0,0.5,0.5,1.0,1.0,1.0
dense,pooled,5ab341f755429969a97a8114,bridge,hard,"The song ""Chim Chim Cher-ee"" can be heard  in the ""Mary Poppins"" scene of a Disney ride that debuted in what year?",Chim Chim Cher-ee | The Great Movie Ride,"Chim Chim Cher-ee | My Kind of Town | Mary Poppins (song) | The Wonderful Thing About Tiggers | Mary Poppins (film) | A Man Has Dreams | Winnie the Pooh and the Blustery Day | I Love to Laugh | Heffalumps and Woozles | The Sword in the Stone (film) | A Rather Blustery Day | Step in Time | Hip Hip Pooh-Ray! | Something There | Beauty and the Beast (Disney song) | Little Black Rain Cloud | Mulan (soundtrack) | Dance Dance Revolution Disney Grooves | Belle (Disney song) | Live in Buffalo: July 4th, 2004 | All That You Are (Goo Goo Dolls song) | Pretty Little Dutch Girl | Mary Poppins Returns | Lady and the Tramp | The Rain Rain Rain Came Down Down Down | The Wheels on the Bus | Be Our Guest | Peter Pan (1953 film) | By the Beautiful Sea (song) | The Great Movie Ride | Home on the Range (2004 film) | Something for the Rest of Us | Evermore (Beauty and the Beast song) | Beauty and the Beast (1991 film) | List of Walt Disney Pictures films | The Age of Not Believing | You'll Be in My Heart | Waiting for the Rest of It | Lollipop (Candyman) | The House That Jack Built (1967 film) | Goo Goo Dolls | Chixdiggit | Audition (The Fools Who Dream) | Making Today a Perfect Day | Flying with Music | Shaggy Dog Story (TV) | The Fairies | ITunes Originals – Goo Goo Dolls | Spangled Unicorn | Something (TVXQ song)",1,1,1.0,0,0,0.0,0.5,0.5,0.5,1.0,1.0
dense,pooled,5a8325b35542990548d0b18f,bridge,hard,"Who held the record for the longest service in the Australian Parliament for a woman, and was surpassed by  a former Australian politician who was the 29th Speaker of the House of Representatives?",Bronwyn Bishop | Kathy Sullivan (Australian politician),"Kathy Sullivan (Australian politician) | Carol Martin | Australian federal election, 1972 | Dean of the House (Canada) | Roslyn Dundas | Les Irwin | Philip Ruddock | Bronwyn Bishop | Bob Debus | Michael Atkinson | Defence Long Service Medal | Peter Blacker | Darling River | Mehmet Tillem | Richard Torbay | 40th Battalion (Australia) | Robert Gascoyne-Cecil, 3rd Marquess of Salisbury | Ben Roberts-Smith | Hannah Gale | California State Senate | Fiona Bruce (politician) | Australian Correspondence Chess Championship | 2015 AFL Rising Star | Jane Marum Roush | Defence Force Service Medal | Jack Mason | Donald Duffy | Canadian federal election, 1926 | Roberta Vinci | Royal Australian Navy | Emma Carney | 2011 Brownlow Medal | 2007 Brownlow Medal | Australian referendum, 1937 | Viscount Trenchard | 2015 Brownlow Medal | General Hospital cast members | 2006 Brownlow Medal | Chinese Australians | High Commission of Australia, London | Steve Nallon | Williams sisters | Li Na | Simon Coveney | Kavita Tungar | Tim Jorgensen | Mississippi University for Women v. Hogan | Trevor Kennedy | Baron de Mauley | David Gold (talk radio host)",1,1,1.0,0,0,1.0,0.5,0.5,1.0,1.0,1.0
dense,pooled,5ab9374b554299131ca422c6,bridge,hard,"Which man who presented the Australia 2022 FIFA World Cup bid was born on October 22, 1930?",Australia 2022 FIFA World Cup bid | Frank Lowy,"Australia 2022 FIFA World Cup bid | Japan 2022 FIFA World Cup bid | Qatar 2022 FIFA World Cup bid | 2018 and 2022 FIFA World Cup bids | South Korea 2022 FIFA World Cup bid | United States 2022 FIFA World Cup bid | Russia 2018 FIFA World Cup bid | Indonesia 2022 FIFA World Cup bid | Les Irwin | Australian referendum, 1937 | Donald Duffy | Denis Latin | AFL Rising Star | 2015 AFL Rising Star | Mehmet Tillem | 2014 FIFA World Cup | Morocco 2026 FIFA World Cup bid | 2015 Cricket World Cup opening ceremony | Trevor Kennedy | Bob Debus | Peter Blacker | Fazle Hasan Abed | Lawrence Austin | Gus Williams (musician) | Australian Correspondence Chess Championship | George Abbott | Michael Atkinson | Joseph McGrath (film director) | Australian federal election, 1972 | Man Booker International Prize | Nick Holland | Alistair Grant | Jesse Hogan | Scott Sidney | Lionel Ngakane | PNG solution | Peter Torry | Roberto De Vicenzo | The Greatest Gift (TV series) | Stephen Boreham | Ottavio Alessi | George Archainbaud | Pelé | Emílio da Silva | Roslyn Dundas | 2010 Commonwealth Games medal table | 2014 Birthday Honours | Mahesh Bhupathi | 1998 ICC KnockOut Trophy Final | Ben Roberts-Smith",1,1,1.0,0,0,0.0,0.5,0.5,0.5,1.0,1.0
dense,pooled,5ae52c0f5542992663a4f12e,bridge,hard,What major city is the Faith Lutheran Middle School and High School located by?,"Faith Lutheran Middle School &amp; High School | Summerlin, Nevada","Faith Lutheran Middle School &amp; High School | Lutheran High School (La Verne, California) | Faith Lutheran High School | Bishop Carroll Catholic High School | Faith Lutheran College, Redlands | Carmel High School (Mundelein, Illinois) | Spalding Catholic High School | Kapaun Mt. Carmel Catholic High School | Bishop Gorman High School | Monroe Catholic High School | St. Petersburg Catholic High School | Bishop Sullivan Catholic High School | Fremont School District 79 | Cotter High School (Winona, Minnesota) | Harvest Time Christian Academy | Westminster School, Adelaide | David Beckham Academy | Bishop Manogue High School | Grace Church School | East Haven High School | Mentor High School | Tyler Consolidated High School | Paso Robles High School | Sullivan East High School | Kripalu Center | Port Charlotte High School | St James's Church, Reading | John S. Burke Catholic High School | Nevada Union High School | St. Andre's Parish | Julia Morgan School for Girls | Yanco Agricultural High School | Kenneth LaValle | Buena Vista High School (Michigan) | Schwartz's | University of Kansas | Bonsallo Avenue | Church of St Mary the Virgin, Eccles | Princeton High School (Illinois) | Grennaskolan | Loppa Church | Umpqua Community College shooting | Ian Harland | Langston Hughes Performing Arts Center | Lowe's | Woodville High School (Texas) | Tyler School of Art | Western University of Health Sciences | University of the Incarnate Word | College of Charleston",1,1,1.0,0,0,0.0,0.5,0.5,0.5,1.0,1.0
dense,pooled,5adbfbd555429947ff173893,bridge,hard,What British singer-songwriter hosted the 16th Annual Young Hollywood Awards?,2014 Young Hollywood Awards | Kelly Osbourne,2013 Young Hollywood Awards | 2014 Young Hollywood Awards | Young Hollywood Awards | 12th Youth in Film Awards | Maureen Dragone | Larnelle Harris | Japan Record Award for Best New Artist | 71st Golden Globe Awards | MTV Video Music Award for Best New Artist | Adele | 51st Golden Globe Awards | 32nd Independent Spirit Awards | BAFTA Rising Star Award | John Lithgow | 18th Independent Spirit Awards | 28th Independent Spirit Awards | Merry Clayton | City of Stars | Drama Desk Award for Outstanding Director | 31st Golden Globe Awards | Academy Award for Best Film Editing | 61st Golden Globe Awards | Vance Powell | David Huntsinger | 2003 Kids' Choice Awards | Independent Spirit Awards | Ashley Young | Graduation (album) | Agee (film) | Mona Scott-Young | Premio Lo Nuestro 2003 | Oppenheimer Award | Country Music Star No. 1 | Langston Hughes Medal | M Music &amp; Musicians | Robert Glasper | Gay Byrne | Beautiful Young Minds | 2015 AFL Rising Star | Independent Spirit Award for Best First Feature | Laura Linney | John Fogerty | The Idols with Sid Vicious | Take 21 | Fiona Forbes | Independent Spirit Award for Best Cinematography | Andre Norton Award | AFL Rising Star | The Foundation (Zac Brown Band album) | Independent Spirit Award for Best Editing,1,1,1.0,0,0,0.0,0.5,0.5,0.5,0.5,0.5
dense,pooled,5ab7f0015542992aa3b8c88b,bridge,hard,Who did the Star and Dagger bass player marry?,Sean Yseult | Supagroup,Sean Yseult | Christy Sutherland | Supagroup | Shipmates Forever | Partners (2012 TV series) | Sold (TV series) | Rodney Slatford | Noel C. Bloom | Søren Rasted | Didi Beck | Stacey Kent | Jens Ritter Instruments | Double Dagger | Even Steven Levee | René Dif | Bobby Fox | Nancy Spungen | Raz-B | Meet Corliss Archer (TV series) | Dale Evans | Marta Ribera | Erica Packer | Fred Basset | The Boatniks | Johnny Angel Wendell | Shoba Chandrasekhar | Hall &amp; Oates | Søren Solkær | Roy's Wedding | Shelley Fabares | The Bailey Brothers and the Happy Valley Boys | Elinor Kershaw | Danny Jones | Shaunna O'Grady | Gretchen Palmer | Kakoy Legaspi | Gretchen Osgood Warren | Lene Nystrøm | Leontyne Price | Brenda Bennett | Mark Arm | Jawbreaker (film) | Daniel House | The Soloist | Katie Landers | Kiss and Tell (1945 film) | Masami Tsuchiya | Caroline Carver (actress) | Merry Clayton | Anna Simpson,1,1,1.0,0,1,1.0,0.5,1.0,1.0,1.0,1.0
dense,pooled,5ac547525542993e66e822a3,bridge,hard,"In 2017, what was 3/4th of the organization that also has a Center for Veterinary Medicine as well as part of the U.S. Department of Health and Human Services, spent on?",Food and Drug Administration | Melarsomine,"New Bolton Center | National Association for Public Health Policy | United States Public Health Service | Food and Drug Administration | Ontario Veterinary College | Edward D. Martin | Brenda McCowan | Sachin H. Jain | Vetigel | Center for Pan Asian Community Services, Inc. | Oyewale Tomori | Steven K. Galson | Western University of Health Sciences | Forward surgical teams | Kripalu Center | 25 Field Ambulance | Cardinal Health | Everette James | Physicians Mutual | Virginia Commonwealth University | Child Welfare League of America | Health services research | Irish Thoracic Society | Office of Population Affairs | National Intelligence Reform Medal | Doc NYC | Owens &amp; Minor | Terren Peizer | Supporting Healthy Marriage Project | Pamela B. Davis | National Intelligence Cross | University of Missouri–Kansas City | Tom Clancy's The Division | Pharma Medica | Equinix | St. Jude Medical | Roger O. Egeberg | Sicko | Stevanato Group | Corps of Military Staff Clerks | Melarsomine | Religious Technology Center | Glacier National Park Fund | The White House Doctor | United Negro College Fund | United States Mission to the European Union | Mendocino County GMO Ban | National Intelligence Medal of Achievement | Feline viral rhinotracheitis | Truth Initiative",0,1,1.0,0,0,0.0,0.0,0.5,0.5,0.25,0.25
dense,pooled,5a7cbf8c554299452d57b9f4,comparison,hard,"Which came out first, Dinosaur or McFarland, USA","Dinosaur (film) | McFarland, USA","McFarland, USA | The Good Dinosaur | Dinosaur (film) | Oryctodromeus | Comanchesaurus | Xtractaurs | Cinizasaurus | Dinosaur behavior | Cryptoraptor | Dakotadon | Sphaerotholus | Fruitadens | Frenchman Formation | Enrico Casarosa | Escalante Petrified Forest State Park | List of Walt Disney Pictures films | Frank McDonald (director) | Adrian Molina | Mr. Church | Tron: Evolution | John MacGregor | The Caledonia Soul Orchestra | Swifty McVay | Lewiston, Dakota County, Minnesota | 1982 Volvo Masters – Doubles | Planet Terror | Teen Titans (season 1) | The Foundation (Zac Brown Band album) | Araripesuchus wegeneri | Motherland (2010 film) | History of England | Michael Finnegan (song) | Raymond Ochoa | Mall of New Hampshire | 1956 NAIA Division I Men's Basketball Tournament | Kingston Morning | Peter McKay (cricketer) | Bill Barretta | Change Has Come | Hanna–McEuen | Amen: The Awakening | Original Sound | The Sword in the Stone (film) | Vance Powell | The Big Brain | Cow Creek (Montana) | American Hardcore (film) | Wilton, Maine | Live at Winterland 1978 (Avengers album) | New Haven Documentary Film Festival",1,1,1.0,0,1,1.0,0.5,1.0,1.0,1.0,1.0
dense,pooled,5a7ddc5a5542995f4f4022da,bridge,hard,Both Bishop Carroll Catholic High School and Kapaun Mt. Carmel Catholic High School are located in which city in Kansas?,Bishop Carroll Catholic High School | Kapaun Mt. Carmel Catholic High School,"Bishop Carroll Catholic High School | Kapaun Mt. Carmel Catholic High School | Carmel High School (Mundelein, Illinois) | Bishop Gorman High School | University of Kansas | Spalding Catholic High School | Bishop Sullivan Catholic High School | Faith Lutheran High School | Faith Lutheran Middle School &amp; High School | Bishop Manogue High School | St. Petersburg Catholic High School | Monroe Catholic High School | Truman Sports Complex | Shawnee Mission District Stadium | Lutheran High School (La Verne, California) | Paso Robles High School | Kansas Song | University of Missouri–Kansas City | Kauffman Stadium | Downtown Kansas City | Olathe East High School | Sullivan East High School | Fremont School District 79 | Harvest Time Christian Academy | Brown County, Kansas | CommunityAmerica Ballpark | North Kansas City, Missouri | Faith Lutheran College, Redlands | Cotter High School (Winona, Minnesota) | Port Charlotte High School | St James's Church, Reading | Tyler Kalinoski | Kansas City metropolitan area | 2008 Kansas City Wizards season | Children's Mercy Park | McLean, Virginia | John S. Burke Catholic High School | Kevin Lockett | Arrowhead Stadium | Grace Church School | Klenger Burger | Kansas City crime family | Tysons Galleria | Kansas City jazz | Tyler Consolidated High School | Mentor High School | Kohlberg Kravis Roberts | St. Andre's Parish | 2017 Kansas City Royals season | Grennaskolan",1,1,1.0,1,1,1.0,1.0,1.0,1.0,1.0,1.0
dense,pooled,5a7a1cd85542990783324e65,bridge,hard,What was the 58th quadrennial American presidential election held after the 2016 Michigan Democratic primary?,"Michigan Democratic primary, 2016 | United States presidential election, 2016","Michigan Democratic primary, 2016 | United States presidential election, 1892 | United States presidential election, 1960 | United States presidential election, 2016 | United States presidential election, 2012 | 2044 election | United States presidential election, 1964 | United States presidential election, 1968 | Wisconsin elections, 2016 | United States elections, 2002 | United States presidential election, 1976 | United States presidential election, 2020 | United States midterm election | United States elections, 2018 | United States Senate elections, 2008 | United States Senate election in Illinois, 1978 | Australian federal election, 1972 | Reagan Democrat | John F. Kennedy presidential campaign, 1960 | United States Senate elections in Illinois, 2010 | United States Senate elections, 2002 | Detroit mayoral election, 2009 | Canadian federal election, 1926 | Mike Beard (politician) | Ronald Reagan judicial appointment controversies | Northern Virginia Campaign | Jeff Hoover | Swedish general election, 1982 | Gerald Ford | 80th United States Congress | 1956 NAIA Division I Men's Basketball Tournament | Charlotte mayoral election, 2015 | 1957 Indianapolis 500 | Speeches and debates of Ronald Reagan | 1982 Volvo Masters – Doubles | 2016 Toyota Grand Prix of Long Beach | Kwame Kilpatrick | Higgins Lake | Second inauguration of Ronald Reagan | Old Allamakee County Courthouse (Lansing, Iowa) | Richard Honaker | The Eighth (United States) | Jane Marum Roush | Richard Nixon | Donald Trump presidential campaign, 2000 | Calumet Downtown Historic District | Reynolds v. Sims | 1981 Ms. Olympia | Campaign finance reform in the United States | Walt Zeboski",1,1,1.0,0,1,1.0,0.5,1.0,1.0,1.0,1.0
dense,pooled,5ae0a59a55429945ae9593e2,bridge,hard,This Celtic ruler who was born in AD 43 ruled southeastern Britain prior to conquest by which empire?,Catuvellauni | Togodumnus,"Roman conquest of Britain | History of Wales | Romano-British culture | Patrick IV, Earl of March | George I, Earl of March | History of England | Haddington, East Lothian | Catuvellauni | Durotriges | Earl of Dunbar | British people | Aonghus Mór | Kingdom of the Isles | List of rulers of the Kingdom of the Isles | Kingdom of Northumbria | Gospatric, Earl of Northumbria | Scottish Borders | Khosrow IV | Sasanian Empire | George Gordon (bishop) | Earl of Lanesborough | George V | Emirate of Afghanistan | St. Mary's Priory (Lothian) | Maratha emperors | Earl Belmore | Second Anglo-Afghan War | Duchy of Thuringia | Donegal Celtic F.C. | Corieltauvi | George II, Earl of March | Columba de Dunbar | Lothian and Borders | Accession Council | Tecumseh | James Ogilvie | Broughty Castle | Borough of Berwick-upon-Tweed | Robert Erskine Childers | Scotch Collie | Gelston Castle | Auchterhouse Castle | Kentucky County, Virginia | Dirleton | Lord of Islay | J. G. Farrell | William Pery, 3rd Earl of Limerick | Vishvendra Singh | George Percy, 5th Duke of Northumberland | British University Hurling Championship",0,0,1.0,0,0,0.0,0.0,0.0,0.5,0.125,0.125
dense,pooled,5a8b987f5542997f31a41d7a,bridge,hard,"What is the name of the detective novelist parent of the author of '""Q"" Is for Quarry'?",&quot;Q&quot; Is for Quarry | Sue Grafton,&quot;Q&quot; Is for Quarry | Sue Grafton | Andy Straka | Arthur Conan Doyle | Cops and Robbers (1973 film) | &quot;J&quot; Is for Judgment | Eric Ambler | He Who Whispers | Robert Erskine Childers | Lake District Mysteries | Kendrick Frazier | W. F. Morris | The Crooked Hinge | Hackers (film) | Peter Swales (historian) | Joseph LoPiccolo (organized crime) | Eric A. Sykes | The Kindaichi Case Files | Walter Sorrells | William Cammisano | June Thomson | Skeptical Inquirer | The Bite in the Apple | Roald Dahl | Henry Roth | Adrian Conan Doyle | H. Bedford-Jones | Los Angeles crime family | Etiquette &amp; Espionage | Rupaye Dus Karod | Wendell Berry | Robert Parker Parrott | The Diamond Chariot | Robert Barton | J. T. Petty | Third and Indiana | Adriana Trigiani | Crank Caverns | Chrisann Brennan | Alexander Gordon Smith | Lisa Brennan-Jobs | Kansas City crime family | Bertha Runkle | In the Realm of the Hackers | Rick Wilber | The Great Gilly Hopkins | Edward F. Albee Foundation | The Inventors | Tom Rothrock | Rubislaw quarry,1,1,1.0,1,1,1.0,1.0,1.0,1.0,1.0,1.0
dense,pooled,5a8739a05542994775f607ab,bridge,hard,What is the birthplace of the Senator who represents the first of 62 districts in the State Senate?,Kenneth LaValle | New York's 1st State Senate district,"New York's 1st State Senate district | New York's 2nd State Senate district | New York's 3rd State Senate district | New York's 4th State Senate district | Chris Van Hollen | Steven Bradford | Kenneth LaValle | Edwin L. Mechem | Classes of United States Senators | United States Senate elections, 2008 | Jon Bramnick | Andrea Stewart-Cousins | Joseph Vitale (politician) | Nesting (voting districts) | Lee Terry | Reynolds v. Sims | Hawaii Senate | California State Senate | United States Senate elections in Illinois, 2010 | Brian DelGrosso | Mike Beard (politician) | United States elections, 2018 | History of the Washington Senators (1901–60) | United States Senate elections, 2002 | Richard Honaker | History of the Minnesota Twins | David Urban | Michael Atkinson | Tony Fabrizio | Mehmet Tillem | Village accountant | United States Senate election in Illinois, 1978 | Patrick Kennedy (1823–1858) | Richard Torbay | 80th United States Congress | Bronwyn Bishop | Doddanna | DISCLOSE Act | St. Andre (Goa Assembly constituency) | McLean, Virginia | Donald West VanArtsdalen | Carol Martin | Bob Debus | Earl of Lanesborough | Wisconsin elections, 2016 | William Cammisano | Jeff Hoover | President pro tempore of the United States Senate | Presley Askew | United States presidential election, 2016",1,1,1.0,0,0,1.0,0.5,0.5,1.0,1.0,1.0
dense,pooled,5ae67dba55429908198fa5f0,bridge,hard,The Memphis Hustle are based in a suburb of a city with a population of what in 2010?,"Memphis Hustle | Southaven, Mississippi","Memphis Hustle | West Memphis, Arkansas | Memphis metropolitan area | Orlinda, Tennessee | Tysons, Virginia | Covington, Tennessee | Millington, Tennessee | Tysons Galleria | Southaven, Mississippi | Downtown Las Vegas | Kansas City crime family | Bubblegum Alley | 2008 Kansas City Wizards season | Gum Wall | Philadelphia crime family | Tysons Corner Center | Smyrna, Georgia | Charlotte Hornets | Charlotte metropolitan area | Sabaa Al Bour | This Is the Life (2008 film) | ABQ Uptown | Bonsallo Avenue | Casino, New South Wales | CommunityAmerica Ballpark | Ellenbrook, Western Australia | Kansas City jazz | Music City Queen | Barriox13 | Gwangjang Market | Los Angeles crime family | Bratislava | Summerlin, Nevada | Ashanti Region | Suburban Madness | Port Charlotte High School | South Phoenix | Marion, Arkansas | Rabat | Olive Branch, Mississippi | McLean, Virginia | Nashville Terminal Subdivision | Chatta Bazaar | Madtown | Holston River | Disco polo | Spring Hill station | Goonellabah, New South Wales | Albert Park, Victoria | Billings Bulls",1,1,1.0,0,0,1.0,0.5,0.5,1.0,1.0,1.0
dense,pooled,5a7b3f4d5542992d025e67bb,bridge,hard,"Which songwriting duo composed music for ""La La Land"", and created lyrics for ""A Christmas Story: The Musical""? ",A Christmas Story: The Musical | Pasek and Paul,"List of accolades received by La La Land | La La Land (Demi Lovato song) | La La Land (soundtrack) | Pasek and Paul | A Christmas Story: The Musical | City of Stars | Audition (The Fools Who Dream) | Another Day of Sun | Cowboys and Angels (Dustin Lynch song) | Les Chansons d'Aragon | Kalanta Xristougenon | Flying with Music | By the Beautiful Sea (song) | David Huntsinger | Black Nativity | Legend (film score) | Here (1954 song) | Christus Apollo | L.A. Confidential (soundtrack) | Brad Alexander | The Year Without a Santa Claus | List of songs recorded by Lali Espósito | Back to December | Music Maker (label) | Johnny Angel (song) | Lights of Old Santa Fe | Making Today a Perfect Day | A Christmas Carol | Santa Claus: The Movie | Hall &amp; Oates | Six Violin Sonatas, Op. 5 (Vivaldi) | Folie à Deux (album) | Lorenzo Ratti | Verão Vermelho | Giuseppe Verdi | Alien (soundtrack) | Chris Hanzsek | Sunset Las Palmas Studios | Chris Marker | His Band and the Street Choir | Jean Portante | Song of Arizona | Rhythm Divine | Larnelle Harris | The Caledonia Soul Orchestra | Heffalumps and Woozles | Beauty and the Beast (Disney song) | Hometown News | Glee: The Music, The Power of Madonna | Tom Rothrock",0,1,1.0,0,1,1.0,0.0,1.0,1.0,0.25,0.25
dense,pooled,5ae2dfd155429928c423951b,bridge,hard,"Which of the city at the south of Shelly Beach, New South Wales is a local government area in the Hunter region of New South Wales, Australia?","City of Newcastle | Shelly Beach, New South Wales","Shelly Beach, New South Wales | Shelly Beach (Manly) | City of Newcastle | Mount View, New South Wales | Unincorporated Far West Region | Gillieston Heights | Richmond Valley Council | Casino, New South Wales | Roald Dahl Plass | Mummulgum | Goonellabah, New South Wales | Tenterfield, New South Wales | Bonshaw, New South Wales | Richard Torbay | Bruxner Highway | Bucketty | Warriparinga | Wollongbar, New South Wales | List of islands of Tasmania | Cotter River System | Royal Australian Navy Heritage Centre | Kirton, Nottinghamshire | Alstonville, New South Wales | Marion, South Australia | Hutton Castle | Raffles Place | Yellowcraigs | Bob Debus | Canford Cliffs | Tabulam | Niagara Park, New South Wales | Finchampstead | Roslyn Dundas | Middlebourne Historic District | Darling River | The Forbury Hotel | Carol Martin | Grahamstown Dam | Frenchmans Creek (New South Wales) | Kelsall | Southaven, Mississippi | Lord Howe Island | San Francisco Bay Area Water Trail | South Ferriby | Wayne Parnell | High Commission of Australia, London | Association of Bay Area Governments | Congleton (UK Parliament constituency) | South Phoenix | Summerlin, Nevada",1,1,1.0,0,1,1.0,0.5,1.0,1.0,1.0,1.0
dense,pooled,5ab6ba245542995eadef007f,comparison,hard,Are Bamboo Mañalac and Danny Jones both musicians?,Bamboo Mañalac | Danny Jones,"Bamboo Mañalac | Bamboo (band) | Kakoy Legaspi | Mark Arm | Danny Jones | Rivermaya | As the Music Plays | Chris Hanzsek | Raimund Marasigan | Vance Powell | No Water, No Moon | Hall &amp; Oates | Kingston Morning | Masami Tsuchiya | Timothy &quot;Yogi&quot; Watts | Tom Rothrock | Daniel House | Even Steven Levee | The Muggs | Matt Cameron | Mike Smith (A&amp;R man) | Cho Kyuhyun | Jason Gilbert | Lee Hazlewood | Supagroup | Phillip Boykin | Brad Alexander | The Bama Band | Frank Beard (musician) | Eddy Furniss | 4 Tune Kookies | John England &amp; the Western Swingers | Danny Bakker (footballer, born 16 January 1995) | Truly | Sean Yseult | Lady Antebellum | Tappi Tíkarrass | List of Canned Heat members | The Bailey Brothers and the Happy Valley Boys | Join Hands | Mark Castillo | ELDee | Søren Rasted | Tom Morello discography | The Rats (American band) | The Beach Boys | Mick (DJ) | Chris Funk | Kidandali | Daryl Hall",1,1,1.0,0,1,1.0,0.5,1.0,1.0,1.0,1.0
dense,pooled,5ab8854555429934fafe6e0c,bridge,hard,"Works by Hanna Leena Kristiina Varis are part of a collection in a museum that houses approximately 65,000 what?",Albertina | Hanna Varis,"Hanna Varis | Nidderdale Museum | Albertina | Lev Yilmaz | Jessica Todd Harper | Cultural Property (Japan) | Katri, Girl of the Meadows | Ann Wigmore | Museumsdorf Niedersulz | Memorabilia (event) | Index Magazine | Open-air museums in Slovakia | Melissa Fay Greene | Luang Namtha Museum | Ballenberg | National Archives of Bangladesh | Scout Tufankjian | Gloriana St. Clair | Miss Nepal 2014 | Maxeda | Miss Nepal 2012 | Miss Nepal 2015 | Musée Henri-Mathieu | Victoria Hanley | National Archives of Namibia | Kunming Museum | Mary Zophres | Miss Nepal 2013 | Norwegian Wood (novel) | Maureen Dragone | Langston Hughes Performing Arts Center | Discovery Museum and Planetarium | Mariette Leslie Cotton | The Hork-Bajir Chronicles | Snoecks | Imanishi family's House | The Greek Princess and the Young Gardener | Jacqueline Winsor | C24 Gallery | Lithia Motors | Merrie Monarch Festival | Marlene Dietrich | Home on the Range (2004 film) | Kripalu Center | Mai Al-Nakib | Chrysalis (magazine) | Elizabeth Martínez | A Girl like Me (film) | Nancy K. Pearson | Aye, and Gomorrah, and other stories",1,1,1.0,0,1,1.0,0.5,1.0,1.0,1.0,1.0
dense,pooled,5a8eea4a5542990e94052bb7,bridge,hard,When was the Western Germanic language spoken from which the small settlement situated on the river Leda opposite Leer derives its name?,Leda (river) | Old Frisian,"Leer | Leda (river) | English language | Old Saxon | Old Frisian | German language | Proto-Norse language | Dutch language | Afrikaans | Northumbrian dialect | European route E47 | Øresund | Andlang | Øresund Region | History of Wales | Sága and Sökkvabekkr | Fensalir | Corieltauvi | Middle name | Fulla | Cumbrian dialect | Strasbourg | Wassail | Warriparinga | Eir | Copenhagen Malmö Port | Picobrouwerij Alvinne | Battle of Silda | Bradley, North Yorkshire | Bedale | History of England | Elasund | Bjørnøya, Haram | Essex dialect | Norse mythology | Øresund Bridge | Wollongbar, New South Wales | Waimea | Latvian name | Catuvellauni | Frenchmans Creek (New South Wales) | 122nd SS-Standarte | Roman conquest of Britain | Haddington, East Lothian | Marsilea minuta | Thái Bình River | Theater Erfurt | Jean Baptiste Assenede | Richmond Valley Council | Suorva",1,1,1.0,0,1,1.0,0.5,1.0,1.0,0.5,0.5
dense,pooled,5a74c85055429916b0164218,bridge,hard,"Born on 6 March 1937, this man was also a citizen of the United Kingdom.",Alistair Grant | British people,"George V | 1925 Birthday Honours | British people | 1951 Birthday Honours | Australian referendum, 1937 | Stephen Boreham | 1965 Birthday Honours | Alistair Grant | Hunter Davies | Fred H. Hale Sr. | 2013 Birthday Honours | 2017 Birthday Honours | 2016 Birthday Honours | Gerald Reive | John Ingram McMorran | John Home Robertson | Paul Méfano | David Yates | June Thomson | Les Irwin | Ashley Young | Birthday Honours | Erskine Barton Childers | Michael Atkinson | Patrick IV, Earl of March | Grand Duke's Official Birthday | Viscount Trenchard | Gus Williams (musician) | Man Booker International Prize | 2014 Birthday Honours | Mehmet Tillem | British Journal | Made in Britain | Nick Powell | Robin Bailie | Viscount Wimborne | Fazle Hasan Abed | Henry Wharton (boxer) | Wale Adebanwi | Harry Prowell | George Paice (bowls) | Denis Latin | Diana Quick | 2015 Birthday Honours | Edgar Kaiser Jr. | George Cayley | Alfred Gell | John MacGregor, Baron MacGregor of Pulham Market | Robert Gascoyne-Cecil, 3rd Marquess of Salisbury | Lewis Young",0,1,1.0,0,0,1.0,0.0,0.5,1.0,0.3333333333333333,0.3333333333333333
dense,pooled,5a88dcf9554299206df2b383,bridge,hard,"What country does Hatton Hill and Hatton Castle, Angus have in common?","Hatton Castle, Angus | Hatton Hill","Hatton Hill | Hatton Castle, Angus | Hatton Castle, Aberdeenshire | Hatton, Warwickshire | Hatton baronets | Hutton Castle | Auchterhouse Castle | Dirleton Castle | Broughty Castle | Stank Hall | Gorse Hill | Dukenfield Hall | Donegal Celtic F.C. | Earl Belmore | Willoughton | Alstonville, New South Wales | Irish Fairy Tales | RAF Cottesmore | Humberhead Levels | Bedale | Bucketty | List of rulers of the Kingdom of the Isles | Kingdom of the Isles | Sir Matt Busby Sports Complex | Kingdom of Northumbria | Humber Forts | Sport &amp; Leisure Swifts F.C. | List of cider producers in Dorset | Humberside | Wheeling Island | Gelston Castle | Dirleton | Nidderdale Museum | Greene King | Scottish Borders | Hounsfield Heights/Briar Hill, Calgary | Durotriges | Finchampstead | George I, Earl of March | Angus cattle | Stanley Park, Blackpool | Sean Connor | William Street, Limerick | Unincorporated Far West Region | Aonghus Mór | Carroll County, New Hampshire | The Forbury Hotel | Ballenberg | Kelsall | Strawberry Park, Cheshire",1,1,1.0,1,1,1.0,1.0,1.0,1.0,1.0,1.0
dense,pooled,5a7625c7554299109176e668,bridge,hard,What podcast was the cheif executive officer of Nerdist Industries a guest on?,Chris Hardwick | Comedy Film Nerds,Nerdist Industries | The Nerdist Podcast | Comedy Film Nerds | The Drop-In (podcast) | Nerdist News | Jessica Chobot | Maltin on Movies | Chris Hardwick | Cheech Marin | Meet Corliss Archer (TV series) | Ralph Garman | Mike Hogan (sportscaster) | Allen &amp; Company Sun Valley Conference | Keith Bilbrey | Freakonomics Radio | Edgar Kaiser Sr. | Andrew Jaspan | Free Radio (TV series) | Ronn Owens | New Scandinavian Cooking | CBS Television Workshop | Kendrick Frazier | David Mirkin | Sherry Gunther | Bad News (band) | Sean Healey | Bordan Tkachuk | Gary Anthony Williams | Fiona Forbes | James Burke (science historian) | Roy's Wedding | Jonathan Meath | Vance Powell | Darrell Crate | Unbreakable Kimmy Schmidt | Jeff Hephner | Bitter Jester | Jim Puplava | List of Unbreakable Kimmy Schmidt episodes | Cool Center | Curt Menefee | Moving On (The Office) | Blast! (musical) | Michael Strahan | Kristof Konrad | Mark Whitacre | Digital Media Factory | Matt Kennedy Gould | Jason Byrne (comedian) | Darkroom (TV series),0,1,1.0,0,0,1.0,0.0,0.5,1.0,0.3333333333333333,0.3333333333333333
dense,pooled,5ac0d83a554299294b219038,bridge,hard,Randall Cunningham II was a multi-sport athlete at the high school located in what Nevada city?,Bishop Gorman High School | Randall Cunningham II,Randall Cunningham II | Randall Cunningham | Vashti Cunningham | Rick Clausen | Presley Askew | Bob Young (American football) | Bishop Gorman High School | Scott Young (American football) | Mike Dunbar | Larry Friend | Bishop Manogue High School | Bishop Carroll Catholic High School | Adrian Peterson | Ricky Proehl | Mike Edwards (basketball) | Bobby Humphrey | Nevada Union High School | Jerry Lucas | Bishop Sullivan Catholic High School | Joe Walker (American football) | Delray Brooks | Mike Shank | William T. Van de Graaff | Champ Bailey | Ken Rose (gridiron football) | Boss Bailey | Mouse Davis | Buzz Peterson | Ron Snidow | LaRon Landry | Kevin Lockett | Brian Knorr | Andrew Murray (Guyanese boxer) | Tyler Kalinoski | Richie Garner | Charles Teague (baseball) | James Blackmon Sr. | Curt Smith (basketball) | 1961 Arizona State Sun Devils football team | Darnell Autry | Robin Cole | Monroe Catholic High School | SMU Mustangs football under Mike Cavan | Jeff Horner | Ryan Hunter-Reay | Kurt Burris | 2017 Mr. Olympia | 2015–16 VCU Rams men's basketball team | Olathe East High School | Casey Weldon,1,1,1.0,0,0,1.0,0.5,0.5,1.0,1.0,1.0
dense,pooled,5a790d8f554299029c4b5eec,bridge,hard,"Which English musician is known for both the songs ""See Yourself"" and ""Withing You Without You""?",See Yourself | Within You Without You,"See Yourself | Outside (Calvin Harris song) | Within You Without You | You and Me (Uniting Nations song) | Levolution (album) | Better Off Alone | On My Mind (Ellie Goulding song) | List of songs recorded by Ellie Goulding | Andraé Crouch | Who Can See It | Adam Craig (singer-songwriter) | I'll Be Your Lover, Too | Better Than Yourself (Criminal Mind Pt 2) | Here (1954 song) | John Fogerty (album) | Marco Da Silva (dancer) | Kingston Morning | Hold Me in Your Arms (album) | Chattahoochee (song) | Kevin Shields | My Eyes (Blake Shelton song) | Higher (The Saturdays song) | I Hate Myself (for Loving You) | Delirium (Ellie Goulding album) | Headlines! | Emotional Technology | I Against I | This Is Me (Randy Travis album) | Under Your Skin (album) | I Don't Wanna Know | Yeah! (Usher song) | My Eyes Adored You | Ungod | La La Land (Demi Lovato song) | To Know Him Is to Love Him | Country Music Star No. 1 | Call Me Up in Dreamland | Rockin' All Over the World | A Lot About Livin' (And a Little 'bout Love) | Can't Take My Eyes Off You | Kyo (musician) | Live in Japan (John Coltrane album) | Omarion | Imajin | John Fogerty | The People (Common song) | Barbara Higbie | Bradley Gaskin | (Who Says) You Can't Have It All | Can't Help Myself",1,1,1.0,0,1,1.0,0.5,1.0,1.0,1.0,1.0
dense,pooled,5ab2c5e255429916697740ba,bridge,hard,"Which professional ice hockey position does the Captain of the National Hockey League All-Star Game ""Away Team"" play?",60th National Hockey League All-Star Game | Jonathan Toews,60th National Hockey League All-Star Game | Ryan Johansen | National Hockey League All-Star Game | Jonathan Toews | Scott Sandelin | List of NBL Canada All-Stars | John Scott (ice hockey) | Fred Doherty | Curtis Glencross | 57th National Hockey League All-Star Game | NHL All-Star Skills Competition | 20th National Hockey League All-Star Game | Dwyer Arena | Marc Parenteau | Travis Richards | Michael Hjälm | Tom Draper | List of Stanley Cup champions | 2011–12 QMJHL season | Keith Bostic (American football) | Vermont Catamounts men's ice hockey | Jimmy Bartel | Calvin Tyler Scott | Eugene Melnyk | Vancouver Whitecaps FC U-23 | 2007 Memorial Cup | Tim Jorgensen | Curt Johnson (soccer) | Portland State Vikings football under Jerry Glanville | 2006–07 QMJHL season | History of the Washington Senators (1901–60) | Martin Linnes | Muggsy Bogues | Luke Clark | Richard Jacob | Kasper Schmeichel | Lewiston Maineiacs | History of the Minnesota Twins | Dick Kauffman | Ralph Giannini | Wayne Parnell | 2014 Brownlow Medal | List of Atlanta Braves managers | Ivory Lee Brown | Ricky Proehl | Kevin Sheehan | All-time Sporting Kansas City roster | Merlin Olsen | 1983 Donnay Indoor Championships – Doubles | Sports in the Las Vegas metropolitan area,1,1,1.0,0,1,1.0,0.5,1.0,1.0,1.0,1.0
dense,pooled,5abcfc365542993a06baf9d6,bridge,hard,"What year did the series on CBS, starring the actor who known for his role in ""Rebel Without a Cause,"" air?",CBS Television Workshop | James Dean,Jack Grinnage | Stewart Stern | Corey Allen | James Dean | Sal Mineo | CBS Television Workshop | Rebel Highway | Jeff Hephner | Rebel Without a Pause | Andy Umberger | Jim Backus | Man Against the Mob | Redemption (Stargate SG-1) | Andy Milder | Patrick Tatten | Lost City (Stargate SG-1) | Victor Newman | Meet Corliss Archer (TV series) | Man from 1997 | Gangland Undercover | Dr. Kildare (TV series) | List of The Joe Schmo Show episodes | Free Radio (TV series) | The Renegades | The Joe Schmo Show | Lance Krall | Usman Ally | Four Kings | Stargate SG-1 | Robert Belushi | David Kohan | Breaking Bad | Suburban Madness | Charles Craft | Gary Anthony Williams | Robert Earl Jones | Johnny Galecki | List of Home and Away characters (1995) | Michael C. Hall | Murder City (TV series) | Ed Wood | Stargate SG-1 (season 8) | Conrad Brooks | Phil Mitchell | Matt Kennedy Gould | Roger Howarth | Charmed (season 4) | Humphrey Goodman | Ralph Ince | Michael Strahan,0,1,1.0,0,0,1.0,0.0,0.5,1.0,0.25,0.25
dense,pooled,5a8ee6915542990e94052bad,bridge,hard,"What season was the character introduced that becomes the main antagonist in the  following season, from the animated television series created by Bryan Konietzko and Michael Dante DiMartino as a sequel to """", which aired from 2005 to 2008? ",Kuvira | The Legend of Korra,Avatar: The Last Airbender (season 2) | Iroh | List of Avatar: The Last Airbender episodes | Kuvira | List of The Legend of Korra episodes | Avatar: The Last Airbender (season 3) | List of Johnny Bravo episodes | Monster Force | Sine Novela | The Legend of Korra | Avatar: The Last Airbender (season 1) | Zaheer | List of The Joe Schmo Show episodes | Lourenço Mutarelli | Victor Newman | Teen Titans (season 4) | The Joe Schmo Show | Bolin (The Legend of Korra) | Evicted! | Teen Titans (season 1) | It's Always Sunny in Philadelphia (season 6) | Moving On (The Office) | List of Bobobo-bo Bo-bobo chapters | Naruto: Shippuden (season 21) | Andy's Ancestry | BraveStarr | Arrowverse | Confrontation (TV series) | Gargoyles the Movie: The Heroes Awaken | Murder City (TV series) | Gangland Undercover | Switched at Birth (season 3) | Joey Miyashima | Shadow War | Switched at Birth (season 2) | My Family (series 1) | COPS (animated TV series) | Bart the Fink | List of Death in Paradise episodes | Four Kings | Romper Stomper (TV series) | List of Switched at Birth episodes | Charmed (season 4) | Dexter (TV series) | Web Weirdos | Sherry Gunther | Let That Be Your Last Battlefield | The Kindaichi Case Files | Switched at Birth (season 4) | Roy's Wedding,0,1,1.0,0,0,1.0,0.0,0.5,1.0,0.25,0.25
dense,pooled,5abba4855542993f40c73b68,bridge,hard,"Who were the directors of the 2009 American science fiction film starring the actor who played Dexter Morgan in the Showtime TV Network series ""Dexter""?",Gamer (film) | Michael C. Hall,"List of Dexter episodes | Dexter (TV series) | Michael C. Hall | Hello, Dexter Morgan | It's Alive! (Dexter) | The British Invasion (Dexter) | Vince Masuka | The Damage a Man Can Do | Sage Kirkpatrick | Frank McDonald (director) | Stargate SG-1 (season 8) | Morgan's Ferry | Jeff Hephner | Kyle Craig | Brooklyn Nine-Nine | Grease: The New Broadway Cast Recording | Redemption (Stargate SG-1) | Stargate: Continuum | Mitch Pileggi | Katherine Waterston | Earl and Edgar McGraw | Lost City (Stargate SG-1) | George Hammond (Stargate) | Hilarie Burton | David Weissman | Sinister (film) | Heidi Ewing | Andy Milder | Damon Dark | Awake (film) | Kerr Smith | Jack Ryan (character) | Dead Awake (2010 film) | Andy's Ancestry | Brian Dennehy | Episode 8 (Twin Peaks) | Gregory B. Craig | Mercury Rising | Brett C. Leonard | Identity Films | Conan the Barbarian (2011 film) | Roger Howarth | David Yates | Stormbreaker (film) | AXN | Claire Temple (Marvel Cinematic Universe) | Sara Botsford | The Informant! | Don S. Davis | Scott Derrickson",0,1,1.0,0,0,0.0,0.0,0.5,0.5,0.3333333333333333,0.3333333333333333
dense,pooled,5ae0bae555429906c02dab08,bridge,hard,"Which travel parody series featured American actor, comedian, and radio host best known as the host of ""The Joe Schmo Show""?",Hidden America with Jonah Ray | Ralph Garman,Ralph Garman | List of The Joe Schmo Show episodes | The Joe Schmo Show | Matt Kennedy Gould | Lance Krall | Hidden America with Jonah Ray | Free Radio (TV series) | Jimmy Fallon | Johnny Angel Wendell | Jonathan Meath | Mark Britten | Comedy Film Nerds | Robert Belushi | Joe Scarborough | Jason Byrne (comedian) | Cool Center | Aaron Faulls | Jim Backus | Mike Hogan (sportscaster) | Chris Hardwick | Michael Strahan | Curt Menefee | Greatest Sports Legends | Morning Joe | Cheech Marin | Moving On (The Office) | Man from 1997 | List of Johnny Bravo episodes | Milton (cartoon) | Harry Connick Jr. | List of The Office (U.S. TV series) characters | David Kohan | Schizopolis | The Surreal Life: Fame Games | David Gold (talk radio host) | Live from Daryl's House | Sam Eagle | Larry Drake | Gay Byrne | Ronn Owens | Krusty the Clown | Dan Castellaneta | The Drop-In (podcast) | Criss Angel | The Itchy &amp; Scratchy Show | Sam Means | Gonzo (Muppet) | One Night Only (TV series) | Stone Stanley Entertainment | Pilot (Rick and Morty),1,1,1.0,0,0,1.0,0.5,0.5,1.0,1.0,1.0
dense,pooled,5ab271fe554299449642c8a6,comparison,hard,Do The Importance of Being Icelandic and The Five Obstructions belong to different film genres ?,The Five Obstructions | The Importance of Being Icelandic,The Importance of Being Icelandic | Music composition and composers in Pristina | The Five Obstructions | Shakespearean tragedy | Lev Kuleshov | Scandinavian design | Heidi Ewing | 500 Years Later | Tulu cinema | Norse mythology | Nýtt líf | Irish prose fiction | Sunil Rawal | Le Conversazioni | Parody film | Buried Country | Docville | Oceans (film) | Alain Resnais | List of rulers of the Kingdom of the Isles | Kingdom of the Isles | King Arthur: Legend of the Sword | Utpal Dutt | Block booking | Disco polo | Romeo and Juliet on screen | Muriel (film) | Semyon Aranovich | Andlang | Cultural depictions of Elvis Presley | Herbert Brean | Billy Sullivan (actor) | Freakonomics (film) | A. C. Tirulokchandar | It's All Adam's Fault | Three are Three | David Ayer | Doc NYC | John Waters | FreedomFilmFest | Buddy film | Henrik Dorsin | The Revengers' Comedies | Life of Riley (2014 film) | Spencer Averick | Tappi Tíkarrass | Independent Spirit Award for Best First Feature | Thomas Hylland Eriksen | Kishore Dang | Made in Britain,1,1,1.0,0,1,1.0,0.5,1.0,1.0,1.0,1.0
dense,pooled,5a7997a2554299029c4b5f59,bridge,hard,Tefik Selim Mborja was a part of a party that held power in Albania until what year? ,Albanian Fascist Party | Tefik Mborja,"Tefik Mborja | Albanian Fascist Party | People's Socialist Republic of Albania | Kerensky–Krasnov uprising | Training centre for release of the Atma-energy | Swedish general election, 1982 | Krajmir | Hungarian Communist Party | Kumanovo Clock Tower | Leader of Fine Gael | Patrick IV, Earl of March | Tippecanoe order of battle | Tezno massacre | Hysen Pasha Mosque | Liam Cosgrave | Vishvendra Singh | Christmas in the Basque Country | Tecumseh's Confederacy | Enda Kenny | Alexander Kerensky | Račak massacre | Tecumseh | Goštautai | Fine Gael leadership election, 2017 | Socialist Revolutionary Party | Yousef Pashtun | Tappi Tíkarrass | Khosrow IV | Gevheri Kadın | Altanochir (1882–1949) | Farrukhzad Khosrow V | Confederation of Mexican Workers | Nusretiye Clock Tower | Esma Sultan (daughter of Ahmed III) | Anhoniyon Ka Andhera | Kanakkan | Sergo Mikoyan | John Bruton | Sinn Féin Front Bench | Tenskwatawa | Bal'arab bin Himyar | Esma Sultan (daughter of Abdülaziz) | Workers' Party of Ireland | Patricio Echegaray | Bu Xiaolin | History (band) | Aonghus Mór | Sinn Féin Republican Youth | Origins of the Sri Lankan civil war | Operation Power Outage",1,1,1.0,1,1,1.0,1.0,1.0,1.0,1.0,1.0
dense,pooled,5add673e5542992ae4cec54d,bridge,hard,Joe Walker played for which team that ends their regular season with the Civil War rivalry game?,Joe Walker (American football) | Oregon Ducks football,Joe Walker (American football) | Civil War (college football game) | Portland State Vikings football under Jerry Glanville | Curt Johnson (soccer) | Northern Virginia Campaign | 1999 Kansas City Wizards season | The Rivalry (Lehigh–Lafayette) | Randall Cunningham | Battle of Cross Keys | Fred Hageman | Boss Bailey | Mike Dunbar | Presley Askew | 1983 Oregon State vs. Oregon football game | Ivory Lee Brown | Mouse Davis | Battle of Port Republic | 1997 Kansas City Wizards season | Champ Bailey | Ron Snidow | Scott Young (American football) | Jack Fox (baseball) | 1964 Illinois Fighting Illini football team | Curt Smith (basketball) | 1998 Kansas City Wizards season | Seven Days Confederate order of battle | 2000–01 Minnesota Timberwolves season | Battle of Gaines's Mill | Anthony Woodson | Vernon Fox | Curtis Glencross | 2015–16 Vermont Catamounts men's basketball team | 2013–14 Vermont Catamounts men's basketball team | 2016–17 Vermont Catamounts men's basketball team | Seven Days Union order of battle | Seven Days Battles | Merlin Olsen | 1989 Cotton Bowl Classic | Ken Herock | 2010–11 Vermont Catamounts men's basketball team | William Cammisano | Ernest Foot | 2008 Kansas City Wizards season | Parkway Field | History of the Washington Senators (1901–60) | 1983 Volvo International – Doubles | Ken Rose (gridiron football) | All-time Sporting Kansas City roster | History of the Minnesota Twins | Rick Clausen,1,1,1.0,0,0,0.0,0.5,0.5,0.5,1.0,1.0
dense,pooled,5ae819ac55429952e35eaa16,bridge,hard,"What station broadcast the episode ""Marry Me a Little, Marry Me a Little More"" , of the series created by Max Mutchnick and David Kohan?","Marry Me a Little, Marry Me a Little More | Will &amp; Grace","Marry Me a Little, Marry Me a Little More | David Kohan | Roy's Wedding | Boston Common (TV series) | Pilot (Will &amp; Grace) | Episode 8 (Twin Peaks) | Moving On (The Office) | List of Unbreakable Kimmy Schmidt episodes | CBS Television Workshop | Brother from Another Series | What Are Little Girls Made Of? | Partners (2012 TV series) | Meet Corliss Archer (TV series) | Unbreakable Kimmy Schmidt | Kimmy Schmidt | The Sarah Millican Television Programme | Ralph Garman | Meet Corliss Archer | Pilot (Rick and Morty) | The Joe Schmo Show | Johnny Galecki | List of The Muppets productions | New Scandinavian Cooking | Christopher Mitchell (actor) | Johnny Angel Wendell | The Nerdist Podcast | Freakonomics Radio | Naruto: Shippuden (season 21) | List of Avatar: The Last Airbender episodes | Homer to the Max | The Greatest Gift (TV series) | List of The Joe Schmo Show episodes | Good Morning, Miami | Bart the Fink | KGOT | My Family (series 1) | Raaz Pichhle Janam Ka | Rick and Morty (season 2) | Comedy Film Nerds | David Beckham's Soccer USA | Jason Byrne (comedian) | Suburban Madness | Love It or List It Vancouver | Steve Malzberg | 999 (Malaysian TV series) | James Carroll (actor) | One Night Only (TV series) | Free Radio (TV series) | The Drop-In (podcast) | Joey Miyashima",1,1,1.0,0,0,0.0,0.5,0.5,0.5,1.0,1.0
dense,pooled,5aba65a055429939ce03dcd2,bridge,hard,Georges-Henri Bousquet translated the work of a historian who is of what heritage?,Georges-Henri Bousquet | Ibn Khaldun,Georges-Henri Bousquet | Latresne | Henri Bergson | Jean Portante | Antoine Quinquet | Musée Henri-Mathieu | Don Bousquet | L'Oiseau bleu (Metzinger) | Aleksandar Bošković | Louis Aragon | Jean de Chastelet | George Archainbaud | Jacques Androuet II du Cerceau | Langston Hughes Medal | Jacques I Androuet du Cerceau | John Hirst (historian) | Alfred Gell | Jean Baptiste Androuet du Cerceau | Paul Androuet du Cerceau | Viscount of Cardoso da Silva | Salomon de Brosse | Jean Androuet du Cerceau | Kasper Hvidt | Karel Dežman | Oceans (film) | Les Chansons d'Aragon | Capetian dynasty | Henry III of France | Armando Mook | Marcel Trillat | Matter and Memory | Frenchman Formation | Charles de Lorme | Prosper Boulanger | Elizabeth Martínez | House of Capet | Douglas Ainslie | Voltaire in Love | Three Comrades (novel) | Peter Schmeichel | National Archives of Mauritania | William Bonfield | Thomas Hylland Eriksen | French Canadians | Charles Nungesser | Ambroise Thomas | Togodumnus | François Coli | Joby Talbot | Virginia Woolf,1,1,1.0,0,0,0.0,0.5,0.5,0.5,1.0,1.0
dense,pooled,5a87bada5542994846c1cddc,bridge,hard,In which city are the headquarters of the American research and scientific development company where Ravi Sethi worked as computer scientist located?,Bell Labs | Ravi Sethi,"Ravi Sethi | Venkatesan Guruswami | David H. Bailey | Nuria Oliver | Sachin H. Jain | Princeton Neuroscience Institute | Digital Media Factory | Pershing Square Capital Management | Sethi–Ullman algorithm | Claudio Fernández-Aráoz | Semyon Aranovich Gershgorin | Ismail Yusuf College | Carnegie Mellon University in Qatar | Mark Whitacre | Gordon Johndroe | Chiara Nappi | New York Life Building | Bharatpur, Rajasthan | Franz Josef Och | Langston Hughes Performing Arts Center | Bell Labs | Discovery Institute | Shepardson Microsystems | Sachin Bansal | Carnegie Mellon University | Richard A. Teague | Terren Peizer | Shomwa Shamapande | Sean Healey | David S. Touretzky | Shoba Chandrasekhar | Trump campaign–Russian meeting | Columbia University | Chris Menges | Yi Guan | Monica Lewinsky | St. Jude Medical | Keith Bostic | Lisa Brennan-Jobs | List of songs written by Ravi | Feirstein Graduate School of Cinema | Idrees Ul Haq | Village accountant | Mahesh Bhupathi Tennis Academy | Wes McKinney | Manhattan Life Insurance Company | The Works (restaurant) | Paul Manafort | Scott Parkin | Tata Consultancy Services",1,1,1.0,0,0,0.0,0.5,0.5,0.5,1.0,1.0
dense,pooled,5ae74fc45542997b22f6a6b4,bridge,hard,What is the full name of the viral respiratory disease in which Yi Guan's research helped to prevent the outbreak of?,Timeline of the SARS outbreak | Yi Guan,Yi Guan | Severe acute respiratory syndrome | Timeline of the SARS outbreak | Asthma-related microbes | Feline viral rhinotracheitis | SARS (disambiguation) | Journal of Thoracic Disease | Chronic Respiratory Disease | Oyewale Tomori | Ravi Sethi | Yingkou Lanqi Airport | Irish Thoracic Society | Robert Suettinger | Xiapu County | Yingkou | Gulangyu | Xin Zhui | Frozen Fever | List of songs written by Ravi | Guelph Community Health Centre | Contagion (film) | Suanfa tongzong | Sima Hydroelectric Power Station | Lev Yilmaz | Guapas | Sharon Gannon | Sichuan–Shanghai gas pipeline | The Sum of All Fears | Yunho | Pulmonary rehabilitation | Khosrow IV | Hormizd VI | National Association for Public Health Policy | Chak 86/6.R Sahiwal | Viglen | Diana Zuckerman | Cyclone Donna | Yandu District | Liu Ailing | Terren Peizer | Lung Fu Shan Country Park | Moroccan Ambassador to China | Sachin H. Jain | List of TVXQ concert tours | Amaruk Kayshapanta | Kunming | Changmin | Franz Josef Och | Aryanto Yuniawan | Rabid Neurosis,1,1,1.0,0,1,1.0,0.5,1.0,1.0,1.0,1.0
dense,pooled,5adf65555542992d7e9f9334,bridge,hard,Which Kentucky Writers Hall of Fame author has had works published by Dim Gray Bar Press?,Dim Gray Bar Press | Wendell Berry,"Wendell Berry | New York State Writers Hall of Fame | Dim Gray Bar Press | Melissa Fay Greene | Judith Ortiz Cofer | Blinkey Horn | Nancy K. Pearson | H. Bedford-Jones | Clinton Walker | Winfred Blevins | Ian McEwan | C. Hugh Holman | London Review of Books | Kurt Vonnegut | Gray's Anatomy (film) | Richard Ford | Jay Cronley | Maurice Walsh | Thomas Friedman | Penelope Lively | Jane de Gay | Virginia Foster Durr | Castle Richmond | Sally Gibson | Langston Hughes Society | Henry Roth | Langston Hughes | Hunter Davies | Shayne Workman | W. E. Johns | The Mark on the Wall | Thomas Ince: Hollywood's Independent Pioneer | Rick Wilber | Eric Ambler | The Life and Work of Sigmund Freud | Aye, and Gomorrah, and other stories | Baseball Hall of Fame balloting, 1971 | Spirit of the Border | National Lampoon 1964 High School Yearbook Parody | Richard Marsh (author) | Robin Goldstein | William Allen White | Roald Dahl | Claudia Durst Johnson | The Great Gilly Hopkins | John Lithgow | Virginia Woolf | Eve Unsell | Thomas Gordon (writer) | Dime novel",1,1,1.0,0,1,1.0,0.5,1.0,1.0,1.0,1.0
dense,pooled,5ade69e455429975fa854ec5,bridge,hard,What director worked with Vikram Bhatt on a film starring actors Rajneesh Duggal and Adah Sharma?,1920 (film series) | 1920 (film),Rajneesh Duggal | Ankahee (2006 film) | Siddhartha Jadhav | Paresh Mokashi | Udanchhoo | Nagesh Bhonsle | 1920 (film series) | Shoba Chandrasekhar | Anil Chatterjee | Madhuri Dixit filmography | Utpal Dutt | Rupaye Dus Karod | Ithu Engal Neethi | Krishnabhaskar Mangalasserri | Sattam Oru Vilayaattu | Sunil Rawal | A. C. Tirulokchandar | Nagaram (2010 film) | Chander Bari | Semyon Aranovich | Debashree Roy filmography | Spark (2014 film) | Kishore Dang | Rajanadai | Duniya Vijay | Deewana (1992 film) | Sneha (actress) | Bharatpur district | Doddanna | Neethiyin Marupakkam | Brandon Dickerson | 1920 (film) | Manorama (Tamil actress) | Mom (film) | Maharshi Raghava | Be Careful (film) | Anhoniyon Ka Andhera | Aryanto Yuniawan | Gita Dey | Badla Jatti Da | Pudhu Yugam | Mera Damad | Farooq Sheikh | Sumie Tanaka | Alencier Ley Lopez | Palaivana Solai (1981 film) | Sachin Warrier | C. V. Balakrishnan | Tulu cinema | Mihai Mălaimare Jr.,0,0,1.0,0,0,0.0,0.0,0.0,0.5,0.14285714285714285,0.14285714285714285
dense,pooled,5ae057fd55429945ae959328,bridge,hard, Robert Smith founded the multinational company headquartered in what city?,General Mills | Robert Smith (Illinois politician),Robert Smith (Illinois politician) | Grant Smith (footballer) | Alexander Gordon Smith | Kaiser Ventures | Manischewitz | Oregon and Transcontinental Company | Hyrum W. Smith | John Roach &amp; Sons | Sterling Entertainment Group | Steven D. Smith | Mark T. Smith | Mike Smith (A&amp;R man) | Lowe's | Corey Smith (artist) | Digital Media Factory | Henry J. Kaiser | Curt Smith (basketball) | Robert's American Gourmet Food | Kaiser Shipyards | Edgar Kaiser Sr. | Neafie &amp; Levy | Duke Energy | Al Haj FAW motors | Pureland Industrial Complex | Inner Mongolia First Machinery Group Corporation | Eagle Mountain Railroad | Progress Energy Inc | Hill Air Force Base | RetailMeNot | Rogers Locomotive and Machine Works | Ben Roberts-Smith | John Scott (ice hockey) | Allen &amp; Company Sun Valley Conference | Andrew Jaspan | Collins Ferry Historic District | Manhattan Life Insurance Company | Pershing Square Capital Management | Kohlberg Kravis Roberts | Stephen Boreham | Fazoli's | The Inventors | Lewis's | Portland Timbers U23s | Halliburton | Ron Joyce | Jonathan Michael Ansell | John A. Brown (department store) | Columbia University | John Waters | Jim Lentz,1,1,1.0,0,0,0.0,0.5,0.5,0.5,1.0,1.0
dense,pooled,5ab28019554299722f9b4d51,bridge,hard,What amount was the settlement that the character from the Son of al Quada got in 2017?,Omar Khadr | Son of al Qaeda,"Son of al Qaeda | Al Utouriya | Kasia Al Thani | Reed A. Albee | List of largest pharmaceutical settlements | Fraley v. Facebook, Inc. | Treaty of Addis Ababa | Omar Khadr | Al Pacino on stage and screen | Mana Al Otaiba | Edward F. Albee Foundation | Bajillion Dollar Propertie$ | Court Square Capital Partners | Gameel Al-Batouti | Aloha Dalire | Battle of Alhandic | Three Tall Women | ABQ Uptown | Commissioner v. Banks | Death of Abdul Wali | Sabaa Al Bour | Martin Mahoney | Damian Wayne | Iraqi National Dialogue Council | Al Basty | Mahbub ul Haq | Lee Terry | All Costs Paid | Darrell Crate | The Hork-Bajir Chronicles | David Alden | Ziri ibn Atiyya | Hanggin Rear Banner | The Drop-In (podcast) | Antonio Cottone | Alistair Grant | Achalla | Finding the Sun | Sold (TV series) | Zaheer | Bobbi Bacha | Alec Muffett | Chimaji Appa | PNG solution | Addis Ababa | Paul Zorner | Bruce Spizer | David Kohan | Sami ul Haq | Air Tahoma Flight 185",1,1,1.0,0,0,1.0,0.5,0.5,1.0,1.0,1.0
dense,pooled,5a75f79555429976ec32bcca,bridge,hard,"Considered the strongest recorded tropical cyclone, which cyclone had a film made about it in 2007?",1999 Odisha cyclone | Kathantara,2002–03 Australian region cyclone season | Cyclone Kesiny | Cyclone Donna | 1999 Odisha cyclone | Cyclone Gonu | 2011–12 South Pacific cyclone season | Cyclone Anne | Cyclone Hondo | Cyclone Esau | Early-April 1957 tornado outbreak sequence | Kathantara | Planet Terror | Contagion (film) | 2010 Northern Hemisphere summer heat waves | Julián Hernández (filmmaker) | Tulu cinema | The Wind-Up Bird Chronicle | 500 Years Later | Premio Lo Nuestro 2003 | Timeline of the SARS outbreak | Afflicted (film) | Freakonomics (film) | Harsh Times | Johnny Angel | Sicko | Severe acute respiratory syndrome | Yi Guan | South of 8 | Sacred Planet | Jalam (film) | Broken Arrow (1950 film) | Carolina Rain | To Shoot an Elephant | Jermain Mackey | Stormbreaker (film) | Sinbad of the Seven Seas | A Summer in the Cage | 31st Golden Globe Awards | 61st Golden Globe Awards | Chagrin Documentary Film Festival | Gryphon (film) | The Golden Voyage of Sinbad | Mystic River (film) | A. C. Tirulokchandar | Golden Globe Award for Best Animated Feature Film | Valentina (2008 film) | Suburban Madness | The War Is Over (film) | Blinding Edge Pictures | Hailstorm Alley,0,1,1.0,0,0,0.0,0.0,0.5,0.5,0.25,0.25
dense,pooled,5adef80b5542993a75d263c4,bridge,hard,The 2000 British film Snatch was later adapted into a television series for what streaming service?,Snatch (TV series) | Snatch (film),Snatch (TV series) | Snatch (film) | The Knick | Suicide Kings | Ashley Cheadle | Hollywood Outlaw Movie | Redemption (Stargate SG-1) | National Geographic Explorer | Drained | Danny Boyle | Block booking | The Hunger Games (film series) | The Premiere (film) | Snow Queen (2002 film) | South of 8 | Charles Craft | Freaky Eaters (TLC series) | Bridge to Terabithia (1985 film) | Wet Hot American Summer (series) | Freakonomics (film) | Stargate: Continuum | Made in Britain | My Family (series 1) | Tow-in surfing | Morgan's Ferry | My Bloody Valentine 3D | Lost City (Stargate SG-1) | Switched at Birth (season 4) | James Gunn | Queen of Blood | Murder City (TV series) | Tron: Evolution | Sicko | Stargate SG-1 | Return to Eden | Just Another Romantic Wrestling Comedy | Gone in 60 Seconds (2000 film) | List of awards and nominations received by Lost | Chagrin Documentary Film Festival | Cops and Robbers (1973 film) | Tromeo and Juliet | Stone Stanley Entertainment | Switched at Birth (season 3) | Celebrity Home Entertainment | Branko Tomović | Swedish Dicks | The Lone Ranger (2013 film) | Lea Thompson | Romper Stomper (TV series) | Patrick Tatten,1,1,1.0,1,1,1.0,1.0,1.0,1.0,1.0,1.0
dense,pooled,5ae0aaf455429945ae959401,bridge,hard,Chris Williams last played for which football club from the National League North?,Chris Williams (English footballer) | Salford City F.C.,Chris Williams (English footballer) | Jack Truelove | Nick Powell | Curt Johnson (soccer) | Vernon Fox | Daniel Talia | Lewis Young | Marcus Bontempelli | National League North | Ashley Young | Al Wilson (offensive lineman) | Lewis Young (Australian footballer) | Ivory Lee Brown | Newington Youth F.C. | All-time Sporting Kansas City roster | Luke Clark | Fred Hageman | Dean Valli | National League (English football) | Curzon Ashton F.C. | Travis Richards | Dré Bly | Salford City F.C. | Marc Parenteau | Gainsborough Trinity F.C. | Mouse Davis | Scott Young (American football) | Stephen Coniglio | 2006–07 Wigan Athletic F.C. season | Kevin Lockett | LaRon Landry | Curt Smith (basketball) | Manchester United F.C. in European football | Dick Kauffman | 1995–96 Manchester United F.C. season | NIFL Premier Intermediate League | Brian Cook (football administrator) | 2007–08 Wigan Athletic F.C. season | Sport &amp; Leisure Swifts F.C. | Matt Busby | Northern Ireland Intermediate League | List of Wigan Borough F.C. players | Sam Long | Kenton Richardson | AFL Rising Star | Anthony Woodson | Alan Cransberg | George Young (Scottish footballer) | Adrian Peterson | Jeris White,1,1,1.0,0,0,0.0,0.5,0.5,0.5,1.0,1.0
dense,pooled,5ab47d765542991751b4d78f,bridge,hard,Who designed the hotel that held the IFBB professional bodybuilding competition in September 1991?,1991 Mr. Olympia | Walt Disney World Dolphin,1991 Mr. Olympia | 1991 Ms. Olympia | 1980 Ms. Olympia | 1981 Ms. Olympia | 1975 Mr. Olympia | 2010 Ms. Olympia | 2011 Ms. Olympia | 2012 Ms. Olympia | 2017 Mr. Olympia | Androscoggin Bank Colisée | 2017 BB&amp;T Atlanta Open | 51st Golden Globe Awards | Brylan Van Artsdalen | Kripalu Center | Westgate Las Vegas Resort &amp; Casino | Holiday Inn Lake Buena Vista Downtown | 1968 US Open (tennis) | Toyota Pro/Celebrity Race | Hammerjack's | Jessica Todd Harper | 2013 US Open Series | 2014 US Open Series | 2009 World Thoroughbred Rankings | 2017 US Open (tennis) | 1995 Benson and Hedges Open | The Forbury Hotel | 2011 World Thoroughbred Rankings | One Marina Boulevard | New York Life Building | 888 7th Avenue | Miss American Beauty 1963 | The O2 Arena | Walt Disney World Dolphin | Case Gym | Trump International Hotel Las Vegas | Moche Rip Curl Pro Portugal 2015 | The Apartment - Design Your Destiny | Ragbi Klub Mornar Bar | Sculptured House | Manhattan Life Insurance Building | Theater Erfurt | DoubleTree by Hilton Hotel Los Angeles Downtown | 2012 World Thoroughbred Rankings | 61st Golden Globe Awards | Maxine's Tap Room | Charles Deaton | Tropicana – Las Vegas Boulevard intersection | Annie Morton | IFFHS World's Best Club Coach | Jim Shoulders,1,1,1.0,0,0,0.0,0.5,0.5,0.5,1.0,1.0
dense,pooled,5a7ed2c655429930675135e5,bridge,hard,"At the 71st Golden Globe Awards for television in 2013, what achievement did Breaking Bad, police sitcom Brooklyn Nine-Nine and American Hustle attain?",71st Golden Globe Awards | Brooklyn Nine-Nine,"71st Golden Globe Awards | 51st Golden Globe Awards | List of awards and nominations received by Lost | 61st Golden Globe Awards | Young Hollywood Awards | Breaking Bad | 2014 Young Hollywood Awards | 2011 Pulitzer Prize | Boston Common (TV series) | It's Always Sunny in Philadelphia (season 6) | Brooklyn Nine-Nine | 2013 Young Hollywood Awards | 31st Golden Globe Awards | 12th Youth in Film Awards | MTV Video Music Award for Best New Artist | Richie Garner | Maureen Dragone | Good Morning, Miami | Drama Desk Award for Outstanding Solo Performance | Sam Means | South of 8 | Greatest Sports Legends | Second Best (film) | Kenneth Posner | Golden Globe Award for Best Animated Feature Film | Los Angeles crime family | List of awards and nominations received by Shinee | Lost City (Stargate SG-1) | Feel Good Inc. | Al Pacino | List of accolades received by American Beauty | 2014 S/S | Andy Umberger | David Kohan | Betty Suarez | BAFTA Rising Star Award | 2003 Kids' Choice Awards | Japan Record Award for Best New Artist | Fiona Forbes | Hollywood Star Lanes | Andy Milder | Oppenheimer Award | COPS (animated TV series) | Man Against the Mob | Nebula Award for Best Novel | Michael Strahan | Suburban Madness | Redemption (Stargate SG-1) | Howard Barish | Johnny Galecki",1,1,1.0,0,0,0.0,0.5,0.5,0.5,1.0,1.0
dense,pooled,5ac3e0f7554299194317388b,bridge,hard,Which actor does American Beauty and American Beauty have in common?,American Beauty (1999 film) | American Beauty (soundtrack),American Beauty (1999 film) | American Beauty (1927 film) | La Belle Américaine | List of accolades received by American Beauty | Christopher Greenbury | American Beauty (soundtrack) | John Lithgow | Emily Jewell | Blythe Danner | A Thing of Beauty | Kenneth Posner | Miss American Beauty 1963 | Manhattan Romance | Estelle Hemsley | John Waters | Arnold Schwarzenegger filmography | American Beauty/American Psycho Tour | Connie Sawyer | Noel C. Bloom | 71st Golden Globe Awards | John Ince (actor) | Young Hollywood Awards | Araby Lockhart | Marissa Perry | Andy Umberger | Ashley Cheadle | Leontyne Price | Beauty and the Beast (1991 film) | Mary Zophres | Rose McGowan | Maureen Dragone | Shirley Temple | Bruno Kirby | Elinor Kershaw | Tara Conner | Robby Benson | Paige O'Hara | Jessica Todd Harper | The Fault in Our Stars (film) | Kiss and Tell (1945 film) | Armie Hammer | Caroline Spencer | Mona Scott-Young | Eva Riccobono | David Dencik | David Kohan | Al Pacino on stage and screen | Treat Williams | Plush (film) | Audra McDonald,1,1,1.0,0,0,1.0,0.5,0.5,1.0,1.0,1.0
dense,pooled,5a7bae20554299294a54aa96,bridge,hard,Onika Tanya Maraj is a judge on a television show hosted by whom? ,American Idol (season 12) | Nicki Minaj,"Nicki Minaj | Freedom Watch with Judge Napolitano | Indriati Iskak | 999 (Malaysian TV series) | Wengie | Sela Ward | Shoba Chandrasekhar | Azie Mira Dungey | The Voice Kids (Arabic TV series) | Eleonora Pedron | Dayna Hart | Raaz Pichhle Janam Ka | Milan Murray | Kasia Al Thani | Erika Moulet | Evelina Simonaho | Esma Sultan (daughter of Abdülaziz) | Serri (singer) | Rodel Flordeliz | Janet Jackson | Unbreakable Kimmy Schmidt | List of Unbreakable Kimmy Schmidt episodes | Siddhartha Jadhav | Sarah Palin's Alaska | Yvonne Ridley | Balaji Kunjar | Devyani Khobragade | The Voice of the Philippines | Diana Zuckerman | Rising Star (France) | Debashree Roy filmography | Daniela Castillo | Charissa Thompson | Anhoniyon Ka Andhera | The Voice Teens (Philippine TV series) | Marta Domachowska | Midnight Sun (2006 film) | Alma Pirata | Gina Pareño | Jolin Tsai filmography | Siobhan Finneran | Rewrapped | Esma Sultan (daughter of Ahmed III) | Divya S. Menon | Gretchen Palmer | Esma Sultan (daughter of Abdul Hamid I) | Manorama (Tamil actress) | Camille Zamora | Kimberly Young | Katri, Girl of the Meadows",1,1,1.0,0,0,0.0,0.5,0.5,0.5,1.0,1.0
dense,pooled,5ab8ee035542991b5579f04b,comparison,hard,Are Hot Rod and The Memory of Our People both magazines?,Hot Rod (magazine) | The Memory of Our People,"Hot Rod (magazine) | The Memory of Our People | National Hot Rod Reunion | California Hot Rod Reunion | Gallery (magazine) | Rat rod | Terry Richardson | Fire! (manga) | Hot Rod Lincoln | Index Magazine | Walt Zeboski | Dim Gray Bar Press | National Lampoon 1964 High School Yearbook Parody | Oh, No! Not THEM! | Customer magazine | Peter Swales (historian) | Fender Hot Rod Deluxe | Lifestyle magazine | Linda Duvall | Snoecks | Look (UK magazine) | List of Canned Heat members | Christopher Mitchell (actor) | Shonen Jump (magazine) | Jim Shoulders | My Generation (talk show) | Bruce Spizer | Mike Smith (A&amp;R man) | Piccard Balloons | Scout Tufankjian | Turner | Kendrick Frazier | Cultural depictions of Elvis Presley | Carl Barât | Elizabeth Martínez | List of magazines in Portugal | Harry Connick Jr. | Hänt Bild | Jim Backus | Bad News (band) | Jessica Todd Harper | The Roald Dahl Treasury | Vanguard (magazine) | The Collected Short Stories of Roald Dahl | The Little Review Gallery | Hidden America with Jonah Ray | Celebrity Home Entertainment | Tzi Ma | The Drop-In (podcast) | Darkroom (TV series)",1,1,1.0,1,1,1.0,1.0,1.0,1.0,1.0,1.0
dense,pooled,5a7a276d5542996c55b2dd27,bridge,hard,Who was Chamberlain and Colonel of the military staff of The Merrie Monarch?,Charles Hastings Judd | Kalākaua,"Charles Hastings Judd | George W. Macfarlane | George I, Earl of March | Yeomen of the Guard | Godwin, Earl of Wessex | George II, Earl of March | Staff (military) | Lord Haliburton of Dirleton | Earl of Aylesford | Henry Cadogan, 4th Earl Cadogan | Jean de Chastelet | Tostig Godwinson | William Pery, 3rd Earl of Limerick | Ernst Heinrich Lindemann | Baron Berkeley of Stratton | Earl Belmore | Patrick IV, Earl of March | James A. Winnefeld Jr. | Columba de Dunbar | George Percy, 5th Duke of Northumberland | Ernst Lindemann | George V | Lord High Treasurer | SS General von Steuben | Henry Fox-Strangways, 3rd Earl of Ilchester | St James's Palace | Buckingham Palace | Cadet branch | Robert Parker Parrott | Albert Ball | Friedrich Wilhelm von Steuben | Claude Auchinleck | Earl of Lanesborough | Accession Council | 122nd SS-Standarte | German auxiliary cruiser Widder | Maratha Navy | Hansjürgen Reinicke | Viscount Trenchard | Gytha Thorkelsdóttir | Gospatric, Earl of Northumbria | Alistair Grant | President of the Queen's Privy Council for Canada | 3rd Virginia Regiment | Mohammad Anwar Mohammad Nor | Earl of Dunbar | Maynak Bhandari | Gretchen Osgood Warren | HMS Vulture (1776) | Claire Liddell",1,1,1.0,0,0,0.0,0.5,0.5,0.5,1.0,1.0
dense,pooled,5a717d4c5542994082a3e854,comparison,hard,"Who has written more than 300 papers, Semyon Aranovich Gershgorin or Pavel Alexandrov?",Pavel Alexandrov | Semyon Aranovich Gershgorin,Pavel Alexandrov | Semyon Aranovich Gershgorin | Thomas Friedman | Nikola Mladenov | Semyon Aranovich | Franci Cerar | Arild Nyquist | C. V. Balakrishnan | Claudio Fernández-Aráoz | Ian McEwan | Vatroslav Rožić | Roald Dahl | Adriana Trigiani | Georges-Henri Bousquet | Nancy K. Pearson | David S. Touretzky | Three Comrades (novel) | Suanfa tongzong | Ravi Sethi | Joby Talbot | Scout Tufankjian | Aleksandar Bošković | Kamran Akmal | Langston Hughes Medal | Gershgorin circle theorem | Franz Josef Och | Wendell Berry | Venkatesan Guruswami | Crime and Punishment | Jean Portante | Frank L. Schmidt | Dostoevsky and Parricide | Tim Jorgensen | Peter Swales (historian) | AES+F | Judith Ortiz Cofer | Gevheri Kadın | Maureen Dragone | Ghulam Nabi Firaq | Jens Risom | Alfred Balk | Rick Wilber | Jessica Todd Harper | Walter Sorrells | Doc NYC | Viktoras Kulvinskas | Olga Morozova | Sergo Mikoyan | C. Hugh Holman | Jim Puplava,1,1,1.0,1,1,1.0,1.0,1.0,1.0,1.0,1.0
dense,pooled,5ac02e31554299294b218f3f,bridge,hard,Which post DC Extended Universe actress will also play a role in what is intended to be the fifth installment of the DC Extended Universe?,Gal Gadot | Justice League (film),List of DC Extended Universe cast members | DC Extended Universe | Justice League (film) | Gal Gadot | Arrowverse | Jenna Dewan | Wonder Woman (2017 film) | Lucy Fry | Barbara Niven | Aquaman (film) | Claire Temple (Marvel Cinematic Universe) | Rainbow Girl | Sela Ward | Tara Strong | Tara Strong filmography | Jolin Tsai filmography | SuperMansion | Samantha Carter | Sarah Bolger | Batman v Superman: Dawn of Justice | Lea Thompson | Sarah Drew | Out in Fifty | Catwoman (film) | Matilda Lutz | Soha Ali Khan | Jim Cummings | Dayna Hart | Suicide Squad (film) | Julia Ormond | Lana Del Rey videography | Damian Wayne | Catwoman (video game) | Sara Botsford | Janine Gutierrez | Kate Higgins | Penny (The Big Bang Theory) | Claudia Drake | Emayatzy Corinealdi | BAFTA Rising Star Award | Usman Ally | Alice David | Redemption (Stargate SG-1) | James Franco | Linda Mvusi | Vala Mal Doran | Lucas Grabeel | Hilarie Burton | Ashley Cheadle | Elisabeth Moss,0,1,1.0,0,1,1.0,0.0,1.0,1.0,0.3333333333333333,0.3333333333333333
dense,pooled,5a79ea435542996c55b2dc9e,bridge,hard,Who was the captain of the only battleship to provide gunfire support during the Vietnam War?,J. Edward Snyder | USS New Jersey (BB-62),"J. Edward Snyder | Ernst Lindemann | USS Belleau Wood (CVL-24) | Vietnam People's Navy | Tonkin Gulf Yacht Club | USS New Jersey (BB-62) | Naval gunfire support | USS Trippe (FF-1075) | VMF-511 | VMF-452 | United States naval gunfire support debate | Operation Market Time | VMF-215 | Hans Jenisch | USS Belleau Wood (LHA-3) | French battleship Jean Bart (1911) | Charles Nungesser | VMF-213 | Edwin A. Doss | VMF-236 | Vietnam War Memorial, Hanoi | Soviet cruiser Kirov | VMF-512 | List of battleships of Italy | Wooster and Davis | Elmo M. Haney | HMS Swan (1767) | Clifton B. Cates | USS Belleau Wood | Roger O. Egeberg | VMF-222 | USS Zeilin (APA-3) | VMF-221 | VMAQT-1 | Manfred Meurer | Robert Plampin | USS Essex (CV-9) | Asiatic-Pacific Theater | MS Excelsior Neptune | USS Proton (AG-147) | Joseph L. Follett | Henry Hall (American revolution) | Battle of Jupiter Inlet | George W. Macfarlane | Albert Ball | Wolf Junge | Maratha Navy | 410th Bombardment Squadron | German battleship Bismarck | Ernst Heinrich Lindemann",1,1,1.0,0,0,1.0,0.5,0.5,1.0,1.0,1.0
dense,pooled,5ab7e4dc5542995dae37e9df,bridge,hard,"The Polar Bears featuring the voice of Armie Hammer, is also the same voice actor for which character in Cars 3?",Armie Hammer | The Polar Bears,The Polar Bears | Robby Benson | Armie Hammer | Jim Cummings | Cars 3 | Jeff Bennett | Andy Milder | Cheech Marin | Sam Eagle | Arnold Schwarzenegger filmography | Avatar: The Last Airbender (season 3) | Roy Holder | Richard Kind | Kate Higgins | James Franco | Mark Britten | Roland Rat | Burt Gummer | Kristof Konrad | Dan Castellaneta | Steve Nallon | Bill Barretta | Zachary Throne | The Bears and I | Dog Tales (1958 film) | Ian Stirling (biologist) | Jeff Hephner | A Miser Brothers' Christmas | Bruno Kirby | Steve Arbuckle | Hubert Gagnon | Larry Drake | Sam Means | Christopher Mitchell (actor) | Beatitude (album) | Raymond Ochoa | Santa Claus: The Movie | Timothy &quot;Yogi&quot; Watts | Lucas Grabeel | Adrian Molina | Sam Fisher (Splinter Cell) | Owsley Stanley | Jamie Harris (actor) | Jonathan Meath | You Me and Captain Longbridge | Tara Strong | Tara Strong filmography | Laura Osnes | Garfield Gets Real | John Lithgow,1,1,1.0,0,1,1.0,0.5,1.0,1.0,1.0,1.0
dense,pooled,5a834ed95542990548d0b1ca,comparison,hard,"Which tower is taller, 712 Fifth Avenue or Manhattan Life Insurance Building?",712 Fifth Avenue | Manhattan Life Insurance Building,"Manhattan Life Insurance Building | New York Life Building | Flatiron Building | 712 Fifth Avenue | 888 7th Avenue | Random House Tower | New York Life Insurance Building (Montreal) | Manhattan Life Insurance Company | Supreme Life Building | 1 Wall Street Court | Bank of China Tower (Hong Kong) | Francis H. Kimball | Langston Hughes House | CapitaGreen | Superman: Tower of Power | List of tallest buildings in São Paulo | Chevron House | Republic Plaza (Singapore) | Carl B. Stokes United States Courthouse | Tower City station | ABQ Uptown | One Raffles Place | Bonsallo Avenue | Tower Hill Memorial | Eastern Hills Mall | Trump International Hotel Las Vegas | Azam mosque of Qom | Staten Island Borough Hall | DoubleTree by Hilton Hotel Los Angeles Downtown | Carreras Cigarette Factory | Tropicana – Las Vegas Boulevard intersection | Paulus Hook, Jersey City | Circus Circus Las Vegas | Kingstone Companies | Downtown Las Vegas | Las Vegas Festival Grounds | Corus Quay | One Raffles Link | Thomas H. Gale House | The Gatehouse, Monmouth | Clock Tower of Murshidabad | Air Vegas | The Apartment - Design Your Destiny | Gum Wall | Pergament Home Centers | Maxine's Tap Room | One Marina Boulevard | Walt Whitman Shops | Grace Church School | Dukenfield Hall",1,1,1.0,0,1,1.0,0.5,1.0,1.0,1.0,1.0
dense,pooled,5ab41d855542996a3a969f4b,bridge,hard,"Is the Pakistan fast bowler who joined the Kent County Cricket Club in June, 2011 a left-hand or right-hand batsmans?",Kent County Cricket Club in 2011 | Wahab Riaz,"Kent County Cricket Club in 2011 | Kent County Cricket Club in 2013 | Kent County Cricket Club in 2010 | Mohammad Salman (cricketer, born 1981) | Zulqarnain Haider | Wahab Riaz | Kamran Rasheed | Tom Caplen | Arthur Fielder | Doug Bollinger | Imran Ali (cricketer, born 1985) | Peter McKay (cricketer) | Adnan Akmal | List of Kent County Cricket Club captains | Wayne Parnell | Kamran Akmal | Zaheer Khan | Lahore Qalandars in 2016 | Jack Mason | Ayesha Farooq | Sachin Bansal | Umar Akmal | Atiqur Rahman Meshu | Farhaan Faasil | Luke Clark | Kenton Richardson | Chak 86/6.R Sahiwal | Mahbub ul Haq | Norman Yardley | Mahesh Bhupathi | Leigh Broxham | Mehmet Tillem | Michalis Bakakis | Al Haj FAW motors | Eenasul Fateh | Sam Long | Sami ul Haq | 2013 East Africa Premier League | Commander-in-Chief, India | Sam Davies (cricketer) | Luke Hubbins | Marcus Bontempelli | Guy Randall-Johnson | Kasper Hvidt | 2000 ICC KnockOut Trophy squads | Curt Smith (basketball) | Kasper Schmeichel | Cuisine of Karachi | Chawalit Kamutchati | Stephen Coniglio",1,1,1.0,0,0,1.0,0.5,0.5,1.0,1.0,1.0
dense,pooled,5a7b7ff75542995eb53be93d,comparison,hard,"Who was born first, Arthur Conan Doyle or Penelope Lively?",Arthur Conan Doyle | Penelope Lively,"Adrian Conan Doyle | Sherlock Holmes (1916 film) | Arthur Conan Doyle | Sherlock Holmes (2010 film) | Douglas Ainslie | Penelope Lively | The Lost World (TV series) | The Adventure of the Empty House | Brian Doyle-Murray | Connie Sawyer | Dead Man's Land | Robert Erskine Childers | Princess Henriette of Nassau-Weilburg | June Thomson | Antoine Quinquet | Henry Roth | The Greek Princess and the Young Gardener | Arild Nyquist | The Return of Sherlock Holmes (1929 film) | Marion Christopher Barry | Van Gogh (1991 film) | Noel C. Bloom | Michael Wynne (playwright) | Larry Wilson (screenwriter) | Robert Caesar Childers | Edmund Leach | Dim Gray Bar Press | Phil Rosen | J. M. Barrie | David Yates | Robert Barton | Paul Androuet du Cerceau | Armand Castelmary | Arthur Roberts (editor) | Edith Walks | Vashti Cunningham | Roald Dahl | Molly Childers | Oz the Great and Powerful | Billy Sullivan (actor) | Wendell Berry | Erika Moulet | Jacques Androuet II du Cerceau | Aye, and Gomorrah, and other stories | Ken St. Andre | Joe Gilmore | King Arthur: Legend of the Sword | Alfred Gell | Alias French Gertie | Kenneth Posner",0,1,1.0,0,0,1.0,0.0,0.5,1.0,0.3333333333333333,0.3333333333333333
dense,pooled,5a7d19d85542995ed0d165e8,bridge,hard,The Tennessee Volunteers football team plays as a member for a conference in what city?,1984 Tennessee Volunteers football team | Southeastern Conference,"1891 Tennessee Volunteers football team | 1899 Tennessee Volunteers football team | 1938 Tennessee Volunteers football team | 1983 Tennessee Volunteers football team | 1896 Tennessee Volunteers football team | Tennessee Volunteers football statistical leaders | 1985 Tennessee Volunteers football team | 1984 Tennessee Volunteers football team | 1930 Tennessee Volunteers football team | Shawnee Mission District Stadium | Southeastern Conference | CommunityAmerica Ballpark | 2000 Tennessee Titans season | SMU Mustangs football under Mike Cavan | List of Tennessee Titans seasons | Millington, Tennessee | Mike Edwards (basketball) | Curt Johnson (soccer) | Bobby Dodd Stadium | Children's Mercy Park | 2008 Kansas City Wizards season | Parkway Field | 1964 Georgia Tech Yellow Jackets football team | Rick Clausen | 2013 Texas Tech Red Raiders football team | Lewiston Maineiacs | Trojans Rugby Football Club | 1956 NAIA Division I Men's Basketball Tournament | Charlotte Hornets | Georgia Tech Yellow Jackets football | Memphis Hustle | Textile Bowl | Buzz Peterson | 2016 Texas Tech Red Raiders football team | Aquinas Old Collegians Football Club | 1995–96 VCU Rams men's basketball team | Shreveport Steamer | 1987 Georgia Tech Yellow Jackets football team | Maggie Dixon Award | Battle for the Bell | 2004–05 VCU Rams men's basketball team | History of the Minnesota Twins | Mouse Davis | Charlotte Hornets all-time roster | 2014 Texas Tech Red Raiders football team | Georgia Tech Yellow Jackets men's basketball | 2015–16 VCU Rams men's basketball team | 2006 Miami Hurricanes football team | Portland State Vikings football under Jerry Glanville | Kevin Lockett",0,0,1.0,0,0,0.0,0.0,0.0,0.5,0.125,0.125
dense,pooled,5ae7ed17554299540e5a56a3,bridge,hard,Ernest Foot was the best friend of the fighter pilot who had how many victories?,Albert Ball | Ernest Foot,Ernest Foot | Manfred Meurer | Albert Ball | Georges Madon | Egon Mayer | Charles Nungesser | Gervais Raoul Lufbery | Lydia Litvyak | Paul Zorner | Paul Sauvage (aviator) | Wooster and Davis | Edwin A. Doss | VMF-221 | Ilmari Juutilainen | VMF-452 | 1982 Volvo Masters – Doubles | VMF-511 | VMF-215 | VMF-222 | Fighter Pilot: Operation Red Flag | Joseph L. Follett | Ashley Rolfe | Hans Jenisch | VMF-213 | W. E. Johns | Roberto De Vicenzo | Jonathan Toews | Roald Dahl | Battle of Peleliu | François Coli | Ayesha Farooq | USS Belleau Wood (CVL-24) | Julian Holland (boxer) | Ernst Lindemann | VMF-512 | 122nd Fighter Aviation Squadron | VMF-111 | Vince Phillips | Frank L. Schmidt | VMF-236 | Ryan Hunter-Reay | Ralph Charles | LeRoy W. Homer Jr. Foundation | Eric A. Sykes | 1993 Brownlow Medal | Clifton B. Cates | Nick Holland | Argentine PGA Championship | Rod Carr | Samuel Eliot Morison,1,1,1.0,0,1,1.0,0.5,1.0,1.0,1.0,1.0
dense,pooled,5ab2659e554299340b5254b2,bridge,hard,"From March 631 to April 631, Farrukhzad Khosrau V was the king of an empire that succeeded which empire?",Farrukhzad Khosrow V | Sasanian Empire,"Farrukhzad Khosrow V | Hormizd VI | Khosrow IV | Duchy of Thuringia | Krajmir | Samo | George V | Ibn Khaldun | Maratha emperors | Rajaram II of Satara | New Palace, Kolhapur | Koningsdag | Küçük Hüseyin Pasha | Line of succession to the former Egyptian throne | Suintila | Sasanian Empire | Shahu I | Farooq Sheikh | Henry III of France | Chach of Alor | Kerensky–Krasnov uprising | Queen's Day (disambiguation) | Ashur-etil-ilani | Mwambutsa IV of Burundi | Surus | Goštautai | Oedipus Rex | Gevheri Kadın | Baji Rao I | Samo's Empire | 1951 Birthday Honours | Vishvendra Singh | Farida Jalal | Ziri ibn Atiyya | Domitia Lepida the Elder | Bal'arab bin Himyar | Esma Sultan (daughter of Abdülaziz) | Balaji Vishwanath | Pudhu Yugam | Maynak Bhandari | Togodumnus | Valentina Tereshkova | Battle of Klushino | Maratha Navy | Fort Diu | Battle of Peleliu | Battle of Alhandic | Wahab Riaz | 1965 Birthday Honours | Kurama Tatsuya",1,1,1.0,0,0,0.0,0.5,0.5,0.5,1.0,1.0
dense,pooled,5abd2eab5542992ac4f38210,bridge,hard,Which suburb is a soap opera featuring a character named Beverly Marshall set in?,Beverly Marshall | Ramsay Street,"Beverly Marshall | Shaunna O'Grady | The British Invasion (Dexter) | Metropolis (TV series) | Alamo Heights SA | Katie Landers | Ramsay Street | Humphrey Goodman | Suburban Madness | List of Dexter episodes | Dexter (TV series) | Murder City (TV series) | Hello, Dexter Morgan | San Fernando Valley (film) | Ambulance (TV series) | Grease: The New Broadway Cast Recording | Ashley Cheadle | Jillian Bell | Mick Carter | Family Plan | Sela Ward | Steven Bradford | It's Alive! (Dexter) | Sage Kirkpatrick | The Farm (The Office) | Linda Carter | CBS Television Workshop | Nancy Carter | The Queen Victoria | Sold (TV series) | Andy Milder | Julia Morgan School for Girls | Brother from Another Series | The Damage a Man Can Do | General Hospital cast members | Sunset Las Palmas Studios | ABQ Uptown | Safe Harbor (TV series) | Bonsallo Avenue | Zachary Throne | Phil Mitchell | Andy Umberger | Man Against the Mob | Phhir | Azie Mira Dungey | Hollywood Star Lanes | Gretchen Palmer | Fiona Forbes | Hilarie Burton | Michael C. Hall",1,1,1.0,0,0,1.0,0.5,0.5,1.0,1.0,1.0
dense,pooled,5abaf3195542996cc5e49f2c,bridge,hard,Which country did the Falkland Islands beat in the 2010 Commonwealth games that has eleven administrative divisions?,Gerald Reive | Samoa,Falkland Islands at the 2010 Commonwealth Games | Falkland Islands at the 2014 Commonwealth Games | Falkland Islands official football team | Gerald Reive | George Paice (bowls) | Cayman Islands national rugby sevens team | 2010 Commonwealth Games medal table | 1929–30 British Home Championship | Lord Howe Island | Geography of the Philippines | 1991 Rugby World Cup | Cayman Islands at the 2011 Pan American Games | List of islands of Tasmania | 2010 Commonwealth Games | 2013 Rugby League World Cup Group A | Cayman Islands Open 2011 | 2010–11 Vermont Catamounts men's basketball team | Australian Correspondence Chess Championship | Royal Australian Navy | Tenerife | Argentine PGA Championship | Mactan | Gambia women's national football team | 2014 FIFA World Cup | South West Pacific theatre of World War II | Mangsee Islands | Tertiary Student Rugby League World Cup | South West Pacific Area (command) | Royal Bahamas Defence Force | Archery at the Commonwealth Games | Royal Australian Navy Heritage Centre | Vermont Catamounts men's soccer | 2014 Birthday Honours | 2000 FA Women's Cup Final | 2/40th Battalion (Australia) | 1982 Volvo Masters – Doubles | Samoa | 2015 Birthday Honours | 2015 FA Women's Cup Final | 2011–12 Vermont Catamounts men's basketball team | FIFA Women's World Cup | 1984 South Asian Games | 2002 FA Women's Cup Final | Vermont Catamounts men's ice hockey | List of rulers of the Kingdom of the Isles | Peter Kingston-Davey | Kingdom of the Isles | 40th Battalion (Australia) | 2013 Birthday Honours | Indonesia 2022 FIFA World Cup bid,0,1,1.0,0,0,0.0,0.0,0.5,0.5,0.25,0.25
dense,pooled,5a791a97554299148911f9f2,bridge,hard,"Which Netflix series ""Unbreakable"" character is Elizabeth Claire Kemper known for playing?",Ellie Kemper | Kimmy Schmidt,Unbreakable Kimmy Schmidt | List of Unbreakable Kimmy Schmidt episodes | Ellie Kemper | Kimmy Schmidt | Unbreakable (film) | Azie Mira Dungey | Claire Temple (Marvel Cinematic Universe) | Hilarie Burton | Sara Botsford | Elisabeth Moss | Snow Queen (2002 film) | Frostbite (Mead novel) | Sarah Bolger | Return to Eden | Barbara Niven | Healing (film) | Victoria Hanley | Lucy Fry | Claire Liddell | Penelope Lively | Episode 8 (Twin Peaks) | My Family (series 1) | List of Charmed characters | Emily Bowker | Vala Mal Doran | Sianoa Smit-McPhee | Siobhan Finneran | Sage Kirkpatrick | Katherine Waterston | Gilmore Girls: A Year in the Life | Paige Matthews | Evicted! | Lea Thompson | Mamie Gummer | Charmed | Kam Heskin | General Hospital cast members | Julia Ormond | SuperMansion | Ashley Cheadle | Murder of Grace Brown | Catwoman (film) | Anna Devane | List of Dexter episodes | Janine Gutierrez | Blythe Danner | Romper Stomper (TV series) | Jawbreaker (film) | Damon Dark | Get Christie Love!,0,1,1.0,0,1,1.0,0.0,1.0,1.0,0.3333333333333333,0.3333333333333333
dense,pooled,5adf58f15542993a75d264d2,bridge,hard,"Which television series featured an actor who also performed in ""The Young Ones""?",Ade Edmondson | Bad News (band),"The Young Ones (TV series) | The Young Ones (video game) | Filthy Rich &amp; Catflap | Ade Edmondson | Oh, No! Not THEM! | David Mirkin | Carole Gray | Avatar: The Last Airbender (season 1) | My Family (series 1) | One Night Only (TV series) | Patrick Tatten | Roger Howarth | John Amos | Ben Elton | Jim Backus | Teen Titans (season 1) | For One Night Only (Irish TV series) | Ashley Young | Brian Dennehy | Andy Umberger | Lucas Grabeel | Victor Newman | Jeff Hephner | Zachary Throne | The Drop-In (podcast) | CBS Television Workshop | Don S. Davis | Young Hollywood Awards | Andy Milder | Sela Ward | Switched at Birth (TV series) | The Voice Teens (Philippines season 1) | One on One (song) | Mihai Mălaimare Jr. | Imajin | Sianoa Smit-McPhee | Treat Williams | Johnny Galecki | Vanda &amp; Young | Stone Stanley Entertainment | Roy Holder | Gretchen Palmer | Steve Arbuckle | Armie Hammer | Jimmy Fallon | List of Home and Away characters (1995) | 2014 Young Hollywood Awards | Teen Titans (season 4) | My Generation (talk show) | Zhu Xun",0,1,1.0,0,0,0.0,0.0,0.5,0.5,0.25,0.25
dense,pooled,5adc65e85542996e68525350,comparison,hard,Are both Dafeng District and Dazhou located in the same province?,Dafeng District | Dazhou,"Dafeng District | Dazhou | Yandu District | Tinghu District | Yingkou East Railway Station | Fuding | Kunming | Yunnan Provincial Museum | Shanghai | Urad Rear Banner | Taimushan Railway Station | Dian Lake | Yangzong Lake | Wolong Special Administrative Region | Yingkou | Tongcheng Subdistrict, Fuding | Fuding Railway Station | Xiapu County | Roman Catholic Diocese of Yingkou | Chahar Right Rear Banner | Dali–Ruili Railway | Shuangmiao, Inner Mongolia | Pearl River (China) | Ejin–Hami Railway | Sichuan–Shanghai gas pipeline | Sinuiju Special Administrative Region | Hanggin Rear Banner | Bayuquan Railway Station | 122nd Division (Imperial Japanese Army) | 2011 Inner Mongolia unrest | G5511 Jining–Arun Expressway | Inner Mongolia Medical University | Kunming Museum | Inner Mongolia First Machinery Group Corporation | Horqin Left Rear Banner | Dalian Zhoushuizi International Airport | Line 2, Suzhou Rail Transit | Darayim District | Yingkou Lanqi Airport | Xin Zhui | Bank of China Tower (Hong Kong) | Hibbing, Minnesota | Shanghai Grand Theatre | Lung Fu Shan Country Park | Sima Hydroelectric Power Station | Marco da Silva (French footballer) | Hounsfield Heights/Briar Hill, Calgary | Unincorporated Far West Region | Kirton, Suffolk | Gulangyu",1,1,1.0,1,1,1.0,1.0,1.0,1.0,1.0,1.0
dense,pooled,5a87ab9b5542996e4f3088c2,bridge,hard,"In what century did this Native warrior and chief, whose brother Tenskwatawa led the Tippecanoe order of battle, become the primary leader of a large, multi tribal confederacy?",Tecumseh | Tippecanoe order of battle,"Tippecanoe order of battle | Battle of Tippecanoe | Tecumseh's Confederacy | Tecumseh | Tenskwatawa | Prophetstown State Park | Battle of Fallen Timbers | Kalākaua | Battle of Yao (Japan) | Dewey Beard | Pingpu peoples | Kurama Tatsuya | Battle of Jupiter Inlet | Battle of Adwa | Ziri ibn Atiyya | Origins of the Sri Lankan civil war | Battle of Klushino | Stapleton Cotton, 1st Viscount Combermere | Zulu royal family | Maynak Bhandari | Samo | Mwambutsa IV of Burundi | Giuseppe Arimondi | Siege of Bharatpur (1805) | Seminole Nation of Oklahoma | Maratha emperors | Battle of Romanovka | John Logan (pioneer) | Tefik Mborja | Northern Virginia Campaign | Battle of Glendale (Skye) | Farrukhzad Khosrow V | Balaji Vishwanath | Kasi (Pashtun tribe) | Shagai Plateau | Battle of Berestechko | John Ridge | Chimaji Appa | Military history of Mexico | Ashur-etil-ilani | George W. Macfarlane | Herbert S. Lewis | Rajaram II of Satara | Maratha Navy | Siege of Bharatpur | Khosrow IV | Battle of Manila (1574) | Seven Days Union order of battle | Battle of Great Bridge | Patrick IV, Earl of March",1,1,1.0,0,1,1.0,0.5,1.0,1.0,1.0,1.0
dense,pooled,5a738fe855429908901be2fb,bridge,hard,What film was written and directed by Joby Harold with music written by Samuel Sim?,Awake (film) | Samuel Sim,Samuel Sim | Aliens (soundtrack) | John Waters | Charles Eldridge | The Deserter (1912 film) | Legend (film score) | The General (1926 film) | Flying with Music | Sachin Warrier | David Weissman | Tromeo and Juliet | Ralph Ince | Song of Arizona | The Tragedy of Romeo and Juliet (film) | Alain Resnais | The Boatniks | Semyon Aranovich | Romeo and Juliet on screen | Drum Beat | The Revengers' Comedies | The Current War | Scott Sidney | Alias French Gertie | Muthuchippi Poloru | My Pal Trigger | Heffalumps and Woozles | Brandon Dickerson | Kishore Dang | David Ayer | Christian Bale filmography | Delicatessen (film) | Robert Earl Jones | 127 Hours (soundtrack) | Out of Sight | Julien Nitzberg | Tahar Rahim | Muriel (film) | Bubble (film) | Innerspace | Parrish (film) | Made in Britain | Phil Rosen | Song Ji-hyo | In Country | Happy Death Day | Julián Hernández (filmmaker) | Pudhu Yugam | Plush (film) | Utpal Dutt | 1920 (film series),1,1,1.0,0,0,0.0,0.5,0.5,0.5,1.0,1.0
dense,pooled,5a8c65a1554299585d9e3680,bridge,hard,What is the name of the ethnic group who settled in Canada in the 17th century that participated in a conflict with Irish Catholic immigrants in the Shiners' War?,French Canadians | Shiners' War,"Shiners' War | History of Irish Americans in Boston | French Canadians | History of the Irish Americans in Philadelphia | Aonghus Mór | Workers' Party of Ireland | Ancient Order of Hibernians | History of Sinn Féin | Sinn Féin Republican Youth | Fomorians | Battle of Glendale (Skye) | Czechs in Ukraine | Tecumseh's Confederacy | Tecumseh | British people | Scotch Collie | Black Bermudian | Patrick Kennedy (folklorist) | Patrick IV, Earl of March | Catholic Church in Ireland | Leinster | Robert Barton | Molly Childers | Catuvellauni | Androuet du Cerceau | Durotriges | Corieltauvi | The Smalls | Jack and His Comrades | Donegal Celtic F.C. | Left-wing uprisings against the Bolsheviks | Pingpu peoples | Official Ireland | Treaty of Gandamak | Origins of the Sri Lankan civil war | Light cavalerie vodka | Volunteer Political Party | Irish prose fiction | Aiken Drum | Battle of Romanovka | Arbuthnott-Garvock Group | Gospatric, Earl of Northumbria | Erskine Barton Childers | Kerensky–Krasnov uprising | Republican Sinn Féin | Battle of Blue Licks | Black Seminoles | Church of the Guanche People | 122nd (Muskoka) Battalion, CEF | Masnières Newfoundland Memorial",1,1,1.0,0,1,1.0,0.5,1.0,1.0,1.0,1.0
dense,pooled,5ac2bbd0554299218029db09,bridge,hard,The author of The Thing of It Is... is what Nationality?,The Thing of It Is... | William Goldman,The Thing of It Is... | Who Goes There? (collection) | Cultural Property (Japan) | The Most Incredible Thing | Alexander Gordon Smith | Ithu Engal Neethi | The Devils (play) | A Thing of Beauty | Adriana Trigiani | Franci Cerar | The Memory of Our People | Contract with the World | Joanna Russ | Franz Josef Och | Makedonsko Sonce | Alien (soundtrack) | &quot;Q&quot; Is for Quarry | 4 a.m. (novel) | Snoecks | I&quot;s | Parrish (film) | Gibson (cocktail) | Seumas MacManus | Tosca (1956 film) | Le Conversazioni | Moments of Being | Journal of Human Development and Capabilities | Georges-Henri Bousquet | Quando Eu Era Vivo | In My Country There Is Problem | Pamela B. Green | DeObia Oparei | People Like Us (soundtrack) | Julián Hernández (filmmaker) | Amaruk Kayshapanta | Thomas Hylland Eriksen | Vacuum Diagrams | Chiara Nappi | Australian property law | Lourenço Mutarelli | The Greek Princess and the Young Gardener | Evelina Simonaho | David Weissman | Sue Grafton | Music composition and composers in Pristina | Claire Liddell | Norwegian Wood (novel) | Irish Fairy Tales | Al Basty | The Importance of Being Icelandic,1,1,1.0,0,0,0.0,0.5,0.5,0.5,1.0,1.0
dense,pooled,5adf3e355542993a75d26440,bridge,hard,"How long is the bridge in the Öresund Region that connect Copenhagen, Denmark and Malmo, Sweden?",Øresund Bridge | Øresund Region,"Øresund Region | Øresund Bridge | European route E47 | Copenhagen Malmö Port | Øresund | City Tunnel (Malmö) | Malmö Harbour Heliport | Öresund Committee | Bjarkøy Fixed Link | Sweden | Eisenhower Bridge (Milton, Iowa) | Svartisen Hydroelectric Power Station | Bjørnøya, Haram | Scandinavian design | Swedish Dicks | Main Street Bridge (Charles City, Iowa) | Battle of Stamford Bridge | Leda (river) | Strasbourg | M180 motorway | Bartlett's Bridge | Sutliff Bridge | Suorva | Karlsøy Church | Battle of Silda | Paulus Hook, Jersey City | Hätteberget | Eccles Interchange | Scott County Transit | Frenchmans Creek (New South Wales) | Vídbláin | A5117 road | Berlin Peace Column | Bridge to Terabithia (1985 film) | Warriparinga | Nore Hydroelectric Power Station | Women's Nordic Football Championship | Darling River | Richmond Valley Council | Eccles, Greater Manchester | Vilsandi | Hibbing, Minnesota | Stramshall | Bruxner Highway | Uno-X | Shinn Covered Bridge | Sligo Creek | Søren Rasted | The Danish Way to Rock | Interstate 85 in Virginia",1,1,1.0,1,1,1.0,1.0,1.0,1.0,1.0,1.0
dense,pooled,5ae82ae555429952e35eaa71,bridge,hard,"Martin Patterson ""Pat"" Hingle was a close friend of an actor who achieved success in what Western TV series? ",Clint Eastwood | Pat Hingle,Pat Hingle | John Amos | Kerr Smith | Bruno Kirby | Roy's Wedding | Lucas Grabeel | Brother from Another Series | Ralph Ince | Phil Mitchell | Richard Kind | Kristof Konrad | Roger Howarth | Jeff Hephner | Jeffrey Stanley | Johnny Galecki | Partners (2012 TV series) | Patrick Tatten | Arrowverse | My Family (series 1) | Jim Backus | Penny (The Big Bang Theory) | Redemption (Stargate SG-1) | Gary Anthony Williams | Usman Ally | Farhaan Faasil | The Drop-In (podcast) | Meet Corliss Archer | Armie Hammer | James Roland MacLaren | Jo Marie Payton | Jacques Sernas | Kyle Craig | Noel C. Bloom | Ako Mitchell | San Fernando Valley (film) | John Black (Days of Our Lives) | Kris Marshall | Meet Corliss Archer (TV series) | Frank McDonald (director) | Ferdi Taygan | John Ince (actor) | CBS Television Workshop | Marcus Bontempelli | Earl and Edgar McGraw | Timothy &quot;Yogi&quot; Watts | Charles Craft | Steve Arbuckle | Brett C. Leonard | Jack Ryan (character) | Adam Collis,1,1,1.0,0,0,0.0,0.5,0.5,0.5,1.0,1.0
dense,pooled,5ac289ff5542996366519a02,comparison,hard,Is the Marsilea or the Brabejum the genus of more individual species of plants?,Brabejum | Marsilea,Marsilea | Marsilea minuta | Brabejum | Marsileaceae | Eucryphia | Phlebodium | Sorbaria | Ehretia | Libocedrus | Caladenia | Silene | Cupressus | Pieris (plant) | Huernia | Pachypodium | Paracaleana | Pachypodium lealii | Ajugeae | Laeliocattleya | Calochilus | Goldenrod | Leptosporangiate fern | Phlebodium aureum | Leptospermum | Cattleytonia | Adenocarpus viscosus | Broughtonia sanguinea | Silene tomentosa | Silene stenophylla | Stenocereus | Brintonia | Araripesuchus wegeneri | Ajuga | Parkia timoriana | Silene latifolia | Tree fern | Durvillaea willana | Silene menziesii | Pieris floribunda | Cypress-pine | Cranberry | Ferocactus | Silene conoidea | Lepidozamia | Solidago ouachitensis | Coprosma repens | Fruitadens | Solidago uliginosa | Sinopieris | Silene antirrhina,1,1,1.0,0,1,1.0,0.5,1.0,1.0,1.0,1.0
dense,pooled,5a7a5b3a5542996c55b2dd71,bridge,hard,What building is opposite the ceremonial meeting place of the Accession Council in the United Kingdom?,"Mark Masons' Hall, London | St James's Palace","Accession Council | St James's Palace | President of the Queen's Privy Council for Canada | Buckingham Palace | Mark Masons' Hall, London | High Commission of Australia, London | Eccles Interchange | Manchester Cenotaph | Dukenfield Hall | United Kingdom local elections, 2013 | Great Hall of the People | Eccles, Greater Manchester | Greater Manchester County Council | Embassy of China, London | Church of St Mary the Virgin, Eccles | Tower Hill Memorial | The O2 Arena | Poole Methodist Church | Bank of China Tower (Hong Kong) | Crowther Masonic Hall | Dorset County Council election, 2013 | A5117 road | A41 road | Scottish Borders | King's College London | List of members of the House of Windsor | Queen's University Belfast A.F.C. | 2014 NPCSC Decision on Hong Kong | Congleton (UK Parliament constituency) | Pollokshields Burgh Hall | Lord High Treasurer | Peterhouse, Cambridge | Stank Hall | Governor's House, Knutsford | Adam &amp; Eve, Birmingham | Westminster School, Adelaide | The Gatehouse, Monmouth | Oldest synagogues in the United Kingdom | Roald Dahl Plass | History of the East Riding of Yorkshire | Kelsall | 1 Wall Street Court | Memorabilia (event) | Superman: Tower of Power | Devon County War Memorial | Digswell Park | One Raffles Place | Mountbatten-Windsor | Carreras Cigarette Factory | Sala (architecture)",1,1,1.0,0,1,1.0,0.5,1.0,1.0,0.5,0.5
dense,pooled,5ab8688b55429934fafe6daa,bridge,hard,"What material did a hairdresser from Yorkshire, England invent that was named by his granddaughter?",Maurice Ward | Starlite,"Wedding dress of Sarah Ferguson | Maurice Ward | Surfer hair | Nidderdale Museum | Tweedledum and Tweedledee | Bedale | English Setter | William Levett (baron) | Garden ornament | John Fogerty (engineer) | Mariette Leslie Cotton | What Are Little Boys Made Of? | History of England | Hatton baronets | Bolton | Gytha Thorkelsdóttir | Dukenfield Hall | Starlite | Coty, Inc. | History of the East Riding of Yorkshire | Argand lamp | Stank Hall | Earl of Aylesford | Florence Nagle | Viscount Trenchard | Here We Go Round the Mulberry Bush (disambiguation) | Stephen Boreham | Sussex chicken | Baron de Mauley | Edith the Fair | Leg of mutton nude | John Frederick Fogerty | Mountbatten-Windsor | Robert Parker Parrott | Waterloo Vase | Godwin, Earl of Wessex | Edmund Leach | Viscount Wimborne | Picobrouwerij Alvinne | Susie Bright | Rejuvelac | Joseph Fogerty Sr. | Mabel Greer's Toyshop | Roald Dahl Children's Gallery | The Greek Princess and the Young Gardener | Mark T. Smith | Francis H. Kimball | Spalding War Memorial | Hatton Castle, Aberdeenshire | Lush (company)",1,1,1.0,0,0,0.0,0.5,0.5,0.5,0.5,0.5
dense,pooled,5a7a3a945542996a35c17147,bridge,hard,One Raffles Place is one of the tallest skyscrapers in the city of Singapore and tallest in the wolrd outside North America until it was succeeded by a Building in city?,Bank of China Tower (Hong Kong) | One Raffles Place,"One Raffles Place | One Raffles Link | Republic Plaza (Singapore) | Raffles Place | One Marina Boulevard | Chevron House | CapitaGreen | Raffles Place MRT Station | List of tallest buildings in São Paulo | Bank of China Tower (Hong Kong) | Asante Traditional Buildings | RAF Warmwell | 888 7th Avenue | Flatiron Building | 712 Fifth Avenue | Nusretiye Clock Tower | Canford Cliffs | Random House Tower | Kunming Museum | Chatta Bazaar | SM City Cebu | Patan minara | Clock Tower, Brighton | 1 Wall Street Court | RAF Cottesmore | Pavilion Mall | Roald Dahl Plass | Corus Quay | Buena Vista Downtown Historic District | Gillieston Heights | Carreras Cigarette Factory | Rafferty (1980 TV series) | Trump International Hotel Las Vegas | Palm Meadows Thoroughbred Training Center | San Jacinto Monument | The Works (restaurant) | Hill Air Force Base | Springfield Park (Wigan) | Azam mosque of Qom | DoubleTree by Hilton Hotel Los Angeles Downtown | Kertha Gosa Pavilion | James Gamble Rogers II | Langston Hughes Performing Arts Center | Kunming | Dalian Zhoushuizi International Airport | Bedok Mall | Sala (architecture) | Dimond Center | Kumanovo Clock Tower | 514th Flight Test Squadron",1,1,1.0,0,0,1.0,0.5,0.5,1.0,1.0,1.0
dense,pooled,5ab9b29c554299743d22ebae,comparison,hard,"Which case came first, Craig v. Boren or United States v. Paramount Pictures, Inc.?","Craig v. Boren | United States v. Paramount Pictures, Inc.","United States v. Paramount Pictures, Inc. | Craig v. Boren | Block booking | Criminal law in the Marshall Court | Criminal law in the Waite Court | Selle v. Gibb | Van Staphorst v. Maryland | Hoffman v. Jones | Reynolds v. United States | West v. Barnes | United States v. Binion | V.L. v. E.L. | Whole Woman's Health v. Hellerstedt | United States v. Quiver | Filming of James Bond in the 1990s | Summers v. Earth Island Institute | Reynolds v. Pegler | George Reynolds (Mormon) | Baker v. Nelson | Charles Morgan Jr. | City of Norwood v. Horney | Martin Mahoney | Hirabayashi v. United States | Commissioner v. Banks | Walt Disney Studios Motion Pictures | Cornelius Vanderbilt Whitney | Criminal Lawyer | Reynolds v. Sims | R v Van der Peet | List of Walt Disney Pictures films | Thomas Ince: Hollywood's Independent Pioneer | Lau Kong Yung v Director of Immigration | V. V. Creations | Thomas H. Ince | The Law &amp; Harry McGraw | Court Square Capital Partners | Tom Clancy's Net Force Explorers: Cold Case | Fraley v. Facebook, Inc. | Carey Olsen | Richard Honaker | Berghuis v. Thompkins | CBS Television Workshop | Reynolds v Times Newspapers Ltd | Ed Wood | Sold (TV series) | List of largest pharmaceutical settlements | Thrill of a Lifetime (film) | Piccard Balloons | Mark Ciardi | Francis H. Kimball",1,1,1.0,1,1,1.0,1.0,1.0,1.0,1.0,1.0
dense,pooled,5a8b63fa55429950cd6afcd7,bridge,hard,What is the nickname of the city where Darling's Waterfront Pavilion is located?,"Bangor, Maine | Darling's Waterfront Pavilion","Darling's Waterfront Pavilion | Oleson Park Music Pavilion | Strawberry Park, Cheshire | One Marina Boulevard | Bonsallo Avenue | Pavilion Mall | Corus Quay | Park City Center | Dimond Center | Bubblegum Alley | Music City Queen | Republic Plaza (Singapore) | Truman Sports Complex | Concord Pavilion | DoubleTree by Hilton Hotel Los Angeles Downtown | Darling River | Medici Vase | Pierre Bossier Mall | Buena Vista Downtown Historic District | Buena Vista Park | Buena Vista (brand) | Lake Louisvilla, Louisville | Valhalla Highlands Historic District | Walt Whitman Shops | Frenchmans Creek (New South Wales) | Shreveport Steamer | Shawnee Mission District Stadium | Stanley Park, Blackpool | ViaPort Florida | Waterloo Vase | Poughkeepsie Galleria | Eastern Hills Mall | Wyman Park, Baltimore | Canford Cliffs | Wisconsin Center | Warriparinga | St James's Palace | Lush (company) | Appius and Virginia | Charles Deaton | Calumet Downtown Historic District | Piccadilly Pub | Gum Wall | Souris Beach Provincial Park | Thomas H. Gale House | Tower Hill Memorial | Buckingham Palace | Shuangmiao, Inner Mongolia | Forbury Gardens | Bobby Dodd Stadium",1,1,1.0,0,0,0.0,0.5,0.5,0.5,1.0,1.0
dense,pooled,5ade51b45542997c77adedf4,bridge,hard,The Kansas City Wizards have had three home venues in Kansas City in their time.  Which was their first?,Children's Mercy Park | CommunityAmerica Ballpark,"2008 Kansas City Wizards season | 1999 Kansas City Wizards season | 1997 Kansas City Wizards season | 1998 Kansas City Wizards season | Children's Mercy Park | CommunityAmerica Ballpark | All-time Sporting Kansas City roster | Truman Sports Complex | 2009 Kansas City Royals season | Kauffman Stadium | 2016 Kansas City Royals season | 2012 Kansas City Royals season | 2017 Kansas City Royals season | Shawnee Mission District Stadium | MLS Cup 2004 | Kansas City jazz | 2012 Major League Baseball All-Star Game | Shreveport Steamer | Arrowhead Stadium | 1956 NAIA Division I Men's Basketball Tournament | Kansas Song | Curt Johnson (soccer) | Astrodome | History of the Kansas City metropolitan area | Parkway Field | Kansas City crime family | Memphis Hustle | Presley Askew | North Kansas City, Missouri | William Cammisano | 1943 NAIA Division I Men's Basketball Tournament | 1992–93 Charlotte Hornets season | Baltimore Orioles | Kansas City metropolitan area | University of Kansas | Arena of Khazan | Downtown Kansas City | 2003 WNBA season | Robins Center | Billings Bulls | Portland State Vikings football under Jerry Glanville | Ted Kubiak | History of the Minnesota Twins | Charlotte Hornets | Park City Center | Charles Deaton | 1965 Houston Astros season | Tyler Kalinoski | Kapaun Mt. Carmel Catholic High School | Oleson Park Music Pavilion",0,1,1.0,0,0,1.0,0.0,0.5,1.0,0.2,0.2
dense,pooled,5ae4c49a5542995dadf24400,bridge,hard,"Henry Hall is known for fighting in the Revolutionary War, and for being the first to successfully cultivate this food found in what type of bogs?",Cranberry | Henry Hall (American revolution),"Henry Hall (American revolution) | Livesey Hall War Memorial | Fen | Battle of Belleau Wood | Stank Hall | Edmund Sharpe | Spalding War Memorial | Crank Caverns | John Adlum | Robert's American Gourmet Food | Gelston Castle | Battle of Cross Keys | Collins Ferry Historic District | Carreras Cigarette Factory | Ernest Foot | The Gatehouse, Monmouth | Westervelt massacre | Stephen Boreham | History of England | Battle of Great Bridge | 1st Virginia Regiment | Crowther Masonic Hall | Dukenfield Hall | Brintonia | Robert Parker Parrott | Tower Hill Memorial | William Monson, 1st Viscount Oxenbridge | Maurice Ward | Henry J. Kaiser | William H. Cook Water Tank House | Louis Aragon | USS Belleau Wood (CVL-24) | Friendship Hall | Henry Roth | Battle of Port Republic | Ratafia | Solidago uliginosa | Coral Gardens and Their Magic | Patrick Kennedy (folklorist) | William Levett (baron) | Henry III of France | Humber Forts | Georges Madon | USS Belleau Wood | Battle of Malvern Hill | Ancient Order of Hibernians | Henry Fox-Strangways, 3rd Earl of Ilchester | Gibson (cocktail) | E. J. Carroll | 7th Virginia Regiment",1,1,1.0,0,0,0.0,0.5,0.5,0.5,1.0,1.0
dense,pooled,5a7d3470554299452d57bb56,bridge,hard,A scam involving a male calling small town fast-food restaurants and pretending to be a police officer to have them strip search employees was turned into a movie of what name?,Compliance (film) | Strip search phone call scam,"Strip search phone call scam | Compliance (film) | Hackers (film) | Cops and Robbers (1973 film) | Man Against the Mob | COPS (animated TV series) | Part-time job terrorism | Suicide Kings | Super Size Me 2: Holy Chicken! | Fast food restaurant | Suburban Madness | Bobbi Bacha | Parody film | Snatch (film) | Freaky Eaters (TLC series) | Ashley Cheadle | Can't Buy Me Love (film) | RetailMeNot | Jay Leiderman | It Could Happen to You (1994 film) | Freakonomics (film) | Bubble (film) | Schizopolis | True Lies | Stone Stanley Entertainment | Brian C. Bialiy | Fraley v. Facebook, Inc. | Jacob D. Robida | Robert's American Gourmet Food | Carnival Cravings | James Gunn's PG Porn | Tim Hortons | Larry Drake | Stanton Y. Hill | Street Kings 2: Motor City | Kansas City crime family | Cop Out (2010 film) | Frank McDonald (director) | Aaron Faulls | Fazoli's | California Center for Public Health Advocacy | The Joe Schmo Show | Leeann Chin | Los Angeles crime family | Hero Certified Burgers | South of 8 | Logan Lucky | Jeff Hephner | Robin Goldstein | Gum Wall",1,1,1.0,1,1,1.0,1.0,1.0,1.0,1.0,1.0
dense,pooled,5ae4f2c75542993aec5ec0fb,bridge,hard,"What airport serviced by American Airlines Shuttle, is also the largest airport in the New England region and 17th busiest in the U.S?",American Airlines Shuttle | Logan International Airport,"American Airlines Shuttle | Logan International Airport | Denver International Airport | Pitt Meadows Airport | Charlotte Douglas International Airport | Raleigh Executive Jetport | Bishop International Airport | John Glenn Columbus International Airport | Grantley Adams International Airport | Dalian Zhoushuizi International Airport | Townsville Airport | Charlotte metropolitan area | Kazan International Airport | Eastern Air Lines Shuttle | 415th Flight Test Flight | Elko Regional Airport | Topsham Air Force Station | Pensacola International Airport | Coimbatore International Airport | Newark, New Jersey | STOLport | Air Vegas | Gerald R. Ford International Airport | EgyptAir Flight 990 | Colgan Air Flight 9446 | Wisconsin Center | M180 motorway | 514th Flight Test Squadron | 370th Flight Test Squadron | Tower City station | Yingkou Lanqi Airport | Parma Airport | RAF Cottesmore | U.S. Route 19 Truck (Pittsburgh) | Silver Line Way (MBTA station) | 2017 BB&amp;T Atlanta Open | 339th Flight Test Squadron | Great Eastern Conventions | Walt Whitman Shops | Boston, Lincolnshire | New York Shipbuilding Corporation | A41 road | 486th Flight Test Squadron | A5117 road | Case Gym | Best Western Lake Buena Vista Resort Hotel | Hill Air Force Base | VIP's | 2013 US Open Series | Air Tahoma Flight 185",1,1,1.0,1,1,1.0,1.0,1.0,1.0,1.0,1.0
dense,pooled,5ab1d7ac554299449642c7e6,comparison,hard,"Which genus has more species, Xanthoceras or Ehretia?",Ehretia | Xanthoceras,Xanthoceras | Ehretia | Eucryphia | Ajugeae | Leptosporangiate fern | Libocedrus | Huernia | Adenocarpus viscosus | Be'er Sheva fringe-fingered lizard | Cupressus | Sorbaria | Sinocyclocheilus | Phlebodium | Goldenrod | Araripesuchus wegeneri | Ferocactus | Stenocereus | Laeliocattleya | Sinopieris | Caladenia | Phlebodium aureum | Durvillaea willana | Lepidozamia | Solidago ouachitensis | Fokienia | Marsilea | Pachypodium | Marsilea minuta | Ingerophrynus | Inquiline | Myiodynastes | Solidago uliginosa | Calochilus | Brintonia | Solidago elongata | Elephant | Pieris (plant) | Xtractaurs | Broughtonia sanguinea | Silene | Leptospermum | Hawkinsara | Paracaleana | Solidago speciosa | Cattleytonia | Tree fern | Marsileaceae | Parkia timoriana | Broughtonia | Pilgerodendron,1,1,1.0,1,1,1.0,1.0,1.0,1.0,1.0,1.0
dense,pooled,5a85cead5542991dd0999ea9,bridge,hard,What arcade game is named after the only player in major league history to have a 0.300 batting average for 7 consecutive seasons?,Frank Thomas (designated hitter) | Frank Thomas' Big Hurt,List of Major League Baseball batting champions | Dick Kauffman | Frank Crossin | Ron Herbel | Bill Freehan | 1921 Detroit Tigers season | Ted Kubiak | Reggie Jackson | 1972 American League Championship Series | Frank Thomas (designated hitter) | 1965 Houston Astros season | All-time Sporting Kansas City roster | Tim Jorgensen | Portland State Vikings football under Jerry Glanville | Jack Fox (baseball) | Parkway Field | Ernest Foot | Fred Hageman | Wayne Garland | Robin Ventura | Detroit Tigers | Babe Ruth | Hey Pa! There's a Goat on the Roof | 1979–80 Wigan Athletic F.C. season | Chick Shorten | Germán Barranca | Mickey Mantle | 1989 Cotton Bowl Classic | 2006–07 Wigan Athletic F.C. season | Tron Evolution: Battle Grids | 2016 Kansas City Royals season | Baltimore Orioles | Starfaring | 2012 Kansas City Royals season | Surround (video game) | Poleconomy | Von McDade | 2007–08 Wigan Athletic F.C. season | 2008 Kansas City Wizards season | 2012 Major League Baseball All-Star Game | 60th National Hockey League All-Star Game | Jerry Lucas | 1999 St. Louis Rams season | 1968 US Open (tennis) | NHL All-Star Skills Competition | List of Atlanta Braves managers | Sports in the Las Vegas metropolitan area | History of the Minnesota Twins | Albert Ball | Frank Thomas' Big Hurt,0,0,1.0,0,0,0.0,0.0,0.0,0.5,0.1,0.1
dense,pooled,5a73a7c755429978a71e9068,bridge,hard,What american actress/singer born in 1956 recorded the song Something there for beauty and the beast?,Paige O'Hara | Something There,"Something There | Paige O'Hara | Anna Simpson | Evermore (Beauty and the Beast song) | Beauty and the Beast (Disney song) | Belle (Disney song) | Robby Benson | Marissa Perry | Beauty and the Beast (1991 film) | American Beauty (soundtrack) | Be Our Guest | Yoann Lemoine | Leontyne Price | Janet Jackson | Belle (Disney) | American Beauty (1927 film) | Candy Coburn | Vanessa Bley | La Belle Américaine | Larnelle Harris | Claire Liddell | 5:55 | Janine Gutierrez | Amanda Lepore | Out in Fifty | Diana Quick | Marlene Dietrich | City of Stars | Johanna Bennett | No Prima Donna: The Songs of Van Morrison | Gus Williams (musician) | Carole Gray | Baby Girl (Sugarland song) | Dayna Hart | Lee Hazlewood | Jackie Lou Blanco | Something for the Rest of Us | Laura Linney | Emayatzy Corinealdi | 2014 Young Hollywood Awards | Dale Evans | 'Tis Autumn | Live in Buffalo: July 4th, 2004 | Claudia Drake | Plush (film) | Audra McDonald | Vanessa White | Maureen Dragone | Kelly Osbourne | Julie Ordon",1,1,1.0,1,1,1.0,1.0,1.0,1.0,1.0,1.0
dense,pooled,5a7f113d55429934daa2fcbe,bridge,hard,Which professional baseball player and National 1993 Baseball Hall of Fame inductee is featured in the Greatest Sports Legends anthology? ,Greatest Sports Legends | Reggie Jackson,"Mickey Mantle | Babe Ruth | Greatest Sports Legends | Philadelphia Baseball Wall of Fame | Charles Teague (baseball) | Dizzy Dean | Baseball Hall of Fame balloting, 1971 | Dick Kauffman | Wayne Garland | Tim Jorgensen | Ernest Foot | Bill Freehan | Frank Thomas (designated hitter) | Blinkey Horn | Reggie Jackson | Ted Kubiak | Frank Crossin | Eddy Furniss | Jerry Lucas | Ron Herbel | History of the Washington Senators (1901–60) | Mike Edwards (basketball) | Jack Fox (baseball) | Ralph Giannini | Mathematically Alive | Ray Nitschke | Wendell Berry | Robin Ventura | Parkway Field | Al Wilson (offensive lineman) | Jim Shoulders | 1921 Detroit Tigers season | Reds Bagnell | National Italian American Sports Hall of Fame | 2012 Major League Baseball All-Star Game | David Masur | Bill Leavy | Albert Ball | Baltimore Orioles | New York State Writers Hall of Fame | 2012 Kansas City Royals season | Kurt Burris | 1965 Houston Astros season | Curt Smith (basketball) | Chick Shorten | Johnny Rutherford | Frank Thomas' Big Hurt | Adam Thielen | All-time Sporting Kansas City roster | Roberto De Vicenzo",0,1,1.0,0,0,0.0,0.0,0.5,0.5,0.3333333333333333,0.3333333333333333
dense,pooled,5ae6828f5542996d980e7bb9,bridge,hard,Salisbury Woodland Gardens links a zoo with a park designed and built under the watchful eye of who?,"Salisbury Woodland Gardens, Blackpool | Stanley Park, Blackpool","Salisbury Woodland Gardens, Blackpool | Forbury Gardens | Spalding War Memorial | Maiwand Lion | Reading Post | Wapusk National Park | The Zoo Story | Stanley Park, Blackpool | Buckingham Palace | Wyman Park, Baltimore | The Gatehouse, Monmouth | Strawberry Park, Cheshire | North Cascades National Park | The Forbury Hotel | Garden ornament | Glanford Park | Edward Albee's At Home at the Zoo | Darling's Waterfront Pavilion | Garden Island Naval Chapel | Niagara Park, New South Wales | Yardbirds Home Center | Dukenfield Hall | Finchampstead | The O2 Arena | Coral Gardens and Their Magic | Brintonia | Park City Center | Poole Methodist Church | St James's Palace | Nidderdale Museum | Superman: Tower of Power | Escalante Petrified Forest State Park | Anthology of Fantastic Zoology | Concord Pavilion | Opry Mills | Discovery Museum and Planetarium | Walt Disney World Dolphin | St James's Church, Reading | James Gamble Rogers II | Palm Meadows Thoroughbred Training Center | 2017 Winston-Salem Open | Square and Compass, Worth Matravers | Cypress-pine | Pollokshields Burgh Hall | Kingsley Dam | The Spiderwick Chronicles (film) | Sacred Planet | Oldest synagogues in the United Kingdom | New Bolton Center | Waterloo Vase",1,1,1.0,0,0,1.0,0.5,0.5,1.0,1.0,1.0
dense,pooled,5ab31864554299233954ff06,bridge,hard,What class of instrument does Apatim Majumdar play?,Apratim Majumdar | Sarod,"Apratim Majumdar | Sarod | Apsara (disambiguation) | Keyboard glockenspiel | Pramlocha | Music composition and composers in Pristina | As the Music Plays | Kidandali | Platinum Pied Pipers | Antonio Vivaldi | Experimental musical instrument | Sachin Warrier | Udaka vadya | Sousaphone | DeObia Oparei | Utpal Dutt | Joseph Anderer | Six Violin Sonatas, Op. 5 (Vivaldi) | Tomaso Albinoni | Soundings (Carter) | Mahesh Bhupathi Tennis Academy | Roy Roman | Lorenzo Ratti | John Hartmann | The Devils (play) | Kakoy Legaspi | Paul Méfano | Appius and Virginia | Muthuchippi Poloru | Bukkehorn | Raimund Marasigan | Isaak Hassler | Mozarteum Argentino | Bamboo Mañalac | Here (1954 song) | Satyricon | Conchita Badía | Proceed, Moon | Otaara | George Paice (bowls) | Timbiriche VIII &amp; IX | Shakespearean tragedy | Aiken Drum | Ryman Auditorium | Accompaniment | Camille Zamora | List of major opera composers | Alexis Soriano | Antonio Lotti | Daboll trumpet",1,1,1.0,1,1,1.0,1.0,1.0,1.0,1.0,1.0
dense,pooled,5abe239355429976d4830a7d,bridge,hard,Jamie Harris is best known for his role as The Hook-Handed Man in a movie directed by who ?,Jamie Harris (actor) | Lemony Snicket's A Series of Unfortunate Events,Jamie Harris (actor) | James Roland MacLaren | Snatch (film) | Robert Earl Jones | Ako Mitchell | John Waters | Signs (film) | David Yates | David Dencik | Hoppy Serves a Writ | Conrad Brooks | Kyle Craig | John Amos | Spencer Averick | Christian Bale filmography | Christopher Greenbury | Arnold Schwarzenegger filmography | Ed Wood (film) | Christopher Mitchell (actor) | Brian C. Bialiy | Kishore Dang | James Packer | Brett C. Leonard | Doddanna | Jamie Murray career statistics | Michael C. Hall | Brian Dennehy | James Franco | Ed Wood | ATL (film) | Frank McDonald (director) | CrissCross | A Few Best Men | Steve Arbuckle | John Lithgow | Method Man | Paresh Mokashi | Romeo + Juliet | Roy Holder | The Prince and Me | Robin Hood (2018 film) | James Gunn's PG Porn | Clint Eastwood | Kerr Smith | David Ayer | Kris Marshall | Morgan's Ferry | Enrique Carreras | The Hanging Tree | John MacGregor,1,1,1.0,0,0,0.0,0.5,0.5,0.5,1.0,1.0
dense,pooled,5ac2659b55429963665199a1,bridge,hard,"How many laps did Harry Prowell run during the 10,000 metres race at the 1967 Pan American Games?","10,000 metres | Harry Prowell","Harry Prowell | Dave Bailey (athlete) | Brian MacLaren | 10,000 metres | Ross MacKenzie (athlete) | 1957 Indianapolis 500 | Orange County Fair Speedway | 1968 US Open (tennis) | 2016 Toyota Grand Prix of Long Beach | Kavita Tungar | Nora Rocha | 2011 Pan American Games | 6 Hours of Mexico | Lean Horse Ultramarathon | European 10,000m Cup | Johnny Mowlem | Roberto De Vicenzo | 2011 Indy Grand Prix of Sonoma | 2007 Firestone Indy 400 | Race of a Thousand Years | 1964 Armstrong 500 | Androscoggin Bank Colisée | Toyota Pro/Celebrity Race | Subway 400 | Carolina Dodge Dealers 400 | Johnny Rutherford | 2011 Honda Indy Toronto | Michael James Lewis | Emma Carney | Gerald Reive | 1982 Volvo Masters – Doubles | 2017 Toyota Grand Prix of Long Beach | Mike Shank | 1982 US Open – Mixed Doubles | Louis Schwitzer Award | Frank Crossin | 1977 PGA Championship | 1975 Mr. Olympia | Indianapolis Motor Speedway | Julian Bolling | 1988 Volvo International – Doubles | Jon St. Andre | 2011 World Thoroughbred Rankings | 1991 Mr. Olympia | Alex Zanardi | 2009 World Thoroughbred Rankings | Allison Transmission | Arthur Fielder | Middle Atlantic PGA Championship | 1982 French Open – Men's Doubles",1,1,1.0,0,1,1.0,0.5,1.0,1.0,1.0,1.0
dense,pooled,5ae058e855429945ae959331,comparison,hard,Are  Chrysalis and Look both women's magazines?,Chrysalis (magazine) | Look (UK magazine),Chrysalis (magazine) | Look (UK magazine) | Gallery (magazine) | List of magazines in Malaysia | List of magazines in Austria | Lifestyle magazine | Index Magazine | List of magazines in Portugal | Tea Moderna (magazine) | Jessica Todd Harper | Sheila Cavanagh | Nancy Spungen | Customer magazine | Snoecks | Amy Corzine | Pieris (plant) | Reading Post | Nancy K. Pearson | Mariette Leslie Cotton | Joanna Russ | Brintonia | Scout Tufankjian | The Little Review Gallery | Emily Jewell | Vanguard (magazine) | Cressida Bonas | Mrs. Bixby and the Colonel's Coat | Mary Zophres | Catwoman (video game) | Kate Millett | Annie Morton | Jane Marcus | Feist (dog) | Wedding dress of Sarah Ferguson | Terry Richardson | Christianity Today | The Duchess and the Jeweller | The Greek Princess and the Young Gardener | Sexual Politics | Miss American Beauty 1963 | Jessica Mulroney | Linda Duvall | Ann Wigmore | Charmed | Dzvinia Orlowsky | Silene menziesii | Carol Shields | Coprosma repens | Lady Alexandra Curzon | Rolling Stone,1,1,1.0,1,1,1.0,1.0,1.0,1.0,1.0,1.0
dense,pooled,5a7b8749554299294a54a9db,comparison,hard,"Which author has won more Pulitzer Prizes, Thomas Friedman or Henri Bergson?",Henri Bergson | Thomas Friedman,Thomas Friedman | 2011 Pulitzer Prize | Henri Bergson | Andre Norton Award | Samuel Eliot Morison | Nebula Award for Best Novel | Langston Hughes Medal | Moina Mathers | Winfred Blevins | Nancy K. Pearson | Carol Shields | The Great Gilly Hopkins | Henry Roth | Frank L. Schmidt | Japan Record Award for Best New Artist | Wendell Berry | Maureen Dragone | Alfred Balk | C. Hugh Holman | David S. Touretzky | Introduction to Metaphysics (Bergson) | Jessica Todd Harper | Jeff Friedman | Élan vital | Hunter Davies | Ian McEwan | José Echegaray | Oppenheimer Award | Reynolds v. Pegler | The Best of Roald Dahl | Dzvinia Orlowsky | Three Tall Women | Stanley Coren | Clinton Walker | Rolling Stone | H. Bedford-Jones | Roald Dahl | The Roald Dahl Treasury | Fazle Hasan Abed | Mississippi Institute of Arts and Letters | Judith Ortiz Cofer | Sally Gibson | David C. Funder | Terry Richardson | The Warren Buffett Way | Time and Free Will | Sue Grafton | Laura Linney | Edgar Kaiser Sr. | Alan Jackson albums discography,1,1,1.0,0,1,1.0,0.5,1.0,1.0,1.0,1.0
dense,pooled,5a864ff7554299211dda2af2,bridge,hard,"Yoann Lemoine, a French video director, has created music videos for Lana Del Rey, Katy Perry, and an orchestral country pop ballad by which top pop artist?",Back to December | Yoann Lemoine,Yoann Lemoine | Yayo (Lana Del Rey song) | Amanda Lepore | Blue Jeans (Lana Del Rey song) | Lana Del Rey videography | Lana Del Rey (EP) | Video Games (song) | Lana Del Rey discography | Lana Del Ray (album) | List of songs recorded by Lali Espósito | Kill Kill (song) | Marco Da Silva (dancer) | Nýtt líf | La La Land (Demi Lovato song) | Divya S. Menon | Emayatzy Corinealdi | Janet Jackson | Valentina (2008 film) | Justin Timberlake videography | MTV Video Music Award for Best New Artist | Love Beats Rhymes | Aryanto Yuniawan | Farida Jalal | Manuel Quiroga (violinist) | This Is the Life (2008 film) | Johanna Bennett | Indriati Iskak | Rich Lee | Jolin Tsai filmography | Fayyaz Hashmi | Wengie | René Dif | Marissa Perry | Janine Gutierrez | Jackie Lou Blanco | The Wonder Who? | Lenelle Moïse | Masami Tsuchiya | Vanessa Bley | Tim Hecker | Piano Girl | Out in Fifty | Ava DuVernay | Midnight Sun (2006 film) | List of accolades received by La La Land | M Music &amp; Musicians | Mona Scott-Young | Rivermaya | Camille Zamora | Pamela B. Green,1,1,1.0,0,0,0.0,0.5,0.5,0.5,1.0,1.0
dense,pooled,5ae4d3c95542990ba0bbb165,comparison,hard,In what city can a person find both the Nusretiye Clock Tower and the Eski Imaret Mosque be found?,Eski Imaret Mosque | Nusretiye Clock Tower,"Nusretiye Clock Tower | Clock Tower of Murshidabad | Hysen Pasha Mosque | Kumanovo Clock Tower | Azam mosque of Qom | Eski Imaret Mosque | Galle Clock Tower | Sultan Ahmed Mosque | Laleli Mosque | Birgu Clock Tower | Esma Sultan Mansion | One Raffles Place | Asante Traditional Buildings | Patan minara | Djamaâ el Kebir | Republic Plaza (Singapore) | CapitaGreen | Bank of China Tower (Hong Kong) | San Jacinto Monument | Chatta Bazaar | Imanishi family's House | Sala (architecture) | Jeonju Hanok Village | One Marina Boulevard | One Raffles Link | Zafar, Yemen | Omodos | Colonna di San Zanobi, Florence | Hanggin Rear Banner | Crowther Masonic Hall | University of the Incarnate Word | New Palace, Kolhapur | Tell El Sakan | Chevron House | Hätteberget | Kertha Gosa Pavilion | Pavilion Mall | Church of the Guanche People | Prophetstown State Park | Kapaun Mt. Carmel Catholic High School | Esma Sultan (daughter of Abdülaziz) | Clock Tower, Brighton | Yingkou Lanqi Airport | Tashkopryu Mosque | Marietta Air Force Station | Shuangmiao, Inner Mongolia | Roman Catholic Diocese of Yingkou | Vietnam War Memorial, Hanoi | DoubleTree by Hilton Hotel Los Angeles Downtown | Concord Pavilion",1,1,1.0,0,0,1.0,0.5,0.5,1.0,1.0,1.0
dense,pooled,5ab7f97a5542991d322237ef,bridge,hard,"What is Opry Mills in Nashville, Tennessee?",Music City Queen | Opry Mills,"Opry Mills | Grand Ole Opry | Ryman Auditorium | Millington, Tennessee | Music City Queen | Nashville Terminal Subdivision | General Mills | Keith Bilbrey | Callington Mill | Bolton | Charlotte metropolitan area | The Works (restaurant) | Almonte, Ontario | Gilbert Town Historic District | Holston River | Exchange Ilford | Collins Ferry Historic District | Harvest Time Christian Academy | Palm Meadows Thoroughbred Training Center | Cobb Galleria Centre | Eastland Mall (Charlotte, North Carolina) | Park City Center | CapitaGreen | Gruhn Guitars | Eccles, Greater Manchester | Tysons Galleria | Ophur | Orlinda, Tennessee | Robert Smith (Illinois politician) | Gwangjang Market | Strawberry Park, Cheshire | Memphis metropolitan area | Chatta Bazaar | Digital Media Factory | Alamo Heights SA | The Crossings at Northwest | Original Outlet Mall | Lakeland, Tennessee | Savage, Maryland | Lewiston, Dakota County, Minnesota | Canyon Creek Food Company | Mall of Georgia | Memphis Hustle | 1891 Tennessee Volunteers football team | Pamela B. Davis | Pershing Square Capital Management | USS Zeilin (APA-3) | Pergament Home Centers | Karcher Mall | Australian Transformation and Innovation Centre",1,1,1.0,0,1,1.0,0.5,1.0,1.0,1.0,1.0
dense,pooled,5a7b46e55542995eb53be8e5,bridge,hard,"Spaceware Sky Division II is manufactured by this subsidiary, which is one of twelve subdivisions of Inner Mongolia, China?",Ordos City | Spaceware Sky Vision II,"Inner Mongolia First Machinery Group Corporation | Spaceware Sky Vision II | Inner Mongolia Medical University | Inner Mongolia University of Technology | Ejin–Hami Railway | Yingkou East Railway Station | SAIC-GM-Wuling | 122nd Division (Imperial Japanese Army) | Urad Rear Banner | Yingkou Lanqi Airport | Dalian Zhoushuizi International Airport | Shuangmiao, Inner Mongolia | TaeguTec | Mercedes-AMG | Horqin Left Rear Banner | Yandu District | Kunming | ParaEngine | Line 2, Suzhou Rail Transit | Ilocos Region | G5511 Jining–Arun Expressway | Dazhou | Chahar Right Rear Banner | List of TVXQ concert tours | Polycom | Bu Xiaolin | Ordos City | Hanggin Rear Banner | Fuding | Namsung electronics | Solway Group | Sinuiju Special Administrative Region | Yunnan Provincial Museum | Yingkou | Dafeng District | Darayim District | Cosmos: A Spacetime Odyssey | Boortsog | Tinghu District | Shanghai | Xiapu County | List of songs recorded by TVXQ | Henkel | Bank of China Tower (Hong Kong) | Sichuan–Shanghai gas pipeline | Phoenix Hong Kong Channel | Bayuquan Railway Station | Magna Home Entertainment | Walt Disney Studios Motion Pictures | 2011 Inner Mongolia unrest",1,1,1.0,0,0,0.0,0.5,0.5,0.5,0.5,0.5
dense,pooled,5a879ba55542993e715abfc3,comparison,hard,"Which director had the longest career, Alain Resnais or Scott Sidney?",Alain Resnais | Scott Sidney,Scott Sidney | Alain Resnais | Life of Riley (2014 film) | Muriel (film) | Jacques Sernas | Cineriz | Enrique Carreras | Jacques Mathou | Július Satinský | Fugitive in Trieste | Impresario | David and Sandy Reynolds-Wasco | Brandon Dickerson | Van Gogh (1991 film) | Roberta Vinci | Ambroise Thomas | Phil Rosen | Semyon Aranovich | Arthur Roberts (editor) | Joseph McGrath (film director) | Ottavio Alessi | Al Pacino | Jean-Baptiste Senaillé | Arnold Schwarzenegger filmography | Kristof Konrad | Manuel Quiroga (violinist) | Bernhard Bötel | Marcel Trillat | Sid Vicious | Pietro Germi | Hiroshima mon amour | Francesco Scarlatti | Carlos Rendón Zipagauta | Commedia all'italiana | Farooq Sheikh | Marino Franchitti | Chris Menges | John Scott (ice hockey) | Finishing School (1953 film) | 2011 Barcelona Ladies Open – Doubles | Last Year at Marienbad | Luigi Rossi | Antonio Vivaldi | René Dif | Serafino (film) | Duration (philosophy) | Guido Caldarelli | Spare Me (film) | Divorce Italian Style | Marcus Bontempelli,1,1,1.0,1,1,1.0,1.0,1.0,1.0,1.0,1.0
dense,pooled,5ae4563e5542996836b02c7f,bridge,hard,"in 1999, Spirit Halloween LLC was purchased by a mall retailer that has how many stores in the United States and Canada ?",Spencer Gifts | Spirit Halloween,"Spirit Halloween | Halloween Adventure | Spencer Gifts | RetailMeNot | Citadel Mall | Pierre Bossier Mall | Mall of New Hampshire | Karcher Mall | Kentucky Oaks Mall | Eastland Mall (Charlotte, North Carolina) | Original Outlet Mall | Rolling Acres Mall | Pavilion Mall | FedMart | Dimond Center | Mabel Greer's Toyshop | Birchwood Mall | Tysons Galleria | SavaCentre | Mall of Georgia | Coty, Inc. | The Crossings at Northwest | John A. Brown (department store) | Scream (1996 film) | Pergament Home Centers | Park City Center | Viaport Rotterdam | Exchange Ilford | Tesco Extra | ViaPort Florida | Hero Certified Burgers | Warehouse store | Wilton Mall | Opry Mills | Santa's Workshop (Colorado) | Carrefour | S.A.C.I. Falabella | Lewis's | Walt Whitman Shops | Celebrity Home Entertainment | Cargo Records (Canada) | Brico Dépôt | The Works (restaurant) | Frank Lowy | Saratoga Mall | Bedok Mall | Digital Media Factory | Lowe's | Hellfest (American music festival) | Chainsaw (Scream Queens)",1,1,1.0,0,1,1.0,0.5,1.0,1.0,1.0,1.0
dense,pooled,5ab6ff3a5542991d3222372a,bridge,hard,James Fieser received his B.A. from what liberal arts work college that was founded in 1855?,Berea College | James Fieser,"James Fieser | Liberal arts college | Macalester College | List of liberal arts colleges | Bard College Berlin | Feirstein Graduate School of Cinema | Scott Christian College | Work college | Alice Lloyd College | C. Hugh Holman | College of Charleston | James Packer | Columbia University | Reds Bagnell | United Negro College Fund | Eugene Habecker | King's College London | Jeffrey Stanley | Faith Lutheran College, Redlands | James P. Comer | Gateway College of Architecture and Design | UC Berkeley College of Natural Resources | Claudio Pellegrini | Tyler School of Art | Western University of Health Sciences | Robert Parker Parrott | Mississippi Institute of Arts and Letters | Berea College | Princeton Neuroscience Institute | Cineriz | Darnell Autry | Ismail Yusuf College | Kurt Burris | Ian Harland | Masters and Johnson | Charles Teague (baseball) | University of the Incarnate Word | John Frederick Fogerty | Ottoman Military College | Wolfson College, Cambridge | Texas Tech University | Samuel Eliot Morison | David C. Funder | 2015 Brownlow Medal | James Gamble Rogers II | Alfred Gell | George Abbott | Lev Kuleshov | Southeastern Conference | Samuel Poe",1,1,1.0,0,0,0.0,0.5,0.5,0.5,1.0,1.0
dense,pooled,5a7a46605542994f819ef1ad,bridge,hard,What year did Roy Rogers and his third wife star in a film directed by Frank McDonald?,Along the Navajo Trail (film) | Dale Evans,"Frank McDonald (director) | Dale Evans | Song of Arizona | San Fernando Valley (film) | Rainbow Over Texas | Roy's Wedding | The Pastor's Wife (film) | Lights of Old Santa Fe | James Gamble Rogers II | Sons of the Pioneers (film) | Roy Holder | Striking Distance | James Dean | Kerr Smith | McFarland, USA | Roy Harper (comics) | Mr. Church | Ashley Cheadle | David Weissman | Arthur Roberts (editor) | Santa Claus: The Movie | Marion Christopher Barry | The Lone Ranger (2013 film) | My Pal Trigger | Ralph Murphy | Delmer Daves | Estelle Hemsley | Christy Sutherland | Bruno Kirby | Scott Sidney | Rich Lee | Connie Sawyer | The Prince and Me | Kam Heskin | Brewster McCloud | Parrish (film) | Adam Collis | Broken Arrow (1950 film) | Araby Lockhart | Don't Fence Me In (film) | Last Action Hero | Man from 1997 | Harry Bowen (actor) | The Fear Merchants | Shaunna O'Grady | Mary Poppins Returns | Chris McKay | Ed Wood (film) | Harsh Times | The Polar Bears",1,1,1.0,0,0,0.0,0.5,0.5,0.5,0.5,0.5
dense,pooled,5ade7a435542997c77adee3a,bridge,hard," The name ""Mountbatten-Windsor"" applies to male-line descendants of the Queen without royal styles and titles which is a Eurpean dynasty resulting in what family?",Mountbatten family | Mountbatten-Windsor,"Mountbatten-Windsor | List of members of the House of Windsor | Mountbatten family | Princess Henriette of Nassau-Weilburg | House of Capet | Prince Andrew, Duke of York | Cadet branch | List of royal tours of Canada (21st century) | Accession Council | Baron de Mauley | Capetian dynasty | Goštautai | Kingdom of Northumbria | Princess Olga of Hanover | Royal Marriages Act 1772 | George II, Earl of March | Viscount Trenchard | Godwin, Earl of Wessex | Laeliocattleya | Gytha Thorkelsdóttir | Catuvellauni | Corieltauvi | Queen's Day (disambiguation) | Dukenfield Hall | Zulu royal family | Earl of Aylesford | Ajugeae | Gospatric, Earl of Northumbria | Broughtonia | Duke of Leuchtenberg | Dipangkorn Rasmijoti | Broughtonia sanguinea | Earl Belmore | Batonishvili | George Percy, 5th Duke of Northumberland | Coprosma repens | Earl of Dunbar | Ashur-etil-ilani | Androuet du Cerceau | Baron Dunalley | St James's Palace | Domitia Lepida the Elder | Auchterhouse Castle | President of the Queen's Privy Council for Canada | Birthday Honours | The Prince &amp; Me 2: The Royal Wedding | Lord of Islay | Edith the Fair | George Gordon (bishop) | Aonghus Mór",1,1,1.0,0,1,1.0,0.5,1.0,1.0,1.0,1.0
dense,pooled,5ac1795f5542994ab5c67d5f,bridge,hard,Who is known for producing the documentary television series based on the book by science historian James Burke?,Connections (TV series) | James Burke (science historian),The Day the Universe Changed | James Burke (science historian) | Connections (TV series) | Cosmos: A Spacetime Odyssey | CBS Television Workshop | Richard Hammond's Engineering Connections | Sci Fi Science: Physics of the Impossible | George Abbott | Comedy Film Nerds | John S. Burke Catholic High School | Shannon Bell | Thomas H. Ince | Sam Means | James Fieser | Ed Wood | The Knick | Kendrick Frazier | Man from 1997 | Stargate: Continuum | Steve Malzberg | Merlin Book 10: Shadows on the Stars | London International Documentary Festival | Eric Ambler | John Waters | Thomas Ince: Hollywood's Independent Pioneer | Jeff Hephner | The Stones (TV series) | Buried Country | William Connolley | Stargate SG-1 | Amy Corzine | James Packer | Alfred Balk | Sarah Palin's Alaska | Johnny Galecki | Stewart Stern | Jimmy Fallon | Eric Overmyer | Freakonomics (film) | David Kohan | Agee (film) | Brian C. Bialiy | Thomas Friedman | Beautiful Young Minds | Raimund Harmstorf | The Drop-In (podcast) | Jim Backus | The Nerdist Podcast | Clinton Walker | E. J. Carroll,1,1,1.0,0,1,1.0,0.5,1.0,1.0,0.5,0.5
dense,pooled,5ab1e984554299340b525428,comparison,hard,which is larger Asante Traditional Buildings or Gulangyu?,Asante Traditional Buildings | Gulangyu,"Asante Traditional Buildings | List of tallest buildings in São Paulo | Hanggin Rear Banner | Gulangyu | Republic Plaza (Singapore) | Imanishi family's House | Groups of Traditional Buildings | One Raffles Place | Sala (architecture) | Azam mosque of Qom | Yunnan Provincial Museum | Clock Tower of Murshidabad | Esma Sultan Mansion | Shuangmiao, Inner Mongolia | Dali–Ruili Railway | Gajabrishta | CapitaGreen | Gwangjang Market | Nusretiye Clock Tower | Sima Hydroelectric Power Station | Kunming | Ashanti Region | Kertha Gosa Pavilion | Eski Imaret Mosque | Jeonju Hanok Village | Cultural Property (Japan) | Montezuma Castle National Monument | One Raffles Link | Gorontalo | Sultan Ahmed Mosque | Pandanus conoideus | Patan minara | Kasi (Pashtun tribe) | Luang Namtha Museum | Chatta Bazaar | Roman Catholic Diocese of Yingkou | Bank of China Tower (Hong Kong) | Achalla | Kumanovo Clock Tower | Laleli Mosque | Kunming Museum | Chahar Right Rear Banner | Horqin Left Rear Banner | Andlang | Todai (restaurant) | Centro de Congresos Queretaro | Geography of the Philippines | Xiapu County | Cão de Gado Transmontano | Chak 86/6.R Sahiwal",1,1,1.0,0,1,1.0,0.5,1.0,1.0,1.0,1.0
dense,pooled,5a86769c5542994775f60776,bridge,hard,Armageddon in Retrospect was written by the author who was best known for what 1969 satire novel?,Armageddon in Retrospect | Kurt Vonnegut,Armageddon in Retrospect | Armando Mook | Give War a Chance | Kurt Vonnegut | Eric Ambler | Roald Dahl | W. F. Morris | Summer of the Monkeys | The Collected Short Stories of Roald Dahl | Satyricon | Revenge tragedy | Claudia Durst Johnson | Roald Dahl: Collected Stories | Persistence of Memory | The Last English King | The Sum of All Fears | Richard Ford | Rick Wilber | J. T. Petty | Revengers Tragedy (album) | National Lampoon 1964 High School Yearbook Parody | Orlando: A Biography | Idiocracy | The Revengers' Comedies | Little Big Man (novel) | Joanna Russ | Dead Man's Land | Murder of Grace Brown | Deadfall (1993 film) | C. Hugh Holman | Richard Marsh (author) | Hugh Gallagher (humorist) | William R. Harwood | Ender's Game (series) | Roald Dahl short stories bibliography | The Lord of the Rings | Tahar Rahim | Walter Sorrells | Parrish (film) | Irish prose fiction | Revengers Tragedy | Wendell Berry | The Golden Hour (novel) | Jay Cronley | Moments of Being | Shadows in Flight | Winfred Blevins | 4 a.m. (novel) | Animorphs | Edward Albee,1,1,1.0,0,1,1.0,0.5,1.0,1.0,1.0,1.0
dense,pooled,5ab7da6f55429928e1fe3928,bridge,hard,Patrick Kennedy is known for his collections of Irish  folktales from a province situated in which part of Ireland ?,Leinster | Patrick Kennedy (folklorist),"Patrick Kennedy (folklorist) | Irish Fairy Tales | Jack and His Comrades | Brian Kennedy (singer) | Irish prose fiction | Patrick Kennedy (1823–1858) | The Greek Princess and the Young Gardener | Official Ireland | Paddy O'Toole | Donegal Celtic F.C. | Irish Bulletin | History of Irish Americans in Boston | Catholic Church in Ireland | Patrick IV, Earl of March | Castle Richmond | Seumas MacManus | History of Sinn Féin | Aonghus Mór | Gerry Adams | The Voice of Ireland (series 4) | History of the Irish Americans in Philadelphia | Simon Coveney | Paddy O'Rourke (Meath footballer) | The Magical Legend of the Leprechauns | Robert Erskine Childers | Republican Sinn Féin | Enda Kenny | Sinn Féin Front Bench | Fomorians | Banshee | Lisburn Distillery F.C. | Gospatric, Earl of Northumbria | Leinster | Kingdom of the Isles | Sean Connor | Frances Fitzgerald (politician) | List of rulers of the Kingdom of the Isles | Finn Iunker | Workers' Party of Ireland | Leader of Fine Gael | Norse mythology | Earl Belmore | Leader of Sinn Féin | Earl of Lanesborough | Sága and Sökkvabekkr | Sindhi folk tales | William Street, Limerick | R509 road (Ireland) | McLean, Virginia | Ancient Order of Hibernians",1,1,1.0,0,0,0.0,0.5,0.5,0.5,1.0,1.0
dense,pooled,5ae497f15542995ad6573db8,bridge,hard,What NIFL Premier Intermediate League team did Sean Connor play for?,Lisburn Distillery F.C. | Sean Connor,Sean Connor | NIFL Premier Intermediate League | Northern Ireland Intermediate League | Sport &amp; Leisure Swifts F.C. | Northern Ireland Football League | Donegal Celtic F.C. | Kevin Sheehan | 1995–96 Manchester United F.C. season | Newington Youth F.C. | Jack Truelove | Curt Johnson (soccer) | National League (English football) | Paddy O'Rourke (Meath footballer) | Calvin Tyler Scott | Queen's University Belfast A.F.C. | Martin Linnes | Kevin Lockett | Ryan Johansen | Joshua Parlby | National League North | Marc Parenteau | 2017–18 Wigan Athletic F.C. season | Dean Valli | Wayne Parnell | Grant Smith (footballer) | Ernest Mangnall | Curtis Glencross | Tyler Kalinoski | Nick Powell | Marcus Bontempelli | Bjørn Helge Riise | Chris Williams (English footballer) | Lahore Qalandars in 2016 | 1983 Volvo International – Doubles | Kenton Richardson | Zulqarnain Haider | 1982 Volvo Masters – Doubles | Sir Matt Busby Sports Complex | Kent County Cricket Club in 2013 | Matt Busby | Jonathan Toews | Tom Draper | Luke Hubbins | George Young (Scottish footballer) | Muggsy Bogues | 1983 Donnay Indoor Championships – Doubles | Toby Sibbick | Kasper Schmeichel | Keith Bostic (American football) | Kevin Garnett,1,1,1.0,0,0,0.0,0.5,0.5,0.5,1.0,1.0
dense,pooled,5ae6f2a7554299572ea5464a,bridge,hard,"Which character does this protagonist, who secretly loves and marries a member of the rival house, of William Shakespeare's tragedy that has a fictional character Benvolio slay?",Benvolio | Romeo,"Benvolio | Romeo | Juliet | Revengers Tragedy | Critical approaches to Hamlet | Prince Hamlet | Shakespearean tragedy | A rose by any other name would smell as sweet | Romeo and Juliet (1954 film) | The Tragedy of Romeo and Juliet (film) | Romeo + Juliet | Appius and Virginia | Revenge tragedy | A Thing of Beauty | The Revengers' Comedies | Romeo × Juliet | Tromeo and Juliet | Voltaire in Love | Macbeth | Romeo and Juliet on screen | Animorphs | Satyricon | Caroline Carver (actress) | The Devils (play) | Commedia all'italiana | Shakespeare Public House, Bristol | The Sopranos | Idiocracy | Victor Newman | Elinor Kershaw | The Magical Legend of the Leprechauns | Caroline Spencer | About a Boy (film) | Altair (film) | David Dencik | David Alden | Sara Botsford | Alice David | List of Romeo × Juliet episodes | Frostbite (Mead novel) | Finding the Sun | CrissCross | Lourenço Mutarelli | Le Conversazioni | Jean Portante | Brian Dennehy | Dark Passage (film) | Reed A. Albee | Rafferty (1980 TV series) | Divorce Italian Style",1,1,1.0,1,1,1.0,1.0,1.0,1.0,1.0,1.0
dense,pooled,5adea9ea55429939a52fe934,bridge,hard,"What was the name of the fanzine that interviewed the Sex Pistols bassist when he was in the band ""The Flowers of Romance?""",Sid Vicious | The Flowers of Romance (band),The Flowers of Romance (band) | Sid Vicious | Nancy Spungen | The Idols with Sid Vicious | Glen Matlock | Ex Pistols | The Swindle Continues | Live at Winterland 1978 (Avengers album) | Bodies (Sex Pistols song) | Revolution in the Classroom | Daryl Hall | Hall &amp; Oates | Carl Barât | Bad News (band) | Gerry Marsden | List of Canned Heat members | Steven Adler | Jonathan Wolfson | INXS | Mike Smith (A&amp;R man) | Gallery (magazine) | Anthony Rossomando | Love in Motion (song) | We Can Get Together | John Hartmann | Dev Hynes | Guns N' Roses discography | Nick Cordero | Tim Hecker | Lady Antebellum | Can't Help Myself | Kevin Shields | Terry Richardson | Winnebago Deal | Dave Meros | Peter Swales (historian) | Jack Endino | Susie Bright | Operation Mojo | Lostprophets | Radio Amor | Peter Morén (drummer) | Chris Funk | Sean Yseult | Slash's Blues Ball | Join Hands | The Suicide File | Aurelio Valle | Brenda Bennett | Gary Cherone,1,1,1.0,1,1,1.0,1.0,1.0,1.0,1.0,1.0
dense,pooled,5a7caae75542996dd594b971,bridge,hard,"What, known as AAS, is commonly used in bodybuilding?",Anabolic steroid | Steroid use in Australia,Anabolic steroid | Methyltestosterone | Steroid use in Australia | Metandienone | Rabid Neurosis | CytoSport | Energy shot | 1991 Ms. Olympia | Distal renal tubular acidosis | Naval gunfire support | 1980 Ms. Olympia | 25 Field Ambulance | 1981 Ms. Olympia | United States naval gunfire support debate | PRX-07034 | Case Gym | 1975 Mr. Olympia | Test Icicles | Chronic Respiratory Disease | Susan Lark | Index of alcohol-related articles | SARS (disambiguation) | Ancient Order of Hibernians | Renal tubular acidosis | Low pressure receptors | Real estate technology | Sylvia Agnes Sophia Tait | English Electric Canberra | Henkel | List of multi-sport athletes | 486th Flight Test Squadron | Liquid Acrobat as Regards the Air | Cardinal Health | Ragbi Klub Mornar Bar | Defence Force Service Medal | Rave music | Isopropyl alcohol | List of Major League Baseball batting champions | Vetigel | Type 4 rifle | National Association for Public Health Policy | Pulmonary rehabilitation | Australian Ecology Research Award (AERA) | Solidago ouachitensis | International Boxing Federation | Severe acute respiratory syndrome | 2017 Mr. Olympia | Aldosterone | Angiotensin | Type I Rifle,1,1,1.0,0,1,1.0,0.5,1.0,1.0,1.0,1.0
dense,pooled,5ac01bb8554299012d1db5a6,bridge,hard,"Which American character actor who starred on the television series ""Stargate SG-1"" (1997–2007) and appeared in ""Episode 8"" of ""Twin Peaks"" as a guest star?",Don S. Davis | Episode 8 (Twin Peaks),Don S. Davis | Stargate SG-1 (season 8) | Samantha Carter | George Hammond (Stargate) | Redemption (Stargate SG-1) | Vala Mal Doran | Stargate: Continuum | Stargate SG-1 | Lost City (Stargate SG-1) | Episode 8 (Twin Peaks) | Sela Ward | Roger Howarth | James Dean | John Amos | Andy Umberger | Andy Milder | Johnny Galecki | Sam Means | Kerr Smith | Sara Botsford | Michael C. Hall | Stanton Y. Hill | Arnold Schwarzenegger filmography | Mitch Pileggi | The Fault in Our Stars (film) | Hilarie Burton | Armie Hammer | General Hospital cast members | Jeff Hephner | My Family (series 1) | Audra McDonald | Rose McGowan | Jim Backus | Ed Wood | John Black (Days of Our Lives) | Pietro Germi | Sal Mineo | Sarah Drew | Earl and Edgar McGraw | Burt Gummer | Whitney Dean | Beverly Marshall | Lucy Fry | Lucas Grabeel | Humphrey Goodman | Ashley Cheadle | Katherine Waterston | Sianoa Smit-McPhee | Robert Belushi | John Waters,1,1,1.0,0,0,1.0,0.5,0.5,1.0,1.0,1.0
dense,pooled,5abc3a65554299700f9d782d,bridge,hard,Candy Coburn has shared the stage with an American country music group with who playing guitar?,Candy Coburn | Lady Antebellum,Candy Coburn | Hall &amp; Oates | Even Steven Levee | Tom Morello discography | Mark Arm | Gruhn Guitars | John England &amp; the Western Swingers | Daniel House | Chris Funk | Jamboree (Beat Happening album) | Jonathan Wolfson | Levolution (album) | List of Canned Heat members | Mabel Greer's Toyshop | M Music &amp; Musicians | Screaming Trees | Au Pairs (band) | Supagroup | Rodney Slatford | Volbeat | Tom Rothrock | Leah Flanagan | Lady Antebellum | Music Maker (label) | Local H | Daryl Hall | Blast! (musical) | Aurelio Valle | Hammerjack's | Mick (DJ) | Timothy &quot;Yogi&quot; Watts | Jason Gilbert | 'Tis Autumn | Tubular Bells for Two | The Suicide File | Lee Hazlewood | INXS | Original Sound | Daughtry (album) | Brad Alexander | Gary Cherone | Dave Meros | The Saturdays | Sean Yseult | Truly | Bradley Gaskin | Kevin Shields | American Blues | Chris Hanzsek | Altamont Diary,1,1,1.0,0,0,0.0,0.5,0.5,0.5,1.0,1.0
dense,pooled,5ae3ff575542995dadf242aa,bridge,hard,What is the population according to the 2007 population census of the city in which the National Archives and Library of Ethiopia is located?,Addis Ababa | National Archives and Library of Ethiopia,"National Archives and Library of Ethiopia | Addis Ababa | List of ethnic groups in Ethiopia | National Archives of Zambia | Ethiopian Legal Information Website | National Archives of Bangladesh | National Archives of Namibia | National Archives of Mauritania | Outline of Ethiopia | 2001 Bangladesh census | Ashanti Region | Bibliothèque et Archives nationales du Québec | Sabaa Al Bour | Demography of Greater Manchester | Herbert S. Lewis | Rabat | Urbanisation in India | Hanggin Rear Banner | Religion in Ghana | Biratnagar | Ellenbrook, Western Australia | Ephigenia of Ethiopia | Embassy of the United States, Nairobi | McLean, Virginia | Achalla | Goonellabah, New South Wales | Bhadrabas | Borough of Berwick-upon-Tweed | Ife Piankhi | Zeresenay Alemseged | Office of Population Affairs | Asante Traditional Buildings | Wale Adebanwi | Chernivtsi | The Conversation (website) | Pune district | Albertina | Museumsdorf Niedersulz | Haripur Barabari | Scout Tufankjian | Southaven, Mississippi | National Intelligence Board | National Intelligence Estimate | Smyrna, Georgia | Village accountant | Catholic Church in Ireland | Inge Kaul | Bangor, Maine | Shomwa Shamapande | Irish Bulletin",1,1,1.0,1,1,1.0,1.0,1.0,1.0,1.0,1.0
dense,pooled,5a89fb525542993b751ca9d6,bridge,hard,Which composer created Night Ferry first performed in 2012 at Symphony Center in Chicago?,Night Ferry (composition) | Symphony Center,"Night Ferry (composition) | Symphony Center | Proceed, Moon | Symphony No. 5 (Rouse) | Clarinet Concerto (Rouse) | Soundings (Carter) | Alexis Soriano | Joseph Anderer | The Seamstress (Clyne) | Six Violin Sonatas, Op. 5 (Vivaldi) | Spangled Unicorn | Ferry Cross the Mersey | Legend (film score) | One Night (ELO Part II album) | Barbara Higbie | Viola Concerto (Walton) | Crystal Bright | Music City Queen | Sunset Blvd. (Yancey Boys album) | Freudiana | Manuel Quiroga (violinist) | Ambroise Thomas | Jacopo Puccini | Bob Seger | Samuel Sim | Paul Méfano | Kingston Morning | Concord Pavilion | Tomaso Albinoni | Kansas City jazz | Oleson Park Music Pavilion | Darkroom (TV series) | Joby Talbot | Domino (Van Morrison song) | One Night Only (TV series) | Camille Zamora | Black Nativity | Chris Hanzsek | By the Beautiful Sea (song) | Alternative Energy (composition) | The Great Locomotive Chase Festival | Freshwater (opera) | Almost Saturday Night | Antonio Vivaldi | The Caledonia Soul Orchestra | The Boatniks | Darkthrone | Perfect Day (Cascada album) | Jane Vain and the Dark Matter | For One Night Only (Irish TV series)",1,1,1.0,1,1,1.0,1.0,1.0,1.0,1.0,1.0
dense,pooled,5ab3d69255429969a97a81c9,bridge,hard,To which aircraft carrier was the VMF-213 Marine Fighting Squadron assigned to durning World War II?,USS Essex (CV-9) | VMF-213,"VMF-213 | VMF-512 | VMF-222 | VMF-221 | VMF-452 | VMF-511 | VMF-111 | VMF-215 | VMF-236 | VMAQT-1 | USS Belleau Wood (CVL-24) | No. 12 Squadron RAAF | No. 2 Squadron RAAF | Edwin A. Doss | 514th Flight Test Squadron | USS Essex (CV-9) | 410th Bombardment Squadron | 122nd (Muskoka) Battalion, CEF | USS Proton (AG-147) | 122d Fighter Squadron | 339th Flight Test Squadron | Wooster and Davis | Hans Jenisch | 413th Flight Test Squadron | 2/40th Battalion (Australia) | 417th Flight Test Squadron | 415th Flight Test Flight | USS Trippe (FF-1075) | German destroyer Z43 | 122nd Hydroplane Liaison Squadron | 370th Flight Test Squadron | Tonkin Gulf Yacht Club | J. Edward Snyder | 419th Flight Test Squadron | Battle of Peleliu | Asiatic-Pacific Theater | Manfred Meurer | Georges Madon | USS Belleau Wood (LHA-3) | Egon Mayer | 486th Flight Test Squadron | New York Shipbuilding Corporation | 122nd Fighter Aviation Squadron | 10th Flight Test Squadron | MV Empire Windrush | Paul Zorner | Operation Market Time | Fighter Pilot: Operation Red Flag | Clifton B. Cates | Ayesha Farooq",1,1,1.0,0,0,0.0,0.5,0.5,0.5,1.0,1.0
dense,pooled,5ac5199a5542994611c8b38a,comparison,hard,Can Stenocereus and Pachypodium both include tree like plants?,Pachypodium | Stenocereus,Pachypodium | Stenocereus | Pachypodium lealii | Tree fern | Pilgerodendron | Leptosporangiate fern | Coprosma repens | Phlebodium | Phlebodium aureum | Eucryphia | Calochilus | Parkia timoriana | Silene stenophylla | Adenocarpus viscosus | Cypress-pine | Cupressus | Caladenia | Libocedrus | Sorbaria | Goldenrod | Ehretia | Silene suksdorfii | Pieris (plant) | Solidago elongata | Solidago curtisii | Solidago ouachitensis | Cattleytonia | Solidago rugosa | Solidago rupestris | Marsileaceae | Our Casuarina Tree | Screaming Trees discography | Marsilea minuta | Fruitadens | Solidago uliginosa | Solidago speciosa | Leptospermum | Ajugeae | Sphaerotholus | Paracaleana | Xanthoceras | Brintonia | Huernia | Pieris floribunda | Fen | Fokienia | Cypress | Elephant | William Henry Nicholls | Marsilea,1,1,1.0,1,1,1.0,1.0,1.0,1.0,1.0,1.0
dense,pooled,5ae048a255429924de1b708e,bridge,hard,What movie did Pitof direct which had an action-adventure tie-in video game based off of it in 2004?,Catwoman (film) | Catwoman (video game),"Gamer (film) | Tron Evolution: Battle Grids | Lego Star Wars: The Video Game | Amen: The Awakening | Jump into Hell | Fatal Games | The Hunger Games (film series) | X-Men: The Official Game | Parallels (film) | Star Trek (2013 video game) | Tron: Evolution | List of Walt Disney Pictures films | The Petrified Forest | Starfaring | List of Tomb Raider media | Lego Knights' Kingdom | Lara Croft: Tomb Raider | Planet Terror | The Boatniks | Gone in 60 Seconds (2000 film) | Lara Croft Go | Deadfall (1993 film) | Tomb Raider | Dog Tales (1958 film) | A Summer in the Cage | Golden Globe Award for Best Animated Feature Film | Arena of Khazan | Project I.G.I.: I'm Going In | Santa Claus: The Movie | Tracker (1987 film) | Mercenaries, Spies and Private Eyes | The Card (1952 film) | The Lost Vikings | The Lego Batman Movie | Kingsglaive: Final Fantasy XV | Half-Life 2: Lost Coast | Brandon Dickerson | True Lies | Catwoman (video game) | Suicide Kings | Chris McKay | My Bloody Valentine 3D | Robin Hood (2018 film) | The Hunger Games: Mockingjay – Part 1 | The General (1926 film) | The Hunger Games: Mockingjay – Part 2 | Outlast | Bridge to Terabithia (1985 film) | Tunnels &amp; Trolls: Crusaders of Khazan | Dinosaur (film)",0,0,0.0,0,0,0.0,0.0,0.0,0.0,0.0,0.02564102564102564
dense,pooled,5a9068a95542990a98493621,bridge,hard,"on 16 January 1995 ""First Knight"" was being filmed at a studio located how far from Windsor ?",Filming of James Bond in the 1990s | Pinewood Studios,"Filming of James Bond in the 1990s | Pinewood Studios | Adventures of Superman (TV series) | London International Documentary Festival | List of royal tours of Canada (21st century) | Lego Knights' Kingdom | Striking Distance | Street Kings 2: Motor City | Batman v Superman: Dawn of Justice | La Femme Musketeer | The Prince &amp; Me 2: The Royal Wedding | Marcel Trillat | The Lone Ranger (2013 film) | Charles Craft | The Works (restaurant) | Conexus Arts Centre | SuperMansion | Lara Croft | List of members of the House of Windsor | Salisbury Woodland Gardens, Blackpool | One Marina Boulevard | The Lego Batman Movie | List of Walt Disney Pictures films | The Prince and Me | Docville | C24 Gallery | One Night in Istanbul | Man of Steel (film) | Corus Quay | Wonder Woman (2017 film) | Hatton Castle, Aberdeenshire | Lara Croft: Tomb Raider | Mountbatten-Windsor | Stanley Park, Blackpool | Kent County Cricket Club in 2010 | Sacred Planet | DC Extended Universe | List of Tomb Raider media | Celebrity Home Entertainment | McLean station | Team Fortress 2 | Mount View, New South Wales | 1982 Volvo Masters – Doubles | Jessica Todd Harper | The Great Movie Ride | Michael Wynne (playwright) | Dirleton Kirk | Let That Be Your Last Battlefield | Lara Croft Go | Castle Richmond",1,1,1.0,1,1,1.0,1.0,1.0,1.0,1.0,1.0
dense,pooled,5adf9dc3554299025d62a2e6,bridge,hard,"What is the name of the actress who has received a Drama Desk award and was part of the cast album for the 2007 Broadway production of the hit musical, ""Grease""?",Grease: The New Broadway Cast Recording | Laura Osnes,Grease: The New Broadway Cast Recording | Laura Osnes | Drama Desk Award for Outstanding Director | Drama Desk Award for Outstanding Solo Performance | Gerard Alessandrini | Marta Ribera | Open Admissions | Kenneth Posner | Laura Linney | Blythe Danner | Sara Botsford | Araby Lockhart | Audra McDonald | John Lithgow | Brad Alexander | Sela Ward | Shirley Temple | Oppenheimer Award | Sarah Drew | My Fair Lady (Broadway cast recording) | BAFTA Rising Star Award | Sumie Tanaka | 71st Golden Globe Awards | Nora Ephron | Betty Suarez | Milan Murray | 2014 Young Hollywood Awards | Al Pacino | Jolin Tsai filmography | Matilda Lutz | Leontyne Price | Young Hollywood Awards | Eleonora Pedron | Connie Sawyer | Nick Cordero | Mary Zophres | Maureen Dragone | Azie Mira Dungey | Ellie Kemper | Camille Zamora | Evelina Simonaho | Ashley Cheadle | Ava DuVernay | Dan Castellaneta | Sage Kirkpatrick | Manorama (Tamil actress) | Janet Jackson | American Beauty (soundtrack) | Emayatzy Corinealdi | Patricia Longo,1,1,1.0,1,1,1.0,1.0,1.0,1.0,1.0,1.0
dense,pooled,5ae406245542995dadf242e2,bridge,hard,"Marion Greene was a health policy analyst for St. Judt Medical company, which had how many principal operations worldwide?",Marion Greene | St. Jude Medical,"Everette James | Marion Greene | Steven K. Galson | United States Public Health Service | National Association for Public Health Policy | Elizabeth Neilson | Roger O. Egeberg | Diana Zuckerman | Sachin H. Jain | Pamela B. Davis | Ann Wigmore | Edward D. Martin | Health services research | Center for Pan Asian Community Services, Inc. | Cardinal Health | Terren Peizer | Susan Lark | Gloriana St. Clair | California Center for Public Health Advocacy | Hyrum W. Smith | William Masters | Carey Olsen | Kripalu Center | Pamela Gilbert | Physicians Mutual | Office of Population Affairs | Melissa Fay Greene | The White House Doctor | Jonathan Michael Ansell | Virginia Commonwealth University | Truth Initiative | Western University of Health Sciences | Pharma Medica | Annie Morton | Frank L. Schmidt | Virginia E. Johnson | E. Mavis Hetherington | Viktoras Kulvinskas | St. Jude Medical | Edgar Kaiser Sr. | Supporting Healthy Marriage Project | 25 Field Ambulance | Supreme Life Building | Lush (company) | Masters and Johnson | Sicko | Lee Terry | Darrell Crate | Dana Shires | Franz Josef Och",1,1,1.0,0,0,0.0,0.5,0.5,0.5,0.5,0.5
dense,pooled,5ab6369655429953192ad2a1,comparison,hard,Which Genus has more species Eucryphia or Lepidozamia ?,Eucryphia | Lepidozamia,Eucryphia | Lepidozamia | Phlebodium | Be'er Sheva fringe-fingered lizard | Durvillaea willana | Ajugeae | Araripesuchus wegeneri | Cupressus | Myiodynastes | Huernia | Leptosporangiate fern | Libocedrus | Fokienia | Solidago uliginosa | Sinocyclocheilus | Ingerophrynus | Goldenrod | Phlebodium aureum | Solidago ouachitensis | Caladenia | Ehretia | Marsilea minuta | Marsilea | Sinopieris | Silene | Adenocarpus viscosus | Pilgerodendron | Stenocereus | Inquiline | Ferocactus | Laeliocattleya | Leptospermum | Sphaerotholus | Calochilus | Broughtonia sanguinea | Pieris (butterfly) | Pachypodium | Pieris canidia | Sorbaria | Brintonia | Solidago curtisii | Hawkinsara | Silene tomentosa | Elephant | Dictyosperma | Leucopaxillus gentianeus | Solidago speciosa | Xanthoceras | Pachypodium lealii | Solidago elongata,1,1,1.0,1,1,1.0,1.0,1.0,1.0,1.0,1.0
dense,pooled,5ae628f55542995703ce8b32,bridge,hard,"In what city was the Italian Baroque composer who composed a set of sonatas, titled Op. 5, born?","Antonio Vivaldi | Six Violin Sonatas, Op. 5 (Vivaldi)","Six Violin Sonatas, Op. 5 (Vivaldi) | Domenico Scarlatti | Antonio Vivaldi | Tomaso Albinoni | Luigi Rossi | Antonio Lotti | List of major opera composers | Lorenzo Ratti | Jean-Baptiste Senaillé | Francesco Scarlatti | Jacopo Puccini | George Frideric Handel | Ambroise Thomas | Symphony No. 5 (Rouse) | Manuel Quiroga (violinist) | Ferdinando Provesi | Impresario | Camille Zamora | Paul Méfano | Gianni Schicchi | Giuseppe Verdi | Mozarteum Argentino | Valli (album) | Enrique Banchs | Bernhard Bötel | Marino Franchitti | O mio babbino caro | Music composition and composers in Pristina | Antonio Rotolo | Commedia all'italiana | Tony Ave | Alexis Soriano | Ottavio Alessi | Conchita Badía | Guido Caldarelli | Viola Concerto (Walton) | John Hartmann | Clarinet Concerto (Rouse) | Myrna Sharlow | Armando Mook | Keyboard glockenspiel | Lipstick (1960 film) | Timbiriche VIII &amp; IX | Piazza Colonna | Jean Portante | Joby Talbot | Jean Baptiste Assenede | Proceed, Moon | Calcedonio Di Pisa | Cesira Ferrani",1,1,1.0,0,1,1.0,0.5,1.0,1.0,1.0,1.0
dense,pooled,5adccdd55542992c1e3a2408,bridge,hard,"Meaning ""reddish water"" in Hawaiian, which location was Butch Van Artsdalen known for surfing 25-foot waves at?","Butch Van Artsdalen | Waimea Bay, Hawaii","Butch Van Artsdalen | Waimea Bay, Hawaii | Coco Ho | John John Florence | Waimea | Waimea Canyon State Park | Lake surfing | Surfer hair | Andy Irons | Tow-in surfing | Supertubos | Kalākaua | Sea nymph | Tappi Tíkarrass | San Francisco Bay Area Water Trail | Oceans (film) | Mister Pipeline | MEO Rip Curl Pro Portugal 2016 | Samoa | René Dif | Ruakuri Cave | MEO Rip Curl Pro Portugal | MEO Rip Curl Pro Portugal 2017 | Barton Lynch | Red Rock River (Montana) | Hawaii Senate | Lord Howe Island | Aurelio Valle | Moche Rip Curl Pro Portugal 2015 | Søren Rasted | Moche Rip Curl Pro Portugal 2014 | Aloha Dalire | Nobuteru Yūki | Skimboarding | Jaluit Atoll | Muumuu | Thái Bình River | Lene Nystrøm | Fomorians | Shelly Beach, New South Wales | Kakoy Legaspi | Merrie Monarch Festival | François Coli | Duke Tumatoe | Vilsandi | 127 Hours | Mactan | Ostava | Bitið fast í vitið | Charles Hastings Judd",1,1,1.0,1,1,1.0,1.0,1.0,1.0,1.0,1.0
dense,pooled,5abd1529554299114383a1e3,bridge,hard,What type of magazine is Eugene Habecker the chairman of?,Christianity Today | Eugene Habecker,Eugene Habecker | The Warren Buffett Way | Snoecks | Wendell Berry | Claudio Fernández-Aráoz | Jim Puplava | Kendrick Frazier | Thomas Friedman | James Fieser | Warren Buffett | Nerdist News | Jens Risom | Scout Tufankjian | Terry Richardson | David C. Funder | C. Hugh Holman | P. J. O'Rourke | Howard Graham Buffett | Lee Terry | Hänt Bild | Howard Warren Buffett | Gerry Marsden | Everette James | Journal of Thoracic Disease | Farr House | George D. Buffett | Index Magazine | Edgar Kaiser Sr. | Thomas Hylland Eriksen | Maureen Dragone | National Association for Public Health Policy | Jessica Todd Harper | Keith Bostic | Gallery (magazine) | Wonder en is gheen Wonder | Mahbub ul Haq | Don Bousquet | Robert Suettinger | Alfred Balk | Nerdist Industries | Susan Buffett | Brad Parscale | W. Morgan Petty | Buffett Foundation | Joe Scarborough | Peter Swales (historian) | Harry Connick Jr. | Dana Shires | James Packer | Frank L. Schmidt,1,1,1.0,0,0,0.0,0.5,0.5,0.5,1.0,1.0
dense,pooled,5a78db8055429970f5fffdb2,bridge,hard,"Flyboys stars which actor who was nominated for an Academy Award for ""127 Hours""?",Flyboys (film) | James Franco,Flyboys (film) | 127 Hours | List of accolades received by 127 Hours | John Lithgow | Flying with Music | Danny Boyle | Conrad Brooks | Academy Award for Best Film Editing | Farooq Sheikh | John Waters | Mihai Mălaimare Jr. | Pietro Germi | Treat Williams | 127 Hours (soundtrack) | Farhaan Faasil | Ed Wood (film) | Július Satinský | James Franco | Al Pacino | 12th Youth in Film Awards | Andy Umberger | 71st Golden Globe Awards | Manorama (Tamil actress) | Young Hollywood Awards | Hoppy Serves a Writ | David Kohan | Brian Dennehy | Bobby Fox | City of Stars | Duniya Vijay | Christopher Greenbury | Corey Allen | Drama Desk Award for Outstanding Director | David Ayer | Lost City (Stargate SG-1) | BAFTA Rising Star Award | The Hour of Bewilderbeast | Innerspace | Anil Chatterjee | 2013 Young Hollywood Awards | John Amos | David Weissman | Jalam (film) | Larry Drake | Georges Madon | Patrick Tatten | Blythe Danner | Blast! (musical) | Danny Jones | George Raft,1,1,1.0,0,0,0.0,0.5,0.5,0.5,1.0,1.0
dense,pooled,5ab9debb55429955dce3ed97,bridge,hard,"The English actor Kris Marshall played which character in the highly rated comedy-drama television series ""Death in Paradise""?",Death in Paradise (TV series) | Kris Marshall,Death in Paradise (TV series) | Humphrey Goodman | Kris Marshall | List of Death in Paradise episodes | Jump into Hell | Barbara Niven | Dead at 17 | Happy Death Day | Danny Boyle | Raimund Harmstorf | Johnny Galecki | Kerr Smith | Safe Harbor (TV series) | John Waters | Kristof Konrad | Deadfall (1993 film) | Fatal Games | David Mirkin | Lance Krall | Jacques Sernas | Murder City (TV series) | Chris Hardwick | Marta Ribera | Constantine (film) | Roger Howarth | Citizen Khan | Brett C. Leonard | Last Action Hero | Branko Tomović | Andy Umberger | Murder of Grace Brown | Jessica Rothe | Ashley Cheadle | Suicide Kings | Dead Awake (2010 film) | Jimmy Fallon | John Amos | Delicatessen (film) | Planet Terror | Ambulance (TV series) | The Knick | Hilarie Burton | The Doom Generation | Brian Dennehy | Punk's Not Dead (2007 film) | Noel C. Bloom | You Can't Kill Stephen King | Sold (TV series) | John Pappas | Mitch Pileggi,1,1,1.0,0,1,1.0,0.5,1.0,1.0,1.0,1.0
dense,pooled,5ae791ef55429952e35ea979,bridge,hard,In what month was the relief first officer of the flight that crashed on its way to Cairo with a stop in New York Born?,EgyptAir Flight 990 | Gameel Al-Batouti,EgyptAir Flight 990 | Gameel Al-Batouti | Colgan Air Flight 9446 | Air Tahoma Flight 185 | FedEx Express Flight 80 | Garuda Indonesia Flight 200 | LeRoy W. Homer Jr. Foundation | Summit Air Flight 409 | Georges Madon | Death of Abdul Wali | Wooster and Davis | Valentina Tereshkova | Giuseppe Arimondi | Lydia Litvyak | 415th Flight Test Flight | Aldo Pontremoli | 486th Flight Test Squadron | American Airlines Shuttle | Egon Mayer | Arras Flying Services Memorial | Allied invasion of Italy | No. 2 Squadron RAAF | 514th Flight Test Squadron | Albert Ball | 417th Flight Test Squadron | Paul Sauvage (aviator) | USS Essex (CV-9) | Manhattan Life Insurance Building | Third officer (aeronautics) | L'Oiseau Blanc | Exeter incident | Ayesha Farooq | Timeline of the SARS outbreak | Flying with Music | 370th Flight Test Squadron | Gervais Raoul Lufbery | Air Vegas | April 2007 Mosul massacre | Shirley Temple | Eric A. Sykes | HMS Vulture (1776) | François Coli | Marissa Perry | No. 12 Squadron RAAF | Staten Island Catapult | Fighter Pilot: Operation Red Flag | Francis H. Kimball | Manfred Meurer | Edwin A. Doss | 419th Flight Test Squadron,1,1,1.0,1,1,1.0,1.0,1.0,1.0,1.0,1.0
dense,pooled,5ab8f7535542991b5579f0a7,comparison,hard,Which film was released first: Sacred Planet or Oz the Great and Powerful?,Oz the Great and Powerful | Sacred Planet,Sacred Planet | Oz the Great and Powerful | The Marvelous Land of Oz | Bottom of the World (film) | Planet Terror | Afflicted (film) | Julián Hernández (filmmaker) | Aquaman (film) | Julien Nitzberg | A Story of Floating Weeds | Golden Globe Award for Best Animated Feature Film | Awake (film) | The Petrified Forest | The Good Dinosaur | A World Apart (film) | Paris Awakens | James Franco | 500 Years Later | The Great Gilly Hopkins (film) | Flight of the Innocent | American Beauty (soundtrack) | Teen Titans: Trouble in Tokyo | The Great Movie Ride | Alien: Covenant | Second Best (film) | Johnny Angel | Innerspace | Linda Mvusi | Stark Electric Jesus | Flying with Music | The Year of the Dog (film) | Lionheart (1987 film) | 4 Devils | Beautiful Young Minds | 1920 (film series) | David Weissman | Mr. Church | Santa Claus: The Movie | Monster Force | Battle Beyond the Sun | Sanjay's Super Team | Lara Croft and the Temple of Osiris | 18th Independent Spirit Awards | Aliens (soundtrack) | Destination Tokyo | Song of Arizona | 31st Golden Globe Awards | Oceans (film) | A Summer in the Cage | Agee (film),1,1,1.0,1,1,1.0,1.0,1.0,1.0,1.0,1.0
dense,pooled,5ac119335542992a796dede4,bridge,hard,I'd Come for You is a single by the band formed in what Alberta city?,I'd Come for You | Nickelback,"I'd Come for You | You and Me (Uniting Nations song) | I'll Be Your Lover, Too | For Against | Join Hands | We Can Get Together | The Famines (band) | Country Music Star No. 1 | In It to Win It (Saliva album) | Crackers: The Christmas Party Album | Booty Luv | Kansas Song | Hellogoodbye | Fall Out Boy | Wool on Wolves | Hold Me in Your Arms (album) | Levolution (album) | Family Reunion (Saliva song) | Supagroup | Mind If We Make Love to You | You and Me (One Night Only song) | Claess &amp; Willumsen | Ophur | Lil Ru | Method Man | Chris Robinson Brotherhood | Under Your Skin (album) | Heaven Bound (I'm Ready) | This Is Me (Randy Travis album) | The Flowers of Romance (band) | Van Conner | America's Suitehearts | Boots (EP) | Jamboree (Beat Happening album) | Skin Yard | All I Wanna Do Is Make Love to You | Kingston Morning | Call Me Up in Dreamland | Adam Craig (singer-songwriter) | Dr. Freeze | The Suicide File | Daniel House | All Join Hands | Holler Back | Daughtry (album) | Carolina Rain | Randy Travis | We Bring an Arsenal | Old and in the Way (album) | Highspeed Hayride",1,1,1.0,0,0,0.0,0.5,0.5,0.5,1.0,1.0
dense,pooled,5a7d2afd5542995f4f402221,comparison,hard,"Who is older, Ferdi Taygan or Mahesh Bhupathi?",Ferdi Taygan | Mahesh Bhupathi,"Ferdi Taygan | Farhaan Faasil | Nabi Tajima | Nicki Minaj | Shashaa Tirupati | Coco Ho | Gevheri Kadın | Cho Kyuhyun | Mahesh Bhupathi Tennis Academy | Bu Xiaolin | Fayyaz Hashmi | Sachin Warrier | Masami Tsuchiya | Son of al Qaeda | Mohammad Salman (cricketer, born 1981) | Mahesh Bhupathi | Jackie Lou Blanco | Divya S. Menon | Khosrow IV | Anhoniyon Ka Andhera | 2000 Wimbledon Championships – Men's Doubles | Serri (singer) | Mat Dan | Komal | Margareth Madè | Love Beats Rhymes | Kamran Akmal | Marissa Perry | Kasia Al Thani | Changmin | Chawalit Kamutchati | Leader of Fine Gael | Soha Ali Khan | Indriati Iskak | Mana Al Otaiba | Fomorians | Apratim Majumdar | Kurama Tatsuya | Raimund Marasigan | Swifty McVay | Kakoy Legaspi | Mona Scott-Young | Ayesha Farooq | Eleventh Mom | Gus Williams (musician) | Debashree Roy filmography | Catharina Felser | Mahbub ul Haq | Umar Akmal | Madhuri Dixit filmography",1,1,1.0,0,0,0.0,0.5,0.5,0.5,1.0,1.0
dense,pooled,5a8dd5f955429917b4a5bcc7,bridge,hard,"Other than racing, what sport does the 1998 champion of the Toyota GRand Prix practice?",1998 Toyota Grand Prix of Long Beach | Alex Zanardi,"1998 Toyota Grand Prix of Long Beach | 2006 Toyota Grand Prix of Long Beach | 2009 Singapore Grand Prix | 1998 Molson Indy Vancouver | 2014 Toyota Grand Prix of Long Beach | Toyota Pro/Celebrity Race | Louis Schwitzer Award | Tony Ave | Johnny Mowlem | 2017 Toyota Grand Prix of Long Beach | 2013 Toyota Grand Prix of Long Beach | 2002 Gran Premio Telmex-Gigante | 6 Hours of Mexico | Formula One drivers from Mexico | Race of a Thousand Years | 1973 Queen's Club Championships | 2015 Toyota Grand Prix of Long Beach | D1NZ | Michael James Lewis | 2016 Toyota Grand Prix of Long Beach | Dario Franchitti | Nora Rocha | 2014 Bahrain Grand Prix | Olga Morozova | Indianapolis Motor Speedway | Ryan Hunter-Reay | Eduardo Troconis | 1983 Donnay Indoor Championships – Doubles | Carolina Dodge Dealers 400 | Alex Zanardi | Mike Shank | Subway 400 | Petra Kvitová career statistics | Catharina Felser | 1983 Volvo International – Doubles | 1968 US Open (tennis) | NHL All-Star Skills Competition | 2007 Firestone Indy 400 | Francesca Schiavone | 1982 U.S. Pro Indoor – Doubles | 1981 Ms. Olympia | Argentine PGA Championship | Force India VJM04 | Jorge Lozano | Northern California PGA Championship | 1957 Indianapolis 500 | 10,000 metres | Emma Carney | 2017 US Open (tennis) | Brian MacLaren",1,1,1.0,0,0,0.0,0.5,0.5,0.5,1.0,1.0
dense,pooled,5a83a532554299334474606f,bridge,hard,Where did Ian Harland study prior to studying at the oldest college at the University of Cambridge?,"Ian Harland | Peterhouse, Cambridge","Ian Harland | Peterhouse, Cambridge | Alice Lloyd College | University of Leeds | King's College London | Wolfson College, Cambridge | Ralph Hefferline | Edmund Sharpe | David Beckham Academy | Gloriana St. Clair | Alfred Gell | Jeffrey Stanley | University of St Andrews | Columba de Dunbar | Edmund Leach | Charles Teague (baseball) | Thomas Hylland Eriksen | David H. Bailey | Kenneth LaValle | UC Berkeley College of Natural Resources | Feirstein Graduate School of Cinema | Trinity Hall Boat Club | Arthur Conan Doyle | John Hirst (historian) | College of Charleston | Macalester College | Adam Collis | Walter Sorrells | Donald West VanArtsdalen | Scott Christian College | Jack Truelove | Joshua Parlby | John MacGregor, Baron MacGregor of Pulham Market | Andrew Jaspan | Mike Dunbar | Virginia Woolf | Berea College | Wendell Berry | Norman Yardley | William Bonfield | Carnegie Mellon University | Darrell Crate | University of the Incarnate Word | Westminster School, Adelaide | Wale Adebanwi | Kevin Lockett | Sir Matt Busby Sports Complex | C. Hugh Holman | Chris Menges | Keith Bostic",1,1,1.0,1,1,1.0,1.0,1.0,1.0,1.0,1.0
dense,pooled,5a90692f5542990a98493625,bridge,hard,In what 1997 American mystery crime film did Johnny Galecki start in?,Johnny Galecki | Suicide Kings,Johnny Angel | Suicide Kings | Cops and Robbers (1973 film) | List of Johnny Bravo episodes | Hackers (film) | Steve Arbuckle | Frank McDonald (director) | The Lone Ranger (2013 film) | Sinister (film) | Van Partible | Charles Craft | Larry Drake | Striking Distance | Hollywood Outlaw Movie | Johnny Galecki | Man Against the Mob | Logan Lucky | Holden-Keating Gang | Freakonomics (film) | Lights of Old Santa Fe | L.A. Confidential (soundtrack) | Planet Terror | Ed Wood (film) | The Mystery of the Yellow Room (1919 film) | The Informant! | Schizopolis | Bubble (film) | The Boatniks | The Hanging Tree | Snatch (film) | The Kindaichi Case Files | Kingston: Confidential | Man from 1997 | Dexter (TV series) | Murder City (TV series) | Njan Steve Lopez | Rough Shoot | Out of Sight | The Law &amp; Harry McGraw | Brewster McCloud | 127 Hours | Damon Dark | Herbert Brean | Cool from the Wire | Don't Fence Me In (film) | Stranger in Town (album) | List of The Joe Schmo Show episodes | Boston Common (TV series) | Suburban Madness | Robin Hood (2018 film),1,1,1.0,0,0,0.0,0.5,0.5,0.5,0.5,0.5
dense,pooled,5a7555215542996c70cfaee1,comparison,hard,"Which came to market first, ""Hey Pa! There's a Goat on the Roof"" or ""Poleconomy""",Hey Pa! There's a Goat on the Roof | Poleconomy,"Hey Pa! There's a Goat on the Roof | Rove goat | Dog Tales (1958 film) | Santa's Workshop (Colorado) | Bukkehorn | Park City Center | Poleconomy | Mary Poppins (song) | Lady and the Tramp | Toys in the Attic (2009 film) | Wool on Wolves | Bull Hill | Hero Certified Burgers | Fred Basset | ABQ Uptown | Yardbirds Home Center | Art Laboe | Bonsallo Avenue | La Femme Musketeer | Maxine's Tap Room | Roland Rat | Gimme Shelter (disambiguation) | Playground Twist | Did You Ever See a Lassie? | Disco polo | Live in Buffalo: July 4th, 2004 | Philadelphia crime family | Jeff Bennett | Chixdiggit | Chatta Bazaar | Docking (animal) | Our Casuarina Tree | Halloween Adventure | Hammerjack's | Euromarché | Ripley's Believe It or Not! (TV series) | Hätteberget | Spirit Halloween | The Hanging Tree | Strip search phone call scam | Exeter incident | Glacier National Park Fund | Square and Compass, Worth Matravers | Mabel Greer's Toyshop | List of Walt Disney Pictures films | Chrome, Smoke &amp; BBQ | Jim Puplava | Lawnmower Dog | Gonzo (Muppet) | The Telltale Head",1,1,1.0,0,0,1.0,0.5,0.5,1.0,1.0,1.0
dense,pooled,5a90580655429933b8a204ef,bridge,hard,What record did the Super Bowl XXXIV champions finish the regular-season with in 1999?,1999 St. Louis Rams season | 2000 Tennessee Titans season,Super Bowl XXXIV | Super Bowl XXXVII | 1999 St. Louis Rams season | 1990 Atlanta Falcons season | 2000 Tennessee Titans season | 1973 Astro-Bluebonnet Bowl | List of Tennessee Titans seasons | Ted Plumb | 1989 Houston Oilers season | Super Bowl LIII | Ken Herock | 2008 Fiesta Bowl | 1989 Cotton Bowl Classic | 2006–07 QMJHL season | 2010–11 VCU Rams men's basketball team | Battle for the Bell | SMU Mustangs football under Mike Cavan | 2009 Big 12 Conference football season | 1982 US Open – Mixed Doubles | Texas A&amp;M–Texas Tech football rivalry | 1988 Volvo International – Doubles | 2011–12 VCU Rams men's basketball team | 1998 Toyota Grand Prix of Long Beach | 1990 Georgia Tech Yellow Jackets football team | 1987 Pittsburgh Steelers season | 1986 Texas Tech Red Raiders football team | Bobby Humphrey | 2010 Cleveland Browns season | 2013 Sugar Bowl | 1965 Houston Astros season | 1964 Illinois Fighting Illini football team | 20th National Hockey League All-Star Game | 1972 American League Championship Series | 1974 Texas Tech Red Raiders football team | 2009 Virginia Cavaliers football team | Portland State Vikings football under Jerry Glanville | Robin Cole | 2008 Cleveland Browns season | Dré Bly | Ray Nitschke | 51st Golden Globe Awards | 1989 Fiesta Bowl | 2007 Cleveland Browns season | 2006 Alabama Crimson Tide football team | 2009 Cleveland Browns season | The Rivalry (Lehigh–Lafayette) | 1994 Athens International – Doubles | Dave Bailey (athlete) | 2009 Colorado Buffaloes football team | 2012 Cleveland Browns season,0,1,1.0,0,1,1.0,0.0,1.0,1.0,0.3333333333333333,0.3333333333333333
dense,pooled,5a88e605554299206df2b39c,bridge,hard,What is the population of the town at the intersection of Interstate Highways 77 and  the longest Interstate highway within the borders of Virginia?,"Interstate 81 in Virginia | Wytheville, Virginia","Interstate 81 in Virginia | Interstate 85 in Virginia | Interstate 40 in North Carolina | List of Interstate Highways in Maryland | List of Interstate Highways in Illinois | List of Interstate Highways in Texas | Old US 67 Rest Area | U.S. Route 287 | List of Interstate Highways in New York | Downtown Las Vegas | Wytheville, Virginia | Gerald R. Ford Freeway | A41 road | West Memphis, Arkansas | Tysons, Virginia | Cromwell's Run Rural Historic District | Tropicana – Las Vegas Boulevard intersection | List of auxiliary Interstate Highways | McLean, Virginia | U.S. Route 19 Truck (Pittsburgh) | Northern Virginia Campaign | 1st Virginia Regiment | Greater Newport Rural Historic District | Bonsallo Avenue | Battle of Port Republic | 7th Virginia Regiment | Strasbourg | Seven Days Battles | G5511 Jining–Arun Expressway | Memphis metropolitan area | Battle of Cross Keys | Reynolds v. Sims | Buena Vista Downtown Historic District | Hanggin Rear Banner | Wheeling Island | 1962 Utah state route renumbering | R509 road (Ireland) | West McLean, Virginia | Ellenbrook, Western Australia | Goonellabah, New South Wales | McLean station | 1st Virginia State Regiment | Smyrna, Georgia | Bratislava | Nashville Terminal Subdivision | Wollongbar, New South Wales | Sligo Creek | Faith Lutheran Middle School &amp; High School | Tyler Consolidated High School | Richmond Valley Council",1,1,1.0,0,0,0.0,0.5,0.5,0.5,1.0,1.0
dense,pooled,5add67915542992200553af8,bridge,hard,What was the nickname of the hitman hired by an Italian American Criminal Organization?,Philadelphia crime family | Salvatore Testa,"Calcedonio Di Pisa | Antonio Rotolo | Angelo La Barbera | Antonio Cottone | Joseph LoPiccolo (organized crime) | Salvatore La Barbera | Philadelphia crime family | Mexican Mafia | Gaspare Spatuzza | Los Angeles crime family | Italian American One Voice Coalition | Salvatore Testa | Rosario Naimo | Commedia all'italiana | Savoia-Marchetti SM.79 | Lipstick (1960 film) | National Italian American Sports Hall of Fame | Guido Caldarelli | Greco Mafia clan | Cops and Robbers (1973 film) | Man Against the Mob | Time to Kill (1989 film) | Holden-Keating Gang | Nico Pandiani | Fugitive in Trieste | William Cammisano | Július Satinský | Alex Zanardi | Le Conversazioni | Allied invasion of Italy | Colonna dell'Abbondanza, Florence | Francisco Jose Hernandez | Kansas City crime family | Hackers (film) | Divorce Italian Style | Conchita Badía | COPS (animated TV series) | Barrow Gang | The Sopranos | Eduardo Troconis | Fazoli's | Tomaso Albinoni | Francesco Scarlatti | Clint Eastwood | George Raft | Albanian Fascist Party | Pietro Germi | José Mujica | Luigi Rossi | Aldo Pontremoli",0,0,1.0,0,0,0.0,0.0,0.0,0.5,0.14285714285714285,0.14285714285714285
dense,pooled,5a8463545542990548d0b2a3,bridge,hard,What was the position of Jean Baptiste Androuet du Cerceau under the man who was King of the Polish-Lithuanian Commonwealth from 1573 to 1575?,Henry III of France | Jean Baptiste Androuet du Cerceau,"Jacques Androuet II du Cerceau | Jean Androuet du Cerceau | Paul Androuet du Cerceau | Androuet du Cerceau | Jacques I Androuet du Cerceau | Henry III of France | Goštautai | Jean Baptiste Androuet du Cerceau | Battle of Berestechko | Warsaw Confederation | Jean de Chastelet | House of Capet | Jean Baptiste Assenede | Krajmir | Július Satinský | Capetian dynasty | Batonishvili | Viktoras Kulvinskas | Jean-Baptiste Senaillé | Charles Hastings Judd | Salomon de Brosse | Antoine Quinquet | Charles de Lorme | Suintila | Columba de Dunbar | Georges-Henri Bousquet | Battle of Klushino | Duke of Leuchtenberg | Togodumnus | Robert Plampin | Latresne | Lavr Kornilov | Jean Portante | Luigi Rossi | Michael Lunin | William Levett (baron) | Patrick IV, Earl of March | James Ogilvie | Hormizd VI | 3rd Virginia Regiment | Duchy of Thuringia | 5th Virginia Regiment | Eduardo Portela | Muggsy Bogues | Edict of Amboise | 12th Virginia Regiment | Jean-Marie Boisvert | George Percy, 5th Duke of Northumberland | Ian Harland | William Pery, 3rd Earl of Limerick",0,0,1.0,0,0,1.0,0.0,0.0,1.0,0.16666666666666666,0.16666666666666666
dense,pooled,5a74684655429929fddd8410,bridge,hard,"Which American music star appeared as a guest in a Will & Grace episode called ""Back Up, Dancer""?","Back Up, Dancer | Janet Jackson","Back Up, Dancer | Will &amp; Grace | Pilot (Will &amp; Grace) | Blythe Danner | Jenna Dewan | Rose McGowan | Partners (2012 TV series) | Jillian Bell | Andy Umberger | Jo Marie Payton | Sela Ward | Marry Me a Little, Marry Me a Little More | Gretchen Palmer | ♯JusticeForFlint | Bobby Fox | Shelley Fabares | Vala Mal Doran | Emily Bowker | Zachary Throne | Kelly Osbourne | Laura Linney | The Drop-In (podcast) | Vanessa White | Emily Jewell | CBS Television Workshop | Susan Stafford | Audra McDonald | 2014 Young Hollywood Awards | Laura Osnes | Lisa Wilcox | Candy Coburn | Marco Da Silva (dancer) | 'Tis Autumn | Sianoa Smit-McPhee | Jim Backus | Mamie Gummer | Sarah Drew | Gay Byrne | David Kohan | Alie Ward | John Amos | Even Steven Levee | Sean Yseult | Eva Riccobono | Janet Jackson | Lucy Fry | Samantha Carter | Paige O'Hara | Janna Allen | Stacey Kent",1,1,1.0,0,0,0.0,0.5,0.5,0.5,1.0,1.0
dense,pooled,5a835c9f5542992ef85e228a,bridge,hard,What army did the namesake of the ship launched as the München in 1930 fight in during the American Revolutionary War?,Friedrich Wilhelm von Steuben | SS General von Steuben,SS General von Steuben | USS Belleau Wood | USS Belleau Wood (CVL-24) | Wooster and Davis | German battleship Bismarck | Hans Jenisch | List of ships of the Yugoslav Navy | 21st U-boat Flotilla | Charles Nungesser | Gervais Raoul Lufbery | Ernst Lindemann | VMF-452 | USS Belleau Wood (LHA-3) | German destroyer Z43 | Battle of Belleau Wood | French battleship Jean Bart (1911) | VMF-221 | USS New Jersey (BB-62) | MV Empire Windrush | Tonkin Gulf Yacht Club | VMF-215 | Kaiser Shipyards | L'Oiseau Blanc | HMS Vulture (1776) | Ernst Heinrich Lindemann | American Expeditionary Forces | Friedrich Wilhelm von Steuben | New York Shipbuilding Corporation | VMF-222 | USS Zeilin (APA-3) | HMS Swan (1767) | VMF-511 | Hansjürgen Reinicke | Battle of Calabria | VMF-111 | 122nd SS-Standarte | 122nd Ohio Infantry | VMF-512 | VMF-213 | Ernest Foot | Levasseur PL.8 | Battle of Silda | USS Essex (CV-9) | Georges Madon | Albert Ball | MS Excelsior Neptune | Maratha Navy | Henry J. Kaiser | Battle of Peleliu | VMF-236,1,1,1.0,0,0,0.0,0.5,0.5,0.5,1.0,1.0
dense,pooled,5ae7edee554299540e5a56ad,bridge,hard,The Church of the Guanche People was founded in the city that is on the most populated island of what larger area?,Church of the Guanche People | Tenerife,"Church of the Guanche People | Guanche mummies | Tenerife | Guelph Community Health Centre | Gulangyu | Mactan | Catholic Church in Ireland | Eski Imaret Mosque | Guapas | Roman Catholic Diocese of Yingkou | Bishop Manogue High School | Gaboš | Omodos | Garajonay National Park | Vilsandi | Roque Cinchado | Pungdo | Karlsøy Church | Sauce Viejo, Argentina | Loppa Church | Centro de Congresos Queretaro | Spynie Palace | Musée Henri-Mathieu | Grennaskolan | Mangsee Islands | History of the Irish Americans in Philadelphia | Arbuthnott-Garvock Group | Gorontalo | Goonellabah, New South Wales | Wheeling Island | Teide National Park | Grantley Adams International Airport | St. Andre's Parish | St James's Church, Reading | Garden Island Naval Chapel | Montezuma Castle National Monument | San Luis Obispo, California | Dirleton | Black Bermudian | Tabernacle | Durotriges | Religion in Ghana | Lord Howe Island | Tongcheng Subdistrict, Fuding | Poole Methodist Church | Training centre for release of the Atma-energy | Faith Lutheran High School | Waltham Abbey Church | Catan | Cotter High School (Winona, Minnesota)",1,1,1.0,0,1,1.0,0.5,1.0,1.0,1.0,1.0
dense,pooled,5a8ee4315542990e94052ba7,bridge,hard,What officially ended the first phase of the military conflict between the British Raj and the Emirate of Afghanistan from 1878 to 1880?,Second Anglo-Afghan War | Treaty of Gandamak,"Second Anglo-Afghan War | Emirate of Afghanistan | Treaty of Gandamak | Afghan Civil War (1996–2001) | Shagai Plateau | Bukhara operation (1920) | Murree rebellion of 1857 | Battle of Clitheroe | Siege of Bharatpur (1805) | Maratha emperors | Siege of Bharatpur | Commander-in-Chief, India | Second Battle of Agordat | Fort Diu | One Rank, One Pension | Battle of Peleliu | 40th Battalion (Australia) | Mahbub ul Haq | Indian Scout (motorcycle) | Albanian Fascist Party | Tecumseh's Confederacy | Claude Auchinleck | Lohagarh Fort | Kasi (Pashtun tribe) | Tecumseh | Royal Australian Navy | Stapleton Cotton, 1st Viscount Combermere | Australian federal election, 1972 | Pakistan Air Force | First Italo-Ethiopian War | Westervelt massacre | Bal'arab bin Himyar | Battle of Blue Licks | Lahore Qalandars in 2016 | The Eighth (United States) | Battle of Fallen Timbers | J. G. Farrell | Military history of Mexico | Cyclone Gonu | George Percy, 5th Duke of Northumberland | 2/40th Battalion (Australia) | 1968–69 in Belgian football | United States Army | Tippecanoe order of battle | 1999 Odisha cyclone | Battle of Calabria | Tenskwatawa | Pakdam Pakdai | Chach of Alor | Treaty of Addis Ababa",1,1,1.0,0,1,1.0,0.5,1.0,1.0,1.0,1.0
dense,pooled,5a8cb288554299585d9e3726,bridge,hard,"The mass killing that took place at Oakland, California on April 2, 2012 was less deadly than the one that took place on October 1, 2015 in which state?",Oikos University shooting | Umpqua Community College shooting,"Oikos University shooting | Umpqua Community College shooting | April 2007 Mosul massacre | Early-April 1957 tornado outbreak sequence | Oakland, California | Račak massacre | Timeline of the SARS outbreak | Jacob D. Robida | Whole Woman's Health v. Hellerstedt | Clayton Fountain | Tezno massacre | Christian Death | Savage Weekend | Severe acute respiratory syndrome | You Can't Kill Stephen King | World War II casualties | Death of Abdul Wali | Charlie Murder | Westervelt massacre | 2011 Inner Mongolia unrest | United States v. Quiver | Los Angeles crime family | Barrow Gang | San Luis Obispo, California | Kill Kill (song) | Mexican Mafia | Suicide (1977 album) | Dead Jesus | Hirabayashi v. United States | Mendocino County GMO Ban | Hoffman v. Jones | Live! The Last Concert | Murder City (TV series) | 410th Bombardment Squadron | Time to Kill (1989 film) | Codornices Creek | Contagion (film) | Vietnam War Memorial, Hanoi | Fatal Games | Register Cliff | Criminal law in the Marshall Court | Savage's Station, Virginia | Peter W. Smith | Exeter incident | Super Bowl XXXVII | Suicide Squad (film) | Barriox13 | 2012 Ms. Olympia | Kill the Lights (Luke Bryan album) | Air Tahoma Flight 185",1,1,1.0,1,1,1.0,1.0,1.0,1.0,1.0,1.0
dense,pooled,5adfbca255429942ec259b2c,bridge,hard,"When did the rock band that sang ""All Join Hands"" rise to prominence? ",All Join Hands | Slade,All Join Hands | Join Hands | The Beach Boys | Skin Yard | Au Pairs (band) | The Caledonia Soul Orchestra | Truly | Winnebago Deal | Mark Arm | Steeltown (band) | INXS | Daniel House | Crackers: The Christmas Party Album | Hammerjack's | Hold Me Up | Chris Robinson Brotherhood | Hold Me in Your Arms (album) | List of Canned Heat members | Cultural impact of the Beatles | Goo Goo Dolls (album) | Hall &amp; Oates | The Rats (American band) | The Flowers of Romance (band) | For Against | The Beatles | Adam and the Ants | The Suicide File | Tom Morello discography | You and Me (Uniting Nations song) | Rockin' All Over the World | Gruntruck | Buck-Tick | Kevin Shields | Lonestar discography | The Saturdays | Supagroup | Goo Goo Dolls | Steve Miller Band | Slash's Blues Ball | The Muggs | Ostava | Slade | Daryl Hall | Even Steven Levee | We Can Get Together | Crystal Bright | Marsha Albert | Guns N' Roses discography | The Joys of Living 2008–2010 | Folk rock,1,1,1.0,0,0,0.0,0.5,0.5,0.5,1.0,1.0
dense,pooled,5ae24abc5542994d89d5b3c3,bridge,hard,Where is the company that owns thanKing Horse pub restaurant chain based ?,Greene King | Hungry Horse,"Hungry Horse | Greene King | The Works (restaurant) | VIP's | Piccadilly Pub | Tim Hortons | Lowe's | Leeann Chin | John A. Brown (department store) | Hero Certified Burgers | Ron Joyce | The Chessels | Noodle Box | Tysons Galleria | Arcos Dorados Holdings | Chefette | Fat Cat Brewery | Pershing Square Capital Management | Toddle House | EpiCentre K | Brico Dépôt | A&amp;W Restaurants | SavaCentre | Pergament Home Centers | Fast food restaurant | Walt Disney World Dolphin | Klenger Burger | Leeds Equity Partners | Schwartz's | Sean Healey | Fazoli's | Robert's American Gourmet Food | Citadel Mall | RetailMeNot | Carrefour | New Bolton Center | Canyon Creek Food Company | Snack Foods Limited | Jim Puplava | PepsiCo | Pierre Bossier Mall | Picobrouwerij Alvinne | Kentucky Oaks Mall | Cardinal Health | The Gatehouse, Monmouth | Equinix | Buffett Foundation | Karcher Mall | Flamingo Las Vegas | Digital Media Factory",1,1,1.0,1,1,1.0,1.0,1.0,1.0,1.0,1.0
dense,pooled,5ab802085542990e739ec7ca,bridge,hard,What is the uppermost age range for the sort of fiction written by Alexander Gordon Smith?,Alexander Gordon Smith | Young adult fiction,"Alexander Gordon Smith | Young adult fiction | Andre Norton Award | Ian McEwan | Crime and Punishment | Mark T. Smith | Irish prose fiction | Grant Smith (footballer) | Winfred Blevins | From Unknown Worlds | Roald Dahl | W. F. Morris | H. Bedford-Jones | Agee (film) | Thomas Gordon (writer) | The Great Gilly Hopkins | Left Behind: The Kids | Dime novel | Spirit of the Border | Douglas Ainslie | Kurt Vonnegut | Nancy K. Pearson | Escape from Furnace | Walter Sorrells | Aye, and Gomorrah, and other stories | Joanna Russ | The Best of Roald Dahl | Arthur Conan Doyle | British Journal | Dostoevsky and Parricide | Eve Unsell | London Review of Books | Vacuum Diagrams | The Golden Hour (novel) | Ben Elton | &quot;J&quot; Is for Judgment | Pluck and Luck | Henry Roth | J. M. Barrie | A Good Man Is Hard to Find and Other Stories | The Lord of the Rings | Maurice Walsh | The Roald Dahl Treasury | I, Too (Langston Hughes poem) | Bread and Roses, Too | Roald Dahl: Collected Stories | The Age of Not Believing | Arild Nyquist | Prince of Persia: The Sands of Time | Rafferty (1980 TV series)",1,1,1.0,1,1,1.0,1.0,1.0,1.0,1.0,1.0
dense,pooled,5adfa3da554299025d62a317,bridge,hard,"What is the birthday of the actress who was the Duchess in ""The Revengers Tragedy""?",Diana Quick | Revengers Tragedy,Revengers Tragedy | Emily Jewell | The Duchess of Padua | The Revengers' Comedies | Revengers Tragedy (album) | Jessica Rothe | Grand Duke's Official Birthday | Katherine Kath | Revenge tragedy | June Thomson | Sara Botsford | Leontyne Price | Marta Ribera | The Duchess and the Jeweller | Julia Ormond | Connie Sawyer | Older Sister | Margareth Madè | Claudia Drake | Nancy Spungen | Princess Olga of Hanover | Caroline Carver (actress) | Brenda Bennett | Sela Ward | Bitter Jester | Song Ji-hyo | Princess Henriette of Nassau-Weilburg | Cressida Bonas | Erika Moulet | Diana Quick | Julie Ordon | The Tragedy of Romeo and Juliet (film) | Happy Death Day | Lady Alexandra Curzon | Revengers Tragedy (song) | Barbara Niven | 2016 Birthday Honours | Carole Gray | Soha Ali Khan | Evelina Simonaho | 1965 Birthday Honours | Appius and Virginia | The Prince and Me | Esma Sultan (daughter of Ahmed III) | Ashley Cheadle | Matilda Lutz | Janine Gutierrez | 2013 Birthday Honours | Out in Fifty | 2017 Birthday Honours,1,1,1.0,0,0,0.0,0.5,0.5,0.5,1.0,1.0
dense,pooled,5a76e88555429972597f13f4,bridge,hard,Which film starring Patrick Tatten is based on a book written by Steve Lopez?,Patrick Tatten | The Soloist,Njan Steve Lopez | Brian C. Bialiy | Third and Indiana | Frank McDonald (director) | Maurice Walsh | Pasek and Paul | Delmer Daves | Cops and Robbers (1973 film) | Larry Wilson (screenwriter) | Patrick Tatten | David Weissman | Lourenço Mutarelli | David Ayer | Sally Gibson | Andy Straka | Street Kings 2: Motor City | Black 13 | Vince Masuka | Johnny Angel | The Current War | J. T. Petty | Dark Passage (film) | End of Watch | The Boatniks | J. G. Farrell | Delicatessen (film) | Manhattan Romance | The Family Man | Thomas Ince: Hollywood's Independent Pioneer | Christopher Greenbury | List of accolades received by La La Land | Innerspace | Compliance (film) | Jack Ryan (character) | James Gunn | James Franco | Tom Rothrock | Kishore Dang | Suicide Kings | Mercury Rising | Tom Clancy's Net Force Explorers: Deathworld | Tom Clancy's Net Force Explorers: High Wire | Tom Clancy's Net Force Explorers: Duel Identity | Tom Clancy's Net Force Explorers: Death Match | Tom Clancy's Net Force Explorers: Gameprey | Arthur Roberts (editor) | Pat Hingle | True Love (book) | Ed Wood (film) | John Waters,0,0,1.0,0,0,0.0,0.0,0.0,0.5,0.1,0.1
dense,pooled,5ac3ae475542995ef918c1e5,comparison,hard,Are Skeptical Inquirer and The Progressive Populist both tabloid-style magazines?,Skeptical Inquirer | The Progressive Populist,"The Progressive Populist | Skeptical Inquirer | Kendrick Frazier | Wonder en is gheen Wonder | Susan Gerbic | List of magazines in Austria | EvidenceNetwork.ca | Lifestyle magazine | CSICon | Index Magazine | Look (UK magazine) | Rupert Murdoch | Customer magazine | Christianity Today | Vanguard (magazine) | P. J. O'Rourke | Terry Richardson | Brad Parscale | Andrew Jaspan | List of magazines in Portugal | Yvonne Ridley | Reynolds v Times Newspapers Ltd | Reading Post | Gallery (magazine) | Pat Robertson | James Alcock | Penske Media Corporation | Barry Beyerstein | Media proprietor | Louise Bryant | Oh, No! Not THEM! | Eric Schultz | Hänt Extra | William Allen White | Robin Goldstein | Truth in Science | Celebrity Home Entertainment | Snoecks | Nerdist News | Alfred Balk | Jim Puplava | Annie Morton | Thomas Gordon (writer) | Spectrum News Rochester | Dime novel | Rolling Stone | State media | Marcel Trillat | Chrysalis (magazine) | Republican Party Reptile",1,1,1.0,1,1,1.0,1.0,1.0,1.0,1.0,1.0
dense,pooled,5abffc41554299012d1db551,bridge,hard,"The 1984 film ""Marlene"" is a documentary about an actress born in what year?",Marlene (1984 film) | Marlene Dietrich,Marlene (1984 film) | Marlene Dietrich | Jackie Lou Blanco | Sara Botsford | Evelina Simonaho | Julie Ordon | This Is the Life (2008 film) | Out in Fifty | Ottavio Alessi | Ava DuVernay | Family Plan | Pamela B. Green | Marcel Trillat | Marissa Perry | Paris Awakens | Chloe Dykstra | Julia Ormond | Heidi Ewing | A Girl like Me (film) | Sela Ward | Piano Girl | Orbis Pictus (film) | Motherland (2010 film) | Alice David | Claudia Drake | Mary Zophres | Diana Quick | Awake (film) | Indriati Iskak | Finishing School (1953 film) | Madhuri Dixit filmography | 500 Years Later | Yvonne Ridley | Annie Morton | Jessica Rothe | Delicatessen (film) | La Belle Américaine | Caroline Carver (actress) | Eve Unsell | Matilda Lutz | To Shoot an Elephant | The Mask of Dimitrios | Nola (film) | Ashley Cheadle | Agee (film) | Lana Del Rey videography | Campus Confessions | Estelle Hemsley | Mihai Mălaimare Jr. | Maureen Dragone,1,1,1.0,1,1,1.0,1.0,1.0,1.0,1.0,1.0
dense,pooled,5ae4c39f5542995dadf243fb,bridge,hard,Which former mill town is near Rivington Hall Barn?,Bolton | Rivington Hall Barn,"Rivington Hall Barn | Rivington Hall | Manor of Rivington | Stank Hall | Collins Ferry Historic District | The Forbury Hotel | Bradley, North Yorkshire | Spring Hill station | Hutton Castle | Hibbing, Minnesota | Savage's Station, Virginia | Lewiston, Dakota County, Minnesota | Covington, Tennessee | Scottsburg Courthouse Square Historic District | Elmwood Historic District–East | Callington Mill | The Gatehouse, Monmouth | Stramshall | Nidderdale Museum | Cromwell's Run Rural Historic District | Hatton, Warwickshire | Ingram–Schipper Farm | Savage, Maryland | Strawberry Park, Cheshire | Friendship Hall | Middlebourne Historic District | Birchwood Mall | Spalding Catholic High School | Elmwood Historic District–West | Crowther Masonic Hall | Willoughton | Calumet Downtown Historic District | Auchterhouse Castle | Audra, Texas | Valhalla Highlands Historic District | Gorse Hill | Tysons Corner Center | New Bolton Center | Dirleton Castle | Forbury Gardens | Longhorn Ballroom | Clear Creek Meeting House | Blackstone River and Canal Heritage State Park | Wilford H. Fawcett House | R509 road (Ireland) | Lord Haliburton of Dirleton | Grange Hall (Murphysboro, Illinois) | Spalding War Memorial | Dukenfield Hall | Hatton Castle, Aberdeenshire",1,1,1.0,0,0,0.0,0.5,0.5,0.5,1.0,1.0
dense,pooled,5a79c6a55542994bb9457091,bridge,hard,"What prolific English engineer, who died on 15 December 1857, contributed to the advent of the hot air engine by way of their open cycle devices?",George Cayley | Hot air engine,Hot air engine | Stoddard engine | George Cayley | Maurice Ward | John Fogerty (engineer) | Aldo Pontremoli | English Electric Canberra | External combustion engine | William Connolley | Jean de Chastelet | Neafie &amp; Levy | John Frederick Fogerty | Georges Madon | Enrico Fermi | Henry P. Haney | Ernest Foot | Albert Ball | Paul Sauvage (aviator) | John Roach &amp; Sons | Charles Nungesser | Edgar Kaiser Sr. | Manfred Meurer | Stephen Boreham | Gas-generator cycle | The Inventors | Edmund Leach | Piccard Balloons | Alfred Gell | Joseph Fogerty Sr. | Franz Josef Och | Alistair Grant | W. Morgan Petty | Richard A. Teague | Volvo T6 | Henry J. Kaiser | E. J. Carroll | Ford flathead V8 engine | William Bonfield | Robert Parker Parrott | Manned Orbital Development System | Annie Easley | Hot Rod Lincoln | Levasseur PL.8 | Manson-Guise Engine | June Thomson | Charles Hastings Judd | Alec Muffett | François Coli | Inner Mongolia First Machinery Group Corporation | Gameel Al-Batouti,1,1,1.0,0,1,1.0,0.5,1.0,1.0,1.0,1.0
dense,pooled,5a7be5bd5542997c3ec972ba,comparison,hard,"Which dog is considered a giant dog breed, the  Leonberger or the Basset Hound?",Basset Hound | Leonberger,Leonberger | Basset Hound | Giant dog breed | Bulldog | Collie | Dog Tales (1958 film) | English Setter | Feist (dog) | Manchester Terrier | Barnyard Dawg | Teddy Roosevelt Terrier | List of U.S. state dogs | Cão de Gado Transmontano | Russkiy Toy | Fred Basset | Toy Manchester Terrier | Breed standard (dogs) | Florence Nagle | Scotch Collie | The Year of the Dog (film) | Sinocyclocheilus | Xanthoceras | Santa's Little Helper | Stanley Coren | Rove goat | Sinopieris | Gollum (genus) | Champ Bailey | Silene suksdorfii | Be'er Sheva fringe-fingered lizard | Solidago speciosa | USS Belleau Wood (LHA-3) | Elephant | Harley Jessup | Solidago ouachitensis | Araripesuchus wegeneri | Solidago uliginosa | 2011–12 QMJHL season | Pieris canidia | Goldenrod | Mighty Max (toyline) | Ruakuri Cave | Portstewart F.C. | Levasseur PL.8 | Kegelhelm | Bukkehorn | List of leading Thoroughbred racehorses | Ferocactus | Roland Rat | Inquiline,1,1,1.0,1,1,1.0,1.0,1.0,1.0,1.0,1.0
dense,pooled,5a7ec61a55429934daa2fc5f,comparison,hard,Are Staten Island Catapult and This Is Elvis both documentaries?,Staten Island Catapult | This Is Elvis,"Staten Island Catapult | Brian C. Bialiy | New Haven Documentary Film Festival | Doc NYC | The Importance of Being Icelandic | Staten Island Register | This Is Elvis | Paranormal Activity: The Marked Ones | Phillip Boykin | London International Documentary Festival | Heidi Ewing | CBS Television Workshop | Docville | Blast! (musical) | St. George, Staten Island | Ripley's Believe It or Not! (TV series) | Enrico Casarosa | College of Staten Island Baseball Complex | Staten Island | Music City Queen | National Geographic Explorer | Kingston Morning | Oh, No! Not THEM! | Infinity Cat Recordings | To Shoot an Elephant | Staten Island Borough Hall | Nýtt líf | The Boatniks | Morgan's Ferry | Sally Gibson | Cat Butt | The British Invasion (Dexter) | The Three Lives of Thomasina | Index Magazine | Street Kings 2: Motor City | Manhattan Romance | Mary Zophres | Colgan Air Flight 9446 | Buried Country | This Is the Life (2008 film) | Chainsaw (Scream Queens) | Cayman Islands Open 2011 | Dead Awake (2010 film) | The Great Movie Ride | Sacred Planet | Skyscraper National Park | Sarah Palin's Alaska | Marissa Perry | Beat Happening/Screaming Trees | List of The Muppets productions",1,1,1.0,0,0,1.0,0.5,0.5,1.0,1.0,1.0
dense,pooled,5a7cb9b95542990527d55515,bridge,hard,"What is the year of the event that occured first, Making Today a Perfect Day was produced, or Frozen was produced?",Frozen Fever | Making Today a Perfect Day,Making Today a Perfect Day | AD 43 | Perfect Day (Jim Jones song) | The Year Without a Santa Claus | Koningsdag | One Perfect Day (Lydia Denker song) | Perfect Day (Cascada album) | Queen's Day (disambiguation) | New Scandinavian Cooking | A Perfect Day (song) | The Year Without a Santa Claus (2006 film) | Children's Day (Japan) | List of Walt Disney Pictures films | Quaternary | A Day with Doodles | 31st Golden Globe Awards | Timeline of the SARS outbreak | Garifuna Settlement Day | London International Documentary Festival | I Was a Satellite of the Sun | Summer Olympic Games | Frozen Fever | Shaggy Dog Story (TV) | 51st Golden Globe Awards | 1965 Birthday Honours | Second inauguration of Ronald Reagan | The Year of the Dog (film) | Thomas H. Ince | Snow White: The Fairest of Them All | Armed Forces Day (Poland) | 1981 Ms. Olympia | Amen: The Awakening | 2014 Young Hollywood Awards | Kyokusui-no-en | Oppenheimer Award | 1980 Ms. Olympia | Marsha Albert | Happy Death Day | Independent Spirit Award for Best First Feature | 12th Youth in Film Awards | 61st Golden Globe Awards | 1957 Indianapolis 500 | 2015 Cricket World Cup opening ceremony | Rankin/Bass Productions | The Eighth (United States) | 2013 Young Hollywood Awards | Jeep Wagoneer (SJ) | 2014 FIFA World Cup | FreedomFilmFest | E. J. Carroll,1,1,1.0,0,0,0.0,0.5,0.5,0.5,1.0,1.0
dense,pooled,5a867089554299211dda2b30,comparison,hard,"Which magazine is published more often, Shonen Jump or Rolling Stone?",Rolling Stone | Shonen Jump (magazine),Shonen Jump (magazine) | Weekly Shonen Jump (American magazine) | Rolling Stone | List of magazines in Malaysia | Gallery (magazine) | List of magazines in Portugal | Lifestyle magazine | List of magazines in Austria | The Prince of Tennis | Cross Manage | The Best of Roald Dahl | Index Magazine | Kyosuke Usuta | Science Fantasy (magazine) | Nisekoi | Roald Dahl | Snoecks | Chrysalis (magazine) | Hänt Bild | 2011 Pulitzer Prize | Nebula Award for Best Novel | Penske Media Corporation | Roald Dahl: Collected Stories | Christianity Today | Ian McEwan | Look (UK magazine) | The Stones (TV series) | Gimme Shelter (album) | Peter Swales (historian) | List of Bobobo-bo Bo-bobo chapters | List of Naruto chapters (Part I) | Roald Dahl short stories bibliography | Wonder en is gheen Wonder | British Journal | The Little Review Gallery | M Music &amp; Musicians | Keith Richards | Dim Gray Bar Press | Customer magazine | Vanguard (magazine) | Journal of Thoracic Disease | The Progressive Populist | Young adult fiction | List of Billboard 200 number-one albums of 2002 | Fire! (manga) | Manga Bible (series) | Irish Bulletin | Andre Norton Award | Stone Stanley Entertainment | Winfred Blevins,1,1,1.0,0,1,1.0,0.5,1.0,1.0,1.0,1.0
dense,pooled,5ae1801955429901ffe4aec4,bridge,hard,Where is the Cocoa Krispies and former Superman sponsor located?,Adventures of Superman (TV series) | Kellogg's,Hero Certified Burgers | Cocoa Krispies | Schwartz's | The Works (restaurant) | Tim Hortons | Spencer Gifts | Digital Media Factory | Superman: Tower of Power | Twisties | General Mills | Kellogg's | Snack Foods Limited | Robert's American Gourmet Food | Gum Wall | RetailMeNot | PepsiCo | Halloween Adventure | 1 Wall Street Court | Corey Smith (artist) | Carreras Cigarette Factory | Ron Joyce | Greene King | Great Eastern Conventions | Tysons Galleria | Darrell Crate | Carrefour | Noel C. Bloom | EpiCentre K | Jessica Todd Harper | California Center for Public Health Advocacy | New Scandinavian Cooking | Carey Olsen | Kripalu Center | Snackbox Food Holdings | Mat Dan | Nidderdale Museum | KOKO-FM | CapitaGreen | Original Outlet Mall | Skyscraper National Park | Kang and Kodos | Ouch! (gum) | Toyota Pro/Celebrity Race | Jonathan Meath | Lush (company) | Rolling Acres Mall | Mall of New Hampshire | Kiyoshi Kohatsu | Sold (TV series) | Manischewitz,0,0,0.0,0,0,0.0,0.0,0.0,0.0,0.0,0.09090909090909091
dense,pooled,5a76387d554299109176e6ba,comparison,hard,Who was born first Am Rong or Ava DuVernay ?,Am Rong | Ava DuVernay,"Leontyne Price | Domitia Lepida the Elder | Despoina | Marissa Perry | Coco Ho | Emayatzy Corinealdi | Virginia Foster Durr | Ferdi Taygan | Gevheri Kadın | Indriati Iskak | Evelina Simonaho | Cressida Bonas | Anthony Avent | Julie Ordon | Dayna Hart | Margareth Madè | Esma Sultan (daughter of Abdul Hamid I) | Esma Sultan (daughter of Ahmed III) | Patrick IV, Earl of March | Robert Caesar Childers | Sela Ward | Molly Childers | Monica Lewinsky | Janet Jackson | Amanda Lepore | Am Rong | Ava DuVernay | Erika Moulet | This Is the Life (2008 film) | Khosrow IV | Gretchen Osgood Warren | Nora Rocha | Shirley Temple | Gita Dey | Mat Dan | Roslyn Dundas | Mona Scott-Young | Debashree Roy filmography | Vanessa White | Elisabeth Murdoch (businesswoman) | Lord of Islay | Maureen Dragone | Mehmet Tillem | Edith the Fair | Ottavio Alessi | Hannah Gale | June Thomson | Finn Iunker | Scout Tufankjian | Valentina Tereshkova",0,0,0.0,0,0,0.0,0.0,0.0,0.0,0.0,0.038461538461538464
dense,pooled,5abd0d635542992ac4f381b8,bridge,hard,How many days did it take the Best New Artist of 2009 to sell 2 million copies of an album in the UK and break a twenty year old record?,Adele | Robson &amp; Jerome (album),List of Billboard 200 number-one albums of 2002 | Robson &amp; Jerome (album) | Encore (Eminem album) | Alan Jackson albums discography | Billy Ray Cyrus discography | Japan Record Award for Best New Artist | 10 Hronia Mazi | Graduation (album) | Rabid Neurosis | Emotional Technology | Poison (American band) | The Long Road Home | Lana Del Rey discography | Levolution (album) | Adele | The Burning Red | Innocent Records | Thirty Eight (album) | My Fair Lady (Broadway cast recording) | Perfect Day (Cascada album) | Hold Me in Your Arms (album) | Old 8×10 | Every End of the Day | In It to Win It (Saliva album) | Hip Hop Since 1978 | 5:55 | Spellbound (TVXQ album) | Slade | The Hour of Bewilderbeast | Feel Good Inc. | Guns N' Roses discography | M Music &amp; Musicians | In Death Reborn | Headlines! | Change Has Come | The Foundation (Zac Brown Band album) | 2014 S/S | Late Registration | Puerto Roc Records | Daughtry (album) | MTV Video Music Award for Best New Artist | Kill the Lights (Luke Bryan album) | Join Hands | Clouds (Apollo Brown album) | The College Dropout | Greatest Hits (Dan Fogelberg album) | I Don't Care (Fall Out Boy song) | Skin Yard (album) | Mike Smith (A&amp;R man) | I've Been Working,1,1,1.0,0,0,0.0,0.5,0.5,0.5,0.5,0.5
dense,pooled,5ae68fcb5542992ae0d1635b,bridge,hard,"""Ew!"" is a song by a television host born where?",Ew! | Jimmy Fallon,Ew! | Anna Simpson | Kansas Song | Why Is There Air? | Infinity Cat Recordings | Curt Menefee | Gus Williams (musician) | Making Today a Perfect Day | Mark Britten | Jason Byrne (comedian) | Live World Tour: Catch Me in Seoul | Puerto Roc Records | Grand Ole Opry | Chicago Public Media | Jonathan Meath | Even Steven Levee | Yunho | Michael Finnegan (song) | Keith Bilbrey | Here (1954 song) | Song of Arizona | U Know What's Up | Muyiwa Olarewaju | Music Maker (label) | The Drop-In (podcast) | M Music &amp; Musicians | Ade Edmondson | Family Reunion (Saliva song) | Zhu Xun | Ronn Owens | Heffalumps and Woozles | Johnny Angel Wendell | Kingston Morning | Local H | Daniel House | The Nerdist Podcast | My Generation (talk show) | Kelly Osbourne | Kyo (musician) | Chim Chim Cher-ee | Café (musician) | Digital Media Factory | ♯JusticeForFlint | Yoann Lemoine | Jimmy Fallon | Blast! (musical) | New Scandinavian Cooking | A Rather Blustery Day | Hallelujah! I'm a Bum (album) | Be Our Guest,1,1,1.0,0,0,0.0,0.5,0.5,0.5,1.0,1.0
dense,pooled,5ab28b12554299449642c8ee,bridge,hard,The northern English anglian Kingdom in the Humber estuary spoke what dialect of english?,Kingdom of Northumbria | Northumbrian dialect,"Essex dialect | Kingdom of Northumbria | Northumbrian dialect | Cumbrian dialect | Humber Forts | Humberside | Humberhead Levels | English language | Bedale | South Ferriby | History of England | Old Saxon | History of the East Riding of Yorkshire | Borough of Berwick-upon-Tweed | Old Frisian | Proto-Norse language | M180 motorway | Corieltauvi | Aiken Drum | Øresund | Humber Warhawks | Durotriges | History of Wales | Kingdom of the Isles | Boston, Lincolnshire | List of rulers of the Kingdom of the Isles | Kirton, Suffolk | Sussex chicken | Yellowcraigs | Kelsall | Dutch language | Dirleton | Willoughton | Aonghus Mór | Finchampstead | Manor of Rivington | Battle of Clitheroe | Bucketty | Haddington, East Lothian | Row, Row, Row Your Boat | Øresund Region | Stramshall | Kirton End | Scottish Borders | Catuvellauni | Pulham Market | Three Little Kittens | Tweedledum and Tweedledee | Strawberry Park, Cheshire | Eccles, Greater Manchester",1,1,1.0,0,1,1.0,0.5,1.0,1.0,0.5,0.5
dense,pooled,5a7133565542994082a3e65c,bridge,hard,"What Kentucky county has a population of 60,316 and features the Lake Louisvilla neighborhood?","Lake Louisvilla, Louisville | Oldham County, Kentucky","Lake Louisvilla, Louisville | Kentucky County, Virginia | Oldham County, Kentucky | Casey County, Kentucky | Shawnee State Fishing Lake | Lakeland, Tennessee | Wheeling Island | Osage State Fishing Lake | Kentucky Oaks Mall | Brown State Fishing Lake | Greater Newport Rural Historic District | Brown County, Kansas | Jeff Hoover | Scottsburg Courthouse Square Historic District | Higgins Lake, Michigan | Shawnee Mission District Stadium | McLean, Virginia | Higgins Lake | Cromwell's Run Rural Historic District | Benjamin Logan | Kansas City metropolitan area | Lake District Mysteries | John Logan (pioneer) | CommunityAmerica Ballpark | Commanda Lake | West Memphis, Arkansas | John Bowman (pioneer) | Orlinda, Tennessee | Wytheville, Virginia | Superman: Tower of Power | Valhalla Highlands Historic District | Kent County Cricket Club in 2010 | .ky | National Archives of Zambia | Kent County Cricket Club in 2011 | Stacey Kent | Sullivan County, New Hampshire | Kent County Cricket Club in 2013 | Scott County Transit | Yangzong Lake | Kingsley Dam | Park City Center | 2008 Kansas City Wizards season | Muddy Creek Forks Historic District | Prophetstown State Park | Ingram–Schipper Farm | Middlebourne Historic District | Bratislava | Covington, Tennessee | Shreveport Steamer",1,1,1.0,0,1,1.0,0.5,1.0,1.0,1.0,1.0
dense,pooled,5abbd3ac55429931dba1458b,comparison,hard,Are both Duke Energy and Affiliated Managers Group based in Massachusetts?,Affiliated Managers Group | Duke Energy,"Duke Energy | Affiliated Managers Group | Duke Energy Florida | Progress Energy Inc | Crescent Communities | Sean Healey | Crystal River Energy Complex | Lincolnshire Management | Exxon | Neil Blair | Walkers (law firm) | Gulfstream Natural Gas Pipeline | Carey Olsen | Vermont Catamounts men's basketball | Terren Peizer | Henkel | Rubicon Drinks | Sabal Trail Transmission Pipeline | Leeds Equity Partners | Halliburton | Case Gym | Peter Torry | Paul Manafort | 2016–17 Vermont Catamounts men's basketball team | Kripalu Center | Blackstone River and Canal Heritage State Park | Pershing Square Capital Management | Sterling Entertainment Group | Bell Labs | Mike Beard (politician) | Carnegie Mellon University | Greene King | Darrell Crate | Digital Media Factory | Jonathan Michael Ansell | Kohlberg Kravis Roberts | Mark Masons' Hall, London | Allen &amp; Company Sun Valley Conference | Everette James | Pamela Gilbert | 2015–16 Vermont Catamounts men's basketball team | Thomas Shea | 2011–12 Vermont Catamounts men's basketball team | General Mills | Donald J. Hall Jr. | Citadel Mall | Manhattan Life Insurance Company | John Roach &amp; Sons | Charlotte Hornets | Lowe's",1,1,1.0,1,1,1.0,1.0,1.0,1.0,1.0,1.0
dense,pooled,5a85ab905542994c784ddb35,bridge,hard,"Two positions were filled in The Voice of Ireland b which British-Irish girl group based in London, England?",The Saturdays | The Voice of Ireland (series 4),"The Voice of Ireland (series 4) | List of Girls Aloud concert tours | The Saturdays | The Caledonia Soul Orchestra | History of Sinn Féin | Official Ireland | Irish prose fiction | Donegal Celtic F.C. | Jason Byrne (comedian) | Steve Nallon | History of Irish Americans in Boston | Molly Childers | Irish Bulletin | Queen's University Belfast A.F.C. | Brian Kennedy (singer) | Irish Fairy Tales | You and Me (Uniting Nations song) | Workers' Party of Ireland | Alice David | Headlines! | Duets: Re-working the Catalogue | Sinn Féin Republican Youth | Yvonne Ridley | Hume–Adams dialogue | On Your Radar | Catholic Church in Ireland | Patrick Kennedy (folklorist) | James Reilly (Irish politician) | His Band and the Street Choir | Frances Fitzgerald (politician) | Paddy O'Toole | Leader of Fine Gael | Claire Liddell | British people | The Young Ones (TV series) | Lostprophets | Republican Sinn Féin | Oh, No! Not THEM! | Lady Antebellum | Au Pairs (band) | The Voice Kids (Arabic TV series) | Robin Bailie | The Voice Teens (Philippine TV series) | Gerry Adams | Leader of Sinn Féin | B2K | Erskine Barton Childers | Florence Nagle | Aonghus Mór | Earl Belmore",1,1,1.0,0,1,1.0,0.5,1.0,1.0,1.0,1.0
dense,pooled,5a8d93ad554299653c1aa13d,comparison,hard,"Who was also an actor, Serri or John Fogerty?",John Fogerty | Serri (singer),John Fogerty (engineer) | Joseph Fogerty Sr. | Jacques Sernas | John Lithgow | John Waters | John Frederick Fogerty | John Ince (actor) | John Fogerty | Július Satinský | Noel C. Bloom | Mihai Mălaimare Jr. | Serri (singer) | Pietro Germi | Ralph Ince | Alain Resnais | James Roland MacLaren | John Fogerty (album) | James Dean | Ottavio Alessi | E. J. Carroll | Michael Atkinson | John Pappas | Charles Hastings Judd | Frank McDonald (director) | Joseph McGrath (film director) | Roy Holder | Steve Nallon | Al Pacino | Patrick Tatten | George Abbott | Spencer Bell (actor) | Kenneth Posner | Semyon Aranovich | John Amos | Shirley Temple | The Long Road Home | John MacGregor | David Dencik | Araby Lockhart | Henrik Dorsin | Raimund Marasigan | Chris Marker | Grease: The New Broadway Cast Recording | Brian Dennehy | Kiyoshi Kohatsu | Branko Tomović | Corey Allen | Earl and Edgar McGraw | Sela Ward | Ronald Reagan,0,0,1.0,0,0,0.0,0.0,0.0,0.5,0.125,0.125
dense,pooled,5a886886554299206df2b258,bridge,hard,"What is the international football competition for women that Liu Ailing played in the 1991,1995, 1999 editions?",FIFA Women's World Cup | Liu Ailing,Liu Ailing | EAFF E-1 Football Championship (women) | EAFF E-1 Football Championship | FIFA Women's World Cup | Women's Nordic Football Championship | Nora Rocha | 2016 COTIF Tournament | Switzerland women's national football team | 1991 Ms. Olympia | Gymnastics at the 2002 Asian Games | Zhu Xun | 2015 Wimbledon Championships – Women's Doubles | Gambia women's national football team | Geri Donnelly | 2008 Summer Olympics | 1997 FA Women's Cup Final | 1981 Ms. Olympia | Li Na | 1991 Mr. Olympia | 1982 US Open – Mixed Doubles | 1980 Ms. Olympia | 2015 Rogers Cup – Women's Doubles | Guo Jie | 1984 South Asian Games | 2010 Commonwealth Games | Xin Zhui | 2010 Commonwealth Games medal table | 2016 FA Women's Cup Final | Janine Gutierrez | Sommeren '92 | 2015 FA Women's Cup Final | 6 Hours of Mexico | 2011 French Open – Women's Singles | Sammy Howarth | Brylan Van Artsdalen | Miss Nepal 2010 | Xiapu County | Jackie Lou Blanco | 1994 FA Women's Cup Final | The Class of '92 | Emma Carney | Bu Xiaolin | I&quot;s | Atiqur Rahman Meshu | Indriati Iskak | 2000 FA Women's Cup Final | 2002 FA Women's Cup Final | Ayesha Farooq | 2017 FA Women's Cup Final | Sport &amp; Leisure Swifts F.C.,1,1,1.0,0,1,1.0,0.5,1.0,1.0,1.0,1.0
dense,pooled,5a7c6bcc55429935c91b519c,bridge,hard,Rock Springs is a collection of short stories by an author born in what year?,Richard Ford | Rock Springs (short story collection),"Rock Springs (short story collection) | Richard Ford | Roald Dahl short stories bibliography | Pluck and Luck | The Roald Dahl Treasury | Rick Wilber | Summer of the Monkeys | Clinton Walker | Winfred Blevins | The Collected Short Stories of Roald Dahl | Roald Dahl: Collected Stories | Emma Bull | Melissa Fay Greene | Snoecks | Jack and His Comrades | The Greek Princess and the Young Gardener | C. Hugh Holman | The Best of Roald Dahl | Cold Spring, New York | Folk rock | Wendell Berry | Carol Shields | Richard Marsh (author) | A Good Man Is Hard to Find and Other Stories | The Twenty-fifth Anniversary Anthology | Cultural depictions of Harold Godwinson | Buried Country | Penelope Lively | Spring Hill station | Bread and Roses, Too | Claudia Durst Johnson | Michael Finnegan (song) | Jay Cronley | Roald Dahl | Bridge to Terabithia (novel) | London Review of Books | Little Big Man (novel) | Music City Queen | Kurt Vonnegut | Sally Gibson | Murder of Grace Brown | The Scourge of the Desert | National Lampoon 1964 High School Yearbook Parody | Gimme Shelter (disambiguation) | Herbert Brean | Young adult fiction | James Gamble Rogers II | Arrow Rock, Missouri | Lake District Mysteries | Irish Fairy Tales",1,1,1.0,1,1,1.0,1.0,1.0,1.0,1.0,1.0
dense,pooled,5a825bb455429940e5e1a874,bridge,hard,Folie à Deux is a studio album by the American rock band formed in which city?,Fall Out Boy | Folie à Deux (album),"Folie à Deux (album) | Welcome to the New Administration | Believers Never Die Tour Part Deux | America's Suitehearts | B2K | Au Pairs (band) | Extrema (band) | Tubular Bells for Two | Double Trouble (band) | Join Hands | Team Fortress 2 | Radio Amor | Circle. Square. Triangle | The Suicide File | The Caledonia Soul Orchestra | Double Dagger | I Don't Care (Fall Out Boy song) | Aurelio Valle | Big Stone Gap (film) | What a Catch, Donnie | Paris Awakens | 2006–07 Wigan Athletic F.C. season | Live in Japan (John Coltrane album) | Les Chansons d'Aragon | Avatar: The Last Airbender (season 2) | Perfect Day (Cascada album) | An Imaginary Country | Daughtry (album) | Suicide (1977 album) | The Famines (band) | Robson &amp; Jerome (album) | Live at Carnegie Hall (Stevie Ray Vaughan album) | His Band and the Street Choir | The Beach Boys | Hate Them | Rory Attwell | INXS | Fomorians | American Hardcore (film) | Headfirst Slide into Cooperstown on a Bad Bet | L'affiche rouge | Levolution (album) | Lostprophets | Kevin Shields | Italian American One Voice Coalition | Timbiriche VIII &amp; IX | Kiss (Carly Rae Jepsen album) | Frenchman Formation | I Against I | Second Best (film)",1,1,1.0,0,0,0.0,0.5,0.5,0.5,1.0,1.0
dense,pooled,5a72a0be5542992359bc3143,bridge,hard,"This work of literature _______ , known by its Greek title Oedipus Tyrannus was argued by Sigmund Freud to be one of the greatest works of world literature in his 1928 article. ",Dostoevsky and Parricide | Oedipus Rex,"Oedipus Rex | The Interpretation of Dreams | The Life and Work of Sigmund Freud | Freud: A Life for Our Time | Dostoevsky and Parricide | Critical approaches to Hamlet | Freud and Philosophy | Why Freud Was Wrong | The Assault on Truth | Satyricon | Peter Swales (historian) | José Echegaray | Shakespearean tragedy | Jane Marcus | Orlando: A Biography | Time and Free Will | Douglas Ainslie | Revenge tragedy | Crime and Punishment | Seumas MacManus | Ghulam Nabi Firaq | W. F. Morris | The Devils (play) | Georges-Henri Bousquet | Arild Nyquist | A Thing of Beauty | Six Violin Sonatas, Op. 5 (Vivaldi) | Music composition and composers in Pristina | The Mask of Dimitrios | Anthology of Fantastic Zoology | The Most Incredible Thing | Virginia Woolf | Moina Mathers | Adriana Trigiani | Voltaire in Love | Enrique Banchs | Cultural depictions of Harold Godwinson | I, Too (Langston Hughes poem) | Pavel Alexandrov | William R. Harwood | Arthur Conan Doyle | Winfred Blevins | Roald Dahl short stories bibliography | Armando Mook | Matter and Memory | Semyon Aranovich Gershgorin | Patterns of Sexual Behavior | E. Mavis Hetherington | By the Beautiful Sea (song) | Irish prose fiction",1,1,1.0,0,1,1.0,0.5,1.0,1.0,1.0,1.0
dense,pooled,5ade15f35542997545bbbe47,bridge,hard,Katherine Waterston and Chrisann Brennan has what in common?,Chrisann Brennan | Katherine Waterston,Chrisann Brennan | Lisa Brennan-Jobs | Katherine Waterston | Supagroup | Vanessa White | Anna Simpson | Penny (The Big Bang Theory) | The Bite in the Apple | Molly Childers | Sian Powers | Christy Sutherland | Lady Antebellum | Marissa Perry | Paige Matthews | Katherine Kath | Noel C. Bloom | Hilarie Burton | Laura Linney | Claire Liddell | Gretchen Osgood Warren | Vanessa Bley | 1983 Volvo International – Doubles | Karen Clark Sheard | Lea Thompson | The Voice of Ireland (series 4) | Nancy K. Pearson | Johanna Bennett | 1982 US Open – Mixed Doubles | Shaunna O'Grady | Søren Rasted | Susie Bright | Caroline Spencer | Manhattan Romance | Mona Scott-Young | Jawbreaker (film) | Jessica Mulroney | Janine Gutierrez | Rose McGowan | Boston Common (TV series) | Amanda Lepore | Sage Kirkpatrick | List of Texas Tech Lady Raiders in the WNBA Draft | Katie Landers | Charmed | Power of Three (Charmed) | Alie Ward | Partners (2012 TV series) | Virginia Foster Durr | Sammy Howarth | Blythe Danner,1,1,1.0,0,1,1.0,0.5,1.0,1.0,1.0,1.0
dense,pooled,5a77cb5e55429967ab1052a7,bridge,hard,"The voice of Homer Simpson also voices what alien character in the television series ""The Simpsons""?",Dan Castellaneta | Kang and Kodos,Dan Castellaneta | Hubert Gagnon | Ned Flanders | Krusty the Clown | Kang and Kodos | The Itchy &amp; Scratchy Show | Jim Cummings | Grampa Simpson | Homer to the Max | Bart to the Future | Do the Bartman | Santa's Little Helper | Patty and Selma | Bart the Fink | Kate Higgins | Joey Miyashima | Iroh | Robby Benson | Sherry Gunther | Ralph Garman | Postcards from the Wedge | Brother from Another Series | Mark Britten | Good Night (The Simpsons short) | Chris Hardwick | Brian Doyle-Murray | Dog Tales (1958 film) | Bart Gets Hit by a Car | Milton (cartoon) | Richard Kind | Cheech Marin | Raymond Ochoa | The Voice of the Philippines | Lucas Grabeel | Anna Simpson | The Telltale Head | Andy's Ancestry | Roland Rat | Marta Ribera | Gonzo (Muppet) | The Voice Kids (Arabic TV series) | Kristof Konrad | Avatar: The Last Airbender (season 2) | Matt Kennedy Gould | Alien (film) | Larry Drake | Voice (film) | Gary Anthony Williams | Jonathan Meath | Barnyard Dawg,1,1,1.0,0,1,1.0,0.5,1.0,1.0,1.0,1.0
dense,pooled,5a83aaeb5542996488c2e483,bridge,hard,What studio album did Kanye West record with Roc-A-Fella Records and soul singer Dwele?,My Beautiful Dark Twisted Fantasy | Power (Kanye West song),Graduation (album) | Late Registration | The College Dropout | Hip Hop Since 1978 | Watch the Throne | My Beautiful Dark Twisted Fantasy | Power (Kanye West song) | Drop the World | In Death Reborn | Chris Hanzsek | Flashing Lights (Kanye West song) | Billy Ray Cyrus discography | Puerto Roc Records | Encore (Eminem song) | Vance Powell | Lil Ru | PRhyme | Numb (Rihanna song) | Perfect Day (Cascada album) | Omarion | Mike Smith (A&amp;R man) | The Monster (song) | Clouds (Apollo Brown album) | Encore (Eminem album) | Innocent Records | The People (Common song) | The Foundation (Zac Brown Band album) | Levolution (album) | Change Has Come | Seasoned Veteran | Daniel House | Rabid Neurosis | B2K | Booty Luv | Cargo Records (Canada) | Feel Good Inc. | Alan Jackson albums discography | List of Billboard 200 number-one albums of 2002 | High Lonesome (Randy Travis album) | List of songs recorded by Linkin Park | Kingston Morning | Daughtry (album) | Ungod | Emotional Technology | Lonestar discography | Old 8×10 | Barbara Higbie | Lana Del Rey discography | The Long Road Home | In It to Win It (Saliva album),0,0,1.0,0,0,1.0,0.0,0.0,1.0,0.16666666666666666,0.16666666666666666
dense,pooled,5ac4392e5542997ea680ca32,comparison,hard,Were Enrique Carreras and Lionel Ngakane both filmakers during the 20th century? ,Enrique Carreras | Lionel Ngakane,Enrique Carreras | Lionel Ngakane | Cineriz | Enrique Grau | Ottavio Alessi | Alain Resnais | Chris Marker | Enrique Echeverría | Alencier Ley Lopez | Manuel Quiroga (violinist) | 1920 (film) | Július Satinský | Carlos Rendón Zipagauta | Scott Sidney | Bruno Kirby | Thomas H. Ince | La Femme Musketeer | Arnold Schwarzenegger filmography | Lev Kuleshov | 12th Youth in Film Awards | Francesco Scarlatti | John Waters | Mihai Mălaimare Jr. | Frank McDonald (director) | Ralph Ince | Raz-B | Hall &amp; Oates | George Abbott | E. J. Carroll | Marco Da Silva (dancer) | John Ince (actor) | Domenico Scarlatti | Jory Prum | John Darby (Dean of Chester) | Jacques Sernas | 1920 (film series) | Al Pacino | Semyon Aranovich | James Roland MacLaren | Celebrity Home Entertainment | Julián Hernández (filmmaker) | Noel C. Bloom | Gus Williams (musician) | Altair (film) | Carreras Cigarette Factory | Jacopo Puccini | Giuseppe Verdi (film) | Kiyoshi Kohatsu | Tomaso Albinoni | Three are Three,1,1,1.0,1,1,1.0,1.0,1.0,1.0,1.0,1.0
dense,pooled,5a7f5c9f55429969796c1a0f,bridge,hard,The city that contains the Yunnan Provincial Museum is also known by what nickname?,Kunming | Yunnan Provincial Museum,"Yunnan Provincial Museum | Kunming Museum | Kunming | Dazhou | Dian Lake | Luang Namtha Museum | Tongcheng Subdistrict, Fuding | Yangzong Lake | Xin Zhui | Fuding | Xiapu County | Wolong Special Administrative Region | Yandu District | Yingkou | Shanghai | Dali–Ruili Railway | Shuangmiao, Inner Mongolia | Dafeng District | Sinopieris | Pearl River (China) | Zhukaigou culture | Chahar Right Rear Banner | Roman Catholic Diocese of Yingkou | Gulangyu | Musée Henri-Mathieu | Dalian Zhoushuizi International Airport | Inner Mongolia Medical University | Ordos City | Yingkou Lanqi Airport | Yingkou East Railway Station | Taimushan Railway Station | Tinghu District | Horqin Left Rear Banner | Inner Mongolia First Machinery Group Corporation | G5511 Jining–Arun Expressway | Japan Record Award for Best New Artist | Urad Rear Banner | Fuding Railway Station | The Dragon, the Hero | Shanghai Grand Theatre | Hanggin Rear Banner | Crataegus pinnatifida | Cultural Property (Japan) | Bank of China Tower (Hong Kong) | Journal of Thoracic Disease | Inner Mongolia University of Technology | Guo Jie | Columbia University | Clock Tower of Murshidabad | Great Hall of the People",1,1,1.0,0,1,1.0,0.5,1.0,1.0,1.0,1.0
dense,pooled,5a8b770f5542995d1e6f13a7,bridge,hard,"Where is the singer of ""B Boy"" raised?",B Boy (song) | Meek Mill,B Boy Baby | B Boy (song) | Raz-B | About a Boy (soundtrack) | B2K | Omarion | Small Town Boy (song) | Lil Ru | Cho Kyuhyun | Gus Williams (musician) | Vanessa Bley | 'Tis Autumn | The Bailey Brothers and the Happy Valley Boys | Not the Boy Next Door | Imajin | The Boy Next Door (album) | The Beach Boys | Sunset Blvd. (Yancey Boys album) | Ashley Young | Søren Solkær | The Journey (Immature album) | Vanessa White | Badly Drawn Boy | Supagroup | Mona Scott-Young | Gumbo (PJ Morton album) | Harry Connick Jr. | Anna Simpson | Nicki Minaj | Local H | Mark Britten | Chris Hanzsek | Something to Talk About (Badly Drawn Boy song) | Brian Kennedy (singer) | Lady Antebellum | Daniel House | Hip Hop Since 1978 | Lewis Young | Dr. Freeze | American Beauty/American Psycho Tour | Didi Beck | Under the Blue Moon | Mark Arm | Aurelio Valle | She's Got the Rhythm (And I Got the Blues) | Adele | History (band) | Graduation (album) | Patrick Tatten | Shashaa Tirupati,1,1,1.0,0,0,0.0,0.5,0.5,0.5,0.5,0.5
dense,pooled,5ae3dc205542992f92d823a1,bridge,hard,The Column of Saint Zanobi  is a monumental marble column located just north of religious building with the status of what?,"Colonna di San Zanobi, Florence | Florence Baptistery","Colonna di San Zanobi, Florence | Alexander II Column in Odessa | Column of Phocas | Column of the Vicariate | Florence Baptistery | Medici Vase | Piazza Colonna | Pestsäule, Vienna | Berlin Peace Column | San Jacinto Monument | Colonna dell'Abbondanza, Florence | Waterloo Vase | Azam mosque of Qom | Patan minara | Eski Imaret Mosque | Borghese Vase | Dukenfield Hall | Svartisen Hydroelectric Power Station | St. Andre's Parish | Church of the Guanche People | Karlsøy Church | Tashkopryu Mosque | Kumanovo Clock Tower | Montezuma Castle National Monument | Zaječická hořká | Zafar, Yemen | Teatro Giuseppe Verdi | Roque Cinchado | Omodos | Chernivtsi | Tabernacle | Ephigenia of Ethiopia | Djamaâ el Kebir | Sultan Ahmed Mosque | List of ancient spiral stairs | Spynie Palace | Esma Sultan Mansion | St James's Church, Reading | Museumsdorf Niedersulz | Laleli Mosque | List of oldest synagogues | Musée Henri-Mathieu | Catuvellauni | St James's Palace | The Works (restaurant) | Asante Traditional Buildings | Clock Tower of Murshidabad | Masnières Newfoundland Memorial | Church of St Mary the Virgin, Eccles | Galle Clock Tower",1,1,1.0,0,1,1.0,0.5,1.0,1.0,1.0,1.0
dense,pooled,5a7cf29255429909bec768b8,bridge,hard,The Ingerophrynus gollum is named after a character in a book that sold how many copies?,Ingerophrynus gollum | The Lord of the Rings,Ingerophrynus gollum | Ingerophrynus | Gollum | Gollum (genus) | Gollum: How We Made Movie Magic | The Lord of the Rings | Michael Finnegan (song) | Who Goes There? (collection) | The Hork-Bajir Chronicles | List of Square Enix companion books | Suanfa tongzong | Tweedledum and Tweedledee | Manga Bible (series) | William R. Harwood | Shayne Workman | From Unknown Worlds | The Great Gilly Hopkins | Oedipus Rex | Animorphs | Reed A. Albee | Dime novel | Isaak Hassler | Turning Paige | Roald Dahl | Left Behind: The Kids | Cultural depictions of Harold Godwinson | List of Avatar: The Last Airbender episodes | John MacGregor | Ravi Sethi | Andlang | The Greek Princess and the Young Gardener | The Sword in the Stone (film) | The Hour of Bewilderbeast | London Review of Books | The Master Puppeteer | Myiodynastes | Barnyard Dawg | AlphaPets | Claire Liddell | Hawkinsara | Winfred Blevins | The Roald Dahl Treasury | Lady Antebellum | Togodumnus | Selle v. Gibb | Penelope Lively | Lake District Mysteries | Douglas Ainslie | H. Bedford-Jones | Micropædia,1,1,1.0,0,0,1.0,0.5,0.5,1.0,1.0,1.0
dense,pooled,5a79f6ca554299029c4b5f90,bridge,hard,"What Danish eurodance group had a single called ""Barbie Girl"" which resulted in a lawsuit in 2002?","Aqua (band) | Mattel, Inc. v. MCA Records, Inc.","Aqua (band) | Lollipop (Candyman) | Mattel, Inc. v. MCA Records, Inc. | Doctor Jones | Dub-I-Dub | Daze (band) | Aquarium (Aqua album) | Chixdiggit | René Dif | Søren Rasted | Euromarché | Dancin' (on a Saturday Night) | Marsha Albert | Wolf Alice | Volbeat | Søren Solkær | Au Pairs (band) | Hellfest (American music festival) | Pretty Little Dutch Girl | Søndagsbarn | Lene Nystrøm | Booty Luv | International Teen Princess | Kohlberg Kravis Roberts | Lady Antebellum | Erika Jayne | The Flowers of Romance (band) | Test Icicles | The Danish Way to Rock | We Can Get Together | Can't Help Myself | Goo Goo Dolls | Nancy Spungen | Rabid Neurosis | Double Dagger | Hold Me Up | Goo Goo Dolls (album) | Boots (EP) | Perfect Day (Cascada album) | For Screening Purposes Only | Marco Da Silva (dancer) | Carl Barât | Supagroup | Mabel Greer's Toyshop | Jameel v Wall Street Journal Europe Sprl | Innocent Records | Better Off Alone | European route E47 | Rory Attwell | Maxeda",1,1,1.0,0,1,1.0,0.5,1.0,1.0,1.0,1.0
dense,pooled,5a8e3dc05542995085b37401,comparison,hard,"Which case was decided first, Selle v. Gibb or Reynolds v. Sims?",Reynolds v. Sims | Selle v. Gibb,"Reynolds v. Sims | Selle v. Gibb | Charles Morgan Jr. | Reynolds v. Pegler | Reynolds v. United States | United States v. Paramount Pictures, Inc. | Criminal law in the Marshall Court | United States v. Binion | Criminal law in the Waite Court | Craig v. Boren | Van Staphorst v. Maryland | George Reynolds (Mormon) | Martin Mahoney | Jameel v Wall Street Journal Europe Sprl | United States v. Quiver | Rostker v. Goldberg | V.L. v. E.L. | Hoffman v. Jones | West v. Barnes | Lau Kong Yung v Director of Immigration | Summers v. Earth Island Institute | Reynolds v Times Newspapers Ltd | Commissioner v. Banks | Whole Woman's Health v. Hellerstedt | DC Extended Universe | R v Van der Peet | Mississippi University for Women v. Hogan | Mattel, Inc. v. MCA Records, Inc. | 1968 US Open (tennis) | Berghuis v. Thompkins | Block booking | Hirabayashi v. United States | Court Square Capital Partners | List of largest pharmaceutical settlements | Jermain Mackey | Fraley v. Facebook, Inc. | Omar Khadr | Wayne Garland | Baker v. Nelson | Gal Gadot | George V | Bobbi Bacha | Tom Clancy's Net Force Explorers: Cold Case | Justice League (film) | Terren Peizer | Lawrence Austin | Carey Olsen | Damian Wayne | Thomas H. Ince | Crazy John's",1,1,1.0,1,1,1.0,1.0,1.0,1.0,1.0,1.0
dense,pooled,5ade24e35542992fa25da6e6,bridge,hard,Mamie Gummer played the role of Nancy Crozier on the TV series airing on what network?,Mamie Gummer | The Good Wife,Mamie Gummer | Janet Waldo | Elisabeth Moss | Jim Backus | Sela Ward | Gretchen Palmer | Erika Moulet | Burt Gummer | Cressida Bonas | Sherry Gunther | Nancy Carter | Sara Botsford | Sarah Drew | Azie Mira Dungey | Blythe Danner | Kimmy Schmidt | My Family (series 1) | Meet Corliss Archer | Shelley Fabares | Laura Osnes | Ellie Kemper | Eleonora Pedron | Marta Ribera | John Amos | Lisa Wilcox | Shaunna O'Grady | Erica Packer | Partners (2012 TV series) | Sam Eagle | Nancy Spungen | Helen Modern | Hilarie Burton | Katie Landers | Alie Ward | Connie Sawyer | Jo Marie Payton | Johnny Angel Wendell | Zhu Xun | Carol Martin | Kelly Osbourne | Fiona Forbes | Meet Corliss Archer (TV series) | Unbreakable Kimmy Schmidt | Lucy Fry | The Sarah Millican Television Programme | Sarah Bolger | Sianoa Smit-McPhee | Jeff Hephner | Richard Kind | Kate Higgins,1,1,1.0,0,0,0.0,0.5,0.5,0.5,1.0,1.0
dense,pooled,5ab5f854554299637185c64e,bridge,hard,What country do both Adnan Akmal and Kamran Akmal represent in cricket?,Adnan Akmal | Kamran Akmal,"Adnan Akmal | Kamran Akmal | Mohammad Salman (cricketer, born 1981) | Umar Akmal | Kamran Rasheed | Imran Ali (cricketer, born 1985) | Zulqarnain Haider | 2013 East Africa Premier League | Lahore Qalandars in 2016 | Apratim Majumdar | Chawalit Kamutchati | Kasi (Pashtun tribe) | Ferdi Taygan | Lionel Ngakane | Michalis Bakakis | Mat Dan | 2000 ICC KnockOut Trophy | Dipangkorn Rasmijoti | Komal | Fayyaz Hashmi | Cho Kyuhyun | Tyler Kalinoski | Pakdam Pakdai | Alencier Ley Lopez | Doug Bollinger | Shoba Chandrasekhar | Kavita Tungar | Kidandali | Shashaa Tirupati | Ankahee (2006 film) | Wahab Riaz | Udaka vadya | Emílio da Silva | Chak 86/6.R Sahiwal | Village accountant | Zaheer Khan | Sachin Bansal | Duniya Vijay | Mahbub ul Haq | Ibrahim Tall | Kishore Dang | Scout Tufankjian | Khosrow IV | Krishnabhaskar Mangalasserri | Aryanto Yuniawan | Bjørn Helge Riise | Michael Hjälm | Julian Bolling | Kasper Schmeichel | Rupaye Dus Karod",1,1,1.0,1,1,1.0,1.0,1.0,1.0,1.0,1.0
dense,pooled,5ab5b6c1554299637185c5e5,comparison,hard,Did Franki Valli sing with Hellogoodbye or The Four Seasons?,Hellogoodbye | The Four Seasons (band),Valli (album) | The Four Seasons (band) | Bobby Fox | Sunset Blvd. (Yancey Boys album) | Jersey Boys: Original Broadway Cast Recording | The Wonder Who? | Barbara Higbie | Sianoa Smit-McPhee | Halcyon (album) | Divya S. Menon | A Lot About Livin' (And a Little 'bout Love) | Valentina (2008 film) | Marco Da Silva (dancer) | Myrna Sharlow | She's Got the Rhythm (And I Got the Blues) | Gretchen Palmer | Can't Take My Eyes Off You | Keyed Up | Nancy Sinatra | Dancin' (on a Saturday Night) | Adele | Jackie Lou Blanco | List of songs recorded by Lali Espósito | Highspeed Hayride | My Eyes Adored You | Hellogoodbye | Eleonora Pedron | Lee Hazlewood | Lene Nystrøm | Dieci canzoni d'amore da salvare | High Lonesome (Randy Travis album) | Current Mood | Vanessa White | Marissa Perry | Paige O'Hara | List of songs recorded by Ellie Goulding | Xtended Play Version 3.13 | ♯JusticeForFlint | Hometown News | To Know Him Is to Love Him | Midnight Sun (2006 film) | I Don't Wanna Know | The Voice Kids (Arabic TV series) | Piano Girl | Kelly Osbourne | Leontyne Price | Supagroup | Lenelle Moïse | Merry Clayton | Yoann Lemoine,1,1,1.0,0,0,0.0,0.5,0.5,0.5,0.5,0.5
dense,pooled,5ae25ed15542992decbdccd2,comparison,hard,Both Sorbaria and Goldenrod are a genus of more than 50 flowering plants?,Goldenrod | Sorbaria,Sorbaria | Goldenrod | Solidago curtisii | Solidago speciosa | Solidago elongata | Solidago rugosa | Solidago rupestris | Solidago ouachitensis | Solidago uliginosa | Ehretia | Brintonia | Caladenia | Pieris (plant) | Eucryphia | Xanthoceras | Huernia | Pilgerodendron | Silene | Libocedrus | Ajuga | Silene suksdorfii | Pachypodium | Leptospermum | Phlebodium | Cattleytonia | Phlebodium aureum | Ajugeae | Leptosporangiate fern | Cupressus | Marsileaceae | Silene conoidea | Cypress-pine | Fokienia | Hawkinsara | Coprosma repens | Paracaleana | Adenocarpus viscosus | Pachypodium lealii | Stenocereus | Silene stenophylla | Laeliocattleya | Silene menziesii | Marsilea minuta | Calochilus | Parkia timoriana | Dictyosperma | Brabejum | Silene antirrhina | Otaara | Sex determination in Silene,1,1,1.0,1,1,1.0,1.0,1.0,1.0,1.0,1.0
dense,pooled,5ab808ea5542991d3222380e,bridge,hard,"What is the capacity of the Stadium, other than Kauffman Stadium, designed by Charles Deaton ? ",Arrowhead Stadium | Charles Deaton,"Kauffman Stadium | Charles Deaton | Children's Mercy Park | Springfield Park (Wigan) | Arrowhead Stadium | Truman Sports Complex | 2012 Major League Baseball All-Star Game | Shawnee Mission District Stadium | Oleson Park Music Pavilion | Bobby Dodd Stadium | 2009 Kansas City Royals season | One Raffles Place | Republic Plaza (Singapore) | Centro de Congresos Queretaro | CommunityAmerica Ballpark | Darling's Waterfront Pavilion | Androscoggin Bank Colisée | 2012 Kansas City Royals season | Glanford Park | 2017 Kansas City Royals season | Dukenfield Hall | Maiwand Lion | Grandview Park Music Pavilion | Astrodome | Concord Pavilion | Case Gym | Dwyer Arena | Eugene Cross Park | Kripalu Center | Waterloo Vase | Shreveport Steamer | Sima Hydroelectric Power Station | Denver International Airport | Kumanovo Clock Tower | One Marina Boulevard | Asante Traditional Buildings | 2016 Kansas City Royals season | Governor's House, Knutsford | Azam mosque of Qom | Curzon Ashton F.C. | Campbell Field (Colorado) | San Jacinto Monument | Fruit Bowl | Langston Hughes Performing Arts Center | College of Staten Island Baseball Complex | Sir Matt Busby Sports Complex | Theater Erfurt | Teatro Giuseppe Verdi | Alamein Memorial | Roald Dahl Plass",1,1,1.0,0,1,1.0,0.5,1.0,1.0,0.5,0.5
dense,pooled,5ae5072e55429960a22e0246,bridge,hard,"Who is the current drummer of the band who did the song ""What Lovers Do""?",Maroon 5 | What Lovers Do,"Hall &amp; Oates | Raimund Marasigan | What Lovers Do | Mark Arm | List of Canned Heat members | Peter Morén (drummer) | Timothy &quot;Yogi&quot; Watts | Kevin Shields | Supagroup | Jamboree (Beat Happening album) | Gerry Marsden | Aurelio Valle | The Flowers of Romance (band) | Daniel House | Matt Cameron | Daryl Hall | Tom Morello discography | Dev Hynes | Jonathan Wolfson | Even Steven Levee | Lee Hazlewood | Frank Beard (musician) | Dave Meros | Tom Rothrock | Brad Alexander | Hans Orifice | The Rats (American band) | Drum Beat | Kent Stax | Anthony Rossomando | The Unguided | Join Hands | 'Tis Autumn | The Caledonia Soul Orchestra | Jack Endino | Mark Castillo | Sid Vicious | Mike Smith (A&amp;R man) | Winnebago Deal | The Beach Boys | Beat Happening/Screaming Trees | Chris Hanzsek | Stacey Kent | I'll Be Your Lover, Too | Carl Barât | Truly | Vanessa White | The Four Seasons (band) | Lil Ru | Chris Funk",0,1,1.0,0,0,0.0,0.0,0.5,0.5,0.3333333333333333,0.3333333333333333
dense,pooled,5ac01bca5542992a796dec8d,bridge,hard,What 2017 Christopher B. Landon directed American slasher film is Jessica Rothe starring in?,Happy Death Day | Jessica Rothe,Heidi Ewing | Savage Weekend | Happy Death Day | Afflicted (film) | Delicatessen (film) | Manhattan Romance | Jessica Rothe | Scouts Guide to the Zombie Apocalypse | Out in Fifty | Striking Distance | Rings (2017 film) | Fugitive in Trieste | David Ayer | Awake (film) | Dead at 17 | Brandon Dickerson | David Weissman | Finishing School (1953 film) | Claudia Drake | Drive Angry | Robin Hood (2018 film) | Agee (film) | Identity Films | Street Kings 2: Motor City | Sebastián Mantilla | Just Another Romantic Wrestling Comedy | The Deserter (1912 film) | Second Best (film) | Suicide Kings | Devil in the Flesh (1998 film) | Fatal Games | Linda Mvusi | My Bloody Valentine 3D | American Beauty (1999 film) | In Country | Ashley Cheadle | Planet Terror | Valentina (2008 film) | Pamela B. Green | Red Sparrow | Scream (1996 film) | The Great Gilly Hopkins (film) | Frank McDonald (director) | Udanchhoo | Innerspace | Healing (film) | CrissCross | Chris McKay | True Lies | Brewster McCloud,0,1,1.0,0,0,1.0,0.0,0.5,1.0,0.3333333333333333,0.3333333333333333
dense,pooled,5adf34d35542993a75d26425,bridge,hard,Who was the president of the Sinn Fein political party during the Hume-Adams Dialogue?,Gerry Adams | Hume–Adams dialogue,"Hume–Adams dialogue | Leader of Sinn Féin | History of Sinn Féin | Workers' Party of Ireland | Gerry Adams | Sinn Féin Front Bench | Republican Sinn Féin | Sinn Féin Republican Youth | Volunteer Political Party | Paddy O'Toole | James Reilly (Irish politician) | Robert Barton | Erskine Barton Childers | Leader of Fine Gael | Liam Cosgrave | Richard Socarides | Frances Fitzgerald (politician) | Robert Caesar Childers | Simon Coveney | Fine Gael leadership election, 2017 | George I, Earl of March | Douglas J. Bennet | Swedish general election, 1982 | Ancient Order of Hibernians | Robert Erskine Childers | Enda Kenny | Molly Childers | William Flynn Martin | Official Ireland | Iraqi National Dialogue Council | Fiona Bruce (politician) | Speeches and debates of Ronald Reagan | Richard Torbay | Steven Bradford | Sean Hannity | Lee Terry | Reagan Democrat | Patrick Kennedy (folklorist) | Gospatric, Earl of Northumbria | Aonghus Mór | Donald Trump presidential campaign, 2000 | Adam &amp; Eve, Birmingham | Sean Connor | Jason Byrne (comedian) | Leo Varadkar | Patrick IV, Earl of March | Gretchen Osgood Warren | George II, Earl of March | Ronald Reagan | John Bruton",1,1,1.0,0,1,1.0,0.5,1.0,1.0,1.0,1.0
dense,pooled,5add67555542992ae4cec54e,comparison,hard,Which of these battles occurred earlier--the Battle of Peleliu or the Battle of Belleau Wood?,Battle of Belleau Wood | Battle of Peleliu,"Battle of Belleau Wood | Battle of Peleliu | USS Belleau Wood | Seven Days Union order of battle | Seven Days Confederate order of battle | Battle of Great Bridge | Battle of the Burbia River | Battle of Malvern Hill | Seven Days Battles | Battle of Port Republic | Battle of Gaines's Mill | USS Belleau Wood (LHA-3) | Battle of Adwa | Battle of Stones River | Aisne-Marne American Cemetery and Memorial | Battle of Glendale (Skye) | Siege of Bharatpur (1805) | Battle of Silda | Battle of Clitheroe | Battle of Romanovka | Battle of Cross Keys | American Expeditionary Forces | Battle of Yao (Japan) | Northern Virginia Campaign | Military history of Mexico | Chimaji Appa | Battle of Alhandic | Battle of Jupiter Inlet | USS Belleau Wood (CVL-24) | Battle of Berestechko | Second Battle of Agordat | Battle of Fallen Timbers | Battle of Manila (1574) | Battle of Aspromonte | Battle of Klushino | Elmo M. Haney | VMF-215 | Tippecanoe order of battle | Battle of Blue Licks | Battle of Tippecanoe | Bukhara operation (1920) | Battle of Stamford Bridge | Joseph L. Follett | Battle of Calabria | Siege of Bharatpur | Stapleton Cotton, 1st Viscount Combermere | Battle of Norfolk | Giuseppe Arimondi | Civil War (college football game) | Battle of the Ch'ongch'on River",1,1,1.0,1,1,1.0,1.0,1.0,1.0,1.0,1.0
dense,pooled,5a8085705542992bc0c4a74b,bridge,hard,Garden Island Naval Chapel is the oldest Chistian chapel of a naval branch of what defence force?,Garden Island Naval Chapel | Royal Australian Navy,"Garden Island Naval Chapel | Royal Australian Navy Heritage Centre | VMF-512 | VMF-511 | VMF-111 | VMF-213 | Royal Bahamas Defence Force | VMF-215 | Yeomen of the Guard | Portsmouth Naval Memorial | Clifton B. Cates | VMF-452 | 122d Fighter Squadron | Camp Pedricktown radar station | VMF-222 | Flores Island Marine Provincial Park | Jaluit Atoll | VMF-236 | Royal Australian Navy | USS Belleau Wood | 122nd (Muskoka) Battalion, CEF | Vietnam People's Navy | VMF-221 | Spynie Palace | USS Belleau Wood (CVL-24) | Marietta Air Force Station | RAF Cottesmore | College of Staten Island Baseball Complex | South West Pacific Area (command) | VMAQT-1 | William Pery, 3rd Earl of Limerick | Battle of Peleliu | Asiatic-Pacific Theater | Staten Island Borough Hall | Defence Long Service Medal | Yellowcraigs | 2/40th Battalion (Australia) | Falkland Islands at the 2014 Commonwealth Games | Defence Force Service Medal | Staten Island Community Board 1 | 122nd Fighter Aviation Squadron | Battle of Guam (1944) | Villard (imprint) | 413th Flight Test Squadron | Robert Plampin | 122nd Infantry Regiment (United States) | Battle of Jupiter Inlet | James A. Winnefeld Jr. | Trinity Hall Boat Club | Battle of Belleau Wood",1,1,1.0,0,0,0.0,0.5,0.5,0.5,1.0,1.0
dense,pooled,5a756fa15542996c70cfaefb,bridge,hard,Július Satinský was born in a city that has a current population of what?,Bratislava | Július Satinský,"Július Satinský | Robert Caesar Childers | Guido Caldarelli | Hormizd VI | Goonellabah, New South Wales | Pietro Germi | Chernivtsi | Ottavio Alessi | Viktoras Kulvinskas | Khosrow IV | Domitia Lepida the Elder | Suintila | Krajmir | Farrukhzad Khosrow V | Antonio Cottone | Antonio Rotolo | Pavel Alexandrov | Martin Linnes | Orbis Pictus (film) | Kenneth LaValle | Marino Franchitti | Ernst Heinrich Lindemann | Anthony Avent | Semyon Aranovich | Appius and Virginia | Michael Hjälm | Gospatric, Earl of Northumbria | Ferdi Taygan | Denis Latin | Jacopo Puccini | Jean Androuet du Cerceau | Manuel Quiroga (violinist) | Viola Concerto (Walton) | Tony Ave | Ibrahim Tall | Alex Zanardi | Bratislava | Leontyne Price | Antonio Lotti | John Hartmann | Colonna dell'Abbondanza, Florence | Luigi Rossi | Goštautai | Sauce Viejo, Argentina | Ferdinando Provesi | Hanggin Rear Banner | Antoine Quinquet | Eliezer ben Jacob I | Czechs in Ukraine | Vatroslav Rožić",1,1,1.0,0,0,0.0,0.5,0.5,0.5,1.0,1.0
dense,pooled,5a7f6eab5542992097ad2f66,bridge,hard,"What was the name of the 19th century foundry which was located in a village directly across the Hudson River from Westpoint in Putnam County, New York?","Cold Spring, New York | Robert Parker Parrott","Hudson Highlands State Park | Jones Point, New York | Collins Ferry Historic District | Cold Spring, New York | Breakneck Brook | Robert Parker Parrott | Pureland Industrial Complex | Langston Hughes House | Hudson River Valley Greenway | New York Society of Model Engineers | 1 Wall Street Court | Glimmerglass Historic District | Elmwood Historic District–East | West Yorkshire Association Football League | Elmwood Historic District–West | Muddy Creek Forks Historic District | Crank Caverns | Valhalla Highlands Historic District | Pergament Home Centers | Kaiser Ventures | William H. Cook Water Tank House | Manhattan Life Insurance Company | Garrison, New York | Westervelt massacre | John A. Brown (department store) | York City War Memorial | Kaiser Shipyards | Manhattan Life Insurance Building | Finchampstead | Neosho State Fishing Lake | 888 7th Avenue | Paulus Hook, Jersey City | Poughkeepsie Galleria | Bull Hill | Wilford H. Fawcett House | Greene King | Flatiron Building | The Works (restaurant) | New York City Employment and Training Coalition | Woodsville, New Hampshire | U.S. Route 19 Truck (Pittsburgh) | Middlebourne Historic District | St James's Church, Reading | History of the Kansas City metropolitan area | New York Life Building | Orange County Fair Speedway | Francis H. Kimball | Hutton Castle | Miner Memorial Library | Exxon",0,1,1.0,0,0,1.0,0.0,0.5,1.0,0.25,0.25
dense,pooled,5ae5e1345542996de7b71a50,bridge,hard,What fictional character created by Tom Clancy was turned into a film in 2002?,Jack Ryan (character) | The Sum of All Fears,"Jack Ryan (character) | Sam Fisher (Splinter Cell) | Tom Clancy's The Division | The Sum of All Fears | Tom Clancy's Net Force Explorers: Cold Case | Tom Clancy's Net Force Explorers: Deathworld | Tom Clancy's Net Force Explorers: High Wire | Tom Clancy's Net Force Explorers: Duel Identity | Tom Clancy's Net Force Explorers: Death Match | Tom Clancy's Net Force Explorers: Gameprey | J. T. Petty | Tom Clancy's Splinter Cell: Pandora Tomorrow | Call of Duty 4: Modern Warfare | The Dragon, the Hero | Arthur Roberts (editor) | Fighter Pilot: Operation Red Flag | Romper Stomper (TV series) | Snowdrop (game engine) | Eric Ambler | Gone in 60 Seconds (2000 film) | Stormbreaker (film) | The Informant! | W. F. Morris | The Coward (1915 film) | Kyle Craig | Sherlock Holmes (2010 film) | Dead Man's Land | Sinister (film) | Gamer (film) | Aquaman (film) | A Summer in the Cage | Cops and Robbers (1973 film) | Larry Wilson (screenwriter) | Scouts Guide to the Zombie Apocalypse | The Current War | Herbert Brean | The Card (1952 film) | List of DC Extended Universe cast members | Branko Tomović | The Return of Sherlock Holmes (1929 film) | Heidi Ewing | The Polar Bears | Dexter (TV series) | X-Men: The Official Game | Brett C. Leonard | Planet Terror | Clint Eastwood | Doctor Strange (2016 film) | David Ayer | Rafferty (1980 TV series)",1,1,1.0,0,1,1.0,0.5,1.0,1.0,1.0,1.0
dense,pooled,5a72c6f65542994cef4bc402,bridge,hard,Wheat salad is composed typically of what red fruit?,Tomato | Wheat salad,Wheat salad | Fruit salad | Jello salad | Candle salad | Bean salad | Salad bar | Tomato | Seein' Red (Dustin Lynch song) | Broughtonia sanguinea | Crataegus pinnatifida | Fruit Bowl | Brown | RGB color model | Zurracapote | Blueberry Tea | Brabejum | Nutri Ventures – The Quest for the 7 Kingdoms | Sorbaria | Deep-fried peanuts | ProPhoto RGB color space | RGB color space | Ratafia | Canyon Creek Food Company | Rejuvelac | Pandanus conoideus | Wheat allergy | Dictyosperma | Handi-Snacks | General Mills | CytoSport | Light cavalerie vodka | Marsileaceae | Ajuga | Schwartz's | Silene conoidea | YCoCg | Submarino (beverage) | Kellogg's | Phhir | List of fossils with consumulites | Cocoa Krispies | Fruitadens | Bolton | Cranberry | Solidago curtisii | John A. Brown (department store) | Solidago speciosa | Leptospermum | Twisties | Huernia,1,1,1.0,0,0,1.0,0.5,0.5,1.0,1.0,1.0
dense,pooled,5a80ad7c5542992097ad3018,bridge,hard,What year did the biographical-comedy-crime film directed by Steven Soderbergh about the highest-level corporate executive whistleblower come out?,Mark Whitacre | The Informant!,Schizopolis | Criminal Lawyer | The Informant! | Semyon Aranovich | Out of Sight | Bubble (film) | Mark Whitacre | Hackers (film) | John Waters | Sinister (film) | Cops and Robbers (1973 film) | True Lies | Hollywood Outlaw Movie | Alain Resnais | The Boatniks | Phil Rosen | David Yates | Peter Swales (historian) | David Weissman | David Ayer | Suicide Kings | Scott Sidney | Larry Wilson (screenwriter) | Idiocracy | Alias French Gertie | Freakonomics (film) | Jay Leiderman | 1920 (film series) | Gray's Anatomy (film) | South of 8 | The Testimony (1946 film) | Manhattan Romance | Campus Confessions | Man Against the Mob | Thrill of a Lifetime (film) | Alien (film) | Spencer Bell (actor) | Santa Claus: The Movie | Arthur Roberts (editor) | Agee (film) | 500 Years Later | The Law &amp; Harry McGraw | Katherine Waterston | Sicko | Scream (1996 film) | The Polar Bears | The Current War | Holden-Keating Gang | Farooq Sheikh | The Return of Sherlock Holmes (1929 film),0,1,1.0,0,0,1.0,0.0,0.5,1.0,0.3333333333333333,0.3333333333333333
dense,pooled,5a77a65b5542992a6e59df57,bridge,hard,"when was the album that includes the song by Dustin Lynch released to country radio on February 17, 2017?",Current Mood | Small Town Boy (song),"Dustin Lynch (album) | Current Mood | Small Town Boy (song) | Mind Reader (Dustin Lynch song) | Where It's At (album) | Seein' Red (Dustin Lynch song) | Where It's At (Yep, Yep) | Cowboys and Angels (Dustin Lynch song) | Kill the Lights (Luke Bryan album) | Adam Craig (singer-songwriter) | Skin Yard (album) | Carolina Rain | Highspeed Hayride | Reckless (Jeremy Camp album) | Hold Me in Your Arms (album) | Country Music Star No. 1 | Steers &amp; Stripes | High Lonesome (Randy Travis album) | Altamont Diary | Mike Smith (A&amp;R man) | Clouds (Apollo Brown album) | The Foundation (Zac Brown Band album) | What a Catch, Donnie | Skin Yard | This Is Me (Randy Travis album) | The Bama Band | An Imaginary Country | The Long Road Home | Drop the World | Change Has Come | The Best of Van Morrison Volume 3 | Randy Travis | The Suicide File | Stay (Sugarland song) | Alan Jackson albums discography | Feel Good Inc. | Holler Back | Radiohead Box Set | Cool from the Wire | Chuck Berry on Stage | Under Your Skin (album) | Perfect Day (Jim Jones song) | Baby Girl (Sugarland song) | Jamboree (Beat Happening album) | She's Got the Rhythm (And I Got the Blues) | Radio Amor | Call Me Up in Dreamland | Billy Ray Cyrus discography | Graduation (album) | Seasoned Veteran",1,1,1.0,0,1,1.0,0.5,1.0,1.0,0.5,0.5
dense,pooled,5a78b209554299148911f93e,comparison,hard,"Which playwright lived a longer life, Edward Albee or J. M. Barrie?",Edward Albee | J. M. Barrie,Reed A. Albee | Finding the Sun | Edward F. Albee Foundation | Edward Albee's At Home at the Zoo | The Zoo Story | Three Tall Women | Jeffrey Stanley | J. M. Barrie | Edward Albee | Jack Gelber | E. J. Carroll | Seumas MacManus | W. E. Johns | Shakespearean tragedy | James Roland MacLaren | Eric Ambler | George Abbott | Joby Talbot | Appius and Virginia | The Revengers' Comedies | Samuel Poe | Kurt Vonnegut | Lord Byron (opera) | Walter Sorrells | Cultural depictions of Harold Godwinson | John Waters | Bertha Runkle | Critical approaches to Hamlet | Amy Corzine | Langston Hughes | Virginia Woolf | Ralph Ince | Moments of Being | James Alcock | Douglas Ainslie | Thomas H. Ince | Georges-Henri Bousquet | Michael C. Hall | Rick Wilber | Gerard Alessandrini | Prince Hamlet | Ed Wood | Damian Wayne | David Alden | Made in Britain | Mark Britten | Peter Hall (director) | Finn Iunker | Michael Wynne (playwright) | Oppenheimer Award,0,0,1.0,0,0,1.0,0.0,0.0,1.0,0.125,0.125
dense,pooled,5ab85a1155429934fafe6d7c,comparison,hard,Are both Rutgers University and Carnegie Mellon University located in America?,Carnegie Mellon University | Rutgers University,"Carnegie Mellon University | Rutgers University | Carnegie Mellon University in Qatar | Columbia University | University of Kansas | University of the Incarnate Word | Inner Mongolia Medical University | UC Berkeley College of Natural Resources | Duke Energy | America East Conference | Bell Labs | Staten Island Technical High School | Southeastern Conference | The Rivalry (Lehigh–Lafayette) | Inner Mongolia University of Technology | Texas Tech University | Gloriana St. Clair | 1 Wall Street Court | Venkatesan Guruswami | Western University of Health Sciences | CUPS (CMU) | Oikos University shooting | Wolfson College, Cambridge | Feirstein Graduate School of Cinema | East Haven High School | Tyler Kalinoski | Fuding | United States Mission to the European Union | Scott Christian College | Macalester College | Nevada Union High School | David Masur | Vermont Catamounts men's basketball | Princeton Neuroscience Institute | Spalding Catholic High School | 2016–17 Vermont Catamounts men's basketball team | Roman Catholic Diocese of Yingkou | Digital Media Factory | 1956 NAIA Division I Men's Basketball Tournament | College of Staten Island Baseball Complex | University of Missouri–Kansas City | College of Charleston | Golden Gate University School of Law | Bharatpur, Rajasthan | Lowe's | 2017 Winston-Salem Open | New York Life Building | Pureland Industrial Complex | Ontario Veterinary College | CapitaGreen",1,1,1.0,1,1,1.0,1.0,1.0,1.0,1.0,1.0
dense,pooled,5a8da81e554299068b959d7e,bridge,hard,"Vanessa Bley is what person who organizes and often finances concerts, plays, or operas, performing a role?",Impresario | Vanessa Bley,Vanessa Bley | Vanessa White | Janet Jackson | M Music &amp; Musicians | Audra McDonald | Leontyne Price | Matilda Lutz | Marissa Perry | Amanda Lepore | Impresario | Sela Ward | Janine Gutierrez | Marta Ribera | Claire Liddell | Evelina Simonaho | Camille Zamora | Johanna Bennett | Dayna Hart | Music City Queen | Kelly Osbourne | Adele | Mona Scott-Young | Charlotte's Shorts | Lenelle Moïse | Laura Linney | 2014 Young Hollywood Awards | Festival of New Songs | Eleonora Pedron | Linda Duvall | Erika Moulet | Brad Alexander | Even Steven Levee | Music Maker (label) | The Soloist | Wengie | Tara Strong | Tara Strong filmography | Emily Bowker | Candy Coburn | Love Beats Rhymes | Lady Antebellum | Conchita Badía | Sara Botsford | Emma Bull | Emily Jewell | List of Girls Aloud concert tours | Milan Murray | Susan Stafford | Constance Marie | Fiona Forbes,1,1,1.0,0,0,1.0,0.5,0.5,1.0,1.0,1.0
dense,pooled,5ab8f57b5542991b5579f097,comparison,hard,Were Thomas H. Ince and Joseph McGrath of the same nationality?,Joseph McGrath (film director) | Thomas H. Ince,"Joseph McGrath (film director) | John Ince (actor) | Thomas Ince: Hollywood's Independent Pioneer | Thomas H. Ince | Trevor Kennedy | Ralph Ince | Noel C. Bloom | Charles Hastings Judd | Andrew Jaspan | Tom Caplen | James Packer | Doug Bollinger | Arthur Fielder | Hunter Davies | Thomas Hylland Eriksen | Elinor Kershaw | John Home Robertson | Ambrose Mendy | John Waters | Robert Barton | Michael Atkinson | Jack Mason | Rupert Murdoch | Donald Duffy | Ashley Young | Scott Sidney | George Abbott | George W. Macfarlane | William Levett (baron) | Finn Iunker | Patrick Kennedy (1823–1858) | Thomas Shea | Luke Clark | John Fogerty (engineer) | George Paice (bowls) | Stephen Boreham | Ron Joyce | Chak 86/6.R Sahiwal | You Me and Captain Longbridge | Peter Blacker | Peter McKay (cricketer) | W. Morgan Petty | Edmund Leach | Alistair Grant | Isaak Hassler | E. J. Carroll | Magna Home Entertainment | John Black (Days of Our Lives) | Joshua Parlby | Henry Fox-Strangways, 3rd Earl of Ilchester",1,1,1.0,0,1,1.0,0.5,1.0,1.0,1.0,1.0
dense,pooled,5ab6bf6d55429953192ad372,comparison,hard,Are Phlebodium and Pieris both species of ferns?,Phlebodium | Pieris (plant),Phlebodium | Leptosporangiate fern | Phlebodium aureum | Pieris floribunda | Pieris (plant) | Tree fern | Marsilea | Pieris (butterfly) | Pieris canidia | Marsileaceae | Marsilea minuta | Stephanitis takeyai | Cupressus | Dictyosperma | Pilgerodendron | Pachypodium | Be'er Sheva fringe-fingered lizard | Caladenia | Coprosma repens | Libocedrus | Huernia | Pachypodium lealii | Paracaleana | Sinopieris | Stenocereus | Fen | Silene stenophylla | Eucryphia | Silene tomentosa | Leptospermum | Silene | Calochilus | Durvillaea willana | Laeliocattleya | Sphaerotholus | Ingerophrynus | Lepidozamia | Ehretia | Adenocarpus viscosus | Silene suksdorfii | Solidago rugosa | Silene menziesii | Broughtonia sanguinea | Inquiline | Myiodynastes | Goldenrod | Brintonia | Solidago ouachitensis | Cranberry | Fruitadens,1,1,1.0,0,1,1.0,0.5,1.0,1.0,1.0,1.0
dense,pooled,5ae7385d5542992ae0d163da,bridge,hard,Bartlett's Bridge was built by the engineer who worked for the county seat of which Massachusetts county?,"Bartlett's Bridge | Worcester, Massachusetts","Bartlett's Bridge | Henry Covered Bridge (Ohio) | Eisenhower Bridge (Milton, Iowa) | Main Street Bridge (Charles City, Iowa) | Shinn Covered Bridge | Blackstone River and Canal Heritage State Park | Friendship Hall | Worcester, Massachusetts | Riverview, New Brunswick | Kingsley Dam | Devon County War Memorial | Sutliff Bridge | Edmund Sharpe | St. Andre (Goa Assembly constituency) | Battle of Great Bridge | Thomas H. Gale House | Warriparinga | The Forbury Hotel | Boston, Lincolnshire | Amherst, Massachusetts | Humberside | Kirton End | Don S. Davis | Conrad Brooks | Battle of Cross Keys | Citadel Mall | Hampden County, Massachusetts | Governor's House, Knutsford | Gelston Castle | Grahamstown Dam | Stank Hall | Eugene Cross Park | Shakespeare Public House, Bristol | Bjarkøy Fixed Link | Steven Bradford | Backford Cross | Canford Cliffs | Viscount Trenchard | Birchwood Mall | Battle of Malvern Hill | Silver Line Way (MBTA station) | A41 road | Audra, Texas | George Abbott | Mount View, New South Wales | Kenton Richardson | Baron Burnham | Langston Hughes | Manischewitz | Wilton, Maine",1,1,1.0,0,0,1.0,0.5,0.5,1.0,1.0,1.0
dense,pooled,5a7dd9445542997cc2c474ac,comparison,hard,"Which novelist, J. G. Farrell or Louis Aragon, wrote of the political and human consequences of his country's colonial rule?",J. G. Farrell | Louis Aragon,"J. G. Farrell | Orlando: A Biography | Henry Roth | Virginia Woolf | Louis Aragon | Roald Dahl | Jane de Gay | Thomas Gordon (writer) | Eric Ambler | Richard Ford | Contract with the World | Jane Marcus | Georges-Henri Bousquet | The Duchess and the Jeweller | Les Chansons d'Aragon | La Belle Américaine | L'affiche rouge | W. F. Morris | Moments of Being | The Great Gilly Hopkins | I, Too (Langston Hughes poem) | H. Bedford-Jones | Langston Hughes Society | Origins of the Sri Lankan civil war | Sally Gibson | Judith Ortiz Cofer | Coral Gardens and Their Magic | Samuel Eliot Morison | José María Gironella | Maurice Walsh | Enrique Carreras | Langston Hughes | Elizabeth Martínez | Penelope Lively | Enrique Banchs | The Great Gilly Hopkins (film) | Viscount of Cardoso da Silva | Roald Dahl short stories bibliography | Alvaro Mexia | Dead Man's Land | Man Booker International Prize | Langston Hughes Medal | A Thing of Beauty | James Gamble Rogers II | Irish prose fiction | London Review of Books | Alexander Gordon Smith | Ian McEwan | Henri Bergson | Adriana Trigiani",1,1,1.0,0,1,1.0,0.5,1.0,1.0,1.0,1.0
dense,pooled,5ab446d455429942dd415f07,bridge,hard,What city did the characters from Gargoyles the Movie: The Heroes Awaken wake up in after being in an enchantedly petrified state for a thousand years?,Gargoyles (TV series) | Gargoyles the Movie: The Heroes Awaken,"Gargoyles (TV series) | Gargoyles the Movie: The Heroes Awaken | Paris Awakens | Awake (film) | Dead Awake (2010 film) | Brewster McCloud | The Dragon, the Hero | Zaheer | Hercules (1997 film) | Enrico Casarosa | Iroh | Pietro Germi | Sinbad of the Seven Seas | Fomorians | Baird Bryant | Big Stone Gap (film) | Harley Jessup | Church of the Guanche People | Flaming Feather | The New Lot | Roland Rat | Poetical Refugee | Cornelia, Georgia | Amen: The Awakening | Serafino (film) | Belle (Disney song) | Sculptured House | The Moth Diaries (film) | Vídbláin | Gryphon (film) | Scouts Guide to the Zombie Apocalypse | Durotriges | I Am... Gabriel | Julia Ormond | Belle (Disney) | Montezuma Castle National Monument | Escalante Petrified Forest State Park | Barnyard Dawg | I Was a Satellite of the Sun | Lev Yilmaz | Bolin (The Legend of Korra) | End of Days (film) | Esma Sultan Mansion | Beauty and the Beast (1991 film) | Schizopolis | Gimme Shelter (1970 film) | Fugitive in Trieste | Sacred Planet | Tzi Ma | Heaven in Judaism",1,1,1.0,1,1,1.0,1.0,1.0,1.0,1.0,1.0
dense,pooled,5ac497025542997ea680ca8d,bridge,hard,Who were the producers of the show for which Chris McKay made his feature film directorial debut?,Chris McKay | The Lego Batman Movie,Chris McKay | Peter McKay (cricketer) | Stone Stanley Entertainment | Teen Titans (season 1) | Peter Pan (1953 film) | Chris Hardwick | List of Walt Disney Pictures films | Teen Titans (season 4) | Frank McDonald (director) | Redemption (Stargate SG-1) | Scott Sidney | Heidi Ewing | The Lego Batman Movie | Brandon Dickerson | Richard Kind | David Weissman | David Mirkin | Scott Derrickson | Adrian Molina | Brian A. Miller | William D. Russell (director) | The Premiere (film) | Garfield Gets Real | Joey Miyashima | Mr. Church | Milton (cartoon) | Mark Ciardi | Ralph Murphy | Independent Spirit Award for Best First Feature | Delmer Daves | Parallels (film) | Justin Timberlake videography | Made in Britain | Harry Bowen (actor) | Blinding Edge Pictures | James Gunn | Clive Donner | Sherry Gunther | Dinosaur (film) | List of Teen Titans episodes | My Family (series 1) | Lana Del Rey videography | Mitch Pileggi | Christopher Greenbury | The Spiderwick Chronicles (film) | Santa Claus: The Movie | National Geographic Explorer | Metropolis (TV series) | Monster Force | Sunset Las Palmas Studios,1,1,1.0,0,0,0.0,0.5,0.5,0.5,1.0,1.0
dense,pooled,5a7b7bed5542997c3ec971bc,bridge,hard,The Waterloo Vase has been used as a garden ornament at whose residence and administrative headquarters?,Buckingham Palace | Waterloo Vase,"Waterloo Vase | Borghese Vase | Medici Vase | Garden ornament | Forbury Gardens | Berlin Peace Column | Dukenfield Hall | Spalding War Memorial | Garden Island Naval Chapel | Manchester Cenotaph | Pestsäule, Vienna | Strawberry Park, Cheshire | Buckingham Palace | Brintonia | Salisbury Woodland Gardens, Blackpool | Alexander II Column in Odessa | Callington Mill | Darling's Waterfront Pavilion | Maiwand Lion | Roald Dahl Plass | Colonna di San Zanobi, Florence | Pollokshields Burgh Hall | Warriparinga | Solidago rugosa | Solidago uliginosa | Kripalu Center | Governor's House, Knutsford | Solidago speciosa | St James's Palace | Stank Hall | Tower Hill Memorial | Oldest synagogues in the United Kingdom | Solidago rupestris | Gin pennant | Column of the Vicariate | Ballenberg | Devon County War Memorial | Huernia | Rubislaw quarry | Sir Matt Busby Sports Complex | Shakespeare Public House, Bristol | Livesey Hall War Memorial | Esma Sultan Mansion | Square and Compass, Worth Matravers | Musée Henri-Mathieu | Amherst, Massachusetts | The Chessels | Concord Pavilion | Silene tomentosa | Column of Phocas",1,1,1.0,0,0,0.0,0.5,0.5,0.5,1.0,1.0
dense,pooled,5a89706055429951533612f9,bridge,hard,Scott Sandelin grew up in a town in what Minnesota county?,"Hibbing, Minnesota | Scott Sandelin","Scott Sandelin | Lewiston, Dakota County, Minnesota | John Scott (ice hockey) | Mike Beard (politician) | Scott County Transit | Scott Young (American football) | Marion Greene | Lady Antebellum | Antonio Cottone | Chris Funk | Robert Erskine Childers | Scott Parkin | Robert Barton | Shaunna O'Grady | Nick Holland | Scott's Run Nature Preserve | Peter Blacker | The Beach Boys | Luke Clark | Mankato, Minnesota | Hibbing, Minnesota | Hanna–McEuen | Fremont School District 79 | Jack Endino | Brian A. Miller | Ryan Johansen | Kent County Cricket Club in 2013 | Scott Sidney | Clinton Walker | Jacques Sernas | INXS | Durotriges | Freddie Summers | Joseph Vitale (politician) | Patrick Kennedy (1823–1858) | Jacob D. Robida | Daryl Hall | Collins Ferry Historic District | Tom Caplen | Doug Bollinger | Curzon Ashton F.C. | Grennaskolan | Mitch Pileggi | History of the Minnesota Twins | Kerr Smith | Joe Walker (American football) | Corey Smith (artist) | John Ingram McMorran | Eugene Melnyk | Local H",1,1,1.0,0,0,0.0,0.5,0.5,0.5,1.0,1.0
dense,pooled,5ac02edb554299294b218f41,bridge,hard,The 37th Disney animated feature film Tarzan features You'll be in my heart by which artist?,Tarzan (1999 film) | You'll Be in My Heart,"You'll Be in My Heart | Tarzan (1999 film) | The Sword in the Stone (film) | Hercules (1997 film) | Jolin Tsai filmography | List of Walt Disney Pictures films | Beauty and the Beast (1991 film) | Adrian Molina | Rich Lee | Winnie the Pooh and the Blustery Day | The Dragon, the Hero | Mulan (soundtrack) | Jim Cummings | Midnight Sun (2006 film) | Jungle (X Ambassadors and Jamie N Commons song) | My Bride is a Mermaid | Dinosaur (film) | Belle (Disney song) | Evermore (Beauty and the Beast song) | Golden Globe Award for Best Animated Feature Film | Home on the Range (2004 film) | Garfield Gets Real | Linda Mvusi | Aryanto Yuniawan | Harley Jessup | The Wonderful Thing About Tiggers | Rumen Petkov | Walt Disney Studios Motion Pictures | Song Ji-hyo | Christian Bale filmography | Robby Benson | Jalam (film) | Belle (Disney) | James Franco | Justin Timberlake videography | Lev Yilmaz | My Kind of Town | Chris McKay | Brother Bear | Tyler Bates | Me! I'm Afraid of Virginia Woolf | Something There | David Weissman | Conan the Barbarian (2011 film) | Peter Pan (1953 film) | The Lego Batman Movie | The Bears and I | The Great Movie Ride | Hip Hip Pooh-Ray! | A Rather Blustery Day",1,1,1.0,1,1,1.0,1.0,1.0,1.0,1.0,1.0
dense,pooled,5ab67772554299110f219a12,bridge,hard,What type of media does J. T. Petty and Outlast have in common?,J. T. Petty | Outlast,J. T. Petty | Media proprietor | Cultural depictions of Elvis Presley | Brad Parscale | Mark Britten | State media | Thomas Friedman | Hugh Gallagher (humorist) | Talk radio | Index Magazine | Jeff Strabone | Alfred Balk | Walt Zeboski | John Waters | Don Bousquet | Turner | Mark T. Smith | Jason Gilbert | Andrew Jaspan | Brad Alexander | William Allen White | P. J. O'Rourke | Harry Connick Jr. | Donald Trump in music | Peter W. Smith | The Progressive Populist | Hänt Extra | Thomas Ince: Hollywood's Independent Pioneer | Patrick Tatten | Noel C. Bloom | M Music &amp; Musicians | Peter Swales (historian) | David S. Touretzky | W. Morgan Petty | David Gold (talk radio host) | Ron Joyce | Jimmy Fallon | Ian McEwan | The Drop-In (podcast) | George D. Buffett | Pat Robertson | Henrik Dorsin | Matt Kennedy Gould | Free Radio (TV series) | Terry Richardson | Rupert Murdoch | Republican Party Reptile | Rolling Stone | Rick Wilber | The Warren Buffett Way,1,1,1.0,0,0,0.0,0.5,0.5,0.5,1.0,1.0
dense,pooled,5a7b65ab5542997c3ec97144,bridge,hard,"Where did the architect of the Governor's House, located in Knutsford, graduate from college?","Edmund Sharpe | Governor's House, Knutsford","Governor's House, Knutsford | Farr House | Langston Hughes House | Dukenfield Hall | Wilford H. Fawcett House | Lewiston, Dakota County, Minnesota | Edmund Sharpe | Charles Deaton | Sculptured House | Tyler School of Art | Kwame Kilpatrick | James Gamble Rogers II | Ismail Yusuf College | John Fogerty (engineer) | Cortland Condit House | Roald Dahl Children's Gallery | Shakespeare Public House, Bristol | Joseph Fogerty Sr. | Ian Harland | Michael Atkinson | Francis H. Kimball | The Gatehouse, Monmouth | Glimmerglass Historic District | Oleson Park Music Pavilion | John MacGregor, Baron MacGregor of Pulham Market | Salomon de Brosse | Roald Dahl Plass | Middlebourne Historic District | Ernst Heinrich Lindemann | Brian DelGrosso | John Frederick Fogerty | Miner Memorial Library | Grandview Park Music Pavilion | William H. Cook Water Tank House | Jeffrey Stanley | Glanford Park | Esma Sultan Mansion | Philip Ruddock | Gelston Castle | Langston Hughes | Hutton Castle | Dean of the House (Canada) | Thomas H. Gale House | Mike Beard (politician) | Nidderdale Museum | Gateway College of Architecture and Design | Crowther Masonic Hall | Random House Tower | New Palace, Kolhapur | Kirton, Nottinghamshire",1,1,1.0,0,0,1.0,0.5,0.5,1.0,1.0,1.0
dense,pooled,5a760faa5542994ccc9186a8,bridge,hard," What is the latest album of Tim Hecker, the Canadian electronic music maker?","Ravedeath, 1972 | Tim Hecker","Radio Amor | Ravedeath, 1972 | Tim Hecker | Harmony in Ultraviolet | Love Streams (album) | An Imaginary Country | Virgins (Tim Hecker album) | Haunt Me, Haunt Me Do It Again | Mirages (album) | Xtended Play Version 3.13 | Current Mood | Emotional Technology | The Suicide File | Kingston Morning | Timbiriche VIII &amp; IX | The Idols with Sid Vicious | Chris Hanzsek | Levolution (album) | M Music &amp; Musicians | Old 8×10 | Where It's At (album) | Welcome to the New Administration | Chris Funk | Stranger in Town (album) | Thirty Eight (album) | Something for the Rest of Us | Mike Smith (A&amp;R man) | Music Maker (label) | The Long Road Home | In Death Reborn | 10 Hronia Mazi | The Naked Brothers Band: Music from the Movie | Suffrajett | Against the Wind (album) | Daughtry (album) | Alan Jackson albums discography | Rise Above (Dirty Projectors album) | Altamont Diary | Seasoned Veteran | 'Tis Autumn | Cargo Records (Canada) | Lonestar discography | Mark Arm | Sunset Blvd. (Yancey Boys album) | Suicide (1977 album) | Join Hands | Bob Seger | Art Laboe | Tom Morello discography | John Fogerty (album)",1,1,1.0,0,1,1.0,0.5,1.0,1.0,0.5,0.5
dense,pooled,5adbe1a7554299438c868cc3,bridge,hard,What is the name of this Fortune 500 American company that operates a chain of retail home improvement stores that sponsored House Rules?,House Rules (2003 TV series) | Lowe's,"Lowe's | Pergament Home Centers | RetailMeNot | Brico Dépôt | SavaCentre | BauMax | Magna Home Entertainment | S.A.C.I. Falabella | Halloween Adventure | General Mills | EpiCentre K | Halliburton | Carrefour | John A. Brown (department store) | Manhattan Life Insurance Company | Kohlberg Kravis Roberts | New York Life Building | Lithia Motors | Henkel | House Rules (2003 TV series) | The Works (restaurant) | Coty, Inc. | Terren Peizer | Jonathan Michael Ansell | Frank Lowy | Maxeda | ABQ Uptown | Supreme Life Building | Toddle House | FedMart | Blackman-Bosworth Store | Fazoli's | Citadel Mall | Warehouse store | Tesco Extra | HGGC | Kripalu Center | Walt Disney World Dolphin | Manischewitz | Walkers (law firm) | Random House Tower | Flatiron Building | Leeann Chin | 1 Wall Street Court | Darrell Crate | Music Maker (label) | Sterling Entertainment Group | Avenue Capital Group | Yulchon | Digital Media Factory",1,1,1.0,0,0,0.0,0.5,0.5,0.5,1.0,1.0
dense,pooled,5a80aeff5542996402f6a5eb,bridge,hard,"For what ""first"" was Ivory Lee Brown's nephew credited for in Heisman Trophy balloting?",Adrian Peterson | Ivory Lee Brown,Ivory Lee Brown | 2005 Brownlow Medal | Reds Bagnell | Casey Weldon | Heisman curse | Al Wilson (offensive lineman) | Darnell Autry | Bobby Humphrey | Kurt Burris | Vernon Fox | Adrian Peterson | Keith Bostic (American football) | Blinkey Horn | Charles Teague (baseball) | 2015 Brownlow Medal | Eddy Furniss | Dré Bly | 1976 Brownlow Medal | 2014 Brownlow Medal | 1993 Brownlow Medal | 1964 Illinois Fighting Illini football team | William T. Van de Graaff | 2006 Brownlow Medal | Randall Cunningham II | Nick Eddy | 1995 Brownlow Medal | LaRon Landry | 2011 Brownlow Medal | Kevin Lockett | Merlin Olsen | Randall Cunningham | Bill Leavy | Fred Hageman | Mike Edwards (basketball) | Edgar Kaiser Jr. | James Blackmon Sr. | 1938 Tennessee Volunteers football team | 2007 Brownlow Medal | Delray Brooks | Jeris White | Mouse Davis | Doehling–Heselton Memorial Trophy | Freddie Summers | 1891 Tennessee Volunteers football team | Ray Nitschke | Cornelius Vanderbilt Whitney | 1930 Tennessee Volunteers football team | 1899 Tennessee Volunteers football team | Curt Smith (basketball) | Roscoe Channing,1,1,1.0,0,0,0.0,0.5,0.5,0.5,1.0,1.0
dense,pooled,5ae74890554299572ea547af,bridge,hard,"Haruki Murakami said that writing ""Dance Dance Dance"" had been a healing act after his unexpected fame following the publication of a novel published in which year ?",Dance Dance Dance (novel) | Norwegian Wood (novel),"Dance Dance Dance (novel) | Pinball, 1973 | The Wind-Up Bird Chronicle | Norwegian Wood (novel) | C. V. Balakrishnan | Dancing on the Edge (TV series) | Muthuchippi Poloru | Dance Factory (video game) | Henry Roth | Meiko Nakahara | Lourenço Mutarelli | Hartbeat! | Disco polo | Sharon Gannon | Healing (film) | Seumas MacManus | The Interpretation of Dreams | Mai Al-Nakib | Dance Dance Revolution Mario Mix | Marco Da Silva (dancer) | Dance Dance Revolution Disney Grooves | Winfred Blevins | Madonna (book) | Persistence of Memory | Victoria Hanley | Sachin Warrier | Amaruk Kayshapanta | One Night Stand (video game) | As the Music Plays | Emma Bull | Mickey Mehta | A Story of Floating Weeds | Suanfa tongzong | Maurice Walsh | Pudhu Yugam | Farooq Sheikh | Kurama Tatsuya | Dancing Stage Fusion | Rick Wilber | Sunset at Chaophraya (1996 film) | Crime and Punishment | Neethiyin Marupakkam | Ghulam Nabi Firaq | The Warren Buffett Way | Dub-I-Dub | Patterns of Sexual Behavior | Music composition and composers in Pristina | Muyiwa Olarewaju | Gita Dey | Republican Party Reptile",1,1,1.0,0,1,1.0,0.5,1.0,1.0,1.0,1.0
dense,pooled,5ac3d9c9554299204fd21ea3,bridge,hard,Erica Packer was the second wife of what Australian businessman?,Erica Packer | James Packer,Erica Packer | James Packer | Erika Moulet | Carol Martin | Carey Olsen | Elinor Kershaw | Katie Landers | Trevor Kennedy | Roslyn Dundas | Yvonne Ridley | Nancy Spungen | Christy Sutherland | Shaunna O'Grady | Kasia Al Thani | Alie Ward | Gretchen Osgood Warren | Ashley Rolfe | Lady Alexandra Curzon | Kathy Sullivan (Australian politician) | Stacey Kent | Noel C. Bloom | Gevheri Kadın | Leontyne Price | Søren Rasted | Peter Blacker | Leah Flanagan | Umar Akmal | Lady Antebellum | Karen Clark Sheard | Esma Sultan (daughter of Abdülaziz) | Elisabeth Murdoch (businesswoman) | Dale Evans | Romper Stomper (TV series) | Monica Lewinsky | Sexual Politics | Eva Riccobono | Kate Millett | Radio Amor | Cressida Bonas | Sylvia Agnes Sophia Tait | Doug Bollinger | Adriana Trigiani | Catharina Felser | Janet Waldo | Connie Sawyer | Annie Morton | Jillian Bell | Indriati Iskak | Kierra Sheard | Azie Mira Dungey,1,1,1.0,1,1,1.0,1.0,1.0,1.0,1.0,1.0
dense,pooled,5abc8620554299700f9d78e2,comparison,hard,What type of media does Bitter Jester and Sicko have in common?,Bitter Jester | Sicko,Bitter Jester | Hollywood Outlaw Movie | Jester | Sicko | Bad News (band) | Media proprietor | State media | Part-time job terrorism | Comedy Film Nerds | Talk radio | Bitter electromagnet | Jason Gilbert | Nerdist News | Revengers Tragedy | Light cavalerie vodka | Merv Griffin Entertainment | The Drop-In (podcast) | Raaz Pichhle Janam Ka | Peter Swales (historian) | Contagion (film) | Jessica Chobot | Jameel v Wall Street Journal Europe Sprl | Cheech Marin | Appius and Virginia | Blog Wars | Blast! (musical) | Current Mood | Vatican leaks scandal | Nancy Spungen | Andrew Jaspan | Free Radio (TV series) | Madtown | Disco polo | Nerdist Industries | We Laughed | M Music &amp; Musicians | Conferencier | Revengers Tragedy (album) | Jory Prum | List of magazines in Austria | Index Magazine | Rave music | Shakespearean tragedy | Republican Party Reptile | Feist (dog) | Janet Jackson | Parody film | The Joe Schmo Show | Rabid Neurosis | Hot toddy (disambiguation),1,1,1.0,0,1,1.0,0.5,1.0,1.0,1.0,1.0
dense,pooled,5a7b4bc35542992d025e67e0,bridge,hard,"What country does Eric A. Sykes and Eccles, Greater Manchester have ion common?","Eccles, Greater Manchester | Eric A. Sykes","Eccles, Greater Manchester | Eccles Interchange | Eric A. Sykes | Ambrose Mendy | Søren Solkær | Thomas Hylland Eriksen | Church of St Mary the Virgin, Eccles | Gem Archer | Eric Overmyer | Peter Torry | Ronn Owens | Keith Bilbrey | Eric Ambler | Bruce Spizer | Douglas Ainslie | Søren Rasted | A5117 road | Joshua Parlby | Manchester Terrier | Chris Williams (English footballer) | Hume–Adams dialogue | Lewis Young | Infinity Cat Recordings | Au Pairs (band) | You and Me (Uniting Nations song) | Rory Attwell | A41 road | Ramsay Street | Mat Dan | Letters to Cleo | Kevin Sheehan | Lady Antebellum | Andrew Jaspan | Alex Ferguson | Manchester United F.C. in European football | Test Icicles | Nick Powell | Local H | Adam &amp; Eve, Birmingham | Accessible Media | Alec Muffett | Chris Eubank Jr. | Hall &amp; Oates | Hunter Davies | Robert Barton | Bjørn Helge Riise | Hugh Gallagher (humorist) | Elliott Abrams | Chris Funk | Interamerican Scout Jamboree",1,1,1.0,0,1,1.0,0.5,1.0,1.0,1.0,1.0
dense,pooled,5a85dfcc5542994775f60673,bridge,hard,"What South Korean actor was a member of the pop duo TVXQ and stared in Heading to the Ground, a 2009 MBC television series?",Heading to the Ground | Yunho,List of TVXQ concert tours | List of songs recorded by TVXQ | Yunho | Changmin | Cho Kyuhyun | Catch Me (album) | Live World Tour: Catch Me in Seoul | Something (TVXQ song) | Zhu Xun | 999 (Malaysian TV series) | Raaz Pichhle Janam Ka | Rodel Flordeliz | Catch Me (TVXQ song) | BTS discography | Uptown 3000 | 2014 S/S | History (band) | Spellbound (TVXQ album) | ATL (film) | List of songs written by Ravi | Heading to the Ground | Raz-B | Farhaan Faasil | Cool Center | Farooq Sheikh | List of awards and nominations received by Shinee | Jason Gilbert | Kishore Dang | Komal | South Korea 2022 FIFA World Cup bid | Winner (band) | Ade Edmondson | Phoenix Hong Kong Channel | Andy Milder | Jolin Tsai filmography | Madtown | Siddhartha Jadhav | Zachary Throne | Joey Miyashima | Phil Mitchell | Serri (singer) | Tzi Ma | Kay Tagal Kang Hinintay | Ronn Owens | The Voice Kids (Arabic TV series) | The Drop-In (podcast) | Alencier Ley Lopez | Mark Britten | Metropolis (TV series) | Phoenix Television,0,1,1.0,0,0,0.0,0.0,0.5,0.5,0.3333333333333333,0.3333333333333333
dense,pooled,5a7b76735542997c3ec9719f,comparison,hard,"which is traditionally drunk before retiring to bed, Hot toddy or Kir?",Hot toddy | Kir (cocktail),"Hot toddy (disambiguation) | Hot toddy | Kir (cocktail) | Flaming beverage | Index of alcohol-related articles | Joe Gilmore | Wassail | Phillips Distilling Company | Toddle House | For One Night Only (Irish TV series) | A&amp;W Restaurants | Blueberry Tea | Jounen Kwéyòl | Oranjegekte | Light cavalerie vodka | Soft drink | Hamish and Andy's Gap Year | Zurracapote | Wet Hot American Summer (series) | Aaron Faulls | Gin pennant | List of soft drinks by country | Kerosene lamp | Sága and Sökkvabekkr | Robert Belushi | Farr House | Good Morning, Miami | One Night Stand (video game) | Ratafia | Queen's Day (disambiguation) | Sean Connor | Kyokusui-no-en | Fire! (manga) | Submarino (beverage) | Awake (film) | Banshee | Part-time job terrorism | Rave music | Beer in Hungary | Kidandali | Disco Bill | Koningsdag | Young adult fiction | Gibson (cocktail) | Enda Kenny | Lisburn Distillery F.C. | Workers' Party of Ireland | James Reilly (Irish politician) | Maxine's Tap Room | Mick (DJ)",1,1,1.0,0,1,1.0,0.5,1.0,1.0,0.5,0.5
dense,pooled,5a8c66db554299585d9e3683,bridge,hard,"What year was the film ""Mom"" released, starring the voice of Shashaa Tirupati?",Mom (film) | Shashaa Tirupati,Mom (film) | Shashaa Tirupati | Trading Mom | Valentina (2008 film) | Eleventh Mom | Shoba Chandrasekhar | Debashree Roy filmography | Estelle Hemsley | Rajanadai | Divya S. Menon | Gita Dey | Girl Seeks Father | Madhuri Dixit filmography | Chinatown Nights (1929 film) | Manorama (Tamil actress) | Inteha (2003 film) | Motherland (2010 film) | Gina Pareño | Jackie Lou Blanco | Mera Damad | Miranda (album) | Catwoman (film) | Jawbreaker (film) | Bridge to Terabithia (1985 film) | Indriati Iskak | Catwoman (video game) | Midnight Sun (2006 film) | Ankahee (2006 film) | Tariq Khan (actor) | Pudhu Yugam | Song Ji-hyo | Neethiyin Marupakkam | Impossible Dream | Sneha (actress) | Alice David | 1920 (film series) | Sumie Tanaka | Margareth Madè | Sela Ward | Paresh Mokashi | Sattam Oru Vilayaattu | Harry Bowen (actor) | Ithu Engal Neethi | Orbis Pictus (film) | Ava DuVernay | Sunset at Chaophraya (1996 film) | Black 13 | Piano Girl | Nagaram (2010 film) | Fayyaz Hashmi,1,1,1.0,1,1,1.0,1.0,1.0,1.0,1.0,1.0
dense,pooled,5a7e05ba5542995f4f402392,bridge,hard,For One Night Only was hosted by the man most well-known for hosting what show from 1962 until 1999?,For One Night Only (Irish TV series) | Gay Byrne,One Night Only (TV series) | For One Night Only (Irish TV series) | One Night (ELO Part II album) | Jimmy Fallon | Elton John One Night Only – The Greatest Hits | Gay Byrne | WWE One Night Stand | Darkroom (TV series) | One Night Stand (video game) | One Night in One City | Jason Byrne (comedian) | One on One (song) | One Night in Istanbul | Joe Scarborough | Live from Daryl's House | Steve Malzberg | Comedy Film Nerds | Curt Menefee | Denis Latin | Sean Hannity | Michael Strahan | Even Steven Levee | New Scandinavian Cooking | Chris Hardwick | Night School: the Web Series | You and Me (One Night Only song) | J-Shin | Mark Britten | Cool Center | Jonathan Wolfson | Avatar: The Last Airbender (season 1) | Aaron Faulls | Harry Connick Jr. | Spencer Bell (actor) | Sunset Las Palmas Studios | Ripley's Believe It or Not! (TV series) | David Mirkin | David Gold (talk radio host) | Ralph Garman | Meet Corliss Archer (TV series) | Keith Bilbrey | Phillip Boykin | WWE Extreme Rules | James Burke (science historian) | List of TVXQ concert tours | Mike Hogan (sportscaster) | The Joe Schmo Show | The Young Ones (TV series) | Free Radio (TV series) | House Rules (2003 TV series),1,1,1.0,0,0,1.0,0.5,0.5,1.0,0.5,0.5
dense,pooled,5a88a4245542997e5c09a668,bridge,hard,What company did Roscoe Channing form with the owner of a leading stable of thoroughbred racehorses?,Cornelius Vanderbilt Whitney | Roscoe Channing,"Roscoe Channing | Cornelius Vanderbilt Whitney | List of leading Thoroughbred racehorses | Florence Nagle | Darrell Crate | Mark Whitacre | Ryan Hunter-Reay | 2009 World Thoroughbred Rankings | Henry P. Haney | Rove goat | Wayne Garland | 2012 World Thoroughbred Rankings | Lean Horse Ultramarathon | Gerry Marsden | Keith Bilbrey | Anthony Woodson | Sean Healey | 2011 World Thoroughbred Rankings | Jim Shoulders | Barnyard Dawg | Scott Parkin | Søren Rasted | Noel C. Bloom | Palm Meadows Thoroughbred Training Center | Henry Fox-Strangways, 3rd Earl of Ilchester | Orange County Fair Speedway | Three Men on a Horse | Lene Nystrøm | Androscoggin Bank Colisée | 1965 Houston Astros season | 2008 World Thoroughbred Rankings | Night Raid | Columba de Dunbar | Marquinhos (footballer, born June 1989) | Baltimore Orioles | 1982 U.S. Pro Indoor – Doubles | Ian Harland | Doug Bollinger | Ambrose Mendy | Eduardo Troconis | Fred Basset | Vatroslav Rožić | Walter Suggs | Doddanna | Manchester Terrier | Richard Honaker | Donald J. Hall Jr. | Bjørn Helge Riise | Bordan Tkachuk | Keith Bostic",1,1,1.0,1,1,1.0,1.0,1.0,1.0,1.0,1.0
dense,pooled,5a8799c55542996e4f308877,bridge,hard,"Jens Risom introduced what type of design, characterized by minimalism and functionality?",Jens Risom | Scandinavian design,"Jens Risom | Scandinavian design | Workflow Resource Planning | Functionality doctrine | Extensibility | Jacqueline Winsor | Introduction to Metaphysics (Bergson) | Compilers: Principles, Techniques, and Tools | The Apartment - Design Your Destiny | Keith Bostic | Richard A. Teague | Bio-inspired robotics | Experimental musical instrument | List of battleships of Italy | Pavel Urysohn | List of ancient spiral stairs | The Inventors | The Little Review Gallery | Nerve of a covering | Jacques I Androuet du Cerceau | Imprest system | Network Analysis and Ethnographic Problems | Time and Free Will | 12 basic principles of animation | Élan vital | Androuet du Cerceau | Journal of Human Development and Capabilities | Abraham Maslow | Cultural Property (Japan) | Coty, Inc. | Stoddard engine | Louis Schwitzer Award | CUPS (CMU) | Discovery Institute | Salomon de Brosse | Universal remote | Franci Cerar | Semyon Aranovich Gershgorin | Snoecks | Lev Kuleshov | Pavel Alexandrov | Franz Josef Och | Duration (philosophy) | Groups of Traditional Buildings | HP 64000 | Ernst Lindemann | Bitter electromagnet | Jean Baptiste Androuet du Cerceau | Karel Dežman | Volvo T6",1,1,1.0,1,1,1.0,1.0,1.0,1.0,1.0,1.0
dense,pooled,5ac038db554299294b218f57,bridge,hard,Which of the movie which has Rich Lee 3-D previsualizations was directed by Francis Lawrence?,Constantine (film) | Rich Lee,"Rich Lee | Delmer Daves | The Dragon, the Hero | Dark Passage (film) | Striking Distance | Red Sparrow | Kristof Konrad | Street Kings 2: Motor City | The Big Brain | David Weissman | Chinatown Nights (1929 film) | Estelle Hemsley | Delicatessen (film) | Arthur Roberts (editor) | David Yates | Drive Angry | San Fernando Valley (film) | The Hunger Games (film series) | The Prince and Me | Awake (film) | The New Lot | Divorce Italian Style | Flight of the Innocent | 1920 (film series) | Star Trek (2013 video game) | Manhattan Romance | My Bloody Valentine 3D | Harry Bowen (actor) | Alias French Gertie | Brian C. Bialiy | The Card (1952 film) | Parallels (film) | Dead Awake (2010 film) | Selma (film) | Mercury Rising | Agee (film) | List of accolades received by La La Land | Plush (film) | Rings (2017 film) | Altair (film) | Hoppy Serves a Writ | R-Point | Blinding Edge Pictures | Lemony Snicket's A Series of Unfortunate Events | Pamela B. Green | Claudia Drake | The Current War | James Gunn | Suicide Kings | Out of Sight",1,1,1.0,0,0,0.0,0.5,0.5,0.5,1.0,1.0
dense,pooled,5a764c0b55429976ec32bd89,bridge,hard,What criteria subjectively qualifies the Houston Astrodome to be called the Eighth Wonder of the World?,Astrodome | Eighth Wonder of the World,"Eighth Wonder of the World | Astrodome | San Jacinto Monument | For the Last Time: Live from the Astrodome | 1965 Houston Astros season | 1973 Astro-Bluebonnet Bowl | 2008 World Thoroughbred Rankings | 2009 World Thoroughbred Rankings | 1991 Mr. Olympia | Indianapolis Motor Speedway | Hollywood Star Lanes | Star Ship | Rock in Rio USA | 2011 World Thoroughbred Rankings | Bonsallo Avenue | Valentina Tereshkova | Moonpark | Alamo Heights SA | 2012 World Thoroughbred Rankings | Fearless (Eighth Wonder album) | Olathe East High School | Louis Schwitzer Award | Oleson Park Music Pavilion | Superman: Tower of Power | Tropicana – Las Vegas Boulevard intersection | 1957 Indianapolis 500 | 61st Golden Globe Awards | The Great Movie Ride | Shreveport Steamer | The Wonder Who? | Las Vegas Festival Grounds | Starfaring | 888 7th Avenue | 6 Hours of Mexico | Eldorado Air Force Station | Concord Pavilion | Cosmological interpretation of quantum mechanics | 10,000 metres | Stargate SG-1 (season 8) | Random House Tower | Christus Apollo | 51st Golden Globe Awards | Children's Mercy Park | 1991 Ms. Olympia | 2008 Summer Olympics | Garajonay National Park | Borghese Vase | Sultan Ahmed Mosque | 1980 Ms. Olympia | City of Stars",1,1,1.0,1,1,1.0,1.0,1.0,1.0,1.0,1.0
dense,pooled,5a77309d55429972597f1487,comparison,hard,"Who was born first, José Echegaray y Eizaguirre or P. J. O'Rourke?",José Echegaray | P. J. O'Rourke,"José Echegaray | Patricio Echegaray | Sergo Mikoyan | Enrique Echeverría | Gevheri Kadın | Altanochir (1882–1949) | Esma Sultan (daughter of Abdul Hamid I) | Esma Sultan (daughter of Ahmed III) | Esma Sultan (daughter of Abdülaziz) | Edwin L. Mechem | Margareth Madè | Marquinhos (footballer, born June 1989) | Claudio Fernández-Aráoz | Enrique Carreras | Nabi Tajima | Alexis Soriano | Jacopo Puccini | Joseph LoPiccolo (organized crime) | Enrique Grau | Alex Zanardi | Republican Party Reptile | Domitia Lepida the Elder | Ottavio Alessi | Alvaro Mexia | DeObia Oparei | Mana Al Otaiba | Salomon de Brosse | Sergio Pérez | Manuel Quiroga (violinist) | Antonino Lo Surdo | Nora Rocha | Tomaso Albinoni | Giuseppe Arimondi | Marino Franchitti | List of major opera composers | Pelé | John MacGregor, Baron MacGregor of Pulham Market | Eleonora Pedron | Aonghus Mór | Emílio da Silva | Francisco Jose Hernandez | Van Partible | Semyon Aranovich | Ferdi Taygan | 14ymedio | José Mujica | Isaak Hassler | Yasuhito Endō | Eduardo Troconis | Tefik Mborja",1,1,1.0,0,0,0.0,0.5,0.5,0.5,1.0,1.0
dense,pooled,5ab7bae95542993667793ff4,bridge,hard,Who did the Doncaster Belles play in the 1994 FA Women's Cup Final held at Glanford Park? ,1994 FA Women's Cup Final | Glanford Park,"1994 FA Women's Cup Final | Doncaster Rovers Belles L.F.C. | 2002 FA Women's Cup Final | 1997 FA Women's Cup Final | 2000 FA Women's Cup Final | 2017 FA Women's Cup Final | 2016 FA Women's Cup Final | 2015 FA Women's Cup Final | Glanford Park | 1996 FA Charity Shield | 1982 Volvo Masters – Doubles | EFL Cup | Geri Donnelly | Sport &amp; Leisure Swifts F.C. | 1965 Golden Fleece Cup | 1966 Golden Fleece Cup | 2018 PGA Championship | 1995–96 Manchester United F.C. season | 1967 Golden Fleece Cup | West Yorkshire Association Football League | Curzon Ashton F.C. | Maggie Dixon Award | Spennymoor Town F.C. | 1983 Volvo International – Doubles | 1961 Night Series Cup | 1982 US Open – Mixed Doubles | Women's Nordic Football Championship | 2015 Rogers Cup – Women's Doubles | Palm Meadows Thoroughbred Training Center | Dwyer Arena | NIFL Premier Intermediate League | 2009 Colorado Buffaloes football team | Sir Matt Busby Sports Complex | 1982 U.S. Pro Indoor – Doubles | 1983 Donnay Indoor Championships – Doubles | Digswell Park | Humber Warhawks | Jack Truelove | 1995 Brownlow Medal | Belle (Disney) | Salisbury Woodland Gardens, Blackpool | 2015 Wimbledon Championships – Women's Doubles | 2017–18 Wigan Athletic F.C. season | 1929–30 British Home Championship | Strawberry Park, Cheshire | United Kingdom local elections, 2013 | List of Wigan Borough F.C. players | 1960 Night Series Cup | 2015 Colorado Buffaloes football team | 1958 Night Series Cup",1,1,1.0,0,0,1.0,0.5,0.5,1.0,1.0,1.0
dense,pooled,5a7c9f325542990527d554e6,bridge,hard,What act for Innocent Records achieved Platinum sales and shares its name with a primary color in the RGB color model?,Blue | Innocent Records,"RGB color model | ProPhoto RGB color space | RGB color space | Innocent Records | Color space | RGBA color space | Blue | YCoCg | List of largest pharmaceutical settlements | Rabid Neurosis | The Burning Red | Block booking | List of Billboard 200 number-one albums of 2002 | HCL color space | Brown | Based on a True Story... | Selle v. Gibb | R v Van der Peet | Japan Record Award for Best New Artist | Poison (American band) | Pamela B. Green | Encore (Eminem album) | Cargo Records (Canada) | M Music &amp; Musicians | Platinum Pied Pipers | Leontyne Price | Cornelius Vanderbilt Whitney | Hip Hop Since 1978 | B2K | Cultural Property (Japan) | Red Sparrow | Sunset Blvd. (Yancey Boys album) | Memorabilia (event) | Trash Box | United States v. Paramount Pictures, Inc. | United States v. Quiver | Alan Jackson albums discography | Penske Media Corporation | Solidago rupestris | Late Registration | Muyiwa Olarewaju | MTV Video Music Award for Best New Artist | Brintonia | Original Sound | Ex Pistols | Rich Lee | Independent Spirit Award for Best First Feature | Mattel, Inc. v. MCA Records, Inc. | Sunil Rawal | Under the Blue Moon",0,1,1.0,0,0,1.0,0.0,0.5,1.0,0.25,0.25
dense,pooled,5a8f69b55542997ba9cb324f,bridge,hard,"What national historic district is located near a village in the town of Philipstown, New York?","Cold Spring, New York | Valhalla Highlands Historic District","Cold Spring, New York | Valhalla Highlands Historic District | New York's 2nd State Senate district | New York's 4th State Senate district | Garrison, New York | Staten Island Community Board 1 | Elmwood Historic District–East | Staten Island | Elmwood Historic District–West | New York's 3rd State Senate district | Hudson Highlands State Park | New York's 1st State Senate district | Staten Island Borough Hall | Glimmerglass Historic District | Cromwell's Run Rural Historic District | College of Staten Island Baseball Complex | Woodsville, New Hampshire | Newark, New Jersey | Breakneck Brook | Kenneth LaValle | Hudson River Valley Greenway | Calumet Downtown Historic District | New York Life Building | Boston, Lincolnshire | Staten Island Register | Jones Point, New York | Langston Hughes House | Gilbert Town Historic District | Wilton Mall | Poughkeepsie Galleria | Manhattan Life Insurance Company | Saratoga Mall | Manor of Rivington | Robert Nyce | Hampden County, Massachusetts | Pureland Industrial Complex | Rivington Hall | 888 7th Avenue | New York Society of Model Engineers | New York City Employment and Training Coalition | Pavilion Mall | Andrea Stewart-Cousins | Eastern Hills Mall | Blackstone River and Canal Heritage State Park | Bradley, North Yorkshire | Bjørnøya, Haram | Flatiron Building | Borough of Berwick-upon-Tweed | History of the East Riding of Yorkshire | Paulus Hook, Jersey City",1,1,1.0,1,1,1.0,1.0,1.0,1.0,1.0,1.0
dense,pooled,5adbda2755429944faac2385,bridge,hard,Which American writer wrote both The Ganymede Takeover (1967) and The Man in the High Castle (1962)?,The Ganymede Takeover | The Man in the High Castle,The Ganymede Takeover | The Man in the High Castle | The Man in the High Castle (TV series) | Eric Overmyer | The Lord of the Rings | Castle Richmond | Roald Dahl | H. Bedford-Jones | Maurice Walsh | Vulcan's Hammer | Little Big Man (novel) | Alias French Gertie | Tzi Ma | William Goldman | The Big Brain | Irish prose fiction | Henry Roth | The Best of Roald Dahl | The Sword in the Stone (film) | A Man Has Dreams | David Weissman | 11 Harrowhouse | The Current War | Michael Wynne (playwright) | Thomas Ince: Hollywood's Independent Pioneer | Roald Dahl short stories bibliography | King Arthur: Legend of the Sword | Dead Man's Land | Arild Nyquist | Roald Dahl: Collected Stories | Richard Ford | Richard Marsh (author) | Kurt Vonnegut | The House That Jack Built (1967 film) | W. E. Johns | The Crooked Hinge | Rebels of the Heavenly Kingdom | Nobuteru Yūki | Eric Ambler | A Good Man Is Hard to Find and Other Stories | The Roald Dahl Treasury | Jack and His Comrades | George Archainbaud | Sheep (novel) | The General (1926 film) | Divorce Italian Style | Three Comrades (novel) | Dark Passage (film) | John MacGregor | Manhattan Romance,1,1,1.0,1,1,1.0,1.0,1.0,1.0,1.0,1.0
dense,pooled,5ab67bd355429954757d32f2,bridge,hard,Curt Menefee is the host of the Fox network's NFL show with co-host Michael Anthony Strahan who spent his entire 15-year career with what team?,Curt Menefee | Michael Strahan,Curt Menefee | Michael Strahan | Sean Hannity | Mike Hogan (sportscaster) | Steve Malzberg | Jimmy Fallon | Keith Bilbrey | Curt Johnson (soccer) | Jerry Glanville | David Beckham's Soccer USA | Adam Thielen | Charissa Thompson | The Drop-In (podcast) | Kevin Sheehan | Kevin Lockett | Jonathan Toews | Ricky Proehl | Ronn Owens | Johnny Angel Wendell | David Gold (talk radio host) | Gay Byrne | Dré Bly | Greatest Sports Legends | Donald Trump (Last Week Tonight) | Ambrose Mendy | Johnny Galecki | Vernon Fox | Ted Plumb | Partners (2012 TV series) | Chris Hardwick | Rewrapped | James Burke (science historian) | Gordon Johndroe | Ernest Mangnall | Jon St. Andre | Jeff Strabone | Man from 1997 | Curt Smith (basketball) | Cosmos: A Spacetime Odyssey | Sam Means | Michael C. Hall | Cynthia Hogan | Ron Snidow | Matt Kennedy Gould | Meet Corliss Archer (TV series) | Milton (cartoon) | Alie Ward | Ralph Garman | Portland State Vikings football under Jerry Glanville | Jeff Hephner,1,1,1.0,1,1,1.0,1.0,1.0,1.0,1.0,1.0
dense,pooled,5a90843c5542995651fb517e,bridge,hard,Francisco Jose Hernandez was a participant in an invasion that took place in what year?,Bay of Pigs Invasion | Francisco Jose Hernandez,"Francisco Jose Hernandez | Sergio Pérez | Bay of Pigs Invasion | Military history of Mexico | 1994 Athens International – Doubles | Fernando Tapias Stahelin | Julián Hernández (filmmaker) | Marquinhos (footballer, born June 1989) | Battle of Manila (1574) | September 16 military parade | Battle of Alhandic | 6 Hours of Mexico | Buena Vista Park | Joseph LoPiccolo (organized crime) | Enrique Banchs | Enrique Echeverría | Eduardo Troconis | Georges Madon | Alvaro Mexia | Edgar Kaiser Jr. | Enrique Grau | Battle of Manila (1945) | Formula One drivers from Mexico | José Mujica | Dicen que soy mujeriego | Los Cabos International Film Festival | Eldorado Air Force Station | 1972 American League Championship Series | Elizabeth Martínez | Battle of Yao (Japan) | Treaty of Taipei | Mexican Mafia | Manuel Quiroga (violinist) | Cyclone Hondo | J. J. Syvrud | Cayman Islands at the 2011 Pan American Games | LeRoy W. Homer Jr. Foundation | Graduados | WWF Invasion | Enrique Carreras | Alex Zanardi | Harry Prowell | Nora Rocha | San Fernando Valley (film) | Alexis Soriano | VMF-236 | Roque Cinchado | Ron Snidow | MEO Rip Curl Pro Portugal 2016 | Antonino Lo Surdo",1,1,1.0,0,1,1.0,0.5,1.0,1.0,1.0,1.0
dense,pooled,5a8324815542990548d0b184,bridge,hard,Dead but Rising was a song by the Danish band fomed in what city in 2001?,Dead but Rising | Volbeat,Dead but Rising | Dancin' (on a Saturday Night) | The Danish Way to Rock | Home Dead (album) | Re-Sepp-Ten | Daze (band) | Darkthrone | Dead Jesus | The Suicide File | Folie à Deux (album) | Volbeat | Life of a Ghost | Xtended Play Version 3.13 | Oh My God (Guns N' Roses song) | Paris Awakens | Extrema (band) | Free (Bonfire album) | Deadwood (song) | The Flowers of Romance (band) | Dead Awake (2010 film) | Dub-I-Dub | Rise Above (Dirty Projectors album) | The Idols with Sid Vicious | Søren Rasted | Higher (The Saturdays song) | Hellogoodbye | Believers Never Die Tour Part Deux | Suicide (1977 album) | Lene Nystrøm | 10 Hronia Mazi | Søndagsbarn | Welcome to the New Administration | Fall Out Boy | Hate Them | Kent Stax | I Don't Care (Fall Out Boy song) | Punk's Not Dead (2007 film) | Christian Death | Ghost Rider (Suicide song) | Lostprophets | Dig Your Own Grave | Call Me Up in Dreamland | Old Frisian | Deadfall (1993 film) | Mark Castillo | Shinobi vs. Dragon Ninja | Søren Solkær | Headlines! | Fireflight | Aquarium (Aqua album),1,1,1.0,0,0,0.0,0.5,0.5,0.5,1.0,1.0
dense,pooled,5adf4a275542993a75d26498,bridge,hard,"The man, who the award in which ""Summer of the Monkeys"" won, was a spokesman for white sector of America?",Summer of the Monkeys | William Allen White,Summer of the Monkeys | Scott Parkin | William Allen White | Vance Powell | Horace Bumstead | Wendell Berry | Shomwa Shamapande | Wale Adebanwi | Howard Warren Buffett | Langston Hughes Medal | Johnny Lee Clary | Freddie Summers | James Gamble Rogers II | A Summer in the Cage | C. Hugh Holman | James Franco | Alfred Balk | Jonathan Meath | Man Booker International Prize | Brian MacLaren | William Goldman | Here We Go Round the Mulberry Bush (film) | William Flynn Martin | James Howard Williams | Howard Graham Buffett | George D. Buffett | José Mujica | Sam Means | Harsh Times | John Waters | Mark Whitacre | Jeff Strabone | Joshua D. Zimmerman | Brian C. Bialiy | Maureen Dragone | Winfred Blevins | My Generation (talk show) | David Weissman | James P. Comer | Mark D. Fabiani | Eric Ambler | Matt Kennedy Gould | Al Pacino on stage and screen | Sam Eagle | Ian McEwan | Hannibal Brooks | Robert Hormats | Cynthia Hogan | Franklin D. Roosevelt's record on civil rights | Mark Britten,1,1,1.0,0,1,1.0,0.5,1.0,1.0,1.0,1.0
dense,pooled,5ae4c5595542990ba0bbb123,bridge,hard,Which lead actor/actress in War Chhod Na Yaar has also acted in Bengali and English-language films?,Soha Ali Khan | War Chhod Na Yaar,War Chhod Na Yaar | Utpal Dutt | Anil Chatterjee | Farooq Sheikh | Tariq Khan (actor) | Gita Dey | Farida Jalal | Aryanto Yuniawan | Soha Ali Khan | Alencier Ley Lopez | Kishore Dang | Paresh Mokashi | Debashree Roy filmography | Madhuri Dixit filmography | Duniya Vijay | Nagesh Bhonsle | Lionel Ngakane | Krishnabhaskar Mangalasserri | Fayyaz Hashmi | Ankahee (2006 film) | Tahar Rahim | Milan Murray | Siddhartha Jadhav | A. C. Tirulokchandar | Udanchhoo | Maharshi Raghava | Badla Jatti Da | Nagaram (2010 film) | Mera Damad | Pudhu Yugam | Sneha (actress) | Manorama (Tamil actress) | Sachin Warrier | Rupaye Dus Karod | Tulu cinema | Chinatown Nights (1929 film) | Apratim Majumdar | Jacques Sernas | Jalam (film) | David Ayer | Inteha (2003 film) | Ithu Engal Neethi | Gösta Prüzelius | Shoba Chandrasekhar | Araby Lockhart | The Current War | John Waters | Ayesha Farooq | Rajneesh Duggal | David Dencik,1,1,1.0,0,0,1.0,0.5,0.5,1.0,1.0,1.0
dense,pooled,5ab5057b5542991779162d56,bridge,hard,What type of movie are Wishing Stairs and Voice?,Voice (film) | Wishing Stairs,Wishing Stairs | Voice (film) | Song Ji-hyo | 11 Harrowhouse | Bridge to Terabithia (1985 film) | The Great Movie Ride | This Is the Life (2008 film) | Jim Cummings | Step in Time | The Revengers' Comedies | Dark Passage (film) | Roy Holder | Parody film | Chinatown Nights (1929 film) | Toys in the Attic (2009 film) | You Me and Captain Longbridge | Mary Poppins (film) | Harry Bowen (actor) | Ninnu Kori | List of The Muppets productions | The New Lot | The Boatniks | Barbie and the Secret Door | Estelle Hemsley | Bridge to Terabithia (2007 film) | Bitter Jester | 1920 (film) | A Man Has Dreams | The Spiderwick Chronicles (film) | Out in Fifty | Robin Hood (2018 film) | Piano Girl | Revengers Tragedy | Stone Stanley Entertainment | Innerspace | 1920 (film series) | Cheech Marin | Total Recall (1990 film) | Suicide Kings | Aram Avakian | This Is Elvis | Edith Walks | List of Walt Disney Pictures films | Raymond Ochoa | The House That Jack Built (1967 film) | Jalam (film) | Richard Kind | Nýtt líf | The Good Dinosaur | Spin Out (2016 film),1,1,1.0,1,1,1.0,1.0,1.0,1.0,1.0,1.0
dense,pooled,5a837d9a554299123d8c213e,bridge,hard,"Which cast member of Alice Upside Down also stars in the ABC Family/Freeform drama ""Switched at Birth?""",Alice Upside Down | Lucas Grabeel,"Alice Upside Down | Switched at Birth (season 4) | Switched at Birth (TV series) | Switched at Birth (season 3) | Switched at Birth (season 2) | List of Switched at Birth episodes | Lea Thompson | Alice David | Lisa Wilcox | My Family (series 1) | Free Radio (TV series) | David Kohan | Jim Backus | Ade Edmondson | Partners (2012 TV series) | Constance Marie | Jo Marie Payton | Mark Britten | Arrowverse | Emily Jewell | Sela Ward | Sara Botsford | Alie Ward | Jillian Bell | Turning Paige | Lucas Grabeel | Anna Devane | Nancy Carter | Chloe Dykstra | Andy Umberger | Ralph Garman | Lucy Fry | Peter Pan (1953 film) | Wolf Alice | Elisabeth Moss | Hilarie Burton | Linda Carter | List of Home and Away characters (1995) | Earl and Edgar McGraw | Gretchen Palmer | John Amos | Jason Byrne (comedian) | Brother from Another Series | Kris Marshall | Roger Howarth | Spin Out (2016 film) | David Mirkin | Raaz Pichhle Janam Ka | Back Up, Dancer | CBS Television Workshop",1,1,1.0,0,0,0.0,0.5,0.5,0.5,1.0,1.0
dense,pooled,5a81ebee554299676cceb16d,bridge,hard,What kind of movie directed by F. Javier gutierrez did an Italian model and actress star in?,Matilda Lutz | Rings (2017 film),"Enrique Carreras | Dicen que soy mujeriego | Sebastián Mantilla | Janine Gutierrez | Giuseppe Verdi (film) | Julián Hernández (filmmaker) | Jackie Lou Blanco | Valentina (2008 film) | Alencier Ley Lopez | Altair (film) | Fugitive in Trieste | La Belle Américaine | Sergio Pérez | Tosca (1956 film) | David Weissman | Ottavio Alessi | American Beauty (1999 film) | City of Angels (film) | Commedia all'italiana | Dieci canzoni d'amore da salvare | Chris Marker | Identity Films | Out in Fifty | Orbis Pictus (film) | La Bohème (1988 film) | Linda Mvusi | Farida Jalal | Lipstick (1960 film) | Drained | Divorce Italian Style | Finishing School (1953 film) | List of accolades received by La La Land | Badla Jatti Da | Guapas | Marquinhos (footballer, born June 1989) | Ashley Cheadle | San Fernando Valley (film) | Estelle Hemsley | Eva Riccobono | Flight of the Innocent | Poetical Refugee | Marlene Dietrich | Matilda Lutz | Gina Pareño | Lana Del Rey videography | Balearic Caper | Los Cabos International Film Festival | Nola (film) | Frank McDonald (director) | Graduados",0,0,0.0,0,0,0.0,0.0,0.0,0.0,0.0,0.023255813953488372
dense,pooled,5ab48c325542996a3a969f93,bridge,hard,In which county is the English king Harold Godwinson buried?,Edith Walks | Waltham Abbey Church,"Tostig Godwinson | Leofwine Godwinson | Godwin, Earl of Wessex | Battle of Stamford Bridge | Cultural depictions of Harold Godwinson | Gytha Thorkelsdóttir | The Last English King | Tower Hill Memorial | Edith the Fair | Governor's House, Knutsford | Robert Gascoyne-Cecil, 3rd Marquess of Salisbury | William Levett (baron) | Steven D. Smith | Manchester Cenotaph | Viscount Wimborne | Maiwand Lion | Congleton (UK Parliament constituency) | Edith Walks | Forbury Gardens | Joseph Fogerty Sr. | Waltham Abbey Church | Hatton baronets | Livesey Hall War Memorial | William Monson, 1st Viscount Oxenbridge | Viscount Trenchard | Ian Harland | Ricky Proehl | Devon County War Memorial | Carroll County, New Hampshire | Stank Hall | George Gordon (bishop) | Kelsall | RAF Warmwell | Robert Parker Parrott | Gospatric, Earl of Northumbria | William Street, Limerick | William Pery, 3rd Earl of Limerick | Alamein Memorial | Earl of Aylesford | Stephen Boreham | Gilbert Town Historic District | John Fogerty (engineer) | Freetown Memorial | Rainham War Memorial | Edmund Leach | John Frederick Fogerty | George II, Earl of March | St James's Palace | Nidderdale Museum | Bedale",0,0,0.0,0,0,0.0,0.0,0.0,0.0,0.0,0.05555555555555555
dense,pooled,5a8488f45542992a431d1a47,bridge,hard,"Who wrote The Devils, and was an eninent English theater, opera and film director?",Peter Hall (director) | The Devils (play),"The Devils (play) | Appius and Virginia | Ottavio Alessi | 4 Devils | Ambroise Thomas | The Duchess of Padua | Bernhard Bötel | Ron Bottcher | Devil in the Flesh (1998 film) | James Roland MacLaren | Manuel Quiroga (violinist) | Paris Awakens | Peter Hall (director) | Scott Sidney | The Revengers' Comedies | Herbert Brean | Eve Unsell | Roald Dahl Children's Gallery | Lorenzo Ratti | Phil Rosen | John Waters | Alain Resnais | John Hartmann | Alias French Gertie | Utpal Dutt | The Soloist | Július Satinský | E. J. Carroll | Cineriz | Scott Derrickson | Innerspace | Ralph Ince | Semyon Aranovich | Joby Talbot | Gerard Alessandrini | Impresario | Thomas H. Ince | Le Conversazioni | Armando Mook | Jump into Hell | Armand Castelmary | Constantine (film) | Six Violin Sonatas, Op. 5 (Vivaldi) | 1920 (film series) | Julien Nitzberg | Poetical Refugee | Cesira Ferrani | Altair (film) | David Alden | Douglas Ainslie",1,1,1.0,0,0,0.0,0.5,0.5,0.5,1.0,1.0
dense,pooled,5abe689a55429976d4830b16,comparison,hard,Which Grand Slam singles tournament have Francesca Schiavone and Olga Morozova both been finalists in?,Francesca Schiavone | Olga Morozova,Francesca Schiavone | 2011 French Open – Women's Singles | Olga Morozova | 2015 Rogers Cup – Women's Doubles | Marta Domachowska | Petra Kvitová career statistics | Roberta Vinci | Flavia Pennetta | 2015 Wimbledon Championships – Women's Doubles | Williams sisters | Sandra Reynolds | Caroline Wozniacki career statistics | Li Na | 1988 Volvo International – Doubles | 2011 Barcelona Ladies Open – Doubles | Jorge Lozano | Camille Zamora | 2017 Australian Open – Men's singles final | 1973 Queen's Club Championships | 1983 Donnay Indoor Championships – Doubles | 1982 French Open – Men's Doubles | 1982 US Open – Mixed Doubles | 2014 US Open Series | Mahesh Bhupathi | Emma Carney | 1981 Ms. Olympia | 1991 Ms. Olympia | Argentine PGA Championship | 1968 US Open (tennis) | 1980 Ms. Olympia | 2000 Wimbledon Championships – Men's Doubles | 2017 US Open Series | 2013 US Open Series | 1995 Benson and Hedges Open | 2009 Singapore Grand Prix | 2017 US Open (tennis) | Roberto De Vicenzo | Andre Thysse | Jamie Murray career statistics | Nora Rocha | Winner (band) | Johnny Mowlem | Middle Atlantic PGA Championship | 1975 Mr. Olympia | Formula One drivers from Mexico | 2012 Ms. Olympia | Premio Lo Nuestro 2003 | 1994 Athens International – Doubles | Louis Schwitzer Award | Hubert Wilton,1,1,1.0,0,1,1.0,0.5,1.0,1.0,1.0,1.0
dense,pooled,5a7a014a5542996c55b2dccf,bridge,hard,"""Kapitän zur See"" Ernst Lindemann was the commander of which one of two battleships built for Nazi Germany's ""Kriegsmarine""?",Ernst Heinrich Lindemann | German battleship Bismarck,Ernst Lindemann | Ernst Heinrich Lindemann | Hans Jenisch | German battleship Bismarck | Hansjürgen Reinicke | 21st U-boat Flotilla | German destroyer Z43 | Ernst Kals | German auxiliary cruiser Widder | Wolf Junge | SS General von Steuben | Soviet cruiser Kirov | MS Excelsior Neptune | Battle of Silda | 122nd SS-Standarte | USS New Jersey (BB-62) | List of ships of the Yugoslav Navy | Wooster and Davis | Kaiser Shipyards | Charles Nungesser | VMF-213 | Paul Zorner | VMF-511 | VMF-452 | John Hartmann | VMF-215 | French battleship Jean Bart (1911) | Portsmouth Naval Memorial | New York Shipbuilding Corporation | Abteilungsleiter (NSDAP) | Egon Mayer | USS Belleau Wood | Jens Risom | MV Empire Windrush | J. Edward Snyder | Germán Barranca | VMAQT-1 | Isaak Hassler | USS Belleau Wood (LHA-3) | Kasper Schmeichel | VMF-512 | James A. Winnefeld Jr. | The Seamstress (Clyne) | Bernhard Vogel (politician) | Museumsdorf Niedersulz | VMF-221 | Maratha Navy | List of battleships of Italy | Maynak Bhandari | Manfred Meurer,1,1,1.0,0,1,1.0,0.5,1.0,1.0,0.5,0.5
dense,pooled,5a895d305542993b751ca931,bridge,hard,"Which football team does Lewis Young's older brother, Ashley Young, play for?",Ashley Young | Lewis Young,Lewis Young | Ashley Young | Lewis Young (Australian footballer) | Scott Young (American football) | George Young (Scottish footballer) | Bob Young (American football) | Nick Powell | Luke Clark | Joe Walker (American football) | Champ Bailey | Daniel Talia | Marino Franchitti | Chris Williams (English footballer) | Boss Bailey | Ivory Lee Brown | William T. Van de Graaff | Rick Clausen | Randall Cunningham | Merlin Olsen | Clayton Oliver | Vernon Fox | Mouse Davis | Jack Truelove | Bjørn Helge Riise | Ken Rose (gridiron football) | Alex Wolff | Portland State Vikings football under Jerry Glanville | Curzon Ashton F.C. | Brian Knorr | Michael James Lewis | Kenton Richardson | LaRon Landry | Kevin Lockett | Nick Eddy | Al Wilson (offensive lineman) | Adrian Peterson | Dean Valli | Atiqur Rahman Meshu | Luke Hubbins | 2017–18 Wigan Athletic F.C. season | Lewis's | Sport &amp; Leisure Swifts F.C. | Sam Long | Cressida Bonas | 1987 Pittsburgh Steelers season | Freddie Summers | Lewiston Maineiacs | Aquinas Old Collegians Football Club | Salford City F.C. | List of Wigan Borough F.C. players,1,1,1.0,1,1,1.0,1.0,1.0,1.0,1.0,1.0
dense,pooled,5a85c3a15542992a431d1b97,bridge,hard,Snowdrop is a proprietary game engine first revealed with an online-only action role-playing video game developed by who?,Snowdrop (game engine) | Tom Clancy's The Division,"Snowdrop (game engine) | Tron Evolution: Battle Grids | Gamer (film) | The Lost Vikings | Rankin/Bass Productions | Amen: The Awakening | Id Tech 5 | Mercenaries, Spies and Private Eyes | ParaEngine | X-Men: The Official Game | Rockstar Advanced Game Engine | Starfaring | Portal 2 | Tron: Evolution | Tom Clancy's The Division | Gateways (video game) | Tunnels &amp; Trolls | Zero (game engine) | Corey Smith (artist) | Half-Life 2: Lost Coast | Team Fortress 2 | Poleconomy | Fez (video game) | Icehouse pieces | Tom Clancy's Splinter Cell: Pandora Tomorrow | Lego Knights' Kingdom | Catwoman (video game) | Tom Clancy's Net Force Explorers: Cold Case | Catan Dice Game | Sam Fisher (Splinter Cell) | Lara Croft Go | Dance Factory (video game) | Tunnels &amp; Trolls: Crusaders of Khazan | List of Tomb Raider media | Portal (video game) | Dance Dance Revolution Mario Mix | Dancing Stage Fusion | Treehouse (game) | Lego Star Wars: The Video Game | Video Games (song) | Project I.G.I.: I'm Going In | Stormbreaker (film) | List of Square Enix companion books | Call of Duty 4: Modern Warfare | Franz Josef Och | Ken St. Andre | Tomb Raider | J. T. Petty | Jonathan Michael Ansell | Kill Doctor Lucky",1,1,1.0,0,0,0.0,0.5,0.5,0.5,1.0,1.0
dense,pooled,5ae32b6755429928c4239644,bridge,hard,Wendy Ayche was featured in 2016 in an annual production created by Youtube and what other organization?,Wengie | YouTube Rewind,Wengie | Vanessa White | Jessica Chobot | Marissa Perry | Maureen Dragone | Sherry Gunther | Mona Scott-Young | Dayna Hart | 2014 Young Hollywood Awards | Index Magazine | YouTube Rewind | Janet Jackson | Anhoniyon Ka Andhera | Tara Strong | Tara Strong filmography | Vanessa Bley | Fiona Forbes | M Music &amp; Musicians | Margareth Madè | Nerdist News | Jessica Todd Harper | Chloe Dykstra | Zhu Xun | Susie Bright | Rewrapped | Jolin Tsai filmography | Allen &amp; Company Sun Valley Conference | Sela Ward | Annie Morton | Johanna Bennett | Nicki Minaj | Audra McDonald | Janet Waldo | The Voice Teens (Philippine TV series) | Unbreakable Kimmy Schmidt | Elisabeth Murdoch (businesswoman) | Charissa Thompson | Pamela B. Green | List of Teen Titans episodes | Kimmy Schmidt | Tara Conner | MTV Video Music Award for Best New Artist | Partners (2012 TV series) | List of Unbreakable Kimmy Schmidt episodes | This Is the Life (2008 film) | Nerdist Industries | The Nerdist Podcast | New Scandinavian Cooking | Linda Duvall | Ife Piankhi,1,1,1.0,0,0,0.0,0.5,0.5,0.5,1.0,1.0
dense,pooled,5a8d02cc554299441c6b9fb6,bridge,hard,"John MacGregor, Baron MacGregor of Pulham Market was educated at the University of St Andrews and another university established by what monach?","John MacGregor, Baron MacGregor of Pulham Market | King's College London","John MacGregor, Baron MacGregor of Pulham Market | John MacGregor | John MacGregor (VC) | University of St Andrews | James Roland MacLaren | Macalester College | Prior of St Andrews | University of Leeds | Gloriana St. Clair | Ian Harland | University of St Andrews Boat Club | Baron de Mauley | Pulham Market | Peter McKay (cricketer) | St Andrews Links | Peterhouse, Cambridge | Joshua Parlby | Seumas MacManus | Peter Torry | Henry Fox-Strangways, 3rd Earl of Ilchester | Alistair Grant | E. J. Carroll | Margareth Madè | Alan Cransberg | James Ogilvie | Archdeaconry of St Andrews | Alex Ferguson | George W. Macfarlane | Baron Berkeley of Stratton | George Cayley | Ernest Mangnall | John Home Robertson | St James's Palace | George Paice (bowls) | William Pery, 3rd Earl of Limerick | Auchterhouse Castle | George Gordon (bishop) | Neil Blair | John Bruton | Baron Dunalley | Sean Connor | Brian MacLaren | 1982 Volvo Masters – Doubles | Pollokshields Burgh Hall | Grant Smith (footballer) | Sir Matt Busby Sports Complex | Robert Parker Parrott | Mactan | Patrick IV, Earl of March | University of the Incarnate Word",1,1,1.0,0,0,0.0,0.5,0.5,0.5,1.0,1.0
dense,pooled,5a78daf855429970f5fffdae,comparison,hard,"Which game was released first, Icehouse pieces or Kill Doctor Lucky?",Icehouse pieces | Kill Doctor Lucky,Kill Doctor Lucky | Icehouse pieces | Charlie Murder | Amen: The Awakening | Treehouse (game) | No Promises (Icehouse song) | X-Men: The Official Game | Icehouse (song) | The Lost Vikings | Fatal Games | Tron Evolution: Battle Grids | Lego Knights' Kingdom | Sam Fisher (Splinter Cell) | Half-Life 2: Lost Coast | 1984 South Asian Games | Love in Motion (song) | Logan Lucky | Tom Clancy's Splinter Cell: Pandora Tomorrow | Mighty Max (toyline) | Tomb Raider (2013 video game) | Freaky Eaters (TLC series) | Lego Star Wars: The Video Game | List of Square Enix companion books | Dancing Stage Fusion | Team Fortress 2 | Kingsglaive: Final Fantasy XV | List of Tomb Raider media | The Fear Merchants | David Mirkin | Snowdrop (game engine) | Portal 2 | Lara Croft Go | Doctor Jones | The Key (1961 film) | Murder City (TV series) | Star Trek (2013 video game) | Tomb Raider III | The Young Ones (video game) | Frozen Fever | The Knick | Boxes (Icehouse album) | Doctor Strange (2016 film) | The Hard Easy (Adventure Time) | Gamer (film) | Naruto: Shippuden (season 21) | Tomb Raider | Deceit (Doctor Who novel) | Aquarium (Aqua album) | We Can Get Together | For Screening Purposes Only,1,1,1.0,1,1,1.0,1.0,1.0,1.0,1.0,1.0
dense,pooled,5adc094a55429947ff1738c0,bridge,hard,American Blues included the drummer from which American rock band?,American Blues | Frank Beard (musician),American Blues | List of Canned Heat members | Matt Cameron | Mark Arm | The Beach Boys | Slash's Blues Ball | Double Trouble (band) | List of songs recorded by Linkin Park | Drum Beat | Frank Beard (musician) | Skin Yard | Daniel House | Under the Blue Moon | Timothy &quot;Yogi&quot; Watts | Owsley Stanley | B2K | Chris Robinson Brotherhood | The Caledonia Soul Orchestra | Steve Miller Band | Keith Richards | Dave Meros | The Suicide File | John Fogerty | Aurelio Valle | Raimund Marasigan | Maroon 5 | Folk rock | She's Got the Rhythm (And I Got the Blues) | The Rats (American band) | Tom Rothrock | Bob Seger | Something for the Rest of Us | The Bama Band | Kent Stax | Hans Orifice | Join Hands | Hall &amp; Oates | Cultural impact of the Beatles | Original Sound | Gruntruck | Even Steven Levee | Screaming Trees | Lee Hazlewood | Chris Funk | Kevin Shields | Gary Lee Conner | The Unguided | The Beatles | Duke Tumatoe | Vance Powell,1,1,1.0,0,0,1.0,0.5,0.5,1.0,1.0,1.0
dense,pooled,5ae77c245542997b22f6a795,bridge,hard,"The Indian actor and philanthropist, who starred in ""Mera Damad,"" entered the film industry in what year?",Farooq Sheikh | Mera Damad,Mera Damad | Paresh Mokashi | Tariq Khan (actor) | Gita Dey | Madhuri Dixit filmography | Debashree Roy filmography | Manorama (Tamil actress) | Deewana (1992 film) | Duniya Vijay | Farooq Sheikh | Siddhartha Jadhav | Sachin Warrier | Farida Jalal | Sunil Rawal | A. C. Tirulokchandar | Nagesh Bhonsle | Indriati Iskak | Alencier Ley Lopez | Soha Ali Khan | Udanchhoo | Ankahee (2006 film) | Shoba Chandrasekhar | Fayyaz Hashmi | Ithu Engal Neethi | John Waters | Komal | Tahar Rahim | Mom (film) | Maharshi Raghava | Krishnabhaskar Mangalasserri | Sneha (actress) | Enrique Carreras | Rajneesh Duggal | Araby Lockhart | Divya S. Menon | Kishore Dang | Utpal Dutt | Linda Mvusi | Ashley Cheadle | Dayna Hart | Tulu cinema | Anil Chatterjee | Jacques Sernas | DeObia Oparei | Baji Rao I | Sumie Tanaka | Estelle Hemsley | Carlos Rendón Zipagauta | Sattam Oru Vilayaattu | Shashaa Tirupati,1,1,1.0,0,0,1.0,0.5,0.5,1.0,1.0,1.0
dense,pooled,5a88f9555542995153361214,bridge,hard,The Jeep Cherokee was originally sold as a variant of a Jeep model produced during what years?,Jeep Cherokee | Jeep Wagoneer (SJ),"Jeep Cherokee | Jeep Cherokee (SJ) | Jeep Wagoneer (SJ) | Jeep Cherokee (KL) | Jeep Cherokee (XJ) | Jeep Liberty | Jeep Liberty (KK) | Jeep Liberty (KJ) | Jeep Grand Cherokee (WK2) | Indian Scout (motorcycle) | Richard A. Teague | Ford flathead V8 engine | Type I Rifle | Force India VJM04 | Remington Model 51 | USS New Jersey (BB-62) | Tupolev Tu-12 | John Ridge | Type 4 rifle | 1899 Tennessee Volunteers football team | 1891 Tennessee Volunteers football team | Tecumseh | Casey County, Kentucky | USS Zeilin (APA-3) | SAIC-GM-Wuling | The Bama Band | Volvo T6 | Seminole Nation of Oklahoma | 1896 Tennessee Volunteers football team | The Yonah (locomotive) | Seminole music | Seminole | QBB-95 | The Great Locomotive Chase | Rat rod | 2000 Tennessee Titans season | Al Haj FAW motors | Kansas City jazz | 1938 Tennessee Volunteers football team | United States v. Quiver | BTS discography | Tata Consultancy Services | 2012 Cleveland Browns season | 2014 S/S | HP 64000 | Comanchesaurus | Fender Hot Rod Deluxe | Muscogee language | Draining and development of the Everglades | Gruhn Guitars",1,1,1.0,0,1,1.0,0.5,1.0,1.0,1.0,1.0
dense,pooled,5a874ce15542996432c57256,bridge,hard,Where was the person born who was recognized by MIAL and is an American soprano?,Leontyne Price | Mississippi Institute of Arts and Letters,Leontyne Price | The Sopranos | Myrna Sharlow | Marissa Perry | Ottavio Alessi | Camille Zamora | Eleonora Pedron | Tony Ave | Gus Williams (musician) | Pietro Germi | Joseph LoPiccolo (organized crime) | Margareth Madè | Sela Ward | Aurelio Valle | Angelo La Barbera | Eva Riccobono | Anna Simpson | Marta Ribera | Salvatore La Barbera | Jacopo Puccini | Luigi Rossi | Evelina Simonaho | Ferdinando Provesi | Eduardo Troconis | Conchita Badía | Lee Hazlewood | Janine Gutierrez | Shirley Temple | Tomaso Albinoni | Mona Scott-Young | Cesira Ferrani | List of major opera composers | Ron Bottcher | Nick Cordero | Daniela Castillo | Ferdi Taygan | Antonio Rotolo | John Lithgow | Catharina Felser | Marino Franchitti | Július Satinský | Bernhard Bötel | Music City Queen | Al Pacino on stage and screen | Katherine Kath | Jackie Lou Blanco | Alma Pirata | Bruno Kirby | Calcedonio Di Pisa | Domenico Scarlatti,1,1,1.0,0,0,0.0,0.5,0.5,0.5,1.0,1.0
dense,pooled,5a7e7ed05542991319bc94c2,comparison,hard,"Which magazine is older, Gallery or Dime Magazine?",Dime Magazine | Gallery (magazine),Gallery (magazine) | Dime Magazine | The Little Review Gallery | Jessica Todd Harper | Vanguard (magazine) | Dime novel | Rolling Stone | Snoecks | List of magazines in Portugal | List of magazines in Malaysia | Terry Richardson | C24 Gallery | Customer magazine | Index Magazine | Linda Duvall | Lifestyle magazine | Pluck and Luck | Look (UK magazine) | Dim Gray Bar Press | Chrysalis (magazine) | List of magazines in Austria | Medici Vase | Maureen Dragone | Penske Media Corporation | Science Fantasy (magazine) | Scout Tufankjian | The Roald Dahl Treasury | The Best of Roald Dahl | 2011 Pulitzer Prize | The Twenty-fifth Anniversary Anthology | Hänt Bild | Cardinal Health | Christianity Today | Nancy Spungen | Shonen Jump (magazine) | M Music &amp; Musicians | Nancy K. Pearson | Mariette Leslie Cotton | The Memory of Our People | Dzvinia Orlowsky | Tysons Galleria | Madonna (book) | British Journal | Digital Media Factory | Random House Tower | Piccard Balloons | Villard (imprint) | National Lampoon 1964 High School Yearbook Parody | Lady Gaga x Terry Richardson | Young adult fiction,1,1,1.0,1,1,1.0,1.0,1.0,1.0,1.0,1.0
dense,pooled,5abf44025542993fe9a41def,comparison,hard,which writer has the highest number of skill  Langston Hughes or  Ian McEwan,Ian McEwan | Langston Hughes,"Langston Hughes | Langston Hughes Society | Langston Hughes Medal | Ian McEwan | Langston Hughes House | I, Too (Langston Hughes poem) | Langston Hughes Performing Arts Center | Roald Dahl | Henry Roth | Joseph McGrath (film director) | Eric Ambler | Winfred Blevins | Hugh Gallagher (humorist) | Richard Marsh (author) | John Lithgow | Clinton Walker | C. Hugh Holman | Kurt Vonnegut | John Waters | J. G. Farrell | Arild Nyquist | The Great Gilly Hopkins | Hunter Davies | Mihai Mălaimare Jr. | Stewart Stern | Adriana Trigiani | Virginia Woolf | Michael Atkinson | Richard Ford | Marcus Bontempelli | The Roald Dahl Treasury | Nebula Award for Best Novel | Melissa Fay Greene | Maurice Walsh | A Few Best Men | Alistair Grant | Alfred Balk | Nancy K. Pearson | Ghulam Nabi Firaq | Andre Norton Award | Joshua Parlby | John Fogerty (engineer) | The Best of Roald Dahl | Judith Ortiz Cofer | The Lord of the Rings | Robert Earl Jones | Wendell Berry | C. V. Balakrishnan | Irish prose fiction | James Roland MacLaren",1,1,1.0,0,1,1.0,0.5,1.0,1.0,1.0,1.0
dense,pooled,5ab531cc5542990594ba9d23,bridge,hard,How large is the shopping mall where KGOT radio station has its studios ?,Dimond Center | KGOT,"Park City Center | KGOT | Kentucky Oaks Mall | Pavilion Mall | Dimond Center | Tysons Galleria | Eastland Mall (Charlotte, North Carolina) | The Crossings at Northwest | Mall of Georgia | Pierre Bossier Mall | Citadel Mall | Mall of New Hampshire | Original Outlet Mall | Bedok Mall | Walt Whitman Shops | Gwangjang Market | ABQ Uptown | Gum Wall | Rolling Acres Mall | Kripalu Center | Karcher Mall | Chatta Bazaar | KOKO-FM | SM City Cebu | CapitaGreen | One Marina Boulevard | Tower City station | ViaPort Florida | Oleson Park Music Pavilion | Raffles Place MRT Station | Springfield Park (Wigan) | Exchange Ilford | Digital Media Factory | Chevron House | Fire Radio | One Raffles Link | Cobb Galleria Centre | Birchwood Mall | Truman Sports Complex | Concord Pavilion | Circus Circus Las Vegas | Svartisen Hydroelectric Power Station | Viaport Rotterdam | Pinewood Studios | Superman: Tower of Power | Sima Hydroelectric Power Station | Shawnee Mission District Stadium | Eastern Hills Mall | Marietta Air Force Station | Random House Tower",1,1,1.0,0,1,1.0,0.5,1.0,1.0,0.5,0.5
dense,pooled,5a90605d5542995651fb514d,bridge,hard,What are the names of the members of the Detroit-based hip hop duo who has worked with Jason Gilbert?,Bad Meets Evil | Jason Gilbert,Jason Gilbert | Stacey Kent | Even Steven Levee | Mike Smith (A&amp;R man) | Hall &amp; Oates | The People (Common song) | 'Tis Autumn | American Blues | Frank Beard (musician) | Bizarre (rapper) | Mark Arm | The Bailey Brothers and the Happy Valley Boys | Supagroup | Madtown | The Muggs | Aurelio Valle | Uptown 3000 | Hanna–McEuen | Pamela Gilbert | Bob Seger | Anthony Rossomando | Tom Morello discography | Daryl Hall | Bad News (band) | List of Canned Heat members | Mona Scott-Young | Chris Robinson Brotherhood | Danny Jones | Steeltown (band) | Harry Connick Jr. | Raz-B | Cheech Marin | Carolina Rain | Chris Hanzsek | Vance Powell | Hip Hop Since 1978 | John Fogerty | ATL (film) | Alie Ward | Carl Barât | Family Reunion (Saliva song) | SuperMansion | Jonathan Wolfson | Brad Alexander | Meek Mill | Chris Funk | Imajin | ♯JusticeForFlint | Bradley Gaskin | Platinum Pied Pipers,1,1,1.0,0,0,0.0,0.5,0.5,0.5,1.0,1.0
dense,pooled,5ac45b58554299076e296dad,comparison,hard,"Which has the larger population, Shanghai or Hanggin Rear Banner?",Hanggin Rear Banner | Shanghai,"Hanggin Rear Banner | Urad Rear Banner | Chahar Right Rear Banner | Shanghai | Horqin Left Rear Banner | Shuangmiao, Inner Mongolia | Chinese Australians | Shanghai Grand Theatre | Yingkou | 2011 Inner Mongolia unrest | Dazhou | Kunming | Bank of China Tower (Hong Kong) | Dafeng District | One Raffles Place | G5511 Jining–Arun Expressway | Roman Catholic Diocese of Yingkou | Sinopieris | Ordos City | Bu Xiaolin | Gwangjang Market | Jeonju Hanok Village | Demography of Greater Manchester | Ashanti Region | Gulangyu | Todai (restaurant) | CapitaGreen | Yunnan Provincial Museum | Rabat | Dali–Ruili Railway | Tinghu District | Sinuiju Special Administrative Region | Zhu Xun | Yingkou East Railway Station | Dalian Zhoushuizi International Airport | Altanochir (1882–1949) | List of TVXQ concert tours | Tongcheng Subdistrict, Fuding | Wolong Special Administrative Region | Urbanisation in India | Yingkou Lanqi Airport | Dian Lake | Xiapu County | Chatta Bazaar | Cho Kyuhyun | Goonellabah, New South Wales | Crataegus pinnatifida | Sinocyclocheilus | Kunming Museum | Gorontalo",1,1,1.0,0,1,1.0,0.5,1.0,1.0,1.0,1.0
dense,pooled,5a8eb4d65542990e94052b82,bridge,hard,"Jacques Mathou starred in Delicatessen, the 1991 French movie in the style of which celebrated American animator?",Delicatessen (film) | Jacques Mathou,Jacques Mathou | Delicatessen (film) | Musée Henri-Mathieu | Marcel Trillat | Harley Jessup | Paris Awakens | David and Sandy Reynolds-Wasco | Linda Mvusi | David Weissman | James Franco | Jacques Androuet II du Cerceau | Kristof Konrad | Alias French Gertie | Hiroshima mon amour | Finishing School (1953 film) | Christopher Greenbury | Jean Baptiste Androuet du Cerceau | Charles Eldridge | Chris Marker | Salomon de Brosse | Alain Resnais | La Femme Musketeer | Enrico Casarosa | La Belle Américaine | Golden Globe Award for Best Animated Feature Film | Van Gogh (1991 film) | Cineriz | Adrian Molina | SuperMansion | Jacques Sernas | Balearic Caper | LaLee's Kin: The Legacy of Cotton | Marco Da Silva (dancer) | Rumen Petkov | Altair (film) | Life of Riley (2014 film) | Logan Lucky | Bubble (film) | Sherry Gunther | Muriel (film) | Oceans (film) | Semyon Aranovich | Brian Doyle-Murray | Latresne | Flight of the Innocent | Man of Steel (film) | Chris McKay | List of accolades received by La La Land | The Lego Batman Movie | True Lies,1,1,1.0,1,1,1.0,1.0,1.0,1.0,1.0,1.0
dense,pooled,5a8038b55542996402f6a485,bridge,hard,"Jacques Sernas, actor in Fugitive in Trieste, was of what nationality?",Fugitive in Trieste | Jacques Sernas,Jacques Sernas | Fugitive in Trieste | Kristof Konrad | Jump into Hell | Branko Tomović | Jacques Mathou | Július Satinský | Pietro Germi | Altair (film) | Alain Resnais | Farida Jalal | Chris Marker | Gaspare Spatuzza | Charles Hastings Judd | Alencier Ley Lopez | Last Action Hero | Luigi Rossi | David Dencik | Balearic Caper | Raimund Harmstorf | Farhaan Faasil | Michael Hjälm | Calcedonio Di Pisa | Serafino (film) | Jacques Androuet II du Cerceau | Salomon de Brosse | Henry III of France | Lionel Ngakane | French battleship Jean Bart (1911) | Duniya Vijay | Jon St. Andre | 2015 Rogers Cup – Women's Doubles | François Coli | Gösta Prüzelius | Krajmir | Semyon Aranovich | Suicide Kings | Eleonora Pedron | Antonio Rotolo | Henrik Dorsin | Karel Dežman | Sneha (actress) | Guido Caldarelli | Thomas Hylland Eriksen | Joseph LoPiccolo (organized crime) | Ashley Cheadle | Njan Steve Lopez | John Waters | Scott Sidney | Carlos Rendón Zipagauta,1,1,1.0,1,1,1.0,1.0,1.0,1.0,1.0,1.0
dense,pooled,5ab83d595542990e739ec886,bridge,hard,The VMAQT-1 logo is a female spirit in Irish mythology who heralds the death of what?,Banshee | VMAQT-1,"Banshee | VMAQT-1 | Fomorians | Norse mythology | Irish Fairy Tales | Al Basty | Vídbláin | Sága and Sökkvabekkr | Nanna (Norse deity) | Fulla | Shayne Workman | Sea nymph | Official Ireland | Gná and Hófvarpnir | Irish Thoracic Society | Ancient Order of Hibernians | Rusalka | Eir | Pramlocha | Hlín | Likhoradka | Seumas MacManus | Apsara (disambiguation) | The Greek Princess and the Young Gardener | Andlang | Irish prose fiction | Patrick Kennedy (folklorist) | Sinn Féin Republican Youth | History of Sinn Féin | Workers' Party of Ireland | The Magical Legend of the Leprechauns | Aonghus Mór | Eenasul Fateh | Our Casuarina Tree | German auxiliary cruiser Widder | Fensalir | V. V. Creations | The Voice of Ireland (series 4) | Lord of Islay | Jack and His Comrades | Aiken Drum | Sinn Féin Front Bench | Irish Bulletin | Training centre for release of the Atma-energy | Aye, and Gomorrah, and other stories | Donegal Celtic F.C. | Spirit Halloween | Leader of Sinn Féin | List of Death in Paradise episodes | Battle of Glendale (Skye)",1,1,1.0,1,1,1.0,1.0,1.0,1.0,1.0,1.0
dense,pooled,5ae0d52e554299603e418469,bridge,hard,"The actress that played the leading role in the independent film ""A Perfect Ending"" also stars with John Bregar in a 2008 film directed by who?",Barbara Niven | Dead at 17,Barbara Niven | End of Watch | Finishing School (1953 film) | End of Days (film) | End of the Road (1970 film) | Last Year at Marienbad | Ashley Cheadle | The Whole Nine Yards (film) | CrissCross | John Ince (actor) | Sara Botsford | Kerr Smith | True Lies | Katherine Waterston | Mera Damad | Siobhan Finneran | Claudia Drake | Matilda Lutz | Romeo + Juliet | Patricia Longo | Estelle Hemsley | Ed Wood (film) | Enrique Carreras | Out in Fifty | Ellie Kemper | The Prince &amp; Me 2: The Royal Wedding | Adam Collis | Araby Lockhart | Frank McDonald (director) | Agee (film) | John Waters | Ava DuVernay | The Prince and Me | Just Another Romantic Wrestling Comedy | Dayna Hart | Innerspace | Jessica Rothe | Sarah Drew | Broken Arrow (1950 film) | Romeo and Juliet on screen | Happy Death Day | David Ayer | James Franco | You Me and Captain Longbridge | Scott Sidney | Flight of the Innocent | Lea Thompson | Emily Jewell | James Dean | Dicen que soy mujeriego,1,1,1.0,0,0,0.0,0.5,0.5,0.5,1.0,1.0
dense,pooled,5a8f9b8c5542997ba9cb32e6,comparison,hard,"Which band is from England, Fireflight or Dirty Pretty Things?",Dirty Pretty Things (band) | Fireflight,"Dirty Pretty Things (band) | Carl Barât | Fireflight | Bang Bang You're Dead (song) | Deadwood (song) | Mirage (Digitalism album) | Anthony Rossomando | Cool from the Wire | Bad News (band) | Au Pairs (band) | Darkthrone | The Saturdays | Adam and the Ants | Skin Yard | Vanda &amp; Young | Johanna Bennett | The Smalls | The Suicide File | The Flowers of Romance (band) | Hellogoodbye | When People Grow, People Go | Levolution (album) | Goo Goo Dolls | Test Icicles | Rise Above (Dirty Projectors album) | Compilation (The Clean album) | The Young Ones (TV series) | Tom Rothrock | Slash's Blues Ball | Liquid Acrobat as Regards the Air | Operation Mojo | Wondering (Dirty Pretty Things song) | Dev Hynes | Ostava | The Naked Brothers Band: Music from the Movie | The Joys of Living 2008–2010 | Oh, No! Not THEM! | B2K | Truly | Mark Arm | Join Hands | The Naked Brothers Band (album) | Hanna–McEuen | Wolf Alice | Nat and Alex Wolff | Steeltown (band) | Wool on Wolves | Cat Butt | Hall &amp; Oates | Jane Vain and the Dark Matter",1,1,1.0,0,1,1.0,0.5,1.0,1.0,1.0,1.0
dense,pooled,5ae75a4c5542997b22f6a6f1,bridge,hard,"The Bart the Fink episode of The Simpsons aired in February of 1996, and involves the host of which kiddie show?",Bart the Fink | Krusty the Clown,Bart the Fink | Bart to the Future | Bart Gets Hit by a Car | Krusty the Clown | Santa's Little Helper | Postcards from the Wedge | The Itchy &amp; Scratchy Show | Do the Bartman | Patty and Selma | Grampa Simpson | Good Night (The Simpsons short) | Ned Flanders | The Telltale Head | Homer to the Max | Dan Castellaneta | Brother from Another Series | Rick and Morty (season 2) | A Rickle in Time | Joey Miyashima | It's Always Sunny in Philadelphia (season 6) | Meeseeks and Destroy | The Ricks Must Be Crazy | Meet Corliss Archer | House Rules (2003 TV series) | Pilot (Rick and Morty) | New Scandinavian Cooking | Lawnmower Dog | The Sarah Millican Television Programme | Kang and Kodos | Web Weirdos | 2003 Kids' Choice Awards | Rixty Minutes | A Day with Doodles | Jimmy Bartel | Dog Tales (1958 film) | The Farm (The Office) | Rewrapped | Sherry Gunther | Meet Corliss Archer (TV series) | The Joe Schmo Show | What Are Little Girls Made Of? | Avatar: The Last Airbender (season 1) | Brian A. Miller | Rick Potion No. 9 | Donald Trump (Last Week Tonight) | Hamish and Andy's Gap Year | Aaron Faulls | Jonathan Meath | List of Johnny Bravo episodes | Rodel Flordeliz,1,1,1.0,0,1,1.0,0.5,1.0,1.0,1.0,1.0
dense,pooled,5ab45a0b5542991779162c7e,bridge,hard,"Which mall, Wilton Mall or Viaport Rotterdam, has had more owners?",Viaport Rotterdam | Wilton Mall,"Viaport Rotterdam | Wilton Mall | Mall of New Hampshire | Park City Center | The Crossings at Northwest | ViaPort Florida | Walt Whitman Shops | Kentucky Oaks Mall | Pavilion Mall | Wilton, Maine | Karcher Mall | Dimond Center | Exchange Ilford | Original Outlet Mall | Pierre Bossier Mall | Citadel Mall | Saratoga Mall | Halloween Adventure | Birchwood Mall | Opry Mills | SM City Cebu | Rolling Acres Mall | Eastland Mall (Charlotte, North Carolina) | Tesco Extra | Mall of Georgia | Brico Dépôt | Euromarché | Pergament Home Centers | Carrefour | Tysons Galleria | RetailMeNot | Spencer Gifts | John A. Brown (department store) | Bedok Mall | Poughkeepsie Galleria | Lewis's | Warehouse store | Circus Circus Las Vegas | Darling's Waterfront Pavilion | Walt Disney World Dolphin | Palm Meadows Thoroughbred Training Center | Santa's Workshop (Colorado) | One Raffles Link | Governor's House, Knutsford | Manischewitz | Arcos Dorados Holdings | SavaCentre | Lowe's | Hubert Wilton | Koningsdag",1,1,1.0,1,1,1.0,1.0,1.0,1.0,1.0,1.0
dense,pooled,5a8b452655429971feec468e,bridge,hard,Which close friend of an American former basketball player was signed for to play for the Timberwolves?,2000–01 Minnesota Timberwolves season | Kevin Garnett,2000–01 Minnesota Timberwolves season | Larry Friend | Muggsy Bogues | Kevin Garnett | Curt Smith (basketball) | Ricky Rubio | Tyler Kalinoski | Charles Teague (baseball) | Von McDade | Presley Askew | 1992–93 Charlotte Hornets season | Jerry Lucas | Richie Garner | Mike Edwards (basketball) | 1999 Kansas City Wizards season | Charlotte Hornets draft history | Anthony Avent | Delray Brooks | Ayana Walker | All-time Sporting Kansas City roster | Rick Clausen | 2008 Kansas City Wizards season | Eduardo Portela | History of the Minnesota Twins | Mouse Davis | 2014–15 Charlotte Hornets season | Memphis Hustle | List of Texas Tech Lady Raiders in the WNBA Draft | Philadelphia Baseball Wall of Fame | 2003 WNBA season | David Masur | Adam Thielen | Wayne Garland | Kevin Lockett | List of Charlotte Hornets seasons | Ivory Lee Brown | Anthony Woodson | History of the Washington Senators (1901–60) | James Blackmon Sr. | Jack Fox (baseball) | 2006 Miami Hurricanes football team | Hall &amp; Oates | Umar Akmal | Reggie Witherspoon (basketball) | J. J. Syvrud | 1997 Kansas City Wizards season | Dick Kauffman | Keith Bostic (American football) | LaRon Landry | Charlotte Hornets,1,1,1.0,0,1,1.0,0.5,1.0,1.0,1.0,1.0
dense,pooled,5a8d7b1755429941ae14dfc6,bridge,hard,What is the 2010 population of the city 2.1 miles southwest of Marietta Air Force Station?,"Marietta Air Force Station | Smyrna, Georgia","Marietta Air Force Station | Eldorado Air Force Station | 514th Flight Test Squadron | Topsham Air Force Station | 415th Flight Test Flight | 413th Flight Test Squadron | 419th Flight Test Squadron | Ellenbrook, Western Australia | 302d Air Division | 370th Flight Test Squadron | RAF Warmwell | 122d Fighter Squadron | One Marina Boulevard | Jaluit Atoll | RAF Cottesmore | 339th Flight Test Squadron | 122nd Fighter Aviation Squadron | Raleigh Executive Jetport | 10th Flight Test Squadron | Rabat | Hill Air Force Base | Republic Plaza (Singapore) | Parma Airport | Coimbatore International Airport | Logan International Airport | 122nd Hydroplane Liaison Squadron | Strasbourg | Newark, New Jersey | VMF-452 | Camp Pedricktown radar station | Bayuquan Railway Station | Hanggin Rear Banner | 410th Bombardment Squadron | VMF-215 | Tower City station | Grantley Adams International Airport | Sabaa Al Bour | Charlotte Douglas International Airport | VMF-511 | Goonellabah, New South Wales | John Glenn Columbus International Airport | Dalian Zhoushuizi International Airport | Millington, Tennessee | Pakistan Air Force | Yingkou Lanqi Airport | Pitt Meadows Airport | USS Belleau Wood (CVL-24) | Bhadrabas | Kripalu Center | Alstonville, New South Wales",1,1,1.0,0,0,0.0,0.5,0.5,0.5,1.0,1.0
dense,pooled,5ab6f0c25542995eadef00ea,comparison,hard,Are Buried Country and South of the Border both films turned into stage performances?,Buried Country | South of the Border (2009 film),Buried Country | List of accolades received by La La Land | In Country | South of the Border (2009 film) | 12th Youth in Film Awards | La La Land (soundtrack) | Chagrin Documentary Film Festival | R-Point | Kishore Dang | Sunset Las Palmas Studios | La Femme Musketeer | Dead at 17 | London International Documentary Festival | Los Cabos International Film Festival | Docville | Filming of James Bond in the 1990s | Deadfall (1993 film) | The War Is Over (film) | Paranormal Activity: The Marked Ones | Hollywood Outlaw Movie | FreedomFilmFest | The New Lot | Peter Hall (director) | Jump into Hell | Las Vegas Festival Grounds | Planet Terror | 1920 (film series) | The Great Movie Ride | Sunil Rawal | Big Stone Gap (film) | Drum Beat | Drama Desk Award for Outstanding Director | Tulu cinema | Academy Award for Best Film Editing | Paris Awakens | South of 8 | New Haven Documentary Film Festival | Nagesh Bhonsle | 500 Years Later | All Ages: The Boston Hardcore Film | The Current War | 9 to 5 (musical) | Motherland (2010 film) | Ako Mitchell | Piano Girl | Stark Electric Jesus | Ashley Cheadle | Take 21 | Rich Lee | Enrique Carreras,1,1,1.0,0,1,1.0,0.5,1.0,1.0,1.0,1.0
dense,pooled,5ab72a025542992aa3b8c7b8,comparison,hard,"""A Summer in the Cage"" and ""American Hardcore"" are both what kind of film?",A Summer in the Cage | American Hardcore (film),A Summer in the Cage | Wet Hot American Summer (series) | American Hardcore (film) | Planet Terror | Punk's Not Dead (2007 film) | All Ages: The Boston Hardcore Film | Time to Kill (1989 film) | Harsh Times | Just Another Romantic Wrestling Comedy | Gone in 60 Seconds (2000 film) | Combat Zone Wrestling | George Raft | Scouts Guide to the Zombie Apocalypse | Rings (2017 film) | The Deserter (1912 film) | David Ayer | In Country | 1920 (film series) | My Bloody Valentine 3D | Paranormal Activity: The Marked Ones | Robin Hood (2018 film) | Buddy film | Parody film | The Petrified Forest | South of 8 | Savage Weekend | Season of the Witch (2011 film) | Jump into Hell | Devil in the Flesh (1998 film) | Rough Shoot | One Night in Istanbul | Manson (film) | Julián Hernández (filmmaker) | 1920 (film) | Kishore Dang | Murder of Grace Brown | The General (1926 film) | La Belle Américaine | Hellfest (American music festival) | FreedomFilmFest | Brandon Dickerson | Spin Out (2016 film) | Aquaman (film) | Fatal Games | Awake (film) | Suicide Squad (film) | Life of Riley (2014 film) | Ashley Cheadle | Toys in the Attic (2009 film) | Gimme Shelter (1970 film),1,1,1.0,0,1,1.0,0.5,1.0,1.0,1.0,1.0
dense,pooled,5ade42b55542992fa25da717,bridge,hard,How many novels are there in the series of novels of which Shadows in Flight is the tenth novel ?,Ender's Game (series) | Shadows in Flight,Shadows in Flight | Merlin Book 10: Shadows on the Stars | Shadowshaper | Shadow War | Andy Straka | Walter Sorrells | Clear Skies! | Persistence of Memory | Dark Passage (film) | Roald Dahl | J. G. Farrell | W. F. Morris | The Diamond Chariot | Victoria Hanley | Kurt Vonnegut | Tom Clancy's Net Force Explorers: Deathworld | Tom Clancy's Net Force Explorers: High Wire | Tom Clancy's Net Force Explorers: Duel Identity | Tom Clancy's Net Force Explorers: Death Match | Tom Clancy's Net Force Explorers: Gameprey | Frostbite (Mead novel) | Flyboys (film) | Mai Al-Nakib | Rosario + Vampire | He Who Whispers | The Divide trilogy | Dime novel | Sheep (novel) | The Sum of All Fears | Castle Richmond | Ender's Game (series) | List of Square Enix companion books | Irish Fairy Tales | The Adventure of the Empty House | Vacuum Diagrams | Sinister (film) | Nisekoi | 11 Harrowhouse | Vampire Academy | Nebula Award for Best Novel | Three Comrades (novel) | Eric Ambler | The Mask of Dimitrios | 4 a.m. (novel) | Irish prose fiction | Young adult fiction | Animorphs | Pluck and Luck | The Twenty-fifth Anniversary Anthology | Richard Marsh (author),1,1,1.0,0,0,0.0,0.5,0.5,0.5,1.0,1.0
dense,pooled,5ae4c2b95542995dadf243ef,bridge,hard,One of the coaches of Southern Methodist University also played what role at the Arizona State Sun Devils?,Phil Bennett (American football) | SMU Mustangs football under Mike Cavan,1955 Arizona State Sun Devils football team | 1954 Arizona State Sun Devils football team | 1961 Arizona State Sun Devils football team | 1951 Arizona State Sun Devils football team | 1952 Arizona State Sun Devils football team | 1958 Arizona State Sun Devils football team | 1956 Arizona State Sun Devils football team | Arizona State Sun Devils football | Phil Bennett (American football) | SMU Mustangs football under Mike Cavan | 2006 Miami Hurricanes football team | Casey Weldon | Weldon Drew | Mouse Davis | Jeff Horner | 1899 Tennessee Volunteers football team | Buzz Peterson | 1938 Tennessee Volunteers football team | Brian Knorr | Larry Coker | 2015–16 VCU Rams men's basketball team | 1995–96 VCU Rams men's basketball team | Randall Cunningham II | Presley Askew | 1964 Illinois Fighting Illini football team | Frank Martin (basketball) | Darnell Autry | 1891 Tennessee Volunteers football team | Delray Brooks | Maggie Dixon Award | Rick Clausen | 1984 Tennessee Volunteers football team | Curt Johnson (soccer) | Tennessee Volunteers football statistical leaders | Reggie Witherspoon (basketball) | 1985 Tennessee Volunteers football team | Portland State Vikings football under Jerry Glanville | 2012 Colorado Buffaloes football team | 1983 Tennessee Volunteers football team | 2008 Fiesta Bowl | Vernon Fox | Jerry Lucas | Mike Edwards (basketball) | Randall Cunningham | 1930 Tennessee Volunteers football team | 1943 NAIA Division I Men's Basketball Tournament | Georgia Tech Yellow Jackets men's basketball | 1956 NAIA Division I Men's Basketball Tournament | 2014–15 VCU Rams men's basketball team | Richard Jacob,0,0,1.0,0,0,1.0,0.0,0.0,1.0,0.1111111111111111,0.1111111111111111
dense,pooled,5abf10b75542997719eab659,bridge,hard,What is the height of the player who won the 2015 AFL Rising Star award?,2015 AFL Rising Star | Jesse Hogan,2015 AFL Rising Star | AFL Rising Star | Jesse Hogan | 2015 Brownlow Medal | 2014 Brownlow Medal | Stephen Coniglio | Clayton Oliver | 2005 Brownlow Medal | 2007 Brownlow Medal | 2006 Brownlow Medal | Ibrahim Tall | 1995 Brownlow Medal | 1993 Brownlow Medal | 2011 Brownlow Medal | Jimmy Bartel | Daniel Talia | Marcus Bontempelli | Kevin Sheehan | Reds Bagnell | Calvin Tyler Scott | Lewis Young (Australian footballer) | Nick Holland | Alan Cransberg | Bill Freehan | Ricky Proehl | Curtis Glencross | Lawrence Austin | Brian Cook (football administrator) | Al Wilson (offensive lineman) | Ashley Young | Kurt Burris | Barton Lynch | Ryan Johansen | Frank Thomas (designated hitter) | 1976 Brownlow Medal | Donald Duffy | Nick Eddy | Ernest Foot | Jack Truelove | Scott Young (American football) | Michael Hjälm | Keith Bostic (American football) | BAFTA Rising Star Award | Anthony Woodson | Travis Richards | Pelé | Jeff Malcolm | Dick Kauffman | Darnell Autry | Jerry Lucas,1,1,1.0,0,1,1.0,0.5,1.0,1.0,1.0,1.0
dense,pooled,5add564a5542990dbb2f7e38,bridge,hard,Las Vegas Festival Grounds is north of the hotel that is owned by which company?,Circus Circus Las Vegas | Las Vegas Festival Grounds,"Las Vegas Festival Grounds | Flamingo Las Vegas | Circus Circus Las Vegas | Westgate Las Vegas Resort &amp; Casino | Downtown Las Vegas | Trump International Hotel Las Vegas | Air Vegas | Tropicana – Las Vegas Boulevard intersection | Sports in the Las Vegas metropolitan area | Rock in Rio USA | Sunset Las Palmas Studios | Summerlin, Nevada | ABQ Uptown | Holiday Inn Lake Buena Vista Downtown | Walt Disney World Dolphin | Vodafone Events Centre | Halloween Adventure | Concord Pavilion | VIP's | Theater Erfurt | Hellfest (American music festival) | Los Cabos International Film Festival | Faith Lutheran Middle School &amp; High School | DoubleTree by Hilton Hotel Los Angeles Downtown | Shanghai Grand Theatre | Casino, New South Wales | New York Life Building | Wisconsin Center | Best Western Lake Buena Vista Resort Hotel | The Surreal Life: Fame Games | One Marina Boulevard | 2010 Ms. Olympia | Palm Meadows Thoroughbred Training Center | 2011 Ms. Olympia | Bishop Manogue High School | Bishop Gorman High School | Tysons Corner Center | Boots and Hearts Music Festival | 2012 Ms. Olympia | Nevada Union High School | Doc NYC | Santa's Workshop (Colorado) | Chevron House | Festival Puccini | Wilton Mall | Hammerjack's | London International Documentary Festival | Longhorn Ballroom | The Forbury Hotel | Up Your Alley Fair",1,1,1.0,0,1,1.0,0.5,1.0,1.0,1.0,1.0
dense,pooled,5a738225554299623ed4abc3,comparison,hard,"Which musical fantasy film is older, Bedknobs and Broomsticks or The Muppet Christmas Carol?",Bedknobs and Broomsticks | The Muppet Christmas Carol,The Muppet Christmas Carol | List of The Muppets productions | Bedknobs and Broomsticks | The Age of Not Believing | A Christmas Story: The Musical | Gonzo (Muppet) | Santa Claus: The Movie | The Year Without a Santa Claus | Lights of Old Santa Fe | Rizzo the Rat | Bill Barretta | The Fairies | The Sword in the Stone (film) | Santa Claus in film | Peter Pan (1953 film) | A Christmas Carol | The Year Without a Santa Claus (2006 film) | Plush (film) | Hank Zipzer's Christmas Catastrophe | A Miser Brothers' Christmas | The Magical Legend of the Leprechauns | La Femme Musketeer | E. J. Carroll | Frozen Fever | Charles Eldridge | Snow White: The Fairest of Them All | Mary Poppins (film) | Drama Desk Award for Outstanding Director | Barbie and the Secret Door | Filthy Rich &amp; Catflap | Mabel Greer's Toyshop | The House That Jack Built (1967 film) | Sam Eagle | Toys in the Attic (2009 film) | Dog Tales (1958 film) | Roland Rat | Winnie the Pooh and the Blustery Day | The Boatniks | Laura Osnes | Lady and the Tramp | Home on the Range (2004 film) | Parody film | My Pal Trigger | Jonathan Meath | 9 to 5 (musical) | Mary Poppins (song) | Grease: The New Broadway Cast Recording | List of Walt Disney Pictures films | Santa's Workshop (Colorado) | Step in Time,1,1,1.0,0,1,1.0,0.5,1.0,1.0,1.0,1.0
dense,pooled,5a729e7b5542992359bc313d,bridge,hard,"Which river system in Chilhowie, Virginia was the starting place for most Longhunters?",Holston River | Longhunter,"Longhunter | Sligo Creek | Northern Virginia Campaign | 1st Virginia Regiment | Cow Creek (Montana) | Darling River | Leda (river) | East Branch South Fork Eel River | Interstate 81 in Virginia | 7th Virginia Regiment | 12th Virginia Regiment | Red Rock River (Montana) | Battle of Gaines's Mill | Thái Bình river system | Lake District Mysteries | Frenchmans Creek (New South Wales) | Pearl River (China) | Interstate 85 in Virginia | Cromwell's Run Rural Historic District | Umba River (Tanzania) | Cotter River System | 5th Virginia Regiment | Scott's Run Nature Preserve | Greater Newport Rural Historic District | Blackback barb | Codornices Creek | 9th Virginia Regiment | Register Cliff | Paulus Hook, Jersey City | Battle of Port Republic | Red River system | Tomichi Creek | 1st Virginia State Regiment | Jemez River | Eastern freshwater cod | Holston River | San Francisco Bay Area Water Trail | 4th Virginia Regiment | Wollongbar, New South Wales | Collins Ferry Historic District | 3rd Virginia Regiment | Higgins Lake | Leer | Southaven, Mississippi | Richmond Valley Council | Breakneck Brook | Operation Market Time | Dune Dam | Grahamstown Dam | Savage's Station, Virginia",1,1,1.0,0,0,0.0,0.5,0.5,0.5,1.0,1.0
dense,pooled,5a811152554299260e20a22e,bridge,hard,What party does the House of Commons representative for Congleton belong to?,Congleton (UK Parliament constituency) | Fiona Bruce (politician),"Congleton (UK Parliament constituency) | Fiona Bruce (politician) | Richard Torbay | Bronwyn Bishop | Dean of the House (Canada) | Prosper Boulanger | Canadian federal election, 1926 | Dorset County Council election, 2013 | Viscount Trenchard | Jean-Marie Boisvert | Bob Debus | Michael Atkinson | Carol Martin | Robert Gascoyne-Cecil, 3rd Marquess of Salisbury | Australian federal election, 1972 | Philip Ruddock | Steven Bradford | Jon Bramnick | Kathy Sullivan (Australian politician) | Peter Blacker | Glasgow North East by-election, 2009 | Simon Coveney | Hatton baronets | Nesting (voting districts) | Humberside | Lord Haliburton of Dirleton | Steven D. Smith | John Home Robertson | Poole Methodist Church | United Bermuda Party | Gerry Adams | Dukenfield Hall | Governor's House, Knutsford | Hume–Adams dialogue | Chris Van Hollen | United Kingdom local elections, 2013 | Westminster School, Adelaide | Great Hall of the People | Jeff Hoover | Les Irwin | Dirleton | Leader of Fine Gael | 80th United States Congress | Timofey Samsonov | Sinn Féin Front Bench | Mehmet Tillem | Roslyn Dundas | Gerry Marsden | Baron de Mauley | Dirleton Kirk",1,1,1.0,1,1,1.0,1.0,1.0,1.0,1.0,1.0
dense,pooled,5adddd075542992200553b71,bridge,hard,Season 2 of Rick and Morty began with the episode directed by whom?,A Rickle in Time | Rick and Morty (season 2),Rick and Morty (season 2) | A Rickle in Time | The Ricks Must Be Crazy | Pilot (Rick and Morty) | Rixty Minutes | Meeseeks and Destroy | Rick Potion No. 9 | Lawnmower Dog | Avatar: The Last Airbender (season 2) | Bart to the Future | Bart Gets Hit by a Car | Postcards from the Wedge | Bart the Fink | The Joe Schmo Show | Web Weirdos | Switched at Birth (season 2) | The Itchy &amp; Scratchy Show | Avatar: The Last Airbender (season 1) | Gangland Undercover | Redemption (Stargate SG-1) | Switched at Birth (season 3) | Episode 8 (Twin Peaks) | The Telltale Head | The Premiere (film) | List of Switched at Birth episodes | Good Night (The Simpsons short) | Garfield Gets Real | List of The Joe Schmo Show episodes | Swedish Dicks | It's Always Sunny in Philadelphia (season 6) | List of Johnny Bravo episodes | Live from Daryl's House | Mystery Girl (film) | Murder City (TV series) | Breaking Bad | Switched at Birth (season 4) | The Fear Merchants | List of Avatar: The Last Airbender episodes | Evicted! | Andy's Ancestry | Patty and Selma | David Mirkin | Brian A. Miller | List of Romeo × Juliet episodes | Hamish and Andy's Gap Year | My Family (series 1) | The Spiderwick Chronicles (film) | House Rules (2003 TV series) | Moving On (The Office) | The Sarah Millican Television Programme,1,1,1.0,1,1,1.0,1.0,1.0,1.0,1.0,1.0
dense,pooled,5ade9545554299728e26c740,bridge,hard,What team did the recipient of the 2007 Brownlow Medal play for?,2007 Brownlow Medal | Jimmy Bartel,2007 Brownlow Medal | 2006 Brownlow Medal | 2005 Brownlow Medal | 2015 Brownlow Medal | 1993 Brownlow Medal | 2011 Brownlow Medal | 1995 Brownlow Medal | 1976 Brownlow Medal | 2014 Brownlow Medal | Jonathan Toews | James Blackmon Sr. | Muggsy Bogues | 60th National Hockey League All-Star Game | Keith Bostic (American football) | Michael Hjälm | Stephen Coniglio | Kavita Tungar | List of NBL Canada All-Stars | AFL Rising Star | Brian MacLaren | John MacGregor (VC) | Ivory Lee Brown | 2008 Summer Olympics | 2007 Memorial Cup | 2008 Kansas City Wizards season | Gerald Reive | Kent County Cricket Club in 2011 | Dave Bailey (athlete) | Kent County Cricket Club in 2013 | 2000 ICC KnockOut Trophy | 2009 Virginia Cavaliers football team | 1982 US Open – Mixed Doubles | 1956 NAIA Division I Men's Basketball Tournament | Maggie Dixon Award | Harry Prowell | Kasper Hvidt | Tyler Kalinoski | Kent County Cricket Club in 2010 | Falkland Islands at the 2014 Commonwealth Games | Marc Parenteau | 2013 East Africa Premier League | 57th National Hockey League All-Star Game | Travis Richards | Ryan Johansen | 2010 Commonwealth Games medal table | Curtis Glencross | 2009 Colorado Buffaloes football team | 1988 Volvo International – Doubles | Jack Truelove | Wayne Parnell,1,1,1.0,0,0,0.0,0.5,0.5,0.5,1.0,1.0
dense,pooled,5ab25004554299722f9b4cd7,comparison,hard,Were both the Battle of Stones River and the Battle of the Ch'ongch'on River fought in the 19th century?,Battle of Stones River | Battle of the Ch'ongch'on River,Battle of Stones River | Battle of the Ch'ongch'on River | Battle of Gaines's Mill | Seven Days Union order of battle | Battle of Port Republic | Seven Days Confederate order of battle | Battle of Malvern Hill | Battle of Berestechko | History of the Kansas City metropolitan area | Battle of Great Bridge | Battle of Cross Keys | Battle of the Burbia River | Battle of Klushino | Military history of Mexico | Battle of Belleau Wood | Battle of Glendale (Skye) | Dune Dam | Seven Days Battles | Battle of Peleliu | Battle of Stamford Bridge | Red Rock River (Montana) | Battle of Aspromonte | Battle of Adwa | Battle of Blue Licks | Battle of Norfolk | Siege of Bharatpur (1805) | Battle of Tippecanoe | Battle of Clitheroe | Pearl River (China) | Joseph L. Follett | Battle of Fallen Timbers | Battle of Romanovka | Siege of Bharatpur | Battle of Yao (Japan) | Second Battle of Agordat | Tippecanoe order of battle | Battle of Manila (1574) | Battle of Jupiter Inlet | Crank Caverns | Battle of Alhandic | Bukhara operation (1920) | Russian Civil War | Shagai Plateau | Thái Bình river system | The Stones (TV series) | Northern Virginia Campaign | Battle of Silda | Thái Bình River | 12th Virginia Regiment | Solidago rupestris,1,1,1.0,1,1,1.0,1.0,1.0,1.0,1.0,1.0
dense,pooled,5ac1f4495542991316484bd2,comparison,hard,"Who has more scope of profession, Phil Rosen or  Delmer Daves?",Delmer Daves | Phil Rosen,Phil Rosen | Delmer Daves | Frank L. Schmidt | David C. Funder | Hyrum W. Smith | David H. Bailey | David Mirkin | David Urban | David Gold (talk radio host) | Harry Connick Jr. | Brian DelGrosso | Delray Brooks | David S. Touretzky | Keith Bostic | Everette James | Johnny Angel Wendell | Curt Johnson (soccer) | Penny (The Big Bang Theory) | Ricky Proehl | Claudio Fernández-Aráoz | Lee Terry | Thomas Shea | Phil Bennett (American football) | Brian Cook (football administrator) | Buzz Peterson | Curt Menefee | Vernon Fox | William Masters | David Kohan | Jeff Hephner | Brian Doyle-Murray | Steven Bradford | Michael Strahan | Doug Bollinger | Ralph Garman | Wendell Berry | Alec Muffett | Kendrick Frazier | Brian Knorr | Jason Byrne (comedian) | Brad Alexander | &quot;Q&quot; Is for Quarry | Roy Roman | Keith Bostic (American football) | Randall Cunningham | Barry Beyerstein | Phil Mitchell | Matt Kennedy Gould | Bob Debus | Larry Coker,1,1,1.0,1,1,1.0,1.0,1.0,1.0,1.0,1.0
dense,pooled,5ac0cf0f554299294b219018,comparison,hard,"Which band has more members, Test Icicles or X Ambassadors?",Test Icicles | X Ambassadors,Test Icicles | X Ambassadors | For Screening Purposes Only | Rory Attwell | Wolf Alice | Au Pairs (band) | Dev Hynes | List of TVXQ concert tours | Adam and the Ants | INXS | Faction Punk | Xtended Play Version 3.13 | Carl Barât | Believers Never Die Tour Part Deux | Join Hands | The Suicide File | American Beauty/American Psycho Tour | Circle. Square. Triangle | Chixdiggit | Aqua (band) | Chris Funk | Fireflight | Booty Luv | Letters to Cleo | Live World Tour: Catch Me in Seoul | For Against | X-Men: The Official Game | Bad News (band) | Liquid Acrobat as Regards the Air | Chris Robinson Brotherhood | The Flowers of Romance (band) | Even Steven Levee | Mike Smith (A&amp;R man) | The Saturdays | Cannonball (Skylar Grey song) | Peter Morén (drummer) | Volbeat | Vanessa White | No Promises (Icehouse song) | Kent Stax | Suffrajett | List of Canned Heat members | Crackers: The Christmas Party Album | Lady Antebellum | Slade | Extrema (band) | Teen Titans | Rainbow Girl | Supagroup | Something for the Rest of Us,1,1,1.0,1,1,1.0,1.0,1.0,1.0,1.0,1.0
dense,pooled,5ab3306a55429969a97a80fd,comparison,hard,The movies The Boatniks and The Great Locomotive Chase were both made by which production company?,The Boatniks | The Great Locomotive Chase,"The Boatniks | The Great Locomotive Chase | The General (1926 film) | The General (locomotive) | Rogers Locomotive and Machine Works | The Texas (locomotive) | The Yonah (locomotive) | Shipmates Forever | The Great Locomotive Chase Festival | Tracker (1987 film) | The Great Movie Ride | Henry P. Haney | Star Ship | Cornelia, Georgia | MS Excelsior Neptune | Destination Tokyo | Sanjay's Super Team | Charles Craft | Sons of the Pioneers (film) | New York Shipbuilding Corporation | Jeep Wagoneer (SJ) | The Revengers' Comedies | Innerspace | USS New Jersey (BB-62) | Volvo T6 | Cars 3 | Thrill of a Lifetime (film) | List of The Muppets productions | George Raft | Battle Beyond the Stars | Hans Jenisch | Trainmaster Command Control | Tromeo and Juliet | The Tragedy of Romeo and Juliet (film) | French battleship Jean Bart (1911) | Schizopolis | Richard A. Teague | Bubble (film) | Battle Beyond the Sun | Ferry Cross the Mersey | Girl Seeks Father | 1998 Toyota Grand Prix of Long Beach | Lourenço Mutarelli | John Waters | Dinosaur (film) | People Like Us (soundtrack) | Romeo and Juliet on screen | Night Ferry (composition) | Oregon and Transcontinental Company | Semyon Aranovich",1,1,1.0,1,1,1.0,1.0,1.0,1.0,1.0,1.0
dense,pooled,5ade0fb95542997545bbbe39,bridge,hard,How long is the river for which Frenchmans Creek is a tributary?,Darling River | Frenchmans Creek (New South Wales),"Frenchmans Creek (New South Wales) | Frenchmans Creek (California) | Sligo Creek | Darling River | Red Rock River (Montana) | Frenchman Formation | Leda (river) | Locks Creek | Jemez River | Tomichi Creek | Riverview, New Brunswick | Fishing Lake | Pearl River (China) | Kingsley Dam | East Branch South Fork Eel River | European route E47 | Lithia Springs Creek | Latresne | Muddy Creek Forks Historic District | Grahamstown Dam | Øresund Region | Musée Henri-Mathieu | Holston River | Cow Creek (Montana) | Zambezi River System Action Plan | Breakneck Brook | Cotter River System | Øresund | Crystal River Energy Complex | Sutliff Bridge | Strasbourg | Thái Bình river system | Muscogee language | Blackback barb | Higgins Lake | Bruxner Highway | Commanda Lake | Bratislava | Øresund Bridge | Red River system | Fen | Bedale | French Canadians | Zaječická hořká | Jacques Mathou | Codornices Creek | Bjarkøy Fixed Link | Freshwater (opera) | Jean Baptiste Androuet du Cerceau | Sichuan–Shanghai gas pipeline",1,1,1.0,0,1,1.0,0.5,1.0,1.0,1.0,1.0
dense,pooled,5ab78edc5542995dae37e95c,bridge,hard,Where is the school that Tyler Kalinoski went to located?,Olathe East High School | Tyler Kalinoski,"Tyler Kalinoski | Tyler School of Art | Tyler Consolidated High School | Oikos University shooting | Kapaun Mt. Carmel Catholic High School | Grennaskolan | Kwame Kilpatrick | Cho Kyuhyun | Rick Clausen | University of the Incarnate Word | James Blackmon Sr. | Ian Harland | Ronn Owens | Joseph LoPiccolo (organized crime) | Ferdi Taygan | Concho Indian Boarding School | Detroit mayoral election, 2009 | Kevin Lockett | Kenneth LaValle | Spalding Catholic High School | Harvest Time Christian Academy | East Haven High School | Monroe Catholic High School | John Ridge | Sean Connor | Sullivan East High School | Mentor High School | Michalis Bakakis | Grace Church School | Bishop Carroll Catholic High School | Staten Island Technical High School | Fremont School District 79 | Kon Kan | Finn Iunker | Princeton High School (Illinois) | Presley Askew | Olathe East High School | Bishop Gorman High School | Yanco Agricultural High School | Faith Lutheran High School | Bizarre (rapper) | The Boy Next Door (album) | Kertha Gosa Pavilion | Farhaan Faasil | Omodos | Chris Van Hollen | Finishing School (1953 film) | Rutgers University | Gerald R. Ford Presidential Library | Carmel High School (Mundelein, Illinois)",1,1,1.0,0,0,0.0,0.5,0.5,0.5,1.0,1.0
dense,pooled,5ac056385542997d64295a08,bridge,hard,Ambrose Mendy has managed and/or advised a British professional boxer that as of July 2017 is ranked the world's seventh best super middleweight by who?,Ambrose Mendy | Chris Eubank Jr.,Ambrose Mendy | Chris Eubank Jr. | Scott Dixon (boxer) | Luke Blackledge | Dean Francis | Lawrence Austin | Andre Thysse | Andrew Murray (Guyanese boxer) | Fatai Onikeke | Jeff Malcolm | Zab Judah | Julian Holland (boxer) | Henry Wharton (boxer) | Vince Phillips | Bunny Grant | Rod Carr | Jermain Mackey | Ralph Charles | Man Booker International Prize | International Boxing Federation | Guy Randall-Johnson | Brylan Van Artsdalen | Jamie Murray career statistics | Champ Bailey | Lewis Young (Australian footballer) | List of leading Thoroughbred racehorses | Jesse Hogan | John John Florence | Doug Bollinger | IFFHS World's Best Goalkeeper | 2009 World Thoroughbred Rankings | 2012 World Thoroughbred Rankings | Combat Zone Wrestling | 2011 World Thoroughbred Rankings | Julian Bolling | Leigh Broxham | Alex Ferguson | Ian McEwan | Natascha Ragosina | 2011 French Open – Women's Singles | Ernest Mangnall | 1982 U.S. Pro Indoor – Doubles | 2017 Mr. Olympia | Kasper Hvidt | Sam Davies (cricketer) | Lewis Young | Kent County Cricket Club in 2010 | 1983 Donnay Indoor Championships – Doubles | Kent County Cricket Club in 2013 | 2014 Brownlow Medal,1,1,1.0,1,1,1.0,1.0,1.0,1.0,1.0,1.0
dense,pooled,5aba9e2455429939ce03dd3a,bridge,hard,"Rejuvelac is kind of grain water invented and promoted by a ""holistic health"" practitioner born in which year ?",Ann Wigmore | Rejuvelac,Rejuvelac | Zaječická hořká | Holistic dentistry | Mickey Mehta | Susan Lark | Ann Wigmore | Sachin H. Jain | Sharon Gannon | Viktoras Kulvinskas | Dana Shires | Rewrapped | Vetigel | Antoine Quinquet | Phillips Distilling Company | Zurracapote | Vatroslav Rožić | Metandienone | Religious Technology Center | Kripalu Center | Cardinal Health | Light cavalerie vodka | Manischewitz | Tazweed Center | Steven K. Galson | Lush (company) | Stevanato Group | Wassail | Elizabeth Neilson | Leucopaxillus gentianeus | Maurice Ward | Wonder en is gheen Wonder | Sylvia Agnes Sophia Tait | Gibson (cocktail) | Annie Morton | Marsilea minuta | California Center for Public Health Advocacy | VELUX | Distal renal tubular acidosis | Health services research | Coral Gardens and Their Magic | Diana Zuckerman | Pharma Medica | Bitter electromagnet | Methyltestosterone | Tea Moderna (magazine) | CytoSport | Ratafia | Spellbound (TVXQ album) | Eir | PRX-07034,1,1,1.0,0,0,1.0,0.5,0.5,1.0,1.0,1.0
dense,pooled,5a90b43455429916514e7523,bridge,hard,What town host an annual media finance conference that has featured an Australian-born American media mogul?,Allen &amp; Company Sun Valley Conference | Rupert Murdoch,Rupert Murdoch | Mike Hogan (sportscaster) | Andrew Jaspan | The Conversation (website) | Allen &amp; Company Sun Valley Conference | State media | EvidenceNetwork.ca | Trevor Kennedy | Digital Media Factory | The Drop-In (podcast) | Penske Media Corporation | Jim Puplava | Nerdist News | Turner | James Burke (science historian) | David Gold (talk radio host) | Pat Robertson | Sterling Entertainment Group | Mark Britten | Media proprietor | M Music &amp; Musicians | Fiona Forbes | Jason Byrne (comedian) | Joe Scarborough | Steve Malzberg | Ronn Owens | P. J. O'Rourke | Jessica Chobot | Sean Hannity | 2015 AFL Rising Star | Brad Parscale | Comedy Film Nerds | Alfred Balk | Thomas Friedman | Yvonne Ridley | Freakonomics Radio | New Haven Documentary Film Festival | Chicago Public Media | Nerdist Industries | Darrell Crate | My Generation (talk show) | Elisabeth Murdoch (businesswoman) | AFL Rising Star | Johnny Angel Wendell | The Progressive Populist | Brian Cook (football administrator) | Talk radio | Muyiwa Olarewaju | Michael Atkinson | 2014 Young Hollywood Awards,1,1,1.0,0,1,1.0,0.5,1.0,1.0,1.0,1.0
dense,pooled,5abb30755542996cc5e49fd8,bridge,hard,Ronald Reagan and George H. W. Bush both held which position in office?,George H. W. Bush | Presidency of Ronald Reagan,"Presidency of Ronald Reagan | Ronald Reagan | Reagan Democrat | Second inauguration of Ronald Reagan | First inauguration of Ronald Reagan | Ronald Reagan judicial appointment controversies | Speeches and debates of Ronald Reagan | William Flynn Martin | Walt Zeboski | George H. W. Bush | Richard Nixon | Gerald Ford | United States presidential election, 1976 | Lawrence Eagleburger | United States presidential election, 1964 | Otto Reich | United States presidential election, 1960 | Vice President of Panama | John F. Kennedy presidential campaign, 1960 | Elliott Abrams | The White House Doctor | Gerald R. Ford Presidential Library | United States elections, 2002 | 80th United States Congress | Douglas J. Bennet | Donald Trump Jr. | Michael Green (political expert) | United States presidential election, 1892 | Richard Honaker | Edward E. Cox | James A. Winnefeld Jr. | Anastas Mikoyan | Bill Clinton | José Mujica | Executive Order 10925 | United States presidential election, 1968 | Nikolai Podgorny | Gerald R. Ford Freeway | Robert Hormats | Gordon Johndroe | Mikhail Gorbachev | Cynthia Hogan | Paul Manafort | President pro tempore of the United States Senate | Nancy Soderberg | Roger O. Egeberg | Peter W. Smith | Mikhail Suslov | George V | Alexander Kerensky",1,1,1.0,0,0,1.0,0.5,0.5,1.0,1.0,1.0
dense,pooled,5ae4ec1e5542990ba0bbb19b,comparison,hard,"In between The Bears and I and Oceans which was released on July 31, 1974, by Buena Vista Distribution?",Oceans (film) | The Bears and I,"The Bears and I | The Polar Bears | List of Walt Disney Pictures films | Harmony in Ultraviolet | By the Beautiful Sea (song) | Ride Out (album) | The Joys of Living 2008–2010 | Walt Disney Studios Motion Pictures | Chrome, Smoke &amp; BBQ | 31st Golden Globe Awards | Back to Mono (1958–1969) | Catch Me (album) | Live in Japan (John Coltrane album) | Oceans (film) | La La Land (soundtrack) | Thirty Eight (album) | Waiting for the Rest of It | Winnie the Pooh and the Blustery Day | The Year Without a Santa Claus (2006 film) | The Boatniks | You'll Be in My Heart | List of Johnny Bravo episodes | Why Is There Air? | Aquarium (Aqua album) | Heffalumps and Woozles | Sacred Planet | List of Avatar: The Last Airbender episodes | Home on the Range (2004 film) | Jonathan Meath | Catch Me (TVXQ song) | Radio Amor | ITunes Originals – Goo Goo Dolls | The Year Without a Santa Claus | Timbiriche VIII &amp; IX | For the Last Time: Live from the Astrodome | Love Songs: A Compilation... Old and New | Oh My God (Guns N' Roses song) | A Rather Blustery Day | List of The Muppets productions | Snow White: The Fairest of Them All | I Was a Satellite of the Sun | Live World Tour: Catch Me in Seoul | Mono Masters | My Bride is a Mermaid | Feel Good Inc. | Buck-Tick | The Journey (Immature album) | The Marvelous Land of Oz | Lucky to Be Alive (Confederate Railroad album) | Radiohead Box Set",1,1,1.0,0,0,0.0,0.5,0.5,0.5,1.0,1.0
dense,pooled,5add405f5542992c1e3a2581,bridge,hard,What book provided the foundation for Masters and Johnson's research team?,Masters and Johnson | Patterns of Sexual Behavior,Masters and Johnson | William Masters | Virginia E. Johnson | Claudia Durst Johnson | Rock Springs (short story collection) | Summer of the Monkeys | Everette James | Lori L. Holt | Patterns of Sexual Behavior | Jeff Friedman | Ravi Sethi | The Warren Buffett Way | James Fieser | James P. Comer | Sexual Politics | Connections (TV series) | David S. Touretzky | W. F. Morris | Their Lives | Alfred Balk | C. Hugh Holman | Arthur Conan Doyle | Stanley Coren | E. Mavis Hetherington | Gerald R. Ford Presidential Library | Wendell Berry | Generosity: An Enhancement | Barry Beyerstein | Frank L. Schmidt | Carnegie Mellon University | Tom Clancy's Net Force Explorers: Deathworld | Tom Clancy's Net Force Explorers: High Wire | Tom Clancy's Net Force Explorers: Duel Identity | Tom Clancy's Net Force Explorers: Death Match | Tom Clancy's Net Force Explorers: Gameprey | Freud: A Life for Our Time | Melissa Fay Greene | Samuel Eliot Morison | Eric Ambler | The Divide trilogy | Langston Hughes Society | Contract with the World | London Review of Books | Peter Swales (historian) | Viktoras Kulvinskas | List of Square Enix companion books | Langston Hughes | Harris G. Mirkin | The Master Puppeteer | Richard Ford,1,1,1.0,0,0,1.0,0.5,0.5,1.0,1.0,1.0
dense,pooled,5a71717d5542994082a3e834,bridge,hard,"What star of ""Attack of the Gryphon"" was also a voice artist in Johnny Bravo?  ",Gryphon (film) | Larry Drake,Larry Drake | Gryphon (film) | Van Partible | List of Johnny Bravo episodes | Enrique Grau | Jeff Bennett | Robby Benson | Jim Cummings | Johnny Angel | Frank Beard (musician) | Sherry Gunther | Kristof Konrad | Bruno Kirby | Roy Holder | Hubert Gagnon | Josey Scott | Camille Zamora | Blast! (musical) | Laura Osnes | John Lithgow | Nick Cordero | Lucas Grabeel | Jason Byrne (comedian) | Harry Bowen (actor) | Steve Nallon | Manuel Quiroga (violinist) | The Voice of Ireland (series 4) | Janet Waldo | Dave Meros | Valentina (2008 film) | Dan Castellaneta | Bill Barretta | Iroh | ♯JusticeForFlint | Richard Kind | Ron Bottcher | Stanton Y. Hill | James Franco | Brad Alexander | Tom Rothrock | Raymond Ochoa | Pietro Germi | Enrico Casarosa | Tara Strong | Tara Strong filmography | Joey Miyashima | Kerr Smith | Morbo (band) | Marta Ribera | Chinatown Nights (1929 film),1,1,1.0,1,1,1.0,1.0,1.0,1.0,1.0,1.0
dense,pooled,5adf8fe55542993344016d0f,bridge,hard,"Which fantasy film from 1971 featured the song ""The Age of Not Believing""?",Bedknobs and Broomsticks | The Age of Not Believing,The Age of Not Believing | Lights of Old Santa Fe | Agee (film) | The Sword in the Stone (film) | Audition (The Fools Who Dream) | Ungod | Silent Sigh | Oh My God (Guns N' Roses song) | Brewster McCloud | Beauty and the Beast (Disney song) | Sacred Planet | Impossible Dream | Legend (film score) | The Petrified Forest | Rings (2017 film) | Kingsglaive: Final Fantasy XV | Kanave Kalayathe | Harry Bowen (actor) | Santa Claus: The Movie | Manson (film) | La La Land (soundtrack) | Life of a Ghost | The Naked Brothers Band: Music from the Movie | Song of Arizona | Season of the Witch (2011 film) | Midnight Sun (2006 film) | The Deserter (1912 film) | Gimme Shelter (1970 film) | Paranormal Activity: The Marked Ones | A Christmas Story: The Musical | The Year Without a Santa Claus (2006 film) | Planet Terror | Final Fantasy VII: Advent Children | Bedknobs and Broomsticks | Peter Pan (1953 film) | Dancin' (on a Saturday Night) | Jump into Hell | Nashville Rebel (box set) | Thirty Eight (album) | Gimme Shelter (album) | Dieci canzoni d'amore da salvare | True True Lie | The Year Without a Santa Claus | Making Today a Perfect Day | Dead at 17 | Arthur Roberts (editor) | End of the Road (1970 film) | The Scarlet Flower (1952 film) | This Is Elvis | American Beauty (soundtrack),1,1,1.0,0,0,0.0,0.5,0.5,0.5,1.0,1.0
dense,pooled,5a78f59755429970f5fffdf7,bridge,hard,Mick Carter is the landlord of a public house located at what address?,Mick Carter | The Queen Victoria,"Mick Carter | Random House Tower | Shakespeare Public House, Bristol | Douglas J. Bennet | The Gatehouse, Monmouth | Mick (DJ) | Kwame Kilpatrick | Governor's House, Knutsford | 888 7th Avenue | Trump International Hotel Las Vegas | Farr House | John Home Robertson | William Flynn Martin | Wilford H. Fawcett House | Ronn Owens | Chris Van Hollen | Walkers (law firm) | Peter W. Smith | Friendship Hall | Lower Louviers and Chicken Alley | Darrell Crate | Charles T. Holt House | Gerald R. Ford Presidential Library | Pergament Home Centers | Stank Hall | William Street, Limerick | Pershing Square Capital Management | Baron Burnham | Frank Lowy | Greene King | 712 Fifth Avenue | Bank of China Tower (Hong Kong) | CapitaGreen | Hey Pa! There's a Goat on the Roof | Jim Puplava | Anthony Travers | Jeff Strabone | Gerald R. Ford International Airport | Dean of the House (Canada) | Summerlin, Nevada | Mark Masons' Hall, London | James Gamble Rogers II | Richard Torbay | Rivington Hall | Villard (imprint) | Live from Daryl's House | Jonathan Wolfson | St James's Palace | Sean Connor | Eastland Mall (Charlotte, North Carolina)",1,1,1.0,0,0,0.0,0.5,0.5,0.5,1.0,1.0
dense,pooled,5a8099935542996402f6a58b,bridge,hard,"What television thriller anthology did the winner of one Golden Globe, two tony Awards and six Primetime Emmy Awards appear on?",Brian Dennehy | Darkroom (TV series),61st Golden Globe Awards | List of awards and nominations received by Lost | 51st Golden Globe Awards | 31st Golden Globe Awards | 71st Golden Globe Awards | Nebula Award for Best Novel | 2011 Pulitzer Prize | Kenneth Posner | Andre Norton Award | Sam Means | Al Pacino | Golden Globe Award for Best Animated Feature Film | CBS Television Workshop | Drama Desk Award for Outstanding Director | Gerard Alessandrini | Greatest Sports Legends | Nora Ephron | Heidi Ewing | Maureen Dragone | Darkroom (TV series) | Drama Desk Award for Outstanding Solo Performance | John Lithgow | It's Always Sunny in Philadelphia (season 6) | Andy Straka | David Kohan | Larry Wilson (screenwriter) | Danny Boyle | Oppenheimer Award | Edward Albee | Ian McEwan | Second Best (film) | Al Pacino on stage and screen | Thomas Friedman | Grease: The New Broadway Cast Recording | The Greatest Gift (TV series) | William Goldman | 2014 Young Hollywood Awards | Filthy Rich &amp; Catflap | William D. Russell (director) | South of 8 | Cosmos: A Spacetime Odyssey | Ender's Game (series) | Lost City (Stargate SG-1) | The Fear Merchants | Robert Glasper | Innerspace | 2013 Young Hollywood Awards | Young Hollywood Awards | Scarface (soundtrack) | Ava DuVernay,0,0,0.0,0,0,0.0,0.0,0.0,0.0,0.0,0.05
dense,pooled,5ab6aaff55429953192ad35b,bridge,hard,What Cayman Islands registered Mandarin and Cantonese-language television broadcaster launched Phoenix Hong Kong Channel on 28 March 2011?,Phoenix Hong Kong Channel | Phoenix Television,Phoenix Hong Kong Channel | Phoenix Television | Cayman Islands national rugby sevens team | .ky | Cayman Islands at the 2011 Pan American Games | Cayman Enterprise City | Cayman Islands Open 2011 | Liaison Office (Hong Kong) | Walkers (law firm) | Hong Kong Basic Law | Zhu Xun | List of TVXQ concert tours | Carey Olsen | Spaceware Sky Vision II | Anthony Travers | The Voice of the Philippines | Merv Griffin Entertainment | BBC World News | Wengie | KTV Ltd. | Alice David | Cool Center | Coco Ho | Falkland Islands at the 2010 Commonwealth Games | 1985 Hong Kong electoral reform | Sterling Entertainment Group | The Conversation (website) | Visa policy of Hong Kong | Lau Kong Yung v Director of Immigration | 999 (Malaysian TV series) | 2010 Commonwealth Games medal table | The Voice Teens (Philippine TV series) | Bank of China Tower (Hong Kong) | Air Vegas | Kay Tagal Kang Hinintay | Mekong Capital | Jessica Chobot | Yvonne Ridley | 2014 NPCSC Decision on Hong Kong | The Voice Teens (Philippines season 1) | Dime Magazine | McLean station | Chinese Australians | Allen &amp; Company Sun Valley Conference | Bayuquan Railway Station | Yunho | Vietnam People's Navy | Sinuiju Special Administrative Region | Sarah Palin's Alaska | Pakdam Pakdai,1,1,1.0,1,1,1.0,1.0,1.0,1.0,1.0,1.0
dense,pooled,5abcc96c5542996583600492,bridge,hard,What is the name of the film starring Rose McGowan and features the character Earl McGraw's daughter?,Earl and Edgar McGraw | Planet Terror,"Earl and Edgar McGraw | Jawbreaker (film) | Dead Awake (2010 film) | The Pastor's Wife (film) | Emily Jewell | American Beauty (1999 film) | Rose McGowan | Red Sparrow | The Prince and Me | Frank McDonald (director) | Trading Mom | Sara Botsford | American Beauty (1927 film) | Sianoa Smit-McPhee | Awake (film) | Manhattan Romance | Mr. Church | Lisa Wilcox | Kishore Dang | Estelle Hemsley | Robert Earl Jones | Connie Sawyer | The Fault in Our Stars (film) | Can't Buy Me Love (film) | Mamie Gummer | Motherland (2010 film) | The Current War | Kerr Smith | American Beauty (soundtrack) | True True Lie | Devil in the Flesh (1998 film) | Morgan's Ferry | One Night in Istanbul | McFarland, USA | Robin Hood (2018 film) | Plush (film) | Harry Bowen (actor) | Dead at 17 | ATL (film) | The Law &amp; Harry McGraw | The Tragedy of Romeo and Juliet (film) | 11 Harrowhouse | Drive Angry | Adam Collis | Idiocracy | Mom (film) | Lea Thompson | Kris Marshall | Ithu Engal Neethi | The Boys Next Door (1996 film)",1,1,1.0,0,0,0.0,0.5,0.5,0.5,1.0,1.0
dense,pooled,5a8b78775542997f31a41d3d,bridge,hard,"Chimaja Appawas the younger brother of a general of the Maratha Empire in India, who served as what to the fifth Maratha Chhatrapati Shahu from 1720 until his death?",Baji Rao I | Chimaji Appa,"Chimaji Appa | Baji Rao I | Shahu I | Maratha emperors | Balaji Kunjar | Maratha Navy | Rajaram II of Satara | Balaji Vishwanath | Maynak Bhandari | Sachin Warrier | New Palace, Kolhapur | Khosrow IV | Ziri ibn Atiyya | George W. Macfarlane | Apratim Majumdar | Village accountant | Zulu royal family | Ismail Yusuf College | Farhaan Faasil | Siege of Bharatpur (1805) | Maharshi Raghava | Kalākaua | Chach of Alor | Muthuchippi Poloru | Bal'arab bin Himyar | Utpal Dutt | Ibn Arabi | Esma Sultan (daughter of Abdülaziz) | Patan minara | Esma Sultan (daughter of Ahmed III) | One Rank, One Pension | Esma Sultan (daughter of Abdul Hamid I) | Krajmir | Emirate of Afghanistan | Charles Hastings Judd | Mohammad Salman (cricketer, born 1981) | Fayyaz Hashmi | Tippecanoe order of battle | Gajabrishta | Haripur Barabari | Mana Al Otaiba | Chawalit Kamutchati | Ayesha Farooq | Giuseppe Arimondi | Yousef Pashtun | Leofwine Godwinson | Gita Dey | Akbariyya | Dipangkorn Rasmijoti | Dras War Memorial",1,1,1.0,1,1,1.0,1.0,1.0,1.0,1.0,1.0
dense,pooled,5a7252db5542990c210a4104,bridge,hard,What is the name of the oldest child that attended the Trump campaign-Russian meeting?,Donald Trump Jr. | Trump campaign–Russian meeting,"Trump campaign–Russian meeting | Donald Trump Jr. | Jessica Mulroney | Elliott Abrams | John Ingram McMorran | Nikolai Podgorny | Adrian Conan Doyle | Bu Xiaolin | Older Sister | Sergo Mikoyan | Louise Bryant | Patrick Kennedy (1823–1858) | Girl Seeks Father | William Flynn Martin | Gretchen Osgood Warren | Molly Childers | Jeff Strabone | Mikhail Suslov | Trump International Hotel Las Vegas | Ephraim Sklyansky | Russia 2018 FIFA World Cup bid | Mikhail Gorbachev | Monica Lewinsky | Robert Caesar Childers | Nancy Soderberg | Son of al Qaeda | Donald Trump (Last Week Tonight) | Pavel Alexandrov | Scout Tufankjian | Walt Zeboski | Gerry Adams | Andrei Kirilenko (politician) | Robert Barton | Donald Trump presidential campaign, 2000 | George H. W. Bush | Maureen Dragone | Peter W. Smith | Shirley Temple | Anastas Mikoyan | Olga Morozova | David Urban | Tony Fabrizio | Gore-Chernomyrdin Commission | Russkiy Toy | Alexander Kerensky | Anna Simpson | William H. Ginsburg | Trevor Kennedy | Ferdi Taygan | Paul Manafort",1,1,1.0,1,1,1.0,1.0,1.0,1.0,1.0,1.0
dense,pooled,5ae2ee5e5542991a06ce990a,bridge,hard,The 1st Virginia Regiment saw action at a battle that led to the departure of what Royal Governor?,1st Virginia Regiment | Battle of Great Bridge,"1st Virginia Regiment | 1st Virginia State Regiment | 12th Virginia Regiment | 7th Virginia Regiment | 9th Virginia Regiment | 4th Virginia Regiment | 5th Virginia Regiment | 3rd Virginia Regiment | Northern Virginia Campaign | Battle of Gaines's Mill | 6th Connecticut Regiment | Battle of Great Bridge | Stapleton Cotton, 1st Viscount Combermere | John Logan (pioneer) | Seven Days Battles | Battle of Port Republic | Benjamin Logan | Tippecanoe order of battle | Battle of Blue Licks | Westervelt massacre | Battle of Cross Keys | Battle of Malvern Hill | Seven Days Union order of battle | Seven Days Confederate order of battle | Battle of Tippecanoe | 122nd Ohio Infantry | Battle of Fallen Timbers | Battle of Stones River | Yeomen of the Guard | Battle of Jupiter Inlet | John Bowman (pioneer) | VMAQT-1 | Clifton B. Cates | Jane Marum Roush | George V | Friedrich Wilhelm von Steuben | Battle of Norfolk | Battle of Clitheroe | Robert Plampin | William Monson, 1st Viscount Oxenbridge | Battle of Belleau Wood | Battle of Glendale (Skye) | William Pery, 3rd Earl of Limerick | Savage's Station, Virginia | Henry Fox-Strangways, 3rd Earl of Ilchester | Robert Parker Parrott | Siege of Bharatpur | Greater Newport Rural Historic District | Battle of Berestechko | Patrick IV, Earl of March",1,1,1.0,0,0,0.0,0.5,0.5,0.5,1.0,1.0
dense,pooled,5abc5951554299114383a116,bridge,hard,"Which Argentine telenovela broadcast by Telefe from March 12 to December 19, 2012 starred Isabel Macedo as Jimena Benitez?",Graduados | Patricia Longo,"Patricia Longo | Niní | Montecristo (Argentine telenovela) | Botineras | Verano del '98 | Guapas | Graduados | Amar después de amar | Dicen que soy mujeriego | Sine Novela | List of songs recorded by Lali Espósito | Daniela Castillo | The Sarah Millican Television Programme | Sebastián Mantilla | Alma Pirata | Gina Pareño | Alex Belli | Eleonora Pedron | Enrique Carreras | Camille Zamora | Eva Riccobono | Janine Gutierrez | Sara Botsford | Tómbola (TV series) | Balearic Caper | Julie Ordon | Siobhan Finneran | Hilarie Burton | Sianoa Smit-McPhee | Nora Rocha | Helen Modern | 2015 Rogers Cup – Women's Doubles | Episode 8 (Twin Peaks) | Linda Carter | Elisabeth Moss | Pilot (Will &amp; Grace) | Laura Osnes | Barbara Niven | Manuel Quiroga (violinist) | Dayna Hart | Sauce Viejo, Argentina | Fernando Tapias Stahelin | Valentina (2008 film) | Vince Masuka | Alexis Soriano | Milan Murray | Raaz Pichhle Janam Ka | Emayatzy Corinealdi | AXN | Maltin on Movies",1,1,1.0,0,0,1.0,0.5,0.5,1.0,1.0,1.0
dense,pooled,5ac1a3665542994ab5c67daf,bridge,hard,What was position of the man who served Prince Andrew from 1990-2001? ,"Neil Blair | Prince Andrew, Duke of York","Prince Andrew, Duke of York | Michael Atkinson | Mountbatten-Windsor | John MacGregor, Baron MacGregor of Pulham Market | Neil Blair | George W. Macfarlane | Donald Duffy | Ronald Reagan judicial appointment controversies | Alistair Grant | Robert Gascoyne-Cecil, 3rd Marquess of Salisbury | Lawrence Eagleburger | Henry Fox-Strangways, 3rd Earl of Ilchester | President of the Queen's Privy Council for Canada | Fernando Tapias Stahelin | Salvatore Testa | Ronald Reagan | Matt Busby | Alex Ferguson | John Home Robertson | Philip Ruddock | Secretary of State for Constitutional Affairs | John Bruton | Cynthia Hogan | List of members of the House of Windsor | List of royal tours of Canada (21st century) | Charles Hastings Judd | George I, Earl of March | Bradford P. Campbell | Simon Coveney | Viscount Trenchard | Baron de Mauley | George V | Ian Harland | William Flynn Martin | Princess Henriette of Nassau-Weilburg | Earl Belmore | Bob Debus | Robert Caesar Childers | Patrick IV, Earl of March | Henry Cadogan, 4th Earl Cadogan | Earl of Aylesford | Lamar Chapman | Ben Roberts-Smith | United States elections, 2002 | Trevor Kennedy | John F. Kennedy presidential campaign, 1960 | Anthony Travers | Earl of Dunbar | George Gordon (bishop) | George D. Buffett",1,1,1.0,0,1,1.0,0.5,1.0,1.0,1.0,1.0
dense,pooled,5adc0c2b55429947ff1738db,comparison,hard,Are Agee and To Shoot an Elephant both documentaries about war?,Agee (film) | To Shoot an Elephant,"To Shoot an Elephant | Hannibal Brooks | James Howard Williams | North African elephant | The Current War | Khan Kluay | Agee (film) | Surus | Docville | Blog Wars | Elephant | War Chhod Na Yaar | Am Rong | Oh, No! Not THEM! | LaLee's Kin: The Legacy of Cotton | Art Laboe | Carlos Rendón Zipagauta | The War Is Over (film) | Doc NYC | Marcel Trillat | The General (1926 film) | DeObia Oparei | Aryanto Yuniawan | Sacred Planet | FreedomFilmFest | New Haven Documentary Film Festival | Rainham War Memorial | Lionheart (1987 film) | The Bears and I | The Importance of Being Icelandic | Idiocracy | Kishore Dang | David Ayer | Rumen Petkov | Give War a Chance | Scouts Guide to the Zombie Apocalypse | The Petrified Forest | Bridge to Terabithia (1985 film) | Thomas H. Ince | The Year of the Dog (film) | Heidi Ewing | This Is Elvis | The Dragon, the Hero | Battle Beyond the Sun | 1920 (film series) | Al Pacino on stage and screen | George Archainbaud | Jump into Hell | Nýtt líf | Thomas Ince: Hollywood's Independent Pioneer",1,1,1.0,0,0,1.0,0.5,0.5,1.0,1.0,1.0
dense,pooled,5a7634f155429976ec32bd6b,bridge,hard,"What shallow water table aquifer is located near the county seat of Keith County, Nebraska?","Ogallala Aquifer | Ogallala, Nebraska","Ogallala Aquifer | Keith County, Nebraska | Kingsley Dam | Shawnee State Fishing Lake | Lemoyne, Nebraska | Tomichi Creek | Keystone, Nebraska | Ogallala, Nebraska | Higgins Lake | Scottsburg Courthouse Square Historic District | Flatwood | Cotter River System | Muddy Creek Forks Historic District | Red Rock River (Montana) | Neosho State Fishing Lake | Brown County, Kansas | Fishing Lake | Grahamstown Dam | Brown State Fishing Lake | Canyon Creek Food Company | Sullivan County, New Hampshire | Lithia Springs Creek | Osage State Fishing Lake | Collins Ferry Historic District | Sligo Creek | Pitt Meadows Airport | Frenchmans Creek (New South Wales) | Yangzong Lake | Crater Lake National Park | Old Allamakee County Courthouse (Lansing, Iowa) | Shawnee Mission District Stadium | Cerro Gordo County Courthouse (Iowa) | Casey County, Kentucky | Fen | Zaječická hořká | Hampden County, Massachusetts | Wilton, Maine | Commanda Lake | Marietta Air Force Station | Oldham County, Kentucky | Humberhead Levels | Gilbert Town Historic District | Suikinkutsu | Crystal River Energy Complex | Higgins Lake, Michigan | Nashville Terminal Subdivision | Eisenhower Bridge (Milton, Iowa) | Clear Creek Meeting House | Park City Center | William H. Cook Water Tank House",1,1,1.0,0,0,1.0,0.5,0.5,1.0,1.0,1.0
dense,pooled,5a7574e25542996c70cfaf01,comparison,hard,Who was born first Mahbub ul Haq or Ibn Arabi?,Ibn Arabi | Mahbub ul Haq,"Mahbub ul Haq | Sami ul Haq | Ibn Khaldun | Ibn Arabi | Umar Akmal | Ziri ibn Atiyya | Bal'arab bin Himyar | Son of al Qaeda | Idrees Ul Haq | Mohammad Salman (cricketer, born 1981) | Akbariyya | Mana Al Otaiba | Al Basty | Imran Ali (cricketer, born 1985) | Arabs in India | Chak 86/6.R Sahiwal | Sabaa Al Bour | Fayyaz Hashmi | Ayesha Farooq | Mat Dan | Gevheri Kadın | Nabi Tajima | Farooq Sheikh | Mahesh Bhupathi Tennis Academy | Wahab Riaz | Coco Ho | Soha Ali Khan | Esma Sultan (daughter of Abdülaziz) | Kasia Al Thani | Adnan Akmal | Aloha Dalire | Second Battle of Agordat | Al Haj FAW motors | Zaheer Khan | Khosrow IV | Tahar Rahim | Mahesh Bhupathi | Lord of Islay | Al Utouriya | Eenasul Fateh | Chach of Alor | Emirate of Afghanistan | Mehmet Tillem | Farhaan Faasil | Kamran Akmal | Küçük Hüseyin Pasha | Line of succession to the former Egyptian throne | Mamzer | Fazle Hasan Abed | Al Pacino on stage and screen",1,1,1.0,0,1,1.0,0.5,1.0,1.0,1.0,1.0
dense,pooled,5adc8977554299438c868de2,bridge,hard,What does the goddess associated with the goddess frigg  consists of what tales?,Hlín | Norse mythology,"Hlín | Sága and Sökkvabekkr | Fulla | Fensalir | Irish Fairy Tales | The Greek Princess and the Young Gardener | Gná and Hófvarpnir | Norse mythology | Fomorians | Eir | Nanna (Norse deity) | Banshee | The Magical Legend of the Leprechauns | Aye, and Gomorrah, and other stories | Marzanna | Pramlocha | Frigg gas field | Sindhi folk tales | Despoina | Jack and His Comrades | Ephigenia of Ethiopia | Sea nymph | Cressida Bonas | Seumas MacManus | Rusalka | Melissa Fay Greene | Likhoradka | Irish prose fiction | Andlang | Vídbláin | Hercules (1997 film) | Edith the Fair | Our Casuarina Tree | Old Frisian | Marlene (1984 film) | Emma Bull | Spangled Unicorn | William R. Harwood | Patrick Kennedy (folklorist) | Amy Corzine | Erika Moulet | Heaven in Judaism | Frostbite (Mead novel) | Jounen Kwéyòl | Gytha Thorkelsdóttir | Mary Poppins Opens the Door | The Legend of Korra | Al Basty | Chrysalis (magazine) | Tabernacle",1,1,1.0,0,0,1.0,0.5,0.5,1.0,1.0,1.0
dense,pooled,5a7dc2495542997cc2c4749a,bridge,hard,"What competition held in Kathmandu, Nepal did Julian Bolling compete in 1984?",1984 South Asian Games | Julian Bolling,Mr. Nepal | Julian Bolling | 2015 Nepal Premier League | 1975 Mr. Olympia | Miss Nepal 2010 | 1984 South Asian Games | Miss Nepal 2014 | Miss Nepal 2013 | 2008 Summer Olympics | Miss Nepal 2015 | 1980 Ms. Olympia | 1981 Ms. Olympia | 2017 Mr. Olympia | Biratnagar | Guo Jie | Gymnastics at the 2002 Asian Games | 1991 Ms. Olympia | Miss Nepal 2012 | Langston Hughes Performing Arts Center | 2012 Ms. Olympia | 2010 Ms. Olympia | 2016 COTIF Tournament | 2000 ICC KnockOut Trophy | Bhadrabas | David Beckham Academy | Vishwajyoti Higher Secondary School | Merrie Monarch Festival | 2000 Wimbledon Championships – Men's Doubles | 1991 Mr. Olympia | 2009 World Thoroughbred Rankings | Doug Bollinger | Chawalit Kamutchati | 1991 Rugby World Cup | Winner (band) | 2011 Ms. Olympia | Dave Bailey (athlete) | Qatar 2022 FIFA World Cup bid | 2008 World Thoroughbred Rankings | Keith Bostic | Andre Thysse | 2011 French Open – Women's Singles | Women's Nordic Football Championship | Australian Correspondence Chess Championship | Kamran Akmal | Zab Judah | Julian Holland (boxer) | 2000 ICC KnockOut Trophy squads | Kamran Rasheed | Switzerland women's national football team | 2012 World Thoroughbred Rankings,1,1,1.0,0,0,1.0,0.5,0.5,1.0,0.5,0.5
dense,pooled,5a8f05b1554299458435d517,bridge,hard,William Pery served as Captain of the Yeomen of the Guard under the lord who served in what position from 1865 to 1868?,"Robert Gascoyne-Cecil, 3rd Marquess of Salisbury | William Pery, 3rd Earl of Limerick","William Pery, 3rd Earl of Limerick | William Monson, 1st Viscount Oxenbridge | Henry Fox-Strangways, 3rd Earl of Ilchester | Yeomen of the Guard | Henry Cadogan, 4th Earl Cadogan | George Percy, 5th Duke of Northumberland | Stapleton Cotton, 1st Viscount Combermere | Robert Plampin | Earl of Aylesford | 3rd Virginia Regiment | 9th Virginia Regiment | Robert Gascoyne-Cecil, 3rd Marquess of Salisbury | Claude Auchinleck | Henry P. Haney | Maynak Bhandari | Charles Hastings Judd | 12th Virginia Regiment | Baron Berkeley of Stratton | 4th Virginia Regiment | Baron de Mauley | Robert Parker Parrott | Lord High Treasurer | 7th Virginia Regiment | Elmo M. Haney | 1st Virginia State Regiment | Battle of Clitheroe | William Street, Limerick | Henry Hall (American revolution) | Lord Haliburton of Dirleton | Joseph L. Follett | John Bowman (pioneer) | 1st Virginia Regiment | J. Edward Snyder | Clifton B. Cates | James Howard Williams | Patrick IV, Earl of March | 122nd Ohio Infantry | Gospatric, Earl of Northumbria | Luke Clark | George W. Macfarlane | 5th Virginia Regiment | Bill Clinton | Friedrich Wilhelm von Steuben | Baron Dunalley | Ben Roberts-Smith | Mohammad Anwar Mohammad Nor | Westervelt massacre | Earl of Lanesborough | List of Kent County Cricket Club captains | Ian Harland",1,1,1.0,0,0,0.0,0.5,0.5,0.5,1.0,1.0
dense,pooled,5ab7bbbf55429928e1fe38bf,bridge,hard, William Cammisano was part of which Mafia family?,Kansas City crime family | William Cammisano,"William Cammisano | Greco Mafia clan | Antonio Cottone | Gaspare Spatuzza | Angelo La Barbera | Los Angeles crime family | Kansas City crime family | Philadelphia crime family | Calcedonio Di Pisa | Július Satinský | Salvatore La Barbera | Joseph LoPiccolo (organized crime) | Salvatore Testa | Antonio Rotolo | Rosario Naimo | Mexican Mafia | Goštautai | Krajmir | Holden-Keating Gang | Ottavio Alessi | The Sopranos | Pamela Gilbert | Benvolio | Patrick Tatten | Eduardo Troconis | Androuet du Cerceau | Henry Cadogan, 4th Earl Cadogan | Anthony Rossomando | John Adlum | Aurelio Valle | Cops and Robbers (1973 film) | 1983 Volvo International – Doubles | Michael Lunin | Barriox13 | Barrow Gang | Lorenzo Ratti | Domenico Scarlatti | Vino cotto | The Renegades | Marino Franchitti | Lewiston Maineiacs | Spynie Palace | Lavr Kornilov | Columba de Dunbar | Christmas in the Basque Country | Jean Baptiste Assenede | Androscoggin Bank Colisée | Colonna dell'Abbondanza, Florence | Mountbatten family | Suicide Kings",1,1,1.0,0,0,1.0,0.5,0.5,1.0,1.0,1.0
dense,pooled,5a8af28555429951533613b5,bridge,hard,1956 Night Series Cup games were played at what inner suburb of Melbourne that is 3km south of Melbourne's central business district?,"1956 Night Series Cup | Albert Park, Victoria","1956 Night Series Cup | 1957 Night Series Cup | 1958 Night Series Cup | 1961 Night Series Cup | 1960 Night Series Cup | 1966 Golden Fleece Cup | 1971 Heinz Cup | 1965 Golden Fleece Cup | 1967 Golden Fleece Cup | Albert Park, Victoria | 1956 Arizona State Sun Devils football team | Mummulgum | 1956 NAIA Division I Men's Basketball Tournament | Brian Cook (football administrator) | 1995 Brownlow Medal | 20th National Hockey League All-Star Game | 60th National Hockey League All-Star Game | 57th National Hockey League All-Star Game | 2015 Cricket World Cup opening ceremony | 2015 AFL Rising Star | The Queen Victoria | Australian Correspondence Chess Championship | National Hockey League All-Star Game | 1997 Kansas City Wizards season | 2008 Kansas City Wizards season | CommunityAmerica Ballpark | 2007 Brownlow Medal | EFL Cup | Fruit Bowl | Tenterfield, New South Wales | Music City Queen | 1998 Kansas City Wizards season | Sport &amp; Leisure Swifts F.C. | Lindum Sports Club Ground | 1999 Kansas City Wizards season | Clayton Oliver | Bruxner Highway | Jimmy Bartel | Tabulam | Alan Cransberg | Casino, New South Wales | 2006 Brownlow Medal | Alpine National Park | The Chessels | Nick Holland | 1982 Volvo Masters – Doubles | Stephen Coniglio | 1955 Arizona State Sun Devils football team | MLS Cup 2004 | Memphis Hustle",1,1,1.0,0,0,1.0,0.5,0.5,1.0,1.0,1.0
dense,pooled,5ae1f596554299234fd04372,bridge,hard,When did the game which held three times in  in East Asia first held ,2008 Summer Olympics | Summer Olympic Games,1984 South Asian Games | EAFF E-1 Football Championship | 2010 Commonwealth Games | Indonesia 2022 FIFA World Cup bid | 2010 Commonwealth Games medal table | 2008 Summer Olympics | Gymnastics at the 2002 Asian Games | EAFF E-1 Football Championship (women) | 2002 FIFA World Cup | South West Pacific theatre of World War II | 2011 Pan American Games | Battle of the Ch'ongch'on River | Summer Olympic Games | Falkland Islands at the 2010 Commonwealth Games | 1983 Oregon State vs. Oregon football game | Asiatic-Pacific Theater | 2015 Cricket World Cup opening ceremony | 2013 East Africa Premier League | Battle of Manila (1945) | South Korea 2022 FIFA World Cup bid | Kyokusui-no-en | 1998 ICC KnockOut Trophy Final | FIFA Women's World Cup | Ukraine national football team | Japan 2022 FIFA World Cup bid | South West Pacific Area (command) | 1991 Rugby World Cup | Guo Jie | Australian Correspondence Chess Championship | Julian Bolling | 1929–30 British Home Championship | One Raffles Place | 2015 Pan American Games | Fruit Bowl | Chawalit Kamutchati | Thái Bình River | America East Conference | Li Na | 2000 ICC KnockOut Trophy squads | 1943 NAIA Division I Men's Basketball Tournament | 1998 ICC KnockOut Trophy squads | Battle of Yao (Japan) | Star Trek (2013 video game) | 2018 and 2022 FIFA World Cup bids | Kamran Rasheed | Tertiary Student Rugby League World Cup | Ethiopia–Japan relations | 2014 FIFA World Cup | Emirate of Afghanistan | Tunnels &amp; Trolls: Crusaders of Khazan,0,0,1.0,0,0,0.0,0.0,0.0,0.5,0.16666666666666666,0.16666666666666666
dense,pooled,5a8b3af455429971feec467b,bridge,hard,Blinding Edge Pictures produced which 2000 film starring Bruce Willis?,Blinding Edge Pictures | Unbreakable (film),Blinding Edge Pictures | Unbreakable (film) | Lay the Favorite | The Whole Nine Yards (film) | Striking Distance | Mercury Rising | Cop Out (2010 film) | In Country | List of accolades received by American Beauty | Planet Terror | Scott Sidney | The Lego Batman Movie | Chris Menges | Charles Craft | Awake (film) | Altair (film) | Last Man Standing (1996 film) | 1920 (film series) | Rings (2017 film) | American Beauty (soundtrack) | American Beauty (1999 film) | Identity Films | Scott Derrickson | Harsh Times | Ashley Cheadle | Devil in the Flesh (1998 film) | Don't Fence Me In (film) | Danny Boyle | 1920 (film) | Jawbreaker (film) | Brandon Dickerson | Out of Sight | Frank McDonald (director) | Rebel Highway | Udanchhoo | Tarzan (1999 film) | True Lies | Man of Steel (film) | Bridge to Terabithia (1985 film) | Afflicted (film) | Julián Hernández (filmmaker) | Dumb and Dumberer: When Harry Met Lloyd | Agee (film) | Alain Resnais | Silicon Imaging | Andy Milder | Robin Hood (2018 film) | Kyle Craig | Conan the Barbarian (2011 film) | Harry Bowen (actor),1,1,1.0,1,1,1.0,1.0,1.0,1.0,1.0,1.0
dense,pooled,5add311b5542994ed6169cc5,bridge,hard,"What kind of dinosaur does Raymond Ochoa voice in the Pixar film ""The Good Dinosaur""?",Raymond Ochoa | The Good Dinosaur,Raymond Ochoa | The Good Dinosaur | Enrico Casarosa | Adrian Molina | Xtractaurs | Jim Cummings | Iroh | Roland Rat | Dinosaur (film) | Jeff Bennett | Bill Barretta | Dinosaur behavior | Cinizasaurus | Hubert Gagnon | Cryptoraptor | Brian Doyle-Murray | Voice (film) | Joey Miyashima | Cheech Marin | The Voice of the Philippines | Alice David | Zaheer | Oryctodromeus | Dan Castellaneta | David Weissman | Conchita Badía | Dakotadon | Kristof Konrad | Lucas Grabeel | Brian C. Bialiy | Richard Kind | Peter Morén (drummer) | Tara Strong | Tara Strong filmography | Sanjay's Super Team | Comanchesaurus | Rumen Petkov | This Is Elvis | Robby Benson | Larry Drake | Harley Jessup | Ade Edmondson | Garfield Gets Real | Nick Cordero | Van Partible | Bolin (The Legend of Korra) | Keith Bilbrey | Ned Flanders | Tron: Evolution | Aryanto Yuniawan,1,1,1.0,1,1,1.0,1.0,1.0,1.0,1.0,1.0
dense,pooled,5ae60426554299546bf83019,bridge,hard,Which American Space Western animated series did Celebrity Home Entertainment released ,BraveStarr | Celebrity Home Entertainment,Celebrity Home Entertainment | BraveStarr | Sherry Gunther | List of The Muppets productions | Cosmos: A Spacetime Odyssey | Jolin Tsai filmography | DC Extended Universe | Arrowverse | Star Trek (2013 video game) | Sterling Entertainment Group | SuperMansion | Jim Cummings | Monster Force | Kiyoshi Kohatsu | Home on the Range (2004 film) | Merv Griffin Entertainment | Sunset Las Palmas Studios | Iron Man (TV series) | Chris Hardwick | Teen Titans (season 1) | Milton (cartoon) | The Fairies | The Lone Ranger (2013 film) | Jillian Bell | American Beauty (1999 film) | List of DC Extended Universe cast members | 71st Golden Globe Awards | Avatar: The Last Airbender (season 2) | John England &amp; the Western Swingers | List of accolades received by American Beauty | House Rules (2003 TV series) | The Legend of Korra | Teen Titans (season 4) | Hidden America with Jonah Ray | David Mirkin | My Family (series 1) | Star Ship | Ade Edmondson | 2014 Young Hollywood Awards | List of Avatar: The Last Airbender episodes | Stone Stanley Entertainment | The Sarah Millican Television Programme | American Beauty (soundtrack) | The Surreal Life: Fame Games | Four Kings | Golden Globe Award for Best Animated Feature Film | National Geographic Explorer | CBS Television Workshop | Darkroom (TV series) | Rich Lee,1,1,1.0,1,1,1.0,1.0,1.0,1.0,1.0,1.0
dense,pooled,5a8cfee555429941ae14df5c,bridge,hard,How are elephants connected to Gajabrishta?,Elephant | Gajabrishta,Gajabrishta | Elephant | To Shoot an Elephant | North African elephant | Pachypodium | Khan Kluay | Araripesuchus wegeneri | Brenda McCowan | Surus | Hannibal Brooks | Solidago uliginosa | Garuda Indonesia Flight 200 | Dinosaur behavior | James Howard Williams | Elephant Pass railway station | Solidago ouachitensis | Myiodynastes | Pachypodium lealii | Xtractaurs | Garajonay National Park | Solidago rugosa | Tell El Sakan | Cão de Gado Transmontano | Guapas | Sphaerotholus | Xanthoceras | Goldenrod | Pramlocha | Pandanus conoideus | Pilgerodendron | Leptosporangiate fern | Adenocarpus viscosus | Phlebodium | Zeresenay Alemseged | Sorbaria | Solidago elongata | Ajuga | Blackback barb | Solidago speciosa | Phlebodium aureum | Solidago rupestris | Otaara | Hawkinsara | Guanche mummies | Parkia timoriana | Inquiline | Ajugeae | Gná and Hófvarpnir | Libocedrus | Cattleytonia,1,1,1.0,1,1,1.0,1.0,1.0,1.0,1.0,1.0
dense,pooled,5a71166d5542994082a3e576,comparison,hard,"Which battle occurred first, the Battle of Manila or the Battle of Guam?",Battle of Guam (1944) | Battle of Manila (1945),Battle of Guam (1944) | Battle of Manila (1945) | Battle of Manila (1574) | Battle of Yao (Japan) | Battle of Peleliu | Battle of Alhandic | Military history of Mexico | South West Pacific theatre of World War II | Battle of Calabria | VMF-236 | Geography of the Philippines | Battle of Adwa | Seven Days Union order of battle | Asiatic-Pacific Theater | Battle of the Ch'ongch'on River | Battle of Great Bridge | Treaty of Taipei | Battle of Gaines's Mill | Mactan | Seven Days Confederate order of battle | Battle of Blue Licks | South West Pacific Area (command) | Battle of Jupiter Inlet | Seven Days Battles | Battle of Romanovka | Treaty of Gandamak | Bamboo (band) | Battle of Belleau Wood | Battle of Silda | Battle of Tippecanoe | Battle of Aspromonte | Battle of Glendale (Skye) | 6th Connecticut Regiment | Ilocos Region | Bay of Pigs Invasion | Battle of the Burbia River | Joseph L. Follett | Second Anglo-Afghan War | Battle of Fallen Timbers | VMF-222 | Battle of Klushino | San Jacinto Monument | Siege of Bharatpur (1805) | As the Music Plays | Second Battle of Agordat | Tippecanoe order of battle | Emirate of Afghanistan | Bukhara operation (1920) | VMF-215 | Rosario Naimo,1,1,1.0,1,1,1.0,1.0,1.0,1.0,1.0,1.0
dense,pooled,5ae789615542997ec2727695,bridge,hard,Kam Heskin plays Paige Morgan in a 2004 film directed by who?,Kam Heskin | The Prince and Me,"Kam Heskin | Morgan's Ferry | Hello, Dexter Morgan | Rose McGowan | The Prince and Me | The Prince &amp; Me 2: The Royal Wedding | Kris Marshall | Kerr Smith | The Dragon, the Hero | Turning Paige | Sage Kirkpatrick | David Dencik | Michael C. Hall | Citizen Khan | Whitney Dean | True True Lie | Jolin Tsai filmography | Sarah Drew | Identity Films | Silver Bells (film) | Katherine Waterston | Sara Botsford | Hilarie Burton | Paige Matthews | It's Alive! (Dexter) | The British Invasion (Dexter) | Lucy Fry | Lisa Wilcox | Jeff Hephner | Mohammad Salman (cricketer, born 1981) | Vince Masuka | Heidi Ewing | Kyle Craig | Debashree Roy filmography | ATL (film) | Soha Ali Khan | Ako Mitchell | Julia Ormond | Caroline Carver (actress) | Sunset at Chaophraya (1996 film) | Jawbreaker (film) | Lana Del Rey videography | Paige O'Hara | Kimmy Schmidt | Charmed (season 4) | Ellie Kemper | Frank McDonald (director) | Sunset at Chaophraya (2013 film) | Phhir | Audra McDonald",1,1,1.0,0,1,1.0,0.5,1.0,1.0,1.0,1.0
dense,pooled,5a7757215542993569682d58,bridge,hard,"What 2016 film stars actor Xavier Samuel and an actress who portrayed Vasilisa Dragomir in the film ""Vampire Academy""?",Lucy Fry | Mr. Church,Vampire Academy (film) | Lucy Fry | Vampire Academy | Identity Films | Flight of the Innocent | Alencier Ley Lopez | Claudia Drake | Gal Gadot | Ava DuVernay | Romeo and Juliet on screen | Scott Derrickson | Frostbite (Mead novel) | Orbis Pictus (film) | Madhuri Dixit filmography | Heidi Ewing | Logan Lucky | Emily Jewell | David and Sandy Reynolds-Wasco | Emayatzy Corinealdi | The Doom Generation | City of Angels (film) | Valentina (2008 film) | Mercury Rising | La Femme Musketeer | Healing (film) | Spin Out (2016 film) | Spencer Averick | Evelina Simonaho | Vala Mal Doran | James Franco | Finishing School (1953 film) | David Weissman | Tara Strong | Tara Strong filmography | Mihai Mălaimare Jr. | Duniya Vijay | David Ayer | Adam Collis | David Dencik | Ashley Cheadle | Plush (film) | Katherine Waterston | Brandon Dickerson | Tahar Rahim | Helen Modern | Altair (film) | Selma (film) | Udanchhoo | Doctor Strange (2016 film) | Revengers Tragedy,1,1,1.0,0,0,0.0,0.5,0.5,0.5,0.5,0.5
dense,pooled,5a81ff62554299676cceb1c4,bridge,hard,What type of profession does Ithu Engal Neethi and Shoba Chandrasekhar have in common?,Ithu Engal Neethi | Shoba Chandrasekhar,Ithu Engal Neethi | Shoba Chandrasekhar | Village accountant | Idrees Ul Haq | Ankahee (2006 film) | Neethikku Thandanai | Ghulam Nabi Firaq | Siddhartha Jadhav | Vishwajyoti Higher Secondary School | Arabs in India | Krishnabhaskar Mangalasserri | Neethiyin Marupakkam | Chak 86/6.R Sahiwal | Maharshi Raghava | Kishore Dang | Soha Ali Khan | Venkatesan Guruswami | Paresh Mokashi | Udanchhoo | Shashaa Tirupati | Sattam Oru Vilayaattu | Chiara Nappi | Duniya Vijay | Mickey Mehta | Sachin Bansal | Sharon Gannon | Indriati Iskak | Komal | Nagesh Bhonsle | Manorama (Tamil actress) | Rajneesh Duggal | V. V. Creations | Dhoolpet | Anhoniyon Ka Andhera | Farooq Sheikh | Debashree Roy filmography | Ravi Sethi | Kamran Akmal | Singh | Aryanto Yuniawan | Mr. Nepal | Shomwa Shamapande | Utpal Dutt | Eenasul Fateh | Vishvendra Singh | Madhuri Dixit filmography | Sunil Rawal | Thomas Hylland Eriksen | Darayim District | Apratim Majumdar,1,1,1.0,1,1,1.0,1.0,1.0,1.0,1.0,1.0
dense,pooled,5ae4890a5542995ad6573d60,bridge,hard,In what field does the firm at which Claudio Fernández-Aráoz was a currently a senior adviser offers services?,Claudio Fernández-Aráoz | Egon Zehnder,"Claudio Fernández-Aráoz | Fernando Tapias Stahelin | Sean Healey | Jonathan Michael Ansell | Patricio Echegaray | Eduardo Portela | Thomas Shea | Frank L. Schmidt | Emílio da Silva | Carey Olsen | Danny Bakker (footballer, born 16 January 1995) | Marquinhos (footballer, born June 1989) | Leo Varadkar | Francisco Jose Hernandez | Avenue Capital Group | Management consulting | Mozarteum Argentino | John Bruton | Raimund Marasigan | Cynthia Hogan | José Mujica | Bjørn Helge Riise | Otto Reich | Peter Torry | Manischewitz | Richard Socarides | Franz Josef Och | Shomwa Shamapande | Egon Zehnder | Gordon Johndroe | Bradford P. Campbell | Nancy Soderberg | Nico Pandiani | John MacGregor, Baron MacGregor of Pulham Market | Jim Puplava | Graduados | Enrique Carreras | Impresario | Falkland Islands official football team | Mark Whitacre | José Graziano da Silva | Alex Ferguson | Robert Hormats | Frank Lowy | Affiliated Managers Group | Michael Green (political expert) | Rosario Naimo | Rod Carr | Adriana Trigiani | Anthony Travers",1,1,1.0,0,0,0.0,0.5,0.5,0.5,1.0,1.0
dense,pooled,5a79c1335542994bb9457066,comparison,hard,Eric Ambler and Carol Shields are both best Known for what profession?,Carol Shields | Eric Ambler,Eric Ambler | Jimmy Bartel | Søren Solkær | Brian Cook (football administrator) | Carol Shields | Gerry Marsden | James Packer | Hunter Davies | Sean Healey | Lee Hazlewood | Carol Martin | Hall &amp; Oates | E. J. Carroll | The Drop-In (podcast) | W. Morgan Petty | Phil Mitchell | Alistair Grant | William Connolley | Jonathan Wolfson | Bruce Spizer | Maurice Ward | W. E. Johns | George Abbott | Peter Torry | Robin Bailie | Carey Olsen | Shaunna O'Grady | Lady Antebellum | Walter Sorrells | Caroline Spencer | Donald Duffy | W. F. Morris | Michael C. Hall | Spencer Averick | Claudio Fernández-Aráoz | Raimund Harmstorf | Larnelle Harris | Elisabeth Moss | Barton Lynch | Daryl Hall | Nerdist Industries | James Carroll (actor) | Charles Nungesser | David Kohan | Isaak Hassler | Meet Corliss Archer (TV series) | Kevin Sheehan | Sue Grafton | Francesco Scarlatti | Fred Basset,1,1,1.0,0,1,1.0,0.5,1.0,1.0,1.0,1.0
dense,pooled,5ac52fc35542994611c8b403,bridge,hard,"Which ""Official Ireland"" group comprises about  78.3% of the population of Ireland? ",Catholic Church in Ireland | Official Ireland,"Catholic Church in Ireland | Official Ireland | Donegal Celtic F.C. | History of Sinn Féin | Republican Sinn Féin | Workers' Party of Ireland | The Voice of Ireland (series 4) | Irish Thoracic Society | Leinster | Sinn Féin Front Bench | Leader of Sinn Féin | Northern Ireland Football League | Sinn Féin Republican Youth | Irish Bulletin | Paddy O'Toole | Leader of Fine Gael | Frances Fitzgerald (politician) | James Reilly (Irish politician) | History of the Irish Americans in Philadelphia | List of ethnic groups in Ethiopia | Gerry Adams | Ancient Order of Hibernians | History of Irish Americans in Boston | Patrick Kennedy (folklorist) | Fine Gael leadership election, 2017 | Northern Ireland Intermediate League | Irish prose fiction | NIFL Premier Intermediate League | Enda Kenny | Irish Fairy Tales | 2013 Rugby League World Cup Group A | Sport &amp; Leisure Swifts F.C. | Lisburn Distillery F.C. | 2017 Rugby League World Cup Group C | Paddy O'Rourke (Meath footballer) | Aonghus Mór | Simon Coveney | Queen's University Belfast A.F.C. | Liam Cosgrave | Volunteer Political Party | 2001 Bangladesh census | Borough of Berwick-upon-Tweed | Angus cattle | Leo Varadkar | Brian Kennedy (singer) | Goonellabah, New South Wales | Scottish Borders | Fomorians | Kingdom of the Isles | John Bruton",1,1,1.0,1,1,1.0,1.0,1.0,1.0,1.0,1.0
dense,pooled,5adda7585542997dc790700c,bridge,hard,Where was the telefilm shot that was based on the 1977 Katherine Paterson book?,Bridge to Terabithia (1985 film) | Bridge to Terabithia (novel),"Bridge to Terabithia (1985 film) | The Great Gilly Hopkins (film) | The Great Gilly Hopkins | Bridge to Terabithia (novel) | Bridge to Terabithia (2007 film) | The Master Puppeteer | Nola (film) | Lea Thompson | Get Christie Love! | Bread and Roses, Too | Heidi Ewing | Reading Post | Brewster McCloud | Marissa Perry | Kathantara | Freshwater (opera) | Enrico Casarosa | Come Sing, Jimmy Jo | Savage Weekend | Agee (film) | Virginia Woolf | Ottavio Alessi | Tromeo and Juliet | James Gunn | Finishing School (1953 film) | Take 21 | My Eyes (Blake Shelton song) | The Three Lives of Thomasina | Staten Island Catapult | Me! I'm Afraid of Virginia Woolf | Striking Distance | Adriana Trigiani | Spark (2014 film) | Miranda (album) | Delicatessen (film) | Divorce Italian Style | Animorphs | Sally Gibson | A Girl like Me (film) | The Hunger Games: Mockingjay – Part 1 | This Is Elvis | Rough Shoot | Roald Dahl short stories bibliography | Street Kings 2: Motor City | The Law &amp; Harry McGraw | Mihai Mălaimare Jr. | Alfred Balk | Jessica Rothe | Mary Poppins Opens the Door | Dark Passage (film)",1,1,1.0,0,1,1.0,0.5,1.0,1.0,1.0,1.0
dense,pooled,5adf043b5542993a75d263d4,bridge,hard,Which American cable news and talk radio host was the former GOP representative,Joe Scarborough | Morning Joe,"Joe Scarborough | Sean Hannity | David Gold (talk radio host) | Douglas J. Bennet | Eric Schultz | Speeches and debates of Ronald Reagan | Morning Joe | Reagan Democrat | Mike Hogan (sportscaster) | Edward E. Cox | P. J. O'Rourke | Mark D. Fabiani | Ronn Owens | William Allen White | David Urban | Nancy Soderberg | Bronwyn Bishop | Gordon Johndroe | Peter W. Smith | Turner | Richard Socarides | Talk radio | 80th United States Congress | Chris Van Hollen | Tony Fabrizio | Ralph Garman | Lee Terry | Jeff Strabone | Walt Zeboski | Rupert Murdoch | Mikhail Gorbachev | Curt Menefee | Spectrum News Rochester | Brad Parscale | Pat Robertson | Allen &amp; Company Sun Valley Conference | Cynthia Hogan | George H. W. Bush | Ronald Reagan | James Burke (science historian) | Donald Trump presidential campaign, 2000 | Steve Malzberg | William Flynn Martin | Gerald Ford | Every Voice | Jessica Chobot | George D. Buffett | Shomwa Shamapande | Lawrence Eagleburger | Michael Strahan",1,1,1.0,0,0,1.0,0.5,0.5,1.0,1.0,1.0
dense,pooled,5abd6bf055429933744ab7c8,bridge,hard,"What Division was the college footbal team that fired their head coach on November 24, 2006?",2006 Miami Hurricanes football team | Larry Coker,2006 Miami Hurricanes football team | 2006 Alabama Crimson Tide football team | 2012 Colorado Buffaloes football team | SMU Mustangs football under Mike Cavan | Larry Coker | Brian Knorr | 2013 Texas Tech Red Raiders football team | 2009 Colorado Buffaloes football team | 1956 NAIA Division I Men's Basketball Tournament | Reggie Witherspoon (basketball) | Buzz Peterson | 2016 Texas Tech Red Raiders football team | Mouse Davis | 2009 Virginia Cavaliers football team | Parkway Field | 2011 Colorado Buffaloes football team | 1938 Tennessee Volunteers football team | 2009 Big 12 Conference football season | 1899 Tennessee Volunteers football team | 2015 Colorado Buffaloes football team | 1995–96 VCU Rams men's basketball team | Phil Bennett (American football) | Holly Bruder | 2014 Colorado Buffaloes football team | Mike Dunbar | Weldon Drew | 2016–17 Vermont Catamounts men's basketball team | 2004–05 VCU Rams men's basketball team | Richard Jacob | Rick Clausen | Maggie Dixon Award | 1987 Georgia Tech Yellow Jackets football team | Delray Brooks | Frank Martin (basketball) | 1943 NAIA Division I Men's Basketball Tournament | 1964 Georgia Tech Yellow Jackets football team | 2010–11 VCU Rams men's basketball team | 2012–13 VCU Rams men's basketball team | 2014 Texas Tech Red Raiders football team | 1930 Tennessee Volunteers football team | 2008 Fiesta Bowl | 1985 Tennessee Volunteers football team | Portland State Vikings football under Jerry Glanville | 1964 Illinois Fighting Illini football team | 2014–15 VCU Rams men's basketball team | 2015 Texas Tech Red Raiders football team | 2013–14 VCU Rams men's basketball team | 2015–16 VCU Rams men's basketball team | 2015–16 Colorado Buffaloes men's basketball team | 1988 Georgia Tech Yellow Jackets football team,1,1,1.0,0,1,1.0,0.5,1.0,1.0,1.0,1.0
dense,pooled,5ae0038655429925eb1afbe0,comparison,hard,"Which is a Macedonian weekly, Hänt Extra or Tea Moderna?",Hänt Extra | Tea Moderna (magazine),"Tea Moderna (magazine) | Makedonsko Sonce | Hänt Extra | 2015 Macedonian Football Supercup | Den Za Nas | Otaara | Nikola Mladenov | Apratim Majumdar | Light cavalerie vodka | Orange Field Tea Factory | Republican Party Reptile | Blueberry Tea | Kir (cocktail) | Koningsdag | Mırra | Kalanta Xristougenon | Hänt Bild | Cumbrian dialect | Kumanovo Clock Tower | Pakdam Pakdai | Northumbrian dialect | Marzanna | Simon Coveney | Brintonia | Ehretia | Sine Novela | Cattleytonia | Peter McKay (cricketer) | Tomato | Silene tomentosa | Kyokusui-no-en | Chatta Bazaar | Alencier Ley Lopez | London International Documentary Festival | 10 Hronia Mazi | Marsilea | Shakespeare Public House, Bristol | Naalaiya Theerpu | Crataegus pinnatifida | John England &amp; the Western Swingers | AD 43 | Platinum Pied Pipers | Patan minara | Laeliocattleya | Danny Bakker (footballer, born 16 January 1995) | John Bruton | Kasi (Pashtun tribe) | Raaz Pichhle Janam Ka | Football Weekly | Kishore Dang",1,1,1.0,0,1,1.0,0.5,1.0,1.0,1.0,1.0
dense,pooled,5a73977d554299623ed4ac08,comparison,hard,What is the shared country of ancestry between Art Laboe and Scout Tufankjian?,Art Laboe | Scout Tufankjian,"Scout Tufankjian | Art Laboe | Fukomys vandewoestijneae | Interamerican Scout Jamboree | KOKO-FM | Mat Dan | Evelina Simonaho | Ajugeae | Nabi Tajima | Network Analysis and Ethnographic Problems | Open-air museums in Slovakia | William Cammisano | Ferdi Taygan | Tukufu Zuberi | Cressida Bonas | Thomas Hylland Eriksen | Gus Williams (musician) | Huernia | Musée Henri-Mathieu | Hanggin Rear Banner | Cho Kyuhyun | Adrian Conan Doyle | Sinopieris | Pieris canidia | Aleksandar Bošković | Brintonia | Vatroslav Rožić | Kansas City crime family | Domitia Lepida the Elder | Marquinhos (footballer, born June 1989) | Zeresenay Alemseged | Søren Solkær | Hawkinsara | Dipangkorn Rasmijoti | Bu Xiaolin | Emílio da Silva | Cadet branch | Chinese Australians | Lady Antebellum | Cão de Gado Transmontano | Moroccan Ambassador to China | Broughtonia sanguinea | Americo-Liberians | Öresund Committee | Rove goat | Kakoy Legaspi | Mountbatten family | Søren Rasted | Roberta Vinci | Wollongbar, New South Wales",1,1,1.0,1,1,1.0,1.0,1.0,1.0,1.0,1.0
dense,pooled,5ac2a399554299218029dada,bridge,hard,Who programmed a cartridge-based development system made by a company noted for authoring Atari's BASIC?,Atari Assembler Editor | Shepardson Microsystems,"Atari Assembler Editor | Atari XEGS | Surround (video game) | Id Tech 5 | HP 64000 | Manned Orbital Development System | Shepardson Microsystems | Rockstar Advanced Game Engine | Compilers: Principles, Techniques, and Tools | 12 basic principles of animation | Workflow Resource Planning | Star Ship | The Inventors | Keith Bostic | List of Square Enix companion books | Richard A. Teague | Annie Easley | Franz Josef Och | The Lost Vikings | Zero (game engine) | Portal (video game) | George Cayley | William Connolley | Jory Prum | Aperture Tag: The Paint Gun Testing Initiative | Gary Arlington | Stoddard engine | Polycom | Gamer (film) | Amen: The Awakening | Piccard Balloons | Tron: Evolution | Tron Evolution: Battle Grids | Adrian Molina | Half-Life 2: Lost Coast | Mighty Max (toyline) | Dinosaur (film) | J. T. Petty | Tom Clancy's Splinter Cell: Pandora Tomorrow | Dana Shires | Kill Doctor Lucky | Dance Factory (video game) | RGBA color space | Eric Ambler | ParaEngine | Sam Fisher (Splinter Cell) | CUPS (CMU) | Original Sound | Alec Muffett | W. E. Johns",1,1,1.0,0,0,1.0,0.5,0.5,1.0,1.0,1.0
dense,pooled,5ae0f6f5554299422ee99583,bridge,hard,"Which record label released Van Morrison's ""I've Been Working"" on the album ""His Band and the Street Choir""?",His Band and the Street Choir | I've Been Working,"I've Been Working | His Band and the Street Choir | Duets: Re-working the Catalogue | Blue Money | The Caledonia Soul Orchestra | I'll Be Your Lover, Too | Domino (Van Morrison song) | Call Me Up in Dreamland | The Best of Van Morrison Volume 3 | No Prima Donna: The Songs of Van Morrison | Mike Smith (A&amp;R man) | Perfect Day (Cascada album) | Levolution (album) | Join Hands | Graduation (album) | List of Billboard 200 number-one albums of 2002 | 'Tis Autumn | Robson &amp; Jerome (album) | Bob Seger | Vanda &amp; Young | Encore (Eminem song) | Chris Robinson Brotherhood | In Death Reborn | Gary Cherone | Reckless (Jeremy Camp album) | Altamont Diary | Van Conner | Skin Yard (album) | Thirty Eight (album) | Jamboree (Beat Happening album) | Hold Me in Your Arms (album) | Skyscraper National Park | Tom Morello discography | Chris Hanzsek | Hometown News | Aurelio Valle | Suicide (1977 album) | Hayden (musician) | The Long Road Home | Seasoned Veteran | Mark Arm | Encore (Eminem album) | Gary Lee Conner | Duke Tumatoe | M Music &amp; Musicians | List of songs recorded by Linkin Park | Just as I Am (Yolanda Adams album) | Current Mood | Clouds (Apollo Brown album) | Goo Goo Dolls (album)",1,1,1.0,1,1,1.0,1.0,1.0,1.0,1.0,1.0
dense,pooled,5adc1ae5554299438c868d5c,bridge,hard,Hate Them is the ninth album by a band likened to who?,Darkthrone | Hate Them,"Hate Them | I Hate Myself (for Loving You) | Darkthrone | Join Hands | Suicide (1977 album) | I Against I | Bad News (band) | Goo Goo Dolls (album) | The Suicide File | When People Grow, People Go | Make Love Not War (album) | SF9 (band) | Notorious (The Saturdays song) | Levolution (album) | Notbroken | Free (Bonfire album) | Believers Never Die Tour Part Deux | For Against | Truly | Guns N' Roses discography | Mark Arm | The Flowers of Romance (band) | Au Pairs (band) | Fireflight | The Beach Boys | Hellogoodbye | The Saturdays | The Naked Brothers Band (album) | Fall Out Boy | 10 Hronia Mazi | Where We Belong (Lostprophets song) | B2K | Altamont Diary | Against the Wind (album) | Suffrajett | Kent Stax | List of songs recorded by Linkin Park | Lostprophets | The Caledonia Soul Orchestra | Bad Meets Evil | Skin Yard | Vanda &amp; Young | Cultural impact of the Beatles | The Burning Red | Hallelujah! I'm a Bum (album) | Ungod | Jane Vain and the Dark Matter | Oh, No! Not THEM! | Anthony Rossomando | Osc-Dis",1,1,1.0,0,1,1.0,0.5,1.0,1.0,1.0,1.0
dense,pooled,5ae6860e5542991bbc976112,bridge,hard,"How did Emilie du Chatelet, Voltaire's love, contribute to the basic laws of physics?",Voltaire in Love | Émilie du Châtelet,Voltaire in Love | Émilie du Châtelet | Jean de Chastelet | Chiara Nappi | Laws of association | Seven Brief Lessons on Physics | Antonino Lo Surdo | Claudio Pellegrini | Moina Mathers | Paul Androuet du Cerceau | Douglas Ainslie | Virginia Woolf | Carlo Rovelli | Guido Caldarelli | Georges-Henri Bousquet | Élan vital | Aldo Pontremoli | Henri Bergson | José Echegaray | Jean Androuet du Cerceau | Time and Free Will | Sergio Ferrara | Matter and Memory | Nuria Oliver | Jean Portante | The Physics of Superheroes | Charles de Lorme | Antoine Quinquet | Pavel Alexandrov | Jean-Baptiste Senaillé | Creacionismo | William Bonfield | Jean Baptiste Androuet du Cerceau | Annie Easley | Generosity: An Enhancement | Edmund Leach | Benvolio | Louis Aragon | Introduction to Metaphysics (Bergson) | Ann Wigmore | Eliezer ben Jacob I | Claire Liddell | E. Mavis Hetherington | Maurice Ward | Herbert S. Lewis | The Inventors | Semyon Aranovich Gershgorin | Bitter electromagnet | Isaak Hassler | Ralph Hefferline,1,1,1.0,1,1,1.0,1.0,1.0,1.0,1.0,1.0
dense,pooled,5ae1316555429901ffe4adda,comparison,hard,Were Goo Goo Dolls and Echosmith formed in the same city?,Echosmith | Goo Goo Dolls,"Goo Goo Dolls | Hold Me Up | Live in Buffalo: July 4th, 2004 | Something for the Rest of Us | Echosmith | ITunes Originals – Goo Goo Dolls | Goo Goo Dolls (album) | Daniel House | Skin Yard | Mabel Greer's Toyshop | The Caledonia Soul Orchestra | Notbroken | Original Sound | Waiting for the Rest of It | Oh, No! Not THEM! | Hanna–McEuen | The Bailey Brothers and the Happy Valley Boys | Hammerjack's | History (band) | Local H | All That You Are (Goo Goo Dolls song) | Join Hands | Suffrajett | Mike Smith (A&amp;R man) | Music City Queen | Mark Arm | Kyo (musician) | Digital Media Factory | Adam and the Ants | Lostprophets | The Beach Boys | Gary Lee Conner | Strawberry Park, Cheshire | The Muggs | Lady Antebellum | Au Pairs (band) | Spirit Halloween | Jack Endino | Mighty Max (toyline) | Gruntruck | American Blues | Chixdiggit | Truly | Peter Morén (drummer) | The Saturdays | The Smalls | Steeltown (band) | Danny Jones | His Band and the Street Choir | Cho Kyuhyun",1,1,1.0,0,1,1.0,0.5,1.0,1.0,1.0,1.0
dense,pooled,5adfeb0555429942ec259b88,bridge,hard,The Detroit mayoral elections of 2009 took place to fill the vacancy created by a politician who was sentenced to what?,"Detroit mayoral election, 2009 | Kwame Kilpatrick","Detroit mayoral election, 2009 | Kwame Kilpatrick | United Kingdom local elections, 2013 | United States Senate elections in Illinois, 2010 | Glasgow North East by-election, 2009 | 2009 Honda Indy Toronto | Charlotte mayoral election, 2015 | List of Calgary municipal elections | Greater Manchester Police and Crime Commissioner | Old Allamakee County Courthouse (Lansing, Iowa) | Mike Beard (politician) | Jeff Strabone | Ronald Reagan judicial appointment controversies | Gardnerville Branch Jail | Calumet Downtown Historic District | City of Norwood v. Horney | Michigan Democratic primary, 2016 | United States presidential election, 1968 | United States presidential election, 2012 | 2009 Singapore Grand Prix | Michael Atkinson | Dorset County Council election, 2013 | 2011 Honda Indy Toronto | United States presidential election, 1976 | David Urban | Brian DelGrosso | Martin Mahoney | Reynolds v. Sims | Mayor of Greater Manchester | Jane Marum Roush | Mark D. Fabiani | Marion Greene | 2011 Pulitzer Prize | Joseph LoPiccolo (organized crime) | United States Senate election in Illinois, 1978 | Tyler Kalinoski | United States Senate elections, 2008 | Steven Bradford | Joseph Vitale (politician) | Jean-Marie Boisvert | Middlebourne Historic District | Hannah Gale | Orlinda, Tennessee | Richard Honaker | 2006 Brownlow Medal | Kansas City crime family | Criminal law in the Waite Court | 2008 Kansas City Wizards season | Redemption (Stargate SG-1) | Cerro Gordo County Courthouse (Iowa)",1,1,1.0,1,1,1.0,1.0,1.0,1.0,1.0,1.0
dense,pooled,5ab5499e5542992aa134a295,bridge,hard,In what year was the team that Luke Clark plays either right back or central midfielder for founded?,Curzon Ashton F.C. | Luke Clark,Luke Clark | Kent County Cricket Club in 2013 | Scott Young (American football) | Luke Hubbins | 1979–80 Wigan Athletic F.C. season | Kent County Cricket Club in 2010 | Lewis Young (Australian footballer) | Travis Richards | LaRon Landry | 1999 St. Louis Rams season | Kent County Cricket Club in 2011 | List of Kent County Cricket Club captains | 2006–07 Wigan Athletic F.C. season | Scott Sandelin | 2017–18 Wigan Athletic F.C. season | 1995–96 VCU Rams men's basketball team | Robin Cole | Curtis Glencross | Parkway Field | Lewis Young | Joe Walker (American football) | Tom Draper | John Scott (ice hockey) | 2007–08 Wigan Athletic F.C. season | Mouse Davis | 1964 Illinois Fighting Illini football team | George Young (Scottish footballer) | Portland State Vikings football under Jerry Glanville | Robin Ventura | Wayne Parnell | Jeris White | Leigh Broxham | Arthur Fielder | Fred Hageman | Keith Bostic (American football) | Doug Bollinger | List of Wigan Borough F.C. players | Marcus Bontempelli | Walter Suggs | Ricky Proehl | Tom Caplen | Chris Williams (English footballer) | 2004–05 VCU Rams men's basketball team | All-time Sporting Kansas City roster | 2009 Virginia Cavaliers football team | Ivory Lee Brown | Vernon Fox | Kenton Richardson | Michalis Bakakis | 2015–16 VCU Rams men's basketball team,1,1,1.0,0,0,0.0,0.5,0.5,0.5,1.0,1.0
dense,pooled,5adeffa85542992d7e9f926f,comparison,hard,What genre of music was played by both Tappi Tíkarrass and INXS?,INXS | Tappi Tíkarrass,"Tappi Tíkarrass | Miranda (album) | Bitið fast í vitið | Kakoy Legaspi | Nýtt líf | Rivermaya | List of songs recorded by TVXQ | As the Music Plays | Masami Tsuchiya | Kidandali | INXS | Rave music | Original Sound | Ostava | Bamboo Mañalac | Live in Japan (John Coltrane album) | Raimund Marasigan | Buck-Tick | Game (2016 film) | Mark Arm | Shashaa Tirupati | Join Hands | Bamboo (band) | Music composition and composers in Pristina | Midnight Sun (2006 film) | Levolution (album) | Darkthrone | Art Laboe | Apratim Majumdar | Kyo (musician) | Kyokusui-no-en | Conchita Badía | KOKO-FM | Aryanto Yuniawan | List of TVXQ concert tours | 4 Tune Kookies | Fayyaz Hashmi | The Suicide File | Love in Motion (song) | Extrema (band) | Disco polo | René Dif | No Water, No Moon | Tom Rothrock | Marco Da Silva (dancer) | Muyiwa Olarewaju | Shinobi vs. Dragon Ninja | AES+F | Dub-I-Dub | Divya S. Menon",1,1,1.0,0,0,0.0,0.5,0.5,0.5,1.0,1.0
dense,pooled,5adfd2f255429925eb1afaa5,bridge,hard,A puzzle-platform video game developed by the Valve Corporation is part of what 2012 action-adventure game?,Gateways (video game) | Portal (video game),"Tron Evolution: Battle Grids | Portal (video game) | Gateways (video game) | Portal 2 | Aperture Tag: The Paint Gun Testing Initiative | Gamer (film) | Lego Knights' Kingdom | The Lost Vikings | Half-Life 2: Lost Coast | Lara Croft Go | Rockstar Advanced Game Engine | Catan Card Game | Team Fortress 2 | Catan Dice Game | Portal (series) | Tomb Raider | Tron: Evolution | Elasund | Struggle for Rome (board game) | The Kids of Catan | List of Tomb Raider media | Icehouse pieces | X-Men: The Official Game | Star Trek (2013 video game) | Dance Factory (video game) | Tunnels &amp; Trolls | Tom Clancy's The Division | Kill Doctor Lucky | Id Tech 5 | Amen: The Awakening | Dancing Stage Fusion | Lego Star Wars: The Video Game | Video Games (song) | Dance Dance Revolution Mario Mix | Charlie Murder | Dead or Alive 5 Plus | Catan | Fez (video game) | Tomb Raider (2013 video game) | The Rivals for Catan | Mercenaries, Spies and Private Eyes | Tomb Raider III | Arena of Khazan | Tunnels &amp; Trolls: Crusaders of Khazan | Snowdrop (game engine) | Poleconomy | Prince of Persia: The Sands of Time | List of Square Enix companion books | Project I.G.I.: I'm Going In | ParaEngine",1,1,1.0,0,1,1.0,0.5,1.0,1.0,0.5,0.5
dense,pooled,5ae5b301554299546bf82f2d,bridge,hard,What produces the hormone that promotes sodium retention in the distal nephron?,Aldosterone | Angiotensin,Aldosterone | Angiotensin | Sodium-chloride symporter | Low pressure receptors | Tubuloglomerular feedback | Distal renal tubular acidosis | Renal tubular acidosis | Ascending limb of loop of Henle | Sylvia Agnes Sophia Tait | Anabolic steroid | Loop of Henle | Methyltestosterone | Steroid use in Australia | Rejuvelac | Tetrakis(hydroxymethyl)phosphonium chloride | Susan Lark | PRX-07034 | Silene latifolia | Nitrogen assimilation | Dana Shires | CytoSport | Cryptoraptor | Silene stenophylla | Otaara | Sex determination in Silene | Picric acid | Despoina | Bitter electromagnet | Silene suksdorfii | Sea nymph | Metandienone | Sean Connor | Darnell Autry | Shellite (explosive) | Xanthoceras | Sligo Creek | Aldonic acid | Compass Minerals | Ogallala Aquifer | Melarsomine | Zurracapote | Vashti Cunningham | Silene conoidea | Katherine Kath | Terren Peizer | Peter Morén (drummer) | United States naval gunfire support debate | Adam Thielen | Randall Cunningham II | Nick Cordero,1,1,1.0,1,1,1.0,1.0,1.0,1.0,1.0,1.0
dense,pooled,5ab1eac95542993be8fa987f,bridge,hard,How many Senate seats will be contested during the midterm elections that Nancy Soderberg has filed to run for Congress in?,"Nancy Soderberg | United States elections, 2018","United States Senate elections, 2008 | United States elections, 2018 | United States midterm election | Classes of United States Senators | United States Senate elections, 2002 | United States Senate elections in Illinois, 2010 | California State Senate | New York's 1st State Senate district | New York's 2nd State Senate district | New York's 4th State Senate district | New York's 3rd State Senate district | Wisconsin elections, 2016 | 80th United States Congress | Andrea Stewart-Cousins | 2044 election | Kathy Sullivan (Australian politician) | Nesting (voting districts) | President pro tempore of the United States Senate | Steven Bradford | Jane Marum Roush | United States elections, 2002 | Reynolds v. Sims | Jon Bramnick | Ronald Reagan judicial appointment controversies | United States presidential election, 2020 | Lee Terry | Hawaii Senate | Bronwyn Bishop | Nancy Soderberg | Roslyn Dundas | United States presidential election, 2012 | Chris Van Hollen | Canadian federal election, 1926 | Richard Honaker | Carol Martin | Prosper Boulanger | Criminal law in the Marshall Court | Tony Fabrizio | United States presidential election, 2016 | Joseph Vitale (politician) | TEAM Unity | Kenneth LaValle | Australian federal election, 1972 | United States Senate election in Illinois, 1978 | DISCLOSE Act | Fiona Bruce (politician) | Mehmet Tillem | United States presidential election, 1892 | Jeff Hoover | Öresund Committee",1,1,1.0,0,0,0.0,0.5,0.5,0.5,0.5,0.5
dense,pooled,5ae15e125542990adbacf773,comparison,hard,In between Berghuis v. Thompkins and Mississippi University for Women v. Hogan which one was a  case decided 5-4 by the Supreme Court of the United States?,Berghuis v. Thompkins | Mississippi University for Women v. Hogan,"Mississippi University for Women v. Hogan | Whole Woman's Health v. Hellerstedt | Berghuis v. Thompkins | Rostker v. Goldberg | Criminal law in the Waite Court | Summers v. Earth Island Institute | West v. Barnes | Hoffman v. Jones | Van Staphorst v. Maryland | United States v. Quiver | Criminal law in the Marshall Court | Reynolds v. United States | Baker v. Nelson | Craig v. Boren | United States v. Binion | Reynolds v. Sims | V.L. v. E.L. | Martin Mahoney | Hirabayashi v. United States | Charles Morgan Jr. | R v Van der Peet | Oikos University shooting | Richard Honaker | Reynolds v. Pegler | Jameel v Wall Street Journal Europe Sprl | Umpqua Community College shooting | Mattel, Inc. v. MCA Records, Inc. | Selle v. Gibb | Harris G. Mirkin | Lau Kong Yung v Director of Immigration | Commissioner v. Banks | Cynthia Hogan | Thomas Friedman | Battle of Gaines's Mill | 1981 Ms. Olympia | Lewinsky scandal | George Reynolds (Mormon) | William H. Ginsburg | Australian Correspondence Chess Championship | Fraley v. Facebook, Inc. | University of the Incarnate Word | Criminal Lawyer | Ronald Reagan judicial appointment controversies | Jane Marum Roush | List of Texas Tech Lady Raiders in the WNBA Draft | Everette James | City of Norwood v. Horney | Carl B. Stokes United States Courthouse | 1980 Ms. Olympia | Dewey Beard",1,1,1.0,0,1,1.0,0.5,1.0,1.0,1.0,1.0
dense,pooled,5a77beae5542992a6e59dfae,bridge,hard,Which jazz singer has a 2003 album entitled The Boy Next Door? ,Stacey Kent | The Boy Next Door (album),"The Boy Next Door (album) | 'Tis Autumn | Not the Boy Next Door | Boy Next Door (song) | Boy next door | Bradley Gaskin | The Boys Next Door (1996 film) | The Doors: Vinyl Box Set | Jamboree (Beat Happening album) | Robert Glasper | Gumbo (PJ Morton album) | Tom Morello discography | The Journey (Immature album) | Harry Connick Jr. | Superstar – The Hits | Notbroken | Barbara Higbie | Alan Jackson albums discography | About a Boy (soundtrack) | Current Mood | B Boy (song) | Chris Robinson Brotherhood | Hold Me in Your Arms (album) | Hometown News | Keyed Up | Thirty Eight (album) | Kiss (Carly Rae Jepsen album) | B Boy Baby | Altamont Diary | Levolution (album) | Omarion | Goo Goo Dolls (album) | Domino (Van Morrison song) | Small Town Boy (song) | Even Steven Levee | The Long Road Home | Adam Craig (singer-songwriter) | The Bama Band | Join Hands | Echosmith | Gary Lee Conner | Daniel House | Old and in the Way (album) | You're Gonna Go Far, Kid | Welcome to the New Administration | Still Restless | Under the Blue Moon | Lil Ru | Almost Saturday Night | Imajin",1,1,1.0,0,0,0.0,0.5,0.5,0.5,1.0,1.0
dense,pooled,5ae1f5a15542997f29b3c1b5,bridge,hard,The actor who appeared on Charlotte's Shorts and Weeds was born in what year?,Charlotte's Shorts | Gary Anthony Williams,Charlotte's Shorts | Elinor Kershaw | Bruno Kirby | Raz-B | Estelle Hemsley | Sela Ward | Spencer Bell (actor) | Jillian Bell | Blythe Danner | Arnold Schwarzenegger filmography | Claudia Drake | Noel C. Bloom | Ralph Ince | Gus Williams (musician) | David Yates | Kristof Konrad | Curt Smith (basketball) | Christopher Mitchell (actor) | Ashley Cheadle | Carl Barât | Johnny Galecki | Cressida Bonas | John Amos | Nancy Spungen | Johanna Bennett | Lea Thompson | Hoppy Serves a Writ | Pat Hingle | Diana Quick | Lee Hazlewood | John Ince (actor) | Celebrity Home Entertainment | Sianoa Smit-McPhee | Gary Anthony Williams | John Black (Days of Our Lives) | Robert Belushi | Dayna Hart | Dale Evans | Vernon Fox | Steve Arbuckle | A Story of Floating Weeds | Patrick Tatten | Stone Stanley Entertainment | Robert Earl Jones | Richard Kind | Marissa Perry | Ade Edmondson | Leontyne Price | Lucas Grabeel | Whitney Dean,1,1,1.0,0,0,0.0,0.5,0.5,0.5,1.0,1.0
dense,pooled,5ade908b55429975fa854f13,bridge,hard,"After he was contracted by the team that is headquartered in Affalterbach, Baden-Württemberg, Germany, Dario Franchitti competed in what series?",Dario Franchitti | Mercedes-AMG,"Dario Franchitti | Marino Franchitti | Eduardo Portela | Scott Sandelin | Alex Zanardi | 2012 Cleveland Browns season | 1998 Molson Indy Vancouver | Sport &amp; Leisure Swifts F.C. | 2009 Honda Indy Toronto | 2007 Cleveland Browns season | 2006 Miami Hurricanes football team | 2016 COTIF Tournament | Kevin Sheehan | Angelo La Barbera | Nico Pandiani | Cineriz | 1988 Volvo International – Doubles | Antonio Rotolo | Togo women's national football team | 2011 Honda Indy Toronto | Brian Knorr | Luigi Rossi | Marcus Bontempelli | Calcedonio Di Pisa | Sergio Pérez | Michael Hjälm | Vince Phillips | Mike Shank | Salvatore La Barbera | Roberto De Vicenzo | Michael James Lewis | 2010 Cleveland Browns season | François Coli | 1964 Georgia Tech Yellow Jackets football team | 2009 Cleveland Browns season | Ryan Johansen | Kasper Hvidt | 2011 Cleveland Browns season | Isaak Hassler | 2002 Gran Premio Telmex-Gigante | Catharina Felser | 1987 Georgia Tech Yellow Jackets football team | Peter Torry | Australian Correspondence Chess Championship | Kasper Schmeichel | Interamerican Scout Jamboree | Lipstick (1960 film) | Antonio Cottone | Marquinhos (footballer, born June 1989) | Jason Byrne (comedian)",1,1,1.0,0,0,0.0,0.5,0.5,0.5,1.0,1.0
dense,pooled,5ab47cd75542991751b4d78d,bridge,hard,"In which year did this division, where Cleveland Browns placed fourth in 2009, adopt its current name?",2009 Cleveland Browns season | AFC North,2007 Cleveland Browns season | 2011 Cleveland Browns season | 2012 Cleveland Browns season | 2009 Cleveland Browns season | 2010 Cleveland Browns season | 2008 Cleveland Browns season | AFC North | History of the Cleveland Indians | Lamar Chapman | Detroit Tigers | 2009 Big 12 Conference football season | 2009 Colorado Buffaloes football team | Ken Rose (gridiron football) | 2000 Tennessee Titans season | 2009 Texas Tech Red Raiders football team | 2011 Colorado Buffaloes football team | Maggie Dixon Award | 2014 Colorado Buffaloes football team | List of Tennessee Titans seasons | 2012 Colorado Buffaloes football team | 2015 Colorado Buffaloes football team | 2009 Virginia Cavaliers football team | Sport &amp; Leisure Swifts F.C. | Queen's University Belfast A.F.C. | List of Detroit Tigers managers | National League North | National League South | 2013 Texas Tech Red Raiders football team | 1989 Houston Oilers season | NIFL Premier Intermediate League | Battle for the Bell | Donegal Celtic F.C. | National League (English football) | 2014 Texas Tech Red Raiders football team | 2014–15 Charlotte Hornets season | Northern Ireland Football League | 2016 Kansas City Royals season | 2012 Kansas City Royals season | Parkway Field | 1999 St. Louis Rams season | Boss Bailey | 2014–15 Colorado Buffaloes men's basketball team | Spennymoor Town F.C. | 2006 Alabama Crimson Tide football team | Shawnee Mission District Stadium | 2015 Texas Tech Red Raiders football team | 2017 Kansas City Royals season | 2012 Louisville Cardinals football team | 2016 Texas Tech Red Raiders football team | 1989 Colorado Buffaloes football team,0,1,1.0,0,0,1.0,0.0,0.5,1.0,0.25,0.25
dense,pooled,5a79b7f6554299029c4b5f6f,bridge,hard,How many restaurants comprise the quick service restaurant chain that Ron Joyce helped found?,Ron Joyce | Tim Hortons,"Fast food restaurant | Ron Joyce | VIP's | Toddle House | The Works (restaurant) | Leeann Chin | Arcos Dorados Holdings | Tim Hortons | Todai (restaurant) | Klenger Burger | A&amp;W Restaurants | Hero Certified Burgers | Chefette | John A. Brown (department store) | Maxine's Tap Room | SavaCentre | Shawarmer | Lowe's | Piccadilly Pub | Hungry Horse | Lion's Choice | Fazoli's | Lisa Brennan-Jobs | Compliance (film) | Noodle Box | Strip search phone call scam | Brico Dépôt | Warehouse store | Pergament Home Centers | 888 7th Avenue | Carnival Cravings | Robert's American Gourmet Food | FedMart | Joe Gilmore | Poughkeepsie Galleria | Customer magazine | Ann Wigmore | Ringer Hut | Annie Morton | New Scandinavian Cooking | Chrisann Brennan | Walt Whitman Shops | Robin Goldstein | Jim Puplava | EpiCentre K | John Bruton | Original Outlet Mall | Greene King | The Gatehouse, Monmouth | General Mills",1,1,1.0,0,0,1.0,0.5,0.5,1.0,0.5,0.5
dense,pooled,5ab626d555429953192ad279,bridge,hard,Anthony Avent played basketball fo a High School that is located in a city approcimately 8 mi west of where?,"Anthony Avent | Newark, New Jersey","Anthony Avent | Mike Edwards (basketball) | Curt Smith (basketball) | Larry Friend | Case Gym | Presley Askew | Tyler Kalinoski | James Blackmon Sr. | Richie Garner | Von McDade | East Haven High School | Tony Ave | Delray Brooks | Eduardo Portela | Rick Clausen | Calvin Tyler Scott | Kenneth LaValle | Jeffrey Stanley | Memphis Hustle | David Masur | Carmel High School (Mundelein, Illinois) | America East Conference | Mouse Davis | CommunityAmerica Ballpark | Reggie Witherspoon (basketball) | Buena Vista High School (Michigan) | Bonsallo Avenue | Olathe East High School | Oikos University shooting | Darnell Autry | J. J. Syvrud | 2008 Kansas City Wizards season | 1964 Illinois Fighting Illini football team | Jon St. Andre | Robins Center | Reggie Jackson | Fremont School District 79 | Ernest Foot | Grace Church School | Kevin Garnett | Joe Walker (American football) | Umpqua Community College shooting | Jerry Lucas | Bishop Carroll Catholic High School | 2006 Miami Hurricanes football team | Feirstein Graduate School of Cinema | Muggsy Bogues | Randall Cunningham II | Aurelio Valle | University of the Incarnate Word",1,1,1.0,0,0,0.0,0.5,0.5,0.5,1.0,1.0
dense,pooled,5a84873e5542997175ce1eec,bridge,hard,What edition of tennis' US Open was the 2017 US Open when Petra Kvitova was a quarterfinalist?,2017 US Open (tennis) | Petra Kvitová career statistics,2017 US Open (tennis) | 2017 US Open Series | Petra Kvitová career statistics | 2017 Connecticut Open | 2013 US Open Series | 2014 US Open Series | 1995 Benson and Hedges Open | 2017 BB&amp;T Atlanta Open | 2017 Winston-Salem Open | Olga Morozova | Marta Domachowska | 1982 French Open – Men's Doubles | Cayman Islands Open 2011 | Caroline Wozniacki career statistics | Francesca Schiavone | Williams sisters | 1968 US Open (tennis) | 1981 Ms. Olympia | 2017 Australian Open – Men's singles final | 1973 Queen's Club Championships | 1980 Ms. Olympia | Li Na | 1991 Ms. Olympia | Sandra Reynolds | Flavia Pennetta | Roberta Vinci | 2017 Mr. Olympia | Mahesh Bhupathi | 2015 Wimbledon Championships – Women's Doubles | Roberto De Vicenzo | 1975 Mr. Olympia | 1991 Mr. Olympia | 2011 Ms. Olympia | Argentine PGA Championship | 2012 Ms. Olympia | 2010 Ms. Olympia | 2015 Rogers Cup – Women's Doubles | 2017 Toyota Grand Prix of Long Beach | 1957 Indianapolis 500 | 2018 PGA Championship | 2011 French Open – Women's Singles | Jorge Lozano | 2006 Toyota Grand Prix of Long Beach | 1977 PGA Championship | 2000 PGA Championship | 2012 US Open – Men's singles final | 2006 PGA Championship | Jamie Murray career statistics | 1982 US Open – Mixed Doubles | 1988 Volvo International – Doubles,1,1,1.0,0,1,1.0,0.5,1.0,1.0,1.0,1.0
dense,pooled,5ac537975542996feb3fea3c,bridge,hard,Walt Zeboski photographed which 40th President during his campaign in 1980?,Ronald Reagan | Walt Zeboski,"Walt Zeboski | Ronald Reagan | Presidency of Ronald Reagan | Speeches and debates of Ronald Reagan | United States presidential election, 1976 | Nelson Rockefeller | Gerald Ford | Otto Reich | Mikhail Gorbachev | George H. W. Bush | Richard Nixon | First inauguration of Ronald Reagan | David Waksberg | Second inauguration of Ronald Reagan | Reagan Democrat | George W. Macfarlane | United States presidential election, 1964 | Eugene R. Black Sr. | Douglas J. Bennet | John F. Kennedy presidential campaign, 1960 | Edward E. Cox | William Allen White | Scout Tufankjian | Gerald R. Ford Presidential Library | Peter W. Smith | Swedish general election, 1982 | Roger O. Egeberg | USS Zeilin (APA-3) | Sergo Mikoyan | United States Senate election in Illinois, 1978 | Lawrence Eagleburger | 80th United States Congress | Tefik Mborja | Anastas Mikoyan | Nikolai Podgorny | José Mujica | Bernhard Vogel (politician) | Bill Clinton | United States presidential election, 1960 | Ronald Reagan judicial appointment controversies | Joshua D. Zimmerman | United States presidential election, 1968 | United States presidential election, 1892 | Richard Socarides | Am Rong | Mikhail Suslov | Michael Green (political expert) | United States presidential election, 2016 | Mark D. Fabiani | Nancy Soderberg",1,1,1.0,1,1,1.0,1.0,1.0,1.0,1.0,1.0
dense,pooled,5a8f45ca5542997ba9cb320e,comparison,hard,"What type of film are both ""500 Years Later"" and ""Manson""?",500 Years Later | Manson (film),Manson (film) | 500 Years Later | Manson-Guise Engine | Time to Kill (1989 film) | Tyler Bates | Life of Riley (2014 film) | Parody film | Jump into Hell | Gone in 60 Seconds (2000 film) | Agee (film) | 1920 (film series) | Psycho Realm | Charles Craft | Quando Eu Era Vivo | Scouts Guide to the Zombie Apocalypse | Muriel (film) | Alain Resnais | This Is Elvis | 1920 (film) | Idiocracy | Hollywood Outlaw Movie | Planet Terror | A Summer in the Cage | Julián Hernández (filmmaker) | David Weissman | A Million Miles in a Thousand Years | David and Sandy Reynolds-Wasco | The Doom Generation | Brandon Dickerson | Sacred Planet | Devil in the Flesh (1998 film) | Rough Shoot | George Raft | Charles Eldridge | Tosca (1956 film) | Paranormal Activity: The Marked Ones | Marlene (1984 film) | Romeo and Juliet on screen | Divorce Italian Style | Marcel Trillat | Hiroshima mon amour | 4 Devils | Dark Passage (film) | The Deserter (1912 film) | Season of the Witch (2011 film) | LaLee's Kin: The Legacy of Cotton | Innerspace | Three are Three | Chagrin Documentary Film Festival | Rings (2017 film),1,1,1.0,1,1,1.0,1.0,1.0,1.0,1.0,1.0
dense,per_question,5a8b57f25542995d1e6f1371,comparison,hard,Were Scott Derrickson and Ed Wood of the same nationality?,Ed Wood | Scott Derrickson,"Ed Wood (film) | Ed Wood | Adam Collis | Woodson, Arkansas | Conrad Brooks | Scott Derrickson | Sinister (film) | Tyler Bates | Deliver Us from Evil (2014 film) | Doctor Strange (2016 film)",1,1,,0,0,,0.5,0.5,,0.5,0.5
dense,per_question,5a8c7595554299585d9e36b6,bridge,hard,What government position was held by the woman who portrayed Corliss Archer in the film Kiss and Tell?,Kiss and Tell (1945 film) | Shirley Temple,Kiss and Tell (1945 film) | A Kiss for Corliss | Meet Corliss Archer (TV series) | Janet Waldo | Shirley Temple | Meet Corliss Archer | Charles Craft | Secretary of State for Constitutional Affairs | Village accountant | Lord High Treasurer,1,1,,0,1,,0.5,1.0,,1.0,1.0
dense,per_question,5a85ea095542994775f606a8,bridge,hard,"What science fantasy young adult series, told in first person, has a set of companion books narrating the stories of enslaved worlds and alien species?",Animorphs | The Hork-Bajir Chronicles,Victoria Hanley | Animorphs | The Hork-Bajir Chronicles | The Divide trilogy | Andre Norton Award | List of Square Enix companion books | Left Behind: The Kids | Etiquette &amp; Espionage | Science Fantasy (magazine) | Shadowshaper,1,1,,0,1,,0.5,1.0,,0.5,0.5
dense,per_question,5adbf0a255429947ff17385a,comparison,hard,Are the Laleli Mosque and Esma Sultan Mansion located in the same neighborhood?,Esma Sultan Mansion | Laleli Mosque,Esma Sultan Mansion | Laleli Mosque | Sultan Ahmed Mosque | Esma Sultan (daughter of Abdülaziz) | Esma Sultan | Esma Sultan (daughter of Abdul Hamid I) | Esma Sultan (daughter of Ahmed III) | Djamaâ el Kebir | Gevheri Kadın | Küçük Hüseyin Pasha,1,1,,1,1,,1.0,1.0,,1.0,1.0
dense,per_question,5a8e3ea95542995a26add48d,bridge,hard,"The director of the romantic comedy ""Big Stone Gap"" is based in what New York city?",Adriana Trigiani | Big Stone Gap (film),"Big Stone Gap (film) | I Love NY (2015 film) | Great Eastern Conventions | Nola (film) | Kingston Morning | Just Another Romantic Wrestling Comedy | Hamish and Andy's Gap Year | Adriana Trigiani | Clinton, Minnesota | New York Society of Model Engineers",1,1,,0,0,,0.5,0.5,,1.0,1.0
dense,per_question,5abd94525542992ac4f382d2,bridge,hard,2014 S/S is the debut album of a South Korean boy group that was formed by who?,2014 S/S | Winner (band),2014 S/S | BTS discography | List of awards and nominations received by Shinee | Seventeen discography | History (band) | Cho Kyuhyun | Madtown | List of songs written by Ravi | Winner (band) | SF9 (band),1,1,,0,0,,0.5,0.5,,1.0,1.0
dense,per_question,5a85b2d95542997b5ce40028,bridge,hard,Who was known by his stage name Aladin and helped organizations improve their performance as a consultant?,Eenasul Fateh | Management consulting,Eenasul Fateh | Management consulting | ELDee | Amaruk Kayshapanta | Criss Angel | Lil Ru | Method Man | James P. Comer | Indriati Iskak | Mick (DJ),1,1,,1,1,,1.0,1.0,,1.0,1.0
dense,per_question,5a87ab905542996e4f3088c1,bridge,hard,The arena where the Lewiston Maineiacs played their home games can seat how many people?,Androscoggin Bank Colisée | Lewiston Maineiacs,Lewiston Maineiacs | Dwyer Arena | Androscoggin Bank Colisée | Case Gym | 2006–07 QMJHL season | Billings Bulls | Robins Center | 2011–12 QMJHL season | 2007 Memorial Cup | Loan modification in the United States,1,1,,0,1,,0.5,1.0,,1.0,1.0
dense,per_question,5a7bbb64554299042af8f7cc,bridge,hard,"Who is older, Annie Morton or Terry Richardson?",Annie Morton | Terry Richardson,Kenton Richardson | Annie Morton | Lady Gaga x Terry Richardson | Madonna (book) | Amanda Lepore | Gumbo (PJ Morton album) | Terry Richardson | Index Magazine | Piano Girl | Snoecks,1,1,,0,0,,0.5,0.5,,0.5,0.5
dense,per_question,5a8db19d5542994ba4e3dd00,comparison,hard,Are Local H and For Against both from the United States?,For Against | Local H,"Local H | Mendocino County GMO Ban | For Against | Hallelujah! I'm a Bum (album) | Wilford H. Fawcett House | William H. Cook Water Tank House | Ophur | Amherst, Massachusetts | United States Senate election in Illinois, 1978 | Suffrajett",1,1,,0,1,,0.5,1.0,,1.0,1.0
dense,per_question,5a7166395542994082a3e814,bridge,hard,"What is the name of the fight song of the university whose main campus is in Lawrence, Kansas and whose branch campuses are in the Kansas City metropolitan area?",Kansas Song | University of Kansas,"Kansas Song | University of Kansas | Downtown Kansas City | University of Missouri–Kansas City | Kansas City jazz | North Kansas City, Missouri | Kansas City metropolitan area | University of the Incarnate Word | History of the Kansas City metropolitan area | Kansas City Scout",1,1,,1,1,,1.0,1.0,,1.0,1.0
dense,per_question,5a877e5d5542993e715abf7d,bridge,hard,"What screenwriter with credits for ""Evolution"" co-wrote a film starring Nicolas Cage and Téa Leoni?",David Weissman | The Family Man,David Weissman | The Family Man | Time to Kill (1989 film) | Deadfall (1993 film) | Drive Angry | Gone in 60 Seconds (2000 film) | Season of the Witch (2011 film) | City of Angels (film) | It Could Happen to You (1994 film) | Ungod,1,1,,1,1,,1.0,1.0,,1.0,1.0
dense,per_question,5ab3b0bf5542992ade7c6e39,bridge,hard,What year did Guns N Roses perform a promo for a movie starring Arnold Schwarzenegger as a former New York Police detective?,End of Days (film) | Oh My God (Guns N' Roses song),Arnold Schwarzenegger filmography | Guns N' Roses discography | Steven Adler | Oh My God (Guns N' Roses song) | Last Action Hero | True Lies | End of Days (film) | Hammerjack's | Get Christie Love! | Faction Punk,0,1,,0,0,,0.0,0.5,,0.25,0.25
dense,per_question,5ab56e32554299637185c594,comparison,hard,Are Random House Tower and 888 7th Avenue both used for real estate?,888 7th Avenue | Random House Tower,"Random House Tower | 888 7th Avenue | Villard (imprint) | Carl B. Stokes United States Courthouse | Real estate technology | Real estate benchmarking | South Phoenix | Pershing Square Capital Management | Hounsfield Heights/Briar Hill, Calgary | Loan modification in the United States",1,1,,1,1,,1.0,1.0,,1.0,1.0
dense,per_question,5ab6d09255429954757d337d,bridge,hard,The football manager who recruited David Beckham managed Manchester United during what timeframe?,1995–96 Manchester United F.C. season | Alex Ferguson,Ernest Mangnall | Matt Busby | Alex Ferguson | David Beckham Academy | Joshua Parlby | David Beckham's Soccer USA | 1995–96 Manchester United F.C. season | The Class of '92 | Sir Matt Busby Sports Complex | 1996 FA Charity Shield,0,1,,0,0,,0.0,0.5,,0.3333333333333333,0.3333333333333333
dense,per_question,5a75e05c55429976ec32bc5f,bridge,hard,Brown State Fishing Lake is in a country that has a population of how many inhabitants ?,"Brown County, Kansas | Brown State Fishing Lake","Brown State Fishing Lake | Fishing Lake | Neosho State Fishing Lake | Shawnee State Fishing Lake | Commanda Lake | Osage State Fishing Lake | Higgins Lake | Brown County, Kansas | Higgins Lake, Michigan | Narrow Hills Provincial Park",1,1,,0,0,,0.5,0.5,,1.0,1.0
dense,per_question,5ab3e45655429976abd1bcd4,bridge,hard,The Vermont Catamounts men's soccer team currently competes in a conference that was formerly known as what from 1988 to 1996?,America East Conference | Vermont Catamounts men's soccer,Vermont Catamounts men's soccer | Vermont Catamounts men's ice hockey | Vermont Catamounts men's basketball | 2010–11 Vermont Catamounts men's basketball team | 2016–17 Vermont Catamounts men's basketball team | 2013–14 Vermont Catamounts men's basketball team | 2012–13 Vermont Catamounts men's basketball team | 2015–16 Vermont Catamounts men's basketball team | 2011–12 Vermont Catamounts men's basketball team | America East Conference,1,1,,0,0,,0.5,0.5,,1.0,1.0
dense,per_question,5ab29c24554299449642c932,comparison,hard,Are Giuseppe Verdi and Ambroise Thomas both Opera composers ?,Ambroise Thomas | Giuseppe Verdi,"Giuseppe Verdi | Ambroise Thomas | Giuseppe Verdi (film) | Verdi, the King of Melody | List of major opera composers | Ferdinando Provesi | Teatro Giuseppe Verdi | Bernhard Bötel | Armand Castelmary | Parma Airport",1,1,,1,1,,1.0,1.0,,1.0,1.0
dense,per_question,5ae0d4c9554299603e418468,bridge,hard,Roger O. Egeberg was Assistant Secretary for Health and Scientific Affairs during the administration of a president that served during what years?,Richard Nixon | Roger O. Egeberg,Roger O. Egeberg | Robert Hormats | Bradford P. Campbell | Steven K. Galson | Robert R. Hood | Edward D. Martin | Office of Population Affairs | Douglas J. Bennet | United States Assistant Secretary of State | Richard Nixon,1,1,,0,0,,0.5,0.5,,1.0,1.0
dense,per_question,5a8133725542995ce29dcbdb,comparison,hard,"Which writer was from England, Henry Roth or Robert Erskine Childers?",Henry Roth | Robert Erskine Childers,Robert Erskine Childers | Erskine Barton Childers | Henry Roth | Robert Caesar Childers | Robert Barton | Molly Childers | Gretchen Osgood Warren | R509 road (Ireland) | Irish Bulletin | Asgard (yacht),1,1,,0,1,,0.5,1.0,,1.0,1.0
dense,per_question,5ae7a8175542993210983ed8,bridge,hard,Which other Mexican Formula One race car driver has held the podium besides the Force India driver born in 1990?,Formula One drivers from Mexico | Sergio Pérez,Formula One drivers from Mexico | Sergio Pérez | Eduardo Troconis | Michael James Lewis | 2009 Singapore Grand Prix | Tony Ave | Force India VJM04 | Catharina Felser | Mike Shank | 2014 Bahrain Grand Prix,1,1,,1,1,,1.0,1.0,,1.0,1.0
dense,per_question,5ae6050f55429929b0807a5e,bridge,hard,This singer of A Rather Blustery Day also voiced what hedgehog?,A Rather Blustery Day | Jim Cummings,Jim Cummings | Kate Higgins | A Rather Blustery Day | Heffalumps and Woozles | Winnie the Pooh and the Blustery Day | Hip Hip Pooh-Ray! | The Rain Rain Rain Came Down Down Down | The House That Jack Built (1967 film) | Little Black Rain Cloud | The Wonderful Thing About Tiggers,1,1,,0,1,,0.5,1.0,,1.0,1.0
dense,per_question,5adddccd5542997dc7907069,bridge,hard,"Aside from the Apple Remote, what other device can control the program Apple Remote was originally designed to interact with?",Apple Remote | Front Row (software),Apple Remote | Apple Remote Desktop | Siri Remote | Remote control | Universal remote | NetSupport Manager | Front Row (software) | Apple Watch | MacScan | Trainmaster Command Control,1,1,,0,0,,0.5,0.5,,1.0,1.0
dense,per_question,5ae2070a5542994d89d5b313,comparison,hard,"Which performance act has a higher instrument to person ratio, Badly Drawn Boy or Wolf Alice? ",Badly Drawn Boy | Wolf Alice,Wolf Alice | The Hour of Bewilderbeast | About a Boy (soundtrack) | Badly Drawn Boy discography | Badly Drawn Boy | Under an Hour | About a Boy (film) | Silent Sigh | Tom Rothrock | Something to Talk About (Badly Drawn Boy song),1,1,,0,1,,0.5,1.0,,1.0,1.0
dense,per_question,5ae22b8d554299234fd0440f,bridge,hard,What was the father of Kasper Schmeichel voted to be by the IFFHS in 1992?,Kasper Schmeichel | Peter Schmeichel,Kasper Schmeichel | Kasper Hvidt | Isaak Hassler | Peter Schmeichel | IFFHS World's Best Goalkeeper | IFFHS World's Best Club Coach | Sommeren '92 | Gus Williams (musician) | Pelé | Goštautai,1,1,,0,1,,0.5,1.0,,1.0,1.0
dense,per_question,5a722b8655429971e9dc9329,bridge,hard,Who was the writer of These Boots Are Made for Walkin' and who died in 2007?,Lee Hazlewood | These Boots Are Made for Walkin',These Boots Are Made for Walkin' | Boots (EP) | Boots (album) | Nancy Sinatra | The Twenty-fifth Anniversary Anthology | Puss N' Boots/These Boots Are Made for Walkin' | Kon Kan | Jim Shoulders | Lee Hazlewood | Death of Abdul Wali,1,1,,0,0,,0.5,0.5,,1.0,1.0
dense,per_question,5adf37a95542995ec70e8f97,bridge,hard,"The 2011–12 VCU Rams men's basketball team, led by third year head coach Shaka Smart, represented Virginia Commonwealth University which was founded in what year?",2011–12 VCU Rams men's basketball team | Virginia Commonwealth University,2009–10 VCU Rams men's basketball team | 2011–12 VCU Rams men's basketball team | 2015–16 VCU Rams men's basketball team | 2014–15 VCU Rams men's basketball team | 2013–14 VCU Rams men's basketball team | 2010–11 VCU Rams men's basketball team | 2012–13 VCU Rams men's basketball team | 1995–96 VCU Rams men's basketball team | 2004–05 VCU Rams men's basketball team | Virginia Commonwealth University,1,1,,0,0,,0.5,0.5,,0.5,0.5
dense,per_question,5abd259d55429924427fcf1a,comparison,hard,"Are both Dictyosperma, and Huernia described as a genus?",Dictyosperma | Huernia,Dictyosperma | Huernia,1,1,,1,1,,1.0,1.0,,1.0,1.0
dense,per_question,5a828c8355429966c78a6a50,bridge,hard,Kaiser Ventures corporation was founded by an American industrialist who became known as the father of modern American shipbuilding?,Henry J. Kaiser | Kaiser Ventures,Henry J. Kaiser | Kaiser Shipyards | Kaiser Ventures | Edgar Kaiser Sr. | John Roach &amp; Sons | Neafie &amp; Levy | New York Shipbuilding Corporation | Edgar Kaiser Jr. | Eagle Mountain Railroad | Nutri Ventures – The Quest for the 7 Kingdoms,1,1,,0,1,,0.5,1.0,,1.0,1.0
dense,per_question,5a8a3e745542996c9b8d5e70,bridge,hard,"What is the name for the adventure in ""Tunnels and Trolls"", a game designed by Ken St. Andre?",Arena of Khazan | Tunnels &amp; Trolls,"Tunnels &amp; Trolls | Ken St. Andre | Arena of Khazan | Tunnels &amp; Trolls: Crusaders of Khazan | Mercenaries, Spies and Private Eyes | Starfaring | Jon St. Andre | Crank Caverns | St. Andre (Goa Assembly constituency) | St. Andre's Parish",1,1,,0,1,,0.5,1.0,,1.0,1.0
dense,per_question,5ac23ff0554299636651994d,bridge,hard,"When was Poison's album ""Shut Up, Make Love"" released?","Poison (American band) | Shut Up, Make Love","Shut Up, Make Love | Poison (American band) | Be the One (Poison song) | Make Love Not War (album) | Make Love | Mind If We Make Love to You | Greatest Hits (Dan Fogelberg album) | Chuck Berry on Stage | All I Wanna Do Is Make Love to You | The Longer We Make Love",1,1,,1,1,,1.0,1.0,,1.0,1.0
dense,per_question,5ae4a3265542995ad6573de5,comparison,hard,"Hayden is a singer-songwriter from Canada, but where does Buck-Tick hail from?",Buck-Tick | Hayden (musician),Hayden (musician) | Atsushi Sakurai | Buck-Tick | Skyscraper National Park | Masami Tsuchiya | Kyo (musician) | Mild and Hazy | Hailstorm Alley | Dewey Beard | Alberta Hail Project,1,1,,0,1,,0.5,1.0,,1.0,1.0
dense,per_question,5ae0361155429925eb1afc2c,bridge,hard,Which  French ace pilot and adventurer fly L'Oiseau Blanc,Charles Nungesser | L'Oiseau Blanc,L'Oiseau Blanc | Gervais Raoul Lufbery | Paul Sauvage (aviator) | François Coli | Georges Madon | Charles Nungesser | Wooster and Davis | Levasseur PL.8 | L'Oiseau bleu (Metzinger) | W. E. Johns,1,1,,0,0,,0.5,0.5,,1.0,1.0
dense,per_question,5abc0a5d5542993f40c73c64,comparison,hard,Are Freakonomics and In the Realm of the Hackers both American documentaries?,Freakonomics (film) | In the Realm of the Hackers,Freakonomics (film) | Freakonomics Radio | In the Realm of the Hackers | Hackers (film) | Robin Goldstein | Jay Leiderman | Peter W. Smith | Psycho Realm | Heidi Ewing | Shayne Workman,1,1,,0,1,,0.5,1.0,,1.0,1.0
dense,per_question,5a7cc50e554299452d57ba3e,comparison,hard,"Which band, Letters to Cleo or Screaming Trees, had more members?",Letters to Cleo | Screaming Trees,Screaming Trees | Screaming Trees discography | Letters to Cleo | Change Has Come | Truly | Van Conner | Beat Happening/Screaming Trees | Jamboree (Beat Happening album) | Gary Lee Conner | Mad Season (band),1,1,,0,1,,0.5,1.0,,1.0,1.0
dense,per_question,5abf63f15542997ec76fd3ea,bridge,hard,Alexander Kerensky was defeated and destroyed by the Bolsheviks in the course of a civil war that ended when ?,Russian Civil War | Socialist Revolutionary Party,Kerensky–Krasnov uprising | Battle of Romanovka | Russian Civil War | Communism in Russia | Socialist Revolutionary Party | Alexander Kerensky | Lavr Kornilov | Left-wing uprisings against the Bolsheviks | Timofey Samsonov | Louise Bryant,0,1,,0,1,,0.0,1.0,,0.3333333333333333,0.3333333333333333
dense,per_question,5a8ef2a75542995a26add583,bridge,hard,Seven Brief Lessons on Physics was written by an Italian physicist that has worked in France since what year?,Carlo Rovelli | Seven Brief Lessons on Physics,Seven Brief Lessons on Physics | Chiara Nappi | Carlo Rovelli | Guido Caldarelli | Aldo Pontremoli | Claudio Pellegrini | Sergio Ferrara | Antonino Lo Surdo | Micropædia | Enrico Fermi,1,1,,0,1,,0.5,1.0,,1.0,1.0
dense,per_question,5a80721b554299485f5985ef,bridge,hard,"The Livesey Hal War Memorial commemorates the fallen of which war, that had over 60 million casualties?",Livesey Hall War Memorial | World War II casualties,"Livesey Hall War Memorial | Alamein Memorial | Vietnam War Memorial, Hanoi | Rainham War Memorial | Freetown Memorial | Tower Hill Memorial | Portsmouth Naval Memorial | Arras Flying Services Memorial | Masnières Newfoundland Memorial | World War II casualties",1,1,,0,0,,0.5,0.5,,1.0,1.0
dense,per_question,5ab51dae5542991779162d82,comparison,hard,Are both Elko Regional Airport and Gerald R. Ford International Airport located in Michigan?,Elko Regional Airport | Gerald R. Ford International Airport,Gerald R. Ford International Airport | Elko Regional Airport | John Glenn Columbus International Airport | Bishop International Airport | Gerald R. Ford Presidential Library | Gerald R. Ford Freeway | Raleigh Executive Jetport | Grantley Adams International Airport | Pensacola International Airport | Pre-Commissioning Unit,1,1,,1,1,,1.0,1.0,,1.0,1.0
dense,per_question,5a7571135542992d0ec05f98,bridge,hard,Ralph Hefferline was a psychology professor at a university that is located in what city?,Columbia University | Ralph Hefferline,Ralph Hefferline | E. Mavis Hetherington | Columbia University | Stanley Coren | Frank L. Schmidt | David C. Funder | Princeton Neuroscience Institute | Abraham Maslow | Kimberly Young | Mathematically Alive,1,1,,0,1,,0.5,1.0,,1.0,1.0
dense,per_question,5a7a0e1e5542990783324e1a,comparison,hard,Which dog's ancestors include Gordon and Irish Setters: the Manchester Terrier or the Scotch Collie?,Manchester Terrier | Scotch Collie,Scotch Collie | English Setter | Manchester Terrier | Toy Manchester Terrier | Florence Nagle | Collie | Teddy Roosevelt Terrier | Russkiy Toy | Feist (dog) | Viol,1,1,,0,1,,0.5,1.0,,1.0,1.0
dense,per_question,5a74106b55429979e288289e,bridge,hard,Where is the company that Sachin Warrier worked for as a software engineer headquartered? ,Sachin Warrier | Tata Consultancy Services,Sachin Bansal | Sachin Warrier | Alec Muffett | Tata Consultancy Services | Lead programmer | Divya S. Menon | Wes McKinney | William Connolley | Muthuchippi Poloru | Kanave Kalayathe,1,1,,0,1,,0.5,1.0,,0.5,0.5
dense,per_question,5a79311755429970f5fffe67,bridge,hard,"A Japanese manga series based on a 16 year old high school student Ichitaka Seto, is written and illustrated by someone born in what year?",I&quot;s | Masakazu Katsura,I&quot;s | The Kindaichi Case Files | Manga Bible (series) | Haven't You Heard? I'm Sakamoto | My Bride is a Mermaid | Silver Spoon (manga) | Clear Skies! | Masakazu Katsura | The Prince of Tennis | Neuro: Supernatural Detective,1,1,,0,0,,0.5,0.5,,1.0,1.0
dense,per_question,5ab2d3df554299194fa9352c,bridge,hard,The battle in which Giuseppe Arimondi lost his life secured what for Ethiopia?,Battle of Adwa | Giuseppe Arimondi,Giuseppe Arimondi | First Italo-Ethiopian War | Battle of Adwa | Treaty of Addis Ababa | Second Battle of Agordat | Outline of Ethiopia | Herbert S. Lewis | Ephigenia of Ethiopia | Ethiopia–Japan relations | P'ent'ay,1,1,,0,1,,0.5,1.0,,1.0,1.0
dense,per_question,5a760ab65542994ccc918697,bridge,hard,Alfred Balk served as the secretary of the Committee on the Employment of Minority Groups in the News Media under which United States Vice President?,Alfred Balk | Nelson Rockefeller,Alfred Balk | Cynthia Hogan | Executive Order 10925 | Gerald Ford | Gordon Johndroe | Nelson Rockefeller | President pro tempore of the United States Senate | Gore-Chernomyrdin Commission | Jim Lentz | Robert Nyce,1,1,,0,0,,0.5,0.5,,1.0,1.0
dense,per_question,5a7d54165542995f4f402256,bridge,hard,"A medieval fortress in Dirleton, East Lothian, Scotland borders on the south side of what coastal area?",Dirleton Castle | Yellowcraigs,"Dirleton Castle | Lothian and Borders | Scottish Borders | Dirleton | Dirleton Kirk | Lord Haliburton of Dirleton | Haddington, East Lothian | Yellowcraigs | St. Mary's Priory (Lothian) | John Home Robertson",1,1,,0,0,,0.5,0.5,,1.0,1.0
dense,per_question,5ab859a955429934fafe6d7b,bridge,hard,Who is the writer of this song that was inspired by words on a tombstone and was the first track on the box set Back to Mono?,Back to Mono (1958–1969) | To Know Him Is to Love Him,"Back to Mono (1958–1969) | Nashville Rebel (box set) | Mono Masters | Radiohead Box Set | Trash Box | To Know Him Is to Love Him | Chrome, Smoke &amp; BBQ | Led Zeppelin Boxed Set 2 | The Doors: Vinyl Box Set | Live in Japan (John Coltrane album)",1,1,,0,0,,0.5,0.5,,1.0,1.0
dense,per_question,5add61d65542995b365fab21,bridge,hard,What type of forum did a former Soviet statesman initiate?,Mikhail Gorbachev | World Summit of Nobel Peace Laureates,Mikhail Suslov | Andrei Kirilenko (politician) | Nikolai Podgorny | Mikhail Gorbachev | Anastas Mikoyan | Sergo Mikoyan | Ephraim Sklyansky | David Waksberg | MS Excelsior Neptune | World Summit of Nobel Peace Laureates,0,1,,0,0,,0.0,0.5,,0.25,0.25
dense,per_question,5a8e068b5542995085b37384,comparison,hard,Are Ferocactus and Silene both types of plant?,Ferocactus | Silene,Ferocactus | Silene | Silene stenophylla | Silene menziesii | Silene suksdorfii | Silene antirrhina | Silene conoidea | Silene tomentosa | Sex determination in Silene | Silene latifolia,1,1,,1,1,,1.0,1.0,,1.0,1.0
dense,per_question,5abbf698554299114383a0b5,bridge,hard,Which British first-generation jet-powered medium bomber was used in the South West Pacific theatre of World War II?,English Electric Canberra | No. 2 Squadron RAAF,English Electric Canberra | South West Pacific theatre of World War II | No. 2 Squadron RAAF | Savoia-Marchetti SM.79 | Asiatic-Pacific Theater | Edwin A. Doss | South West Pacific Area (command) | No. 12 Squadron RAAF | Tupolev Tu-12 | Coastwatchers,1,1,,0,1,,0.5,1.0,,1.0,1.0
dense,per_question,5a8e1027554299653c1aa15f,bridge,hard,Which year and which conference was the 14th season for this conference as part of the NCAA Division that the Colorado Buffaloes played in with a record of 2-6 in conference play?,2009 Big 12 Conference football season | 2009 Colorado Buffaloes football team,2011 Colorado Buffaloes football team | 2014–15 Colorado Buffaloes men's basketball team | 2015–16 Colorado Buffaloes men's basketball team | 2016–17 Colorado Buffaloes men's basketball team | 2009 Colorado Buffaloes football team | 2014 Colorado Buffaloes football team | 2015 Colorado Buffaloes football team | 2012 Colorado Buffaloes football team | 1989 Colorado Buffaloes football team | 2009 Big 12 Conference football season,0,1,,0,0,,0.0,0.5,,0.2,0.2
dense,per_question,5ab84bf555429916710eb01f,bridge,hard,In 1991 Euromarché was bought by a chain that operated how any hypermarkets at the end of 2016?,Carrefour | Euromarché,Euromarché | Carrefour | SavaCentre | Tesco Extra | Selver | Lewis's | John A. Brown (department store) | Uno-X | Tazweed Center | Holiday Inn Lake Buena Vista Downtown,1,1,,1,1,,1.0,1.0,,1.0,1.0
dense,per_question,5a77724455429972597f153e,bridge,hard,What race track in the midwest hosts a 500 mile race eavery May?,1957 Indianapolis 500 | Indianapolis Motor Speedway,1957 Indianapolis 500 | Indianapolis Motor Speedway | Lean Horse Ultramarathon | Subway 400 | Carolina Dodge Dealers 400 | Orange County Fair Speedway | Allison Transmission | Louis Schwitzer Award | Johnny Rutherford | 1964 Armstrong 500,1,1,,1,1,,1.0,1.0,,1.0,1.0
dense,per_question,5a87c13f5542996e4f30890c,bridge,hard,"In what city did the ""Prince of tenors"" star in a film based on an opera by Giacomo Puccini?",Franco Corelli | Tosca (1956 film),Festival Puccini | Gianni Schicchi | Cesira Ferrani | La Bohème (1988 film) | Franco Corelli | Jacopo Puccini | O mio babbino caro | La fanciulla del West | Ron Bottcher | Tosca (1956 film),0,1,,0,0,,0.0,0.5,,0.2,0.2
dense,per_question,5ab96ab755429970cfb8eacd,bridge,hard,"Ellie Goulding worked with what other writers on her third studio album, Delirium?",Delirium (Ellie Goulding album) | On My Mind (Ellie Goulding song),Delirium (Ellie Goulding album) | Delirium World Tour | Halcyon (album) | List of songs recorded by Ellie Goulding | Something in the Way You Move | Flashlight (DJ Fresh song) | Army (Ellie Goulding song) | On My Mind (Ellie Goulding song) | Outside (Calvin Harris song) | Love Me like You Do,1,1,,0,0,,0.5,0.5,,1.0,1.0
dense,per_question,5a8a43eb5542996c9b8d5e82,bridge,hard,Which Australian city founded in 1838 contains a boarding school opened by a Prime Minister of Australia and named after a school in London of the same name.,"Marion, South Australia | Westminster School, Adelaide","Westminster School, Adelaide | PNG solution | Marion, South Australia | Sainik School Balachadi, Jamnagar | Grace Church School | Grennaskolan | Princeton High School (Illinois) | Vishwajyoti Higher Secondary School | Cotter High School (Winona, Minnesota) | Concho Indian Boarding School",1,1,,0,1,,0.5,1.0,,1.0,1.0
dense,per_question,5ae73acb5542991e8301cc07,bridge,hard,D1NZ is a series based on what oversteering technique?,D1NZ | Drifting (motorsport),"D1NZ | Drifting (motorsport) | Raaz Pichhle Janam Ka | Rising Star (France) | Night School: the Web Series | Iron Man (TV series) | List of The Office (U.S. TV series) characters | Raimund Harmstorf | Katri, Girl of the Meadows | Ripley's Believe It or Not! (TV series)",1,1,,1,1,,1.0,1.0,,1.0,1.0
dense,per_question,5a7320565542991f9a20c61d,bridge,hard,who is younger Keith Bostic or Jerry Glanville ?,Jerry Glanville | Keith Bostic (American football),Keith Bostic (American football) | Keith Bostic | Jerry Glanville | Portland State Vikings football under Jerry Glanville | 1987 Pittsburgh Steelers season | Mouse Davis | Ken Herock | 1990 Atlanta Falcons season | 1989 Houston Oilers season | Lucky to Be Alive (Confederate Railroad album),1,1,,0,1,,0.5,1.0,,1.0,1.0
dense,per_question,5ae32e125542991a06ce9946,bridge,hard,"According to the 2001 census, what was the population of the city in which Kirton End is located?","Boston, Lincolnshire | Kirton End","Kirton, Nottinghamshire | Kirton End | Kirton, Suffolk | 2001 Bangladesh census | Parkridge, Saskatoon | Borough of Berwick-upon-Tweed | Urbanisation in India | Boston, Lincolnshire | Willoughton | Sauce Viejo, Argentina",1,1,,0,0,,0.5,0.5,,0.5,0.5
dense,per_question,5adc53f75542996e6852530a,comparison,hard,Are both Cypress and Ajuga genera?,Ajuga | Cypress,Ajugeae | Cypress-pine | Cypress | Cupressus | Ajuga | Fokienia | Libocedrus | Pilgerodendron | Cedrol | Frenchman Formation,0,1,,0,1,,0.0,1.0,,0.3333333333333333,0.3333333333333333
dense,per_question,5a8b20335542996c9b8d5fb3,bridge,hard,What distinction is held by the former NBA player who was a member of the Charlotte Hornets during their 1992-93 season and was head coach for the WNBA team Charlotte Sting?,1992–93 Charlotte Hornets season | Muggsy Bogues,2014–15 Charlotte Hornets season | Charlotte Hornets | Ayana Walker | Muggsy Bogues | 2003 WNBA season | List of Charlotte Hornets seasons | Charlotte Hornets all-time roster | Charlotte Hornets draft history | 1992–93 Charlotte Hornets season | List of Texas Tech Lady Raiders in the WNBA Draft,0,1,,0,0,,0.0,0.5,,0.25,0.25
dense,per_question,5a85fb085542994775f606de,bridge,hard,What is the name of the executive producer of the film that has a score composed by Jerry Goldsmith?,Alien (film) | Alien (soundtrack),Legend (film score) | Alien (soundtrack) | Aliens (soundtrack) | Total Recall (1990 film) | Innerspace | Mulan (soundtrack) | Christus Apollo | L.A. Confidential (soundtrack) | Alien (film) | Lionheart (1987 film),1,1,,0,0,,0.5,0.5,,0.5,0.5
dense,per_question,5a7be2595542997c3ec972ac,comparison,hard,"Who was born earlier, Emma Bull or Virginia Woolf?",Emma Bull | Virginia Woolf,Virginia Woolf | Orlando: A Biography | Emma Bull | Jane Marcus | Jane de Gay | Moments of Being | The Mark on the Wall | Me! I'm Afraid of Virginia Woolf | The Duchess and the Jeweller | Freshwater (opera),1,1,,0,1,,0.5,1.0,,1.0,1.0
dense,per_question,5a77152355429966f1a36c2e,bridge,hard,What was the Roud Folk Song Index of the nursery rhyme inspiring What Are Little Girls Made Of?,What Are Little Boys Made Of? | What Are Little Girls Made Of?,"What Are Little Boys Made Of? | Pretty Little Dutch Girl | Three Little Kittens | Row, Row, Row Your Boat | Did You Ever See a Lassie? | Aiken Drum | A Wise Old Owl | Billy Boy | Tweedledum and Tweedledee | What Are Little Girls Made Of?",1,1,,0,0,,0.5,0.5,,1.0,1.0
dense,per_question,5a8f4c8d554299458435d5a3,bridge,hard,Scott Parkin has been a vocal critic of Exxonmobil and another corporation that has operations in how many countries ?,Halliburton | Scott Parkin,Scott Parkin | Halliburton | Mobil Producing Nigeria | Exxon | PRX-07034 | Corporate synergy | Dummy corporation | Religious Technology Center | Oregon and Transcontinental Company | Yvonne Ridley,1,1,,1,1,,1.0,1.0,,1.0,1.0
dense,per_question,5a80840f554299485f59863b,bridge,hard,What WB supernatrual drama series was Jawbreaker star Rose Mcgowan best known for being in?,Jawbreaker (film) | Rose McGowan,Jawbreaker (film) | Rose McGowan | Kerr Smith | Charmed (season 4) | Kay Tagal Kang Hinintay | List of Charmed characters | Sarah Drew | Charmed | Power of Three (Charmed) | Safe Harbor (TV series),1,1,,1,1,,1.0,1.0,,1.0,1.0
dense,per_question,5a8361b65542992ef85e22a0,bridge,hard,Vince Phillips held a junior welterweight title by an organization recognized by what larger Hall of Fame?,International Boxing Federation | Vince Phillips,Vince Phillips | Jeff Malcolm | Fatai Onikeke | Andrew Murray (Guyanese boxer) | Bunny Grant | Lawrence Austin | Julian Holland (boxer) | Ralph Charles | International Boxing Federation | Zab Judah,1,1,,0,0,,0.5,0.5,,1.0,1.0
dense,per_question,5ae7ba7a5542993210983f12,bridge,hard,"What is the name of the singer who's song was released as the lead single from the album ""Confessions"", and that had popular song stuck behind for eight consecutive weeks?",I Don't Wanna Know | Yeah! (Usher song),Yeah! (Usher song) | I Don't Wanna Know | Stay (Shakespears Sister song) | Stay (Sugarland song) | Billy Ray Cyrus discography | No One (Alicia Keys song) | Feel Good Inc. | U Know What's Up | Can't Touch It | My Fair Lady (Broadway cast recording),1,1,,1,1,,1.0,1.0,,1.0,1.0
dense,per_question,5ac2acff55429921a00ab02b,bridge,hard,who is the younger brother of The episode guest stars of The Hard Easy ,Brian Doyle-Murray | The Hard Easy (Adventure Time),The Hard Easy (film) | The Hard Easy (Adventure Time) | Brother from Another Series | The Farm (The Office) | Roy's Wedding | Web Weirdos | Moving On (The Office) | Evicted! | Andy's Ancestry | Brian Doyle-Murray,1,1,,0,0,,0.5,0.5,,0.5,0.5
dense,per_question,5aba7cfe554299232ef4a2fd,bridge,hard,The 2017–18 Wigan Athletic F.C. season will be a year in which the team competes in the league cup known as what for sponsorship reasons?,2017–18 Wigan Athletic F.C. season | EFL Cup,2017–18 Wigan Athletic F.C. season | 2006–07 Wigan Athletic F.C. season | 2007–08 Wigan Athletic F.C. season | 1979–80 Wigan Athletic F.C. season | 1978–79 Wigan Athletic F.C. season | List of Wigan Borough F.C. players | EFL Cup | Springfield Park (Wigan) | Nick Powell | Trinidad and Tobago League Cup,1,1,,0,0,,0.5,0.5,,1.0,1.0
dense,per_question,5ae5aba0554299546bf82f17,bridge,hard,"Which of Tara Strong major voice role in animated series is an American animated television series based on the DC Comics fictional superhero team, the ""Teen Titans""?",Tara Strong | Teen Titans Go! (TV series),Tara Strong | Tara Strong filmography | Teen Titans (season 1) | List of Teen Titans episodes | List of Teen Titans Go! episodes | Teen Titans | Teen Titans Go! (TV series) | Teen Titans (season 4) | Teen Titans: Trouble in Tokyo | Roy Harper (comics),1,1,,0,0,,0.5,0.5,,1.0,1.0
dense,per_question,5ae1f4cb554299234fd0436d,bridge,hard,What is the inhabitant of the city where  122nd SS-Standarte was formed in2014,122nd SS-Standarte | Strasbourg,"122nd SS-Standarte | 122d Fighter Squadron | Strasbourg | 122nd Infantry Regiment (United States) | 122nd Division (Imperial Japanese Army) | 122nd Fighter Aviation Squadron | 122nd Ohio Infantry | 122nd Hydroplane Liaison Squadron | 122nd Division | 122nd (Muskoka) Battalion, CEF",1,1,,0,1,,0.5,1.0,,1.0,1.0
dense,per_question,5ae7e1fc55429952e35ea9cc,bridge,hard,What color clothing do people of the Netherlands wear during Oranjegekte or to celebrate the national holiday Koningsdag? ,Koningsdag | Oranjegekte,Oranjegekte | Koningsdag | Queen's Day (disambiguation) | Christmas in the Basque Country | Children's Day (Japan) | Jounen Kwéyòl | White Sunday | Garifuna Settlement Day | Saint-Jean-Baptiste Day | The Eighth (United States),1,1,,1,1,,1.0,1.0,,1.0,1.0
dense,per_question,5ae37c765542992f92d822d4,bridge,hard,"What was the name of the 1996 loose adaptation of William Shakespeare's ""Romeo & Juliet"" written by James Gunn?",James Gunn | Tromeo and Juliet,Romeo + Juliet | Tromeo and Juliet | The Tragedy of Romeo and Juliet (film) | Romeo × Juliet | Romeo and Juliet on screen | List of Romeo × Juliet episodes | Romeo | A rose by any other name would smell as sweet | James Gunn | James Gunn's PG Porn,1,1,,0,0,,0.5,0.5,,0.5,0.5
dense,per_question,5ae33c4d5542992f92d82262,bridge,hard,Robert Suettinger was the national intelligence officer under which former Governor of Arkansas?,Bill Clinton | Robert Suettinger,Robert Suettinger | Director of the Defense Intelligence Agency | National Intelligence Board | Bill Clinton | National Intelligence Estimate | National Intelligence Superior Service Medal | National Intelligence Reform Medal | National Intelligence Cross | National Intelligence Medal of Achievement | Ground Intelligence Officer,1,1,,0,1,,0.5,1.0,,1.0,1.0
dense,per_question,5a77cb335542997042120b3a,bridge,hard,What American professional Hawaiian surfer born 18 October 1992 won the Rip Curl Pro Portugal?,John John Florence | MEO Rip Curl Pro Portugal,MEO Rip Curl Pro Portugal | John John Florence | MEO Rip Curl Pro Portugal 2016 | MEO Rip Curl Pro Portugal 2017 | Andy Irons | Coco Ho | Moche Rip Curl Pro Portugal 2015 | Barton Lynch | Moche Rip Curl Pro Portugal 2014 | Supertubos,1,1,,1,1,,1.0,1.0,,1.0,1.0
dense,per_question,5a8979f4554299669944a52e,bridge,hard,What is the middle name of the actress who plays Bobbi Bacha in Suburban Madness?,Bobbi Bacha | Sela Ward,Bobbi Bacha | Suburban Madness | Sela Ward | Jeff Strabone | Marion Christopher Barry | Chris Funk | Middle name | Singh | Latvian name | Barend,1,1,,0,1,,0.5,1.0,,1.0,1.0
dense,per_question,5a713ea95542994082a3e6e4,bridge,hard,Alvaro Mexia had a diplomatic mission with which tribe of indigenous people?,Alvaro Mexia | Indigenous peoples of Florida,"Alvaro Mexia | Indigenous peoples of Florida | Diplomatic mission | United States Mission to the European Union | Diplomatic bag | Embassy of the United States, Nairobi | Head of mission | High Commission of Australia, London | List of diplomatic missions of Azerbaijan | Embassy of China, London",1,1,,1,1,,1.0,1.0,,1.0,1.0
dense,per_question,5a78bd9b554299078472774a,bridge,hard,What nationality were social anthropologists Alfred Gell and Edmund Leach?,Alfred Gell | Edmund Leach,Edmund Leach | Alfred Gell | Thomas Hylland Eriksen | Social Anthropology (journal) | Aleksandar Bošković | Network Analysis and Ethnographic Problems | Association of Social Anthropologists | Coral Gardens and Their Magic | Participant observation | Muted group theory,1,1,,1,1,,1.0,1.0,,1.0,1.0
dense,per_question,5a7625e8554299109176e66a,bridge,hard,In which year was the King who made the 1925 Birthday Honours born?,1925 Birthday Honours | George V,1925 Birthday Honours | 1951 Birthday Honours | Birthday Honours | 2017 Birthday Honours | 2014 Birthday Honours | 2016 Birthday Honours | 1965 Birthday Honours | 2013 Birthday Honours | 2015 Birthday Honours | George V,1,1,,0,0,,0.5,0.5,,1.0,1.0
dense,per_question,5ae2dd2055429928c423950d,bridge,hard,"What is the county seat of the county where East Lempster, New Hampshire is located?","East Lempster, New Hampshire | Sullivan County, New Hampshire","East Lempster, New Hampshire | Lempster, New Hampshire | Miner Memorial Library | Sullivan County, New Hampshire | Dover, New Hampshire | Carroll County, New Hampshire | Steven D. Smith | Hampden County, Massachusetts | Woodsville, New Hampshire | Gardnerville Branch Jail",1,1,,0,1,,0.5,1.0,,1.0,1.0
dense,per_question,5abdf12255429976d4830a2f,bridge,hard,The Album Against the Wind was the 11th Album of a Rock singer Robert C Seger born may 6 1945. What was the Rock singers stage name ?,Against the Wind (album) | Bob Seger,Against the Wind (album) | Bob Seger | Ride Out (album) | Stranger in Town (album) | Heaven Knows (Robert Plant song) | 10 Hronia Mazi | Gary Cherone | Freudiana | Mark Britten | Anggun discography,1,1,,1,1,,1.0,1.0,,1.0,1.0
dense,per_question,5a88658955429938390d3f47,bridge,hard,Rostker v. Goldberg held that the practice of what way of filling armed forces vacancies was consitutional?,Conscription in the United States | Rostker v. Goldberg,"Rostker v. Goldberg | Franklin D. Roosevelt's record on civil rights | One Rank, One Pension | Armed Forces Covenant | Armed Forces Day (Poland) | Conscription in the United States | 2010 Kiev Victory Day Parade | September 16 military parade | Chief of the Defence Staff (Canada) | Fernando Tapias Stahelin",1,1,,0,0,,0.5,0.5,,1.0,1.0
dense,per_question,5a86ebac55429960ec39b6d6,bridge,hard,"Handi-Snacks are a snack food product line sold by what American multinational confectionery, food, and beverage company that is based in Illinois?",Handi-Snacks | Mondelez International,Handi-Snacks | Mondelez International | Snack Foods Limited | Snackbox Food Holdings | Robert's American Gourmet Food | Twisties | PepsiCo | Deep-fried peanuts | Canyon Creek Food Company | Rewrapped,1,1,,1,1,,1.0,1.0,,1.0,1.0
dense,per_question,5aba5d2e55429901930fa799,bridge,hard,"What was the name of a woman from the book titled ""Their Lives: The Women Targeted by the Clinton Machine "" and was also a former white house intern?",Monica Lewinsky | Their Lives,Their Lives | Monica Lewinsky | The White House Doctor | William H. Ginsburg | Once Upon a Secret | Lewinsky scandal | Mark D. Fabiani | Eric Schultz | Sheila Cavanagh | Gregory B. Craig,1,1,,1,1,,1.0,1.0,,1.0,1.0
dense,per_question,5ae5736e5542990ba0bbb2b3,bridge,hard,"When was the American lawyer, lobbyist and political consultant who was a senior member of the presidential campaign of Donald Trump born?",Paul Manafort | Trump campaign–Russian meeting,"Paul Manafort | Trump campaign–Russian meeting | Brad Parscale | Donald Trump presidential campaign, 2000 | David Urban | Tony Fabrizio | Donald Trump (Last Week Tonight) | Immigration policy of Donald Trump | Donald Trump in music | Protests against Donald Trump",1,1,,1,1,,1.0,1.0,,1.0,1.0
dense,per_question,5ae005b555429942ec259bec,bridge,hard,"In what year was the novel that Lourenço Mutarelli based ""Nina"" on based first published?",Crime and Punishment | Lourenço Mutarelli,Lourenço Mutarelli | The Birds on the Trees | 4 a.m. (novel) | The Golden Hour (novel) | Before We Say Goodbye | Crime and Punishment | Drained | Spirit of the Border | Three Comrades (novel) | Quando Eu Era Vivo,1,1,,0,0,,0.5,0.5,,1.0,1.0
dense,per_question,5a7759fc5542993569682d60,comparison,hard,Where are Teide National Park and Garajonay National Park located?,Garajonay National Park | Teide National Park,Garajonay National Park | Teide National Park | Crater Lake National Park | Alpine National Park | Roque Cinchado | North Cascades National Park | Glacier National Park Fund | Adenocarpus viscosus | Hermigua | Training centre for release of the Atma-energy,1,1,,1,1,,1.0,1.0,,1.0,1.0
dense,per_question,5a835478554299123d8c20ed,bridge,hard,How many copies of Roald Dahl's variation on a popular anecdote sold?,Mrs. Bixby and the Colonel's Coat | Roald Dahl,Roald Dahl | The Best of Roald Dahl | Roald Dahl: Collected Stories | Roald Dahl short stories bibliography | The Roald Dahl Treasury | The Collected Short Stories of Roald Dahl | Mrs. Bixby and the Colonel's Coat | Roald Dahl Children's Gallery | Roald Dahl's Willy Wonka (musical) | Roald Dahl Plass,1,1,,0,0,,0.5,0.5,,1.0,1.0
dense,per_question,5aba749055429901930fa7d8,comparison,hard,What occupation do Chris Menges and Aram Avakian share?,Aram Avakian | Chris Menges,Chris Menges | Aram Avakian | A World Apart (film) | Linda Mvusi | CrissCross | Made in Britain | Second Best (film) | End of the Road (1970 film) | 11 Harrowhouse | Cops and Robbers (1973 film),1,1,,1,1,,1.0,1.0,,1.0,1.0
dense,per_question,5abfb3425542990832d3a1c0,bridge,hard,Andrew Jaspan was the co-founder of what not-for-profit media outlet?,Andrew Jaspan | The Conversation (website),Andrew Jaspan | State media | 14ymedio | Accessible Media | EvidenceNetwork.ca | Vatican leaks scandal | Chicago Public Media | The Conversation (website) | 990WBOB | Advice column,1,1,,0,0,,0.5,0.5,,1.0,1.0
dense,per_question,5ac3165c5542995ef918c10a,bridge,hard,Which American film director hosted the 18th Independent Spirit Awards in 2002?,18th Independent Spirit Awards | John Waters,18th Independent Spirit Awards | 32nd Independent Spirit Awards | 28th Independent Spirit Awards | Independent Spirit Award for Best Cinematography | Independent Spirit Award for Best Editing | Independent Spirit Award for Best First Feature | Independent Spirit Awards | Mihai Mălaimare Jr. | John Waters | Silent Light,1,1,,0,0,,0.5,0.5,,1.0,1.0
dense,per_question,5ae53b545542990ba0bbb23c,bridge,hard,Where does the hotel and casino located in which Bill Cosby's third album was recorded?,Flamingo Las Vegas | Why Is There Air?,"Inside the Mind of Bill Cosby | Disco Bill | Why Is There Air? | At Last Bill Cosby Really Sings | The Original Jam Sessions 1969 | Bill Cosby Is a Very Funny Fellow...Right! | Bill's Best Friend | Hikky Burr | Yes, Yes, Yes | Flamingo Las Vegas",0,1,,0,0,,0.0,0.5,,0.3333333333333333,0.3333333333333333
dense,per_question,5ae224da554299234fd043ee,comparison,hard,Do the drinks Gibson and Zurracapote both contain gin?,Gibson (cocktail) | Zurracapote,Phillips Distilling Company | Gibson (cocktail) | Zurracapote | List of soft drinks by country | Soft drink | Gin pennant | Rubicon Drinks | Energy shot | CytoSport | Flaming beverage,1,1,,0,1,,0.5,1.0,,0.5,0.5
dense,per_question,5ae2b770554299495565db0f,bridge,hard,"In what month is the annual documentary film festival, that is presented by the fortnightly published British journal of literary essays, held? ",London International Documentary Festival | London Review of Books,London International Documentary Festival | Docville | Doc NYC | New Haven Documentary Film Festival | Chagrin Documentary Film Festival | FreedomFilmFest | British Journal | London Review of Books | British Journal of Social Psychology | Thomas Gordon (writer),1,1,,0,0,,0.5,0.5,,1.0,1.0
dense,per_question,5a80b3a9554299485f5986cc,bridge,hard,Tysons Galleria is located in what county?,"McLean, Virginia | Tysons Galleria","Tysons Galleria | Tysons, Virginia | Tysons Corner Center | Poughkeepsie Galleria | Spring Hill station | McLean station | Cobb Galleria Centre | McLean, Virginia | West McLean, Virginia | Scott's Run Nature Preserve",1,1,,0,0,,0.5,0.5,,1.0,1.0
dense,per_question,5a8e0a005542995085b373a1,bridge,hard,Bordan Tkachuk was the CEO of a company that provides what sort of products?,Bordan Tkachuk | Viglen,Bordan Tkachuk | Jonathan Michael Ansell | Terren Peizer | Viglen | Kingstone Companies | Cardinal Health | Clean Power Finance | Owens &amp; Minor | Compass Minerals | BankUnited,1,1,,0,1,,0.5,1.0,,1.0,1.0
dense,per_question,5ac1b8ee5542994d76dccedc,comparison,hard,"Which filmmaker was known for animation, Lev Yilmaz or Pamela B. Green?",Lev Yilmaz | Pamela B. Green,Pamela B. Green | Lev Yilmaz | Aryanto Yuniawan | Lev Kuleshov | AES+F | Pamela Gilbert | Pamela B. Davis | Eliezer ben Jacob I | Anani ben Sason | Seasoned Veteran,1,1,,1,1,,1.0,1.0,,1.0,1.0
dense,per_question,5adccd795542990d50227d2c,bridge,hard,In which city is the ambassador of the Rabat-Salé-Kénitra administrative region to China based?,Moroccan Ambassador to China | Rabat,Moroccan Ambassador to China | Rabat | Sinuiju Special Administrative Region | Liaison Office (Hong Kong) | Ilocos Region | Wolong Special Administrative Region | 2014 NPCSC Decision on Hong Kong | Hong Kong Basic Law | Visa policy of Hong Kong | Caraga,1,1,,1,1,,1.0,1.0,,1.0,1.0
dense,per_question,5a84c4135542994c784dda31,comparison,hard,Are Yingkou and Fuding the same level of city?,Fuding | Yingkou,"Yingkou | Roman Catholic Diocese of Yingkou | Tongcheng Subdistrict, Fuding | Yingkou Lanqi Airport | Yingkou East Railway Station | Fuding Railway Station | Fuding | Xiapu County | Taimushan Railway Station | Bayuquan Railway Station",1,1,,0,0,,0.5,0.5,,1.0,1.0
dense,per_question,5a85eed75542996432c5713b,bridge,hard,Where did the descendants of the group of black Indians associated with the Seminole people settle?,Black Seminoles | Mascogos,"Black Seminoles | Seminole | Seminole music | Seminole Nation of Oklahoma | Mascogos | Muscogee language | Seminole County, Oklahoma | Draining and development of the Everglades | Battle of Jupiter Inlet | Dhoolpet",1,1,,0,1,,0.5,1.0,,1.0,1.0
dense,per_question,5a774e9c55429972597f14f3,bridge,hard,David Huntsinger has worked with this gospel singer born in the month of July?,David Huntsinger | Larnelle Harris,David Huntsinger | Karen Clark Sheard | Larnelle Harris | Muyiwa Olarewaju | Just as I Am (Yolanda Adams album) | Latice Crawford | Kierra Sheard | Charles Charamba | Andraé Crouch | J-Shin,1,1,,0,1,,0.5,1.0,,1.0,1.0
dense,per_question,5ae738f75542991bbc9761c4,bridge,hard,What year was the brother of this first round draft pick by the Washington Redskins drafted?,Boss Bailey | Champ Bailey,Ron Snidow | Fred Hageman | Champ Bailey | Jeris White | Boss Bailey | LaRon Landry | Tom Draper | Robin Cole | Marc Parenteau | Anthony Woodson,0,1,,0,1,,0.0,1.0,,0.3333333333333333,0.3333333333333333
dense,per_question,5ac32b565542995ef918c154,bridge,hard,Where is the stadium at which 1964 Georgia Tech Yellow Jackets football team played their home game located? ,1964 Georgia Tech Yellow Jackets football team | Bobby Dodd Stadium,1964 Georgia Tech Yellow Jackets football team | 1987 Georgia Tech Yellow Jackets football team | Georgia Tech Yellow Jackets football | 1988 Georgia Tech Yellow Jackets football team | 1953 Georgia Tech Yellow Jackets football team | Bobby Dodd Stadium | 1959 Georgia Tech Yellow Jackets football team | 1980 Georgia Tech Yellow Jackets football team | Georgia Tech Yellow Jackets men's basketball | 1990 Georgia Tech Yellow Jackets football team,1,1,,0,0,,0.5,0.5,,1.0,1.0
dense,per_question,5abc8d75554299700f9d7900,bridge,hard,"Since 2 June 2017, The Leader of Fine Gael had been held by which Irish Fine Gael politician who has served as Taoiseach and Minister for Defence?",Leader of Fine Gael | Leo Varadkar,"Leader of Fine Gael | Liam Cosgrave | Fine Gael leadership election, 2017 | James Reilly (Irish politician) | Leo Varadkar | Simon Coveney | Enda Kenny | John Bruton | Frances Fitzgerald (politician) | Paddy O'Toole",1,1,,0,1,,0.5,1.0,,1.0,1.0
dense,per_question,5a8bb29b554299240d9c2089,bridge,hard,Which American film actor and dancer starred in the 1945 film Johnny Angel?,George Raft | Johnny Angel,Johnny Angel | Johnny Angel (song) | Shelley Fabares | George Raft | Johnny Angel Wendell | Johnny Lee Clary | Claudia Drake | William D. Russell (director) | Cool from the Wire | Gösta Prüzelius,1,1,,0,1,,0.5,1.0,,1.0,1.0
dense,per_question,5ab659e355429954757d324e,bridge,hard,hree Men on a Horse is a play by a playwright born in which year ?,George Abbott | Three Men on a Horse,Three Men on a Horse | DeObia Oparei | Jeffrey Stanley | Michael Wynne (playwright) | Sumie Tanaka | Bertha Runkle | George Abbott | James Roland MacLaren | Finn Iunker | Lenelle Moïse,1,1,,0,0,,0.5,0.5,,1.0,1.0
dense,per_question,5a8b8b3155429949d91db5d7,bridge,hard,What type of activity does Owner earnings and Warren Buffett have in common?,Owner earnings | Warren Buffett,Owner earnings | Warren Buffett | The Warren Buffett Way | Susan Buffett | Buffett Foundation | Howard Warren Buffett | Howard Graham Buffett | Susan Alice Buffett | George D. Buffett | TaeguTec,1,1,,1,1,,1.0,1.0,,1.0,1.0
dense,per_question,5ae7eaf65542994a481bbe1d,bridge,hard,When was the  former Indian cricketer who made his ODI debuts during the 2000 ICC KnockOut Trophy born? ,2000 ICC KnockOut Trophy | Zaheer Khan,2000 ICC KnockOut Trophy squads | 2000 ICC KnockOut Trophy | 1998 ICC KnockOut Trophy squads | 1998 ICC KnockOut Trophy Final | Sam Davies (cricketer) | Zaheer Khan | Guy Randall-Johnson | Peter Kingston-Davey | Lindum Sports Club Ground | Digswell Park,1,1,,0,0,,0.5,0.5,,0.5,0.5
dense,per_question,5a8c4c625542995e66a475a1,bridge,hard,"Which airplane was this Major test-flying after whom the base, that 514th Flight Test Squadron is stated at, is named?",514th Flight Test Squadron | Hill Air Force Base,514th Flight Test Squadron | 413th Flight Test Squadron | 419th Flight Test Squadron | 415th Flight Test Flight | 370th Flight Test Squadron | 417th Flight Test Squadron | 10th Flight Test Squadron | 339th Flight Test Squadron | 486th Flight Test Squadron | Hill Air Force Base,1,1,,0,0,,0.5,0.5,,1.0,1.0
dense,per_question,5a818387554299260e20a291,bridge,hard,"Based on a True Story... is an album by which country music star, with the single My Eyes?",Based on a True Story... | My Eyes (Blake Shelton song),My Eyes (Blake Shelton song) | Country Music Star No. 1 | Based on a True Story... | Old 8×10 | Randy Travis | This Is Me (Randy Travis album) | Stranger in the House (song) | Christy Sutherland | Keyed Up | Gruhn Guitars,1,1,,0,1,,0.5,1.0,,1.0,1.0
dense,per_question,5ab978855542996be2020512,bridge,hard,"Over how many centuries were the ""dwelling place of the dead"" built?",Flaming Feather | Montezuma Castle National Monument,List of oldest synagogues | Tabernacle | Heaven in Judaism | Château de Druyes | Oldest synagogues in the United Kingdom | Montezuma Castle National Monument | Vídbláin | Andlang | Flaming Feather | Inquiline,0,0,,0,0,,0.0,0.0,,0.16666666666666666,0.16666666666666666
dense,per_question,5ae63dad55429929b0807afe,bridge,hard,"When was the British author who wrote the novel on which ""Here We Go Round the Mulberry Bush"" was based born? ",Here We Go Round the Mulberry Bush (film) | Hunter Davies,Here We Go Round the Mulberry Bush (film) | Here We Go Round the Mulberry Bush (disambiguation) | Here We Go Round the Mulberry Bush | Here We Go Round the Mulberry Bush (Traffic song) | Michael Finnegan (song) | The Wheels on the Bus | Clive Donner | Christopher Mitchell (actor) | Roy Holder | Hunter Davies,1,1,,0,0,,0.5,0.5,,1.0,1.0
dense,per_question,5a7a455c5542994f819ef1a7,comparison,hard,"Who died first, George Archainbaud or Ralph Murphy?",George Archainbaud | Ralph Murphy,George Archainbaud | Ralph Murphy | Arthur Roberts (editor) | The Big Brain | Campus Confessions | Hoppy Serves a Writ | Flying with Music | Thrill of a Lifetime (film) | Alias French Gertie | Criminal Lawyer,1,1,,1,1,,1.0,1.0,,1.0,1.0
dense,per_question,5a7dcc775542990b8f503ab5,bridge,hard,Which component of shellite has the formula (ON)CHOH?,Picric acid | Shellite (explosive),Shellite (explosive) | Isopropyl alcohol | Aldonic acid | 1-Hexanol | Index of alcohol-related articles | Tetrakis(hydroxymethyl)phosphonium chloride | 1-Pentanol | Picric acid | Xylitol | Conductivity near the percolation threshold,1,1,,0,0,,0.5,0.5,,1.0,1.0
dense,per_question,5a887bc0554299206df2b2b6,bridge,hard,The Argentine PGA Championship record holder has won how many tournaments worldwide?,Argentine PGA Championship | Roberto De Vicenzo,Argentine PGA Championship | Roberto De Vicenzo | 2006 PGA Championship | Middle Atlantic PGA Championship | Northern California PGA Championship | 1939 PGA Championship | 1940 PGA Championship | 2018 PGA Championship | 2000 PGA Championship | 1977 PGA Championship,1,1,,1,1,,1.0,1.0,,1.0,1.0
dense,per_question,5a83880e554299123d8c214e,bridge,hard,Suicide's 1977 released album features a song based on what brand's comic character?,Ghost Rider (Suicide song) | Suicide (1977 album),Suicide (1977 album) | Ghost Rider (Suicide song) | Levolution (album) | In My Country There Is Problem | A Boy in a Man's World | A Week of Garfield | Deceit (Doctor Who novel) | Impossible Dream | Kiss (Carly Rae Jepsen album) | Nagaram (2010 film),1,1,,1,1,,1.0,1.0,,1.0,1.0
dense,per_question,5a879adb5542996e4f30887f,bridge,hard,What other political position did the person who introduced the DISCLOSE Act hold?,Chris Van Hollen | DISCLOSE Act,DISCLOSE Act | Public Law 113-167 | Campaign finance reform in the United States | Modernization of Investigative Techniques Act | Attorney misconduct | Hannah Gale | Abteilungsleiter (NSDAP) | Chris Van Hollen | State Secretary (Norway) | Vice President of Panama,1,1,,0,0,,0.5,0.5,,1.0,1.0
dense,per_question,5add11935542994734353827,comparison,hard,Were the bands Skin Yard and Ostava from the U.S.?,Ostava | Skin Yard,Skin Yard | Ostava | Skin Yard (album) | Jack Endino | Daniel House | Mark Arm | Gruntruck | Matt Cameron | Cat Butt | Chris Hanzsek,1,1,,1,1,,1.0,1.0,,1.0,1.0
dense,per_question,5a8c5569554299240d9c2126,comparison,hard,Are Daryl Hall and Gerry Marsden both musicians?,Daryl Hall | Gerry Marsden,Hall &amp; Oates | Gerry Marsden | Daryl Hall | Jonathan Wolfson | Live from Daryl's House | Did It in a Minute | Janna Allen | One on One (song) | Ferry Cross the Mersey | Don't Let the Sun Catch You Crying,1,1,,0,1,,0.5,1.0,,0.5,0.5
dense,per_question,5a75f0ea5542994ccc91866c,bridge,hard,What major truck road is located in Backford Cross?,A41 road | Backford Cross,"Backford Cross | U.S. Route 287 | A5117 road | U.S. Route 19 Truck (Pittsburgh) | A41 road | Strawberry Park, Cheshire | Al Haj FAW motors | Param, Rampur | Pureland Industrial Complex | Portland and Southwestern Railroad Tunnel",1,1,,0,1,,0.5,1.0,,1.0,1.0
dense,per_question,5a89f5815542993b751ca9c5,bridge,hard,In which role did Caroline Carver played in a 1999 Hallmark Entertainment made-for-TV fantasy movie?,Caroline Carver (actress) | The Magical Legend of the Leprechauns,Caroline Carver (actress) | The Boys Next Door (1996 film) | Donald J. Hall Jr. | La Femme Musketeer | Silver Bells (film) | Snow Queen (2002 film) | Family Plan | The Magical Legend of the Leprechauns | Snow White: The Fairest of Them All | You Me and Captain Longbridge,1,1,,0,0,,0.5,0.5,,1.0,1.0
dense,per_question,5a8d5fc6554299585d9e37c6,bridge,hard,"What's the name of the fantasy film starring Sarah Bolger, featuring a New England family who discover magical creatures around their estate?",Sarah Bolger | The Spiderwick Chronicles (film),The Spiderwick Chronicles (film) | The Moth Diaries (film) | Sarah Bolger | Barbie and the Secret Door | Identity Films | Magic in Harry Potter | As Cool as I Am (film) | Sinbad of the Seven Seas | John Ridge | Stormbreaker (film),1,1,,0,1,,0.5,1.0,,1.0,1.0
dense,per_question,5ac120c55542992a796dedfc,bridge,hard,Maxeda has been owned since 2004 by which American multinational equity firm?,Kohlberg Kravis Roberts | Maxeda,Maxeda | Manischewitz | Polycom | Leeds Equity Partners | Avenue Capital Group | HGGC | Mekong Capital | Lincolnshire Management | Kohlberg Kravis Roberts | Court Square Capital Partners,1,1,,0,0,,0.5,0.5,,1.0,1.0
dense,per_question,5ab7c1a955429928e1fe38c8,bridge,hard,The youngest daughter of Lady Mary-Gaye Curzon stars with Douglas Smith and Lucien Laviscount  in what 2017 film?,Cressida Bonas | The Bye Bye Man,Cressida Bonas | Lady Alexandra Curzon | One Night in Istanbul | Princess Olga of Hanover | Sian Powers | The Bye Bye Man | Love Beats Rhymes | Chainsaw (Scream Queens) | Bottom of the World (film) | Gelston Castle,1,1,,0,0,,0.5,0.5,,1.0,1.0
dense,per_question,5abd01205542992ac4f3819b,bridge,hard,Mummulgum is a stop on the Bruxner Highway before reaching the town on the banks of which river?,"Casino, New South Wales | Mummulgum","Mummulgum | Bruxner Highway | Goonellabah, New South Wales | Alstonville, New South Wales | Tenterfield, New South Wales | Tabulam | Wollongbar, New South Wales | Bonshaw, New South Wales | Richmond Valley Council | Casino, New South Wales",1,1,,0,0,,0.5,0.5,,1.0,1.0
dense,per_question,5ab69c25554299110f219a39,bridge,hard,"Which American audio engineer and clandestine chemist, who was a key figure in the San Francisco Bay Area hippie movement during the 1960s recorded the album ""Old and in the Way?""",Old and in the Way (album) | Owsley Stanley,"Owsley Stanley | Old and in the Way (album) | Gary Arlington | Jory Prum | Key System | Ragazzi Boys Chorus | Codornices Creek | San Francisco Bay Area Water Trail | Oakland, California | Association of Bay Area Governments",1,1,,1,1,,1.0,1.0,,1.0,1.0
dense,per_question,5a7b12a355429927d897bf2a,bridge,hard,When was the palace founded at which Columba de Dunbar died in 1435?,Columba de Dunbar | Spynie Palace,"Columba de Dunbar | George II, Earl of March | George I, Earl of March | Bishop Dunbar's Hospital | Gospatric, Earl of Northumbria | Earl of Dunbar | Mike Dunbar | Patrick IV, Earl of March | Haripur Barabari | Spynie Palace",1,1,,0,0,,0.5,0.5,,1.0,1.0
dense,per_question,5ae0006755429925eb1afbd3,bridge,hard,"Where is the Bubblegum Alley, that is similar to Gum Wall, located in California?","Gum Wall | San Luis Obispo, California","Bubblegum Alley | Gum Wall | Ouch! (gum) | Up Your Alley Fair | Digital Media Factory | Hollywood Star Lanes | Lower Louviers and Chicken Alley | Old US 67 Rest Area | Philadelphia Baseball Wall of Fame | San Luis Obispo, California",1,1,,0,0,,0.5,0.5,,0.5,0.5
dense,per_question,5ae305df5542992decbdcdc3,bridge,hard,"At what venue was the January 2, 2012 game featured the University of Louisville team?",2012 Louisville Cardinals football team | 2013 Sugar Bowl,2012 Louisville Cardinals football team | Parkway Field | 2013 Sugar Bowl | 2008 Fiesta Bowl | 1943 NAIA Division I Men's Basketball Tournament | 1956 NAIA Division I Men's Basketball Tournament | 1989 Cotton Bowl Classic | 1989 Fiesta Bowl | List of NBL Canada All-Stars | Dead or Alive 5 Plus,1,1,,0,1,,0.5,1.0,,1.0,1.0
dense,per_question,5a8574945542997b5ce3fffb,comparison,hard,"Which film was Oscar nominated, LaLee's Kin: The Legacy of Cotton or Gimme Shelter, the 1970 Rolling Stones documentary?",Gimme Shelter (1970 film) | LaLee's Kin: The Legacy of Cotton,LaLee's Kin: The Legacy of Cotton | Gimme Shelter (1970 film) | Gimme Shelter (album) | Baird Bryant | Gimme Shelter (disambiguation) | Gimme Shelter | Merry Clayton | Altamont Diary | Stanton Y. Hill | Keith Richards,1,1,,1,1,,1.0,1.0,,1.0,1.0
dense,per_question,5a7332935542991f9a20c67d,comparison,hard,"Which board game was published most recently, Pirate's Cove or Catan?",Catan | Pirate's Cove,Pirate's Cove | Catan: Seafarers | Catan Card Game | Catan | The Kids of Catan | The Rivals for Catan | Struggle for Rome (board game) | Catan Dice Game | Elasund | Catan: Cities &amp; Knights,1,1,,0,1,,0.5,1.0,,1.0,1.0
dense,per_question,5a80071f5542992bc0c4a684,bridge,hard,Alice David is the voice of Lara Croft in a video game developed by which company ?,Alice David | Tomb Raider (2013 video game),Alice David | Lara Croft | List of Tomb Raider media | Lara Croft and the Temple of Osiris | Lara Croft Go | Lara Croft and the Guardian of Light | Tomb Raider | Lara Croft: Tomb Raider | Tomb Raider III | Tomb Raider (2013 video game),1,1,,0,0,,0.5,0.5,,1.0,1.0
dense,per_question,5ae73c065542991e8301cc18,bridge,hard,"Which Eminem album included vocals from a singer who had an album titled ""Unapologetic""?",Numb (Rihanna song) | The Monster (song),Encore (Eminem song) | Rabid Neurosis | The Monster (song) | Numb (Rihanna song) | Drop the World | In Death Reborn | Barbara Higbie | List of songs recorded by Linkin Park | Better Off Alone | You and Me (Uniting Nations song),0,1,,0,1,,0.0,1.0,,0.3333333333333333,0.3333333333333333
dense,per_question,5a87d8215542994775f60800,bridge,hard,"This American crime film set in South Los Angeles was written and directed by the same director and writer of screenwriter of ""Street Kings"", ""End of Watch"", ""Sabotage"", ""Fury"" and what other film? ",David Ayer | Harsh Times,"South of 8 | Street Kings 2: Motor City | End of Watch | David Ayer | Harsh Times | Bonsallo Avenue | Central Avenue (Los Angeles) | Barriox13 | DoubleTree by Hilton Hotel Los Angeles Downtown | West Athens, California",0,1,,0,1,,0.0,1.0,,0.25,0.25
dense,per_question,5ac2ffbd554299677310267b,bridge,hard,SuperMansion starred the actress who had a recurring role as whom on Workaholics?,Jillian Bell | SuperMansion,SuperMansion | Jillian Bell | Jenna Dewan | Hilarie Burton | Helen Modern | Jeff Hephner | Jo Marie Payton | John Amos | Mitch Pileggi | John Pappas,1,1,,1,1,,1.0,1.0,,1.0,1.0
dense,per_question,5a7c960655429935c91b5244,bridge,hard,"The 1974 Texas Tech Raiders football team represented what public research university in Lubbock, Texas?",1974 Texas Tech Red Raiders football team | Texas Tech University,1974 Texas Tech Red Raiders football team | 2016 Texas Tech Red Raiders football team | 2013 Texas Tech Red Raiders football team | 1986 Texas Tech Red Raiders football team | 2015 Texas Tech Red Raiders football team | 2009 Texas Tech Red Raiders football team | Texas Tech University | 2014 Texas Tech Red Raiders football team | Texas A&amp;M–Texas Tech football rivalry | 2012 Texas Tech Red Raiders football team,1,1,,0,0,,0.5,0.5,,1.0,1.0
dense,per_question,5a7d61775542991319bc93b9,bridge,hard,"During Siege of Bharatpur, which Commander-in-Chief of Ireland and Commander-in-Chief of India contributed to the storming of the castle?","Siege of Bharatpur | Stapleton Cotton, 1st Viscount Combermere","Siege of Bharatpur | Siege of Bharatpur (1805) | Stapleton Cotton, 1st Viscount Combermere | Lohagarh Fort | Commander-in-Chief, India | Claude Auchinleck | Bharatpur district | Bharatpur, Rajasthan | Vishvendra Singh | Maharaja Surajmal Brij University, Bharatpur",1,1,,0,1,,0.5,1.0,,1.0,1.0
dense,per_question,5ac1c6805542994ab5c67e11,bridge,hard,For what type of work is the production company for The Year Without a Santa Claus best known?,Rankin/Bass Productions | The Year Without a Santa Claus,The Year Without a Santa Claus | The Year Without a Santa Claus (2006 film) | Santa Claus: The Movie | Jonathan Meath | Santa's Workshop (Colorado) | Santa Claus in film | A Miser Brothers' Christmas | Larry Wilson (screenwriter) | Santa Claus Is a Black Man | Rankin/Bass Productions,1,1,,0,0,,0.5,0.5,,1.0,1.0
dense,per_question,5a7a230e5542996a35c170ee,bridge,hard,"What year was the film that starred the composer for ""The Naked Brothers Band""?",Nat Wolff | The Fault in Our Stars (film),The Naked Brothers Band (album) | The Naked Brothers Band: Music from the Movie | Alex Wolff | Nat Wolff | Nat and Alex Wolff | The Premiere (film) | Operation Mojo | I Don't Want to Go to School | Mystery Girl (film) | The Fault in Our Stars (film),0,1,,0,0,,0.0,0.5,,0.25,0.25
dense,per_question,5ae4627d5542991a06ce9a4d,bridge,hard,The author of Sexual Politics attended which British University?,Kate Millett | Sexual Politics,Sexual Politics | Harris G. Mirkin | Kate Millett | Susie Bright | Carol J. Adams | Shannon Bell | Contract with the World | Au Pairs (band) | British University Hurling Championship | C. V. Balakrishnan,1,1,,0,1,,0.5,1.0,,1.0,1.0
dense,per_question,5ac2d1d755429921a00ab053,comparison,hard,"Who had the best singles ranking, Roberta Vinci or Jorge Lozano?",Jorge Lozano | Roberta Vinci,Roberta Vinci | 2011 Barcelona Ladies Open – Doubles | 2015 Rogers Cup – Women's Doubles | Flavia Pennetta | 2015 Wimbledon Championships – Women's Doubles | Jorge Lozano | 1988 Volvo International – Doubles | 1994 Athens International – Doubles | Marta Domachowska | Morbo (band),1,1,,0,0,,0.5,0.5,,1.0,1.0
dense,per_question,5ab4e3065542990594ba9cb4,bridge,hard,Both Truth in Science and Discovery embrace what campaign?,Discovery Institute | Truth in Science,Truth in Science | Discovery Institute | Truth (anti-tobacco campaign) | Discovery Museum and Planetarium | Truth Initiative | Discovery Networks Benelux | Every Voice | I Am... Gabriel | The Last Embrace | Extrema (band),1,1,,1,1,,1.0,1.0,,1.0,1.0
dense,per_question,5ac298f9554299657fa28fc9,comparison,hard,"Josey Scott and Ian Watkins were both promising musicians. Which of these talented men was incarcerated, impacting his career with a rock band?",Ian Watkins (Lostprophets) | Josey Scott,Ian Watkins (Lostprophets) | Josey Scott | Lostprophets | Under Your Skin (album) | In It to Win It (Saliva album) | Always (Saliva song) | Where We Belong (Lostprophets song) | Family Reunion (Saliva song) | Shinobi vs. Dragon Ninja | We Bring an Arsenal,1,1,,1,1,,1.0,1.0,,1.0,1.0
dense,per_question,5ab6a2be554299710c8d1f08,bridge,hard,The movies Queen of Blood and Battle Beyond the Sun both contained scenes from what 1959 Soviet feature?,Battle Beyond the Sun | Queen of Blood,Battle Beyond the Sun | I Was a Satellite of the Sun | Queen of Blood | Girl Seeks Father | The Scarlet Flower (1952 film) | Tracker (1987 film) | All Costs Paid | Older Sister | Battle Beyond the Stars | The Key (1961 film),1,1,,0,1,,0.5,1.0,,1.0,1.0
dense,per_question,5a738d27554299623ed4abf3,bridge,hard,"Who was born first, Erika Jayne or Marco Da Silva",Erika Jayne | Marco Da Silva (dancer),"Erika Jayne | Marisa Letícia Lula da Silva | Marco Da Silva (dancer) | Emílio da Silva | Marco da Silva (French footballer) | Viscount of Cardoso da Silva | Marquinhos (footballer, born June 1989) | Café (musician) | José Graziano da Silva | Fortaleza Metro",1,1,,0,1,,0.5,1.0,,1.0,1.0
dense,per_question,5ab2a186554299295394677b,bridge,hard,"When did the English local newspaper, featuring the sculpture and war memorial in the Forbury gardens, change names?",Maiwand Lion | Reading Post,"Forbury Gardens | Spalding War Memorial | Maiwand Lion | Devon County War Memorial | Reading Post | The Forbury Hotel | Manchester Cenotaph | York City War Memorial | Dras War Memorial | St James's Church, Reading",0,1,,0,1,,0.0,1.0,,0.3333333333333333,0.3333333333333333
dense,per_question,5a8704f8554299211dda2ba4,bridge,hard,What is the name of the Isles who were led by Aonghus Mór and covered a total land area of over 8300 km2?,Aonghus Mór | Kingdom of the Isles,Kingdom of the Isles | List of rulers of the Kingdom of the Isles | Aonghus Mór | Lord of Islay | Geography of the Philippines | Jaluit Atoll | Protected areas of Himachal Pradesh | List of islands of Tasmania | National parks of Taiwan | Ashanti Region,1,1,,0,1,,0.5,1.0,,1.0,1.0
dense,per_question,5ab5ed505542997d4ad1f255,bridge,hard,"Who is Bruce Spizer an expert on, known as the most influential act of the rock era?",Bruce Spizer | The Beatles,Bruce Spizer | Cultural depictions of Elvis Presley | The Beach Boys | The Beatles | Christian Death | Cultural impact of the Beatles | Marsha Albert | Azra | Adam and the Ants | Cargo Records (Canada),1,1,,0,1,,0.5,1.0,,1.0,1.0
dense,per_question,5a77c1505542997042120b1b,bridge,hard,"Which song was behind the third single on the album  ""A Lot About Livin' (And a Little 'bout Love)"" for two weeks on the country charts?",Chattahoochee (song) | We'll Burn That Bridge,A Lot About Livin' (And a Little 'bout Love) | She's Got the Rhythm (And I Got the Blues) | High Lonesome (Randy Travis album) | Holler Back | Chattahoochee (song) | Steers &amp; Stripes | Alan Jackson albums discography | Tonight I Climbed the Wall | (Who Says) You Can't Have It All | We'll Burn That Bridge,0,1,,0,0,,0.0,0.5,,0.2,0.2
dense,per_question,5a88d745554299206df2b378,comparison,hard,What occupation was shared by David Yates and Pietro Germi?,David Yates | Pietro Germi,Pietro Germi | David Yates | Ottavio Alessi | Lipstick (1960 film) | Cineriz | Commedia all'italiana | The Testimony (1946 film) | Divorce Italian Style | Serafino (film) | Black 13,1,1,,1,1,,1.0,1.0,,1.0,1.0
dense,per_question,5ae748d1554299572ea547b0,bridge,hard,"Marcus Wayne Garland spent nine seasons with an American professional baseball team that is based in Baltimore, Maryland, and was one of the AMerican League's original eight charter franchises when the league was established in what year?",Baltimore Orioles | Wayne Garland,Wayne Garland | Baltimore Orioles | History of the Washington Senators (1901–60) | Detroit Tigers | List of Atlanta Braves managers | History of the Cleveland Indians | History of the Minnesota Twins | List of Detroit Tigers managers | Boston Red Sox | Guelph Royals (baseball),1,1,,1,1,,1.0,1.0,,1.0,1.0
dense,per_question,5a7a8a9c554299042af8f666,bridge,hard,The lamp used in many lighthouses is similiar to this type of lamp patented in 1780 by Aimé Argand?,Argand lamp | Lewis lamp,Lewis lamp | Argand lamp | Kerosene lamp | Hefner lamp | Carbon button lamp | Trouble light | Hollow-cathode lamp | Glow switch starter | Kudlik | Antoine Quinquet,1,1,,1,1,,1.0,1.0,,1.0,1.0
dense,per_question,5adffe7155429906c02daa9e,bridge,hard,"The songs from the sountrack to ""When Harry Met Sally"" are performed by a singer that has had how many top 20 US albums?",Harry Connick Jr. | When Harry Met Sally... (soundtrack),When Harry Met Sally... (soundtrack) | When Harry Met Sally... | Connie Sawyer | Meg Ryan | Nora Ephron | Dumb and Dumberer: When Harry Met Lloyd | Harry Connick Jr. | Bruno Kirby | Sunset Las Palmas Studios | Golden Gate University School of Law,1,1,,0,0,,0.5,0.5,,1.0,1.0
dense,per_question,5ab642845542995eadeeff8e,comparison,hard,Are Broughtonia and Laeliocattleya both orchids?,Broughtonia | Laeliocattleya,Laeliocattleya | Broughtonia | Broughtonia sanguinea | Caladenia | Paracaleana | Hawkinsara | William Henry Nicholls | Calochilus | Cattleytonia | Otaara,1,1,,1,1,,1.0,1.0,,1.0,1.0
dense,per_question,5a906a685542990a9849362e,bridge,hard,Where was the world cup hosted that Algeria qualified for the first time into the round of 16?,2014 FIFA World Cup | Algeria at the FIFA World Cup,Algeria at the FIFA World Cup | 2002 FIFA World Cup | Tertiary Student Rugby League World Cup | 2014 FIFA World Cup | 1968–69 in Belgian football | Ukraine national football team | Switzerland women's national football team | Orvar Bergmark | 2015 Cricket World Cup opening ceremony | 1991 Rugby World Cup,1,1,,0,1,,0.5,1.0,,1.0,1.0
dense,per_question,5a7633ad5542992db9473741,comparison,hard,"Which was fought earlier in our nation's history, the Seven Days Battles or the Battle of Manila?",Battle of Manila (1945) | Seven Days Battles,"Battle of Manila (1945) | Seven Days Battles | Seven Days Union order of battle | Seven Days Confederate order of battle | Battle of Port Republic | Battle of Gaines's Mill | Battle of Cross Keys | Battle of Malvern Hill | Northern Virginia Campaign | Savage's Station, Virginia",1,1,,1,1,,1.0,1.0,,1.0,1.0
dense,per_question,5a74ce9655429974ef308c6c,bridge,hard,"What retailer in ABQ Uptown is headquarted in Poole, Dorset, United Kingdom?",ABQ Uptown | Lush (company),"ABQ Uptown | Canford Cliffs | List of cider producers in Dorset | Poole Methodist Church | Lush (company) | Fire Radio | Viscount Trenchard | Baron de Mauley | Dorset County Council election, 2013 | Viscount Wimborne",1,1,,0,1,,0.5,1.0,,1.0,1.0
dense,per_question,5a713a5a5542994082a3e6a9,bridge,hard,What football club plays in the area between the old tool gates: Brook Bar and Trafford bar?,"Manchester United F.C. in European football | Old Trafford, Greater Manchester","Old Trafford, Greater Manchester | Trafford Bar tram stop | Gorse Hill | Manchester United F.C. | Manchester United F.C. in European football | Ragbi Klub Mornar Bar | Aquinas Old Collegians Football Club | Maxine's Tap Room | Trojans Rugby Football Club | ŠNK Radgona",1,1,,0,1,,0.5,1.0,,1.0,1.0
dense,per_question,5ab341f755429969a97a8114,bridge,hard,"The song ""Chim Chim Cher-ee"" can be heard  in the ""Mary Poppins"" scene of a Disney ride that debuted in what year?",Chim Chim Cher-ee | The Great Movie Ride,Chim Chim Cher-ee | My Kind of Town | Mary Poppins (song) | Mary Poppins (film) | A Man Has Dreams | I Love to Laugh | Step in Time | Mary Poppins Returns | The Great Movie Ride | Mary Poppins Opens the Door,1,1,,0,0,,0.5,0.5,,1.0,1.0
dense,per_question,5a8325b35542990548d0b18f,bridge,hard,"Who held the record for the longest service in the Australian Parliament for a woman, and was surpassed by  a former Australian politician who was the 29th Speaker of the House of Representatives?",Bronwyn Bishop | Kathy Sullivan (Australian politician),Kathy Sullivan (Australian politician) | Carol Martin | Roslyn Dundas | Philip Ruddock | Bronwyn Bishop | Bob Debus | Michael Atkinson | Peter Blacker | Mehmet Tillem | Richard Torbay,1,1,,0,1,,0.5,1.0,,1.0,1.0
dense,per_question,5ab9374b554299131ca422c6,bridge,hard,"Which man who presented the Australia 2022 FIFA World Cup bid was born on October 22, 1930?",Australia 2022 FIFA World Cup bid | Frank Lowy,Australia 2022 FIFA World Cup bid | Japan 2022 FIFA World Cup bid | Qatar 2022 FIFA World Cup bid | 2018 and 2022 FIFA World Cup bids | South Korea 2022 FIFA World Cup bid | United States 2022 FIFA World Cup bid | Russia 2018 FIFA World Cup bid | Indonesia 2022 FIFA World Cup bid | Morocco 2026 FIFA World Cup bid | Frank Lowy,1,1,,0,0,,0.5,0.5,,1.0,1.0
dense,per_question,5ae52c0f5542992663a4f12e,bridge,hard,What major city is the Faith Lutheran Middle School and High School located by?,"Faith Lutheran Middle School &amp; High School | Summerlin, Nevada","Faith Lutheran Middle School &amp; High School | Lutheran High School (La Verne, California) | Faith Lutheran High School | Faith Lutheran College, Redlands | Mentor High School | Paso Robles High School | Sullivan East High School | Port Charlotte High School | Summerlin, Nevada | Vernon Fox",1,1,,0,0,,0.5,0.5,,1.0,1.0
dense,per_question,5adbfbd555429947ff173893,bridge,hard,What British singer-songwriter hosted the 16th Annual Young Hollywood Awards?,2014 Young Hollywood Awards | Kelly Osbourne,2013 Young Hollywood Awards | 2014 Young Hollywood Awards | Young Hollywood Awards | 12th Youth in Film Awards | Maureen Dragone | 2003 Kids' Choice Awards | Penske Media Corporation | Puerto Roc Records | Kelly Osbourne | Jeremy Schoenberg,1,1,,0,0,,0.5,0.5,,0.5,0.5
dense,per_question,5ab7f0015542992aa3b8c88b,bridge,hard,Who did the Star and Dagger bass player marry?,Sean Yseult | Supagroup,Sean Yseult | Supagroup | Rodney Slatford | Didi Beck | Double Dagger | Even Steven Levee | Dave Meros | Zachary Throne | Winnebago Deal | Walkdown,1,1,,1,1,,1.0,1.0,,1.0,1.0
dense,per_question,5ac547525542993e66e822a3,bridge,hard,"In 2017, what was 3/4th of the organization that also has a Center for Veterinary Medicine as well as part of the U.S. Department of Health and Human Services, spent on?",Food and Drug Administration | Melarsomine,"New Bolton Center | United States Public Health Service | Food and Drug Administration | Ontario Veterinary College | Brenda McCowan | Center for Pan Asian Community Services, Inc. | Oyewale Tomori | Western University of Health Sciences | Supporting Healthy Marriage Project | Melarsomine",0,1,,0,0,,0.0,0.5,,0.3333333333333333,0.3333333333333333
dense,per_question,5a7cbf8c554299452d57b9f4,comparison,hard,"Which came out first, Dinosaur or McFarland, USA","Dinosaur (film) | McFarland, USA","McFarland, USA | Dinosaur (film) | Oryctodromeus | Comanchesaurus | Cinizasaurus | Cryptoraptor | Dakotadon | Sphaerotholus | Fruitadens | Mark Ciardi",1,1,,1,1,,1.0,1.0,,1.0,1.0
dense,per_question,5a7ddc5a5542995f4f4022da,bridge,hard,Both Bishop Carroll Catholic High School and Kapaun Mt. Carmel Catholic High School are located in which city in Kansas?,Bishop Carroll Catholic High School | Kapaun Mt. Carmel Catholic High School,"Bishop Carroll Catholic High School | Kapaun Mt. Carmel Catholic High School | Carmel High School (Mundelein, Illinois) | Spalding Catholic High School | Bishop Sullivan Catholic High School | Bishop Manogue High School | St. Petersburg Catholic High School | Monroe Catholic High School | Fremont School District 79 | John S. Burke Catholic High School",1,1,,1,1,,1.0,1.0,,1.0,1.0
dense,per_question,5a7a1cd85542990783324e65,bridge,hard,What was the 58th quadrennial American presidential election held after the 2016 Michigan Democratic primary?,"Michigan Democratic primary, 2016 | United States presidential election, 2016","Michigan Democratic primary, 2016 | United States presidential election, 1892 | United States presidential election, 1960 | United States presidential election, 2016 | United States presidential election, 2012 | 2044 election | United States presidential election, 1964 | United States presidential election, 1968 | United States presidential election, 1976 | United States presidential election, 2020",1,1,,0,1,,0.5,1.0,,1.0,1.0
dense,per_question,5ae0a59a55429945ae9593e2,bridge,hard,This Celtic ruler who was born in AD 43 ruled southeastern Britain prior to conquest by which empire?,Catuvellauni | Togodumnus,Roman conquest of Britain | History of Wales | Romano-British culture | History of England | Catuvellauni | Durotriges | Corieltauvi | Togodumnus | Sussex chicken | AD 43,0,1,,0,0,,0.0,0.5,,0.2,0.2
dense,per_question,5a8b987f5542997f31a41d7a,bridge,hard,"What is the name of the detective novelist parent of the author of '""Q"" Is for Quarry'?",&quot;Q&quot; Is for Quarry | Sue Grafton,&quot;Q&quot; Is for Quarry | Sue Grafton | Andy Straka | He Who Whispers | Lake District Mysteries | The Crooked Hinge | June Thomson | Rupaye Dus Karod | Rubislaw quarry | C. Hugh Holman,1,1,,1,1,,1.0,1.0,,1.0,1.0
dense,per_question,5a8739a05542994775f607ab,bridge,hard,What is the birthplace of the Senator who represents the first of 62 districts in the State Senate?,Kenneth LaValle | New York's 1st State Senate district,New York's 1st State Senate district | New York's 2nd State Senate district | New York's 3rd State Senate district | New York's 4th State Senate district | Steven Bradford | Kenneth LaValle | Andrea Stewart-Cousins | Nesting (voting districts) | Hawaii Senate | California State Senate,1,1,,0,0,,0.5,0.5,,1.0,1.0
dense,per_question,5ae67dba55429908198fa5f0,bridge,hard,The Memphis Hustle are based in a suburb of a city with a population of what in 2010?,"Memphis Hustle | Southaven, Mississippi","Memphis Hustle | West Memphis, Arkansas | Memphis metropolitan area | Covington, Tennessee | Millington, Tennessee | Southaven, Mississippi | Ellenbrook, Western Australia | Marion, Arkansas | Olive Branch, Mississippi | Lakeland, Tennessee",1,1,,0,0,,0.5,0.5,,1.0,1.0
dense,per_question,5a7b3f4d5542992d025e67bb,bridge,hard,"Which songwriting duo composed music for ""La La Land"", and created lyrics for ""A Christmas Story: The Musical""? ",A Christmas Story: The Musical | Pasek and Paul,List of accolades received by La La Land | La La Land (Demi Lovato song) | La La Land (soundtrack) | Pasek and Paul | A Christmas Story: The Musical | City of Stars | Audition (The Fools Who Dream) | Another Day of Sun | David and Sandy Reynolds-Wasco | Mary Zophres,0,1,,0,1,,0.0,1.0,,0.25,0.25
dense,per_question,5ae2dfd155429928c423951b,bridge,hard,"Which of the city at the south of Shelly Beach, New South Wales is a local government area in the Hunter region of New South Wales, Australia?","City of Newcastle | Shelly Beach, New South Wales","Shelly Beach, New South Wales | Shelly Beach (Manly) | City of Newcastle | Mount View, New South Wales | Unincorporated Far West Region | Gillieston Heights | Bucketty | Niagara Park, New South Wales | Grahamstown Dam | Yanco Agricultural High School",1,1,,0,1,,0.5,1.0,,1.0,1.0
dense,per_question,5ab6ba245542995eadef007f,comparison,hard,Are Bamboo Mañalac and Danny Jones both musicians?,Bamboo Mañalac | Danny Jones,"Bamboo Mañalac | Bamboo (band) | Kakoy Legaspi | Danny Jones | Rivermaya | As the Music Plays | No Water, No Moon | The Voice Teens (Philippine TV series) | The Voice of the Philippines | The Voice Teens (Philippines season 1)",1,1,,0,1,,0.5,1.0,,1.0,1.0
dense,per_question,5ab8854555429934fafe6e0c,bridge,hard,"Works by Hanna Leena Kristiina Varis are part of a collection in a museum that houses approximately 65,000 what?",Albertina | Hanna Varis,Hanna Varis | Albertina | Remington Model 51 | Gwangjang Market | Pakistan Air Force | United Negro College Fund | Karaboro languages | Darayim District | Amistad Dam Port of Entry | Marovoay,1,1,,1,1,,1.0,1.0,,1.0,1.0
dense,per_question,5a8eea4a5542990e94052bb7,bridge,hard,When was the Western Germanic language spoken from which the small settlement situated on the river Leda opposite Leer derives its name?,Leda (river) | Old Frisian,Leer | Leda (river) | English language | Old Saxon | Old Frisian | German language | Proto-Norse language | Dutch language | Afrikaans | Suorva,1,1,,0,1,,0.5,1.0,,0.5,0.5
dense,per_question,5a74c85055429916b0164218,bridge,hard,"Born on 6 March 1937, this man was also a citizen of the United Kingdom.",Alistair Grant | British people,"British people | Australian referendum, 1937 | Alistair Grant | Paul Méfano | Robin Bailie | Vatroslav Rožić | William Bonfield | Arild Nyquist | Valentina Tereshkova | Chawalit Kamutchati",1,1,,0,1,,0.5,1.0,,1.0,1.0
dense,per_question,5a88dcf9554299206df2b383,bridge,hard,"What country does Hatton Hill and Hatton Castle, Angus have in common?","Hatton Castle, Angus | Hatton Hill","Hatton Hill | Hatton Castle, Angus | Hatton Castle, Aberdeenshire | Hatton, Warwickshire | Hatton baronets | Hutton Castle | Auchterhouse Castle | Broughty Castle | Angus cattle | Lung Fu Shan Country Park",1,1,,1,1,,1.0,1.0,,1.0,1.0
dense,per_question,5a7625c7554299109176e668,bridge,hard,What podcast was the cheif executive officer of Nerdist Industries a guest on?,Chris Hardwick | Comedy Film Nerds,Nerdist Industries | The Nerdist Podcast | Comedy Film Nerds | The Drop-In (podcast) | Nerdist News | Jessica Chobot | Maltin on Movies | Chris Hardwick | Chloe Dykstra | Bobby Mehta,0,1,,0,0,,0.0,0.5,,0.3333333333333333,0.3333333333333333
dense,per_question,5ac0d83a554299294b219038,bridge,hard,Randall Cunningham II was a multi-sport athlete at the high school located in what Nevada city?,Bishop Gorman High School | Randall Cunningham II,Randall Cunningham II | Randall Cunningham | Vashti Cunningham | Bishop Gorman High School | Nevada Union High School | Ken Rose (gridiron football) | List of multi-sport athletes | David Masur | Adam Thielen | Guo Jie,1,1,,0,1,,0.5,1.0,,1.0,1.0
dense,per_question,5a790d8f554299029c4b5eec,bridge,hard,"Which English musician is known for both the songs ""See Yourself"" and ""Withing You Without You""?",See Yourself | Within You Without You,See Yourself | Within You Without You | Who Can See It | List of songs recorded by Syd Barrett | No Plan (EP) | Gem Archer | 5:55 | Love Songs: A Compilation... Old and New | We Laughed | Sharon Gannon,1,1,,1,1,,1.0,1.0,,1.0,1.0
dense,per_question,5ab2c5e255429916697740ba,bridge,hard,"Which professional ice hockey position does the Captain of the National Hockey League All-Star Game ""Away Team"" play?",60th National Hockey League All-Star Game | Jonathan Toews,60th National Hockey League All-Star Game | Ryan Johansen | National Hockey League All-Star Game | Jonathan Toews | Fred Doherty | 57th National Hockey League All-Star Game | NHL All-Star Skills Competition | 20th National Hockey League All-Star Game | Travis Richards | List of Stanley Cup champions,1,1,,0,1,,0.5,1.0,,1.0,1.0
dense,per_question,5abcfc365542993a06baf9d6,bridge,hard,"What year did the series on CBS, starring the actor who known for his role in ""Rebel Without a Cause,"" air?",CBS Television Workshop | James Dean,Jack Grinnage | Stewart Stern | Corey Allen | James Dean | Sal Mineo | CBS Television Workshop | Rebel Highway | Rebel Without a Pause | Jim Backus | Casey Braxton,0,1,,0,0,,0.0,0.5,,0.25,0.25
dense,per_question,5a8ee6915542990e94052bad,bridge,hard,"What season was the character introduced that becomes the main antagonist in the  following season, from the animated television series created by Bryan Konietzko and Michael Dante DiMartino as a sequel to """", which aired from 2005 to 2008? ",Kuvira | The Legend of Korra,Avatar: The Last Airbender (season 2) | Iroh | List of Avatar: The Last Airbender episodes | Kuvira | List of The Legend of Korra episodes | Avatar: The Last Airbender (season 3) | The Legend of Korra | Avatar: The Last Airbender (season 1) | Zaheer | Bolin (The Legend of Korra),0,1,,0,0,,0.0,0.5,,0.25,0.25
dense,per_question,5abba4855542993f40c73b68,bridge,hard,"Who were the directors of the 2009 American science fiction film starring the actor who played Dexter Morgan in the Showtime TV Network series ""Dexter""?",Gamer (film) | Michael C. Hall,"List of Dexter episodes | Dexter (TV series) | Michael C. Hall | Hello, Dexter Morgan | It's Alive! (Dexter) | The British Invasion (Dexter) | Vince Masuka | The Damage a Man Can Do | Sage Kirkpatrick | Gamer (film)",0,1,,0,0,,0.0,0.5,,0.3333333333333333,0.3333333333333333
dense,per_question,5ae0bae555429906c02dab08,bridge,hard,"Which travel parody series featured American actor, comedian, and radio host best known as the host of ""The Joe Schmo Show""?",Hidden America with Jonah Ray | Ralph Garman,Ralph Garman | List of The Joe Schmo Show episodes | The Joe Schmo Show | Matt Kennedy Gould | Lance Krall | Hidden America with Jonah Ray | Free Radio (TV series) | Robert Belushi | Stone Stanley Entertainment | Gretchen Palmer,1,1,,0,0,,0.5,0.5,,1.0,1.0
dense,per_question,5ab271fe554299449642c8a6,comparison,hard,Do The Importance of Being Icelandic and The Five Obstructions belong to different film genres ?,The Five Obstructions | The Importance of Being Icelandic,The Importance of Being Icelandic | Music composition and composers in Pristina | The Five Obstructions | Parody film | Three are Three | Buddy film | Poetical Refugee | Take 21 | Film laboratory | Jackie Lou Blanco,1,1,,0,1,,0.5,1.0,,1.0,1.0
dense,per_question,5a7997a2554299029c4b5f59,bridge,hard,Tefik Selim Mborja was a part of a party that held power in Albania until what year? ,Albanian Fascist Party | Tefik Mborja,"Tefik Mborja | Albanian Fascist Party | People's Socialist Republic of Albania | Swedish general election, 1982 | Hungarian Communist Party | Confederation of Mexican Workers | Bal'arab bin Himyar | Madras Legislative Assembly election, 1967 | Australian federal election, 1972 | United Bermuda Party",1,1,,1,1,,1.0,1.0,,1.0,1.0
dense,per_question,5add673e5542992ae4cec54d,bridge,hard,Joe Walker played for which team that ends their regular season with the Civil War rivalry game?,Joe Walker (American football) | Oregon Ducks football,Joe Walker (American football) | Civil War (college football game) | The Rivalry (Lehigh–Lafayette) | 1983 Oregon State vs. Oregon football game | Magnolia Bowl | Army–Navy Game | Battle for the Bell | Textile Bowl | Oregon Ducks football | Battle of the Blue,1,1,,0,0,,0.5,0.5,,1.0,1.0
dense,per_question,5ae819ac55429952e35eaa16,bridge,hard,"What station broadcast the episode ""Marry Me a Little, Marry Me a Little More"" , of the series created by Max Mutchnick and David Kohan?","Marry Me a Little, Marry Me a Little More | Will &amp; Grace","Marry Me a Little, Marry Me a Little More | David Kohan | Boston Common (TV series) | Pilot (Will &amp; Grace) | Partners (2012 TV series) | Good Morning, Miami | James Carroll (actor) | Four Kings | Will &amp; Grace | The Stones (TV series)",1,1,,0,0,,0.5,0.5,,1.0,1.0
dense,per_question,5aba65a055429939ce03dcd2,bridge,hard,Georges-Henri Bousquet translated the work of a historian who is of what heritage?,Georges-Henri Bousquet | Ibn Khaldun,Georges-Henri Bousquet | Latresne | Jean Portante | Don Bousquet | John Hirst (historian) | Armando Mook | Sally Gibson | Ibn Khaldun | Ghulam Nabi Firaq | Blackstone River and Canal Heritage State Park,1,1,,0,0,,0.5,0.5,,1.0,1.0
dense,per_question,5a87bada5542994846c1cddc,bridge,hard,In which city are the headquarters of the American research and scientific development company where Ravi Sethi worked as computer scientist located?,Bell Labs | Ravi Sethi,"Ravi Sethi | David H. Bailey | Nuria Oliver | Sethi–Ullman algorithm | Franz Josef Och | Bell Labs | Pharma Medica | Annie Easley | Compilers: Principles, Techniques, and Tools | Albanian University in Berat",1,1,,0,0,,0.5,0.5,,1.0,1.0
dense,per_question,5ae74fc45542997b22f6a6b4,bridge,hard,What is the full name of the viral respiratory disease in which Yi Guan's research helped to prevent the outbreak of?,Timeline of the SARS outbreak | Yi Guan,Yi Guan | Severe acute respiratory syndrome | Timeline of the SARS outbreak | Asthma-related microbes | Feline viral rhinotracheitis | SARS (disambiguation) | Journal of Thoracic Disease | Chronic Respiratory Disease | Irish Thoracic Society | Pulmonary rehabilitation,1,1,,0,1,,0.5,1.0,,1.0,1.0
dense,per_question,5adf65555542992d7e9f9334,bridge,hard,Which Kentucky Writers Hall of Fame author has had works published by Dim Gray Bar Press?,Dim Gray Bar Press | Wendell Berry,Wendell Berry | New York State Writers Hall of Fame | Dim Gray Bar Press | Melissa Fay Greene | Judith Ortiz Cofer | Blinkey Horn | Winfred Blevins | Jay Cronley | Nebula Award for Best Novel | Franci Cerar,1,1,,0,1,,0.5,1.0,,1.0,1.0
dense,per_question,5ade69e455429975fa854ec5,bridge,hard,What director worked with Vikram Bhatt on a film starring actors Rajneesh Duggal and Adah Sharma?,1920 (film series) | 1920 (film),Rajneesh Duggal | Ankahee (2006 film) | Udanchhoo | 1920 (film series) | Spark (2014 film) | 1920 (film) | Be Careful (film) | Anhoniyon Ka Andhera | Phhir | Inteha (2003 film),0,1,,0,0,,0.0,0.5,,0.25,0.25
dense,per_question,5ae057fd55429945ae959328,bridge,hard, Robert Smith founded the multinational company headquartered in what city?,General Mills | Robert Smith (Illinois politician),Robert Smith (Illinois politician) | Hyrum W. Smith | Corey Smith (artist) | RetailMeNot | Henkel | General Mills | Stevanato Group | Teleperformance | Namsung electronics | Equinix,1,1,,0,0,,0.5,0.5,,1.0,1.0
dense,per_question,5ab28019554299722f9b4d51,bridge,hard,What amount was the settlement that the character from the Son of al Quada got in 2017?,Omar Khadr | Son of al Qaeda,"Son of al Qaeda | Al Utouriya | Kasia Al Thani | List of largest pharmaceutical settlements | Fraley v. Facebook, Inc. | Omar Khadr | Mana Al Otaiba | Damian Wayne | Duty to settle | Tell El Sakan",1,1,,0,0,,0.5,0.5,,1.0,1.0
dense,per_question,5a75f79555429976ec32bcca,bridge,hard,"Considered the strongest recorded tropical cyclone, which cyclone had a film made about it in 2007?",1999 Odisha cyclone | Kathantara,2002–03 Australian region cyclone season | Cyclone Kesiny | Cyclone Donna | 1999 Odisha cyclone | Cyclone Gonu | 2011–12 South Pacific cyclone season | Cyclone Anne | Cyclone Hondo | Cyclone Esau | Kathantara,0,1,,0,0,,0.0,0.5,,0.25,0.25
dense,per_question,5adef80b5542993a75d263c4,bridge,hard,The 2000 British film Snatch was later adapted into a television series for what streaming service?,Snatch (TV series) | Snatch (film),Snatch (TV series) | Snatch (film) | Swedish Dicks | Romper Stomper (TV series) | AXN | Bajillion Dollar Propertie$ | Orange Is the New Black | Gilmore Girls: A Year in the Life | Please Twins! | Please Don't Eat the Daisies,1,1,,1,1,,1.0,1.0,,1.0,1.0
dense,per_question,5ae0aaf455429945ae959401,bridge,hard,Chris Williams last played for which football club from the National League North?,Chris Williams (English footballer) | Salford City F.C.,Chris Williams (English footballer) | Jack Truelove | National League North | National League (English football) | Curzon Ashton F.C. | Salford City F.C. | Gainsborough Trinity F.C. | National League South | Boston United F.C. | Spennymoor Town F.C.,1,1,,0,0,,0.5,0.5,,1.0,1.0
dense,per_question,5ab47d765542991751b4d78f,bridge,hard,Who designed the hotel that held the IFBB professional bodybuilding competition in September 1991?,1991 Mr. Olympia | Walt Disney World Dolphin,1991 Mr. Olympia | 1991 Ms. Olympia | 1980 Ms. Olympia | 1981 Ms. Olympia | 1975 Mr. Olympia | 2010 Ms. Olympia | 2011 Ms. Olympia | 2012 Ms. Olympia | 2017 Mr. Olympia | Walt Disney World Dolphin,1,1,,0,0,,0.5,0.5,,1.0,1.0
dense,per_question,5a7ed2c655429930675135e5,bridge,hard,"At the 71st Golden Globe Awards for television in 2013, what achievement did Breaking Bad, police sitcom Brooklyn Nine-Nine and American Hustle attain?",71st Golden Globe Awards | Brooklyn Nine-Nine,71st Golden Globe Awards | 51st Golden Globe Awards | 61st Golden Globe Awards | Breaking Bad | Brooklyn Nine-Nine | 31st Golden Globe Awards | Golden Globe Award for Best Animated Feature Film | Dancing on the Edge (TV series) | Scarface (soundtrack) | Flight of the Innocent,1,1,,0,1,,0.5,1.0,,1.0,1.0
dense,per_question,5ac3e0f7554299194317388b,bridge,hard,Which actor does American Beauty and American Beauty have in common?,American Beauty (1999 film) | American Beauty (soundtrack),"American Beauty (1999 film) | American Beauty (1927 film) | La Belle Américaine | List of accolades received by American Beauty | Christopher Greenbury | American Beauty (soundtrack) | Miss American Beauty 1963 | American Beauty/American Psycho Tour | Coty, Inc. | The Kids Aren't Alright (Fall Out Boy song)",1,1,,0,0,,0.5,0.5,,1.0,1.0
dense,per_question,5a7bae20554299294a54aa96,bridge,hard,Onika Tanya Maraj is a judge on a television show hosted by whom? ,American Idol (season 12) | Nicki Minaj,Nicki Minaj | Freedom Watch with Judge Napolitano | Sarah Palin's Alaska | Rewrapped | American Idol (season 12) | The Sarah Millican Television Programme | The House of Tiny Tearaways | Tómbola (TV series) | On the Ball (ITV television show) | The Apartment - Design Your Destiny,1,1,,0,1,,0.5,1.0,,1.0,1.0
dense,per_question,5ab8ee035542991b5579f04b,comparison,hard,Are Hot Rod and The Memory of Our People both magazines?,Hot Rod (magazine) | The Memory of Our People,Hot Rod (magazine) | The Memory of Our People | National Hot Rod Reunion | California Hot Rod Reunion | Rat rod | Hot Rod Lincoln | Fender Hot Rod Deluxe | Fender Hot Rod DeVille | Volvo T6 | Ala Kart (custom car),1,1,,1,1,,1.0,1.0,,1.0,1.0
dense,per_question,5a7a276d5542996c55b2dd27,bridge,hard,Who was Chamberlain and Colonel of the military staff of The Merrie Monarch?,Charles Hastings Judd | Kalākaua,Charles Hastings Judd | George W. Macfarlane | Staff (military) | James A. Winnefeld Jr. | Corps of Military Staff Clerks | Merrie Monarch Festival | Ottoman Military College | Aloha Dalire | Kalākaua | Muumuu,1,1,,0,0,,0.5,0.5,,1.0,1.0
dense,per_question,5a717d4c5542994082a3e854,comparison,hard,"Who has written more than 300 papers, Semyon Aranovich Gershgorin or Pavel Alexandrov?",Pavel Alexandrov | Semyon Aranovich Gershgorin,Pavel Alexandrov | Semyon Aranovich Gershgorin | Semyon Aranovich | Gershgorin circle theorem | Pavel Urysohn | Confrontation (TV series) | Rafferty (1980 TV series) | Alexandroff extension | The Year of the Dog (film) | Nerve of a covering,1,1,,1,1,,1.0,1.0,,1.0,1.0
dense,per_question,5ac02e31554299294b218f3f,bridge,hard,Which post DC Extended Universe actress will also play a role in what is intended to be the fifth installment of the DC Extended Universe?,Gal Gadot | Justice League (film),List of DC Extended Universe cast members | DC Extended Universe | Justice League (film) | Gal Gadot | Arrowverse | Wonder Woman (2017 film) | Aquaman (film) | Batman v Superman: Dawn of Justice | Suicide Squad (film) | Man of Steel (film),0,1,,0,1,,0.0,1.0,,0.3333333333333333,0.3333333333333333
dense,per_question,5a79ea435542996c55b2dc9e,bridge,hard,Who was the captain of the only battleship to provide gunfire support during the Vietnam War?,J. Edward Snyder | USS New Jersey (BB-62),J. Edward Snyder | Tonkin Gulf Yacht Club | USS New Jersey (BB-62) | Naval gunfire support | USS Trippe (FF-1075) | United States naval gunfire support debate | Operation Market Time | French battleship Jean Bart (1911) | Soviet cruiser Kirov | List of battleships of Italy,1,1,,0,1,,0.5,1.0,,1.0,1.0
dense,per_question,5ab7e4dc5542995dae37e9df,bridge,hard,"The Polar Bears featuring the voice of Armie Hammer, is also the same voice actor for which character in Cars 3?",Armie Hammer | The Polar Bears,The Polar Bears | Armie Hammer | Cars 3 | Cheech Marin | Ian Stirling (biologist) | Beatitude (album) | Kermode bear | Wapusk National Park | The Lone Ranger (2013 film) | Nagesh Bhonsle,1,1,,1,1,,1.0,1.0,,1.0,1.0
dense,per_question,5a834ed95542990548d0b1ca,comparison,hard,"Which tower is taller, 712 Fifth Avenue or Manhattan Life Insurance Building?",712 Fifth Avenue | Manhattan Life Insurance Building,Manhattan Life Insurance Building | New York Life Building | Flatiron Building | 712 Fifth Avenue | New York Life Insurance Building (Montreal) | Manhattan Life Insurance Company | Supreme Life Building | Francis H. Kimball | Whole life insurance | Physicians Mutual,1,1,,0,1,,0.5,1.0,,1.0,1.0
dense,per_question,5ab41d855542996a3a969f4b,bridge,hard,"Is the Pakistan fast bowler who joined the Kent County Cricket Club in June, 2011 a left-hand or right-hand batsmans?",Kent County Cricket Club in 2011 | Wahab Riaz,Kent County Cricket Club in 2011 | Kent County Cricket Club in 2013 | Kent County Cricket Club in 2010 | Wahab Riaz | Tom Caplen | Arthur Fielder | Doug Bollinger | List of Kent County Cricket Club captains | Wayne Parnell | Jack Mason,1,1,,0,1,,0.5,1.0,,1.0,1.0
dense,per_question,5a7b7ff75542995eb53be93d,comparison,hard,"Who was born first, Arthur Conan Doyle or Penelope Lively?",Arthur Conan Doyle | Penelope Lively,Adrian Conan Doyle | Sherlock Holmes (1916 film) | Arthur Conan Doyle | Sherlock Holmes (2010 film) | Douglas Ainslie | Penelope Lively | The Lost World (TV series) | The Adventure of the Empty House | Dead Man's Land | The Return of Sherlock Holmes (1929 film),0,1,,0,0,,0.0,0.5,,0.3333333333333333,0.3333333333333333
dense,per_question,5a7d19d85542995ed0d165e8,bridge,hard,The Tennessee Volunteers football team plays as a member for a conference in what city?,1984 Tennessee Volunteers football team | Southeastern Conference,1891 Tennessee Volunteers football team | 1899 Tennessee Volunteers football team | 1938 Tennessee Volunteers football team | 1983 Tennessee Volunteers football team | 1896 Tennessee Volunteers football team | Tennessee Volunteers football statistical leaders | 1985 Tennessee Volunteers football team | 1984 Tennessee Volunteers football team | 1930 Tennessee Volunteers football team | Southeastern Conference,0,0,,0,0,,0.0,0.0,,0.125,0.125
dense,per_question,5ae7ed17554299540e5a56a3,bridge,hard,Ernest Foot was the best friend of the fighter pilot who had how many victories?,Albert Ball | Ernest Foot,Ernest Foot | Manfred Meurer | Albert Ball | Egon Mayer | Lydia Litvyak | Paul Zorner | Ilmari Juutilainen | Fighter Pilot: Operation Red Flag | Ashley Rolfe | Ayesha Farooq,1,1,,0,1,,0.5,1.0,,1.0,1.0
dense,per_question,5ab2659e554299340b5254b2,bridge,hard,"From March 631 to April 631, Farrukhzad Khosrau V was the king of an empire that succeeded which empire?",Farrukhzad Khosrow V | Sasanian Empire,Farrukhzad Khosrow V | Hormizd VI | Khosrow IV | Duchy of Thuringia | Samo | Suintila | Sasanian Empire | Chach of Alor | Ashur-etil-ilani | Samo's Empire,1,1,,0,0,,0.5,0.5,,1.0,1.0
dense,per_question,5abd2eab5542992ac4f38210,bridge,hard,Which suburb is a soap opera featuring a character named Beverly Marshall set in?,Beverly Marshall | Ramsay Street,Beverly Marshall | Shaunna O'Grady | Alamo Heights SA | Katie Landers | Ramsay Street | Phil Mitchell | Roger Howarth | Victor Newman | The Greatest Gift (TV series) | John Black (Days of Our Lives),1,1,,0,1,,0.5,1.0,,1.0,1.0
dense,per_question,5abaf3195542996cc5e49f2c,bridge,hard,Which country did the Falkland Islands beat in the 2010 Commonwealth games that has eleven administrative divisions?,Gerald Reive | Samoa,Falkland Islands at the 2010 Commonwealth Games | Falkland Islands at the 2014 Commonwealth Games | Falkland Islands official football team | Gerald Reive | George Paice (bowls) | 2010 Commonwealth Games medal table | 2010 Commonwealth Games | Archery at the Commonwealth Games | Samoa | KTV Ltd.,0,1,,0,0,,0.0,0.5,,0.25,0.25
dense,per_question,5a791a97554299148911f9f2,bridge,hard,"Which Netflix series ""Unbreakable"" character is Elizabeth Claire Kemper known for playing?",Ellie Kemper | Kimmy Schmidt,Unbreakable Kimmy Schmidt | List of Unbreakable Kimmy Schmidt episodes | Ellie Kemper | Kimmy Schmidt | Azie Mira Dungey | Claire Temple (Marvel Cinematic Universe) | Claire Liddell | Sam Means | Wet Hot American Summer (series) | Brenda Bennett,0,1,,0,1,,0.0,1.0,,0.3333333333333333,0.3333333333333333
dense,per_question,5adf58f15542993a75d264d2,bridge,hard,"Which television series featured an actor who also performed in ""The Young Ones""?",Ade Edmondson | Bad News (band),"The Young Ones (TV series) | The Young Ones (video game) | Filthy Rich &amp; Catflap | Ade Edmondson | Oh, No! Not THEM! | David Mirkin | Carole Gray | Ben Elton | Roland Rat | Bad News (band)",0,1,,0,0,,0.0,0.5,,0.25,0.25
dense,per_question,5adc65e85542996e68525350,comparison,hard,Are both Dafeng District and Dazhou located in the same province?,Dafeng District | Dazhou,Dafeng District | Dazhou | Yandu District | Tinghu District | Sichuan–Shanghai gas pipeline,1,1,,1,1,,1.0,1.0,,1.0,1.0
dense,per_question,5a87ab9b5542996e4f3088c2,bridge,hard,"In what century did this Native warrior and chief, whose brother Tenskwatawa led the Tippecanoe order of battle, become the primary leader of a large, multi tribal confederacy?",Tecumseh | Tippecanoe order of battle,"Tippecanoe order of battle | Battle of Tippecanoe | Tecumseh's Confederacy | Tecumseh | Tenskwatawa | Prophetstown State Park | Battle of Fallen Timbers | Ziri ibn Atiyya | Kasi (Pashtun tribe) | Zafar, Yemen",1,1,,0,1,,0.5,1.0,,1.0,1.0
dense,per_question,5a738fe855429908901be2fb,bridge,hard,What film was written and directed by Joby Harold with music written by Samuel Sim?,Awake (film) | Samuel Sim,Samuel Sim | Blog Wars | Joby Talbot | By the Beautiful Sea (song) | King Arthur: Legend of the Sword | Robin Hood (2018 film) | Beautiful Young Minds | Awake (film) | Here (1954 song) | Gidget Goes to Rome,1,1,,0,0,,0.5,0.5,,1.0,1.0
dense,per_question,5a8c65a1554299585d9e3680,bridge,hard,What is the name of the ethnic group who settled in Canada in the 17th century that participated in a conflict with Irish Catholic immigrants in the Shiners' War?,French Canadians | Shiners' War,Shiners' War | History of Irish Americans in Boston | French Canadians | History of the Irish Americans in Philadelphia | Ancient Order of Hibernians | Czechs in Ukraine | Black Bermudian | Pingpu peoples | Oku people (Sierra Leone) | Americo-Liberians,1,1,,0,1,,0.5,1.0,,1.0,1.0
dense,per_question,5ac2bbd0554299218029db09,bridge,hard,The author of The Thing of It Is... is what Nationality?,The Thing of It Is... | William Goldman,The Thing of It Is... | Who Goes There? (collection) | The Most Incredible Thing | A Thing of Beauty | Australian property law | Creacionismo | Man Booker International Prize | Joshua D. Zimmerman | Viola Concerto (Walton) | William Goldman,1,1,,0,0,,0.5,0.5,,1.0,1.0
dense,per_question,5adf3e355542993a75d26440,bridge,hard,"How long is the bridge in the Öresund Region that connect Copenhagen, Denmark and Malmo, Sweden?",Øresund Bridge | Øresund Region,Øresund Region | Øresund Bridge | European route E47 | Copenhagen Malmö Port | Øresund | City Tunnel (Malmö) | Malmö Harbour Heliport | Öresund Committee | Bjarkøy Fixed Link | Sweden,1,1,,1,1,,1.0,1.0,,1.0,1.0
dense,per_question,5ae82ae555429952e35eaa71,bridge,hard,"Martin Patterson ""Pat"" Hingle was a close friend of an actor who achieved success in what Western TV series? ",Clint Eastwood | Pat Hingle,Pat Hingle | Kyle Craig | Damon Dark | Alie Ward | Clint Eastwood | Virginia Foster Durr | Longhorn Ballroom | Dr. Kildare (TV series) | A. C. Tirulokchandar | Dirás que estoy loco,1,1,,0,1,,0.5,1.0,,1.0,1.0
dense,per_question,5ac289ff5542996366519a02,comparison,hard,Is the Marsilea or the Brabejum the genus of more individual species of plants?,Brabejum | Marsilea,Marsilea | Marsilea minuta | Brabejum | Marsileaceae | Leptospermum | Araripesuchus wegeneri | Fen | Myiodynastes | Be'er Sheva fringe-fingered lizard | Sinocyclocheilus,1,1,,0,1,,0.5,1.0,,1.0,1.0
dense,per_question,5a7a5b3a5542996c55b2dd71,bridge,hard,What building is opposite the ceremonial meeting place of the Accession Council in the United Kingdom?,"Mark Masons' Hall, London | St James's Palace","Accession Council | St James's Palace | President of the Queen's Privy Council for Canada | Mark Masons' Hall, London | Great Hall of the People | Crowther Masonic Hall | Pollokshields Burgh Hall | Warriparinga | Grange Hall (Murphysboro, Illinois) | Blackman-Bosworth Store",1,1,,0,1,,0.5,1.0,,0.5,0.5
dense,per_question,5ab8688b55429934fafe6daa,bridge,hard,"What material did a hairdresser from Yorkshire, England invent that was named by his granddaughter?",Maurice Ward | Starlite,"Maurice Ward | Nidderdale Museum | Bedale | William Levett (baron) | Starlite | History of the East Riding of Yorkshire | West Yorkshire Association Football League | Norman Yardley | University of Leeds | Bradley, North Yorkshire",1,1,,0,1,,0.5,1.0,,1.0,1.0
dense,per_question,5a7a3a945542996a35c17147,bridge,hard,One Raffles Place is one of the tallest skyscrapers in the city of Singapore and tallest in the wolrd outside North America until it was succeeded by a Building in city?,Bank of China Tower (Hong Kong) | One Raffles Place,One Raffles Place | One Raffles Link | Republic Plaza (Singapore) | Raffles Place | One Marina Boulevard | Chevron House | CapitaGreen | Raffles Place MRT Station | List of tallest buildings in São Paulo | Bank of China Tower (Hong Kong),1,1,,0,0,,0.5,0.5,,1.0,1.0
dense,per_question,5ab9b29c554299743d22ebae,comparison,hard,"Which case came first, Craig v. Boren or United States v. Paramount Pictures, Inc.?","Craig v. Boren | United States v. Paramount Pictures, Inc.","United States v. Paramount Pictures, Inc. | Craig v. Boren | Block booking | Criminal law in the Marshall Court | Criminal law in the Waite Court | United States v. Binion | Baker v. Nelson | City of Norwood v. Horney | R v Van der Peet | Lau Kong Yung v Director of Immigration",1,1,,1,1,,1.0,1.0,,1.0,1.0
dense,per_question,5a8b63fa55429950cd6afcd7,bridge,hard,What is the nickname of the city where Darling's Waterfront Pavilion is located?,"Bangor, Maine | Darling's Waterfront Pavilion","Darling's Waterfront Pavilion | Oleson Park Music Pavilion | Corus Quay | Concord Pavilion | Paulus Hook, Jersey City | Grandview Park Music Pavilion | Kertha Gosa Pavilion | Sala (architecture) | Silver Line Way (MBTA station) | Bangor, Maine",1,1,,0,0,,0.5,0.5,,1.0,1.0
dense,per_question,5ade51b45542997c77adedf4,bridge,hard,The Kansas City Wizards have had three home venues in Kansas City in their time.  Which was their first?,Children's Mercy Park | CommunityAmerica Ballpark,2008 Kansas City Wizards season | 1999 Kansas City Wizards season | 1997 Kansas City Wizards season | 1998 Kansas City Wizards season | Children's Mercy Park | CommunityAmerica Ballpark | All-time Sporting Kansas City roster | Shawnee Mission District Stadium | MLS Cup 2004 | Curt Johnson (soccer),0,1,,0,0,,0.0,0.5,,0.2,0.2
dense,per_question,5ae4c49a5542995dadf24400,bridge,hard,"Henry Hall is known for fighting in the Revolutionary War, and for being the first to successfully cultivate this food found in what type of bogs?",Cranberry | Henry Hall (American revolution),Henry Hall (American revolution) | John Adlum | List of fossils with consumulites | Blanket bog | Cranberry | Boortsog | Carnival Cravings | Historic Camden Revolutionary War Site | Robert Plampin | Cuisine of Karachi,1,1,,0,1,,0.5,1.0,,1.0,1.0
dense,per_question,5a7d3470554299452d57bb56,bridge,hard,A scam involving a male calling small town fast-food restaurants and pretending to be a police officer to have them strip search employees was turned into a movie of what name?,Compliance (film) | Strip search phone call scam,"Strip search phone call scam | Compliance (film) | Part-time job terrorism | Jacob D. Robida | Devyani Khobragade | Police perjury | A&amp;W Restaurants | Ringer Hut | Body cavity search | Coronado, Panama",1,1,,1,1,,1.0,1.0,,1.0,1.0
dense,per_question,5ae4f2c75542993aec5ec0fb,bridge,hard,"What airport serviced by American Airlines Shuttle, is also the largest airport in the New England region and 17th busiest in the U.S?",American Airlines Shuttle | Logan International Airport,American Airlines Shuttle | Logan International Airport | Denver International Airport | Pitt Meadows Airport | Charlotte Douglas International Airport | Dalian Zhoushuizi International Airport | Townsville Airport | Kazan International Airport | Eastern Air Lines Shuttle | Coimbatore International Airport,1,1,,1,1,,1.0,1.0,,1.0,1.0
dense,per_question,5ab1d7ac554299449642c7e6,comparison,hard,"Which genus has more species, Xanthoceras or Ehretia?",Ehretia | Xanthoceras,Xanthoceras | Ehretia,1,1,,1,1,,1.0,1.0,,1.0,1.0
dense,per_question,5a85cead5542991dd0999ea9,bridge,hard,What arcade game is named after the only player in major league history to have a 0.300 batting average for 7 consecutive seasons?,Frank Thomas (designated hitter) | Frank Thomas' Big Hurt,List of Major League Baseball batting champions | Dick Kauffman | Frank Crossin | Ron Herbel | 1921 Detroit Tigers season | Frank Thomas (designated hitter) | Jack Fox (baseball) | Chick Shorten | Germán Barranca | Frank Thomas' Big Hurt,0,0,,0,0,,0.0,0.0,,0.16666666666666666,0.16666666666666666
dense,per_question,5a73a7c755429978a71e9068,bridge,hard,What american actress/singer born in 1956 recorded the song Something there for beauty and the beast?,Paige O'Hara | Something There,Something There | Paige O'Hara | Anna Simpson | Evermore (Beauty and the Beast song) | Beauty and the Beast (Disney song) | Belle (Disney song) | Robby Benson | Marissa Perry | Be Our Guest | Belle (Disney),1,1,,1,1,,1.0,1.0,,1.0,1.0
dense,per_question,5a7f113d55429934daa2fcbe,bridge,hard,Which professional baseball player and National 1993 Baseball Hall of Fame inductee is featured in the Greatest Sports Legends anthology? ,Greatest Sports Legends | Reggie Jackson,Mickey Mantle | Babe Ruth | Greatest Sports Legends | Charles Teague (baseball) | Dizzy Dean | Tim Jorgensen | Reggie Jackson | Eddy Furniss | Robin Ventura | Emma Carney,0,1,,0,0,,0.0,0.5,,0.3333333333333333,0.3333333333333333
dense,per_question,5ae6828f5542996d980e7bb9,bridge,hard,Salisbury Woodland Gardens links a zoo with a park designed and built under the watchful eye of who?,"Salisbury Woodland Gardens, Blackpool | Stanley Park, Blackpool","Salisbury Woodland Gardens, Blackpool | Stanley Park, Blackpool | Sasquatched! The Musical | Toby Sibbick | Conferencier | Patan minara | List of The Thick of It characters | Double Trouble (U.S. TV series) | Kiyoshi Kohatsu | Charles de Lorme",1,1,,1,1,,1.0,1.0,,1.0,1.0
dense,per_question,5ab31864554299233954ff06,bridge,hard,What class of instrument does Apatim Majumdar play?,Apratim Majumdar | Sarod,Apratim Majumdar | Sarod | Keyboard glockenspiel | Experimental musical instrument | Udaka vadya | Sousaphone | Bukkehorn | Accompaniment | Asset classes | Chander Bari,1,1,,1,1,,1.0,1.0,,1.0,1.0
dense,per_question,5abe239355429976d4830a7d,bridge,hard,Jamie Harris is best known for his role as The Hook-Handed Man in a movie directed by who ?,Jamie Harris (actor) | Lemony Snicket's A Series of Unfortunate Events,"Jamie Harris (actor) | Badla Jatti Da | Usman Ally | Estelle Hemsley | Maurice Walsh | The Dragon, the Hero | Man Against the Mob | Lemony Snicket's A Series of Unfortunate Events | Midnight Sun (2006 film) | Jalam (film)",1,1,,0,0,,0.5,0.5,,1.0,1.0
dense,per_question,5ac2659b55429963665199a1,bridge,hard,"How many laps did Harry Prowell run during the 10,000 metres race at the 1967 Pan American Games?","10,000 metres | Harry Prowell","Harry Prowell | Dave Bailey (athlete) | Brian MacLaren | 10,000 metres | Ross MacKenzie (athlete) | Kavita Tungar | Nora Rocha | 2011 Pan American Games | European 10,000m Cup | 2015 Pan American Games",1,1,,0,1,,0.5,1.0,,1.0,1.0
dense,per_question,5ae058e855429945ae959331,comparison,hard,Are  Chrysalis and Look both women's magazines?,Chrysalis (magazine) | Look (UK magazine),Chrysalis (magazine) | Look (UK magazine) | List of magazines in Malaysia | List of magazines in Austria | Lifestyle magazine | List of magazines in Portugal | Customer magazine | Surfer hair | Transition House Association of Nova Scotia | Rick Wilber,1,1,,1,1,,1.0,1.0,,1.0,1.0
dense,per_question,5a7b8749554299294a54a9db,comparison,hard,"Which author has won more Pulitzer Prizes, Thomas Friedman or Henri Bergson?",Henri Bergson | Thomas Friedman,Thomas Friedman | 2011 Pulitzer Prize | Henri Bergson | Samuel Eliot Morison | Moina Mathers | Introduction to Metaphysics (Bergson) | Élan vital | Time and Free Will | Duration (philosophy) | Matter and Memory,1,1,,0,1,,0.5,1.0,,1.0,1.0
dense,per_question,5a864ff7554299211dda2af2,bridge,hard,"Yoann Lemoine, a French video director, has created music videos for Lana Del Rey, Katy Perry, and an orchestral country pop ballad by which top pop artist?",Back to December | Yoann Lemoine,Yoann Lemoine | Yayo (Lana Del Rey song) | Blue Jeans (Lana Del Rey song) | Lana Del Rey videography | Lana Del Rey (EP) | Video Games (song) | Lana Del Rey discography | Lana Del Ray (album) | Kill Kill (song) | Back to December,1,1,,0,0,,0.5,0.5,,1.0,1.0
dense,per_question,5ae4d3c95542990ba0bbb165,comparison,hard,In what city can a person find both the Nusretiye Clock Tower and the Eski Imaret Mosque be found?,Eski Imaret Mosque | Nusretiye Clock Tower,"Nusretiye Clock Tower | Clock Tower of Murshidabad | Hysen Pasha Mosque | Kumanovo Clock Tower | Azam mosque of Qom | Eski Imaret Mosque | Galle Clock Tower | Birgu Clock Tower | Clock Tower, Brighton | Tashkopryu Mosque",1,1,,0,0,,0.5,0.5,,1.0,1.0
dense,per_question,5ab7f97a5542991d322237ef,bridge,hard,"What is Opry Mills in Nashville, Tennessee?",Music City Queen | Opry Mills,Opry Mills | Grand Ole Opry | Ryman Auditorium | Music City Queen | Nashville Terminal Subdivision | Keith Bilbrey | John England &amp; the Western Swingers | The Bailey Brothers and the Happy Valley Boys | Bradley Gaskin | Infinity Cat Recordings,1,1,,0,1,,0.5,1.0,,1.0,1.0
dense,per_question,5a7b46e55542995eb53be8e5,bridge,hard,"Spaceware Sky Division II is manufactured by this subsidiary, which is one of twelve subdivisions of Inner Mongolia, China?",Ordos City | Spaceware Sky Vision II,Inner Mongolia First Machinery Group Corporation | Spaceware Sky Vision II | Inner Mongolia Medical University | Inner Mongolia University of Technology | Ejin–Hami Railway | G5511 Jining–Arun Expressway | Bu Xiaolin | Ordos City | 2011 Inner Mongolia unrest | Zhukaigou culture,1,1,,0,0,,0.5,0.5,,0.5,0.5
dense,per_question,5a879ba55542993e715abfc3,comparison,hard,"Which director had the longest career, Alain Resnais or Scott Sidney?",Alain Resnais | Scott Sidney,Scott Sidney | Alain Resnais | Life of Riley (2014 film) | Muriel (film) | Hiroshima mon amour | Last Year at Marienbad | Chris Marker | Julián Hernández (filmmaker) | The War Is Over (film) | Isle of Flowers,1,1,,1,1,,1.0,1.0,,1.0,1.0
dense,per_question,5ae4563e5542996836b02c7f,bridge,hard,"in 1999, Spirit Halloween LLC was purchased by a mall retailer that has how many stores in the United States and Canada ?",Spencer Gifts | Spirit Halloween,Spirit Halloween | Halloween Adventure | Spencer Gifts | Citadel Mall | Rolling Acres Mall | FedMart | The Crossings at Northwest | Warehouse store | Walt Whitman Shops | Eastern Hills Mall,1,1,,0,1,,0.5,1.0,,1.0,1.0
dense,per_question,5ab6ff3a5542991d3222372a,bridge,hard,James Fieser received his B.A. from what liberal arts work college that was founded in 1855?,Berea College | James Fieser,James Fieser | Liberal arts college | Macalester College | List of liberal arts colleges | Bard College Berlin | Work college | Alice Lloyd College | Berea College | Nancy K. Pearson | Altruism (ethics),1,1,,0,0,,0.5,0.5,,1.0,1.0
dense,per_question,5a7a46605542994f819ef1ad,bridge,hard,What year did Roy Rogers and his third wife star in a film directed by Frank McDonald?,Along the Navajo Trail (film) | Dale Evans,Frank McDonald (director) | Dale Evans | Song of Arizona | San Fernando Valley (film) | Rainbow Over Texas | Lights of Old Santa Fe | Sons of the Pioneers (film) | My Pal Trigger | Don't Fence Me In (film) | Along the Navajo Trail (film),1,1,,0,0,,0.5,0.5,,0.5,0.5
dense,per_question,5ade7a435542997c77adee3a,bridge,hard," The name ""Mountbatten-Windsor"" applies to male-line descendants of the Queen without royal styles and titles which is a Eurpean dynasty resulting in what family?",Mountbatten family | Mountbatten-Windsor,Mountbatten-Windsor | List of members of the House of Windsor | Mountbatten family | House of Capet | Cadet branch | Capetian dynasty | Zulu royal family | Duke of Leuchtenberg | Batonishvili | Line of succession to the former Egyptian throne,1,1,,0,1,,0.5,1.0,,1.0,1.0
dense,per_question,5ac1795f5542994ab5c67d5f,bridge,hard,Who is known for producing the documentary television series based on the book by science historian James Burke?,Connections (TV series) | James Burke (science historian),The Day the Universe Changed | James Burke (science historian) | Connections (TV series) | Cosmos: A Spacetime Odyssey | Richard Hammond's Engineering Connections | Sci Fi Science: Physics of the Impossible | National Geographic Explorer | Aaron Faulls | Ripley's Believe It or Not! (TV series) | Freaky Eaters (TLC series),1,1,,0,1,,0.5,1.0,,0.5,0.5
dense,per_question,5ab1e984554299340b525428,comparison,hard,which is larger Asante Traditional Buildings or Gulangyu?,Asante Traditional Buildings | Gulangyu,Asante Traditional Buildings | Gulangyu | Imanishi family's House | Groups of Traditional Buildings | Jeonju Hanok Village | Cultural Property (Japan) | Open-air museums in Slovakia | Omodos | Ballenberg | Museumsdorf Niedersulz,1,1,,1,1,,1.0,1.0,,1.0,1.0
dense,per_question,5a86769c5542994775f60776,bridge,hard,Armageddon in Retrospect was written by the author who was best known for what 1969 satire novel?,Armageddon in Retrospect | Kurt Vonnegut,Armageddon in Retrospect | Kurt Vonnegut | Satyricon | Claudia Durst Johnson | Little Big Man (novel) | Joanna Russ | Hugh Gallagher (humorist) | Jaroslav Hašek | The Magic Christian (novel) | José María Gironella,1,1,,1,1,,1.0,1.0,,1.0,1.0
dense,per_question,5ab7da6f55429928e1fe3928,bridge,hard,Patrick Kennedy is known for his collections of Irish  folktales from a province situated in which part of Ireland ?,Leinster | Patrick Kennedy (folklorist),Patrick Kennedy (folklorist) | Irish Fairy Tales | Jack and His Comrades | Brian Kennedy (singer) | Patrick Kennedy (1823–1858) | The Greek Princess and the Young Gardener | Seumas MacManus | Leinster | Sindhi folk tales | Amy Corzine,1,1,,0,0,,0.5,0.5,,1.0,1.0
dense,per_question,5ae497f15542995ad6573db8,bridge,hard,What NIFL Premier Intermediate League team did Sean Connor play for?,Lisburn Distillery F.C. | Sean Connor,Sean Connor | NIFL Premier Intermediate League | Northern Ireland Intermediate League | Sport &amp; Leisure Swifts F.C. | Northern Ireland Football League | Donegal Celtic F.C. | Newington Youth F.C. | Queen's University Belfast A.F.C. | Portstewart F.C. | Lisburn Distillery F.C.,1,1,,0,0,,0.5,0.5,,1.0,1.0
dense,per_question,5ae6f2a7554299572ea5464a,bridge,hard,"Which character does this protagonist, who secretly loves and marries a member of the rival house, of William Shakespeare's tragedy that has a fictional character Benvolio slay?",Benvolio | Romeo,Benvolio | Romeo | Juliet | Prince Hamlet | Shakespearean tragedy | Romeo and Juliet (1954 film) | Revenge tragedy | Macbeth | Anna Devane | Rory Williams,1,1,,1,1,,1.0,1.0,,1.0,1.0
dense,per_question,5adea9ea55429939a52fe934,bridge,hard,"What was the name of the fanzine that interviewed the Sex Pistols bassist when he was in the band ""The Flowers of Romance?""",Sid Vicious | The Flowers of Romance (band),The Flowers of Romance (band) | Sid Vicious | Nancy Spungen | The Idols with Sid Vicious | Glen Matlock | Ex Pistols | The Swindle Continues | Live at Winterland 1978 (Avengers album) | Bodies (Sex Pistols song) | Revolution in the Classroom,1,1,,1,1,,1.0,1.0,,1.0,1.0
dense,per_question,5a7caae75542996dd594b971,bridge,hard,"What, known as AAS, is commonly used in bodybuilding?",Anabolic steroid | Steroid use in Australia,Anabolic steroid | Methyltestosterone | Steroid use in Australia | Metandienone | Tensile testing | Trickle valve | Pox (drink) | STOLport | Belling-Lee connector | Docking (animal),1,1,,0,1,,0.5,1.0,,1.0,1.0
dense,per_question,5ac01bb8554299012d1db5a6,bridge,hard,"Which American character actor who starred on the television series ""Stargate SG-1"" (1997–2007) and appeared in ""Episode 8"" of ""Twin Peaks"" as a guest star?",Don S. Davis | Episode 8 (Twin Peaks),Don S. Davis | Stargate SG-1 (season 8) | Samantha Carter | George Hammond (Stargate) | Redemption (Stargate SG-1) | Vala Mal Doran | Stargate: Continuum | Stargate SG-1 | Lost City (Stargate SG-1) | Episode 8 (Twin Peaks),1,1,,0,0,,0.5,0.5,,1.0,1.0
dense,per_question,5abc3a65554299700f9d782d,bridge,hard,Candy Coburn has shared the stage with an American country music group with who playing guitar?,Candy Coburn | Lady Antebellum,Candy Coburn | Lady Antebellum | Highspeed Hayride | Hometown News | The Bama Band | Snapback (song) | Hanna–McEuen | Baby Girl (Sugarland song) | Heaven Bound (I'm Ready) | Carolina Rain,1,1,,1,1,,1.0,1.0,,1.0,1.0
dense,per_question,5ae3ff575542995dadf242aa,bridge,hard,What is the population according to the 2007 population census of the city in which the National Archives and Library of Ethiopia is located?,Addis Ababa | National Archives and Library of Ethiopia,National Archives and Library of Ethiopia | Addis Ababa | List of ethnic groups in Ethiopia | National Archives of Zambia | National Archives of Bangladesh | National Archives of Namibia | National Archives of Mauritania | Bibliothèque et Archives nationales du Québec | Religion in Ghana | Gaboš,1,1,,1,1,,1.0,1.0,,1.0,1.0
dense,per_question,5a89fb525542993b751ca9d6,bridge,hard,Which composer created Night Ferry first performed in 2012 at Symphony Center in Chicago?,Night Ferry (composition) | Symphony Center,"Night Ferry (composition) | Symphony Center | Proceed, Moon | Symphony No. 5 (Rouse) | Clarinet Concerto (Rouse) | Soundings (Carter) | The Seamstress (Clyne) | Spangled Unicorn | Alternative Energy (composition) | Anthology of Fantastic Zoology",1,1,,1,1,,1.0,1.0,,1.0,1.0
dense,per_question,5ab3d69255429969a97a81c9,bridge,hard,To which aircraft carrier was the VMF-213 Marine Fighting Squadron assigned to durning World War II?,USS Essex (CV-9) | VMF-213,VMF-213 | VMF-512 | VMF-222 | VMF-221 | VMF-452 | VMF-511 | VMF-111 | VMF-215 | VMF-236 | USS Essex (CV-9),1,1,,0,0,,0.5,0.5,,1.0,1.0
dense,per_question,5ac5199a5542994611c8b38a,comparison,hard,Can Stenocereus and Pachypodium both include tree like plants?,Pachypodium | Stenocereus,Pachypodium | Stenocereus | Pachypodium lealii | Coprosma repens | Parkia timoriana | Our Casuarina Tree | Durvillaea willana | Davey Tree Expert Company | Weak heap | Nitrogen assimilation,1,1,,1,1,,1.0,1.0,,1.0,1.0
dense,per_question,5ae048a255429924de1b708e,bridge,hard,What movie did Pitof direct which had an action-adventure tie-in video game based off of it in 2004?,Catwoman (film) | Catwoman (video game),Tron Evolution: Battle Grids | Lego Star Wars: The Video Game | X-Men: The Official Game | Star Trek (2013 video game) | Tron: Evolution | Lego Knights' Kingdom | Catwoman (video game) | Mighty Max (toyline) | Shrek Forever After (video game) | Catwoman (film),0,0,,0,0,,0.0,0.0,,0.14285714285714285,0.14285714285714285
dense,per_question,5a9068a95542990a98493621,bridge,hard,"on 16 January 1995 ""First Knight"" was being filmed at a studio located how far from Windsor ?",Filming of James Bond in the 1990s | Pinewood Studios,"Filming of James Bond in the 1990s | Pinewood Studios | Julia Ormond | 1995 Benson and Hedges Open | List of Home and Away characters (1995) | BBC World News | Sam Long | Donald Duffy | Danny Bakker (footballer, born 16 January 1995) | Kurama Tatsuya",1,1,,1,1,,1.0,1.0,,1.0,1.0
dense,per_question,5adf9dc3554299025d62a2e6,bridge,hard,"What is the name of the actress who has received a Drama Desk award and was part of the cast album for the 2007 Broadway production of the hit musical, ""Grease""?",Grease: The New Broadway Cast Recording | Laura Osnes,Grease: The New Broadway Cast Recording | Laura Osnes | Drama Desk Award for Outstanding Director | Drama Desk Award for Outstanding Solo Performance | Gerard Alessandrini | Open Admissions | Kenneth Posner | Brad Alexander | Nick Cordero | 9 to 5 (musical),1,1,,1,1,,1.0,1.0,,1.0,1.0
dense,per_question,5ae406245542995dadf242e2,bridge,hard,"Marion Greene was a health policy analyst for St. Judt Medical company, which had how many principal operations worldwide?",Marion Greene | St. Jude Medical,Everette James | Marion Greene | National Association for Public Health Policy | Diana Zuckerman | Sachin H. Jain | Health services research | California Center for Public Health Advocacy | St. Jude Medical | 25 Field Ambulance | Forward surgical teams,1,1,,0,0,,0.5,0.5,,0.5,0.5
dense,per_question,5ab6369655429953192ad2a1,comparison,hard,Which Genus has more species Eucryphia or Lepidozamia ?,Eucryphia | Lepidozamia,Eucryphia | Lepidozamia,1,1,,1,1,,1.0,1.0,,1.0,1.0
dense,per_question,5ae628f55542995703ce8b32,bridge,hard,"In what city was the Italian Baroque composer who composed a set of sonatas, titled Op. 5, born?","Antonio Vivaldi | Six Violin Sonatas, Op. 5 (Vivaldi)","Six Violin Sonatas, Op. 5 (Vivaldi) | Domenico Scarlatti | Antonio Vivaldi | Tomaso Albinoni | Luigi Rossi | Antonio Lotti | Lorenzo Ratti | Jean-Baptiste Senaillé | Francesco Scarlatti | George Frideric Handel",1,1,,0,1,,0.5,1.0,,1.0,1.0
dense,per_question,5adccdd55542992c1e3a2408,bridge,hard,"Meaning ""reddish water"" in Hawaiian, which location was Butch Van Artsdalen known for surfing 25-foot waves at?","Butch Van Artsdalen | Waimea Bay, Hawaii","Butch Van Artsdalen | Waimea Bay, Hawaii | Waimea | Waimea Canyon State Park | Lake surfing | Tow-in surfing | Mister Pipeline | Skimboarding | Donald West VanArtsdalen | Brylan Van Artsdalen",1,1,,1,1,,1.0,1.0,,1.0,1.0
dense,per_question,5abd1529554299114383a1e3,bridge,hard,What type of magazine is Eugene Habecker the chairman of?,Christianity Today | Eugene Habecker,Eugene Habecker | Christianity Today | Eugene R. Black Sr. | Edward E. Cox | Chasing Daylight (book) | Eugene Melnyk | Eugene Cross Park | QBB-95 | Type I Rifle | Type 4 rifle,1,1,,1,1,,1.0,1.0,,1.0,1.0
dense,per_question,5a78db8055429970f5fffdb2,bridge,hard,"Flyboys stars which actor who was nominated for an Academy Award for ""127 Hours""?",Flyboys (film) | James Franco,Flyboys (film) | 127 Hours | List of accolades received by 127 Hours | Danny Boyle | Academy Award for Best Film Editing | Treat Williams | 127 Hours (soundtrack) | James Franco | People Like Us (soundtrack) | Silicon Imaging,1,1,,0,0,,0.5,0.5,,1.0,1.0
dense,per_question,5ab9debb55429955dce3ed97,bridge,hard,"The English actor Kris Marshall played which character in the highly rated comedy-drama television series ""Death in Paradise""?",Death in Paradise (TV series) | Kris Marshall,Death in Paradise (TV series) | Humphrey Goodman | Kris Marshall | List of Death in Paradise episodes | Murder City (TV series) | Citizen Khan | Ambulance (TV series) | Sold (TV series) | Metropolis (TV series) | My Family (series 1),1,1,,0,1,,0.5,1.0,,1.0,1.0
dense,per_question,5ae791ef55429952e35ea979,bridge,hard,In what month was the relief first officer of the flight that crashed on its way to Cairo with a stop in New York Born?,EgyptAir Flight 990 | Gameel Al-Batouti,EgyptAir Flight 990 | Gameel Al-Batouti | Colgan Air Flight 9446 | Air Tahoma Flight 185 | FedEx Express Flight 80 | Garuda Indonesia Flight 200 | LeRoy W. Homer Jr. Foundation | Summit Air Flight 409 | Third officer (aeronautics) | Aurelio Valle,1,1,,1,1,,1.0,1.0,,1.0,1.0
dense,per_question,5ab8f7535542991b5579f0a7,comparison,hard,Which film was released first: Sacred Planet or Oz the Great and Powerful?,Oz the Great and Powerful | Sacred Planet,Sacred Planet | Oz the Great and Powerful | The Marvelous Land of Oz | James Franco | Snegithiye | Compilation (The Clean album) | Deewana (1992 film) | Sneha (actress) | Game (2016 film) | Toys in the Attic (2009 film),1,1,,1,1,,1.0,1.0,,1.0,1.0
dense,per_question,5ac119335542992a796dede4,bridge,hard,I'd Come for You is a single by the band formed in what Alberta city?,I'd Come for You | Nickelback,I'd Come for You | The Famines (band) | Wool on Wolves | The Smalls | The Grassroot Deviation | Chixdiggit | Jane Vain and the Dark Matter | Dead Jesus | Nickelback | Beija Flor,1,1,,0,0,,0.5,0.5,,1.0,1.0
dense,per_question,5a7d2afd5542995f4f402221,comparison,hard,"Who is older, Ferdi Taygan or Mahesh Bhupathi?",Ferdi Taygan | Mahesh Bhupathi,Ferdi Taygan | Mahesh Bhupathi Tennis Academy | Mahesh Bhupathi | 2000 Wimbledon Championships – Men's Doubles | 1983 Volvo International – Doubles | 1982 U.S. Pro Indoor – Doubles | 1982 US Open – Mixed Doubles | 1983 Donnay Indoor Championships – Doubles | 1982 Volvo Masters – Doubles | 1982 French Open – Men's Doubles,1,1,,0,1,,0.5,1.0,,1.0,1.0
dense,per_question,5a8dd5f955429917b4a5bcc7,bridge,hard,"Other than racing, what sport does the 1998 champion of the Toyota GRand Prix practice?",1998 Toyota Grand Prix of Long Beach | Alex Zanardi,1998 Toyota Grand Prix of Long Beach | 2006 Toyota Grand Prix of Long Beach | 2014 Toyota Grand Prix of Long Beach | Toyota Pro/Celebrity Race | 2017 Toyota Grand Prix of Long Beach | 2013 Toyota Grand Prix of Long Beach | 2015 Toyota Grand Prix of Long Beach | 2016 Toyota Grand Prix of Long Beach | Ryan Hunter-Reay | Alex Zanardi,1,1,,0,0,,0.5,0.5,,1.0,1.0
dense,per_question,5a83a532554299334474606f,bridge,hard,Where did Ian Harland study prior to studying at the oldest college at the University of Cambridge?,"Ian Harland | Peterhouse, Cambridge","Ian Harland | Peterhouse, Cambridge | Wolfson College, Cambridge | UC Berkeley College of Natural Resources | Trinity Hall Boat Club | College of Charleston | Scott Christian College | Ismail Yusuf College | Doehling–Heselton Memorial Trophy | Campbell Field (Colorado)",1,1,,1,1,,1.0,1.0,,1.0,1.0
dense,per_question,5a90692f5542990a98493625,bridge,hard,In what 1997 American mystery crime film did Johnny Galecki start in?,Johnny Galecki | Suicide Kings,Suicide Kings | Johnny Galecki | The Mystery of the Yellow Room (1919 film) | Kingston: Confidential | The Law &amp; Harry McGraw | Herbert Brean | Mystic River (film) | The Renegades | Morgan's Ferry | Penny (The Big Bang Theory),1,1,,1,1,,1.0,1.0,,1.0,1.0
dense,per_question,5a7555215542996c70cfaee1,comparison,hard,"Which came to market first, ""Hey Pa! There's a Goat on the Roof"" or ""Poleconomy""",Hey Pa! There's a Goat on the Roof | Poleconomy,Hey Pa! There's a Goat on the Roof | Rove goat | Poleconomy | Chatta Bazaar | Pashmina | VELUX | Friendship Hall | Ford flathead V8 engine | Vetigel | Verão Vermelho,1,1,,0,1,,0.5,1.0,,1.0,1.0
dense,per_question,5a90580655429933b8a204ef,bridge,hard,What record did the Super Bowl XXXIV champions finish the regular-season with in 1999?,1999 St. Louis Rams season | 2000 Tennessee Titans season,Super Bowl XXXIV | Super Bowl XXXVII | 1999 St. Louis Rams season | 2000 Tennessee Titans season | List of Tennessee Titans seasons | Ted Plumb | Super Bowl LIII | Dré Bly | Bill Leavy | Ricky Proehl,0,1,,0,1,,0.0,1.0,,0.3333333333333333,0.3333333333333333
dense,per_question,5a88e605554299206df2b39c,bridge,hard,What is the population of the town at the intersection of Interstate Highways 77 and  the longest Interstate highway within the borders of Virginia?,"Interstate 81 in Virginia | Wytheville, Virginia","Interstate 81 in Virginia | Interstate 85 in Virginia | Interstate 40 in North Carolina | List of Interstate Highways in Maryland | List of Interstate Highways in Illinois | List of Interstate Highways in Texas | List of Interstate Highways in New York | Wytheville, Virginia | List of auxiliary Interstate Highways | 1962 Utah state route renumbering",1,1,,0,0,,0.5,0.5,,1.0,1.0
dense,per_question,5add67915542992200553af8,bridge,hard,What was the nickname of the hitman hired by an Italian American Criminal Organization?,Philadelphia crime family | Salvatore Testa,Joseph LoPiccolo (organized crime) | Philadelphia crime family | Mexican Mafia | Los Angeles crime family | Italian American One Voice Coalition | Salvatore Testa | National Italian American Sports Hall of Fame | Barrow Gang | The Sopranos | Operation Power Outage,1,1,,0,0,,0.5,0.5,,0.5,0.5
dense,per_question,5a8463545542990548d0b2a3,bridge,hard,What was the position of Jean Baptiste Androuet du Cerceau under the man who was King of the Polish-Lithuanian Commonwealth from 1573 to 1575?,Henry III of France | Jean Baptiste Androuet du Cerceau,Jacques Androuet II du Cerceau | Jean Androuet du Cerceau | Paul Androuet du Cerceau | Androuet du Cerceau | Jacques I Androuet du Cerceau | Henry III of France | Jean Baptiste Androuet du Cerceau | Warsaw Confederation | Jean Baptiste Assenede | Salomon de Brosse,0,0,,0,0,,0.0,0.0,,0.16666666666666666,0.16666666666666666
dense,per_question,5a74684655429929fddd8410,bridge,hard,"Which American music star appeared as a guest in a Will & Grace episode called ""Back Up, Dancer""?","Back Up, Dancer | Janet Jackson","Back Up, Dancer | Emily Bowker | Janet Jackson | Glee: The Music, The Power of Madonna | Joey Miyashima | My Generation (talk show) | It's Always Sunny in Philadelphia (season 6) | Old 8×10 | The Surreal Life: Fame Games | Let That Be Your Last Battlefield",1,1,,0,1,,0.5,1.0,,1.0,1.0
dense,per_question,5a835c9f5542992ef85e228a,bridge,hard,What army did the namesake of the ship launched as the München in 1930 fight in during the American Revolutionary War?,Friedrich Wilhelm von Steuben | SS General von Steuben,SS General von Steuben | MV Empire Windrush | HMS Vulture (1776) | Friedrich Wilhelm von Steuben | USS Zeilin (APA-3) | HMS Swan (1767) | USS Proton (AG-147) | Robert Plampin | United States Army | Tobago (1793 ship),1,1,,0,1,,0.5,1.0,,1.0,1.0
dense,per_question,5ae7edee554299540e5a56ad,bridge,hard,The Church of the Guanche People was founded in the city that is on the most populated island of what larger area?,Church of the Guanche People | Tenerife,"Church of the Guanche People | Guanche mummies | Tenerife | Mactan | Vilsandi | Pungdo | Karlsøy Church | Loppa Church | Wheeling Island | Bjørnøya, Haram",1,1,,0,1,,0.5,1.0,,1.0,1.0
dense,per_question,5a8ee4315542990e94052ba7,bridge,hard,What officially ended the first phase of the military conflict between the British Raj and the Emirate of Afghanistan from 1878 to 1880?,Second Anglo-Afghan War | Treaty of Gandamak,"Second Anglo-Afghan War | Emirate of Afghanistan | Treaty of Gandamak | Afghan Civil War (1996–2001) | Shagai Plateau | Bukhara operation (1920) | Edict of Amboise | 2010 Northern Hemisphere summer heat waves | Working Group on Internet Governance | Line 2, Suzhou Rail Transit",1,1,,0,1,,0.5,1.0,,1.0,1.0
dense,per_question,5a8cb288554299585d9e3726,bridge,hard,"The mass killing that took place at Oakland, California on April 2, 2012 was less deadly than the one that took place on October 1, 2015 in which state?",Oikos University shooting | Umpqua Community College shooting,Oikos University shooting | Umpqua Community College shooting | April 2007 Mosul massacre | Early-April 1957 tornado outbreak sequence | Račak massacre | Tezno massacre | Los Cabos International Film Festival | 1972 American League Championship Series | Gymnastics at the 2002 Asian Games | Robinson Ekspeditionen 2008,1,1,,1,1,,1.0,1.0,,1.0,1.0
dense,per_question,5adfbca255429942ec259b2c,bridge,hard,"When did the rock band that sang ""All Join Hands"" rise to prominence? ",All Join Hands | Slade,"All Join Hands | Join Hands | Crackers: The Christmas Party Album | The Rats (American band) | Tom Morello discography | Slade | The Joys of Living 2008–2010 | Playground Twist | Rise Above (Dirty Projectors album) | You're Gonna Go Far, Kid",1,1,,0,0,,0.5,0.5,,1.0,1.0
dense,per_question,5ae24abc5542994d89d5b3c3,bridge,hard,Where is the company that owns thanKing Horse pub restaurant chain based ?,Greene King | Hungry Horse,Hungry Horse | Greene King | The Works (restaurant) | VIP's | Piccadilly Pub | The Chessels | Chefette | Klenger Burger | Fazoli's | Todai (restaurant),1,1,,1,1,,1.0,1.0,,1.0,1.0
dense,per_question,5ab802085542990e739ec7ca,bridge,hard,What is the uppermost age range for the sort of fiction written by Alexander Gordon Smith?,Alexander Gordon Smith | Young adult fiction,Alexander Gordon Smith | Young adult fiction | Irish prose fiction | Grant Smith (footballer) | Escape from Furnace | The Inventors | George Gordon (bishop) | James Ogilvie | Junior school | Sugardaddyforme.com,1,1,,1,1,,1.0,1.0,,1.0,1.0
dense,per_question,5adfa3da554299025d62a317,bridge,hard,"What is the birthday of the actress who was the Duchess in ""The Revengers Tragedy""?",Diana Quick | Revengers Tragedy,Revengers Tragedy | Emily Jewell | The Duchess of Padua | The Revengers' Comedies | Revengers Tragedy (album) | Grand Duke's Official Birthday | Diana Quick | Revengers Tragedy (song) | Appius and Virginia | Murder of Grace Brown,1,1,,0,0,,0.5,0.5,,1.0,1.0
dense,per_question,5a76e88555429972597f13f4,bridge,hard,Which film starring Patrick Tatten is based on a book written by Steve Lopez?,Patrick Tatten | The Soloist,Njan Steve Lopez | Third and Indiana | Patrick Tatten | True Love (book) | Alencier Ley Lopez | Can't Buy Me Love (film) | Farhaan Faasil | The Soloist | The Three Lives of Thomasina | The Fear Merchants,0,1,,0,0,,0.0,0.5,,0.3333333333333333,0.3333333333333333
dense,per_question,5ac3ae475542995ef918c1e5,comparison,hard,Are Skeptical Inquirer and The Progressive Populist both tabloid-style magazines?,Skeptical Inquirer | The Progressive Populist,The Progressive Populist | Skeptical Inquirer | Kendrick Frazier | Wonder en is gheen Wonder | Susan Gerbic | CSICon | James Alcock | Barry Beyerstein | William R. Harwood | Exeter incident,1,1,,1,1,,1.0,1.0,,1.0,1.0
dense,per_question,5abffc41554299012d1db551,bridge,hard,"The 1984 film ""Marlene"" is a documentary about an actress born in what year?",Marlene (1984 film) | Marlene Dietrich,Marlene (1984 film) | Marlene Dietrich | Sara Botsford | Evelina Simonaho | Julie Ordon | Madhuri Dixit filmography | Gina Pareño | Lisa Wilcox | Daniela Castillo | Kishore Dang,1,1,,1,1,,1.0,1.0,,1.0,1.0
dense,per_question,5ae4c39f5542995dadf243fb,bridge,hard,Which former mill town is near Rivington Hall Barn?,Bolton | Rivington Hall Barn,"Rivington Hall Barn | Rivington Hall | Manor of Rivington | Stank Hall | Savage, Maryland | Bolton | Almonte, Ontario | Muddy Creek Forks Historic District | Baron Burnham | Wilton, Maine",1,1,,0,0,,0.5,0.5,,1.0,1.0
dense,per_question,5a79c6a55542994bb9457091,bridge,hard,"What prolific English engineer, who died on 15 December 1857, contributed to the advent of the hot air engine by way of their open cycle devices?",George Cayley | Hot air engine,Hot air engine | Stoddard engine | George Cayley | External combustion engine | Stephen Boreham | Gas-generator cycle | Piccard Balloons | Manson-Guise Engine | Daboll trumpet | Working fluid,1,1,,0,1,,0.5,1.0,,1.0,1.0
dense,per_question,5a7be5bd5542997c3ec972ba,comparison,hard,"Which dog is considered a giant dog breed, the  Leonberger or the Basset Hound?",Basset Hound | Leonberger,Leonberger | Basset Hound | Giant dog breed | Bulldog | Dog Tales (1958 film) | Barnyard Dawg | List of U.S. state dogs | Cão de Gado Transmontano | Fred Basset | Breed standard (dogs),1,1,,1,1,,1.0,1.0,,1.0,1.0
dense,per_question,5a7ec61a55429934daa2fc5f,comparison,hard,Are Staten Island Catapult and This Is Elvis both documentaries?,Staten Island Catapult | This Is Elvis,"Staten Island Catapult | Brian C. Bialiy | Staten Island Register | This Is Elvis | St. George, Staten Island | College of Staten Island Baseball Complex | Staten Island | Staten Island Borough Hall | Staten Island Technical High School | Staten Island Community Board 1",1,1,,0,1,,0.5,1.0,,1.0,1.0
dense,per_question,5a7cb9b95542990527d55515,bridge,hard,"What is the year of the event that occured first, Making Today a Perfect Day was produced, or Frozen was produced?",Frozen Fever | Making Today a Perfect Day,Making Today a Perfect Day | Perfect Day (Jim Jones song) | One Perfect Day (Lydia Denker song) | New Scandinavian Cooking | A Perfect Day (song) | Frozen Fever | Shaggy Dog Story (TV) | Naruto: Shippuden (season 21) | A Young Girl in 1941 with No Waist at All | Walk on the Wild Side (Lou Reed song),1,1,,0,0,,0.5,0.5,,1.0,1.0
dense,per_question,5a867089554299211dda2b30,comparison,hard,"Which magazine is published more often, Shonen Jump or Rolling Stone?",Rolling Stone | Shonen Jump (magazine),Shonen Jump (magazine) | Weekly Shonen Jump (American magazine) | Rolling Stone | Cross Manage | Kyosuke Usuta | Nisekoi | List of Bobobo-bo Bo-bobo chapters | List of Naruto chapters (Part I) | Black Clover | Rosario + Vampire,1,1,,0,1,,0.5,1.0,,1.0,1.0
dense,per_question,5ae1801955429901ffe4aec4,bridge,hard,Where is the Cocoa Krispies and former Superman sponsor located?,Adventures of Superman (TV series) | Kellogg's,Cocoa Krispies | Superman: Tower of Power | Kellogg's | 1 Wall Street Court | Conexus Arts Centre | Adventures of Superman (TV series) | Vodafone Events Centre | The O2 Arena | Musée Henri-Mathieu | Wisconsin Center,0,1,,0,0,,0.0,0.5,,0.3333333333333333,0.3333333333333333
dense,per_question,5a76387d554299109176e6ba,comparison,hard,Who was born first Am Rong or Ava DuVernay ?,Am Rong | Ava DuVernay,Emayatzy Corinealdi | Am Rong | Ava DuVernay | This Is the Life (2008 film) | ♯JusticeForFlint | Selma (film) | Takeshi Fukunaga | Howard Barish | Spencer Averick | Robert Glasper,1,1,,0,1,,0.5,1.0,,0.5,0.5
dense,per_question,5abd0d635542992ac4f381b8,bridge,hard,How many days did it take the Best New Artist of 2009 to sell 2 million copies of an album in the UK and break a twenty year old record?,Adele | Robson &amp; Jerome (album),List of Billboard 200 number-one albums of 2002 | Robson &amp; Jerome (album) | Encore (Eminem album) | Japan Record Award for Best New Artist | Adele | Every End of the Day | The Foundation (Zac Brown Band album) | MTV Video Music Award for Best New Artist | Premio Lo Nuestro 2003 | SAIC-GM-Wuling,1,1,,0,1,,0.5,1.0,,0.5,0.5
dense,per_question,5ae68fcb5542992ae0d1635b,bridge,hard,"""Ew!"" is a song by a television host born where?",Ew! | Jimmy Fallon,Ew! | Jason Byrne (comedian) | Zhu Xun | Jimmy Fallon | Mat Dan | Dayna Hart | Denis Latin | Erika Moulet | Susan Stafford | Jim Puplava,1,1,,0,1,,0.5,1.0,,1.0,1.0
dense,per_question,5ab28b12554299449642c8ee,bridge,hard,The northern English anglian Kingdom in the Humber estuary spoke what dialect of english?,Kingdom of Northumbria | Northumbrian dialect,Essex dialect | Kingdom of Northumbria | Northumbrian dialect | Cumbrian dialect | Humber Forts | Humberside | Humberhead Levels | South Ferriby | M180 motorway | Humber Warhawks,1,1,,0,1,,0.5,1.0,,0.5,0.5
dense,per_question,5a7133565542994082a3e65c,bridge,hard,"What Kentucky county has a population of 60,316 and features the Lake Louisvilla neighborhood?","Lake Louisvilla, Louisville | Oldham County, Kentucky","Lake Louisvilla, Louisville | Kentucky County, Virginia | Oldham County, Kentucky | Casey County, Kentucky | Benjamin Logan | John Logan (pioneer) | John Bowman (pioneer) | Battle of Blue Licks | Westervelt massacre | Tara Conner",1,1,,0,1,,0.5,1.0,,1.0,1.0
dense,per_question,5abbd3ac55429931dba1458b,comparison,hard,Are both Duke Energy and Affiliated Managers Group based in Massachusetts?,Affiliated Managers Group | Duke Energy,Duke Energy | Affiliated Managers Group | Duke Energy Florida | Progress Energy Inc | Crescent Communities | Sean Healey | Crystal River Energy Complex | Gulfstream Natural Gas Pipeline | Sabal Trail Transmission Pipeline | Darrell Crate,1,1,,1,1,,1.0,1.0,,1.0,1.0
dense,per_question,5a85ab905542994c784ddb35,bridge,hard,"Two positions were filled in The Voice of Ireland b which British-Irish girl group based in London, England?",The Saturdays | The Voice of Ireland (series 4),The Voice of Ireland (series 4) | List of Girls Aloud concert tours | The Saturdays | Headlines! | On Your Radar | Vanessa White | Higher (The Saturdays song) | Issues (The Saturdays song) | Forever Is Over | Notorious (The Saturdays song),1,1,,0,1,,0.5,1.0,,1.0,1.0
dense,per_question,5a8d93ad554299653c1aa13d,comparison,hard,"Who was also an actor, Serri or John Fogerty?",John Fogerty | Serri (singer),John Fogerty (engineer) | Joseph Fogerty Sr. | John Frederick Fogerty | John Fogerty | Serri (singer) | John Fogerty (album) | The Long Road Home | Rockin' All Over the World | Almost Saturday Night | Duke Tumatoe,0,1,,0,1,,0.0,1.0,,0.25,0.25
dense,per_question,5a886886554299206df2b258,bridge,hard,"What is the international football competition for women that Liu Ailing played in the 1991,1995, 1999 editions?",FIFA Women's World Cup | Liu Ailing,Liu Ailing | EAFF E-1 Football Championship (women) | EAFF E-1 Football Championship | FIFA Women's World Cup | Women's Nordic Football Championship | 2016 COTIF Tournament | Gambia women's national football team | Geri Donnelly | Togo women's national football team | 1929–30 British Home Championship,1,1,,0,1,,0.5,1.0,,1.0,1.0
dense,per_question,5a7c6bcc55429935c91b519c,bridge,hard,Rock Springs is a collection of short stories by an author born in what year?,Richard Ford | Rock Springs (short story collection),Rock Springs (short story collection) | Richard Ford | Richard Marsh (author) | A Good Man Is Hard to Find and Other Stories | Mai Al-Nakib | Ambulanse | Vacuum Diagrams | The Rest of the Robots | J. J. Syvrud | Richard Honaker,1,1,,1,1,,1.0,1.0,,1.0,1.0
dense,per_question,5a825bb455429940e5e1a874,bridge,hard,Folie à Deux is a studio album by the American rock band formed in which city?,Fall Out Boy | Folie à Deux (album),"Folie à Deux (album) | Welcome to the New Administration | Believers Never Die Tour Part Deux | America's Suitehearts | I Don't Care (Fall Out Boy song) | What a Catch, Donnie | Daughtry (album) | Headfirst Slide into Cooperstown on a Bad Bet | Steve Miller Band | Fall Out Boy",1,1,,0,0,,0.5,0.5,,1.0,1.0
dense,per_question,5a72a0be5542992359bc3143,bridge,hard,"This work of literature _______ , known by its Greek title Oedipus Tyrannus was argued by Sigmund Freud to be one of the greatest works of world literature in his 1928 article. ",Dostoevsky and Parricide | Oedipus Rex,Oedipus Rex | The Interpretation of Dreams | The Life and Work of Sigmund Freud | Freud: A Life for Our Time | Dostoevsky and Parricide | Critical approaches to Hamlet | Freud and Philosophy | Why Freud Was Wrong | The Assault on Truth | Peter Swales (historian),1,1,,0,1,,0.5,1.0,,1.0,1.0
dense,per_question,5ade15f35542997545bbbe47,bridge,hard,Katherine Waterston and Chrisann Brennan has what in common?,Chrisann Brennan | Katherine Waterston,Chrisann Brennan | Lisa Brennan-Jobs | Katherine Waterston | The Bite in the Apple | Manhattan Romance | Logan Lucky | The Current War | Fantastic Beasts and Where to Find Them (film) | Alien: Covenant | Inherent Vice (film),1,1,,0,1,,0.5,1.0,,1.0,1.0
dense,per_question,5a77cb5e55429967ab1052a7,bridge,hard,"The voice of Homer Simpson also voices what alien character in the television series ""The Simpsons""?",Dan Castellaneta | Kang and Kodos,Dan Castellaneta | Hubert Gagnon | Ned Flanders | Kang and Kodos | Grampa Simpson | Homer to the Max | Do the Bartman | Santa's Little Helper | Patty and Selma | Damon Dark,1,1,,0,1,,0.5,1.0,,1.0,1.0
dense,per_question,5a83aaeb5542996488c2e483,bridge,hard,What studio album did Kanye West record with Roc-A-Fella Records and soul singer Dwele?,My Beautiful Dark Twisted Fantasy | Power (Kanye West song),Graduation (album) | Late Registration | The College Dropout | Hip Hop Since 1978 | Watch the Throne | My Beautiful Dark Twisted Fantasy | Power (Kanye West song) | Flashing Lights (Kanye West song) | PRhyme | The People (Common song),0,0,,0,0,,0.0,0.0,,0.16666666666666666,0.16666666666666666
dense,per_question,5ac4392e5542997ea680ca32,comparison,hard,Were Enrique Carreras and Lionel Ngakane both filmakers during the 20th century? ,Enrique Carreras | Lionel Ngakane,Enrique Carreras | Lionel Ngakane | Enrique Grau | Enrique Echeverría | Manuel Quiroga (violinist) | John Darby (Dean of Chester) | Carreras Cigarette Factory | Lionel S. Reiss | Enrique Banchs | Conchita Badía,1,1,,1,1,,1.0,1.0,,1.0,1.0
dense,per_question,5a7f5c9f55429969796c1a0f,bridge,hard,The city that contains the Yunnan Provincial Museum is also known by what nickname?,Kunming | Yunnan Provincial Museum,Yunnan Provincial Museum | Kunming Museum | Kunming | Dian Lake | Luang Namtha Museum | Yangzong Lake | Xin Zhui | Dali–Ruili Railway | Flores Island Marine Provincial Park | Karel Dežman,1,1,,0,1,,0.5,1.0,,1.0,1.0
dense,per_question,5a8b770f5542995d1e6f13a7,bridge,hard,"Where is the singer of ""B Boy"" raised?",B Boy (song) | Meek Mill,B Boy Baby | B Boy (song) | Raz-B | B2K | Omarion | Imajin | The Journey (Immature album) | Dr. Freeze | Under the Blue Moon | Meek Mill,1,1,,0,0,,0.5,0.5,,0.5,0.5
dense,per_question,5ae3dc205542992f92d823a1,bridge,hard,The Column of Saint Zanobi  is a monumental marble column located just north of religious building with the status of what?,"Colonna di San Zanobi, Florence | Florence Baptistery","Colonna di San Zanobi, Florence | Alexander II Column in Odessa | Column of Phocas | Column of the Vicariate | Florence Baptistery | Piazza Colonna | Pestsäule, Vienna | Berlin Peace Column | San Jacinto Monument | Colonna dell'Abbondanza, Florence",1,1,,0,1,,0.5,1.0,,1.0,1.0
dense,per_question,5a7cf29255429909bec768b8,bridge,hard,The Ingerophrynus gollum is named after a character in a book that sold how many copies?,Ingerophrynus gollum | The Lord of the Rings,Ingerophrynus gollum | Ingerophrynus | Gollum | Gollum (genus) | Gollum: How We Made Movie Magic | The Lord of the Rings | Suanfa tongzong | From Unknown Worlds | The Burning Red | Cosmological interpretation of quantum mechanics,1,1,,0,0,,0.5,0.5,,1.0,1.0
dense,per_question,5a79f6ca554299029c4b5f90,bridge,hard,"What Danish eurodance group had a single called ""Barbie Girl"" which resulted in a lawsuit in 2002?","Aqua (band) | Mattel, Inc. v. MCA Records, Inc.","Aqua (band) | Lollipop (Candyman) | Mattel, Inc. v. MCA Records, Inc. | Doctor Jones | Daze (band) | Aquarium (Aqua album) | René Dif | Søren Rasted | Lene Nystrøm | Perfect Day (Cascada album)",1,1,,0,1,,0.5,1.0,,1.0,1.0
dense,per_question,5a8e3dc05542995085b37401,comparison,hard,"Which case was decided first, Selle v. Gibb or Reynolds v. Sims?",Reynolds v. Sims | Selle v. Gibb,Reynolds v. Sims | Selle v. Gibb | Charles Morgan Jr. | Reynolds v. Pegler | Reynolds v. United States | Criminal law in the Waite Court | George Reynolds (Mormon) | Jameel v Wall Street Journal Europe Sprl | West v. Barnes | Reynolds v Times Newspapers Ltd,1,1,,1,1,,1.0,1.0,,1.0,1.0
dense,per_question,5ade24e35542992fa25da6e6,bridge,hard,Mamie Gummer played the role of Nancy Crozier on the TV series airing on what network?,Mamie Gummer | The Good Wife,Mamie Gummer | Burt Gummer | The Good Wife | The Voice Kids (Arabic TV series) | Cool Center | Hank Zipzer's Christmas Catastrophe | The Lightkeepers | Love It or List It Vancouver | Kamen Rider Battle: Ganbaride | Pakdam Pakdai,1,1,,0,1,,0.5,1.0,,1.0,1.0
dense,per_question,5ab5f854554299637185c64e,bridge,hard,What country do both Adnan Akmal and Kamran Akmal represent in cricket?,Adnan Akmal | Kamran Akmal,"Adnan Akmal | Kamran Akmal | Mohammad Salman (cricketer, born 1981) | Umar Akmal | Kamran Rasheed | Imran Ali (cricketer, born 1985) | Zulqarnain Haider | 2013 East Africa Premier League | Lahore Qalandars in 2016 | 999 (Malaysian TV series)",1,1,,1,1,,1.0,1.0,,1.0,1.0
dense,per_question,5ab5b6c1554299637185c5e5,comparison,hard,Did Franki Valli sing with Hellogoodbye or The Four Seasons?,Hellogoodbye | The Four Seasons (band),Valli (album) | The Four Seasons (band) | Bobby Fox | Jersey Boys: Original Broadway Cast Recording | The Wonder Who? | Can't Take My Eyes Off You | My Eyes Adored You | Hellogoodbye | Dean Valli | Roy Roman,1,1,,0,0,,0.5,0.5,,0.5,0.5
dense,per_question,5ae25ed15542992decbdccd2,comparison,hard,Both Sorbaria and Goldenrod are a genus of more than 50 flowering plants?,Goldenrod | Sorbaria,Sorbaria | Goldenrod | Solidago curtisii | Solidago speciosa | Solidago elongata | Solidago rugosa | Solidago rupestris | Solidago ouachitensis | Solidago uliginosa | Brintonia,1,1,,1,1,,1.0,1.0,,1.0,1.0
dense,per_question,5ab808ea5542991d3222380e,bridge,hard,"What is the capacity of the Stadium, other than Kauffman Stadium, designed by Charles Deaton ? ",Arrowhead Stadium | Charles Deaton,Kauffman Stadium | Charles Deaton | Arrowhead Stadium | Truman Sports Complex | 2012 Major League Baseball All-Star Game | 2009 Kansas City Royals season | 2012 Kansas City Royals season | 2017 Kansas City Royals season | 2016 Kansas City Royals season | Sculptured House,1,1,,0,1,,0.5,1.0,,0.5,0.5
dense,per_question,5ae5072e55429960a22e0246,bridge,hard,"Who is the current drummer of the band who did the song ""What Lovers Do""?",Maroon 5 | What Lovers Do,Raimund Marasigan | What Lovers Do | Peter Morén (drummer) | Timothy &quot;Yogi&quot; Watts | Hans Orifice | Kent Stax | The Unguided | Mark Castillo | 4 Tune Kookies | Maroon 5,1,1,,0,0,,0.5,0.5,,0.5,0.5
dense,per_question,5ac01bca5542992a796dec8d,bridge,hard,What 2017 Christopher B. Landon directed American slasher film is Jessica Rothe starring in?,Happy Death Day | Jessica Rothe,Savage Weekend | Happy Death Day | Jessica Rothe | Scouts Guide to the Zombie Apocalypse | Fatal Games | My Bloody Valentine 3D | Parallels (film) | Paranormal Activity: The Marked Ones | Forever My Girl | The Preppie Connection,1,1,,0,1,,0.5,1.0,,0.5,0.5
dense,per_question,5adf34d35542993a75d26425,bridge,hard,Who was the president of the Sinn Fein political party during the Hume-Adams Dialogue?,Gerry Adams | Hume–Adams dialogue,Hume–Adams dialogue | Leader of Sinn Féin | History of Sinn Féin | Workers' Party of Ireland | Gerry Adams | Sinn Féin Front Bench | Republican Sinn Féin | Sinn Féin Republican Youth | Volunteer Political Party | Iraqi National Dialogue Council,1,1,,0,1,,0.5,1.0,,1.0,1.0
dense,per_question,5add67555542992ae4cec54e,comparison,hard,Which of these battles occurred earlier--the Battle of Peleliu or the Battle of Belleau Wood?,Battle of Belleau Wood | Battle of Peleliu,Battle of Belleau Wood | Battle of Peleliu | USS Belleau Wood | USS Belleau Wood (LHA-3) | Aisne-Marne American Cemetery and Memorial | American Expeditionary Forces | USS Belleau Wood (CVL-24) | Elmo M. Haney | Battle of Norfolk | Clifton B. Cates,1,1,,1,1,,1.0,1.0,,1.0,1.0
dense,per_question,5a8085705542992bc0c4a74b,bridge,hard,Garden Island Naval Chapel is the oldest Chistian chapel of a naval branch of what defence force?,Garden Island Naval Chapel | Royal Australian Navy,Garden Island Naval Chapel | Royal Australian Navy Heritage Centre | Royal Bahamas Defence Force | Royal Australian Navy | Vietnam People's Navy | Defence Long Service Medal | Defence Force Service Medal | List of ships of the Yugoslav Navy | Mohammad Anwar Mohammad Nor | Australian Transformation and Innovation Centre,1,1,,0,1,,0.5,1.0,,1.0,1.0
dense,per_question,5a756fa15542996c70cfaefb,bridge,hard,Július Satinský was born in a city that has a current population of what?,Bratislava | Július Satinský,"Július Satinský | Chernivtsi | Orbis Pictus (film) | Bratislava | Orlinda, Tennessee | Pune district | Gorontalo | Biratnagar | Sabaa Al Bour | Centro de Congresos Queretaro",1,1,,0,1,,0.5,1.0,,1.0,1.0
dense,per_question,5a7f6eab5542992097ad2f66,bridge,hard,"What was the name of the 19th century foundry which was located in a village directly across the Hudson River from Westpoint in Putnam County, New York?","Cold Spring, New York | Robert Parker Parrott","Hudson Highlands State Park | Jones Point, New York | Cold Spring, New York | Breakneck Brook | Robert Parker Parrott | Hudson River Valley Greenway | Garrison, New York | Bull Hill | New York State Route 121 | Cortland Condit House",0,1,,0,1,,0.0,1.0,,0.3333333333333333,0.3333333333333333
dense,per_question,5ae5e1345542996de7b71a50,bridge,hard,What fictional character created by Tom Clancy was turned into a film in 2002?,Jack Ryan (character) | The Sum of All Fears,Jack Ryan (character) | Sam Fisher (Splinter Cell) | The Sum of All Fears | Tom Clancy's Net Force Explorers: Cold Case | Tom Clancy's Net Force Explorers: Deathworld | Tom Clancy's Net Force Explorers: High Wire | Tom Clancy's Net Force Explorers: Duel Identity | Tom Clancy's Net Force Explorers: Death Match | Tom Clancy's Net Force Explorers: Gameprey | Tom Clancy's Splinter Cell: Pandora Tomorrow,1,1,,0,1,,0.5,1.0,,1.0,1.0
dense,per_question,5a72c6f65542994cef4bc402,bridge,hard,Wheat salad is composed typically of what red fruit?,Tomato | Wheat salad,Wheat salad | Fruit salad | Jello salad | Candle salad | Bean salad | Salad bar | Tomato | Crataegus pinnatifida | Pandanus conoideus | Wheat allergy,1,1,,0,0,,0.5,0.5,,1.0,1.0
dense,per_question,5a80ad7c5542992097ad3018,bridge,hard,What year did the biographical-comedy-crime film directed by Steven Soderbergh about the highest-level corporate executive whistleblower come out?,Mark Whitacre | The Informant!,Schizopolis | The Informant! | Out of Sight | Bubble (film) | Mark Whitacre | Gray's Anatomy (film) | And Everything Is Going Fine | The Knick | Contagion (film) | Logan Lucky,1,1,,0,1,,0.5,1.0,,0.5,0.5
dense,per_question,5a77a65b5542992a6e59df57,bridge,hard,"when was the album that includes the song by Dustin Lynch released to country radio on February 17, 2017?",Current Mood | Small Town Boy (song),"Dustin Lynch (album) | Current Mood | Small Town Boy (song) | Mind Reader (Dustin Lynch song) | Where It's At (album) | Seein' Red (Dustin Lynch song) | Where It's At (Yep, Yep) | Cowboys and Angels (Dustin Lynch song) | Kill the Lights (Luke Bryan album) | Adam Craig (singer-songwriter)",1,1,,0,1,,0.5,1.0,,0.5,0.5
dense,per_question,5a78b209554299148911f93e,comparison,hard,"Which playwright lived a longer life, Edward Albee or J. M. Barrie?",Edward Albee | J. M. Barrie,Reed A. Albee | Finding the Sun | Edward F. Albee Foundation | Edward Albee's At Home at the Zoo | The Zoo Story | Three Tall Women | J. M. Barrie | Edward Albee | Jack Gelber | Oppenheimer Award,0,0,,0,0,,0.0,0.0,,0.14285714285714285,0.14285714285714285
dense,per_question,5ab85a1155429934fafe6d7c,comparison,hard,Are both Rutgers University and Carnegie Mellon University located in America?,Carnegie Mellon University | Rutgers University,Carnegie Mellon University | Rutgers University | Carnegie Mellon University in Qatar | Gloriana St. Clair | Venkatesan Guruswami | CUPS (CMU) | David S. Touretzky | Lori L. Holt | Jeff Friedman | Dzvinia Orlowsky,1,1,,1,1,,1.0,1.0,,1.0,1.0
dense,per_question,5a8da81e554299068b959d7e,bridge,hard,"Vanessa Bley is what person who organizes and often finances concerts, plays, or operas, performing a role?",Impresario | Vanessa Bley,Vanessa Bley | Audra McDonald | Impresario | Mozarteum Argentino | Robert Nagy (tenor) | Joseph Anderer | Theater Erfurt | Shanghai Grand Theatre | Freight forwarder | Financial plan,1,1,,0,1,,0.5,1.0,,1.0,1.0
dense,per_question,5ab8f57b5542991b5579f097,comparison,hard,Were Thomas H. Ince and Joseph McGrath of the same nationality?,Joseph McGrath (film director) | Thomas H. Ince,Joseph McGrath (film director) | John Ince (actor) | Thomas Ince: Hollywood's Independent Pioneer | Thomas H. Ince | Ralph Ince | Elinor Kershaw | Château Élysée | The Coward (1915 film) | The Deserter (1912 film) | The Scourge of the Desert,1,1,,0,1,,0.5,1.0,,1.0,1.0
dense,per_question,5ab6bf6d55429953192ad372,comparison,hard,Are Phlebodium and Pieris both species of ferns?,Phlebodium | Pieris (plant),Phlebodium | Leptosporangiate fern | Phlebodium aureum | Pieris floribunda | Pieris (plant) | Tree fern | Pieris (butterfly) | Pieris canidia | Stephanitis takeyai | Sinopieris,1,1,,0,1,,0.5,1.0,,1.0,1.0
dense,per_question,5ae7385d5542992ae0d163da,bridge,hard,Bartlett's Bridge was built by the engineer who worked for the county seat of which Massachusetts county?,"Bartlett's Bridge | Worcester, Massachusetts","Bartlett's Bridge | Henry Covered Bridge (Ohio) | Eisenhower Bridge (Milton, Iowa) | Main Street Bridge (Charles City, Iowa) | Shinn Covered Bridge | Worcester, Massachusetts | Sutliff Bridge | Gardnerville Branch Jail | Old Allamakee County Courthouse (Lansing, Iowa) | Cerro Gordo County Courthouse (Iowa)",1,1,,0,0,,0.5,0.5,,1.0,1.0
dense,per_question,5a7dd9445542997cc2c474ac,comparison,hard,"Which novelist, J. G. Farrell or Louis Aragon, wrote of the political and human consequences of his country's colonial rule?",J. G. Farrell | Louis Aragon,J. G. Farrell | Louis Aragon | Les Chansons d'Aragon | L'affiche rouge | Origins of the Sri Lankan civil war | Human rights in Niger | Murree rebellion of 1857 | 1985 Hong Kong electoral reform | Mwambutsa IV of Burundi | Fort Diu,1,1,,1,1,,1.0,1.0,,1.0,1.0
dense,per_question,5ab446d455429942dd415f07,bridge,hard,What city did the characters from Gargoyles the Movie: The Heroes Awaken wake up in after being in an enchantedly petrified state for a thousand years?,Gargoyles (TV series) | Gargoyles the Movie: The Heroes Awaken,Gargoyles (TV series) | Gargoyles the Movie: The Heroes Awaken | Escalante Petrified Forest State Park | Shadow War | A Million Miles in a Thousand Years | Rainbow Girl | Race of a Thousand Years | Beer in Hungary | Quaternary | Desert kite,1,1,,1,1,,1.0,1.0,,1.0,1.0
dense,per_question,5ac497025542997ea680ca8d,bridge,hard,Who were the producers of the show for which Chris McKay made his feature film directorial debut?,Chris McKay | The Lego Batman Movie,Chris McKay | Peter McKay (cricketer) | The Lego Batman Movie | Brandon Dickerson | Spare Me (film) | Afflicted (film) | ATL (film) | You Can't Kill Stephen King | Paresh Mokashi | Chimères (film),1,1,,0,1,,0.5,1.0,,1.0,1.0
dense,per_question,5a7b7bed5542997c3ec971bc,bridge,hard,The Waterloo Vase has been used as a garden ornament at whose residence and administrative headquarters?,Buckingham Palace | Waterloo Vase,Waterloo Vase | Borghese Vase | Medici Vase | Garden ornament | Buckingham Palace | Suikinkutsu | Whirligig | Bird bath | Wind chime | Achalla,1,1,,0,1,,0.5,1.0,,1.0,1.0
dense,per_question,5a89706055429951533612f9,bridge,hard,Scott Sandelin grew up in a town in what Minnesota county?,"Hibbing, Minnesota | Scott Sandelin","Scott Sandelin | Lewiston, Dakota County, Minnesota | John Scott (ice hockey) | Mike Beard (politician) | Scott County Transit | Mankato, Minnesota | Hibbing, Minnesota | Martin Mahoney | Scottsburg Courthouse Square Historic District | Audra, Texas",1,1,,0,0,,0.5,0.5,,1.0,1.0
dense,per_question,5ac02edb554299294b218f41,bridge,hard,The 37th Disney animated feature film Tarzan features You'll be in my heart by which artist?,Tarzan (1999 film) | You'll Be in My Heart,You'll Be in My Heart | Tarzan (1999 film) | The Sword in the Stone (film) | Hercules (1997 film) | Beauty and the Beast (1991 film) | Dinosaur (film) | Home on the Range (2004 film) | Brother Bear | Peter Pan (1953 film) | Lady and the Tramp,1,1,,1,1,,1.0,1.0,,1.0,1.0
dense,per_question,5ab67772554299110f219a12,bridge,hard,What type of media does J. T. Petty and Outlast have in common?,J. T. Petty | Outlast,J. T. Petty | M Music &amp; Musicians | W. Morgan Petty | Outlast | Petty treason | High treason | Petit jury | Imprest system | Kegelhelm | Uterine cancer,1,1,,0,1,,0.5,1.0,,1.0,1.0
dense,per_question,5a7b65ab5542997c3ec97144,bridge,hard,"Where did the architect of the Governor's House, located in Knutsford, graduate from college?","Edmund Sharpe | Governor's House, Knutsford","Governor's House, Knutsford | Farr House | Dukenfield Hall | Edmund Sharpe | Thomas H. Gale House | Gateway College of Architecture and Design | Charles T. Holt House | Julia Morgan School for Girls | Feirstein Graduate School of Cinema | Jeff Hoover",1,1,,0,1,,0.5,1.0,,1.0,1.0
dense,per_question,5a760faa5542994ccc9186a8,bridge,hard," What is the latest album of Tim Hecker, the Canadian electronic music maker?","Ravedeath, 1972 | Tim Hecker","Radio Amor | Ravedeath, 1972 | Tim Hecker | Harmony in Ultraviolet | Love Streams (album) | An Imaginary Country | Virgins (Tim Hecker album) | Haunt Me, Haunt Me Do It Again | Mirages (album) | Music Maker (label)",1,1,,0,1,,0.5,1.0,,0.5,0.5
dense,per_question,5adbe1a7554299438c868cc3,bridge,hard,What is the name of this Fortune 500 American company that operates a chain of retail home improvement stores that sponsored House Rules?,House Rules (2003 TV series) | Lowe's,Lowe's | Pergament Home Centers | Brico Dépôt | BauMax | S.A.C.I. Falabella | EpiCentre K | Lithia Motors | House Rules (2003 TV series) | Yardbirds Home Center | Charlotte metropolitan area,1,1,,0,0,,0.5,0.5,,1.0,1.0
dense,per_question,5a80aeff5542996402f6a5eb,bridge,hard,"For what ""first"" was Ivory Lee Brown's nephew credited for in Heisman Trophy balloting?",Adrian Peterson | Ivory Lee Brown,Ivory Lee Brown | Reds Bagnell | Casey Weldon | Heisman curse | Darnell Autry | Bobby Humphrey | Kurt Burris | Adrian Peterson | 1964 Illinois Fighting Illini football team | Nick Eddy,1,1,,0,0,,0.5,0.5,,1.0,1.0
dense,per_question,5ae74890554299572ea547af,bridge,hard,"Haruki Murakami said that writing ""Dance Dance Dance"" had been a healing act after his unexpected fame following the publication of a novel published in which year ?",Dance Dance Dance (novel) | Norwegian Wood (novel),"Dance Dance Dance (novel) | Pinball, 1973 | The Wind-Up Bird Chronicle | Norwegian Wood (novel) | Dance Factory (video game) | Meiko Nakahara | Dance Dance Revolution Mario Mix | Dance Dance Revolution Disney Grooves | Dancing Stage Fusion | Dub-I-Dub",1,1,,0,1,,0.5,1.0,,1.0,1.0
dense,per_question,5ac3d9c9554299204fd21ea3,bridge,hard,Erica Packer was the second wife of what Australian businessman?,Erica Packer | James Packer,Erica Packer | James Packer | Trevor Kennedy | Polygamy in Morocco | Crazy John's | Leg of mutton nude | Brian Cook (football administrator) | Ben Roberts-Smith | Alan Cransberg | Dipangkorn Rasmijoti,1,1,,1,1,,1.0,1.0,,1.0,1.0
dense,per_question,5abc8620554299700f9d78e2,comparison,hard,What type of media does Bitter Jester and Sicko have in common?,Bitter Jester | Sicko,Bitter Jester | Hollywood Outlaw Movie | Jester | Sicko | Bitter electromagnet | Light cavalerie vodka | Zaječická hořká | Leucopaxillus gentianeus | Mırra | Ratafia,1,1,,0,1,,0.5,1.0,,1.0,1.0
dense,per_question,5a7b4bc35542992d025e67e0,bridge,hard,"What country does Eric A. Sykes and Eccles, Greater Manchester have ion common?","Eccles, Greater Manchester | Eric A. Sykes","Eccles, Greater Manchester | Eccles Interchange | Eric A. Sykes | Church of St Mary the Virgin, Eccles | Transport for Greater Manchester | Demography of Greater Manchester | Mayor of Greater Manchester | Greater Manchester Integrated Transport Authority | Greater Manchester County Council | Greater Manchester Police and Crime Commissioner",1,1,,0,1,,0.5,1.0,,1.0,1.0
dense,per_question,5a85dfcc5542994775f60673,bridge,hard,"What South Korean actor was a member of the pop duo TVXQ and stared in Heading to the Ground, a 2009 MBC television series?",Heading to the Ground | Yunho,List of TVXQ concert tours | List of songs recorded by TVXQ | Yunho | Changmin | Catch Me (album) | Live World Tour: Catch Me in Seoul | Something (TVXQ song) | Catch Me (TVXQ song) | Spellbound (TVXQ album) | Heading to the Ground,0,1,,0,0,,0.0,0.5,,0.3333333333333333,0.3333333333333333
dense,per_question,5a7b76735542997c3ec9719f,comparison,hard,"which is traditionally drunk before retiring to bed, Hot toddy or Kir?",Hot toddy | Kir (cocktail),Hot toddy (disambiguation) | Hot toddy | Kir (cocktail) | Wassail | Blueberry Tea | Submarino (beverage) | Nadar climber | Vino cotto | Ralph Giannini | Om Records,1,1,,0,1,,0.5,1.0,,0.5,0.5
dense,per_question,5a8c66db554299585d9e3683,bridge,hard,"What year was the film ""Mom"" released, starring the voice of Shashaa Tirupati?",Mom (film) | Shashaa Tirupati,Mom (film) | Shashaa Tirupati | Trading Mom | Valentina (2008 film) | Eleventh Mom | Chinatown Nights (1929 film) | Gidget Goes to Rome | Phir Bhi Tumko Chaahunga | Christian Bale filmography | Garfield Gets Real,1,1,,1,1,,1.0,1.0,,1.0,1.0
dense,per_question,5a7e05ba5542995f4f402392,bridge,hard,For One Night Only was hosted by the man most well-known for hosting what show from 1962 until 1999?,For One Night Only (Irish TV series) | Gay Byrne,One Night Only (TV series) | For One Night Only (Irish TV series) | One Night (ELO Part II album) | Elton John One Night Only – The Greatest Hits | Gay Byrne | WWE One Night Stand | One Night Stand (video game) | One Night in One City | You and Me (One Night Only song) | WWE Extreme Rules,1,1,,0,1,,0.5,1.0,,0.5,0.5
dense,per_question,5a88a4245542997e5c09a668,bridge,hard,What company did Roscoe Channing form with the owner of a leading stable of thoroughbred racehorses?,Cornelius Vanderbilt Whitney | Roscoe Channing,Roscoe Channing | Cornelius Vanderbilt Whitney | List of leading Thoroughbred racehorses | 2009 World Thoroughbred Rankings | 2012 World Thoroughbred Rankings | 2011 World Thoroughbred Rankings | Palm Meadows Thoroughbred Training Center | 2008 World Thoroughbred Rankings | Night Raid | Equix,1,1,,1,1,,1.0,1.0,,1.0,1.0
dense,per_question,5a8799c55542996e4f308877,bridge,hard,"Jens Risom introduced what type of design, characterized by minimalism and functionality?",Jens Risom | Scandinavian design,Jens Risom | Scandinavian design | Workflow Resource Planning | Functionality doctrine | Extensibility | Jacqueline Winsor | Bio-inspired robotics | Jens Ritter Instruments | NTFS symbolic link | HTML attribute,1,1,,1,1,,1.0,1.0,,1.0,1.0
dense,per_question,5ac038db554299294b218f57,bridge,hard,Which of the movie which has Rich Lee 3-D previsualizations was directed by Francis Lawrence?,Constantine (film) | Rich Lee,Rich Lee | Red Sparrow | Kristof Konrad | The Hunger Games (film series) | Constantine (film) | The Hunger Games: Mockingjay – Part 1 | The Hunger Games: Mockingjay – Part 2 | Justin Timberlake videography | What's So Different? | Rhythm Divine,1,1,,0,1,,0.5,1.0,,1.0,1.0
dense,per_question,5a764c0b55429976ec32bd89,bridge,hard,What criteria subjectively qualifies the Houston Astrodome to be called the Eighth Wonder of the World?,Astrodome | Eighth Wonder of the World,Eighth Wonder of the World | Astrodome | For the Last Time: Live from the Astrodome | 1965 Houston Astros season | 1973 Astro-Bluebonnet Bowl | Fearless (Eighth Wonder album) | Shreveport Steamer | Brewster McCloud | Walter Suggs | Live! The Last Concert,1,1,,1,1,,1.0,1.0,,1.0,1.0
dense,per_question,5a77309d55429972597f1487,comparison,hard,"Who was born first, José Echegaray y Eizaguirre or P. J. O'Rourke?",José Echegaray | P. J. O'Rourke,José Echegaray | Patricio Echegaray | Republican Party Reptile | P. J. O'Rourke | Paddy O'Rourke (Meath footballer) | Wale Adebanwi | Despoina | Give War a Chance | Augustine of Canterbury | National Lampoon 1964 High School Yearbook Parody,1,1,,0,1,,0.5,1.0,,1.0,1.0
dense,per_question,5ab7bae95542993667793ff4,bridge,hard,Who did the Doncaster Belles play in the 1994 FA Women's Cup Final held at Glanford Park? ,1994 FA Women's Cup Final | Glanford Park,1994 FA Women's Cup Final | Doncaster Rovers Belles L.F.C. | 2002 FA Women's Cup Final | 1997 FA Women's Cup Final | 2000 FA Women's Cup Final | 2017 FA Women's Cup Final | 2016 FA Women's Cup Final | 2015 FA Women's Cup Final | Glanford Park | Sammy Howarth,1,1,,0,0,,0.5,0.5,,1.0,1.0
dense,per_question,5a7c9f325542990527d554e6,bridge,hard,What act for Innocent Records achieved Platinum sales and shares its name with a primary color in the RGB color model?,Blue | Innocent Records,RGB color model | ProPhoto RGB color space | RGB color space | Innocent Records | Color space | RGBA color space | Blue | YCoCg | HCL color space | Brown,0,1,,0,0,,0.0,0.5,,0.25,0.25
dense,per_question,5a8f69b55542997ba9cb324f,bridge,hard,"What national historic district is located near a village in the town of Philipstown, New York?","Cold Spring, New York | Valhalla Highlands Historic District","Cold Spring, New York | Valhalla Highlands Historic District | Elmwood Historic District–East | Elmwood Historic District–West | Glimmerglass Historic District | Cromwell's Run Rural Historic District | Calumet Downtown Historic District | Gilbert Town Historic District | Arrow Rock, Missouri | Greater Newport Rural Historic District",1,1,,1,1,,1.0,1.0,,1.0,1.0
dense,per_question,5adbda2755429944faac2385,bridge,hard,Which American writer wrote both The Ganymede Takeover (1967) and The Man in the High Castle (1962)?,The Ganymede Takeover | The Man in the High Castle,"The Ganymede Takeover | The Man in the High Castle | The Man in the High Castle (TV series) | Eric Overmyer | Vulcan's Hammer | Tzi Ma | Nobuteru Yūki | Hartbeat! | Aye, and Gomorrah, and other stories | Kanakkan",1,1,,1,1,,1.0,1.0,,1.0,1.0
dense,per_question,5ab67bd355429954757d32f2,bridge,hard,Curt Menefee is the host of the Fox network's NFL show with co-host Michael Anthony Strahan who spent his entire 15-year career with what team?,Curt Menefee | Michael Strahan,Curt Menefee | Michael Strahan | Charissa Thompson | Fiona Forbes | Ray Nitschke | Merlin Olsen | Al Wilson (offensive lineman) | Michael Hjälm | Bill Freehan | Tamika Catchings,1,1,,1,1,,1.0,1.0,,1.0,1.0
dense,per_question,5a90843c5542995651fb517e,bridge,hard,Francisco Jose Hernandez was a participant in an invasion that took place in what year?,Bay of Pigs Invasion | Francisco Jose Hernandez,Francisco Jose Hernandez | Bay of Pigs Invasion | Treaty of Taipei | WWF Invasion | Ted Kubiak | MLS Cup 2003 | Allied invasion of Italy | Michael Lunin | Battle of Clitheroe | Frank Martin (basketball),1,1,,1,1,,1.0,1.0,,1.0,1.0
dense,per_question,5a8324815542990548d0b184,bridge,hard,Dead but Rising was a song by the Danish band fomed in what city in 2001?,Dead but Rising | Volbeat,Dead but Rising | Dancin' (on a Saturday Night) | The Danish Way to Rock | Home Dead (album) | Re-Sepp-Ten | Volbeat | Life of a Ghost | Søndagsbarn | Claess &amp; Willumsen | Better Than Yourself (Criminal Mind Pt 2),1,1,,0,0,,0.5,0.5,,1.0,1.0
dense,per_question,5adf4a275542993a75d26498,bridge,hard,"The man, who the award in which ""Summer of the Monkeys"" won, was a spokesman for white sector of America?",Summer of the Monkeys | William Allen White,Summer of the Monkeys | William Allen White | Vance Powell | Horace Bumstead | Søren Solkær | Mike Smith (A&amp;R man) | Australian Ecology Research Award (AERA) | Holden-Keating Gang | Curtis Glencross | Hätteberget,1,1,,1,1,,1.0,1.0,,1.0,1.0
dense,per_question,5ae4c5595542990ba0bbb123,bridge,hard,Which lead actor/actress in War Chhod Na Yaar has also acted in Bengali and English-language films?,Soha Ali Khan | War Chhod Na Yaar,War Chhod Na Yaar | Utpal Dutt | Anil Chatterjee | Gita Dey | Farida Jalal | Soha Ali Khan | Debashree Roy filmography | Siddhartha Jadhav | Maharshi Raghava | David Dencik,1,1,,0,0,,0.5,0.5,,1.0,1.0
dense,per_question,5ab5057b5542991779162d56,bridge,hard,What type of movie are Wishing Stairs and Voice?,Voice (film) | Wishing Stairs,Wishing Stairs | Voice (film) | Song Ji-hyo | Ninnu Kori | List of ancient spiral stairs | Voice type | Highland Inn | Rimstone | Exchange Ilford | Callington Mill,1,1,,1,1,,1.0,1.0,,1.0,1.0
dense,per_question,5a837d9a554299123d8c213e,bridge,hard,"Which cast member of Alice Upside Down also stars in the ABC Family/Freeform drama ""Switched at Birth?""",Alice Upside Down | Lucas Grabeel,Alice Upside Down | Switched at Birth (season 4) | Switched at Birth (TV series) | Switched at Birth (season 3) | Switched at Birth (season 2) | List of Switched at Birth episodes | Lea Thompson | Constance Marie | Lucas Grabeel | General Hospital cast members,1,1,,0,0,,0.5,0.5,,1.0,1.0
dense,per_question,5a81ebee554299676cceb16d,bridge,hard,What kind of movie directed by F. Javier gutierrez did an Italian model and actress star in?,Matilda Lutz | Rings (2017 film),Janine Gutierrez | Eva Riccobono | Matilda Lutz | Eleonora Pedron | Rings (2017 film) | Alex Belli | Margareth Madè | Marta Ribera | Basaglia Law | Astrophel and Stella,0,1,,0,1,,0.0,1.0,,0.3333333333333333,0.3333333333333333
dense,per_question,5ab48c325542996a3a969f93,bridge,hard,In which county is the English king Harold Godwinson buried?,Edith Walks | Waltham Abbey Church,"Tostig Godwinson | Leofwine Godwinson | Godwin, Earl of Wessex | Battle of Stamford Bridge | Cultural depictions of Harold Godwinson | Gytha Thorkelsdóttir | The Last English King | Edith the Fair | Edith Walks | Waltham Abbey Church",0,0,,0,0,,0.0,0.0,,0.1111111111111111,0.1111111111111111
dense,per_question,5a8488f45542992a431d1a47,bridge,hard,"Who wrote The Devils, and was an eninent English theater, opera and film director?",Peter Hall (director) | The Devils (play),The Devils (play) | 4 Devils | Peter Hall (director) | Julien Nitzberg | David Alden | Alexis Soriano | Brett C. Leonard | Phillip Boykin | Lord Byron (opera) | Bum Phillips (opera),1,1,,0,1,,0.5,1.0,,1.0,1.0
dense,per_question,5abe689a55429976d4830b16,comparison,hard,Which Grand Slam singles tournament have Francesca Schiavone and Olga Morozova both been finalists in?,Francesca Schiavone | Olga Morozova,Francesca Schiavone | 2011 French Open – Women's Singles | Olga Morozova | Williams sisters | Sandra Reynolds | Li Na | 2017 Australian Open – Men's singles final | 1973 Queen's Club Championships | 1968 US Open (tennis) | 2012 US Open – Men's singles final,1,1,,0,1,,0.5,1.0,,1.0,1.0
dense,per_question,5a7a014a5542996c55b2dccf,bridge,hard,"""Kapitän zur See"" Ernst Lindemann was the commander of which one of two battleships built for Nazi Germany's ""Kriegsmarine""?",Ernst Heinrich Lindemann | German battleship Bismarck,Ernst Lindemann | Ernst Heinrich Lindemann | Hans Jenisch | German battleship Bismarck | Hansjürgen Reinicke | 21st U-boat Flotilla | German destroyer Z43 | Ernst Kals | German auxiliary cruiser Widder | Wolf Junge,1,1,,0,1,,0.5,1.0,,0.5,0.5
dense,per_question,5a895d305542993b751ca931,bridge,hard,"Which football team does Lewis Young's older brother, Ashley Young, play for?",Ashley Young | Lewis Young,Lewis Young | Ashley Young | Lewis Young (Australian footballer) | Scott Young (American football) | George Young (Scottish footballer) | Bob Young (American football) | William T. Van de Graaff | Rick Clausen | Yasuhito Endō | Vanda &amp; Young,1,1,,1,1,,1.0,1.0,,1.0,1.0
dense,per_question,5a85c3a15542992a431d1b97,bridge,hard,Snowdrop is a proprietary game engine first revealed with an online-only action role-playing video game developed by who?,Snowdrop (game engine) | Tom Clancy's The Division,Snowdrop (game engine) | Amen: The Awakening | Id Tech 5 | ParaEngine | Rockstar Advanced Game Engine | Tom Clancy's The Division | Zero (game engine) | Project I.G.I.: I'm Going In | Call of Duty 4: Modern Warfare | Charlie Murder,1,1,,0,0,,0.5,0.5,,1.0,1.0
dense,per_question,5ae32b6755429928c4239644,bridge,hard,Wendy Ayche was featured in 2016 in an annual production created by Youtube and what other organization?,Wengie | YouTube Rewind,Wengie | YouTube Rewind | Blast! (musical) | Return to Eden | Sima Hydroelectric Power Station | Nore Hydroelectric Power Station | Tubular Bells for Two | Rana Hydroelectric Power Station | Automotive industry in Brazil | Svartisen Hydroelectric Power Station,1,1,,1,1,,1.0,1.0,,1.0,1.0
dense,per_question,5a8d02cc554299441c6b9fb6,bridge,hard,"John MacGregor, Baron MacGregor of Pulham Market was educated at the University of St Andrews and another university established by what monach?","John MacGregor, Baron MacGregor of Pulham Market | King's College London","John MacGregor, Baron MacGregor of Pulham Market | John MacGregor | John MacGregor (VC) | University of St Andrews | Prior of St Andrews | University of St Andrews Boat Club | Pulham Market | St Andrews Links | Archdeaconry of St Andrews | King's College London",1,1,,0,0,,0.5,0.5,,1.0,1.0
dense,per_question,5a78daf855429970f5fffdae,comparison,hard,"Which game was released first, Icehouse pieces or Kill Doctor Lucky?",Icehouse pieces | Kill Doctor Lucky,Kill Doctor Lucky | Icehouse pieces | Treehouse (game) | No Promises (Icehouse song) | Icehouse (song) | Love in Motion (song) | Boxes (Icehouse album) | We Can Get Together | Can't Help Myself | List of Marvel Comics characters: N,1,1,,1,1,,1.0,1.0,,1.0,1.0
dense,per_question,5adc094a55429947ff1738c0,bridge,hard,American Blues included the drummer from which American rock band?,American Blues | Frank Beard (musician),American Blues | List of Canned Heat members | Slash's Blues Ball | Double Trouble (band) | Frank Beard (musician) | Chris Robinson Brotherhood | Live at Carnegie Hall (Stevie Ray Vaughan album) | Five Horse Johnson | The Muggs | Mabel Greer's Toyshop,1,1,,0,1,,0.5,1.0,,1.0,1.0
dense,per_question,5ae77c245542997b22f6a795,bridge,hard,"The Indian actor and philanthropist, who starred in ""Mera Damad,"" entered the film industry in what year?",Farooq Sheikh | Mera Damad,Mera Damad | Tariq Khan (actor) | Duniya Vijay | Farooq Sheikh | Sunil Rawal | Fayyaz Hashmi | Komal | Krishnabhaskar Mangalasserri | Tulu cinema | Doddanna,1,1,,0,1,,0.5,1.0,,1.0,1.0
dense,per_question,5a88f9555542995153361214,bridge,hard,The Jeep Cherokee was originally sold as a variant of a Jeep model produced during what years?,Jeep Cherokee | Jeep Wagoneer (SJ),Jeep Cherokee | Jeep Cherokee (SJ) | Jeep Wagoneer (SJ) | Jeep Cherokee (KL) | Jeep Cherokee (XJ) | Jeep Liberty | Jeep Liberty (KK) | Jeep Liberty (KJ) | Jeep Grand Cherokee (WK2) | Richard A. Teague,1,1,,0,1,,0.5,1.0,,1.0,1.0
dense,per_question,5a874ce15542996432c57256,bridge,hard,Where was the person born who was recognized by MIAL and is an American soprano?,Leontyne Price | Mississippi Institute of Arts and Letters,Leontyne Price | Myrna Sharlow | Camille Zamora | Edwin L. Mechem | Mississippi Institute of Arts and Letters | Nabi Tajima | Fred H. Hale Sr. | Mamzer | Les Irwin | Apprentice Adept,1,1,,0,1,,0.5,1.0,,1.0,1.0
dense,per_question,5a7e7ed05542991319bc94c2,comparison,hard,"Which magazine is older, Gallery or Dime Magazine?",Dime Magazine | Gallery (magazine),Gallery (magazine) | Dime Magazine | The Little Review Gallery | Jessica Todd Harper | Vanguard (magazine) | Dime novel | C24 Gallery | Linda Duvall | Pluck and Luck | H. Bedford-Jones,1,1,,1,1,,1.0,1.0,,1.0,1.0
dense,per_question,5abf44025542993fe9a41def,comparison,hard,which writer has the highest number of skill  Langston Hughes or  Ian McEwan,Ian McEwan | Langston Hughes,"Langston Hughes | Langston Hughes Society | Langston Hughes Medal | Ian McEwan | Langston Hughes House | I, Too (Langston Hughes poem) | Langston Hughes Performing Arts Center | Robert Earl Jones | Black Nativity | Le Conversazioni",1,1,,0,1,,0.5,1.0,,1.0,1.0
dense,per_question,5ab531cc5542990594ba9d23,bridge,hard,How large is the shopping mall where KGOT radio station has its studios ?,Dimond Center | KGOT,Park City Center | KGOT | Kentucky Oaks Mall | Pavilion Mall | Dimond Center | Mall of Georgia | Mall of New Hampshire | Bedok Mall | SM City Cebu | Tower City station,1,1,,0,1,,0.5,1.0,,0.5,0.5
dense,per_question,5a90605d5542995651fb514d,bridge,hard,What are the names of the members of the Detroit-based hip hop duo who has worked with Jason Gilbert?,Bad Meets Evil | Jason Gilbert,Jason Gilbert | Bizarre (rapper) | Uptown 3000 | Platinum Pied Pipers | Bad Meets Evil | Swifty McVay | Thirty Eight (album) | Clouds (Apollo Brown album) | Xtended Play Version 3.13 | Sunset Blvd. (Yancey Boys album),1,1,,0,1,,0.5,1.0,,1.0,1.0
dense,per_question,5ac45b58554299076e296dad,comparison,hard,"Which has the larger population, Shanghai or Hanggin Rear Banner?",Hanggin Rear Banner | Shanghai,"Hanggin Rear Banner | Urad Rear Banner | Chahar Right Rear Banner | Shanghai | Horqin Left Rear Banner | Shuangmiao, Inner Mongolia | Altanochir (1882–1949) | Shia Muslims in the Arab world | Riverview, New Brunswick | Statistical inference",1,1,,0,1,,0.5,1.0,,1.0,1.0
dense,per_question,5a8eb4d65542990e94052b82,bridge,hard,"Jacques Mathou starred in Delicatessen, the 1991 French movie in the style of which celebrated American animator?",Delicatessen (film) | Jacques Mathou,Jacques Mathou | Delicatessen (film) | Paris Awakens | Van Gogh (1991 film) | Schwartz's | Tahar Rahim | Mariette Leslie Cotton | James Gamble Rogers II | Mark T. Smith | Samuel Poe,1,1,,1,1,,1.0,1.0,,1.0,1.0
dense,per_question,5a8038b55542996402f6a485,bridge,hard,"Jacques Sernas, actor in Fugitive in Trieste, was of what nationality?",Fugitive in Trieste | Jacques Sernas,Jacques Sernas | Fugitive in Trieste | Jump into Hell | Altair (film) | Balearic Caper | Dieci canzoni d'amore da salvare | Loving You Is My Sin | Finishing School (1953 film) | Man from 1997 | It's All Adam's Fault,1,1,,1,1,,1.0,1.0,,1.0,1.0
dense,per_question,5ab83d595542990e739ec886,bridge,hard,The VMAQT-1 logo is a female spirit in Irish mythology who heralds the death of what?,Banshee | VMAQT-1,Banshee | VMAQT-1 | Fomorians | Al Basty | Sea nymph | Rusalka | Pramlocha | Likhoradka | Apsara (disambiguation) | Picobrouwerij Alvinne,1,1,,1,1,,1.0,1.0,,1.0,1.0
dense,per_question,5ae0d52e554299603e418469,bridge,hard,"The actress that played the leading role in the independent film ""A Perfect Ending"" also stars with John Bregar in a 2008 film directed by who?",Barbara Niven | Dead at 17,Barbara Niven | Ashley Cheadle | Siobhan Finneran | Out in Fifty | Sebastián Mantilla | Dead at 17 | Steve Arbuckle | Branko Tomović | Jolin Tsai filmography | My Brother (2006 film),1,1,,0,0,,0.5,0.5,,1.0,1.0
dense,per_question,5a8f9b8c5542997ba9cb32e6,comparison,hard,"Which band is from England, Fireflight or Dirty Pretty Things?",Dirty Pretty Things (band) | Fireflight,Dirty Pretty Things (band) | Carl Barât | Fireflight | Bang Bang You're Dead (song) | Deadwood (song) | Mirage (Digitalism album) | Anthony Rossomando | Johanna Bennett | Wondering (Dirty Pretty Things song) | Didz Hammond,1,1,,0,1,,0.5,1.0,,1.0,1.0
dense,per_question,5ae75a4c5542997b22f6a6f1,bridge,hard,"The Bart the Fink episode of The Simpsons aired in February of 1996, and involves the host of which kiddie show?",Bart the Fink | Krusty the Clown,Bart the Fink | Bart to the Future | Bart Gets Hit by a Car | Krusty the Clown | Postcards from the Wedge | The Itchy &amp; Scratchy Show | Good Night (The Simpsons short) | The Telltale Head | A Day with Doodles | Rodel Flordeliz,1,1,,0,1,,0.5,1.0,,1.0,1.0
dense,per_question,5ab45a0b5542991779162c7e,bridge,hard,"Which mall, Wilton Mall or Viaport Rotterdam, has had more owners?",Viaport Rotterdam | Wilton Mall,"Viaport Rotterdam | Wilton Mall | ViaPort Florida | Karcher Mall | Original Outlet Mall | Pierre Bossier Mall | Saratoga Mall | Birchwood Mall | Eastland Mall (Charlotte, North Carolina) | Hubert Wilton",1,1,,1,1,,1.0,1.0,,1.0,1.0
dense,per_question,5a8b452655429971feec468e,bridge,hard,Which close friend of an American former basketball player was signed for to play for the Timberwolves?,2000–01 Minnesota Timberwolves season | Kevin Garnett,2000–01 Minnesota Timberwolves season | Kevin Garnett | Curt Smith (basketball) | Ricky Rubio | Von McDade | Jerry Lucas | Richie Garner | Mike Edwards (basketball) | Delray Brooks | Eduardo Portela,1,1,,1,1,,1.0,1.0,,1.0,1.0
dense,per_question,5a8d7b1755429941ae14dfc6,bridge,hard,What is the 2010 population of the city 2.1 miles southwest of Marietta Air Force Station?,"Marietta Air Force Station | Smyrna, Georgia","Marietta Air Force Station | Eldorado Air Force Station | Topsham Air Force Station | 302d Air Division | RAF Warmwell | RAF Cottesmore | Camp Pedricktown radar station | 410th Bombardment Squadron | Smyrna, Georgia | Stramshall",1,1,,0,0,,0.5,0.5,,1.0,1.0
dense,per_question,5ab6f0c25542995eadef00ea,comparison,hard,Are Buried Country and South of the Border both films turned into stage performances?,Buried Country | South of the Border (2009 film),Buried Country | South of the Border (2009 film) | Araby Lockhart | Clinton Walker | E. J. Carroll | Manorama (Tamil actress) | Sine Novela | Woody Guthrie Folk Festival | Milan Murray | Leah Flanagan,1,1,,1,1,,1.0,1.0,,1.0,1.0
dense,per_question,5ab72a025542992aa3b8c7b8,comparison,hard,"""A Summer in the Cage"" and ""American Hardcore"" are both what kind of film?",A Summer in the Cage | American Hardcore (film),"A Summer in the Cage | American Hardcore (film) | Punk's Not Dead (2007 film) | All Ages: The Boston Hardcore Film | Combat Zone Wrestling | Hellfest (American music festival) | Deadfall (1993 film) | The Suicide File | I Against I | When People Grow, People Go",1,1,,1,1,,1.0,1.0,,1.0,1.0
dense,per_question,5ade42b55542992fa25da717,bridge,hard,How many novels are there in the series of novels of which Shadows in Flight is the tenth novel ?,Ender's Game (series) | Shadows in Flight,Shadows in Flight | Merlin Book 10: Shadows on the Stars | Walter Sorrells | Persistence of Memory | The Diamond Chariot | Castle Richmond | Ender's Game (series) | Generosity: An Enhancement | &quot;J&quot; Is for Judgment | Eve Unsell,1,1,,0,0,,0.5,0.5,,1.0,1.0
dense,per_question,5ae4c2b95542995dadf243ef,bridge,hard,One of the coaches of Southern Methodist University also played what role at the Arizona State Sun Devils?,Phil Bennett (American football) | SMU Mustangs football under Mike Cavan,1955 Arizona State Sun Devils football team | 1954 Arizona State Sun Devils football team | 1961 Arizona State Sun Devils football team | 1951 Arizona State Sun Devils football team | 1952 Arizona State Sun Devils football team | 1958 Arizona State Sun Devils football team | 1956 Arizona State Sun Devils football team | Arizona State Sun Devils football | Phil Bennett (American football) | SMU Mustangs football under Mike Cavan,0,0,,0,0,,0.0,0.0,,0.1111111111111111,0.1111111111111111
dense,per_question,5abf10b75542997719eab659,bridge,hard,What is the height of the player who won the 2015 AFL Rising Star award?,2015 AFL Rising Star | Jesse Hogan,2015 AFL Rising Star | AFL Rising Star | Jesse Hogan | Stephen Coniglio | Clayton Oliver | Daniel Talia | Marcus Bontempelli | Kevin Sheehan | Nick Holland | BAFTA Rising Star Award,1,1,,0,1,,0.5,1.0,,1.0,1.0
dense,per_question,5add564a5542990dbb2f7e38,bridge,hard,Las Vegas Festival Grounds is north of the hotel that is owned by which company?,Circus Circus Las Vegas | Las Vegas Festival Grounds,Las Vegas Festival Grounds | Circus Circus Las Vegas | Westgate Las Vegas Resort &amp; Casino | Downtown Las Vegas | Trump International Hotel Las Vegas | Air Vegas | Tropicana – Las Vegas Boulevard intersection | Sports in the Las Vegas metropolitan area | Rock in Rio USA | Boots and Hearts Music Festival,1,1,,1,1,,1.0,1.0,,1.0,1.0
dense,per_question,5a738225554299623ed4abc3,comparison,hard,"Which musical fantasy film is older, Bedknobs and Broomsticks or The Muppet Christmas Carol?",Bedknobs and Broomsticks | The Muppet Christmas Carol,The Muppet Christmas Carol | List of The Muppets productions | Bedknobs and Broomsticks | Gonzo (Muppet) | Rizzo the Rat | Bill Barretta | The Sword in the Stone (film) | A Christmas Carol | Sam Eagle | Kalanta Xristougenon,1,1,,0,1,,0.5,1.0,,1.0,1.0
dense,per_question,5a729e7b5542992359bc313d,bridge,hard,"Which river system in Chilhowie, Virginia was the starting place for most Longhunters?",Holston River | Longhunter,Longhunter | Thái Bình river system | Pearl River (China) | Cotter River System | Blackback barb | Red River system | Eastern freshwater cod | Holston River | Thái Bình River | Zambezi River System Action Plan,1,1,,0,0,,0.5,0.5,,1.0,1.0
dense,per_question,5a811152554299260e20a22e,bridge,hard,What party does the House of Commons representative for Congleton belong to?,Congleton (UK Parliament constituency) | Fiona Bruce (politician),"Congleton (UK Parliament constituency) | Fiona Bruce (politician) | Dean of the House (Canada) | Prosper Boulanger | Canadian federal election, 1926 | Jean-Marie Boisvert | Glasgow North East by-election, 2009 | Earl of Lanesborough | Earl Belmore | Baron Dunalley",1,1,,1,1,,1.0,1.0,,1.0,1.0
dense,per_question,5adddd075542992200553b71,bridge,hard,Season 2 of Rick and Morty began with the episode directed by whom?,A Rickle in Time | Rick and Morty (season 2),Rick and Morty (season 2) | A Rickle in Time | The Ricks Must Be Crazy | Pilot (Rick and Morty) | Rixty Minutes | Meeseeks and Destroy | Rick Potion No. 9 | Lawnmower Dog | Gangland Undercover | Angry Birds Stella (TV series),1,1,,1,1,,1.0,1.0,,1.0,1.0
dense,per_question,5ade9545554299728e26c740,bridge,hard,What team did the recipient of the 2007 Brownlow Medal play for?,2007 Brownlow Medal | Jimmy Bartel,2007 Brownlow Medal | 2006 Brownlow Medal | 2005 Brownlow Medal | 2015 Brownlow Medal | 1993 Brownlow Medal | 2011 Brownlow Medal | 1995 Brownlow Medal | 1976 Brownlow Medal | 2014 Brownlow Medal | Jimmy Bartel,1,1,,0,0,,0.5,0.5,,1.0,1.0
dense,per_question,5ab25004554299722f9b4cd7,comparison,hard,Were both the Battle of Stones River and the Battle of the Ch'ongch'on River fought in the 19th century?,Battle of Stones River | Battle of the Ch'ongch'on River,"Battle of Stones River | Battle of the Ch'ongch'on River | Battle of Berestechko | Military history of Mexico | Battle of Glendale (Skye) | Joseph L. Follett | Collins Ferry Historic District | Umba River (Tanzania) | Savage's Station, Virginia | Register Cliff",1,1,,1,1,,1.0,1.0,,1.0,1.0
dense,per_question,5ac1f4495542991316484bd2,comparison,hard,"Who has more scope of profession, Phil Rosen or  Delmer Daves?",Delmer Daves | Phil Rosen,Phil Rosen | Delmer Daves | Parrish (film) | Dark Passage (film) | Broken Arrow (1950 film) | The Hanging Tree | Drum Beat | Shipmates Forever | Destination Tokyo | The Petrified Forest,1,1,,1,1,,1.0,1.0,,1.0,1.0
dense,per_question,5ac0cf0f554299294b219018,comparison,hard,"Which band has more members, Test Icicles or X Ambassadors?",Test Icicles | X Ambassadors,Test Icicles | X Ambassadors | For Screening Purposes Only | Rory Attwell | Dev Hynes | Circle. Square. Triangle | Cannonball (Skylar Grey song) | Dig Your Own Grave | Jungle (X Ambassadors and Jamie N Commons song) | Boa vs. Python (song),1,1,,1,1,,1.0,1.0,,1.0,1.0
dense,per_question,5ab3306a55429969a97a80fd,comparison,hard,The movies The Boatniks and The Great Locomotive Chase were both made by which production company?,The Boatniks | The Great Locomotive Chase,"The Boatniks | The Great Locomotive Chase | The General (1926 film) | The General (locomotive) | Rogers Locomotive and Machine Works | The Texas (locomotive) | The Yonah (locomotive) | The Great Locomotive Chase Festival | Henry P. Haney | Cornelia, Georgia",1,1,,1,1,,1.0,1.0,,1.0,1.0
dense,per_question,5ade0fb95542997545bbbe39,bridge,hard,How long is the river for which Frenchmans Creek is a tributary?,Darling River | Frenchmans Creek (New South Wales),Frenchmans Creek (New South Wales) | Frenchmans Creek (California) | Darling River | Red Rock River (Montana) | Locks Creek | Jemez River | Tomichi Creek | East Branch South Fork Eel River | Lithia Springs Creek | Cow Creek (Montana),1,1,,0,1,,0.5,1.0,,1.0,1.0
dense,per_question,5ab78edc5542995dae37e95c,bridge,hard,Where is the school that Tyler Kalinoski went to located?,Olathe East High School | Tyler Kalinoski,Tyler Kalinoski | Tyler School of Art | Tyler Consolidated High School | Kevin Lockett | Harvest Time Christian Academy | East Haven High School | Olathe East High School | Woodville High School (Texas) | Calvin Tyler Scott | Middlebourne Historic District,1,1,,0,0,,0.5,0.5,,1.0,1.0
dense,per_question,5ac056385542997d64295a08,bridge,hard,Ambrose Mendy has managed and/or advised a British professional boxer that as of July 2017 is ranked the world's seventh best super middleweight by who?,Ambrose Mendy | Chris Eubank Jr.,Ambrose Mendy | Chris Eubank Jr. | Scott Dixon (boxer) | Luke Blackledge | Dean Francis | Andre Thysse | Henry Wharton (boxer) | Rod Carr | Jermain Mackey | Natascha Ragosina,1,1,,1,1,,1.0,1.0,,1.0,1.0
dense,per_question,5aba9e2455429939ce03dd3a,bridge,hard,"Rejuvelac is kind of grain water invented and promoted by a ""holistic health"" practitioner born in which year ?",Ann Wigmore | Rejuvelac,Rejuvelac | Holistic dentistry | Mickey Mehta | Susan Lark | Ann Wigmore | Viktoras Kulvinskas | Kripalu Center | Elizabeth Neilson | Guelph Community Health Centre | Crystal Bright,1,1,,0,1,,0.5,1.0,,1.0,1.0
dense,per_question,5a90b43455429916514e7523,bridge,hard,What town host an annual media finance conference that has featured an Australian-born American media mogul?,Allen &amp; Company Sun Valley Conference | Rupert Murdoch,Rupert Murdoch | Allen &amp; Company Sun Valley Conference | Turner | Pat Robertson | Media proprietor | Elisabeth Murdoch (businesswoman) | Mona Scott-Young | Merv Griffin Entertainment | A Girl like Me (film) | Caroline Spencer,1,1,,1,1,,1.0,1.0,,1.0,1.0
dense,per_question,5abb30755542996cc5e49fd8,bridge,hard,Ronald Reagan and George H. W. Bush both held which position in office?,George H. W. Bush | Presidency of Ronald Reagan,Presidency of Ronald Reagan | Reagan Democrat | Second inauguration of Ronald Reagan | First inauguration of Ronald Reagan | Ronald Reagan judicial appointment controversies | William Flynn Martin | George H. W. Bush | Lawrence Eagleburger | Otto Reich | Elliott Abrams,1,1,,0,0,,0.5,0.5,,1.0,1.0
dense,per_question,5ae4ec1e5542990ba0bbb19b,comparison,hard,"In between The Bears and I and Oceans which was released on July 31, 1974, by Buena Vista Distribution?",Oceans (film) | The Bears and I,"The Bears and I | List of Walt Disney Pictures films | Walt Disney Studios Motion Pictures | Oceans (film) | Buena Vista (brand) | Best Western Lake Buena Vista Resort Hotel | Buena Vista High School (Michigan) | Buena Vista, Pennsylvania | Buena Vista Park | Buena Vista Downtown Historic District",1,1,,0,1,,0.5,1.0,,1.0,1.0
dense,per_question,5add405f5542992c1e3a2581,bridge,hard,What book provided the foundation for Masters and Johnson's research team?,Masters and Johnson | Patterns of Sexual Behavior,Masters and Johnson | William Masters | Virginia E. Johnson | Patterns of Sexual Behavior | Dana Shires | AlphaPets | Fukomys vandewoestijneae | Josef Peukert | Berlin Diary | Sheep (novel),1,1,,0,1,,0.5,1.0,,1.0,1.0
dense,per_question,5a71717d5542994082a3e834,bridge,hard,"What star of ""Attack of the Gryphon"" was also a voice artist in Johnny Bravo?  ",Gryphon (film) | Larry Drake,Larry Drake | Gryphon (film) | Van Partible | List of Johnny Bravo episodes | Jeff Bennett | Sherry Gunther | Steve Nallon | Brian A. Miller | Rumen Petkov | Festival of New Songs,1,1,,1,1,,1.0,1.0,,1.0,1.0
dense,per_question,5adf8fe55542993344016d0f,bridge,hard,"Which fantasy film from 1971 featured the song ""The Age of Not Believing""?",Bedknobs and Broomsticks | The Age of Not Believing,"The Age of Not Believing | Kingsglaive: Final Fantasy XV | Final Fantasy VII: Advent Children | Bedknobs and Broomsticks | Stark Electric Jesus | The Golden Voyage of Sinbad | Sianoa Smit-McPhee | Dicen que soy mujeriego | Once Upon a Time in Vietnam | Baseball Hall of Fame balloting, 1971",1,1,,0,1,,0.5,1.0,,1.0,1.0
dense,per_question,5a78f59755429970f5fffdf7,bridge,hard,Mick Carter is the landlord of a public house located at what address?,Mick Carter | The Queen Victoria,"Mick Carter | Shakespeare Public House, Bristol | The Gatehouse, Monmouth | Square and Compass, Worth Matravers | Nancy Carter | Adam &amp; Eve, Birmingham | Whitney Dean | The Queen Victoria | Linda Carter | Fat Cat Brewery",1,1,,0,0,,0.5,0.5,,1.0,1.0
dense,per_question,5a8099935542996402f6a58b,bridge,hard,"What television thriller anthology did the winner of one Golden Globe, two tony Awards and six Primetime Emmy Awards appear on?",Brian Dennehy | Darkroom (TV series),List of awards and nominations received by Lost | Al Pacino | Darkroom (TV series) | John Lithgow | Al Pacino on stage and screen | Brian Dennehy | Laura Linney | Blythe Danner | Elisabeth Moss | Betty Suarez,0,1,,0,0,,0.0,0.5,,0.3333333333333333,0.3333333333333333
dense,per_question,5ab6aaff55429953192ad35b,bridge,hard,What Cayman Islands registered Mandarin and Cantonese-language television broadcaster launched Phoenix Hong Kong Channel on 28 March 2011?,Phoenix Hong Kong Channel | Phoenix Television,Phoenix Hong Kong Channel | Phoenix Television | Cayman Islands national rugby sevens team | .ky | Cayman Islands at the 2011 Pan American Games | Cayman Enterprise City | Cayman Islands Open 2011 | Walkers (law firm) | Carey Olsen | Anthony Travers,1,1,,1,1,,1.0,1.0,,1.0,1.0
dense,per_question,5abcc96c5542996583600492,bridge,hard,What is the name of the film starring Rose McGowan and features the character Earl McGraw's daughter?,Earl and Edgar McGraw | Planet Terror,Earl and Edgar McGraw | Dead Awake (2010 film) | The Pastor's Wife (film) | Devil in the Flesh (1998 film) | The Doom Generation | Planet Terror | Scream (1996 film) | Conan the Barbarian (2011 film) | Paige Matthews | Emotional Technology,1,1,,0,0,,0.5,0.5,,1.0,1.0
dense,per_question,5a8b78775542997f31a41d3d,bridge,hard,"Chimaja Appawas the younger brother of a general of the Maratha Empire in India, who served as what to the fifth Maratha Chhatrapati Shahu from 1720 until his death?",Baji Rao I | Chimaji Appa,"Chimaji Appa | Baji Rao I | Shahu I | Maratha emperors | Balaji Kunjar | Maratha Navy | Rajaram II of Satara | Balaji Vishwanath | Maynak Bhandari | New Palace, Kolhapur",1,1,,1,1,,1.0,1.0,,1.0,1.0
dense,per_question,5a7252db5542990c210a4104,bridge,hard,What is the name of the oldest child that attended the Trump campaign-Russian meeting?,Donald Trump Jr. | Trump campaign–Russian meeting,Trump campaign–Russian meeting | Donald Trump Jr. | Jessica Mulroney | John Ingram McMorran | Clayton Fountain | Domitia Lepida the Elder | Clear Creek Meeting House | Zeresenay Alemseged | Child Welfare League of America | Mary Elizabeth Day Nursery,1,1,,1,1,,1.0,1.0,,1.0,1.0
dense,per_question,5ae2ee5e5542991a06ce990a,bridge,hard,The 1st Virginia Regiment saw action at a battle that led to the departure of what Royal Governor?,1st Virginia Regiment | Battle of Great Bridge,1st Virginia Regiment | 1st Virginia State Regiment | 12th Virginia Regiment | 7th Virginia Regiment | 9th Virginia Regiment | 4th Virginia Regiment | 5th Virginia Regiment | 3rd Virginia Regiment | 6th Connecticut Regiment | Battle of Great Bridge,1,1,,0,0,,0.5,0.5,,1.0,1.0
dense,per_question,5abc5951554299114383a116,bridge,hard,"Which Argentine telenovela broadcast by Telefe from March 12 to December 19, 2012 starred Isabel Macedo as Jimena Benitez?",Graduados | Patricia Longo,Patricia Longo | Niní | Montecristo (Argentine telenovela) | Botineras | Verano del '98 | Guapas | Graduados | Amar después de amar | List of songs recorded by Lali Espósito | Alma Pirata,1,1,,0,0,,0.5,0.5,,1.0,1.0
dense,per_question,5ac1a3665542994ab5c67daf,bridge,hard,What was position of the man who served Prince Andrew from 1990-2001? ,"Neil Blair | Prince Andrew, Duke of York","Prince Andrew, Duke of York | Neil Blair | List of royal tours of Canada (21st century) | Princess Henriette of Nassau-Weilburg | Royal Marriages Act 1772 | Wedding dress of Sarah Ferguson | Joe Gilmore | Krajmir | John Hartmann | Armie Hammer",1,1,,1,1,,1.0,1.0,,1.0,1.0
dense,per_question,5adc0c2b55429947ff1738db,comparison,hard,Are Agee and To Shoot an Elephant both documentaries about war?,Agee (film) | To Shoot an Elephant,To Shoot an Elephant | Hannibal Brooks | James Howard Williams | North African elephant | Khan Kluay | Agee (film) | Surus | Carlos Rendón Zipagauta | Marcel Trillat | Elephant Pass railway station,1,1,,0,0,,0.5,0.5,,1.0,1.0
dense,per_question,5a7634f155429976ec32bd6b,bridge,hard,"What shallow water table aquifer is located near the county seat of Keith County, Nebraska?","Ogallala Aquifer | Ogallala, Nebraska","Ogallala Aquifer | Keith County, Nebraska | Kingsley Dam | Lemoyne, Nebraska | Keystone, Nebraska | Ogallala, Nebraska | Flatwood | Dune Dam | Souris Beach Provincial Park | Ingram–Schipper Farm",1,1,,0,0,,0.5,0.5,,1.0,1.0
dense,per_question,5a7574e25542996c70cfaf01,comparison,hard,Who was born first Mahbub ul Haq or Ibn Arabi?,Ibn Arabi | Mahbub ul Haq,Mahbub ul Haq | Sami ul Haq | Ibn Arabi | Idrees Ul Haq | Akbariyya | Chak 86/6.R Sahiwal | Fazle Hasan Abed | Human Development Index | Inge Kaul | Journal of Human Development and Capabilities,1,1,,0,1,,0.5,1.0,,1.0,1.0
dense,per_question,5adc8977554299438c868de2,bridge,hard,What does the goddess associated with the goddess frigg  consists of what tales?,Hlín | Norse mythology,Hlín | Sága and Sökkvabekkr | Fulla | Fensalir | Gná and Hófvarpnir | Norse mythology | Eir | Nanna (Norse deity) | Marzanna | Frigg gas field,1,1,,0,0,,0.5,0.5,,1.0,1.0
dense,per_question,5a7dc2495542997cc2c4749a,bridge,hard,"What competition held in Kathmandu, Nepal did Julian Bolling compete in 1984?",1984 South Asian Games | Julian Bolling,Mr. Nepal | Julian Bolling | 2015 Nepal Premier League | Miss Nepal 2010 | 1984 South Asian Games | Miss Nepal 2014 | Miss Nepal 2013 | Miss Nepal 2015 | Miss Nepal 2012 | Bhadrabas,1,1,,0,1,,0.5,1.0,,0.5,0.5
dense,per_question,5a8f05b1554299458435d517,bridge,hard,William Pery served as Captain of the Yeomen of the Guard under the lord who served in what position from 1865 to 1868?,"Robert Gascoyne-Cecil, 3rd Marquess of Salisbury | William Pery, 3rd Earl of Limerick","William Pery, 3rd Earl of Limerick | William Monson, 1st Viscount Oxenbridge | Henry Fox-Strangways, 3rd Earl of Ilchester | Yeomen of the Guard | Henry Cadogan, 4th Earl Cadogan | George Percy, 5th Duke of Northumberland | Earl of Aylesford | Robert Gascoyne-Cecil, 3rd Marquess of Salisbury | Baron Berkeley of Stratton | William Street, Limerick",1,1,,0,0,,0.5,0.5,,1.0,1.0
dense,per_question,5ab7bbbf55429928e1fe38bf,bridge,hard, William Cammisano was part of which Mafia family?,Kansas City crime family | William Cammisano,William Cammisano | Greco Mafia clan | Antonio Cottone | Gaspare Spatuzza | Angelo La Barbera | Kansas City crime family | Calcedonio Di Pisa | Salvatore La Barbera | Antonio Rotolo | Rosario Naimo,1,1,,0,0,,0.5,0.5,,1.0,1.0
dense,per_question,5a8af28555429951533613b5,bridge,hard,1956 Night Series Cup games were played at what inner suburb of Melbourne that is 3km south of Melbourne's central business district?,"1956 Night Series Cup | Albert Park, Victoria","1956 Night Series Cup | 1957 Night Series Cup | 1958 Night Series Cup | 1961 Night Series Cup | 1960 Night Series Cup | 1966 Golden Fleece Cup | 1971 Heinz Cup | 1965 Golden Fleece Cup | 1967 Golden Fleece Cup | Albert Park, Victoria",1,1,,0,0,,0.5,0.5,,1.0,1.0
dense,per_question,5ae1f596554299234fd04372,bridge,hard,When did the game which held three times in  in East Asia first held ,2008 Summer Olympics | Summer Olympic Games,EAFF E-1 Football Championship | 2008 Summer Olympics | Summer Olympic Games | Australian Correspondence Chess Championship | Fruit Bowl | International Teen Princess | 6 Hours of Mexico | Moonpark | Memorabilia (event) | Toronto Marathon,1,1,,0,1,,0.5,1.0,,0.5,0.5
dense,per_question,5a8b3af455429971feec467b,bridge,hard,Blinding Edge Pictures produced which 2000 film starring Bruce Willis?,Blinding Edge Pictures | Unbreakable (film),Blinding Edge Pictures | Unbreakable (film) | Lay the Favorite | The Whole Nine Yards (film) | Striking Distance | Mercury Rising | Cop Out (2010 film) | In Country | Last Man Standing (1996 film) | Signs (film),1,1,,1,1,,1.0,1.0,,1.0,1.0
dense,per_question,5add311b5542994ed6169cc5,bridge,hard,"What kind of dinosaur does Raymond Ochoa voice in the Pixar film ""The Good Dinosaur""?",Raymond Ochoa | The Good Dinosaur,Raymond Ochoa | The Good Dinosaur | Enrico Casarosa | Adrian Molina | Xtractaurs | Dinosaur behavior | Richard Kind | Sanjay's Super Team | Harley Jessup | Golden Globe Award for Best Animated Feature Film,1,1,,1,1,,1.0,1.0,,1.0,1.0
dense,per_question,5ae60426554299546bf83019,bridge,hard,Which American Space Western animated series did Celebrity Home Entertainment released ,BraveStarr | Celebrity Home Entertainment,Celebrity Home Entertainment | BraveStarr | Sterling Entertainment Group | Monster Force | The Fairies | Magna Home Entertainment | Noel C. Bloom | COPS (animated TV series) | Locke the Superman | Tottoi,1,1,,1,1,,1.0,1.0,,1.0,1.0
dense,per_question,5a8cfee555429941ae14df5c,bridge,hard,How are elephants connected to Gajabrishta?,Elephant | Gajabrishta,Gajabrishta | Elephant,1,1,,1,1,,1.0,1.0,,1.0,1.0
dense,per_question,5a71166d5542994082a3e576,comparison,hard,"Which battle occurred first, the Battle of Manila or the Battle of Guam?",Battle of Guam (1944) | Battle of Manila (1945),Battle of Guam (1944) | Battle of Manila (1945) | Battle of Manila (1574) | Battle of Yao (Japan) | Battle of Alhandic | Battle of Calabria | Battle of Silda | Battle of Aspromonte | Battle of the Burbia River | Battle of Klushino,1,1,,1,1,,1.0,1.0,,1.0,1.0
dense,per_question,5ae789615542997ec2727695,bridge,hard,Kam Heskin plays Paige Morgan in a 2004 film directed by who?,Kam Heskin | The Prince and Me,Kam Heskin | The Prince and Me | The Prince &amp; Me 2: The Royal Wedding | Turning Paige | True True Lie | Sunset at Chaophraya (1996 film) | Sunset at Chaophraya (2013 film) | Super Size Me 2: Holy Chicken! | R-Point | Pride &amp; Prejudice: A Latter-Day Comedy,1,1,,1,1,,1.0,1.0,,1.0,1.0
dense,per_question,5a7757215542993569682d58,bridge,hard,"What 2016 film stars actor Xavier Samuel and an actress who portrayed Vasilisa Dragomir in the film ""Vampire Academy""?",Lucy Fry | Mr. Church,Vampire Academy (film) | Lucy Fry | Vampire Academy | Frostbite (Mead novel) | Healing (film) | Spin Out (2016 film) | Plush (film) | A Few Best Men | Mr. Church | Love &amp; Friendship,1,1,,0,0,,0.5,0.5,,0.5,0.5
dense,per_question,5a81ff62554299676cceb1c4,bridge,hard,What type of profession does Ithu Engal Neethi and Shoba Chandrasekhar have in common?,Ithu Engal Neethi | Shoba Chandrasekhar,Ithu Engal Neethi | Shoba Chandrasekhar | Neethikku Thandanai | Neethiyin Marupakkam | Sattam Oru Vilayaattu | V. V. Creations | Naalaiya Theerpu | Palaivana Solai (1981 film) | Pudhu Yugam | Rajanadai,1,1,,1,1,,1.0,1.0,,1.0,1.0
dense,per_question,5ae4890a5542995ad6573d60,bridge,hard,In what field does the firm at which Claudio Fernández-Aráoz was a currently a senior adviser offers services?,Claudio Fernández-Aráoz | Egon Zehnder,Claudio Fernández-Aráoz | Thomas Shea | Peter Torry | Richard Socarides | Shomwa Shamapande | Egon Zehnder | Michael Green (political expert) | Yousef Pashtun | Yulchon | Lee Terry,1,1,,0,0,,0.5,0.5,,1.0,1.0
dense,per_question,5a79c1335542994bb9457066,comparison,hard,Eric Ambler and Carol Shields are both best Known for what profession?,Carol Shields | Eric Ambler,Eric Ambler | Carol Shields | W. F. Morris | David Coderre | Kevin Shields | The Mask of Dimitrios | The Card (1952 film) | The New Lot | Rough Shoot | The Cruel Sea (1953 film),1,1,,1,1,,1.0,1.0,,1.0,1.0
dense,per_question,5ac52fc35542994611c8b403,bridge,hard,"Which ""Official Ireland"" group comprises about  78.3% of the population of Ireland? ",Catholic Church in Ireland | Official Ireland,Catholic Church in Ireland | Official Ireland | 2013 Rugby League World Cup Group A | 2017 Rugby League World Cup Group C | Arbuthnott-Garvock Group | Lord Howe Island | Mangsee Islands | Young People's Socialist League | Solway Group | Booty Luv,1,1,,1,1,,1.0,1.0,,1.0,1.0
dense,per_question,5adda7585542997dc790700c,bridge,hard,Where was the telefilm shot that was based on the 1977 Katherine Paterson book?,Bridge to Terabithia (1985 film) | Bridge to Terabithia (novel),"Bridge to Terabithia (1985 film) | The Great Gilly Hopkins (film) | The Great Gilly Hopkins | Bridge to Terabithia (novel) | Bridge to Terabithia (2007 film) | The Master Puppeteer | Bread and Roses, Too | Come Sing, Jimmy Jo | Rebels of the Heavenly Kingdom | Sligo Creek",1,1,,0,1,,0.5,1.0,,1.0,1.0
dense,per_question,5adf043b5542993a75d263d4,bridge,hard,Which American cable news and talk radio host was the former GOP representative,Joe Scarborough | Morning Joe,Joe Scarborough | Sean Hannity | David Gold (talk radio host) | Morning Joe | Mike Hogan (sportscaster) | Ronn Owens | Talk radio | Spectrum News Rochester | Steve Malzberg | Spectrum News Buffalo,1,1,,0,1,,0.5,1.0,,1.0,1.0
dense,per_question,5abd6bf055429933744ab7c8,bridge,hard,"What Division was the college footbal team that fired their head coach on November 24, 2006?",2006 Miami Hurricanes football team | Larry Coker,2006 Miami Hurricanes football team | 2006 Alabama Crimson Tide football team | Larry Coker | Brian Knorr | Reggie Witherspoon (basketball) | Buzz Peterson | 2009 Virginia Cavaliers football team | Holly Bruder | Richard Jacob | Maggie Dixon Award,1,1,,0,1,,0.5,1.0,,1.0,1.0
dense,per_question,5ae0038655429925eb1afbe0,comparison,hard,"Which is a Macedonian weekly, Hänt Extra or Tea Moderna?",Hänt Extra | Tea Moderna (magazine),Tea Moderna (magazine) | Makedonsko Sonce | Hänt Extra | 2015 Macedonian Football Supercup | Den Za Nas | Nikola Mladenov | Orange Field Tea Factory | Hänt Bild | Football Weekly | Henrik Dorsin,1,1,,0,1,,0.5,1.0,,1.0,1.0
dense,per_question,5a73977d554299623ed4ac08,comparison,hard,What is the shared country of ancestry between Art Laboe and Scout Tufankjian?,Art Laboe | Scout Tufankjian,Scout Tufankjian | Art Laboe | Interamerican Scout Jamboree | KOKO-FM | Chinese Australians | Arabs in India | Indian Scout (motorcycle) | Original Sound | Destinations | Scout Promise,1,1,,1,1,,1.0,1.0,,1.0,1.0
dense,per_question,5ac2a399554299218029dada,bridge,hard,Who programmed a cartridge-based development system made by a company noted for authoring Atari's BASIC?,Atari Assembler Editor | Shepardson Microsystems,Atari Assembler Editor | Atari XEGS | Surround (video game) | HP 64000 | Manned Orbital Development System | Shepardson Microsystems | Star Ship | New York City Employment and Training Coalition | Vancouver Whitecaps FC U-23 | Portland Timbers U23s,1,1,,0,0,,0.5,0.5,,1.0,1.0
dense,per_question,5ae0f6f5554299422ee99583,bridge,hard,"Which record label released Van Morrison's ""I've Been Working"" on the album ""His Band and the Street Choir""?",His Band and the Street Choir | I've Been Working,"I've Been Working | His Band and the Street Choir | Duets: Re-working the Catalogue | Blue Money | The Caledonia Soul Orchestra | I'll Be Your Lover, Too | Domino (Van Morrison song) | Call Me Up in Dreamland | The Best of Van Morrison Volume 3 | No Prima Donna: The Songs of Van Morrison",1,1,,1,1,,1.0,1.0,,1.0,1.0
dense,per_question,5adc1ae5554299438c868d5c,bridge,hard,Hate Them is the ninth album by a band likened to who?,Darkthrone | Hate Them,Hate Them | I Hate Myself (for Loving You) | Darkthrone | Free (Bonfire album) | Osc-Dis | Reckless (Jeremy Camp album) | Lonestar discography | Liquid Acrobat as Regards the Air | Still Restless | Timbiriche VIII &amp; IX,1,1,,0,1,,0.5,1.0,,1.0,1.0
dense,per_question,5ae6860e5542991bbc976112,bridge,hard,"How did Emilie du Chatelet, Voltaire's love, contribute to the basic laws of physics?",Voltaire in Love | Émilie du Châtelet,Voltaire in Love | Émilie du Châtelet | Jean de Chastelet | Laws of association | The Physics of Superheroes | 12 basic principles of animation | Ethiopian Legal Information Website | Katherine Kath | Constitution of Israel | Basic Laws of Israel,1,1,,1,1,,1.0,1.0,,1.0,1.0
dense,per_question,5ae1316555429901ffe4adda,comparison,hard,Were Goo Goo Dolls and Echosmith formed in the same city?,Echosmith | Goo Goo Dolls,"Goo Goo Dolls | Hold Me Up | Live in Buffalo: July 4th, 2004 | Something for the Rest of Us | Echosmith | ITunes Originals – Goo Goo Dolls | Goo Goo Dolls (album) | Notbroken | Waiting for the Rest of It | All That You Are (Goo Goo Dolls song)",1,1,,0,1,,0.5,1.0,,1.0,1.0
dense,per_question,5adfeb0555429942ec259b88,bridge,hard,The Detroit mayoral elections of 2009 took place to fill the vacancy created by a politician who was sentenced to what?,"Detroit mayoral election, 2009 | Kwame Kilpatrick","Detroit mayoral election, 2009 | Kwame Kilpatrick | United Kingdom local elections, 2013 | United States Senate elections in Illinois, 2010 | Charlotte mayoral election, 2015 | List of Calgary municipal elections | Brian DelGrosso | Jane Marum Roush | Joseph Vitale (politician) | Jon Bramnick",1,1,,1,1,,1.0,1.0,,1.0,1.0
dense,per_question,5ab5499e5542992aa134a295,bridge,hard,In what year was the team that Luke Clark plays either right back or central midfielder for founded?,Curzon Ashton F.C. | Luke Clark,Luke Clark | Luke Hubbins | Leigh Broxham | Michalis Bakakis | Nico Pandiani | Atiqur Rahman Meshu | Martin Linnes | Curzon Ashton F.C. | Ibrahim Tall | Bjørn Helge Riise,1,1,,0,0,,0.5,0.5,,1.0,1.0
dense,per_question,5adeffa85542992d7e9f926f,comparison,hard,What genre of music was played by both Tappi Tíkarrass and INXS?,INXS | Tappi Tíkarrass,Tappi Tíkarrass | Miranda (album) | Bitið fast í vitið | Nýtt líf | Kidandali | INXS | Rave music | Disco polo | Steeltown (band) | Folk rock,1,1,,0,0,,0.5,0.5,,1.0,1.0
dense,per_question,5adfd2f255429925eb1afaa5,bridge,hard,A puzzle-platform video game developed by the Valve Corporation is part of what 2012 action-adventure game?,Gateways (video game) | Portal (video game),Portal (video game) | Gateways (video game) | Portal 2 | Aperture Tag: The Paint Gun Testing Initiative | The Lost Vikings | Half-Life 2: Lost Coast | Team Fortress 2 | Portal (series) | Fez (video game) | Prince of Persia: The Sands of Time,1,1,,1,1,,1.0,1.0,,1.0,1.0
dense,per_question,5ae5b301554299546bf82f2d,bridge,hard,What produces the hormone that promotes sodium retention in the distal nephron?,Aldosterone | Angiotensin,Aldosterone | Angiotensin | Sodium-chloride symporter | Low pressure receptors | Tubuloglomerular feedback | Distal renal tubular acidosis | Renal tubular acidosis | Ascending limb of loop of Henle | Sylvia Agnes Sophia Tait | Loop of Henle,1,1,,1,1,,1.0,1.0,,1.0,1.0
dense,per_question,5ab1eac95542993be8fa987f,bridge,hard,How many Senate seats will be contested during the midterm elections that Nancy Soderberg has filed to run for Congress in?,"Nancy Soderberg | United States elections, 2018","United States Senate elections, 2008 | United States elections, 2018 | United States midterm election | Classes of United States Senators | United States Senate elections, 2002 | Wisconsin elections, 2016 | 80th United States Congress | United States elections, 2002 | Nancy Soderberg | TEAM Unity",1,1,,0,0,,0.5,0.5,,0.5,0.5
dense,per_question,5ae15e125542990adbacf773,comparison,hard,In between Berghuis v. Thompkins and Mississippi University for Women v. Hogan which one was a  case decided 5-4 by the Supreme Court of the United States?,Berghuis v. Thompkins | Mississippi University for Women v. Hogan,Mississippi University for Women v. Hogan | Whole Woman's Health v. Hellerstedt | Berghuis v. Thompkins | Summers v. Earth Island Institute | Hoffman v. Jones | Van Staphorst v. Maryland | United States v. Quiver | V.L. v. E.L. | Hirabayashi v. United States | Commissioner v. Banks,1,1,,0,1,,0.5,1.0,,1.0,1.0
dense,per_question,5a77beae5542992a6e59dfae,bridge,hard,Which jazz singer has a 2003 album entitled The Boy Next Door? ,Stacey Kent | The Boy Next Door (album),The Boy Next Door (album) | 'Tis Autumn | Not the Boy Next Door | Boy Next Door (song) | Boy next door | Superstar – The Hits | Hold Me in Your Arms (album) | Boy Meets Girl (novel) | Stacey Kent | Fire! (manga),1,1,,0,0,,0.5,0.5,,1.0,1.0
dense,per_question,5ae1f5a15542997f29b3c1b5,bridge,hard,The actor who appeared on Charlotte's Shorts and Weeds was born in what year?,Charlotte's Shorts | Gary Anthony Williams,Charlotte's Shorts | Spencer Bell (actor) | Gary Anthony Williams | A Story of Floating Weeds | Charles Eldridge | Andy Umberger | Milton (cartoon) | Harry Bowen (actor) | Andy Milder | Billy Sullivan (actor),1,1,,0,1,,0.5,1.0,,1.0,1.0
dense,per_question,5ade908b55429975fa854f13,bridge,hard,"After he was contracted by the team that is headquartered in Affalterbach, Baden-Württemberg, Germany, Dario Franchitti competed in what series?",Dario Franchitti | Mercedes-AMG,Dario Franchitti | Marino Franchitti | 1998 Molson Indy Vancouver | 2009 Honda Indy Toronto | 2011 Honda Indy Toronto | 2002 Gran Premio Telmex-Gigante | 2007 Firestone Indy 400 | 2011 Indy Grand Prix of Sonoma | Johnny Mowlem | Mercedes-AMG,1,1,,0,0,,0.5,0.5,,1.0,1.0
dense,per_question,5ab47cd75542991751b4d78d,bridge,hard,"In which year did this division, where Cleveland Browns placed fourth in 2009, adopt its current name?",2009 Cleveland Browns season | AFC North,2007 Cleveland Browns season | 2011 Cleveland Browns season | 2012 Cleveland Browns season | 2009 Cleveland Browns season | 2010 Cleveland Browns season | 2008 Cleveland Browns season | AFC North | Lamar Chapman | Ron Snidow | Freddie Summers,0,1,,0,0,,0.0,0.5,,0.25,0.25
dense,per_question,5a79b7f6554299029c4b5f6f,bridge,hard,How many restaurants comprise the quick service restaurant chain that Ron Joyce helped found?,Ron Joyce | Tim Hortons,Fast food restaurant | Ron Joyce | Toddle House | Leeann Chin | Arcos Dorados Holdings | Tim Hortons | Hero Certified Burgers | Shawarmer | Lion's Choice | Noodle Box,1,1,,0,0,,0.5,0.5,,0.5,0.5
dense,per_question,5ab626d555429953192ad279,bridge,hard,Anthony Avent played basketball fo a High School that is located in a city approcimately 8 mi west of where?,"Anthony Avent | Newark, New Jersey","Anthony Avent | Larry Friend | Presley Askew | James Blackmon Sr. | Jeff Horner | Weldon Drew | Newark, New Jersey | Finchampstead | Canton, Michigan | Kelsall",1,1,,0,0,,0.5,0.5,,1.0,1.0
dense,per_question,5a84873e5542997175ce1eec,bridge,hard,What edition of tennis' US Open was the 2017 US Open when Petra Kvitova was a quarterfinalist?,2017 US Open (tennis) | Petra Kvitová career statistics,2017 US Open (tennis) | 2017 US Open Series | Petra Kvitová career statistics | 2017 Connecticut Open | 2013 US Open Series | 2014 US Open Series | 2017 BB&amp;T Atlanta Open | 2017 Winston-Salem Open | Caroline Wozniacki career statistics | Jamie Murray career statistics,1,1,,0,1,,0.5,1.0,,1.0,1.0
dense,per_question,5ac537975542996feb3fea3c,bridge,hard,Walt Zeboski photographed which 40th President during his campaign in 1980?,Ronald Reagan | Walt Zeboski,"Walt Zeboski | Ronald Reagan | Speeches and debates of Ronald Reagan | Gerald Ford | John F. Kennedy presidential campaign, 1960 | José Mujica | Bernhard Vogel (politician) | Wyman Park, Baltimore | 2/40th Battalion (Australia) | 40th Battalion (Australia)",1,1,,1,1,,1.0,1.0,,1.0,1.0
dense,per_question,5a8f45ca5542997ba9cb320e,comparison,hard,"What type of film are both ""500 Years Later"" and ""Manson""?",500 Years Later | Manson (film),Manson (film) | 500 Years Later | Idiocracy | Motherland (2010 film) | Elizabeth Martínez | Tukufu Zuberi | Ako Mitchell | Kyokusui-no-en | Ife Piankhi | Ruakuri Cave,1,1,,1,1,,1.0,1.0,,1.0,1.0
