setting,example_id,question_type,level,question,gold_titles,k,dense_full_at_k,rerank_full_at_k,dense_gold_ranks,rerank_gold_ranks,transition
pooled,5a71166d5542994082a3e576,comparison,hard,"Which battle occurred first, the Battle of Manila or the Battle of Guam?",Battle of Guam (1944) | Battle of Manila (1945),2,1,1,"{""Battle of Guam (1944)"":1,""Battle of Manila (1945)"":2}","{""Battle of Guam (1944)"":1,""Battle of Manila (1945)"":2}",stable_hit
pooled,5a71166d5542994082a3e576,comparison,hard,"Which battle occurred first, the Battle of Manila or the Battle of Guam?",Battle of Guam (1944) | Battle of Manila (1945),5,1,1,"{""Battle of Guam (1944)"":1,""Battle of Manila (1945)"":2}","{""Battle of Guam (1944)"":1,""Battle of Manila (1945)"":2}",stable_hit
pooled,5a71166d5542994082a3e576,comparison,hard,"Which battle occurred first, the Battle of Manila or the Battle of Guam?",Battle of Guam (1944) | Battle of Manila (1945),10,1,1,"{""Battle of Guam (1944)"":1,""Battle of Manila (1945)"":2}","{""Battle of Guam (1944)"":1,""Battle of Manila (1945)"":2}",stable_hit
pooled,5a7133565542994082a3e65c,bridge,hard,"What Kentucky county has a population of 60,316 and features the Lake Louisvilla neighborhood?","Lake Louisvilla, Louisville | Oldham County, Kentucky",2,0,1,"{""Lake Louisvilla, Louisville"":1,""Oldham County, Kentucky"":3}","{""Lake Louisvilla, Louisville"":1,""Oldham County, Kentucky"":2}",rescue
pooled,5a7133565542994082a3e65c,bridge,hard,"What Kentucky county has a population of 60,316 and features the Lake Louisvilla neighborhood?","Lake Louisvilla, Louisville | Oldham County, Kentucky",5,1,1,"{""Lake Louisvilla, Louisville"":1,""Oldham County, Kentucky"":3}","{""Lake Louisvilla, Louisville"":1,""Oldham County, Kentucky"":2}",stable_hit
pooled,5a7133565542994082a3e65c,bridge,hard,"What Kentucky county has a population of 60,316 and features the Lake Louisvilla neighborhood?","Lake Louisvilla, Louisville | Oldham County, Kentucky",10,1,1,"{""Lake Louisvilla, Louisville"":1,""Oldham County, Kentucky"":3}","{""Lake Louisvilla, Louisville"":1,""Oldham County, Kentucky"":2}",stable_hit
pooled,5a713a5a5542994082a3e6a9,bridge,hard,What football club plays in the area between the old tool gates: Brook Bar and Trafford bar?,"Manchester United F.C. in European football | Old Trafford, Greater Manchester",2,0,0,"{""Manchester United F.C. in European football"":8,""Old Trafford, Greater Manchester"":1}","{""Manchester United F.C. in European football"":3,""Old Trafford, Greater Manchester"":1}",stable_miss
pooled,5a713a5a5542994082a3e6a9,bridge,hard,What football club plays in the area between the old tool gates: Brook Bar and Trafford bar?,"Manchester United F.C. in European football | Old Trafford, Greater Manchester",5,0,1,"{""Manchester United F.C. in European football"":8,""Old Trafford, Greater Manchester"":1}","{""Manchester United F.C. in European football"":3,""Old Trafford, Greater Manchester"":1}",rescue
pooled,5a713a5a5542994082a3e6a9,bridge,hard,What football club plays in the area between the old tool gates: Brook Bar and Trafford bar?,"Manchester United F.C. in European football | Old Trafford, Greater Manchester",10,1,1,"{""Manchester United F.C. in European football"":8,""Old Trafford, Greater Manchester"":1}","{""Manchester United F.C. in European football"":3,""Old Trafford, Greater Manchester"":1}",stable_hit
pooled,5a713ea95542994082a3e6e4,bridge,hard,Alvaro Mexia had a diplomatic mission with which tribe of indigenous people?,Alvaro Mexia | Indigenous peoples of Florida,2,0,0,"{""Alvaro Mexia"":1,""Indigenous peoples of Florida"":20}","{""Alvaro Mexia"":1,""Indigenous peoples of Florida"":3}",stable_miss
pooled,5a713ea95542994082a3e6e4,bridge,hard,Alvaro Mexia had a diplomatic mission with which tribe of indigenous people?,Alvaro Mexia | Indigenous peoples of Florida,5,0,1,"{""Alvaro Mexia"":1,""Indigenous peoples of Florida"":20}","{""Alvaro Mexia"":1,""Indigenous peoples of Florida"":3}",rescue
pooled,5a713ea95542994082a3e6e4,bridge,hard,Alvaro Mexia had a diplomatic mission with which tribe of indigenous people?,Alvaro Mexia | Indigenous peoples of Florida,10,0,1,"{""Alvaro Mexia"":1,""Indigenous peoples of Florida"":20}","{""Alvaro Mexia"":1,""Indigenous peoples of Florida"":3}",rescue
pooled,5a7166395542994082a3e814,bridge,hard,"What is the name of the fight song of the university whose main campus is in Lawrence, Kansas and whose branch campuses are in the Kansas City metropolitan area?",Kansas Song | University of Kansas,2,1,1,"{""Kansas Song"":1,""University of Kansas"":2}","{""Kansas Song"":2,""University of Kansas"":1}",stable_hit
pooled,5a7166395542994082a3e814,bridge,hard,"What is the name of the fight song of the university whose main campus is in Lawrence, Kansas and whose branch campuses are in the Kansas City metropolitan area?",Kansas Song | University of Kansas,5,1,1,"{""Kansas Song"":1,""University of Kansas"":2}","{""Kansas Song"":2,""University of Kansas"":1}",stable_hit
pooled,5a7166395542994082a3e814,bridge,hard,"What is the name of the fight song of the university whose main campus is in Lawrence, Kansas and whose branch campuses are in the Kansas City metropolitan area?",Kansas Song | University of Kansas,10,1,1,"{""Kansas Song"":1,""University of Kansas"":2}","{""Kansas Song"":2,""University of Kansas"":1}",stable_hit
pooled,5a71717d5542994082a3e834,bridge,hard,"What star of ""Attack of the Gryphon"" was also a voice artist in Johnny Bravo?  ",Gryphon (film) | Larry Drake,2,1,0,"{""Gryphon (film)"":2,""Larry Drake"":1}","{""Gryphon (film)"":1,""Larry Drake"":3}",damage
pooled,5a71717d5542994082a3e834,bridge,hard,"What star of ""Attack of the Gryphon"" was also a voice artist in Johnny Bravo?  ",Gryphon (film) | Larry Drake,5,1,1,"{""Gryphon (film)"":2,""Larry Drake"":1}","{""Gryphon (film)"":1,""Larry Drake"":3}",stable_hit
pooled,5a71717d5542994082a3e834,bridge,hard,"What star of ""Attack of the Gryphon"" was also a voice artist in Johnny Bravo?  ",Gryphon (film) | Larry Drake,10,1,1,"{""Gryphon (film)"":2,""Larry Drake"":1}","{""Gryphon (film)"":1,""Larry Drake"":3}",stable_hit
pooled,5a717d4c5542994082a3e854,comparison,hard,"Who has written more than 300 papers, Semyon Aranovich Gershgorin or Pavel Alexandrov?",Pavel Alexandrov | Semyon Aranovich Gershgorin,2,1,1,"{""Pavel Alexandrov"":1,""Semyon Aranovich Gershgorin"":2}","{""Pavel Alexandrov"":1,""Semyon Aranovich Gershgorin"":2}",stable_hit
pooled,5a717d4c5542994082a3e854,comparison,hard,"Who has written more than 300 papers, Semyon Aranovich Gershgorin or Pavel Alexandrov?",Pavel Alexandrov | Semyon Aranovich Gershgorin,5,1,1,"{""Pavel Alexandrov"":1,""Semyon Aranovich Gershgorin"":2}","{""Pavel Alexandrov"":1,""Semyon Aranovich Gershgorin"":2}",stable_hit
pooled,5a717d4c5542994082a3e854,comparison,hard,"Who has written more than 300 papers, Semyon Aranovich Gershgorin or Pavel Alexandrov?",Pavel Alexandrov | Semyon Aranovich Gershgorin,10,1,1,"{""Pavel Alexandrov"":1,""Semyon Aranovich Gershgorin"":2}","{""Pavel Alexandrov"":1,""Semyon Aranovich Gershgorin"":2}",stable_hit
pooled,5a722b8655429971e9dc9329,bridge,hard,Who was the writer of These Boots Are Made for Walkin' and who died in 2007?,Lee Hazlewood | These Boots Are Made for Walkin',2,0,0,"{""Lee Hazlewood"":null,""These Boots Are Made for Walkin'"":1}","{""Lee Hazlewood"":null,""These Boots Are Made for Walkin'"":1}",stable_miss
pooled,5a722b8655429971e9dc9329,bridge,hard,Who was the writer of These Boots Are Made for Walkin' and who died in 2007?,Lee Hazlewood | These Boots Are Made for Walkin',5,0,0,"{""Lee Hazlewood"":null,""These Boots Are Made for Walkin'"":1}","{""Lee Hazlewood"":null,""These Boots Are Made for Walkin'"":1}",stable_miss
pooled,5a722b8655429971e9dc9329,bridge,hard,Who was the writer of These Boots Are Made for Walkin' and who died in 2007?,Lee Hazlewood | These Boots Are Made for Walkin',10,0,0,"{""Lee Hazlewood"":null,""These Boots Are Made for Walkin'"":1}","{""Lee Hazlewood"":null,""These Boots Are Made for Walkin'"":1}",stable_miss
pooled,5a7252db5542990c210a4104,bridge,hard,What is the name of the oldest child that attended the Trump campaign-Russian meeting?,Donald Trump Jr. | Trump campaign–Russian meeting,2,1,1,"{""Donald Trump Jr."":2,""Trump campaign–Russian meeting"":1}","{""Donald Trump Jr."":1,""Trump campaign–Russian meeting"":2}",stable_hit
pooled,5a7252db5542990c210a4104,bridge,hard,What is the name of the oldest child that attended the Trump campaign-Russian meeting?,Donald Trump Jr. | Trump campaign–Russian meeting,5,1,1,"{""Donald Trump Jr."":2,""Trump campaign–Russian meeting"":1}","{""Donald Trump Jr."":1,""Trump campaign–Russian meeting"":2}",stable_hit
pooled,5a7252db5542990c210a4104,bridge,hard,What is the name of the oldest child that attended the Trump campaign-Russian meeting?,Donald Trump Jr. | Trump campaign–Russian meeting,10,1,1,"{""Donald Trump Jr."":2,""Trump campaign–Russian meeting"":1}","{""Donald Trump Jr."":1,""Trump campaign–Russian meeting"":2}",stable_hit
pooled,5a729e7b5542992359bc313d,bridge,hard,"Which river system in Chilhowie, Virginia was the starting place for most Longhunters?",Holston River | Longhunter,2,0,1,"{""Holston River"":36,""Longhunter"":1}","{""Holston River"":2,""Longhunter"":1}",rescue
pooled,5a729e7b5542992359bc313d,bridge,hard,"Which river system in Chilhowie, Virginia was the starting place for most Longhunters?",Holston River | Longhunter,5,0,1,"{""Holston River"":36,""Longhunter"":1}","{""Holston River"":2,""Longhunter"":1}",rescue
pooled,5a729e7b5542992359bc313d,bridge,hard,"Which river system in Chilhowie, Virginia was the starting place for most Longhunters?",Holston River | Longhunter,10,0,1,"{""Holston River"":36,""Longhunter"":1}","{""Holston River"":2,""Longhunter"":1}",rescue
pooled,5a72a0be5542992359bc3143,bridge,hard,"This work of literature _______ , known by its Greek title Oedipus Tyrannus was argued by Sigmund Freud to be one of the greatest works of world literature in his 1928 article. ",Dostoevsky and Parricide | Oedipus Rex,2,0,1,"{""Dostoevsky and Parricide"":5,""Oedipus Rex"":1}","{""Dostoevsky and Parricide"":2,""Oedipus Rex"":1}",rescue
pooled,5a72a0be5542992359bc3143,bridge,hard,"This work of literature _______ , known by its Greek title Oedipus Tyrannus was argued by Sigmund Freud to be one of the greatest works of world literature in his 1928 article. ",Dostoevsky and Parricide | Oedipus Rex,5,1,1,"{""Dostoevsky and Parricide"":5,""Oedipus Rex"":1}","{""Dostoevsky and Parricide"":2,""Oedipus Rex"":1}",stable_hit
pooled,5a72a0be5542992359bc3143,bridge,hard,"This work of literature _______ , known by its Greek title Oedipus Tyrannus was argued by Sigmund Freud to be one of the greatest works of world literature in his 1928 article. ",Dostoevsky and Parricide | Oedipus Rex,10,1,1,"{""Dostoevsky and Parricide"":5,""Oedipus Rex"":1}","{""Dostoevsky and Parricide"":2,""Oedipus Rex"":1}",stable_hit
pooled,5a72c6f65542994cef4bc402,bridge,hard,Wheat salad is composed typically of what red fruit?,Tomato | Wheat salad,2,0,0,"{""Tomato"":7,""Wheat salad"":1}","{""Tomato"":8,""Wheat salad"":1}",stable_miss
pooled,5a72c6f65542994cef4bc402,bridge,hard,Wheat salad is composed typically of what red fruit?,Tomato | Wheat salad,5,0,0,"{""Tomato"":7,""Wheat salad"":1}","{""Tomato"":8,""Wheat salad"":1}",stable_miss
pooled,5a72c6f65542994cef4bc402,bridge,hard,Wheat salad is composed typically of what red fruit?,Tomato | Wheat salad,10,1,1,"{""Tomato"":7,""Wheat salad"":1}","{""Tomato"":8,""Wheat salad"":1}",stable_hit
pooled,5a7320565542991f9a20c61d,bridge,hard,who is younger Keith Bostic or Jerry Glanville ?,Jerry Glanville | Keith Bostic (American football),2,0,0,"{""Jerry Glanville"":5,""Keith Bostic (American football)"":1}","{""Jerry Glanville"":3,""Keith Bostic (American football)"":1}",stable_miss
pooled,5a7320565542991f9a20c61d,bridge,hard,who is younger Keith Bostic or Jerry Glanville ?,Jerry Glanville | Keith Bostic (American football),5,1,1,"{""Jerry Glanville"":5,""Keith Bostic (American football)"":1}","{""Jerry Glanville"":3,""Keith Bostic (American football)"":1}",stable_hit
pooled,5a7320565542991f9a20c61d,bridge,hard,who is younger Keith Bostic or Jerry Glanville ?,Jerry Glanville | Keith Bostic (American football),10,1,1,"{""Jerry Glanville"":5,""Keith Bostic (American football)"":1}","{""Jerry Glanville"":3,""Keith Bostic (American football)"":1}",stable_hit
pooled,5a7332935542991f9a20c67d,comparison,hard,"Which board game was published most recently, Pirate's Cove or Catan?",Catan | Pirate's Cove,2,0,1,"{""Catan"":4,""Pirate's Cove"":1}","{""Catan"":2,""Pirate's Cove"":1}",rescue
pooled,5a7332935542991f9a20c67d,comparison,hard,"Which board game was published most recently, Pirate's Cove or Catan?",Catan | Pirate's Cove,5,1,1,"{""Catan"":4,""Pirate's Cove"":1}","{""Catan"":2,""Pirate's Cove"":1}",stable_hit
pooled,5a7332935542991f9a20c67d,comparison,hard,"Which board game was published most recently, Pirate's Cove or Catan?",Catan | Pirate's Cove,10,1,1,"{""Catan"":4,""Pirate's Cove"":1}","{""Catan"":2,""Pirate's Cove"":1}",stable_hit
pooled,5a738225554299623ed4abc3,comparison,hard,"Which musical fantasy film is older, Bedknobs and Broomsticks or The Muppet Christmas Carol?",Bedknobs and Broomsticks | The Muppet Christmas Carol,2,0,1,"{""Bedknobs and Broomsticks"":3,""The Muppet Christmas Carol"":1}","{""Bedknobs and Broomsticks"":1,""The Muppet Christmas Carol"":2}",rescue
pooled,5a738225554299623ed4abc3,comparison,hard,"Which musical fantasy film is older, Bedknobs and Broomsticks or The Muppet Christmas Carol?",Bedknobs and Broomsticks | The Muppet Christmas Carol,5,1,1,"{""Bedknobs and Broomsticks"":3,""The Muppet Christmas Carol"":1}","{""Bedknobs and Broomsticks"":1,""The Muppet Christmas Carol"":2}",stable_hit
pooled,5a738225554299623ed4abc3,comparison,hard,"Which musical fantasy film is older, Bedknobs and Broomsticks or The Muppet Christmas Carol?",Bedknobs and Broomsticks | The Muppet Christmas Carol,10,1,1,"{""Bedknobs and Broomsticks"":3,""The Muppet Christmas Carol"":1}","{""Bedknobs and Broomsticks"":1,""The Muppet Christmas Carol"":2}",stable_hit
pooled,5a738d27554299623ed4abf3,bridge,hard,"Who was born first, Erika Jayne or Marco Da Silva",Erika Jayne | Marco Da Silva (dancer),2,0,1,"{""Erika Jayne"":1,""Marco Da Silva (dancer)"":12}","{""Erika Jayne"":2,""Marco Da Silva (dancer)"":1}",rescue
pooled,5a738d27554299623ed4abf3,bridge,hard,"Who was born first, Erika Jayne or Marco Da Silva",Erika Jayne | Marco Da Silva (dancer),5,0,1,"{""Erika Jayne"":1,""Marco Da Silva (dancer)"":12}","{""Erika Jayne"":2,""Marco Da Silva (dancer)"":1}",rescue
pooled,5a738d27554299623ed4abf3,bridge,hard,"Who was born first, Erika Jayne or Marco Da Silva",Erika Jayne | Marco Da Silva (dancer),10,0,1,"{""Erika Jayne"":1,""Marco Da Silva (dancer)"":12}","{""Erika Jayne"":2,""Marco Da Silva (dancer)"":1}",rescue
pooled,5a738fe855429908901be2fb,bridge,hard,What film was written and directed by Joby Harold with music written by Samuel Sim?,Awake (film) | Samuel Sim,2,0,0,"{""Awake (film)"":null,""Samuel Sim"":1}","{""Awake (film)"":null,""Samuel Sim"":1}",stable_miss
pooled,5a738fe855429908901be2fb,bridge,hard,What film was written and directed by Joby Harold with music written by Samuel Sim?,Awake (film) | Samuel Sim,5,0,0,"{""Awake (film)"":null,""Samuel Sim"":1}","{""Awake (film)"":null,""Samuel Sim"":1}",stable_miss
pooled,5a738fe855429908901be2fb,bridge,hard,What film was written and directed by Joby Harold with music written by Samuel Sim?,Awake (film) | Samuel Sim,10,0,0,"{""Awake (film)"":null,""Samuel Sim"":1}","{""Awake (film)"":null,""Samuel Sim"":1}",stable_miss
pooled,5a73977d554299623ed4ac08,comparison,hard,What is the shared country of ancestry between Art Laboe and Scout Tufankjian?,Art Laboe | Scout Tufankjian,2,1,1,"{""Art Laboe"":2,""Scout Tufankjian"":1}","{""Art Laboe"":2,""Scout Tufankjian"":1}",stable_hit
pooled,5a73977d554299623ed4ac08,comparison,hard,What is the shared country of ancestry between Art Laboe and Scout Tufankjian?,Art Laboe | Scout Tufankjian,5,1,1,"{""Art Laboe"":2,""Scout Tufankjian"":1}","{""Art Laboe"":2,""Scout Tufankjian"":1}",stable_hit
pooled,5a73977d554299623ed4ac08,comparison,hard,What is the shared country of ancestry between Art Laboe and Scout Tufankjian?,Art Laboe | Scout Tufankjian,10,1,1,"{""Art Laboe"":2,""Scout Tufankjian"":1}","{""Art Laboe"":2,""Scout Tufankjian"":1}",stable_hit
pooled,5a73a7c755429978a71e9068,bridge,hard,What american actress/singer born in 1956 recorded the song Something there for beauty and the beast?,Paige O'Hara | Something There,2,1,0,"{""Paige O'Hara"":2,""Something There"":1}","{""Paige O'Hara"":5,""Something There"":1}",damage
pooled,5a73a7c755429978a71e9068,bridge,hard,What american actress/singer born in 1956 recorded the song Something there for beauty and the beast?,Paige O'Hara | Something There,5,1,1,"{""Paige O'Hara"":2,""Something There"":1}","{""Paige O'Hara"":5,""Something There"":1}",stable_hit
pooled,5a73a7c755429978a71e9068,bridge,hard,What american actress/singer born in 1956 recorded the song Something there for beauty and the beast?,Paige O'Hara | Something There,10,1,1,"{""Paige O'Hara"":2,""Something There"":1}","{""Paige O'Hara"":5,""Something There"":1}",stable_hit
pooled,5a74106b55429979e288289e,bridge,hard,Where is the company that Sachin Warrier worked for as a software engineer headquartered? ,Sachin Warrier | Tata Consultancy Services,2,0,0,"{""Sachin Warrier"":2,""Tata Consultancy Services"":null}","{""Sachin Warrier"":1,""Tata Consultancy Services"":null}",stable_miss
pooled,5a74106b55429979e288289e,bridge,hard,Where is the company that Sachin Warrier worked for as a software engineer headquartered? ,Sachin Warrier | Tata Consultancy Services,5,0,0,"{""Sachin Warrier"":2,""Tata Consultancy Services"":null}","{""Sachin Warrier"":1,""Tata Consultancy Services"":null}",stable_miss
pooled,5a74106b55429979e288289e,bridge,hard,Where is the company that Sachin Warrier worked for as a software engineer headquartered? ,Sachin Warrier | Tata Consultancy Services,10,0,0,"{""Sachin Warrier"":2,""Tata Consultancy Services"":null}","{""Sachin Warrier"":1,""Tata Consultancy Services"":null}",stable_miss
pooled,5a74684655429929fddd8410,bridge,hard,"Which American music star appeared as a guest in a Will & Grace episode called ""Back Up, Dancer""?","Back Up, Dancer | Janet Jackson",2,0,0,"{""Back Up, Dancer"":1,""Janet Jackson"":45}","{""Back Up, Dancer"":1,""Janet Jackson"":12}",stable_miss
pooled,5a74684655429929fddd8410,bridge,hard,"Which American music star appeared as a guest in a Will & Grace episode called ""Back Up, Dancer""?","Back Up, Dancer | Janet Jackson",5,0,0,"{""Back Up, Dancer"":1,""Janet Jackson"":45}","{""Back Up, Dancer"":1,""Janet Jackson"":12}",stable_miss
pooled,5a74684655429929fddd8410,bridge,hard,"Which American music star appeared as a guest in a Will & Grace episode called ""Back Up, Dancer""?","Back Up, Dancer | Janet Jackson",10,0,0,"{""Back Up, Dancer"":1,""Janet Jackson"":45}","{""Back Up, Dancer"":1,""Janet Jackson"":12}",stable_miss
pooled,5a74c85055429916b0164218,bridge,hard,"Born on 6 March 1937, this man was also a citizen of the United Kingdom.",Alistair Grant | British people,2,0,0,"{""Alistair Grant"":8,""British people"":3}","{""Alistair Grant"":2,""British people"":9}",stable_miss
pooled,5a74c85055429916b0164218,bridge,hard,"Born on 6 March 1937, this man was also a citizen of the United Kingdom.",Alistair Grant | British people,5,0,0,"{""Alistair Grant"":8,""British people"":3}","{""Alistair Grant"":2,""British people"":9}",stable_miss
pooled,5a74c85055429916b0164218,bridge,hard,"Born on 6 March 1937, this man was also a citizen of the United Kingdom.",Alistair Grant | British people,10,1,1,"{""Alistair Grant"":8,""British people"":3}","{""Alistair Grant"":2,""British people"":9}",stable_hit
pooled,5a74ce9655429974ef308c6c,bridge,hard,"What retailer in ABQ Uptown is headquarted in Poole, Dorset, United Kingdom?",ABQ Uptown | Lush (company),2,0,1,"{""ABQ Uptown"":1,""Lush (company)"":45}","{""ABQ Uptown"":2,""Lush (company)"":1}",rescue
pooled,5a74ce9655429974ef308c6c,bridge,hard,"What retailer in ABQ Uptown is headquarted in Poole, Dorset, United Kingdom?",ABQ Uptown | Lush (company),5,0,1,"{""ABQ Uptown"":1,""Lush (company)"":45}","{""ABQ Uptown"":2,""Lush (company)"":1}",rescue
pooled,5a74ce9655429974ef308c6c,bridge,hard,"What retailer in ABQ Uptown is headquarted in Poole, Dorset, United Kingdom?",ABQ Uptown | Lush (company),10,0,1,"{""ABQ Uptown"":1,""Lush (company)"":45}","{""ABQ Uptown"":2,""Lush (company)"":1}",rescue
pooled,5a7555215542996c70cfaee1,comparison,hard,"Which came to market first, ""Hey Pa! There's a Goat on the Roof"" or ""Poleconomy""",Hey Pa! There's a Goat on the Roof | Poleconomy,2,0,1,"{""Hey Pa! There's a Goat on the Roof"":1,""Poleconomy"":7}","{""Hey Pa! There's a Goat on the Roof"":1,""Poleconomy"":2}",rescue
pooled,5a7555215542996c70cfaee1,comparison,hard,"Which came to market first, ""Hey Pa! There's a Goat on the Roof"" or ""Poleconomy""",Hey Pa! There's a Goat on the Roof | Poleconomy,5,0,1,"{""Hey Pa! There's a Goat on the Roof"":1,""Poleconomy"":7}","{""Hey Pa! There's a Goat on the Roof"":1,""Poleconomy"":2}",rescue
pooled,5a7555215542996c70cfaee1,comparison,hard,"Which came to market first, ""Hey Pa! There's a Goat on the Roof"" or ""Poleconomy""",Hey Pa! There's a Goat on the Roof | Poleconomy,10,1,1,"{""Hey Pa! There's a Goat on the Roof"":1,""Poleconomy"":7}","{""Hey Pa! There's a Goat on the Roof"":1,""Poleconomy"":2}",stable_hit
pooled,5a756fa15542996c70cfaefb,bridge,hard,Július Satinský was born in a city that has a current population of what?,Bratislava | Július Satinský,2,0,0,"{""Bratislava"":37,""Július Satinský"":1}","{""Bratislava"":4,""Július Satinský"":1}",stable_miss
pooled,5a756fa15542996c70cfaefb,bridge,hard,Július Satinský was born in a city that has a current population of what?,Bratislava | Július Satinský,5,0,1,"{""Bratislava"":37,""Július Satinský"":1}","{""Bratislava"":4,""Július Satinský"":1}",rescue
pooled,5a756fa15542996c70cfaefb,bridge,hard,Július Satinský was born in a city that has a current population of what?,Bratislava | Július Satinský,10,0,1,"{""Bratislava"":37,""Július Satinský"":1}","{""Bratislava"":4,""Július Satinský"":1}",rescue
pooled,5a7571135542992d0ec05f98,bridge,hard,Ralph Hefferline was a psychology professor at a university that is located in what city?,Columbia University | Ralph Hefferline,2,0,0,"{""Columbia University"":3,""Ralph Hefferline"":1}","{""Columbia University"":7,""Ralph Hefferline"":1}",stable_miss
pooled,5a7571135542992d0ec05f98,bridge,hard,Ralph Hefferline was a psychology professor at a university that is located in what city?,Columbia University | Ralph Hefferline,5,1,0,"{""Columbia University"":3,""Ralph Hefferline"":1}","{""Columbia University"":7,""Ralph Hefferline"":1}",damage
pooled,5a7571135542992d0ec05f98,bridge,hard,Ralph Hefferline was a psychology professor at a university that is located in what city?,Columbia University | Ralph Hefferline,10,1,1,"{""Columbia University"":3,""Ralph Hefferline"":1}","{""Columbia University"":7,""Ralph Hefferline"":1}",stable_hit
pooled,5a7574e25542996c70cfaf01,comparison,hard,Who was born first Mahbub ul Haq or Ibn Arabi?,Ibn Arabi | Mahbub ul Haq,2,0,0,"{""Ibn Arabi"":4,""Mahbub ul Haq"":1}","{""Ibn Arabi"":8,""Mahbub ul Haq"":1}",stable_miss
pooled,5a7574e25542996c70cfaf01,comparison,hard,Who was born first Mahbub ul Haq or Ibn Arabi?,Ibn Arabi | Mahbub ul Haq,5,1,0,"{""Ibn Arabi"":4,""Mahbub ul Haq"":1}","{""Ibn Arabi"":8,""Mahbub ul Haq"":1}",damage
pooled,5a7574e25542996c70cfaf01,comparison,hard,Who was born first Mahbub ul Haq or Ibn Arabi?,Ibn Arabi | Mahbub ul Haq,10,1,1,"{""Ibn Arabi"":4,""Mahbub ul Haq"":1}","{""Ibn Arabi"":8,""Mahbub ul Haq"":1}",stable_hit
pooled,5a75e05c55429976ec32bc5f,bridge,hard,Brown State Fishing Lake is in a country that has a population of how many inhabitants ?,"Brown County, Kansas | Brown State Fishing Lake",2,0,1,"{""Brown County, Kansas"":9,""Brown State Fishing Lake"":1}","{""Brown County, Kansas"":2,""Brown State Fishing Lake"":1}",rescue
pooled,5a75e05c55429976ec32bc5f,bridge,hard,Brown State Fishing Lake is in a country that has a population of how many inhabitants ?,"Brown County, Kansas | Brown State Fishing Lake",5,0,1,"{""Brown County, Kansas"":9,""Brown State Fishing Lake"":1}","{""Brown County, Kansas"":2,""Brown State Fishing Lake"":1}",rescue
pooled,5a75e05c55429976ec32bc5f,bridge,hard,Brown State Fishing Lake is in a country that has a population of how many inhabitants ?,"Brown County, Kansas | Brown State Fishing Lake",10,1,1,"{""Brown County, Kansas"":9,""Brown State Fishing Lake"":1}","{""Brown County, Kansas"":2,""Brown State Fishing Lake"":1}",stable_hit
pooled,5a75f0ea5542994ccc91866c,bridge,hard,What major truck road is located in Backford Cross?,A41 road | Backford Cross,2,0,0,"{""A41 road"":9,""Backford Cross"":1}","{""A41 road"":6,""Backford Cross"":1}",stable_miss
pooled,5a75f0ea5542994ccc91866c,bridge,hard,What major truck road is located in Backford Cross?,A41 road | Backford Cross,5,0,0,"{""A41 road"":9,""Backford Cross"":1}","{""A41 road"":6,""Backford Cross"":1}",stable_miss
pooled,5a75f0ea5542994ccc91866c,bridge,hard,What major truck road is located in Backford Cross?,A41 road | Backford Cross,10,1,1,"{""A41 road"":9,""Backford Cross"":1}","{""A41 road"":6,""Backford Cross"":1}",stable_hit
pooled,5a75f79555429976ec32bcca,bridge,hard,"Considered the strongest recorded tropical cyclone, which cyclone had a film made about it in 2007?",1999 Odisha cyclone | Kathantara,2,0,0,"{""1999 Odisha cyclone"":4,""Kathantara"":11}","{""1999 Odisha cyclone"":3,""Kathantara"":9}",stable_miss
pooled,5a75f79555429976ec32bcca,bridge,hard,"Considered the strongest recorded tropical cyclone, which cyclone had a film made about it in 2007?",1999 Odisha cyclone | Kathantara,5,0,0,"{""1999 Odisha cyclone"":4,""Kathantara"":11}","{""1999 Odisha cyclone"":3,""Kathantara"":9}",stable_miss
pooled,5a75f79555429976ec32bcca,bridge,hard,"Considered the strongest recorded tropical cyclone, which cyclone had a film made about it in 2007?",1999 Odisha cyclone | Kathantara,10,0,1,"{""1999 Odisha cyclone"":4,""Kathantara"":11}","{""1999 Odisha cyclone"":3,""Kathantara"":9}",rescue
pooled,5a760ab65542994ccc918697,bridge,hard,Alfred Balk served as the secretary of the Committee on the Employment of Minority Groups in the News Media under which United States Vice President?,Alfred Balk | Nelson Rockefeller,2,0,0,"{""Alfred Balk"":1,""Nelson Rockefeller"":36}","{""Alfred Balk"":1,""Nelson Rockefeller"":4}",stable_miss
pooled,5a760ab65542994ccc918697,bridge,hard,Alfred Balk served as the secretary of the Committee on the Employment of Minority Groups in the News Media under which United States Vice President?,Alfred Balk | Nelson Rockefeller,5,0,1,"{""Alfred Balk"":1,""Nelson Rockefeller"":36}","{""Alfred Balk"":1,""Nelson Rockefeller"":4}",rescue
pooled,5a760ab65542994ccc918697,bridge,hard,Alfred Balk served as the secretary of the Committee on the Employment of Minority Groups in the News Media under which United States Vice President?,Alfred Balk | Nelson Rockefeller,10,0,1,"{""Alfred Balk"":1,""Nelson Rockefeller"":36}","{""Alfred Balk"":1,""Nelson Rockefeller"":4}",rescue
pooled,5a760faa5542994ccc9186a8,bridge,hard," What is the latest album of Tim Hecker, the Canadian electronic music maker?","Ravedeath, 1972 | Tim Hecker",2,0,0,"{""Ravedeath, 1972"":2,""Tim Hecker"":3}","{""Ravedeath, 1972"":6,""Tim Hecker"":1}",stable_miss
pooled,5a760faa5542994ccc9186a8,bridge,hard," What is the latest album of Tim Hecker, the Canadian electronic music maker?","Ravedeath, 1972 | Tim Hecker",5,1,0,"{""Ravedeath, 1972"":2,""Tim Hecker"":3}","{""Ravedeath, 1972"":6,""Tim Hecker"":1}",damage
pooled,5a760faa5542994ccc9186a8,bridge,hard," What is the latest album of Tim Hecker, the Canadian electronic music maker?","Ravedeath, 1972 | Tim Hecker",10,1,1,"{""Ravedeath, 1972"":2,""Tim Hecker"":3}","{""Ravedeath, 1972"":6,""Tim Hecker"":1}",stable_hit
pooled,5a7625c7554299109176e668,bridge,hard,What podcast was the cheif executive officer of Nerdist Industries a guest on?,Chris Hardwick | Comedy Film Nerds,2,0,0,"{""Chris Hardwick"":8,""Comedy Film Nerds"":3}","{""Chris Hardwick"":3,""Comedy Film Nerds"":8}",stable_miss
pooled,5a7625c7554299109176e668,bridge,hard,What podcast was the cheif executive officer of Nerdist Industries a guest on?,Chris Hardwick | Comedy Film Nerds,5,0,0,"{""Chris Hardwick"":8,""Comedy Film Nerds"":3}","{""Chris Hardwick"":3,""Comedy Film Nerds"":8}",stable_miss
pooled,5a7625c7554299109176e668,bridge,hard,What podcast was the cheif executive officer of Nerdist Industries a guest on?,Chris Hardwick | Comedy Film Nerds,10,1,1,"{""Chris Hardwick"":8,""Comedy Film Nerds"":3}","{""Chris Hardwick"":3,""Comedy Film Nerds"":8}",stable_hit
pooled,5a7625e8554299109176e66a,bridge,hard,In which year was the King who made the 1925 Birthday Honours born?,1925 Birthday Honours | George V,2,0,0,"{""1925 Birthday Honours"":1,""George V"":11}","{""1925 Birthday Honours"":1,""George V"":10}",stable_miss
pooled,5a7625e8554299109176e66a,bridge,hard,In which year was the King who made the 1925 Birthday Honours born?,1925 Birthday Honours | George V,5,0,0,"{""1925 Birthday Honours"":1,""George V"":11}","{""1925 Birthday Honours"":1,""George V"":10}",stable_miss
pooled,5a7625e8554299109176e66a,bridge,hard,In which year was the King who made the 1925 Birthday Honours born?,1925 Birthday Honours | George V,10,0,1,"{""1925 Birthday Honours"":1,""George V"":11}","{""1925 Birthday Honours"":1,""George V"":10}",rescue
pooled,5a7633ad5542992db9473741,comparison,hard,"Which was fought earlier in our nation's history, the Seven Days Battles or the Battle of Manila?",Battle of Manila (1945) | Seven Days Battles,2,0,1,"{""Battle of Manila (1945)"":1,""Seven Days Battles"":3}","{""Battle of Manila (1945)"":1,""Seven Days Battles"":2}",rescue
pooled,5a7633ad5542992db9473741,comparison,hard,"Which was fought earlier in our nation's history, the Seven Days Battles or the Battle of Manila?",Battle of Manila (1945) | Seven Days Battles,5,1,1,"{""Battle of Manila (1945)"":1,""Seven Days Battles"":3}","{""Battle of Manila (1945)"":1,""Seven Days Battles"":2}",stable_hit
pooled,5a7633ad5542992db9473741,comparison,hard,"Which was fought earlier in our nation's history, the Seven Days Battles or the Battle of Manila?",Battle of Manila (1945) | Seven Days Battles,10,1,1,"{""Battle of Manila (1945)"":1,""Seven Days Battles"":3}","{""Battle of Manila (1945)"":1,""Seven Days Battles"":2}",stable_hit
pooled,5a7634f155429976ec32bd6b,bridge,hard,"What shallow water table aquifer is located near the county seat of Keith County, Nebraska?","Ogallala Aquifer | Ogallala, Nebraska",2,0,0,"{""Ogallala Aquifer"":1,""Ogallala, Nebraska"":8}","{""Ogallala Aquifer"":1,""Ogallala, Nebraska"":3}",stable_miss
pooled,5a7634f155429976ec32bd6b,bridge,hard,"What shallow water table aquifer is located near the county seat of Keith County, Nebraska?","Ogallala Aquifer | Ogallala, Nebraska",5,0,1,"{""Ogallala Aquifer"":1,""Ogallala, Nebraska"":8}","{""Ogallala Aquifer"":1,""Ogallala, Nebraska"":3}",rescue
pooled,5a7634f155429976ec32bd6b,bridge,hard,"What shallow water table aquifer is located near the county seat of Keith County, Nebraska?","Ogallala Aquifer | Ogallala, Nebraska",10,1,1,"{""Ogallala Aquifer"":1,""Ogallala, Nebraska"":8}","{""Ogallala Aquifer"":1,""Ogallala, Nebraska"":3}",stable_hit
pooled,5a76387d554299109176e6ba,comparison,hard,Who was born first Am Rong or Ava DuVernay ?,Am Rong | Ava DuVernay,2,0,1,"{""Am Rong"":26,""Ava DuVernay"":27}","{""Am Rong"":2,""Ava DuVernay"":1}",rescue
pooled,5a76387d554299109176e6ba,comparison,hard,Who was born first Am Rong or Ava DuVernay ?,Am Rong | Ava DuVernay,5,0,1,"{""Am Rong"":26,""Ava DuVernay"":27}","{""Am Rong"":2,""Ava DuVernay"":1}",rescue
pooled,5a76387d554299109176e6ba,comparison,hard,Who was born first Am Rong or Ava DuVernay ?,Am Rong | Ava DuVernay,10,0,1,"{""Am Rong"":26,""Ava DuVernay"":27}","{""Am Rong"":2,""Ava DuVernay"":1}",rescue
pooled,5a764c0b55429976ec32bd89,bridge,hard,What criteria subjectively qualifies the Houston Astrodome to be called the Eighth Wonder of the World?,Astrodome | Eighth Wonder of the World,2,1,1,"{""Astrodome"":2,""Eighth Wonder of the World"":1}","{""Astrodome"":1,""Eighth Wonder of the World"":2}",stable_hit
pooled,5a764c0b55429976ec32bd89,bridge,hard,What criteria subjectively qualifies the Houston Astrodome to be called the Eighth Wonder of the World?,Astrodome | Eighth Wonder of the World,5,1,1,"{""Astrodome"":2,""Eighth Wonder of the World"":1}","{""Astrodome"":1,""Eighth Wonder of the World"":2}",stable_hit
pooled,5a764c0b55429976ec32bd89,bridge,hard,What criteria subjectively qualifies the Houston Astrodome to be called the Eighth Wonder of the World?,Astrodome | Eighth Wonder of the World,10,1,1,"{""Astrodome"":2,""Eighth Wonder of the World"":1}","{""Astrodome"":1,""Eighth Wonder of the World"":2}",stable_hit
pooled,5a76e88555429972597f13f4,bridge,hard,Which film starring Patrick Tatten is based on a book written by Steve Lopez?,Patrick Tatten | The Soloist,2,0,0,"{""Patrick Tatten"":10,""The Soloist"":null}","{""Patrick Tatten"":1,""The Soloist"":null}",stable_miss
pooled,5a76e88555429972597f13f4,bridge,hard,Which film starring Patrick Tatten is based on a book written by Steve Lopez?,Patrick Tatten | The Soloist,5,0,0,"{""Patrick Tatten"":10,""The Soloist"":null}","{""Patrick Tatten"":1,""The Soloist"":null}",stable_miss
pooled,5a76e88555429972597f13f4,bridge,hard,Which film starring Patrick Tatten is based on a book written by Steve Lopez?,Patrick Tatten | The Soloist,10,0,0,"{""Patrick Tatten"":10,""The Soloist"":null}","{""Patrick Tatten"":1,""The Soloist"":null}",stable_miss
pooled,5a77152355429966f1a36c2e,bridge,hard,What was the Roud Folk Song Index of the nursery rhyme inspiring What Are Little Girls Made Of?,What Are Little Boys Made Of? | What Are Little Girls Made Of?,2,0,0,"{""What Are Little Boys Made Of?"":1,""What Are Little Girls Made Of?"":11}","{""What Are Little Boys Made Of?"":1,""What Are Little Girls Made Of?"":11}",stable_miss
pooled,5a77152355429966f1a36c2e,bridge,hard,What was the Roud Folk Song Index of the nursery rhyme inspiring What Are Little Girls Made Of?,What Are Little Boys Made Of? | What Are Little Girls Made Of?,5,0,0,"{""What Are Little Boys Made Of?"":1,""What Are Little Girls Made Of?"":11}","{""What Are Little Boys Made Of?"":1,""What Are Little Girls Made Of?"":11}",stable_miss
pooled,5a77152355429966f1a36c2e,bridge,hard,What was the Roud Folk Song Index of the nursery rhyme inspiring What Are Little Girls Made Of?,What Are Little Boys Made Of? | What Are Little Girls Made Of?,10,0,0,"{""What Are Little Boys Made Of?"":1,""What Are Little Girls Made Of?"":11}","{""What Are Little Boys Made Of?"":1,""What Are Little Girls Made Of?"":11}",stable_miss
pooled,5a77309d55429972597f1487,comparison,hard,"Who was born first, José Echegaray y Eizaguirre or P. J. O'Rourke?",José Echegaray | P. J. O'Rourke,2,0,0,"{""José Echegaray"":1,""P. J. O'Rourke"":null}","{""José Echegaray"":1,""P. J. O'Rourke"":null}",stable_miss
pooled,5a77309d55429972597f1487,comparison,hard,"Who was born first, José Echegaray y Eizaguirre or P. J. O'Rourke?",José Echegaray | P. J. O'Rourke,5,0,0,"{""José Echegaray"":1,""P. J. O'Rourke"":null}","{""José Echegaray"":1,""P. J. O'Rourke"":null}",stable_miss
pooled,5a77309d55429972597f1487,comparison,hard,"Who was born first, José Echegaray y Eizaguirre or P. J. O'Rourke?",José Echegaray | P. J. O'Rourke,10,0,0,"{""José Echegaray"":1,""P. J. O'Rourke"":null}","{""José Echegaray"":1,""P. J. O'Rourke"":null}",stable_miss
pooled,5a774e9c55429972597f14f3,bridge,hard,David Huntsinger has worked with this gospel singer born in the month of July?,David Huntsinger | Larnelle Harris,2,0,1,"{""David Huntsinger"":1,""Larnelle Harris"":4}","{""David Huntsinger"":1,""Larnelle Harris"":2}",rescue
pooled,5a774e9c55429972597f14f3,bridge,hard,David Huntsinger has worked with this gospel singer born in the month of July?,David Huntsinger | Larnelle Harris,5,1,1,"{""David Huntsinger"":1,""Larnelle Harris"":4}","{""David Huntsinger"":1,""Larnelle Harris"":2}",stable_hit
pooled,5a774e9c55429972597f14f3,bridge,hard,David Huntsinger has worked with this gospel singer born in the month of July?,David Huntsinger | Larnelle Harris,10,1,1,"{""David Huntsinger"":1,""Larnelle Harris"":4}","{""David Huntsinger"":1,""Larnelle Harris"":2}",stable_hit
pooled,5a7757215542993569682d58,bridge,hard,"What 2016 film stars actor Xavier Samuel and an actress who portrayed Vasilisa Dragomir in the film ""Vampire Academy""?",Lucy Fry | Mr. Church,2,0,0,"{""Lucy Fry"":2,""Mr. Church"":null}","{""Lucy Fry"":1,""Mr. Church"":null}",stable_miss
pooled,5a7757215542993569682d58,bridge,hard,"What 2016 film stars actor Xavier Samuel and an actress who portrayed Vasilisa Dragomir in the film ""Vampire Academy""?",Lucy Fry | Mr. Church,5,0,0,"{""Lucy Fry"":2,""Mr. Church"":null}","{""Lucy Fry"":1,""Mr. Church"":null}",stable_miss
pooled,5a7757215542993569682d58,bridge,hard,"What 2016 film stars actor Xavier Samuel and an actress who portrayed Vasilisa Dragomir in the film ""Vampire Academy""?",Lucy Fry | Mr. Church,10,0,0,"{""Lucy Fry"":2,""Mr. Church"":null}","{""Lucy Fry"":1,""Mr. Church"":null}",stable_miss
pooled,5a7759fc5542993569682d60,comparison,hard,Where are Teide National Park and Garajonay National Park located?,Garajonay National Park | Teide National Park,2,1,1,"{""Garajonay National Park"":1,""Teide National Park"":2}","{""Garajonay National Park"":1,""Teide National Park"":2}",stable_hit
pooled,5a7759fc5542993569682d60,comparison,hard,Where are Teide National Park and Garajonay National Park located?,Garajonay National Park | Teide National Park,5,1,1,"{""Garajonay National Park"":1,""Teide National Park"":2}","{""Garajonay National Park"":1,""Teide National Park"":2}",stable_hit
pooled,5a7759fc5542993569682d60,comparison,hard,Where are Teide National Park and Garajonay National Park located?,Garajonay National Park | Teide National Park,10,1,1,"{""Garajonay National Park"":1,""Teide National Park"":2}","{""Garajonay National Park"":1,""Teide National Park"":2}",stable_hit
pooled,5a77724455429972597f153e,bridge,hard,What race track in the midwest hosts a 500 mile race eavery May?,1957 Indianapolis 500 | Indianapolis Motor Speedway,2,1,0,"{""1957 Indianapolis 500"":1,""Indianapolis Motor Speedway"":2}","{""1957 Indianapolis 500"":1,""Indianapolis Motor Speedway"":6}",damage
pooled,5a77724455429972597f153e,bridge,hard,What race track in the midwest hosts a 500 mile race eavery May?,1957 Indianapolis 500 | Indianapolis Motor Speedway,5,1,0,"{""1957 Indianapolis 500"":1,""Indianapolis Motor Speedway"":2}","{""1957 Indianapolis 500"":1,""Indianapolis Motor Speedway"":6}",damage
pooled,5a77724455429972597f153e,bridge,hard,What race track in the midwest hosts a 500 mile race eavery May?,1957 Indianapolis 500 | Indianapolis Motor Speedway,10,1,1,"{""1957 Indianapolis 500"":1,""Indianapolis Motor Speedway"":2}","{""1957 Indianapolis 500"":1,""Indianapolis Motor Speedway"":6}",stable_hit
pooled,5a77a65b5542992a6e59df57,bridge,hard,"when was the album that includes the song by Dustin Lynch released to country radio on February 17, 2017?",Current Mood | Small Town Boy (song),2,0,1,"{""Current Mood"":2,""Small Town Boy (song)"":3}","{""Current Mood"":2,""Small Town Boy (song)"":1}",rescue
pooled,5a77a65b5542992a6e59df57,bridge,hard,"when was the album that includes the song by Dustin Lynch released to country radio on February 17, 2017?",Current Mood | Small Town Boy (song),5,1,1,"{""Current Mood"":2,""Small Town Boy (song)"":3}","{""Current Mood"":2,""Small Town Boy (song)"":1}",stable_hit
pooled,5a77a65b5542992a6e59df57,bridge,hard,"when was the album that includes the song by Dustin Lynch released to country radio on February 17, 2017?",Current Mood | Small Town Boy (song),10,1,1,"{""Current Mood"":2,""Small Town Boy (song)"":3}","{""Current Mood"":2,""Small Town Boy (song)"":1}",stable_hit
pooled,5a77beae5542992a6e59dfae,bridge,hard,Which jazz singer has a 2003 album entitled The Boy Next Door? ,Stacey Kent | The Boy Next Door (album),2,0,0,"{""Stacey Kent"":null,""The Boy Next Door (album)"":1}","{""Stacey Kent"":null,""The Boy Next Door (album)"":1}",stable_miss
pooled,5a77beae5542992a6e59dfae,bridge,hard,Which jazz singer has a 2003 album entitled The Boy Next Door? ,Stacey Kent | The Boy Next Door (album),5,0,0,"{""Stacey Kent"":null,""The Boy Next Door (album)"":1}","{""Stacey Kent"":null,""The Boy Next Door (album)"":1}",stable_miss
pooled,5a77beae5542992a6e59dfae,bridge,hard,Which jazz singer has a 2003 album entitled The Boy Next Door? ,Stacey Kent | The Boy Next Door (album),10,0,0,"{""Stacey Kent"":null,""The Boy Next Door (album)"":1}","{""Stacey Kent"":null,""The Boy Next Door (album)"":1}",stable_miss
pooled,5a77c1505542997042120b1b,bridge,hard,"Which song was behind the third single on the album  ""A Lot About Livin' (And a Little 'bout Love)"" for two weeks on the country charts?",Chattahoochee (song) | We'll Burn That Bridge,2,0,0,"{""Chattahoochee (song)"":5,""We'll Burn That Bridge"":null}","{""Chattahoochee (song)"":2,""We'll Burn That Bridge"":null}",stable_miss
pooled,5a77c1505542997042120b1b,bridge,hard,"Which song was behind the third single on the album  ""A Lot About Livin' (And a Little 'bout Love)"" for two weeks on the country charts?",Chattahoochee (song) | We'll Burn That Bridge,5,0,0,"{""Chattahoochee (song)"":5,""We'll Burn That Bridge"":null}","{""Chattahoochee (song)"":2,""We'll Burn That Bridge"":null}",stable_miss
pooled,5a77c1505542997042120b1b,bridge,hard,"Which song was behind the third single on the album  ""A Lot About Livin' (And a Little 'bout Love)"" for two weeks on the country charts?",Chattahoochee (song) | We'll Burn That Bridge,10,0,0,"{""Chattahoochee (song)"":5,""We'll Burn That Bridge"":null}","{""Chattahoochee (song)"":2,""We'll Burn That Bridge"":null}",stable_miss
pooled,5a77cb335542997042120b3a,bridge,hard,What American professional Hawaiian surfer born 18 October 1992 won the Rip Curl Pro Portugal?,John John Florence | MEO Rip Curl Pro Portugal,2,1,1,"{""John John Florence"":2,""MEO Rip Curl Pro Portugal"":1}","{""John John Florence"":1,""MEO Rip Curl Pro Portugal"":2}",stable_hit
pooled,5a77cb335542997042120b3a,bridge,hard,What American professional Hawaiian surfer born 18 October 1992 won the Rip Curl Pro Portugal?,John John Florence | MEO Rip Curl Pro Portugal,5,1,1,"{""John John Florence"":2,""MEO Rip Curl Pro Portugal"":1}","{""John John Florence"":1,""MEO Rip Curl Pro Portugal"":2}",stable_hit
pooled,5a77cb335542997042120b3a,bridge,hard,What American professional Hawaiian surfer born 18 October 1992 won the Rip Curl Pro Portugal?,John John Florence | MEO Rip Curl Pro Portugal,10,1,1,"{""John John Florence"":2,""MEO Rip Curl Pro Portugal"":1}","{""John John Florence"":1,""MEO Rip Curl Pro Portugal"":2}",stable_hit
pooled,5a77cb5e55429967ab1052a7,bridge,hard,"The voice of Homer Simpson also voices what alien character in the television series ""The Simpsons""?",Dan Castellaneta | Kang and Kodos,2,0,0,"{""Dan Castellaneta"":1,""Kang and Kodos"":5}","{""Dan Castellaneta"":1,""Kang and Kodos"":8}",stable_miss
pooled,5a77cb5e55429967ab1052a7,bridge,hard,"The voice of Homer Simpson also voices what alien character in the television series ""The Simpsons""?",Dan Castellaneta | Kang and Kodos,5,1,0,"{""Dan Castellaneta"":1,""Kang and Kodos"":5}","{""Dan Castellaneta"":1,""Kang and Kodos"":8}",damage
pooled,5a77cb5e55429967ab1052a7,bridge,hard,"The voice of Homer Simpson also voices what alien character in the television series ""The Simpsons""?",Dan Castellaneta | Kang and Kodos,10,1,1,"{""Dan Castellaneta"":1,""Kang and Kodos"":5}","{""Dan Castellaneta"":1,""Kang and Kodos"":8}",stable_hit
pooled,5a78b209554299148911f93e,comparison,hard,"Which playwright lived a longer life, Edward Albee or J. M. Barrie?",Edward Albee | J. M. Barrie,2,0,0,"{""Edward Albee"":9,""J. M. Barrie"":8}","{""Edward Albee"":1,""J. M. Barrie"":8}",stable_miss
pooled,5a78b209554299148911f93e,comparison,hard,"Which playwright lived a longer life, Edward Albee or J. M. Barrie?",Edward Albee | J. M. Barrie,5,0,0,"{""Edward Albee"":9,""J. M. Barrie"":8}","{""Edward Albee"":1,""J. M. Barrie"":8}",stable_miss
pooled,5a78b209554299148911f93e,comparison,hard,"Which playwright lived a longer life, Edward Albee or J. M. Barrie?",Edward Albee | J. M. Barrie,10,1,1,"{""Edward Albee"":9,""J. M. Barrie"":8}","{""Edward Albee"":1,""J. M. Barrie"":8}",stable_hit
pooled,5a78bd9b554299078472774a,bridge,hard,What nationality were social anthropologists Alfred Gell and Edmund Leach?,Alfred Gell | Edmund Leach,2,1,1,"{""Alfred Gell"":2,""Edmund Leach"":1}","{""Alfred Gell"":1,""Edmund Leach"":2}",stable_hit
pooled,5a78bd9b554299078472774a,bridge,hard,What nationality were social anthropologists Alfred Gell and Edmund Leach?,Alfred Gell | Edmund Leach,5,1,1,"{""Alfred Gell"":2,""Edmund Leach"":1}","{""Alfred Gell"":1,""Edmund Leach"":2}",stable_hit
pooled,5a78bd9b554299078472774a,bridge,hard,What nationality were social anthropologists Alfred Gell and Edmund Leach?,Alfred Gell | Edmund Leach,10,1,1,"{""Alfred Gell"":2,""Edmund Leach"":1}","{""Alfred Gell"":1,""Edmund Leach"":2}",stable_hit
pooled,5a78daf855429970f5fffdae,comparison,hard,"Which game was released first, Icehouse pieces or Kill Doctor Lucky?",Icehouse pieces | Kill Doctor Lucky,2,1,1,"{""Icehouse pieces"":2,""Kill Doctor Lucky"":1}","{""Icehouse pieces"":2,""Kill Doctor Lucky"":1}",stable_hit
pooled,5a78daf855429970f5fffdae,comparison,hard,"Which game was released first, Icehouse pieces or Kill Doctor Lucky?",Icehouse pieces | Kill Doctor Lucky,5,1,1,"{""Icehouse pieces"":2,""Kill Doctor Lucky"":1}","{""Icehouse pieces"":2,""Kill Doctor Lucky"":1}",stable_hit
pooled,5a78daf855429970f5fffdae,comparison,hard,"Which game was released first, Icehouse pieces or Kill Doctor Lucky?",Icehouse pieces | Kill Doctor Lucky,10,1,1,"{""Icehouse pieces"":2,""Kill Doctor Lucky"":1}","{""Icehouse pieces"":2,""Kill Doctor Lucky"":1}",stable_hit
pooled,5a78db8055429970f5fffdb2,bridge,hard,"Flyboys stars which actor who was nominated for an Academy Award for ""127 Hours""?",Flyboys (film) | James Franco,2,0,0,"{""Flyboys (film)"":1,""James Franco"":18}","{""Flyboys (film)"":6,""James Franco"":1}",stable_miss
pooled,5a78db8055429970f5fffdb2,bridge,hard,"Flyboys stars which actor who was nominated for an Academy Award for ""127 Hours""?",Flyboys (film) | James Franco,5,0,0,"{""Flyboys (film)"":1,""James Franco"":18}","{""Flyboys (film)"":6,""James Franco"":1}",stable_miss
pooled,5a78db8055429970f5fffdb2,bridge,hard,"Flyboys stars which actor who was nominated for an Academy Award for ""127 Hours""?",Flyboys (film) | James Franco,10,0,1,"{""Flyboys (film)"":1,""James Franco"":18}","{""Flyboys (film)"":6,""James Franco"":1}",rescue
pooled,5a78f59755429970f5fffdf7,bridge,hard,Mick Carter is the landlord of a public house located at what address?,Mick Carter | The Queen Victoria,2,0,0,"{""Mick Carter"":1,""The Queen Victoria"":null}","{""Mick Carter"":1,""The Queen Victoria"":null}",stable_miss
pooled,5a78f59755429970f5fffdf7,bridge,hard,Mick Carter is the landlord of a public house located at what address?,Mick Carter | The Queen Victoria,5,0,0,"{""Mick Carter"":1,""The Queen Victoria"":null}","{""Mick Carter"":1,""The Queen Victoria"":null}",stable_miss
pooled,5a78f59755429970f5fffdf7,bridge,hard,Mick Carter is the landlord of a public house located at what address?,Mick Carter | The Queen Victoria,10,0,0,"{""Mick Carter"":1,""The Queen Victoria"":null}","{""Mick Carter"":1,""The Queen Victoria"":null}",stable_miss
pooled,5a790d8f554299029c4b5eec,bridge,hard,"Which English musician is known for both the songs ""See Yourself"" and ""Withing You Without You""?",See Yourself | Within You Without You,2,0,1,"{""See Yourself"":1,""Within You Without You"":3}","{""See Yourself"":1,""Within You Without You"":2}",rescue
pooled,5a790d8f554299029c4b5eec,bridge,hard,"Which English musician is known for both the songs ""See Yourself"" and ""Withing You Without You""?",See Yourself | Within You Without You,5,1,1,"{""See Yourself"":1,""Within You Without You"":3}","{""See Yourself"":1,""Within You Without You"":2}",stable_hit
pooled,5a790d8f554299029c4b5eec,bridge,hard,"Which English musician is known for both the songs ""See Yourself"" and ""Withing You Without You""?",See Yourself | Within You Without You,10,1,1,"{""See Yourself"":1,""Within You Without You"":3}","{""See Yourself"":1,""Within You Without You"":2}",stable_hit
pooled,5a791a97554299148911f9f2,bridge,hard,"Which Netflix series ""Unbreakable"" character is Elizabeth Claire Kemper known for playing?",Ellie Kemper | Kimmy Schmidt,2,0,0,"{""Ellie Kemper"":3,""Kimmy Schmidt"":4}","{""Ellie Kemper"":1,""Kimmy Schmidt"":4}",stable_miss
pooled,5a791a97554299148911f9f2,bridge,hard,"Which Netflix series ""Unbreakable"" character is Elizabeth Claire Kemper known for playing?",Ellie Kemper | Kimmy Schmidt,5,1,1,"{""Ellie Kemper"":3,""Kimmy Schmidt"":4}","{""Ellie Kemper"":1,""Kimmy Schmidt"":4}",stable_hit
pooled,5a791a97554299148911f9f2,bridge,hard,"Which Netflix series ""Unbreakable"" character is Elizabeth Claire Kemper known for playing?",Ellie Kemper | Kimmy Schmidt,10,1,1,"{""Ellie Kemper"":3,""Kimmy Schmidt"":4}","{""Ellie Kemper"":1,""Kimmy Schmidt"":4}",stable_hit
pooled,5a79311755429970f5fffe67,bridge,hard,"A Japanese manga series based on a 16 year old high school student Ichitaka Seto, is written and illustrated by someone born in what year?",I&quot;s | Masakazu Katsura,2,0,0,"{""I&quot;s"":1,""Masakazu Katsura"":21}","{""I&quot;s"":1,""Masakazu Katsura"":19}",stable_miss
pooled,5a79311755429970f5fffe67,bridge,hard,"A Japanese manga series based on a 16 year old high school student Ichitaka Seto, is written and illustrated by someone born in what year?",I&quot;s | Masakazu Katsura,5,0,0,"{""I&quot;s"":1,""Masakazu Katsura"":21}","{""I&quot;s"":1,""Masakazu Katsura"":19}",stable_miss
pooled,5a79311755429970f5fffe67,bridge,hard,"A Japanese manga series based on a 16 year old high school student Ichitaka Seto, is written and illustrated by someone born in what year?",I&quot;s | Masakazu Katsura,10,0,0,"{""I&quot;s"":1,""Masakazu Katsura"":21}","{""I&quot;s"":1,""Masakazu Katsura"":19}",stable_miss
pooled,5a7997a2554299029c4b5f59,bridge,hard,Tefik Selim Mborja was a part of a party that held power in Albania until what year? ,Albanian Fascist Party | Tefik Mborja,2,1,1,"{""Albanian Fascist Party"":2,""Tefik Mborja"":1}","{""Albanian Fascist Party"":2,""Tefik Mborja"":1}",stable_hit
pooled,5a7997a2554299029c4b5f59,bridge,hard,Tefik Selim Mborja was a part of a party that held power in Albania until what year? ,Albanian Fascist Party | Tefik Mborja,5,1,1,"{""Albanian Fascist Party"":2,""Tefik Mborja"":1}","{""Albanian Fascist Party"":2,""Tefik Mborja"":1}",stable_hit
pooled,5a7997a2554299029c4b5f59,bridge,hard,Tefik Selim Mborja was a part of a party that held power in Albania until what year? ,Albanian Fascist Party | Tefik Mborja,10,1,1,"{""Albanian Fascist Party"":2,""Tefik Mborja"":1}","{""Albanian Fascist Party"":2,""Tefik Mborja"":1}",stable_hit
pooled,5a79b7f6554299029c4b5f6f,bridge,hard,How many restaurants comprise the quick service restaurant chain that Ron Joyce helped found?,Ron Joyce | Tim Hortons,2,0,0,"{""Ron Joyce"":2,""Tim Hortons"":8}","{""Ron Joyce"":5,""Tim Hortons"":1}",stable_miss
pooled,5a79b7f6554299029c4b5f6f,bridge,hard,How many restaurants comprise the quick service restaurant chain that Ron Joyce helped found?,Ron Joyce | Tim Hortons,5,0,1,"{""Ron Joyce"":2,""Tim Hortons"":8}","{""Ron Joyce"":5,""Tim Hortons"":1}",rescue
pooled,5a79b7f6554299029c4b5f6f,bridge,hard,How many restaurants comprise the quick service restaurant chain that Ron Joyce helped found?,Ron Joyce | Tim Hortons,10,1,1,"{""Ron Joyce"":2,""Tim Hortons"":8}","{""Ron Joyce"":5,""Tim Hortons"":1}",stable_hit
pooled,5a79c1335542994bb9457066,comparison,hard,Eric Ambler and Carol Shields are both best Known for what profession?,Carol Shields | Eric Ambler,2,0,1,"{""Carol Shields"":5,""Eric Ambler"":1}","{""Carol Shields"":1,""Eric Ambler"":2}",rescue
pooled,5a79c1335542994bb9457066,comparison,hard,Eric Ambler and Carol Shields are both best Known for what profession?,Carol Shields | Eric Ambler,5,1,1,"{""Carol Shields"":5,""Eric Ambler"":1}","{""Carol Shields"":1,""Eric Ambler"":2}",stable_hit
pooled,5a79c1335542994bb9457066,comparison,hard,Eric Ambler and Carol Shields are both best Known for what profession?,Carol Shields | Eric Ambler,10,1,1,"{""Carol Shields"":5,""Eric Ambler"":1}","{""Carol Shields"":1,""Eric Ambler"":2}",stable_hit
pooled,5a79c6a55542994bb9457091,bridge,hard,"What prolific English engineer, who died on 15 December 1857, contributed to the advent of the hot air engine by way of their open cycle devices?",George Cayley | Hot air engine,2,0,1,"{""George Cayley"":3,""Hot air engine"":1}","{""George Cayley"":1,""Hot air engine"":2}",rescue
pooled,5a79c6a55542994bb9457091,bridge,hard,"What prolific English engineer, who died on 15 December 1857, contributed to the advent of the hot air engine by way of their open cycle devices?",George Cayley | Hot air engine,5,1,1,"{""George Cayley"":3,""Hot air engine"":1}","{""George Cayley"":1,""Hot air engine"":2}",stable_hit
pooled,5a79c6a55542994bb9457091,bridge,hard,"What prolific English engineer, who died on 15 December 1857, contributed to the advent of the hot air engine by way of their open cycle devices?",George Cayley | Hot air engine,10,1,1,"{""George Cayley"":3,""Hot air engine"":1}","{""George Cayley"":1,""Hot air engine"":2}",stable_hit
pooled,5a79ea435542996c55b2dc9e,bridge,hard,Who was the captain of the only battleship to provide gunfire support during the Vietnam War?,J. Edward Snyder | USS New Jersey (BB-62),2,0,1,"{""J. Edward Snyder"":1,""USS New Jersey (BB-62)"":6}","{""J. Edward Snyder"":1,""USS New Jersey (BB-62)"":2}",rescue
pooled,5a79ea435542996c55b2dc9e,bridge,hard,Who was the captain of the only battleship to provide gunfire support during the Vietnam War?,J. Edward Snyder | USS New Jersey (BB-62),5,0,1,"{""J. Edward Snyder"":1,""USS New Jersey (BB-62)"":6}","{""J. Edward Snyder"":1,""USS New Jersey (BB-62)"":2}",rescue
pooled,5a79ea435542996c55b2dc9e,bridge,hard,Who was the captain of the only battleship to provide gunfire support during the Vietnam War?,J. Edward Snyder | USS New Jersey (BB-62),10,1,1,"{""J. Edward Snyder"":1,""USS New Jersey (BB-62)"":6}","{""J. Edward Snyder"":1,""USS New Jersey (BB-62)"":2}",stable_hit
pooled,5a79f6ca554299029c4b5f90,bridge,hard,"What Danish eurodance group had a single called ""Barbie Girl"" which resulted in a lawsuit in 2002?","Aqua (band) | Mattel, Inc. v. MCA Records, Inc.",2,0,1,"{""Aqua (band)"":1,""Mattel, Inc. v. MCA Records, Inc."":3}","{""Aqua (band)"":1,""Mattel, Inc. v. MCA Records, Inc."":2}",rescue
pooled,5a79f6ca554299029c4b5f90,bridge,hard,"What Danish eurodance group had a single called ""Barbie Girl"" which resulted in a lawsuit in 2002?","Aqua (band) | Mattel, Inc. v. MCA Records, Inc.",5,1,1,"{""Aqua (band)"":1,""Mattel, Inc. v. MCA Records, Inc."":3}","{""Aqua (band)"":1,""Mattel, Inc. v. MCA Records, Inc."":2}",stable_hit
pooled,5a79f6ca554299029c4b5f90,bridge,hard,"What Danish eurodance group had a single called ""Barbie Girl"" which resulted in a lawsuit in 2002?","Aqua (band) | Mattel, Inc. v. MCA Records, Inc.",10,1,1,"{""Aqua (band)"":1,""Mattel, Inc. v. MCA Records, Inc."":3}","{""Aqua (band)"":1,""Mattel, Inc. v. MCA Records, Inc."":2}",stable_hit
pooled,5a7a014a5542996c55b2dccf,bridge,hard,"""Kapitän zur See"" Ernst Lindemann was the commander of which one of two battleships built for Nazi Germany's ""Kriegsmarine""?",Ernst Heinrich Lindemann | German battleship Bismarck,2,0,0,"{""Ernst Heinrich Lindemann"":2,""German battleship Bismarck"":4}","{""Ernst Heinrich Lindemann"":2,""German battleship Bismarck"":9}",stable_miss
pooled,5a7a014a5542996c55b2dccf,bridge,hard,"""Kapitän zur See"" Ernst Lindemann was the commander of which one of two battleships built for Nazi Germany's ""Kriegsmarine""?",Ernst Heinrich Lindemann | German battleship Bismarck,5,1,0,"{""Ernst Heinrich Lindemann"":2,""German battleship Bismarck"":4}","{""Ernst Heinrich Lindemann"":2,""German battleship Bismarck"":9}",damage
pooled,5a7a014a5542996c55b2dccf,bridge,hard,"""Kapitän zur See"" Ernst Lindemann was the commander of which one of two battleships built for Nazi Germany's ""Kriegsmarine""?",Ernst Heinrich Lindemann | German battleship Bismarck,10,1,1,"{""Ernst Heinrich Lindemann"":2,""German battleship Bismarck"":4}","{""Ernst Heinrich Lindemann"":2,""German battleship Bismarck"":9}",stable_hit
pooled,5a7a0e1e5542990783324e1a,comparison,hard,Which dog's ancestors include Gordon and Irish Setters: the Manchester Terrier or the Scotch Collie?,Manchester Terrier | Scotch Collie,2,0,0,"{""Manchester Terrier"":3,""Scotch Collie"":1}","{""Manchester Terrier"":3,""Scotch Collie"":1}",stable_miss
pooled,5a7a0e1e5542990783324e1a,comparison,hard,Which dog's ancestors include Gordon and Irish Setters: the Manchester Terrier or the Scotch Collie?,Manchester Terrier | Scotch Collie,5,1,1,"{""Manchester Terrier"":3,""Scotch Collie"":1}","{""Manchester Terrier"":3,""Scotch Collie"":1}",stable_hit
pooled,5a7a0e1e5542990783324e1a,comparison,hard,Which dog's ancestors include Gordon and Irish Setters: the Manchester Terrier or the Scotch Collie?,Manchester Terrier | Scotch Collie,10,1,1,"{""Manchester Terrier"":3,""Scotch Collie"":1}","{""Manchester Terrier"":3,""Scotch Collie"":1}",stable_hit
pooled,5a7a1cd85542990783324e65,bridge,hard,What was the 58th quadrennial American presidential election held after the 2016 Michigan Democratic primary?,"Michigan Democratic primary, 2016 | United States presidential election, 2016",2,0,1,"{""Michigan Democratic primary, 2016"":1,""United States presidential election, 2016"":4}","{""Michigan Democratic primary, 2016"":2,""United States presidential election, 2016"":1}",rescue
pooled,5a7a1cd85542990783324e65,bridge,hard,What was the 58th quadrennial American presidential election held after the 2016 Michigan Democratic primary?,"Michigan Democratic primary, 2016 | United States presidential election, 2016",5,1,1,"{""Michigan Democratic primary, 2016"":1,""United States presidential election, 2016"":4}","{""Michigan Democratic primary, 2016"":2,""United States presidential election, 2016"":1}",stable_hit
pooled,5a7a1cd85542990783324e65,bridge,hard,What was the 58th quadrennial American presidential election held after the 2016 Michigan Democratic primary?,"Michigan Democratic primary, 2016 | United States presidential election, 2016",10,1,1,"{""Michigan Democratic primary, 2016"":1,""United States presidential election, 2016"":4}","{""Michigan Democratic primary, 2016"":2,""United States presidential election, 2016"":1}",stable_hit
pooled,5a7a230e5542996a35c170ee,bridge,hard,"What year was the film that starred the composer for ""The Naked Brothers Band""?",Nat Wolff | The Fault in Our Stars (film),2,0,0,"{""Nat Wolff"":4,""The Fault in Our Stars (film)"":null}","{""Nat Wolff"":1,""The Fault in Our Stars (film)"":null}",stable_miss
pooled,5a7a230e5542996a35c170ee,bridge,hard,"What year was the film that starred the composer for ""The Naked Brothers Band""?",Nat Wolff | The Fault in Our Stars (film),5,0,0,"{""Nat Wolff"":4,""The Fault in Our Stars (film)"":null}","{""Nat Wolff"":1,""The Fault in Our Stars (film)"":null}",stable_miss
pooled,5a7a230e5542996a35c170ee,bridge,hard,"What year was the film that starred the composer for ""The Naked Brothers Band""?",Nat Wolff | The Fault in Our Stars (film),10,0,0,"{""Nat Wolff"":4,""The Fault in Our Stars (film)"":null}","{""Nat Wolff"":1,""The Fault in Our Stars (film)"":null}",stable_miss
pooled,5a7a276d5542996c55b2dd27,bridge,hard,Who was Chamberlain and Colonel of the military staff of The Merrie Monarch?,Charles Hastings Judd | Kalākaua,2,0,0,"{""Charles Hastings Judd"":1,""Kalākaua"":null}","{""Charles Hastings Judd"":1,""Kalākaua"":null}",stable_miss
pooled,5a7a276d5542996c55b2dd27,bridge,hard,Who was Chamberlain and Colonel of the military staff of The Merrie Monarch?,Charles Hastings Judd | Kalākaua,5,0,0,"{""Charles Hastings Judd"":1,""Kalākaua"":null}","{""Charles Hastings Judd"":1,""Kalākaua"":null}",stable_miss
pooled,5a7a276d5542996c55b2dd27,bridge,hard,Who was Chamberlain and Colonel of the military staff of The Merrie Monarch?,Charles Hastings Judd | Kalākaua,10,0,0,"{""Charles Hastings Judd"":1,""Kalākaua"":null}","{""Charles Hastings Judd"":1,""Kalākaua"":null}",stable_miss
pooled,5a7a3a945542996a35c17147,bridge,hard,One Raffles Place is one of the tallest skyscrapers in the city of Singapore and tallest in the wolrd outside North America until it was succeeded by a Building in city?,Bank of China Tower (Hong Kong) | One Raffles Place,2,0,0,"{""Bank of China Tower (Hong Kong)"":10,""One Raffles Place"":1}","{""Bank of China Tower (Hong Kong)"":13,""One Raffles Place"":1}",stable_miss
pooled,5a7a3a945542996a35c17147,bridge,hard,One Raffles Place is one of the tallest skyscrapers in the city of Singapore and tallest in the wolrd outside North America until it was succeeded by a Building in city?,Bank of China Tower (Hong Kong) | One Raffles Place,5,0,0,"{""Bank of China Tower (Hong Kong)"":10,""One Raffles Place"":1}","{""Bank of China Tower (Hong Kong)"":13,""One Raffles Place"":1}",stable_miss
pooled,5a7a3a945542996a35c17147,bridge,hard,One Raffles Place is one of the tallest skyscrapers in the city of Singapore and tallest in the wolrd outside North America until it was succeeded by a Building in city?,Bank of China Tower (Hong Kong) | One Raffles Place,10,1,0,"{""Bank of China Tower (Hong Kong)"":10,""One Raffles Place"":1}","{""Bank of China Tower (Hong Kong)"":13,""One Raffles Place"":1}",damage
pooled,5a7a455c5542994f819ef1a7,comparison,hard,"Who died first, George Archainbaud or Ralph Murphy?",George Archainbaud | Ralph Murphy,2,0,1,"{""George Archainbaud"":1,""Ralph Murphy"":4}","{""George Archainbaud"":1,""Ralph Murphy"":2}",rescue
pooled,5a7a455c5542994f819ef1a7,comparison,hard,"Who died first, George Archainbaud or Ralph Murphy?",George Archainbaud | Ralph Murphy,5,1,1,"{""George Archainbaud"":1,""Ralph Murphy"":4}","{""George Archainbaud"":1,""Ralph Murphy"":2}",stable_hit
pooled,5a7a455c5542994f819ef1a7,comparison,hard,"Who died first, George Archainbaud or Ralph Murphy?",George Archainbaud | Ralph Murphy,10,1,1,"{""George Archainbaud"":1,""Ralph Murphy"":4}","{""George Archainbaud"":1,""Ralph Murphy"":2}",stable_hit
pooled,5a7a46605542994f819ef1ad,bridge,hard,What year did Roy Rogers and his third wife star in a film directed by Frank McDonald?,Along the Navajo Trail (film) | Dale Evans,2,0,0,"{""Along the Navajo Trail (film)"":null,""Dale Evans"":2}","{""Along the Navajo Trail (film)"":null,""Dale Evans"":6}",stable_miss
pooled,5a7a46605542994f819ef1ad,bridge,hard,What year did Roy Rogers and his third wife star in a film directed by Frank McDonald?,Along the Navajo Trail (film) | Dale Evans,5,0,0,"{""Along the Navajo Trail (film)"":null,""Dale Evans"":2}","{""Along the Navajo Trail (film)"":null,""Dale Evans"":6}",stable_miss
pooled,5a7a46605542994f819ef1ad,bridge,hard,What year did Roy Rogers and his third wife star in a film directed by Frank McDonald?,Along the Navajo Trail (film) | Dale Evans,10,0,0,"{""Along the Navajo Trail (film)"":null,""Dale Evans"":2}","{""Along the Navajo Trail (film)"":null,""Dale Evans"":6}",stable_miss
pooled,5a7a5b3a5542996c55b2dd71,bridge,hard,What building is opposite the ceremonial meeting place of the Accession Council in the United Kingdom?,"Mark Masons' Hall, London | St James's Palace",2,0,0,"{""Mark Masons' Hall, London"":5,""St James's Palace"":2}","{""Mark Masons' Hall, London"":6,""St James's Palace"":1}",stable_miss
pooled,5a7a5b3a5542996c55b2dd71,bridge,hard,What building is opposite the ceremonial meeting place of the Accession Council in the United Kingdom?,"Mark Masons' Hall, London | St James's Palace",5,1,0,"{""Mark Masons' Hall, London"":5,""St James's Palace"":2}","{""Mark Masons' Hall, London"":6,""St James's Palace"":1}",damage
pooled,5a7a5b3a5542996c55b2dd71,bridge,hard,What building is opposite the ceremonial meeting place of the Accession Council in the United Kingdom?,"Mark Masons' Hall, London | St James's Palace",10,1,1,"{""Mark Masons' Hall, London"":5,""St James's Palace"":2}","{""Mark Masons' Hall, London"":6,""St James's Palace"":1}",stable_hit
pooled,5a7a8a9c554299042af8f666,bridge,hard,The lamp used in many lighthouses is similiar to this type of lamp patented in 1780 by Aimé Argand?,Argand lamp | Lewis lamp,2,1,1,"{""Argand lamp"":2,""Lewis lamp"":1}","{""Argand lamp"":1,""Lewis lamp"":2}",stable_hit
pooled,5a7a8a9c554299042af8f666,bridge,hard,The lamp used in many lighthouses is similiar to this type of lamp patented in 1780 by Aimé Argand?,Argand lamp | Lewis lamp,5,1,1,"{""Argand lamp"":2,""Lewis lamp"":1}","{""Argand lamp"":1,""Lewis lamp"":2}",stable_hit
pooled,5a7a8a9c554299042af8f666,bridge,hard,The lamp used in many lighthouses is similiar to this type of lamp patented in 1780 by Aimé Argand?,Argand lamp | Lewis lamp,10,1,1,"{""Argand lamp"":2,""Lewis lamp"":1}","{""Argand lamp"":1,""Lewis lamp"":2}",stable_hit
pooled,5a7b12a355429927d897bf2a,bridge,hard,When was the palace founded at which Columba de Dunbar died in 1435?,Columba de Dunbar | Spynie Palace,2,0,0,"{""Columba de Dunbar"":1,""Spynie Palace"":33}","{""Columba de Dunbar"":1,""Spynie Palace"":8}",stable_miss
pooled,5a7b12a355429927d897bf2a,bridge,hard,When was the palace founded at which Columba de Dunbar died in 1435?,Columba de Dunbar | Spynie Palace,5,0,0,"{""Columba de Dunbar"":1,""Spynie Palace"":33}","{""Columba de Dunbar"":1,""Spynie Palace"":8}",stable_miss
pooled,5a7b12a355429927d897bf2a,bridge,hard,When was the palace founded at which Columba de Dunbar died in 1435?,Columba de Dunbar | Spynie Palace,10,0,1,"{""Columba de Dunbar"":1,""Spynie Palace"":33}","{""Columba de Dunbar"":1,""Spynie Palace"":8}",rescue
pooled,5a7b3f4d5542992d025e67bb,bridge,hard,"Which songwriting duo composed music for ""La La Land"", and created lyrics for ""A Christmas Story: The Musical""? ",A Christmas Story: The Musical | Pasek and Paul,2,0,0,"{""A Christmas Story: The Musical"":5,""Pasek and Paul"":4}","{""A Christmas Story: The Musical"":4,""Pasek and Paul"":1}",stable_miss
pooled,5a7b3f4d5542992d025e67bb,bridge,hard,"Which songwriting duo composed music for ""La La Land"", and created lyrics for ""A Christmas Story: The Musical""? ",A Christmas Story: The Musical | Pasek and Paul,5,1,1,"{""A Christmas Story: The Musical"":5,""Pasek and Paul"":4}","{""A Christmas Story: The Musical"":4,""Pasek and Paul"":1}",stable_hit
pooled,5a7b3f4d5542992d025e67bb,bridge,hard,"Which songwriting duo composed music for ""La La Land"", and created lyrics for ""A Christmas Story: The Musical""? ",A Christmas Story: The Musical | Pasek and Paul,10,1,1,"{""A Christmas Story: The Musical"":5,""Pasek and Paul"":4}","{""A Christmas Story: The Musical"":4,""Pasek and Paul"":1}",stable_hit
pooled,5a7b46e55542995eb53be8e5,bridge,hard,"Spaceware Sky Division II is manufactured by this subsidiary, which is one of twelve subdivisions of Inner Mongolia, China?",Ordos City | Spaceware Sky Vision II,2,0,0,"{""Ordos City"":27,""Spaceware Sky Vision II"":2}","{""Ordos City"":3,""Spaceware Sky Vision II"":1}",stable_miss
pooled,5a7b46e55542995eb53be8e5,bridge,hard,"Spaceware Sky Division II is manufactured by this subsidiary, which is one of twelve subdivisions of Inner Mongolia, China?",Ordos City | Spaceware Sky Vision II,5,0,1,"{""Ordos City"":27,""Spaceware Sky Vision II"":2}","{""Ordos City"":3,""Spaceware Sky Vision II"":1}",rescue
pooled,5a7b46e55542995eb53be8e5,bridge,hard,"Spaceware Sky Division II is manufactured by this subsidiary, which is one of twelve subdivisions of Inner Mongolia, China?",Ordos City | Spaceware Sky Vision II,10,0,1,"{""Ordos City"":27,""Spaceware Sky Vision II"":2}","{""Ordos City"":3,""Spaceware Sky Vision II"":1}",rescue
pooled,5a7b4bc35542992d025e67e0,bridge,hard,"What country does Eric A. Sykes and Eccles, Greater Manchester have ion common?","Eccles, Greater Manchester | Eric A. Sykes",2,0,1,"{""Eccles, Greater Manchester"":1,""Eric A. Sykes"":3}","{""Eccles, Greater Manchester"":2,""Eric A. Sykes"":1}",rescue
pooled,5a7b4bc35542992d025e67e0,bridge,hard,"What country does Eric A. Sykes and Eccles, Greater Manchester have ion common?","Eccles, Greater Manchester | Eric A. Sykes",5,1,1,"{""Eccles, Greater Manchester"":1,""Eric A. Sykes"":3}","{""Eccles, Greater Manchester"":2,""Eric A. Sykes"":1}",stable_hit
pooled,5a7b4bc35542992d025e67e0,bridge,hard,"What country does Eric A. Sykes and Eccles, Greater Manchester have ion common?","Eccles, Greater Manchester | Eric A. Sykes",10,1,1,"{""Eccles, Greater Manchester"":1,""Eric A. Sykes"":3}","{""Eccles, Greater Manchester"":2,""Eric A. Sykes"":1}",stable_hit
pooled,5a7b65ab5542997c3ec97144,bridge,hard,"Where did the architect of the Governor's House, located in Knutsford, graduate from college?","Edmund Sharpe | Governor's House, Knutsford",2,0,1,"{""Edmund Sharpe"":7,""Governor's House, Knutsford"":1}","{""Edmund Sharpe"":2,""Governor's House, Knutsford"":1}",rescue
pooled,5a7b65ab5542997c3ec97144,bridge,hard,"Where did the architect of the Governor's House, located in Knutsford, graduate from college?","Edmund Sharpe | Governor's House, Knutsford",5,0,1,"{""Edmund Sharpe"":7,""Governor's House, Knutsford"":1}","{""Edmund Sharpe"":2,""Governor's House, Knutsford"":1}",rescue
pooled,5a7b65ab5542997c3ec97144,bridge,hard,"Where did the architect of the Governor's House, located in Knutsford, graduate from college?","Edmund Sharpe | Governor's House, Knutsford",10,1,1,"{""Edmund Sharpe"":7,""Governor's House, Knutsford"":1}","{""Edmund Sharpe"":2,""Governor's House, Knutsford"":1}",stable_hit
pooled,5a7b76735542997c3ec9719f,comparison,hard,"which is traditionally drunk before retiring to bed, Hot toddy or Kir?",Hot toddy | Kir (cocktail),2,0,0,"{""Hot toddy"":2,""Kir (cocktail)"":3}","{""Hot toddy"":1,""Kir (cocktail)"":3}",stable_miss
pooled,5a7b76735542997c3ec9719f,comparison,hard,"which is traditionally drunk before retiring to bed, Hot toddy or Kir?",Hot toddy | Kir (cocktail),5,1,1,"{""Hot toddy"":2,""Kir (cocktail)"":3}","{""Hot toddy"":1,""Kir (cocktail)"":3}",stable_hit
pooled,5a7b76735542997c3ec9719f,comparison,hard,"which is traditionally drunk before retiring to bed, Hot toddy or Kir?",Hot toddy | Kir (cocktail),10,1,1,"{""Hot toddy"":2,""Kir (cocktail)"":3}","{""Hot toddy"":1,""Kir (cocktail)"":3}",stable_hit
pooled,5a7b7bed5542997c3ec971bc,bridge,hard,The Waterloo Vase has been used as a garden ornament at whose residence and administrative headquarters?,Buckingham Palace | Waterloo Vase,2,0,0,"{""Buckingham Palace"":13,""Waterloo Vase"":1}","{""Buckingham Palace"":5,""Waterloo Vase"":1}",stable_miss
pooled,5a7b7bed5542997c3ec971bc,bridge,hard,The Waterloo Vase has been used as a garden ornament at whose residence and administrative headquarters?,Buckingham Palace | Waterloo Vase,5,0,1,"{""Buckingham Palace"":13,""Waterloo Vase"":1}","{""Buckingham Palace"":5,""Waterloo Vase"":1}",rescue
pooled,5a7b7bed5542997c3ec971bc,bridge,hard,The Waterloo Vase has been used as a garden ornament at whose residence and administrative headquarters?,Buckingham Palace | Waterloo Vase,10,0,1,"{""Buckingham Palace"":13,""Waterloo Vase"":1}","{""Buckingham Palace"":5,""Waterloo Vase"":1}",rescue
pooled,5a7b7ff75542995eb53be93d,comparison,hard,"Who was born first, Arthur Conan Doyle or Penelope Lively?",Arthur Conan Doyle | Penelope Lively,2,0,1,"{""Arthur Conan Doyle"":3,""Penelope Lively"":6}","{""Arthur Conan Doyle"":2,""Penelope Lively"":1}",rescue
pooled,5a7b7ff75542995eb53be93d,comparison,hard,"Who was born first, Arthur Conan Doyle or Penelope Lively?",Arthur Conan Doyle | Penelope Lively,5,0,1,"{""Arthur Conan Doyle"":3,""Penelope Lively"":6}","{""Arthur Conan Doyle"":2,""Penelope Lively"":1}",rescue
pooled,5a7b7ff75542995eb53be93d,comparison,hard,"Who was born first, Arthur Conan Doyle or Penelope Lively?",Arthur Conan Doyle | Penelope Lively,10,1,1,"{""Arthur Conan Doyle"":3,""Penelope Lively"":6}","{""Arthur Conan Doyle"":2,""Penelope Lively"":1}",stable_hit
pooled,5a7b8749554299294a54a9db,comparison,hard,"Which author has won more Pulitzer Prizes, Thomas Friedman or Henri Bergson?",Henri Bergson | Thomas Friedman,2,0,0,"{""Henri Bergson"":3,""Thomas Friedman"":1}","{""Henri Bergson"":3,""Thomas Friedman"":1}",stable_miss
pooled,5a7b8749554299294a54a9db,comparison,hard,"Which author has won more Pulitzer Prizes, Thomas Friedman or Henri Bergson?",Henri Bergson | Thomas Friedman,5,1,1,"{""Henri Bergson"":3,""Thomas Friedman"":1}","{""Henri Bergson"":3,""Thomas Friedman"":1}",stable_hit
pooled,5a7b8749554299294a54a9db,comparison,hard,"Which author has won more Pulitzer Prizes, Thomas Friedman or Henri Bergson?",Henri Bergson | Thomas Friedman,10,1,1,"{""Henri Bergson"":3,""Thomas Friedman"":1}","{""Henri Bergson"":3,""Thomas Friedman"":1}",stable_hit
pooled,5a7bae20554299294a54aa96,bridge,hard,Onika Tanya Maraj is a judge on a television show hosted by whom? ,American Idol (season 12) | Nicki Minaj,2,0,0,"{""American Idol (season 12)"":null,""Nicki Minaj"":1}","{""American Idol (season 12)"":null,""Nicki Minaj"":1}",stable_miss
pooled,5a7bae20554299294a54aa96,bridge,hard,Onika Tanya Maraj is a judge on a television show hosted by whom? ,American Idol (season 12) | Nicki Minaj,5,0,0,"{""American Idol (season 12)"":null,""Nicki Minaj"":1}","{""American Idol (season 12)"":null,""Nicki Minaj"":1}",stable_miss
pooled,5a7bae20554299294a54aa96,bridge,hard,Onika Tanya Maraj is a judge on a television show hosted by whom? ,American Idol (season 12) | Nicki Minaj,10,0,0,"{""American Idol (season 12)"":null,""Nicki Minaj"":1}","{""American Idol (season 12)"":null,""Nicki Minaj"":1}",stable_miss
pooled,5a7bbb64554299042af8f7cc,bridge,hard,"Who is older, Annie Morton or Terry Richardson?",Annie Morton | Terry Richardson,2,0,0,"{""Annie Morton"":4,""Terry Richardson"":null}","{""Annie Morton"":1,""Terry Richardson"":null}",stable_miss
pooled,5a7bbb64554299042af8f7cc,bridge,hard,"Who is older, Annie Morton or Terry Richardson?",Annie Morton | Terry Richardson,5,0,0,"{""Annie Morton"":4,""Terry Richardson"":null}","{""Annie Morton"":1,""Terry Richardson"":null}",stable_miss
pooled,5a7bbb64554299042af8f7cc,bridge,hard,"Who is older, Annie Morton or Terry Richardson?",Annie Morton | Terry Richardson,10,0,0,"{""Annie Morton"":4,""Terry Richardson"":null}","{""Annie Morton"":1,""Terry Richardson"":null}",stable_miss
pooled,5a7be2595542997c3ec972ac,comparison,hard,"Who was born earlier, Emma Bull or Virginia Woolf?",Emma Bull | Virginia Woolf,2,0,1,"{""Emma Bull"":3,""Virginia Woolf"":1}","{""Emma Bull"":1,""Virginia Woolf"":2}",rescue
pooled,5a7be2595542997c3ec972ac,comparison,hard,"Who was born earlier, Emma Bull or Virginia Woolf?",Emma Bull | Virginia Woolf,5,1,1,"{""Emma Bull"":3,""Virginia Woolf"":1}","{""Emma Bull"":1,""Virginia Woolf"":2}",stable_hit
pooled,5a7be2595542997c3ec972ac,comparison,hard,"Who was born earlier, Emma Bull or Virginia Woolf?",Emma Bull | Virginia Woolf,10,1,1,"{""Emma Bull"":3,""Virginia Woolf"":1}","{""Emma Bull"":1,""Virginia Woolf"":2}",stable_hit
pooled,5a7be5bd5542997c3ec972ba,comparison,hard,"Which dog is considered a giant dog breed, the  Leonberger or the Basset Hound?",Basset Hound | Leonberger,2,1,0,"{""Basset Hound"":2,""Leonberger"":1}","{""Basset Hound"":3,""Leonberger"":1}",damage
pooled,5a7be5bd5542997c3ec972ba,comparison,hard,"Which dog is considered a giant dog breed, the  Leonberger or the Basset Hound?",Basset Hound | Leonberger,5,1,1,"{""Basset Hound"":2,""Leonberger"":1}","{""Basset Hound"":3,""Leonberger"":1}",stable_hit
pooled,5a7be5bd5542997c3ec972ba,comparison,hard,"Which dog is considered a giant dog breed, the  Leonberger or the Basset Hound?",Basset Hound | Leonberger,10,1,1,"{""Basset Hound"":2,""Leonberger"":1}","{""Basset Hound"":3,""Leonberger"":1}",stable_hit
pooled,5a7c6bcc55429935c91b519c,bridge,hard,Rock Springs is a collection of short stories by an author born in what year?,Richard Ford | Rock Springs (short story collection),2,1,1,"{""Richard Ford"":2,""Rock Springs (short story collection)"":1}","{""Richard Ford"":2,""Rock Springs (short story collection)"":1}",stable_hit
pooled,5a7c6bcc55429935c91b519c,bridge,hard,Rock Springs is a collection of short stories by an author born in what year?,Richard Ford | Rock Springs (short story collection),5,1,1,"{""Richard Ford"":2,""Rock Springs (short story collection)"":1}","{""Richard Ford"":2,""Rock Springs (short story collection)"":1}",stable_hit
pooled,5a7c6bcc55429935c91b519c,bridge,hard,Rock Springs is a collection of short stories by an author born in what year?,Richard Ford | Rock Springs (short story collection),10,1,1,"{""Richard Ford"":2,""Rock Springs (short story collection)"":1}","{""Richard Ford"":2,""Rock Springs (short story collection)"":1}",stable_hit
pooled,5a7c960655429935c91b5244,bridge,hard,"The 1974 Texas Tech Raiders football team represented what public research university in Lubbock, Texas?",1974 Texas Tech Red Raiders football team | Texas Tech University,2,0,0,"{""1974 Texas Tech Red Raiders football team"":1,""Texas Tech University"":7}","{""1974 Texas Tech Red Raiders football team"":1,""Texas Tech University"":9}",stable_miss
pooled,5a7c960655429935c91b5244,bridge,hard,"The 1974 Texas Tech Raiders football team represented what public research university in Lubbock, Texas?",1974 Texas Tech Red Raiders football team | Texas Tech University,5,0,0,"{""1974 Texas Tech Red Raiders football team"":1,""Texas Tech University"":7}","{""1974 Texas Tech Red Raiders football team"":1,""Texas Tech University"":9}",stable_miss
pooled,5a7c960655429935c91b5244,bridge,hard,"The 1974 Texas Tech Raiders football team represented what public research university in Lubbock, Texas?",1974 Texas Tech Red Raiders football team | Texas Tech University,10,1,1,"{""1974 Texas Tech Red Raiders football team"":1,""Texas Tech University"":7}","{""1974 Texas Tech Red Raiders football team"":1,""Texas Tech University"":9}",stable_hit
pooled,5a7c9f325542990527d554e6,bridge,hard,What act for Innocent Records achieved Platinum sales and shares its name with a primary color in the RGB color model?,Blue | Innocent Records,2,0,0,"{""Blue"":7,""Innocent Records"":4}","{""Blue"":5,""Innocent Records"":1}",stable_miss
pooled,5a7c9f325542990527d554e6,bridge,hard,What act for Innocent Records achieved Platinum sales and shares its name with a primary color in the RGB color model?,Blue | Innocent Records,5,0,1,"{""Blue"":7,""Innocent Records"":4}","{""Blue"":5,""Innocent Records"":1}",rescue
pooled,5a7c9f325542990527d554e6,bridge,hard,What act for Innocent Records achieved Platinum sales and shares its name with a primary color in the RGB color model?,Blue | Innocent Records,10,1,1,"{""Blue"":7,""Innocent Records"":4}","{""Blue"":5,""Innocent Records"":1}",stable_hit
pooled,5a7caae75542996dd594b971,bridge,hard,"What, known as AAS, is commonly used in bodybuilding?",Anabolic steroid | Steroid use in Australia,2,0,0,"{""Anabolic steroid"":1,""Steroid use in Australia"":3}","{""Anabolic steroid"":2,""Steroid use in Australia"":4}",stable_miss
pooled,5a7caae75542996dd594b971,bridge,hard,"What, known as AAS, is commonly used in bodybuilding?",Anabolic steroid | Steroid use in Australia,5,1,1,"{""Anabolic steroid"":1,""Steroid use in Australia"":3}","{""Anabolic steroid"":2,""Steroid use in Australia"":4}",stable_hit
pooled,5a7caae75542996dd594b971,bridge,hard,"What, known as AAS, is commonly used in bodybuilding?",Anabolic steroid | Steroid use in Australia,10,1,1,"{""Anabolic steroid"":1,""Steroid use in Australia"":3}","{""Anabolic steroid"":2,""Steroid use in Australia"":4}",stable_hit
pooled,5a7cb9b95542990527d55515,bridge,hard,"What is the year of the event that occured first, Making Today a Perfect Day was produced, or Frozen was produced?",Frozen Fever | Making Today a Perfect Day,2,0,0,"{""Frozen Fever"":22,""Making Today a Perfect Day"":1}","{""Frozen Fever"":6,""Making Today a Perfect Day"":1}",stable_miss
pooled,5a7cb9b95542990527d55515,bridge,hard,"What is the year of the event that occured first, Making Today a Perfect Day was produced, or Frozen was produced?",Frozen Fever | Making Today a Perfect Day,5,0,0,"{""Frozen Fever"":22,""Making Today a Perfect Day"":1}","{""Frozen Fever"":6,""Making Today a Perfect Day"":1}",stable_miss
pooled,5a7cb9b95542990527d55515,bridge,hard,"What is the year of the event that occured first, Making Today a Perfect Day was produced, or Frozen was produced?",Frozen Fever | Making Today a Perfect Day,10,0,1,"{""Frozen Fever"":22,""Making Today a Perfect Day"":1}","{""Frozen Fever"":6,""Making Today a Perfect Day"":1}",rescue
pooled,5a7cbf8c554299452d57b9f4,comparison,hard,"Which came out first, Dinosaur or McFarland, USA","Dinosaur (film) | McFarland, USA",2,0,1,"{""Dinosaur (film)"":3,""McFarland, USA"":1}","{""Dinosaur (film)"":2,""McFarland, USA"":1}",rescue
pooled,5a7cbf8c554299452d57b9f4,comparison,hard,"Which came out first, Dinosaur or McFarland, USA","Dinosaur (film) | McFarland, USA",5,1,1,"{""Dinosaur (film)"":3,""McFarland, USA"":1}","{""Dinosaur (film)"":2,""McFarland, USA"":1}",stable_hit
pooled,5a7cbf8c554299452d57b9f4,comparison,hard,"Which came out first, Dinosaur or McFarland, USA","Dinosaur (film) | McFarland, USA",10,1,1,"{""Dinosaur (film)"":3,""McFarland, USA"":1}","{""Dinosaur (film)"":2,""McFarland, USA"":1}",stable_hit
pooled,5a7cc50e554299452d57ba3e,comparison,hard,"Which band, Letters to Cleo or Screaming Trees, had more members?",Letters to Cleo | Screaming Trees,2,0,0,"{""Letters to Cleo"":3,""Screaming Trees"":1}","{""Letters to Cleo"":1,""Screaming Trees"":3}",stable_miss
pooled,5a7cc50e554299452d57ba3e,comparison,hard,"Which band, Letters to Cleo or Screaming Trees, had more members?",Letters to Cleo | Screaming Trees,5,1,1,"{""Letters to Cleo"":3,""Screaming Trees"":1}","{""Letters to Cleo"":1,""Screaming Trees"":3}",stable_hit
pooled,5a7cc50e554299452d57ba3e,comparison,hard,"Which band, Letters to Cleo or Screaming Trees, had more members?",Letters to Cleo | Screaming Trees,10,1,1,"{""Letters to Cleo"":3,""Screaming Trees"":1}","{""Letters to Cleo"":1,""Screaming Trees"":3}",stable_hit
pooled,5a7cf29255429909bec768b8,bridge,hard,The Ingerophrynus gollum is named after a character in a book that sold how many copies?,Ingerophrynus gollum | The Lord of the Rings,2,0,0,"{""Ingerophrynus gollum"":1,""The Lord of the Rings"":6}","{""Ingerophrynus gollum"":2,""The Lord of the Rings"":5}",stable_miss
pooled,5a7cf29255429909bec768b8,bridge,hard,The Ingerophrynus gollum is named after a character in a book that sold how many copies?,Ingerophrynus gollum | The Lord of the Rings,5,0,1,"{""Ingerophrynus gollum"":1,""The Lord of the Rings"":6}","{""Ingerophrynus gollum"":2,""The Lord of the Rings"":5}",rescue
pooled,5a7cf29255429909bec768b8,bridge,hard,The Ingerophrynus gollum is named after a character in a book that sold how many copies?,Ingerophrynus gollum | The Lord of the Rings,10,1,1,"{""Ingerophrynus gollum"":1,""The Lord of the Rings"":6}","{""Ingerophrynus gollum"":2,""The Lord of the Rings"":5}",stable_hit
pooled,5a7d19d85542995ed0d165e8,bridge,hard,The Tennessee Volunteers football team plays as a member for a conference in what city?,1984 Tennessee Volunteers football team | Southeastern Conference,2,0,0,"{""1984 Tennessee Volunteers football team"":8,""Southeastern Conference"":11}","{""1984 Tennessee Volunteers football team"":2,""Southeastern Conference"":12}",stable_miss
pooled,5a7d19d85542995ed0d165e8,bridge,hard,The Tennessee Volunteers football team plays as a member for a conference in what city?,1984 Tennessee Volunteers football team | Southeastern Conference,5,0,0,"{""1984 Tennessee Volunteers football team"":8,""Southeastern Conference"":11}","{""1984 Tennessee Volunteers football team"":2,""Southeastern Conference"":12}",stable_miss
pooled,5a7d19d85542995ed0d165e8,bridge,hard,The Tennessee Volunteers football team plays as a member for a conference in what city?,1984 Tennessee Volunteers football team | Southeastern Conference,10,0,0,"{""1984 Tennessee Volunteers football team"":8,""Southeastern Conference"":11}","{""1984 Tennessee Volunteers football team"":2,""Southeastern Conference"":12}",stable_miss
pooled,5a7d2afd5542995f4f402221,comparison,hard,"Who is older, Ferdi Taygan or Mahesh Bhupathi?",Ferdi Taygan | Mahesh Bhupathi,2,0,1,"{""Ferdi Taygan"":1,""Mahesh Bhupathi"":16}","{""Ferdi Taygan"":1,""Mahesh Bhupathi"":2}",rescue
pooled,5a7d2afd5542995f4f402221,comparison,hard,"Who is older, Ferdi Taygan or Mahesh Bhupathi?",Ferdi Taygan | Mahesh Bhupathi,5,0,1,"{""Ferdi Taygan"":1,""Mahesh Bhupathi"":16}","{""Ferdi Taygan"":1,""Mahesh Bhupathi"":2}",rescue
pooled,5a7d2afd5542995f4f402221,comparison,hard,"Who is older, Ferdi Taygan or Mahesh Bhupathi?",Ferdi Taygan | Mahesh Bhupathi,10,0,1,"{""Ferdi Taygan"":1,""Mahesh Bhupathi"":16}","{""Ferdi Taygan"":1,""Mahesh Bhupathi"":2}",rescue
pooled,5a7d3470554299452d57bb56,bridge,hard,A scam involving a male calling small town fast-food restaurants and pretending to be a police officer to have them strip search employees was turned into a movie of what name?,Compliance (film) | Strip search phone call scam,2,1,1,"{""Compliance (film)"":2,""Strip search phone call scam"":1}","{""Compliance (film)"":2,""Strip search phone call scam"":1}",stable_hit
pooled,5a7d3470554299452d57bb56,bridge,hard,A scam involving a male calling small town fast-food restaurants and pretending to be a police officer to have them strip search employees was turned into a movie of what name?,Compliance (film) | Strip search phone call scam,5,1,1,"{""Compliance (film)"":2,""Strip search phone call scam"":1}","{""Compliance (film)"":2,""Strip search phone call scam"":1}",stable_hit
pooled,5a7d3470554299452d57bb56,bridge,hard,A scam involving a male calling small town fast-food restaurants and pretending to be a police officer to have them strip search employees was turned into a movie of what name?,Compliance (film) | Strip search phone call scam,10,1,1,"{""Compliance (film)"":2,""Strip search phone call scam"":1}","{""Compliance (film)"":2,""Strip search phone call scam"":1}",stable_hit
pooled,5a7d54165542995f4f402256,bridge,hard,"A medieval fortress in Dirleton, East Lothian, Scotland borders on the south side of what coastal area?",Dirleton Castle | Yellowcraigs,2,0,1,"{""Dirleton Castle"":1,""Yellowcraigs"":8}","{""Dirleton Castle"":1,""Yellowcraigs"":2}",rescue
pooled,5a7d54165542995f4f402256,bridge,hard,"A medieval fortress in Dirleton, East Lothian, Scotland borders on the south side of what coastal area?",Dirleton Castle | Yellowcraigs,5,0,1,"{""Dirleton Castle"":1,""Yellowcraigs"":8}","{""Dirleton Castle"":1,""Yellowcraigs"":2}",rescue
pooled,5a7d54165542995f4f402256,bridge,hard,"A medieval fortress in Dirleton, East Lothian, Scotland borders on the south side of what coastal area?",Dirleton Castle | Yellowcraigs,10,1,1,"{""Dirleton Castle"":1,""Yellowcraigs"":8}","{""Dirleton Castle"":1,""Yellowcraigs"":2}",stable_hit
pooled,5a7d61775542991319bc93b9,bridge,hard,"During Siege of Bharatpur, which Commander-in-Chief of Ireland and Commander-in-Chief of India contributed to the storming of the castle?","Siege of Bharatpur | Stapleton Cotton, 1st Viscount Combermere",2,0,0,"{""Siege of Bharatpur"":1,""Stapleton Cotton, 1st Viscount Combermere"":3}","{""Siege of Bharatpur"":2,""Stapleton Cotton, 1st Viscount Combermere"":3}",stable_miss
pooled,5a7d61775542991319bc93b9,bridge,hard,"During Siege of Bharatpur, which Commander-in-Chief of Ireland and Commander-in-Chief of India contributed to the storming of the castle?","Siege of Bharatpur | Stapleton Cotton, 1st Viscount Combermere",5,1,1,"{""Siege of Bharatpur"":1,""Stapleton Cotton, 1st Viscount Combermere"":3}","{""Siege of Bharatpur"":2,""Stapleton Cotton, 1st Viscount Combermere"":3}",stable_hit
pooled,5a7d61775542991319bc93b9,bridge,hard,"During Siege of Bharatpur, which Commander-in-Chief of Ireland and Commander-in-Chief of India contributed to the storming of the castle?","Siege of Bharatpur | Stapleton Cotton, 1st Viscount Combermere",10,1,1,"{""Siege of Bharatpur"":1,""Stapleton Cotton, 1st Viscount Combermere"":3}","{""Siege of Bharatpur"":2,""Stapleton Cotton, 1st Viscount Combermere"":3}",stable_hit
pooled,5a7dc2495542997cc2c4749a,bridge,hard,"What competition held in Kathmandu, Nepal did Julian Bolling compete in 1984?",1984 South Asian Games | Julian Bolling,2,0,1,"{""1984 South Asian Games"":6,""Julian Bolling"":2}","{""1984 South Asian Games"":2,""Julian Bolling"":1}",rescue
pooled,5a7dc2495542997cc2c4749a,bridge,hard,"What competition held in Kathmandu, Nepal did Julian Bolling compete in 1984?",1984 South Asian Games | Julian Bolling,5,0,1,"{""1984 South Asian Games"":6,""Julian Bolling"":2}","{""1984 South Asian Games"":2,""Julian Bolling"":1}",rescue
pooled,5a7dc2495542997cc2c4749a,bridge,hard,"What competition held in Kathmandu, Nepal did Julian Bolling compete in 1984?",1984 South Asian Games | Julian Bolling,10,1,1,"{""1984 South Asian Games"":6,""Julian Bolling"":2}","{""1984 South Asian Games"":2,""Julian Bolling"":1}",stable_hit
pooled,5a7dcc775542990b8f503ab5,bridge,hard,Which component of shellite has the formula (ON)CHOH?,Picric acid | Shellite (explosive),2,0,1,"{""Picric acid"":10,""Shellite (explosive)"":1}","{""Picric acid"":2,""Shellite (explosive)"":1}",rescue
pooled,5a7dcc775542990b8f503ab5,bridge,hard,Which component of shellite has the formula (ON)CHOH?,Picric acid | Shellite (explosive),5,0,1,"{""Picric acid"":10,""Shellite (explosive)"":1}","{""Picric acid"":2,""Shellite (explosive)"":1}",rescue
pooled,5a7dcc775542990b8f503ab5,bridge,hard,Which component of shellite has the formula (ON)CHOH?,Picric acid | Shellite (explosive),10,1,1,"{""Picric acid"":10,""Shellite (explosive)"":1}","{""Picric acid"":2,""Shellite (explosive)"":1}",stable_hit
pooled,5a7dd9445542997cc2c474ac,comparison,hard,"Which novelist, J. G. Farrell or Louis Aragon, wrote of the political and human consequences of his country's colonial rule?",J. G. Farrell | Louis Aragon,2,0,1,"{""J. G. Farrell"":1,""Louis Aragon"":5}","{""J. G. Farrell"":1,""Louis Aragon"":2}",rescue
pooled,5a7dd9445542997cc2c474ac,comparison,hard,"Which novelist, J. G. Farrell or Louis Aragon, wrote of the political and human consequences of his country's colonial rule?",J. G. Farrell | Louis Aragon,5,1,1,"{""J. G. Farrell"":1,""Louis Aragon"":5}","{""J. G. Farrell"":1,""Louis Aragon"":2}",stable_hit
pooled,5a7dd9445542997cc2c474ac,comparison,hard,"Which novelist, J. G. Farrell or Louis Aragon, wrote of the political and human consequences of his country's colonial rule?",J. G. Farrell | Louis Aragon,10,1,1,"{""J. G. Farrell"":1,""Louis Aragon"":5}","{""J. G. Farrell"":1,""Louis Aragon"":2}",stable_hit
pooled,5a7ddc5a5542995f4f4022da,bridge,hard,Both Bishop Carroll Catholic High School and Kapaun Mt. Carmel Catholic High School are located in which city in Kansas?,Bishop Carroll Catholic High School | Kapaun Mt. Carmel Catholic High School,2,1,1,"{""Bishop Carroll Catholic High School"":1,""Kapaun Mt. Carmel Catholic High School"":2}","{""Bishop Carroll Catholic High School"":1,""Kapaun Mt. Carmel Catholic High School"":2}",stable_hit
pooled,5a7ddc5a5542995f4f4022da,bridge,hard,Both Bishop Carroll Catholic High School and Kapaun Mt. Carmel Catholic High School are located in which city in Kansas?,Bishop Carroll Catholic High School | Kapaun Mt. Carmel Catholic High School,5,1,1,"{""Bishop Carroll Catholic High School"":1,""Kapaun Mt. Carmel Catholic High School"":2}","{""Bishop Carroll Catholic High School"":1,""Kapaun Mt. Carmel Catholic High School"":2}",stable_hit
pooled,5a7ddc5a5542995f4f4022da,bridge,hard,Both Bishop Carroll Catholic High School and Kapaun Mt. Carmel Catholic High School are located in which city in Kansas?,Bishop Carroll Catholic High School | Kapaun Mt. Carmel Catholic High School,10,1,1,"{""Bishop Carroll Catholic High School"":1,""Kapaun Mt. Carmel Catholic High School"":2}","{""Bishop Carroll Catholic High School"":1,""Kapaun Mt. Carmel Catholic High School"":2}",stable_hit
pooled,5a7e05ba5542995f4f402392,bridge,hard,For One Night Only was hosted by the man most well-known for hosting what show from 1962 until 1999?,For One Night Only (Irish TV series) | Gay Byrne,2,0,0,"{""For One Night Only (Irish TV series)"":2,""Gay Byrne"":6}","{""For One Night Only (Irish TV series)"":3,""Gay Byrne"":1}",stable_miss
pooled,5a7e05ba5542995f4f402392,bridge,hard,For One Night Only was hosted by the man most well-known for hosting what show from 1962 until 1999?,For One Night Only (Irish TV series) | Gay Byrne,5,0,1,"{""For One Night Only (Irish TV series)"":2,""Gay Byrne"":6}","{""For One Night Only (Irish TV series)"":3,""Gay Byrne"":1}",rescue
pooled,5a7e05ba5542995f4f402392,bridge,hard,For One Night Only was hosted by the man most well-known for hosting what show from 1962 until 1999?,For One Night Only (Irish TV series) | Gay Byrne,10,1,1,"{""For One Night Only (Irish TV series)"":2,""Gay Byrne"":6}","{""For One Night Only (Irish TV series)"":3,""Gay Byrne"":1}",stable_hit
pooled,5a7e7ed05542991319bc94c2,comparison,hard,"Which magazine is older, Gallery or Dime Magazine?",Dime Magazine | Gallery (magazine),2,1,1,"{""Dime Magazine"":2,""Gallery (magazine)"":1}","{""Dime Magazine"":1,""Gallery (magazine)"":2}",stable_hit
pooled,5a7e7ed05542991319bc94c2,comparison,hard,"Which magazine is older, Gallery or Dime Magazine?",Dime Magazine | Gallery (magazine),5,1,1,"{""Dime Magazine"":2,""Gallery (magazine)"":1}","{""Dime Magazine"":1,""Gallery (magazine)"":2}",stable_hit
pooled,5a7e7ed05542991319bc94c2,comparison,hard,"Which magazine is older, Gallery or Dime Magazine?",Dime Magazine | Gallery (magazine),10,1,1,"{""Dime Magazine"":2,""Gallery (magazine)"":1}","{""Dime Magazine"":1,""Gallery (magazine)"":2}",stable_hit
pooled,5a7ec61a55429934daa2fc5f,comparison,hard,Are Staten Island Catapult and This Is Elvis both documentaries?,Staten Island Catapult | This Is Elvis,2,0,0,"{""Staten Island Catapult"":1,""This Is Elvis"":7}","{""Staten Island Catapult"":1,""This Is Elvis"":3}",stable_miss
pooled,5a7ec61a55429934daa2fc5f,comparison,hard,Are Staten Island Catapult and This Is Elvis both documentaries?,Staten Island Catapult | This Is Elvis,5,0,1,"{""Staten Island Catapult"":1,""This Is Elvis"":7}","{""Staten Island Catapult"":1,""This Is Elvis"":3}",rescue
pooled,5a7ec61a55429934daa2fc5f,comparison,hard,Are Staten Island Catapult and This Is Elvis both documentaries?,Staten Island Catapult | This Is Elvis,10,1,1,"{""Staten Island Catapult"":1,""This Is Elvis"":7}","{""Staten Island Catapult"":1,""This Is Elvis"":3}",stable_hit
pooled,5a7ed2c655429930675135e5,bridge,hard,"At the 71st Golden Globe Awards for television in 2013, what achievement did Breaking Bad, police sitcom Brooklyn Nine-Nine and American Hustle attain?",71st Golden Globe Awards | Brooklyn Nine-Nine,2,0,1,"{""71st Golden Globe Awards"":1,""Brooklyn Nine-Nine"":11}","{""71st Golden Globe Awards"":1,""Brooklyn Nine-Nine"":2}",rescue
pooled,5a7ed2c655429930675135e5,bridge,hard,"At the 71st Golden Globe Awards for television in 2013, what achievement did Breaking Bad, police sitcom Brooklyn Nine-Nine and American Hustle attain?",71st Golden Globe Awards | Brooklyn Nine-Nine,5,0,1,"{""71st Golden Globe Awards"":1,""Brooklyn Nine-Nine"":11}","{""71st Golden Globe Awards"":1,""Brooklyn Nine-Nine"":2}",rescue
pooled,5a7ed2c655429930675135e5,bridge,hard,"At the 71st Golden Globe Awards for television in 2013, what achievement did Breaking Bad, police sitcom Brooklyn Nine-Nine and American Hustle attain?",71st Golden Globe Awards | Brooklyn Nine-Nine,10,0,1,"{""71st Golden Globe Awards"":1,""Brooklyn Nine-Nine"":11}","{""71st Golden Globe Awards"":1,""Brooklyn Nine-Nine"":2}",rescue
pooled,5a7f113d55429934daa2fcbe,bridge,hard,Which professional baseball player and National 1993 Baseball Hall of Fame inductee is featured in the Greatest Sports Legends anthology? ,Greatest Sports Legends | Reggie Jackson,2,0,1,"{""Greatest Sports Legends"":3,""Reggie Jackson"":15}","{""Greatest Sports Legends"":1,""Reggie Jackson"":2}",rescue
pooled,5a7f113d55429934daa2fcbe,bridge,hard,Which professional baseball player and National 1993 Baseball Hall of Fame inductee is featured in the Greatest Sports Legends anthology? ,Greatest Sports Legends | Reggie Jackson,5,0,1,"{""Greatest Sports Legends"":3,""Reggie Jackson"":15}","{""Greatest Sports Legends"":1,""Reggie Jackson"":2}",rescue
pooled,5a7f113d55429934daa2fcbe,bridge,hard,Which professional baseball player and National 1993 Baseball Hall of Fame inductee is featured in the Greatest Sports Legends anthology? ,Greatest Sports Legends | Reggie Jackson,10,0,1,"{""Greatest Sports Legends"":3,""Reggie Jackson"":15}","{""Greatest Sports Legends"":1,""Reggie Jackson"":2}",rescue
pooled,5a7f5c9f55429969796c1a0f,bridge,hard,The city that contains the Yunnan Provincial Museum is also known by what nickname?,Kunming | Yunnan Provincial Museum,2,0,0,"{""Kunming"":3,""Yunnan Provincial Museum"":1}","{""Kunming"":3,""Yunnan Provincial Museum"":2}",stable_miss
pooled,5a7f5c9f55429969796c1a0f,bridge,hard,The city that contains the Yunnan Provincial Museum is also known by what nickname?,Kunming | Yunnan Provincial Museum,5,1,1,"{""Kunming"":3,""Yunnan Provincial Museum"":1}","{""Kunming"":3,""Yunnan Provincial Museum"":2}",stable_hit
pooled,5a7f5c9f55429969796c1a0f,bridge,hard,The city that contains the Yunnan Provincial Museum is also known by what nickname?,Kunming | Yunnan Provincial Museum,10,1,1,"{""Kunming"":3,""Yunnan Provincial Museum"":1}","{""Kunming"":3,""Yunnan Provincial Museum"":2}",stable_hit
pooled,5a7f6eab5542992097ad2f66,bridge,hard,"What was the name of the 19th century foundry which was located in a village directly across the Hudson River from Westpoint in Putnam County, New York?","Cold Spring, New York | Robert Parker Parrott",2,0,0,"{""Cold Spring, New York"":4,""Robert Parker Parrott"":6}","{""Cold Spring, New York"":1,""Robert Parker Parrott"":14}",stable_miss
pooled,5a7f6eab5542992097ad2f66,bridge,hard,"What was the name of the 19th century foundry which was located in a village directly across the Hudson River from Westpoint in Putnam County, New York?","Cold Spring, New York | Robert Parker Parrott",5,0,0,"{""Cold Spring, New York"":4,""Robert Parker Parrott"":6}","{""Cold Spring, New York"":1,""Robert Parker Parrott"":14}",stable_miss
pooled,5a7f6eab5542992097ad2f66,bridge,hard,"What was the name of the 19th century foundry which was located in a village directly across the Hudson River from Westpoint in Putnam County, New York?","Cold Spring, New York | Robert Parker Parrott",10,1,0,"{""Cold Spring, New York"":4,""Robert Parker Parrott"":6}","{""Cold Spring, New York"":1,""Robert Parker Parrott"":14}",damage
pooled,5a80071f5542992bc0c4a684,bridge,hard,Alice David is the voice of Lara Croft in a video game developed by which company ?,Alice David | Tomb Raider (2013 video game),2,0,0,"{""Alice David"":1,""Tomb Raider (2013 video game)"":10}","{""Alice David"":1,""Tomb Raider (2013 video game)"":10}",stable_miss
pooled,5a80071f5542992bc0c4a684,bridge,hard,Alice David is the voice of Lara Croft in a video game developed by which company ?,Alice David | Tomb Raider (2013 video game),5,0,0,"{""Alice David"":1,""Tomb Raider (2013 video game)"":10}","{""Alice David"":1,""Tomb Raider (2013 video game)"":10}",stable_miss
pooled,5a80071f5542992bc0c4a684,bridge,hard,Alice David is the voice of Lara Croft in a video game developed by which company ?,Alice David | Tomb Raider (2013 video game),10,1,1,"{""Alice David"":1,""Tomb Raider (2013 video game)"":10}","{""Alice David"":1,""Tomb Raider (2013 video game)"":10}",stable_hit
pooled,5a8038b55542996402f6a485,bridge,hard,"Jacques Sernas, actor in Fugitive in Trieste, was of what nationality?",Fugitive in Trieste | Jacques Sernas,2,1,1,"{""Fugitive in Trieste"":2,""Jacques Sernas"":1}","{""Fugitive in Trieste"":1,""Jacques Sernas"":2}",stable_hit
pooled,5a8038b55542996402f6a485,bridge,hard,"Jacques Sernas, actor in Fugitive in Trieste, was of what nationality?",Fugitive in Trieste | Jacques Sernas,5,1,1,"{""Fugitive in Trieste"":2,""Jacques Sernas"":1}","{""Fugitive in Trieste"":1,""Jacques Sernas"":2}",stable_hit
pooled,5a8038b55542996402f6a485,bridge,hard,"Jacques Sernas, actor in Fugitive in Trieste, was of what nationality?",Fugitive in Trieste | Jacques Sernas,10,1,1,"{""Fugitive in Trieste"":2,""Jacques Sernas"":1}","{""Fugitive in Trieste"":1,""Jacques Sernas"":2}",stable_hit
pooled,5a80721b554299485f5985ef,bridge,hard,"The Livesey Hal War Memorial commemorates the fallen of which war, that had over 60 million casualties?",Livesey Hall War Memorial | World War II casualties,2,0,0,"{""Livesey Hall War Memorial"":1,""World War II casualties"":16}","{""Livesey Hall War Memorial"":1,""World War II casualties"":8}",stable_miss
pooled,5a80721b554299485f5985ef,bridge,hard,"The Livesey Hal War Memorial commemorates the fallen of which war, that had over 60 million casualties?",Livesey Hall War Memorial | World War II casualties,5,0,0,"{""Livesey Hall War Memorial"":1,""World War II casualties"":16}","{""Livesey Hall War Memorial"":1,""World War II casualties"":8}",stable_miss
pooled,5a80721b554299485f5985ef,bridge,hard,"The Livesey Hal War Memorial commemorates the fallen of which war, that had over 60 million casualties?",Livesey Hall War Memorial | World War II casualties,10,0,1,"{""Livesey Hall War Memorial"":1,""World War II casualties"":16}","{""Livesey Hall War Memorial"":1,""World War II casualties"":8}",rescue
pooled,5a80840f554299485f59863b,bridge,hard,What WB supernatrual drama series was Jawbreaker star Rose Mcgowan best known for being in?,Jawbreaker (film) | Rose McGowan,2,1,1,"{""Jawbreaker (film)"":1,""Rose McGowan"":2}","{""Jawbreaker (film)"":2,""Rose McGowan"":1}",stable_hit
pooled,5a80840f554299485f59863b,bridge,hard,What WB supernatrual drama series was Jawbreaker star Rose Mcgowan best known for being in?,Jawbreaker (film) | Rose McGowan,5,1,1,"{""Jawbreaker (film)"":1,""Rose McGowan"":2}","{""Jawbreaker (film)"":2,""Rose McGowan"":1}",stable_hit
pooled,5a80840f554299485f59863b,bridge,hard,What WB supernatrual drama series was Jawbreaker star Rose Mcgowan best known for being in?,Jawbreaker (film) | Rose McGowan,10,1,1,"{""Jawbreaker (film)"":1,""Rose McGowan"":2}","{""Jawbreaker (film)"":2,""Rose McGowan"":1}",stable_hit
pooled,5a8085705542992bc0c4a74b,bridge,hard,Garden Island Naval Chapel is the oldest Chistian chapel of a naval branch of what defence force?,Garden Island Naval Chapel | Royal Australian Navy,2,0,0,"{""Garden Island Naval Chapel"":1,""Royal Australian Navy"":19}","{""Garden Island Naval Chapel"":1,""Royal Australian Navy"":3}",stable_miss
pooled,5a8085705542992bc0c4a74b,bridge,hard,Garden Island Naval Chapel is the oldest Chistian chapel of a naval branch of what defence force?,Garden Island Naval Chapel | Royal Australian Navy,5,0,1,"{""Garden Island Naval Chapel"":1,""Royal Australian Navy"":19}","{""Garden Island Naval Chapel"":1,""Royal Australian Navy"":3}",rescue
pooled,5a8085705542992bc0c4a74b,bridge,hard,Garden Island Naval Chapel is the oldest Chistian chapel of a naval branch of what defence force?,Garden Island Naval Chapel | Royal Australian Navy,10,0,1,"{""Garden Island Naval Chapel"":1,""Royal Australian Navy"":19}","{""Garden Island Naval Chapel"":1,""Royal Australian Navy"":3}",rescue
pooled,5a8099935542996402f6a58b,bridge,hard,"What television thriller anthology did the winner of one Golden Globe, two tony Awards and six Primetime Emmy Awards appear on?",Brian Dennehy | Darkroom (TV series),2,0,0,"{""Brian Dennehy"":null,""Darkroom (TV series)"":20}","{""Brian Dennehy"":null,""Darkroom (TV series)"":8}",stable_miss
pooled,5a8099935542996402f6a58b,bridge,hard,"What television thriller anthology did the winner of one Golden Globe, two tony Awards and six Primetime Emmy Awards appear on?",Brian Dennehy | Darkroom (TV series),5,0,0,"{""Brian Dennehy"":null,""Darkroom (TV series)"":20}","{""Brian Dennehy"":null,""Darkroom (TV series)"":8}",stable_miss
pooled,5a8099935542996402f6a58b,bridge,hard,"What television thriller anthology did the winner of one Golden Globe, two tony Awards and six Primetime Emmy Awards appear on?",Brian Dennehy | Darkroom (TV series),10,0,0,"{""Brian Dennehy"":null,""Darkroom (TV series)"":20}","{""Brian Dennehy"":null,""Darkroom (TV series)"":8}",stable_miss
pooled,5a80ad7c5542992097ad3018,bridge,hard,What year did the biographical-comedy-crime film directed by Steven Soderbergh about the highest-level corporate executive whistleblower come out?,Mark Whitacre | The Informant!,2,0,0,"{""Mark Whitacre"":7,""The Informant!"":3}","{""Mark Whitacre"":3,""The Informant!"":1}",stable_miss
pooled,5a80ad7c5542992097ad3018,bridge,hard,What year did the biographical-comedy-crime film directed by Steven Soderbergh about the highest-level corporate executive whistleblower come out?,Mark Whitacre | The Informant!,5,0,1,"{""Mark Whitacre"":7,""The Informant!"":3}","{""Mark Whitacre"":3,""The Informant!"":1}",rescue
pooled,5a80ad7c5542992097ad3018,bridge,hard,What year did the biographical-comedy-crime film directed by Steven Soderbergh about the highest-level corporate executive whistleblower come out?,Mark Whitacre | The Informant!,10,1,1,"{""Mark Whitacre"":7,""The Informant!"":3}","{""Mark Whitacre"":3,""The Informant!"":1}",stable_hit
pooled,5a80aeff5542996402f6a5eb,bridge,hard,"For what ""first"" was Ivory Lee Brown's nephew credited for in Heisman Trophy balloting?",Adrian Peterson | Ivory Lee Brown,2,0,0,"{""Adrian Peterson"":11,""Ivory Lee Brown"":1}","{""Adrian Peterson"":7,""Ivory Lee Brown"":1}",stable_miss
pooled,5a80aeff5542996402f6a5eb,bridge,hard,"For what ""first"" was Ivory Lee Brown's nephew credited for in Heisman Trophy balloting?",Adrian Peterson | Ivory Lee Brown,5,0,0,"{""Adrian Peterson"":11,""Ivory Lee Brown"":1}","{""Adrian Peterson"":7,""Ivory Lee Brown"":1}",stable_miss
pooled,5a80aeff5542996402f6a5eb,bridge,hard,"For what ""first"" was Ivory Lee Brown's nephew credited for in Heisman Trophy balloting?",Adrian Peterson | Ivory Lee Brown,10,0,1,"{""Adrian Peterson"":11,""Ivory Lee Brown"":1}","{""Adrian Peterson"":7,""Ivory Lee Brown"":1}",rescue
pooled,5a80b3a9554299485f5986cc,bridge,hard,Tysons Galleria is located in what county?,"McLean, Virginia | Tysons Galleria",2,0,0,"{""McLean, Virginia"":10,""Tysons Galleria"":1}","{""McLean, Virginia"":6,""Tysons Galleria"":3}",stable_miss
pooled,5a80b3a9554299485f5986cc,bridge,hard,Tysons Galleria is located in what county?,"McLean, Virginia | Tysons Galleria",5,0,0,"{""McLean, Virginia"":10,""Tysons Galleria"":1}","{""McLean, Virginia"":6,""Tysons Galleria"":3}",stable_miss
pooled,5a80b3a9554299485f5986cc,bridge,hard,Tysons Galleria is located in what county?,"McLean, Virginia | Tysons Galleria",10,1,1,"{""McLean, Virginia"":10,""Tysons Galleria"":1}","{""McLean, Virginia"":6,""Tysons Galleria"":3}",stable_hit
pooled,5a811152554299260e20a22e,bridge,hard,What party does the House of Commons representative for Congleton belong to?,Congleton (UK Parliament constituency) | Fiona Bruce (politician),2,1,1,"{""Congleton (UK Parliament constituency)"":1,""Fiona Bruce (politician)"":2}","{""Congleton (UK Parliament constituency)"":1,""Fiona Bruce (politician)"":2}",stable_hit
pooled,5a811152554299260e20a22e,bridge,hard,What party does the House of Commons representative for Congleton belong to?,Congleton (UK Parliament constituency) | Fiona Bruce (politician),5,1,1,"{""Congleton (UK Parliament constituency)"":1,""Fiona Bruce (politician)"":2}","{""Congleton (UK Parliament constituency)"":1,""Fiona Bruce (politician)"":2}",stable_hit
pooled,5a811152554299260e20a22e,bridge,hard,What party does the House of Commons representative for Congleton belong to?,Congleton (UK Parliament constituency) | Fiona Bruce (politician),10,1,1,"{""Congleton (UK Parliament constituency)"":1,""Fiona Bruce (politician)"":2}","{""Congleton (UK Parliament constituency)"":1,""Fiona Bruce (politician)"":2}",stable_hit
pooled,5a8133725542995ce29dcbdb,comparison,hard,"Which writer was from England, Henry Roth or Robert Erskine Childers?",Henry Roth | Robert Erskine Childers,2,0,0,"{""Henry Roth"":3,""Robert Erskine Childers"":1}","{""Henry Roth"":3,""Robert Erskine Childers"":1}",stable_miss
pooled,5a8133725542995ce29dcbdb,comparison,hard,"Which writer was from England, Henry Roth or Robert Erskine Childers?",Henry Roth | Robert Erskine Childers,5,1,1,"{""Henry Roth"":3,""Robert Erskine Childers"":1}","{""Henry Roth"":3,""Robert Erskine Childers"":1}",stable_hit
pooled,5a8133725542995ce29dcbdb,comparison,hard,"Which writer was from England, Henry Roth or Robert Erskine Childers?",Henry Roth | Robert Erskine Childers,10,1,1,"{""Henry Roth"":3,""Robert Erskine Childers"":1}","{""Henry Roth"":3,""Robert Erskine Childers"":1}",stable_hit
pooled,5a818387554299260e20a291,bridge,hard,"Based on a True Story... is an album by which country music star, with the single My Eyes?",Based on a True Story... | My Eyes (Blake Shelton song),2,0,1,"{""Based on a True Story..."":3,""My Eyes (Blake Shelton song)"":1}","{""Based on a True Story..."":2,""My Eyes (Blake Shelton song)"":1}",rescue
pooled,5a818387554299260e20a291,bridge,hard,"Based on a True Story... is an album by which country music star, with the single My Eyes?",Based on a True Story... | My Eyes (Blake Shelton song),5,1,1,"{""Based on a True Story..."":3,""My Eyes (Blake Shelton song)"":1}","{""Based on a True Story..."":2,""My Eyes (Blake Shelton song)"":1}",stable_hit
pooled,5a818387554299260e20a291,bridge,hard,"Based on a True Story... is an album by which country music star, with the single My Eyes?",Based on a True Story... | My Eyes (Blake Shelton song),10,1,1,"{""Based on a True Story..."":3,""My Eyes (Blake Shelton song)"":1}","{""Based on a True Story..."":2,""My Eyes (Blake Shelton song)"":1}",stable_hit
pooled,5a81ebee554299676cceb16d,bridge,hard,What kind of movie directed by F. Javier gutierrez did an Italian model and actress star in?,Matilda Lutz | Rings (2017 film),2,0,0,"{""Matilda Lutz"":43,""Rings (2017 film)"":null}","{""Matilda Lutz"":2,""Rings (2017 film)"":null}",stable_miss
pooled,5a81ebee554299676cceb16d,bridge,hard,What kind of movie directed by F. Javier gutierrez did an Italian model and actress star in?,Matilda Lutz | Rings (2017 film),5,0,0,"{""Matilda Lutz"":43,""Rings (2017 film)"":null}","{""Matilda Lutz"":2,""Rings (2017 film)"":null}",stable_miss
pooled,5a81ebee554299676cceb16d,bridge,hard,What kind of movie directed by F. Javier gutierrez did an Italian model and actress star in?,Matilda Lutz | Rings (2017 film),10,0,0,"{""Matilda Lutz"":43,""Rings (2017 film)"":null}","{""Matilda Lutz"":2,""Rings (2017 film)"":null}",stable_miss
pooled,5a81ff62554299676cceb1c4,bridge,hard,What type of profession does Ithu Engal Neethi and Shoba Chandrasekhar have in common?,Ithu Engal Neethi | Shoba Chandrasekhar,2,1,1,"{""Ithu Engal Neethi"":1,""Shoba Chandrasekhar"":2}","{""Ithu Engal Neethi"":1,""Shoba Chandrasekhar"":2}",stable_hit
pooled,5a81ff62554299676cceb1c4,bridge,hard,What type of profession does Ithu Engal Neethi and Shoba Chandrasekhar have in common?,Ithu Engal Neethi | Shoba Chandrasekhar,5,1,1,"{""Ithu Engal Neethi"":1,""Shoba Chandrasekhar"":2}","{""Ithu Engal Neethi"":1,""Shoba Chandrasekhar"":2}",stable_hit
pooled,5a81ff62554299676cceb1c4,bridge,hard,What type of profession does Ithu Engal Neethi and Shoba Chandrasekhar have in common?,Ithu Engal Neethi | Shoba Chandrasekhar,10,1,1,"{""Ithu Engal Neethi"":1,""Shoba Chandrasekhar"":2}","{""Ithu Engal Neethi"":1,""Shoba Chandrasekhar"":2}",stable_hit
pooled,5a825bb455429940e5e1a874,bridge,hard,Folie à Deux is a studio album by the American rock band formed in which city?,Fall Out Boy | Folie à Deux (album),2,0,0,"{""Fall Out Boy"":null,""Folie à Deux (album)"":1}","{""Fall Out Boy"":null,""Folie à Deux (album)"":1}",stable_miss
pooled,5a825bb455429940e5e1a874,bridge,hard,Folie à Deux is a studio album by the American rock band formed in which city?,Fall Out Boy | Folie à Deux (album),5,0,0,"{""Fall Out Boy"":null,""Folie à Deux (album)"":1}","{""Fall Out Boy"":null,""Folie à Deux (album)"":1}",stable_miss
pooled,5a825bb455429940e5e1a874,bridge,hard,Folie à Deux is a studio album by the American rock band formed in which city?,Fall Out Boy | Folie à Deux (album),10,0,0,"{""Fall Out Boy"":null,""Folie à Deux (album)"":1}","{""Fall Out Boy"":null,""Folie à Deux (album)"":1}",stable_miss
pooled,5a828c8355429966c78a6a50,bridge,hard,Kaiser Ventures corporation was founded by an American industrialist who became known as the father of modern American shipbuilding?,Henry J. Kaiser | Kaiser Ventures,2,0,1,"{""Henry J. Kaiser"":1,""Kaiser Ventures"":3}","{""Henry J. Kaiser"":1,""Kaiser Ventures"":2}",rescue
pooled,5a828c8355429966c78a6a50,bridge,hard,Kaiser Ventures corporation was founded by an American industrialist who became known as the father of modern American shipbuilding?,Henry J. Kaiser | Kaiser Ventures,5,1,1,"{""Henry J. Kaiser"":1,""Kaiser Ventures"":3}","{""Henry J. Kaiser"":1,""Kaiser Ventures"":2}",stable_hit
pooled,5a828c8355429966c78a6a50,bridge,hard,Kaiser Ventures corporation was founded by an American industrialist who became known as the father of modern American shipbuilding?,Henry J. Kaiser | Kaiser Ventures,10,1,1,"{""Henry J. Kaiser"":1,""Kaiser Ventures"":3}","{""Henry J. Kaiser"":1,""Kaiser Ventures"":2}",stable_hit
pooled,5a8324815542990548d0b184,bridge,hard,Dead but Rising was a song by the Danish band fomed in what city in 2001?,Dead but Rising | Volbeat,2,0,0,"{""Dead but Rising"":1,""Volbeat"":11}","{""Dead but Rising"":1,""Volbeat"":4}",stable_miss
pooled,5a8324815542990548d0b184,bridge,hard,Dead but Rising was a song by the Danish band fomed in what city in 2001?,Dead but Rising | Volbeat,5,0,1,"{""Dead but Rising"":1,""Volbeat"":11}","{""Dead but Rising"":1,""Volbeat"":4}",rescue
pooled,5a8324815542990548d0b184,bridge,hard,Dead but Rising was a song by the Danish band fomed in what city in 2001?,Dead but Rising | Volbeat,10,0,1,"{""Dead but Rising"":1,""Volbeat"":11}","{""Dead but Rising"":1,""Volbeat"":4}",rescue
pooled,5a8325b35542990548d0b18f,bridge,hard,"Who held the record for the longest service in the Australian Parliament for a woman, and was surpassed by  a former Australian politician who was the 29th Speaker of the House of Representatives?",Bronwyn Bishop | Kathy Sullivan (Australian politician),2,0,1,"{""Bronwyn Bishop"":8,""Kathy Sullivan (Australian politician)"":1}","{""Bronwyn Bishop"":2,""Kathy Sullivan (Australian politician)"":1}",rescue
pooled,5a8325b35542990548d0b18f,bridge,hard,"Who held the record for the longest service in the Australian Parliament for a woman, and was surpassed by  a former Australian politician who was the 29th Speaker of the House of Representatives?",Bronwyn Bishop | Kathy Sullivan (Australian politician),5,0,1,"{""Bronwyn Bishop"":8,""Kathy Sullivan (Australian politician)"":1}","{""Bronwyn Bishop"":2,""Kathy Sullivan (Australian politician)"":1}",rescue
pooled,5a8325b35542990548d0b18f,bridge,hard,"Who held the record for the longest service in the Australian Parliament for a woman, and was surpassed by  a former Australian politician who was the 29th Speaker of the House of Representatives?",Bronwyn Bishop | Kathy Sullivan (Australian politician),10,1,1,"{""Bronwyn Bishop"":8,""Kathy Sullivan (Australian politician)"":1}","{""Bronwyn Bishop"":2,""Kathy Sullivan (Australian politician)"":1}",stable_hit
pooled,5a834ed95542990548d0b1ca,comparison,hard,"Which tower is taller, 712 Fifth Avenue or Manhattan Life Insurance Building?",712 Fifth Avenue | Manhattan Life Insurance Building,2,0,0,"{""712 Fifth Avenue"":4,""Manhattan Life Insurance Building"":1}","{""712 Fifth Avenue"":1,""Manhattan Life Insurance Building"":3}",stable_miss
pooled,5a834ed95542990548d0b1ca,comparison,hard,"Which tower is taller, 712 Fifth Avenue or Manhattan Life Insurance Building?",712 Fifth Avenue | Manhattan Life Insurance Building,5,1,1,"{""712 Fifth Avenue"":4,""Manhattan Life Insurance Building"":1}","{""712 Fifth Avenue"":1,""Manhattan Life Insurance Building"":3}",stable_hit
pooled,5a834ed95542990548d0b1ca,comparison,hard,"Which tower is taller, 712 Fifth Avenue or Manhattan Life Insurance Building?",712 Fifth Avenue | Manhattan Life Insurance Building,10,1,1,"{""712 Fifth Avenue"":4,""Manhattan Life Insurance Building"":1}","{""712 Fifth Avenue"":1,""Manhattan Life Insurance Building"":3}",stable_hit
pooled,5a835478554299123d8c20ed,bridge,hard,How many copies of Roald Dahl's variation on a popular anecdote sold?,Mrs. Bixby and the Colonel's Coat | Roald Dahl,2,0,1,"{""Mrs. Bixby and the Colonel's Coat"":7,""Roald Dahl"":1}","{""Mrs. Bixby and the Colonel's Coat"":2,""Roald Dahl"":1}",rescue
pooled,5a835478554299123d8c20ed,bridge,hard,How many copies of Roald Dahl's variation on a popular anecdote sold?,Mrs. Bixby and the Colonel's Coat | Roald Dahl,5,0,1,"{""Mrs. Bixby and the Colonel's Coat"":7,""Roald Dahl"":1}","{""Mrs. Bixby and the Colonel's Coat"":2,""Roald Dahl"":1}",rescue
pooled,5a835478554299123d8c20ed,bridge,hard,How many copies of Roald Dahl's variation on a popular anecdote sold?,Mrs. Bixby and the Colonel's Coat | Roald Dahl,10,1,1,"{""Mrs. Bixby and the Colonel's Coat"":7,""Roald Dahl"":1}","{""Mrs. Bixby and the Colonel's Coat"":2,""Roald Dahl"":1}",stable_hit
pooled,5a835c9f5542992ef85e228a,bridge,hard,What army did the namesake of the ship launched as the München in 1930 fight in during the American Revolutionary War?,Friedrich Wilhelm von Steuben | SS General von Steuben,2,0,0,"{""Friedrich Wilhelm von Steuben"":27,""SS General von Steuben"":1}","{""Friedrich Wilhelm von Steuben"":7,""SS General von Steuben"":1}",stable_miss
pooled,5a835c9f5542992ef85e228a,bridge,hard,What army did the namesake of the ship launched as the München in 1930 fight in during the American Revolutionary War?,Friedrich Wilhelm von Steuben | SS General von Steuben,5,0,0,"{""Friedrich Wilhelm von Steuben"":27,""SS General von Steuben"":1}","{""Friedrich Wilhelm von Steuben"":7,""SS General von Steuben"":1}",stable_miss
pooled,5a835c9f5542992ef85e228a,bridge,hard,What army did the namesake of the ship launched as the München in 1930 fight in during the American Revolutionary War?,Friedrich Wilhelm von Steuben | SS General von Steuben,10,0,1,"{""Friedrich Wilhelm von Steuben"":27,""SS General von Steuben"":1}","{""Friedrich Wilhelm von Steuben"":7,""SS General von Steuben"":1}",rescue
pooled,5a8361b65542992ef85e22a0,bridge,hard,Vince Phillips held a junior welterweight title by an organization recognized by what larger Hall of Fame?,International Boxing Federation | Vince Phillips,2,0,1,"{""International Boxing Federation"":18,""Vince Phillips"":1}","{""International Boxing Federation"":2,""Vince Phillips"":1}",rescue
pooled,5a8361b65542992ef85e22a0,bridge,hard,Vince Phillips held a junior welterweight title by an organization recognized by what larger Hall of Fame?,International Boxing Federation | Vince Phillips,5,0,1,"{""International Boxing Federation"":18,""Vince Phillips"":1}","{""International Boxing Federation"":2,""Vince Phillips"":1}",rescue
pooled,5a8361b65542992ef85e22a0,bridge,hard,Vince Phillips held a junior welterweight title by an organization recognized by what larger Hall of Fame?,International Boxing Federation | Vince Phillips,10,0,1,"{""International Boxing Federation"":18,""Vince Phillips"":1}","{""International Boxing Federation"":2,""Vince Phillips"":1}",rescue
pooled,5a837d9a554299123d8c213e,bridge,hard,"Which cast member of Alice Upside Down also stars in the ABC Family/Freeform drama ""Switched at Birth?""",Alice Upside Down | Lucas Grabeel,2,0,0,"{""Alice Upside Down"":1,""Lucas Grabeel"":26}","{""Alice Upside Down"":1,""Lucas Grabeel"":8}",stable_miss
pooled,5a837d9a554299123d8c213e,bridge,hard,"Which cast member of Alice Upside Down also stars in the ABC Family/Freeform drama ""Switched at Birth?""",Alice Upside Down | Lucas Grabeel,5,0,0,"{""Alice Upside Down"":1,""Lucas Grabeel"":26}","{""Alice Upside Down"":1,""Lucas Grabeel"":8}",stable_miss
pooled,5a837d9a554299123d8c213e,bridge,hard,"Which cast member of Alice Upside Down also stars in the ABC Family/Freeform drama ""Switched at Birth?""",Alice Upside Down | Lucas Grabeel,10,0,1,"{""Alice Upside Down"":1,""Lucas Grabeel"":26}","{""Alice Upside Down"":1,""Lucas Grabeel"":8}",rescue
pooled,5a83880e554299123d8c214e,bridge,hard,Suicide's 1977 released album features a song based on what brand's comic character?,Ghost Rider (Suicide song) | Suicide (1977 album),2,1,1,"{""Ghost Rider (Suicide song)"":2,""Suicide (1977 album)"":1}","{""Ghost Rider (Suicide song)"":1,""Suicide (1977 album)"":2}",stable_hit
pooled,5a83880e554299123d8c214e,bridge,hard,Suicide's 1977 released album features a song based on what brand's comic character?,Ghost Rider (Suicide song) | Suicide (1977 album),5,1,1,"{""Ghost Rider (Suicide song)"":2,""Suicide (1977 album)"":1}","{""Ghost Rider (Suicide song)"":1,""Suicide (1977 album)"":2}",stable_hit
pooled,5a83880e554299123d8c214e,bridge,hard,Suicide's 1977 released album features a song based on what brand's comic character?,Ghost Rider (Suicide song) | Suicide (1977 album),10,1,1,"{""Ghost Rider (Suicide song)"":2,""Suicide (1977 album)"":1}","{""Ghost Rider (Suicide song)"":1,""Suicide (1977 album)"":2}",stable_hit
pooled,5a83a532554299334474606f,bridge,hard,Where did Ian Harland study prior to studying at the oldest college at the University of Cambridge?,"Ian Harland | Peterhouse, Cambridge",2,1,1,"{""Ian Harland"":1,""Peterhouse, Cambridge"":2}","{""Ian Harland"":1,""Peterhouse, Cambridge"":2}",stable_hit
pooled,5a83a532554299334474606f,bridge,hard,Where did Ian Harland study prior to studying at the oldest college at the University of Cambridge?,"Ian Harland | Peterhouse, Cambridge",5,1,1,"{""Ian Harland"":1,""Peterhouse, Cambridge"":2}","{""Ian Harland"":1,""Peterhouse, Cambridge"":2}",stable_hit
pooled,5a83a532554299334474606f,bridge,hard,Where did Ian Harland study prior to studying at the oldest college at the University of Cambridge?,"Ian Harland | Peterhouse, Cambridge",10,1,1,"{""Ian Harland"":1,""Peterhouse, Cambridge"":2}","{""Ian Harland"":1,""Peterhouse, Cambridge"":2}",stable_hit
pooled,5a83aaeb5542996488c2e483,bridge,hard,What studio album did Kanye West record with Roc-A-Fella Records and soul singer Dwele?,My Beautiful Dark Twisted Fantasy | Power (Kanye West song),2,0,0,"{""My Beautiful Dark Twisted Fantasy"":6,""Power (Kanye West song)"":7}","{""My Beautiful Dark Twisted Fantasy"":3,""Power (Kanye West song)"":6}",stable_miss
pooled,5a83aaeb5542996488c2e483,bridge,hard,What studio album did Kanye West record with Roc-A-Fella Records and soul singer Dwele?,My Beautiful Dark Twisted Fantasy | Power (Kanye West song),5,0,0,"{""My Beautiful Dark Twisted Fantasy"":6,""Power (Kanye West song)"":7}","{""My Beautiful Dark Twisted Fantasy"":3,""Power (Kanye West song)"":6}",stable_miss
pooled,5a83aaeb5542996488c2e483,bridge,hard,What studio album did Kanye West record with Roc-A-Fella Records and soul singer Dwele?,My Beautiful Dark Twisted Fantasy | Power (Kanye West song),10,1,1,"{""My Beautiful Dark Twisted Fantasy"":6,""Power (Kanye West song)"":7}","{""My Beautiful Dark Twisted Fantasy"":3,""Power (Kanye West song)"":6}",stable_hit
pooled,5a8463545542990548d0b2a3,bridge,hard,What was the position of Jean Baptiste Androuet du Cerceau under the man who was King of the Polish-Lithuanian Commonwealth from 1573 to 1575?,Henry III of France | Jean Baptiste Androuet du Cerceau,2,0,0,"{""Henry III of France"":6,""Jean Baptiste Androuet du Cerceau"":8}","{""Henry III of France"":3,""Jean Baptiste Androuet du Cerceau"":1}",stable_miss
pooled,5a8463545542990548d0b2a3,bridge,hard,What was the position of Jean Baptiste Androuet du Cerceau under the man who was King of the Polish-Lithuanian Commonwealth from 1573 to 1575?,Henry III of France | Jean Baptiste Androuet du Cerceau,5,0,1,"{""Henry III of France"":6,""Jean Baptiste Androuet du Cerceau"":8}","{""Henry III of France"":3,""Jean Baptiste Androuet du Cerceau"":1}",rescue
pooled,5a8463545542990548d0b2a3,bridge,hard,What was the position of Jean Baptiste Androuet du Cerceau under the man who was King of the Polish-Lithuanian Commonwealth from 1573 to 1575?,Henry III of France | Jean Baptiste Androuet du Cerceau,10,1,1,"{""Henry III of France"":6,""Jean Baptiste Androuet du Cerceau"":8}","{""Henry III of France"":3,""Jean Baptiste Androuet du Cerceau"":1}",stable_hit
pooled,5a84873e5542997175ce1eec,bridge,hard,What edition of tennis' US Open was the 2017 US Open when Petra Kvitova was a quarterfinalist?,2017 US Open (tennis) | Petra Kvitová career statistics,2,0,0,"{""2017 US Open (tennis)"":1,""Petra Kvitová career statistics"":3}","{""2017 US Open (tennis)"":1,""Petra Kvitová career statistics"":3}",stable_miss
pooled,5a84873e5542997175ce1eec,bridge,hard,What edition of tennis' US Open was the 2017 US Open when Petra Kvitova was a quarterfinalist?,2017 US Open (tennis) | Petra Kvitová career statistics,5,1,1,"{""2017 US Open (tennis)"":1,""Petra Kvitová career statistics"":3}","{""2017 US Open (tennis)"":1,""Petra Kvitová career statistics"":3}",stable_hit
pooled,5a84873e5542997175ce1eec,bridge,hard,What edition of tennis' US Open was the 2017 US Open when Petra Kvitova was a quarterfinalist?,2017 US Open (tennis) | Petra Kvitová career statistics,10,1,1,"{""2017 US Open (tennis)"":1,""Petra Kvitová career statistics"":3}","{""2017 US Open (tennis)"":1,""Petra Kvitová career statistics"":3}",stable_hit
pooled,5a8488f45542992a431d1a47,bridge,hard,"Who wrote The Devils, and was an eninent English theater, opera and film director?",Peter Hall (director) | The Devils (play),2,0,1,"{""Peter Hall (director)"":13,""The Devils (play)"":1}","{""Peter Hall (director)"":2,""The Devils (play)"":1}",rescue
pooled,5a8488f45542992a431d1a47,bridge,hard,"Who wrote The Devils, and was an eninent English theater, opera and film director?",Peter Hall (director) | The Devils (play),5,0,1,"{""Peter Hall (director)"":13,""The Devils (play)"":1}","{""Peter Hall (director)"":2,""The Devils (play)"":1}",rescue
pooled,5a8488f45542992a431d1a47,bridge,hard,"Who wrote The Devils, and was an eninent English theater, opera and film director?",Peter Hall (director) | The Devils (play),10,0,1,"{""Peter Hall (director)"":13,""The Devils (play)"":1}","{""Peter Hall (director)"":2,""The Devils (play)"":1}",rescue
pooled,5a84c4135542994c784dda31,comparison,hard,Are Yingkou and Fuding the same level of city?,Fuding | Yingkou,2,0,0,"{""Fuding"":9,""Yingkou"":1}","{""Fuding"":11,""Yingkou"":1}",stable_miss
pooled,5a84c4135542994c784dda31,comparison,hard,Are Yingkou and Fuding the same level of city?,Fuding | Yingkou,5,0,0,"{""Fuding"":9,""Yingkou"":1}","{""Fuding"":11,""Yingkou"":1}",stable_miss
pooled,5a84c4135542994c784dda31,comparison,hard,Are Yingkou and Fuding the same level of city?,Fuding | Yingkou,10,1,0,"{""Fuding"":9,""Yingkou"":1}","{""Fuding"":11,""Yingkou"":1}",damage
pooled,5a8574945542997b5ce3fffb,comparison,hard,"Which film was Oscar nominated, LaLee's Kin: The Legacy of Cotton or Gimme Shelter, the 1970 Rolling Stones documentary?",Gimme Shelter (1970 film) | LaLee's Kin: The Legacy of Cotton,2,1,1,"{""Gimme Shelter (1970 film)"":2,""LaLee's Kin: The Legacy of Cotton"":1}","{""Gimme Shelter (1970 film)"":2,""LaLee's Kin: The Legacy of Cotton"":1}",stable_hit
pooled,5a8574945542997b5ce3fffb,comparison,hard,"Which film was Oscar nominated, LaLee's Kin: The Legacy of Cotton or Gimme Shelter, the 1970 Rolling Stones documentary?",Gimme Shelter (1970 film) | LaLee's Kin: The Legacy of Cotton,5,1,1,"{""Gimme Shelter (1970 film)"":2,""LaLee's Kin: The Legacy of Cotton"":1}","{""Gimme Shelter (1970 film)"":2,""LaLee's Kin: The Legacy of Cotton"":1}",stable_hit
pooled,5a8574945542997b5ce3fffb,comparison,hard,"Which film was Oscar nominated, LaLee's Kin: The Legacy of Cotton or Gimme Shelter, the 1970 Rolling Stones documentary?",Gimme Shelter (1970 film) | LaLee's Kin: The Legacy of Cotton,10,1,1,"{""Gimme Shelter (1970 film)"":2,""LaLee's Kin: The Legacy of Cotton"":1}","{""Gimme Shelter (1970 film)"":2,""LaLee's Kin: The Legacy of Cotton"":1}",stable_hit
pooled,5a85ab905542994c784ddb35,bridge,hard,"Two positions were filled in The Voice of Ireland b which British-Irish girl group based in London, England?",The Saturdays | The Voice of Ireland (series 4),2,0,1,"{""The Saturdays"":3,""The Voice of Ireland (series 4)"":1}","{""The Saturdays"":2,""The Voice of Ireland (series 4)"":1}",rescue
pooled,5a85ab905542994c784ddb35,bridge,hard,"Two positions were filled in The Voice of Ireland b which British-Irish girl group based in London, England?",The Saturdays | The Voice of Ireland (series 4),5,1,1,"{""The Saturdays"":3,""The Voice of Ireland (series 4)"":1}","{""The Saturdays"":2,""The Voice of Ireland (series 4)"":1}",stable_hit
pooled,5a85ab905542994c784ddb35,bridge,hard,"Two positions were filled in The Voice of Ireland b which British-Irish girl group based in London, England?",The Saturdays | The Voice of Ireland (series 4),10,1,1,"{""The Saturdays"":3,""The Voice of Ireland (series 4)"":1}","{""The Saturdays"":2,""The Voice of Ireland (series 4)"":1}",stable_hit
pooled,5a85b2d95542997b5ce40028,bridge,hard,Who was known by his stage name Aladin and helped organizations improve their performance as a consultant?,Eenasul Fateh | Management consulting,2,0,1,"{""Eenasul Fateh"":1,""Management consulting"":3}","{""Eenasul Fateh"":1,""Management consulting"":2}",rescue
pooled,5a85b2d95542997b5ce40028,bridge,hard,Who was known by his stage name Aladin and helped organizations improve their performance as a consultant?,Eenasul Fateh | Management consulting,5,1,1,"{""Eenasul Fateh"":1,""Management consulting"":3}","{""Eenasul Fateh"":1,""Management consulting"":2}",stable_hit
pooled,5a85b2d95542997b5ce40028,bridge,hard,Who was known by his stage name Aladin and helped organizations improve their performance as a consultant?,Eenasul Fateh | Management consulting,10,1,1,"{""Eenasul Fateh"":1,""Management consulting"":3}","{""Eenasul Fateh"":1,""Management consulting"":2}",stable_hit
pooled,5a85c3a15542992a431d1b97,bridge,hard,Snowdrop is a proprietary game engine first revealed with an online-only action role-playing video game developed by who?,Snowdrop (game engine) | Tom Clancy's The Division,2,0,1,"{""Snowdrop (game engine)"":1,""Tom Clancy's The Division"":15}","{""Snowdrop (game engine)"":1,""Tom Clancy's The Division"":2}",rescue
pooled,5a85c3a15542992a431d1b97,bridge,hard,Snowdrop is a proprietary game engine first revealed with an online-only action role-playing video game developed by who?,Snowdrop (game engine) | Tom Clancy's The Division,5,0,1,"{""Snowdrop (game engine)"":1,""Tom Clancy's The Division"":15}","{""Snowdrop (game engine)"":1,""Tom Clancy's The Division"":2}",rescue
pooled,5a85c3a15542992a431d1b97,bridge,hard,Snowdrop is a proprietary game engine first revealed with an online-only action role-playing video game developed by who?,Snowdrop (game engine) | Tom Clancy's The Division,10,0,1,"{""Snowdrop (game engine)"":1,""Tom Clancy's The Division"":15}","{""Snowdrop (game engine)"":1,""Tom Clancy's The Division"":2}",rescue
pooled,5a85cead5542991dd0999ea9,bridge,hard,What arcade game is named after the only player in major league history to have a 0.300 batting average for 7 consecutive seasons?,Frank Thomas (designated hitter) | Frank Thomas' Big Hurt,2,0,0,"{""Frank Thomas (designated hitter)"":10,""Frank Thomas' Big Hurt"":50}","{""Frank Thomas (designated hitter)"":1,""Frank Thomas' Big Hurt"":13}",stable_miss
pooled,5a85cead5542991dd0999ea9,bridge,hard,What arcade game is named after the only player in major league history to have a 0.300 batting average for 7 consecutive seasons?,Frank Thomas (designated hitter) | Frank Thomas' Big Hurt,5,0,0,"{""Frank Thomas (designated hitter)"":10,""Frank Thomas' Big Hurt"":50}","{""Frank Thomas (designated hitter)"":1,""Frank Thomas' Big Hurt"":13}",stable_miss
pooled,5a85cead5542991dd0999ea9,bridge,hard,What arcade game is named after the only player in major league history to have a 0.300 batting average for 7 consecutive seasons?,Frank Thomas (designated hitter) | Frank Thomas' Big Hurt,10,0,0,"{""Frank Thomas (designated hitter)"":10,""Frank Thomas' Big Hurt"":50}","{""Frank Thomas (designated hitter)"":1,""Frank Thomas' Big Hurt"":13}",stable_miss
pooled,5a85dfcc5542994775f60673,bridge,hard,"What South Korean actor was a member of the pop duo TVXQ and stared in Heading to the Ground, a 2009 MBC television series?",Heading to the Ground | Yunho,2,0,0,"{""Heading to the Ground"":21,""Yunho"":3}","{""Heading to the Ground"":1,""Yunho"":4}",stable_miss
pooled,5a85dfcc5542994775f60673,bridge,hard,"What South Korean actor was a member of the pop duo TVXQ and stared in Heading to the Ground, a 2009 MBC television series?",Heading to the Ground | Yunho,5,0,1,"{""Heading to the Ground"":21,""Yunho"":3}","{""Heading to the Ground"":1,""Yunho"":4}",rescue
pooled,5a85dfcc5542994775f60673,bridge,hard,"What South Korean actor was a member of the pop duo TVXQ and stared in Heading to the Ground, a 2009 MBC television series?",Heading to the Ground | Yunho,10,0,1,"{""Heading to the Ground"":21,""Yunho"":3}","{""Heading to the Ground"":1,""Yunho"":4}",rescue
pooled,5a85ea095542994775f606a8,bridge,hard,"What science fantasy young adult series, told in first person, has a set of companion books narrating the stories of enslaved worlds and alien species?",Animorphs | The Hork-Bajir Chronicles,2,0,0,"{""Animorphs"":2,""The Hork-Bajir Chronicles"":3}","{""Animorphs"":1,""The Hork-Bajir Chronicles"":3}",stable_miss
pooled,5a85ea095542994775f606a8,bridge,hard,"What science fantasy young adult series, told in first person, has a set of companion books narrating the stories of enslaved worlds and alien species?",Animorphs | The Hork-Bajir Chronicles,5,1,1,"{""Animorphs"":2,""The Hork-Bajir Chronicles"":3}","{""Animorphs"":1,""The Hork-Bajir Chronicles"":3}",stable_hit
pooled,5a85ea095542994775f606a8,bridge,hard,"What science fantasy young adult series, told in first person, has a set of companion books narrating the stories of enslaved worlds and alien species?",Animorphs | The Hork-Bajir Chronicles,10,1,1,"{""Animorphs"":2,""The Hork-Bajir Chronicles"":3}","{""Animorphs"":1,""The Hork-Bajir Chronicles"":3}",stable_hit
pooled,5a85eed75542996432c5713b,bridge,hard,Where did the descendants of the group of black Indians associated with the Seminole people settle?,Black Seminoles | Mascogos,2,0,1,"{""Black Seminoles"":1,""Mascogos"":6}","{""Black Seminoles"":1,""Mascogos"":2}",rescue
pooled,5a85eed75542996432c5713b,bridge,hard,Where did the descendants of the group of black Indians associated with the Seminole people settle?,Black Seminoles | Mascogos,5,0,1,"{""Black Seminoles"":1,""Mascogos"":6}","{""Black Seminoles"":1,""Mascogos"":2}",rescue
pooled,5a85eed75542996432c5713b,bridge,hard,Where did the descendants of the group of black Indians associated with the Seminole people settle?,Black Seminoles | Mascogos,10,1,1,"{""Black Seminoles"":1,""Mascogos"":6}","{""Black Seminoles"":1,""Mascogos"":2}",stable_hit
pooled,5a85fb085542994775f606de,bridge,hard,What is the name of the executive producer of the film that has a score composed by Jerry Goldsmith?,Alien (film) | Alien (soundtrack),2,0,0,"{""Alien (film)"":null,""Alien (soundtrack)"":2}","{""Alien (film)"":null,""Alien (soundtrack)"":1}",stable_miss
pooled,5a85fb085542994775f606de,bridge,hard,What is the name of the executive producer of the film that has a score composed by Jerry Goldsmith?,Alien (film) | Alien (soundtrack),5,0,0,"{""Alien (film)"":null,""Alien (soundtrack)"":2}","{""Alien (film)"":null,""Alien (soundtrack)"":1}",stable_miss
pooled,5a85fb085542994775f606de,bridge,hard,What is the name of the executive producer of the film that has a score composed by Jerry Goldsmith?,Alien (film) | Alien (soundtrack),10,0,0,"{""Alien (film)"":null,""Alien (soundtrack)"":2}","{""Alien (film)"":null,""Alien (soundtrack)"":1}",stable_miss
pooled,5a864ff7554299211dda2af2,bridge,hard,"Yoann Lemoine, a French video director, has created music videos for Lana Del Rey, Katy Perry, and an orchestral country pop ballad by which top pop artist?",Back to December | Yoann Lemoine,2,0,0,"{""Back to December"":null,""Yoann Lemoine"":1}","{""Back to December"":null,""Yoann Lemoine"":1}",stable_miss
pooled,5a864ff7554299211dda2af2,bridge,hard,"Yoann Lemoine, a French video director, has created music videos for Lana Del Rey, Katy Perry, and an orchestral country pop ballad by which top pop artist?",Back to December | Yoann Lemoine,5,0,0,"{""Back to December"":null,""Yoann Lemoine"":1}","{""Back to December"":null,""Yoann Lemoine"":1}",stable_miss
pooled,5a864ff7554299211dda2af2,bridge,hard,"Yoann Lemoine, a French video director, has created music videos for Lana Del Rey, Katy Perry, and an orchestral country pop ballad by which top pop artist?",Back to December | Yoann Lemoine,10,0,0,"{""Back to December"":null,""Yoann Lemoine"":1}","{""Back to December"":null,""Yoann Lemoine"":1}",stable_miss
pooled,5a867089554299211dda2b30,comparison,hard,"Which magazine is published more often, Shonen Jump or Rolling Stone?",Rolling Stone | Shonen Jump (magazine),2,0,0,"{""Rolling Stone"":3,""Shonen Jump (magazine)"":1}","{""Rolling Stone"":3,""Shonen Jump (magazine)"":1}",stable_miss
pooled,5a867089554299211dda2b30,comparison,hard,"Which magazine is published more often, Shonen Jump or Rolling Stone?",Rolling Stone | Shonen Jump (magazine),5,1,1,"{""Rolling Stone"":3,""Shonen Jump (magazine)"":1}","{""Rolling Stone"":3,""Shonen Jump (magazine)"":1}",stable_hit
pooled,5a867089554299211dda2b30,comparison,hard,"Which magazine is published more often, Shonen Jump or Rolling Stone?",Rolling Stone | Shonen Jump (magazine),10,1,1,"{""Rolling Stone"":3,""Shonen Jump (magazine)"":1}","{""Rolling Stone"":3,""Shonen Jump (magazine)"":1}",stable_hit
pooled,5a86769c5542994775f60776,bridge,hard,Armageddon in Retrospect was written by the author who was best known for what 1969 satire novel?,Armageddon in Retrospect | Kurt Vonnegut,2,0,1,"{""Armageddon in Retrospect"":1,""Kurt Vonnegut"":4}","{""Armageddon in Retrospect"":1,""Kurt Vonnegut"":2}",rescue
pooled,5a86769c5542994775f60776,bridge,hard,Armageddon in Retrospect was written by the author who was best known for what 1969 satire novel?,Armageddon in Retrospect | Kurt Vonnegut,5,1,1,"{""Armageddon in Retrospect"":1,""Kurt Vonnegut"":4}","{""Armageddon in Retrospect"":1,""Kurt Vonnegut"":2}",stable_hit
pooled,5a86769c5542994775f60776,bridge,hard,Armageddon in Retrospect was written by the author who was best known for what 1969 satire novel?,Armageddon in Retrospect | Kurt Vonnegut,10,1,1,"{""Armageddon in Retrospect"":1,""Kurt Vonnegut"":4}","{""Armageddon in Retrospect"":1,""Kurt Vonnegut"":2}",stable_hit
pooled,5a86ebac55429960ec39b6d6,bridge,hard,"Handi-Snacks are a snack food product line sold by what American multinational confectionery, food, and beverage company that is based in Illinois?",Handi-Snacks | Mondelez International,2,1,1,"{""Handi-Snacks"":1,""Mondelez International"":2}","{""Handi-Snacks"":1,""Mondelez International"":2}",stable_hit
pooled,5a86ebac55429960ec39b6d6,bridge,hard,"Handi-Snacks are a snack food product line sold by what American multinational confectionery, food, and beverage company that is based in Illinois?",Handi-Snacks | Mondelez International,5,1,1,"{""Handi-Snacks"":1,""Mondelez International"":2}","{""Handi-Snacks"":1,""Mondelez International"":2}",stable_hit
pooled,5a86ebac55429960ec39b6d6,bridge,hard,"Handi-Snacks are a snack food product line sold by what American multinational confectionery, food, and beverage company that is based in Illinois?",Handi-Snacks | Mondelez International,10,1,1,"{""Handi-Snacks"":1,""Mondelez International"":2}","{""Handi-Snacks"":1,""Mondelez International"":2}",stable_hit
pooled,5a8704f8554299211dda2ba4,bridge,hard,What is the name of the Isles who were led by Aonghus Mór and covered a total land area of over 8300 km2?,Aonghus Mór | Kingdom of the Isles,2,0,0,"{""Aonghus Mór"":3,""Kingdom of the Isles"":1}","{""Aonghus Mór"":1,""Kingdom of the Isles"":3}",stable_miss
pooled,5a8704f8554299211dda2ba4,bridge,hard,What is the name of the Isles who were led by Aonghus Mór and covered a total land area of over 8300 km2?,Aonghus Mór | Kingdom of the Isles,5,1,1,"{""Aonghus Mór"":3,""Kingdom of the Isles"":1}","{""Aonghus Mór"":1,""Kingdom of the Isles"":3}",stable_hit
pooled,5a8704f8554299211dda2ba4,bridge,hard,What is the name of the Isles who were led by Aonghus Mór and covered a total land area of over 8300 km2?,Aonghus Mór | Kingdom of the Isles,10,1,1,"{""Aonghus Mór"":3,""Kingdom of the Isles"":1}","{""Aonghus Mór"":1,""Kingdom of the Isles"":3}",stable_hit
pooled,5a8739a05542994775f607ab,bridge,hard,What is the birthplace of the Senator who represents the first of 62 districts in the State Senate?,Kenneth LaValle | New York's 1st State Senate district,2,0,0,"{""Kenneth LaValle"":7,""New York's 1st State Senate district"":1}","{""Kenneth LaValle"":5,""New York's 1st State Senate district"":1}",stable_miss
pooled,5a8739a05542994775f607ab,bridge,hard,What is the birthplace of the Senator who represents the first of 62 districts in the State Senate?,Kenneth LaValle | New York's 1st State Senate district,5,0,1,"{""Kenneth LaValle"":7,""New York's 1st State Senate district"":1}","{""Kenneth LaValle"":5,""New York's 1st State Senate district"":1}",rescue
pooled,5a8739a05542994775f607ab,bridge,hard,What is the birthplace of the Senator who represents the first of 62 districts in the State Senate?,Kenneth LaValle | New York's 1st State Senate district,10,1,1,"{""Kenneth LaValle"":7,""New York's 1st State Senate district"":1}","{""Kenneth LaValle"":5,""New York's 1st State Senate district"":1}",stable_hit
pooled,5a874ce15542996432c57256,bridge,hard,Where was the person born who was recognized by MIAL and is an American soprano?,Leontyne Price | Mississippi Institute of Arts and Letters,2,0,0,"{""Leontyne Price"":1,""Mississippi Institute of Arts and Letters"":null}","{""Leontyne Price"":1,""Mississippi Institute of Arts and Letters"":null}",stable_miss
pooled,5a874ce15542996432c57256,bridge,hard,Where was the person born who was recognized by MIAL and is an American soprano?,Leontyne Price | Mississippi Institute of Arts and Letters,5,0,0,"{""Leontyne Price"":1,""Mississippi Institute of Arts and Letters"":null}","{""Leontyne Price"":1,""Mississippi Institute of Arts and Letters"":null}",stable_miss
pooled,5a874ce15542996432c57256,bridge,hard,Where was the person born who was recognized by MIAL and is an American soprano?,Leontyne Price | Mississippi Institute of Arts and Letters,10,0,0,"{""Leontyne Price"":1,""Mississippi Institute of Arts and Letters"":null}","{""Leontyne Price"":1,""Mississippi Institute of Arts and Letters"":null}",stable_miss
pooled,5a877e5d5542993e715abf7d,bridge,hard,"What screenwriter with credits for ""Evolution"" co-wrote a film starring Nicolas Cage and Téa Leoni?",David Weissman | The Family Man,2,1,1,"{""David Weissman"":1,""The Family Man"":2}","{""David Weissman"":2,""The Family Man"":1}",stable_hit
pooled,5a877e5d5542993e715abf7d,bridge,hard,"What screenwriter with credits for ""Evolution"" co-wrote a film starring Nicolas Cage and Téa Leoni?",David Weissman | The Family Man,5,1,1,"{""David Weissman"":1,""The Family Man"":2}","{""David Weissman"":2,""The Family Man"":1}",stable_hit
pooled,5a877e5d5542993e715abf7d,bridge,hard,"What screenwriter with credits for ""Evolution"" co-wrote a film starring Nicolas Cage and Téa Leoni?",David Weissman | The Family Man,10,1,1,"{""David Weissman"":1,""The Family Man"":2}","{""David Weissman"":2,""The Family Man"":1}",stable_hit
pooled,5a8799c55542996e4f308877,bridge,hard,"Jens Risom introduced what type of design, characterized by minimalism and functionality?",Jens Risom | Scandinavian design,2,1,1,"{""Jens Risom"":1,""Scandinavian design"":2}","{""Jens Risom"":1,""Scandinavian design"":2}",stable_hit
pooled,5a8799c55542996e4f308877,bridge,hard,"Jens Risom introduced what type of design, characterized by minimalism and functionality?",Jens Risom | Scandinavian design,5,1,1,"{""Jens Risom"":1,""Scandinavian design"":2}","{""Jens Risom"":1,""Scandinavian design"":2}",stable_hit
pooled,5a8799c55542996e4f308877,bridge,hard,"Jens Risom introduced what type of design, characterized by minimalism and functionality?",Jens Risom | Scandinavian design,10,1,1,"{""Jens Risom"":1,""Scandinavian design"":2}","{""Jens Risom"":1,""Scandinavian design"":2}",stable_hit
pooled,5a879adb5542996e4f30887f,bridge,hard,What other political position did the person who introduced the DISCLOSE Act hold?,Chris Van Hollen | DISCLOSE Act,2,0,0,"{""Chris Van Hollen"":null,""DISCLOSE Act"":1}","{""Chris Van Hollen"":null,""DISCLOSE Act"":1}",stable_miss
pooled,5a879adb5542996e4f30887f,bridge,hard,What other political position did the person who introduced the DISCLOSE Act hold?,Chris Van Hollen | DISCLOSE Act,5,0,0,"{""Chris Van Hollen"":null,""DISCLOSE Act"":1}","{""Chris Van Hollen"":null,""DISCLOSE Act"":1}",stable_miss
pooled,5a879adb5542996e4f30887f,bridge,hard,What other political position did the person who introduced the DISCLOSE Act hold?,Chris Van Hollen | DISCLOSE Act,10,0,0,"{""Chris Van Hollen"":null,""DISCLOSE Act"":1}","{""Chris Van Hollen"":null,""DISCLOSE Act"":1}",stable_miss
pooled,5a879ba55542993e715abfc3,comparison,hard,"Which director had the longest career, Alain Resnais or Scott Sidney?",Alain Resnais | Scott Sidney,2,1,1,"{""Alain Resnais"":2,""Scott Sidney"":1}","{""Alain Resnais"":1,""Scott Sidney"":2}",stable_hit
pooled,5a879ba55542993e715abfc3,comparison,hard,"Which director had the longest career, Alain Resnais or Scott Sidney?",Alain Resnais | Scott Sidney,5,1,1,"{""Alain Resnais"":2,""Scott Sidney"":1}","{""Alain Resnais"":1,""Scott Sidney"":2}",stable_hit
pooled,5a879ba55542993e715abfc3,comparison,hard,"Which director had the longest career, Alain Resnais or Scott Sidney?",Alain Resnais | Scott Sidney,10,1,1,"{""Alain Resnais"":2,""Scott Sidney"":1}","{""Alain Resnais"":1,""Scott Sidney"":2}",stable_hit
pooled,5a87ab905542996e4f3088c1,bridge,hard,The arena where the Lewiston Maineiacs played their home games can seat how many people?,Androscoggin Bank Colisée | Lewiston Maineiacs,2,0,0,"{""Androscoggin Bank Colisée"":4,""Lewiston Maineiacs"":1}","{""Androscoggin Bank Colisée"":2,""Lewiston Maineiacs"":3}",stable_miss
pooled,5a87ab905542996e4f3088c1,bridge,hard,The arena where the Lewiston Maineiacs played their home games can seat how many people?,Androscoggin Bank Colisée | Lewiston Maineiacs,5,1,1,"{""Androscoggin Bank Colisée"":4,""Lewiston Maineiacs"":1}","{""Androscoggin Bank Colisée"":2,""Lewiston Maineiacs"":3}",stable_hit
pooled,5a87ab905542996e4f3088c1,bridge,hard,The arena where the Lewiston Maineiacs played their home games can seat how many people?,Androscoggin Bank Colisée | Lewiston Maineiacs,10,1,1,"{""Androscoggin Bank Colisée"":4,""Lewiston Maineiacs"":1}","{""Androscoggin Bank Colisée"":2,""Lewiston Maineiacs"":3}",stable_hit
pooled,5a87ab9b5542996e4f3088c2,bridge,hard,"In what century did this Native warrior and chief, whose brother Tenskwatawa led the Tippecanoe order of battle, become the primary leader of a large, multi tribal confederacy?",Tecumseh | Tippecanoe order of battle,2,0,0,"{""Tecumseh"":4,""Tippecanoe order of battle"":1}","{""Tecumseh"":5,""Tippecanoe order of battle"":3}",stable_miss
pooled,5a87ab9b5542996e4f3088c2,bridge,hard,"In what century did this Native warrior and chief, whose brother Tenskwatawa led the Tippecanoe order of battle, become the primary leader of a large, multi tribal confederacy?",Tecumseh | Tippecanoe order of battle,5,1,1,"{""Tecumseh"":4,""Tippecanoe order of battle"":1}","{""Tecumseh"":5,""Tippecanoe order of battle"":3}",stable_hit
pooled,5a87ab9b5542996e4f3088c2,bridge,hard,"In what century did this Native warrior and chief, whose brother Tenskwatawa led the Tippecanoe order of battle, become the primary leader of a large, multi tribal confederacy?",Tecumseh | Tippecanoe order of battle,10,1,1,"{""Tecumseh"":4,""Tippecanoe order of battle"":1}","{""Tecumseh"":5,""Tippecanoe order of battle"":3}",stable_hit
pooled,5a87bada5542994846c1cddc,bridge,hard,In which city are the headquarters of the American research and scientific development company where Ravi Sethi worked as computer scientist located?,Bell Labs | Ravi Sethi,2,0,1,"{""Bell Labs"":21,""Ravi Sethi"":1}","{""Bell Labs"":2,""Ravi Sethi"":1}",rescue
pooled,5a87bada5542994846c1cddc,bridge,hard,In which city are the headquarters of the American research and scientific development company where Ravi Sethi worked as computer scientist located?,Bell Labs | Ravi Sethi,5,0,1,"{""Bell Labs"":21,""Ravi Sethi"":1}","{""Bell Labs"":2,""Ravi Sethi"":1}",rescue
pooled,5a87bada5542994846c1cddc,bridge,hard,In which city are the headquarters of the American research and scientific development company where Ravi Sethi worked as computer scientist located?,Bell Labs | Ravi Sethi,10,0,1,"{""Bell Labs"":21,""Ravi Sethi"":1}","{""Bell Labs"":2,""Ravi Sethi"":1}",rescue
pooled,5a87c13f5542996e4f30890c,bridge,hard,"In what city did the ""Prince of tenors"" star in a film based on an opera by Giacomo Puccini?",Franco Corelli | Tosca (1956 film),2,0,0,"{""Franco Corelli"":5,""Tosca (1956 film)"":13}","{""Franco Corelli"":1,""Tosca (1956 film)"":3}",stable_miss
pooled,5a87c13f5542996e4f30890c,bridge,hard,"In what city did the ""Prince of tenors"" star in a film based on an opera by Giacomo Puccini?",Franco Corelli | Tosca (1956 film),5,0,1,"{""Franco Corelli"":5,""Tosca (1956 film)"":13}","{""Franco Corelli"":1,""Tosca (1956 film)"":3}",rescue
pooled,5a87c13f5542996e4f30890c,bridge,hard,"In what city did the ""Prince of tenors"" star in a film based on an opera by Giacomo Puccini?",Franco Corelli | Tosca (1956 film),10,0,1,"{""Franco Corelli"":5,""Tosca (1956 film)"":13}","{""Franco Corelli"":1,""Tosca (1956 film)"":3}",rescue
pooled,5a87d8215542994775f60800,bridge,hard,"This American crime film set in South Los Angeles was written and directed by the same director and writer of screenwriter of ""Street Kings"", ""End of Watch"", ""Sabotage"", ""Fury"" and what other film? ",David Ayer | Harsh Times,2,0,0,"{""David Ayer"":4,""Harsh Times"":11}","{""David Ayer"":4,""Harsh Times"":1}",stable_miss
pooled,5a87d8215542994775f60800,bridge,hard,"This American crime film set in South Los Angeles was written and directed by the same director and writer of screenwriter of ""Street Kings"", ""End of Watch"", ""Sabotage"", ""Fury"" and what other film? ",David Ayer | Harsh Times,5,0,1,"{""David Ayer"":4,""Harsh Times"":11}","{""David Ayer"":4,""Harsh Times"":1}",rescue
pooled,5a87d8215542994775f60800,bridge,hard,"This American crime film set in South Los Angeles was written and directed by the same director and writer of screenwriter of ""Street Kings"", ""End of Watch"", ""Sabotage"", ""Fury"" and what other film? ",David Ayer | Harsh Times,10,0,1,"{""David Ayer"":4,""Harsh Times"":11}","{""David Ayer"":4,""Harsh Times"":1}",rescue
pooled,5a88658955429938390d3f47,bridge,hard,Rostker v. Goldberg held that the practice of what way of filling armed forces vacancies was consitutional?,Conscription in the United States | Rostker v. Goldberg,2,0,0,"{""Conscription in the United States"":null,""Rostker v. Goldberg"":1}","{""Conscription in the United States"":null,""Rostker v. Goldberg"":1}",stable_miss
pooled,5a88658955429938390d3f47,bridge,hard,Rostker v. Goldberg held that the practice of what way of filling armed forces vacancies was consitutional?,Conscription in the United States | Rostker v. Goldberg,5,0,0,"{""Conscription in the United States"":null,""Rostker v. Goldberg"":1}","{""Conscription in the United States"":null,""Rostker v. Goldberg"":1}",stable_miss
pooled,5a88658955429938390d3f47,bridge,hard,Rostker v. Goldberg held that the practice of what way of filling armed forces vacancies was consitutional?,Conscription in the United States | Rostker v. Goldberg,10,0,0,"{""Conscription in the United States"":null,""Rostker v. Goldberg"":1}","{""Conscription in the United States"":null,""Rostker v. Goldberg"":1}",stable_miss
pooled,5a886886554299206df2b258,bridge,hard,"What is the international football competition for women that Liu Ailing played in the 1991,1995, 1999 editions?",FIFA Women's World Cup | Liu Ailing,2,0,1,"{""FIFA Women's World Cup"":4,""Liu Ailing"":1}","{""FIFA Women's World Cup"":2,""Liu Ailing"":1}",rescue
pooled,5a886886554299206df2b258,bridge,hard,"What is the international football competition for women that Liu Ailing played in the 1991,1995, 1999 editions?",FIFA Women's World Cup | Liu Ailing,5,1,1,"{""FIFA Women's World Cup"":4,""Liu Ailing"":1}","{""FIFA Women's World Cup"":2,""Liu Ailing"":1}",stable_hit
pooled,5a886886554299206df2b258,bridge,hard,"What is the international football competition for women that Liu Ailing played in the 1991,1995, 1999 editions?",FIFA Women's World Cup | Liu Ailing,10,1,1,"{""FIFA Women's World Cup"":4,""Liu Ailing"":1}","{""FIFA Women's World Cup"":2,""Liu Ailing"":1}",stable_hit
pooled,5a887bc0554299206df2b2b6,bridge,hard,The Argentine PGA Championship record holder has won how many tournaments worldwide?,Argentine PGA Championship | Roberto De Vicenzo,2,1,1,"{""Argentine PGA Championship"":1,""Roberto De Vicenzo"":2}","{""Argentine PGA Championship"":1,""Roberto De Vicenzo"":2}",stable_hit
pooled,5a887bc0554299206df2b2b6,bridge,hard,The Argentine PGA Championship record holder has won how many tournaments worldwide?,Argentine PGA Championship | Roberto De Vicenzo,5,1,1,"{""Argentine PGA Championship"":1,""Roberto De Vicenzo"":2}","{""Argentine PGA Championship"":1,""Roberto De Vicenzo"":2}",stable_hit
pooled,5a887bc0554299206df2b2b6,bridge,hard,The Argentine PGA Championship record holder has won how many tournaments worldwide?,Argentine PGA Championship | Roberto De Vicenzo,10,1,1,"{""Argentine PGA Championship"":1,""Roberto De Vicenzo"":2}","{""Argentine PGA Championship"":1,""Roberto De Vicenzo"":2}",stable_hit
pooled,5a88a4245542997e5c09a668,bridge,hard,What company did Roscoe Channing form with the owner of a leading stable of thoroughbred racehorses?,Cornelius Vanderbilt Whitney | Roscoe Channing,2,1,1,"{""Cornelius Vanderbilt Whitney"":2,""Roscoe Channing"":1}","{""Cornelius Vanderbilt Whitney"":2,""Roscoe Channing"":1}",stable_hit
pooled,5a88a4245542997e5c09a668,bridge,hard,What company did Roscoe Channing form with the owner of a leading stable of thoroughbred racehorses?,Cornelius Vanderbilt Whitney | Roscoe Channing,5,1,1,"{""Cornelius Vanderbilt Whitney"":2,""Roscoe Channing"":1}","{""Cornelius Vanderbilt Whitney"":2,""Roscoe Channing"":1}",stable_hit
pooled,5a88a4245542997e5c09a668,bridge,hard,What company did Roscoe Channing form with the owner of a leading stable of thoroughbred racehorses?,Cornelius Vanderbilt Whitney | Roscoe Channing,10,1,1,"{""Cornelius Vanderbilt Whitney"":2,""Roscoe Channing"":1}","{""Cornelius Vanderbilt Whitney"":2,""Roscoe Channing"":1}",stable_hit
pooled,5a88d745554299206df2b378,comparison,hard,What occupation was shared by David Yates and Pietro Germi?,David Yates | Pietro Germi,2,1,1,"{""David Yates"":2,""Pietro Germi"":1}","{""David Yates"":2,""Pietro Germi"":1}",stable_hit
pooled,5a88d745554299206df2b378,comparison,hard,What occupation was shared by David Yates and Pietro Germi?,David Yates | Pietro Germi,5,1,1,"{""David Yates"":2,""Pietro Germi"":1}","{""David Yates"":2,""Pietro Germi"":1}",stable_hit
pooled,5a88d745554299206df2b378,comparison,hard,What occupation was shared by David Yates and Pietro Germi?,David Yates | Pietro Germi,10,1,1,"{""David Yates"":2,""Pietro Germi"":1}","{""David Yates"":2,""Pietro Germi"":1}",stable_hit
pooled,5a88dcf9554299206df2b383,bridge,hard,"What country does Hatton Hill and Hatton Castle, Angus have in common?","Hatton Castle, Angus | Hatton Hill",2,1,1,"{""Hatton Castle, Angus"":2,""Hatton Hill"":1}","{""Hatton Castle, Angus"":2,""Hatton Hill"":1}",stable_hit
pooled,5a88dcf9554299206df2b383,bridge,hard,"What country does Hatton Hill and Hatton Castle, Angus have in common?","Hatton Castle, Angus | Hatton Hill",5,1,1,"{""Hatton Castle, Angus"":2,""Hatton Hill"":1}","{""Hatton Castle, Angus"":2,""Hatton Hill"":1}",stable_hit
pooled,5a88dcf9554299206df2b383,bridge,hard,"What country does Hatton Hill and Hatton Castle, Angus have in common?","Hatton Castle, Angus | Hatton Hill",10,1,1,"{""Hatton Castle, Angus"":2,""Hatton Hill"":1}","{""Hatton Castle, Angus"":2,""Hatton Hill"":1}",stable_hit
pooled,5a88e605554299206df2b39c,bridge,hard,What is the population of the town at the intersection of Interstate Highways 77 and  the longest Interstate highway within the borders of Virginia?,"Interstate 81 in Virginia | Wytheville, Virginia",2,0,1,"{""Interstate 81 in Virginia"":1,""Wytheville, Virginia"":11}","{""Interstate 81 in Virginia"":2,""Wytheville, Virginia"":1}",rescue
pooled,5a88e605554299206df2b39c,bridge,hard,What is the population of the town at the intersection of Interstate Highways 77 and  the longest Interstate highway within the borders of Virginia?,"Interstate 81 in Virginia | Wytheville, Virginia",5,0,1,"{""Interstate 81 in Virginia"":1,""Wytheville, Virginia"":11}","{""Interstate 81 in Virginia"":2,""Wytheville, Virginia"":1}",rescue
pooled,5a88e605554299206df2b39c,bridge,hard,What is the population of the town at the intersection of Interstate Highways 77 and  the longest Interstate highway within the borders of Virginia?,"Interstate 81 in Virginia | Wytheville, Virginia",10,0,1,"{""Interstate 81 in Virginia"":1,""Wytheville, Virginia"":11}","{""Interstate 81 in Virginia"":2,""Wytheville, Virginia"":1}",rescue
pooled,5a88f9555542995153361214,bridge,hard,The Jeep Cherokee was originally sold as a variant of a Jeep model produced during what years?,Jeep Cherokee | Jeep Wagoneer (SJ),2,0,0,"{""Jeep Cherokee"":1,""Jeep Wagoneer (SJ)"":3}","{""Jeep Cherokee"":3,""Jeep Wagoneer (SJ)"":4}",stable_miss
pooled,5a88f9555542995153361214,bridge,hard,The Jeep Cherokee was originally sold as a variant of a Jeep model produced during what years?,Jeep Cherokee | Jeep Wagoneer (SJ),5,1,1,"{""Jeep Cherokee"":1,""Jeep Wagoneer (SJ)"":3}","{""Jeep Cherokee"":3,""Jeep Wagoneer (SJ)"":4}",stable_hit
pooled,5a88f9555542995153361214,bridge,hard,The Jeep Cherokee was originally sold as a variant of a Jeep model produced during what years?,Jeep Cherokee | Jeep Wagoneer (SJ),10,1,1,"{""Jeep Cherokee"":1,""Jeep Wagoneer (SJ)"":3}","{""Jeep Cherokee"":3,""Jeep Wagoneer (SJ)"":4}",stable_hit
pooled,5a895d305542993b751ca931,bridge,hard,"Which football team does Lewis Young's older brother, Ashley Young, play for?",Ashley Young | Lewis Young,2,1,0,"{""Ashley Young"":2,""Lewis Young"":1}","{""Ashley Young"":3,""Lewis Young"":1}",damage
pooled,5a895d305542993b751ca931,bridge,hard,"Which football team does Lewis Young's older brother, Ashley Young, play for?",Ashley Young | Lewis Young,5,1,1,"{""Ashley Young"":2,""Lewis Young"":1}","{""Ashley Young"":3,""Lewis Young"":1}",stable_hit
pooled,5a895d305542993b751ca931,bridge,hard,"Which football team does Lewis Young's older brother, Ashley Young, play for?",Ashley Young | Lewis Young,10,1,1,"{""Ashley Young"":2,""Lewis Young"":1}","{""Ashley Young"":3,""Lewis Young"":1}",stable_hit
pooled,5a89706055429951533612f9,bridge,hard,Scott Sandelin grew up in a town in what Minnesota county?,"Hibbing, Minnesota | Scott Sandelin",2,0,0,"{""Hibbing, Minnesota"":21,""Scott Sandelin"":1}","{""Hibbing, Minnesota"":8,""Scott Sandelin"":1}",stable_miss
pooled,5a89706055429951533612f9,bridge,hard,Scott Sandelin grew up in a town in what Minnesota county?,"Hibbing, Minnesota | Scott Sandelin",5,0,0,"{""Hibbing, Minnesota"":21,""Scott Sandelin"":1}","{""Hibbing, Minnesota"":8,""Scott Sandelin"":1}",stable_miss
pooled,5a89706055429951533612f9,bridge,hard,Scott Sandelin grew up in a town in what Minnesota county?,"Hibbing, Minnesota | Scott Sandelin",10,0,1,"{""Hibbing, Minnesota"":21,""Scott Sandelin"":1}","{""Hibbing, Minnesota"":8,""Scott Sandelin"":1}",rescue
pooled,5a8979f4554299669944a52e,bridge,hard,What is the middle name of the actress who plays Bobbi Bacha in Suburban Madness?,Bobbi Bacha | Sela Ward,2,0,0,"{""Bobbi Bacha"":1,""Sela Ward"":9}","{""Bobbi Bacha"":1,""Sela Ward"":10}",stable_miss
pooled,5a8979f4554299669944a52e,bridge,hard,What is the middle name of the actress who plays Bobbi Bacha in Suburban Madness?,Bobbi Bacha | Sela Ward,5,0,0,"{""Bobbi Bacha"":1,""Sela Ward"":9}","{""Bobbi Bacha"":1,""Sela Ward"":10}",stable_miss
pooled,5a8979f4554299669944a52e,bridge,hard,What is the middle name of the actress who plays Bobbi Bacha in Suburban Madness?,Bobbi Bacha | Sela Ward,10,1,1,"{""Bobbi Bacha"":1,""Sela Ward"":9}","{""Bobbi Bacha"":1,""Sela Ward"":10}",stable_hit
pooled,5a89f5815542993b751ca9c5,bridge,hard,In which role did Caroline Carver played in a 1999 Hallmark Entertainment made-for-TV fantasy movie?,Caroline Carver (actress) | The Magical Legend of the Leprechauns,2,0,0,"{""Caroline Carver (actress)"":1,""The Magical Legend of the Leprechauns"":null}","{""Caroline Carver (actress)"":1,""The Magical Legend of the Leprechauns"":null}",stable_miss
pooled,5a89f5815542993b751ca9c5,bridge,hard,In which role did Caroline Carver played in a 1999 Hallmark Entertainment made-for-TV fantasy movie?,Caroline Carver (actress) | The Magical Legend of the Leprechauns,5,0,0,"{""Caroline Carver (actress)"":1,""The Magical Legend of the Leprechauns"":null}","{""Caroline Carver (actress)"":1,""The Magical Legend of the Leprechauns"":null}",stable_miss
pooled,5a89f5815542993b751ca9c5,bridge,hard,In which role did Caroline Carver played in a 1999 Hallmark Entertainment made-for-TV fantasy movie?,Caroline Carver (actress) | The Magical Legend of the Leprechauns,10,0,0,"{""Caroline Carver (actress)"":1,""The Magical Legend of the Leprechauns"":null}","{""Caroline Carver (actress)"":1,""The Magical Legend of the Leprechauns"":null}",stable_miss
pooled,5a89fb525542993b751ca9d6,bridge,hard,Which composer created Night Ferry first performed in 2012 at Symphony Center in Chicago?,Night Ferry (composition) | Symphony Center,2,1,0,"{""Night Ferry (composition)"":1,""Symphony Center"":2}","{""Night Ferry (composition)"":1,""Symphony Center"":9}",damage
pooled,5a89fb525542993b751ca9d6,bridge,hard,Which composer created Night Ferry first performed in 2012 at Symphony Center in Chicago?,Night Ferry (composition) | Symphony Center,5,1,0,"{""Night Ferry (composition)"":1,""Symphony Center"":2}","{""Night Ferry (composition)"":1,""Symphony Center"":9}",damage
pooled,5a89fb525542993b751ca9d6,bridge,hard,Which composer created Night Ferry first performed in 2012 at Symphony Center in Chicago?,Night Ferry (composition) | Symphony Center,10,1,1,"{""Night Ferry (composition)"":1,""Symphony Center"":2}","{""Night Ferry (composition)"":1,""Symphony Center"":9}",stable_hit
pooled,5a8a3e745542996c9b8d5e70,bridge,hard,"What is the name for the adventure in ""Tunnels and Trolls"", a game designed by Ken St. Andre?",Arena of Khazan | Tunnels &amp; Trolls,2,0,0,"{""Arena of Khazan"":3,""Tunnels &amp; Trolls"":1}","{""Arena of Khazan"":3,""Tunnels &amp; Trolls"":1}",stable_miss
pooled,5a8a3e745542996c9b8d5e70,bridge,hard,"What is the name for the adventure in ""Tunnels and Trolls"", a game designed by Ken St. Andre?",Arena of Khazan | Tunnels &amp; Trolls,5,1,1,"{""Arena of Khazan"":3,""Tunnels &amp; Trolls"":1}","{""Arena of Khazan"":3,""Tunnels &amp; Trolls"":1}",stable_hit
pooled,5a8a3e745542996c9b8d5e70,bridge,hard,"What is the name for the adventure in ""Tunnels and Trolls"", a game designed by Ken St. Andre?",Arena of Khazan | Tunnels &amp; Trolls,10,1,1,"{""Arena of Khazan"":3,""Tunnels &amp; Trolls"":1}","{""Arena of Khazan"":3,""Tunnels &amp; Trolls"":1}",stable_hit
pooled,5a8a43eb5542996c9b8d5e82,bridge,hard,Which Australian city founded in 1838 contains a boarding school opened by a Prime Minister of Australia and named after a school in London of the same name.,"Marion, South Australia | Westminster School, Adelaide",2,0,0,"{""Marion, South Australia"":19,""Westminster School, Adelaide"":1}","{""Marion, South Australia"":10,""Westminster School, Adelaide"":1}",stable_miss
pooled,5a8a43eb5542996c9b8d5e82,bridge,hard,Which Australian city founded in 1838 contains a boarding school opened by a Prime Minister of Australia and named after a school in London of the same name.,"Marion, South Australia | Westminster School, Adelaide",5,0,0,"{""Marion, South Australia"":19,""Westminster School, Adelaide"":1}","{""Marion, South Australia"":10,""Westminster School, Adelaide"":1}",stable_miss
pooled,5a8a43eb5542996c9b8d5e82,bridge,hard,Which Australian city founded in 1838 contains a boarding school opened by a Prime Minister of Australia and named after a school in London of the same name.,"Marion, South Australia | Westminster School, Adelaide",10,0,1,"{""Marion, South Australia"":19,""Westminster School, Adelaide"":1}","{""Marion, South Australia"":10,""Westminster School, Adelaide"":1}",rescue
pooled,5a8af28555429951533613b5,bridge,hard,1956 Night Series Cup games were played at what inner suburb of Melbourne that is 3km south of Melbourne's central business district?,"1956 Night Series Cup | Albert Park, Victoria",2,0,1,"{""1956 Night Series Cup"":1,""Albert Park, Victoria"":10}","{""1956 Night Series Cup"":1,""Albert Park, Victoria"":2}",rescue
pooled,5a8af28555429951533613b5,bridge,hard,1956 Night Series Cup games were played at what inner suburb of Melbourne that is 3km south of Melbourne's central business district?,"1956 Night Series Cup | Albert Park, Victoria",5,0,1,"{""1956 Night Series Cup"":1,""Albert Park, Victoria"":10}","{""1956 Night Series Cup"":1,""Albert Park, Victoria"":2}",rescue
pooled,5a8af28555429951533613b5,bridge,hard,1956 Night Series Cup games were played at what inner suburb of Melbourne that is 3km south of Melbourne's central business district?,"1956 Night Series Cup | Albert Park, Victoria",10,1,1,"{""1956 Night Series Cup"":1,""Albert Park, Victoria"":10}","{""1956 Night Series Cup"":1,""Albert Park, Victoria"":2}",stable_hit
pooled,5a8b20335542996c9b8d5fb3,bridge,hard,What distinction is held by the former NBA player who was a member of the Charlotte Hornets during their 1992-93 season and was head coach for the WNBA team Charlotte Sting?,1992–93 Charlotte Hornets season | Muggsy Bogues,2,0,0,"{""1992–93 Charlotte Hornets season"":9,""Muggsy Bogues"":4}","{""1992–93 Charlotte Hornets season"":3,""Muggsy Bogues"":2}",stable_miss
pooled,5a8b20335542996c9b8d5fb3,bridge,hard,What distinction is held by the former NBA player who was a member of the Charlotte Hornets during their 1992-93 season and was head coach for the WNBA team Charlotte Sting?,1992–93 Charlotte Hornets season | Muggsy Bogues,5,0,1,"{""1992–93 Charlotte Hornets season"":9,""Muggsy Bogues"":4}","{""1992–93 Charlotte Hornets season"":3,""Muggsy Bogues"":2}",rescue
pooled,5a8b20335542996c9b8d5fb3,bridge,hard,What distinction is held by the former NBA player who was a member of the Charlotte Hornets during their 1992-93 season and was head coach for the WNBA team Charlotte Sting?,1992–93 Charlotte Hornets season | Muggsy Bogues,10,1,1,"{""1992–93 Charlotte Hornets season"":9,""Muggsy Bogues"":4}","{""1992–93 Charlotte Hornets season"":3,""Muggsy Bogues"":2}",stable_hit
pooled,5a8b3af455429971feec467b,bridge,hard,Blinding Edge Pictures produced which 2000 film starring Bruce Willis?,Blinding Edge Pictures | Unbreakable (film),2,1,0,"{""Blinding Edge Pictures"":1,""Unbreakable (film)"":2}","{""Blinding Edge Pictures"":1,""Unbreakable (film)"":3}",damage
pooled,5a8b3af455429971feec467b,bridge,hard,Blinding Edge Pictures produced which 2000 film starring Bruce Willis?,Blinding Edge Pictures | Unbreakable (film),5,1,1,"{""Blinding Edge Pictures"":1,""Unbreakable (film)"":2}","{""Blinding Edge Pictures"":1,""Unbreakable (film)"":3}",stable_hit
pooled,5a8b3af455429971feec467b,bridge,hard,Blinding Edge Pictures produced which 2000 film starring Bruce Willis?,Blinding Edge Pictures | Unbreakable (film),10,1,1,"{""Blinding Edge Pictures"":1,""Unbreakable (film)"":2}","{""Blinding Edge Pictures"":1,""Unbreakable (film)"":3}",stable_hit
pooled,5a8b452655429971feec468e,bridge,hard,Which close friend of an American former basketball player was signed for to play for the Timberwolves?,2000–01 Minnesota Timberwolves season | Kevin Garnett,2,0,1,"{""2000–01 Minnesota Timberwolves season"":1,""Kevin Garnett"":4}","{""2000–01 Minnesota Timberwolves season"":1,""Kevin Garnett"":2}",rescue
pooled,5a8b452655429971feec468e,bridge,hard,Which close friend of an American former basketball player was signed for to play for the Timberwolves?,2000–01 Minnesota Timberwolves season | Kevin Garnett,5,1,1,"{""2000–01 Minnesota Timberwolves season"":1,""Kevin Garnett"":4}","{""2000–01 Minnesota Timberwolves season"":1,""Kevin Garnett"":2}",stable_hit
pooled,5a8b452655429971feec468e,bridge,hard,Which close friend of an American former basketball player was signed for to play for the Timberwolves?,2000–01 Minnesota Timberwolves season | Kevin Garnett,10,1,1,"{""2000–01 Minnesota Timberwolves season"":1,""Kevin Garnett"":4}","{""2000–01 Minnesota Timberwolves season"":1,""Kevin Garnett"":2}",stable_hit
pooled,5a8b57f25542995d1e6f1371,comparison,hard,Were Scott Derrickson and Ed Wood of the same nationality?,Ed Wood | Scott Derrickson,2,0,0,"{""Ed Wood"":2,""Scott Derrickson"":null}","{""Ed Wood"":2,""Scott Derrickson"":null}",stable_miss
pooled,5a8b57f25542995d1e6f1371,comparison,hard,Were Scott Derrickson and Ed Wood of the same nationality?,Ed Wood | Scott Derrickson,5,0,0,"{""Ed Wood"":2,""Scott Derrickson"":null}","{""Ed Wood"":2,""Scott Derrickson"":null}",stable_miss
pooled,5a8b57f25542995d1e6f1371,comparison,hard,Were Scott Derrickson and Ed Wood of the same nationality?,Ed Wood | Scott Derrickson,10,0,0,"{""Ed Wood"":2,""Scott Derrickson"":null}","{""Ed Wood"":2,""Scott Derrickson"":null}",stable_miss
pooled,5a8b63fa55429950cd6afcd7,bridge,hard,What is the nickname of the city where Darling's Waterfront Pavilion is located?,"Bangor, Maine | Darling's Waterfront Pavilion",2,0,0,"{""Bangor, Maine"":null,""Darling's Waterfront Pavilion"":1}","{""Bangor, Maine"":null,""Darling's Waterfront Pavilion"":1}",stable_miss
pooled,5a8b63fa55429950cd6afcd7,bridge,hard,What is the nickname of the city where Darling's Waterfront Pavilion is located?,"Bangor, Maine | Darling's Waterfront Pavilion",5,0,0,"{""Bangor, Maine"":null,""Darling's Waterfront Pavilion"":1}","{""Bangor, Maine"":null,""Darling's Waterfront Pavilion"":1}",stable_miss
pooled,5a8b63fa55429950cd6afcd7,bridge,hard,What is the nickname of the city where Darling's Waterfront Pavilion is located?,"Bangor, Maine | Darling's Waterfront Pavilion",10,0,0,"{""Bangor, Maine"":null,""Darling's Waterfront Pavilion"":1}","{""Bangor, Maine"":null,""Darling's Waterfront Pavilion"":1}",stable_miss
pooled,5a8b770f5542995d1e6f13a7,bridge,hard,"Where is the singer of ""B Boy"" raised?",B Boy (song) | Meek Mill,2,0,0,"{""B Boy (song)"":2,""Meek Mill"":null}","{""B Boy (song)"":1,""Meek Mill"":null}",stable_miss
pooled,5a8b770f5542995d1e6f13a7,bridge,hard,"Where is the singer of ""B Boy"" raised?",B Boy (song) | Meek Mill,5,0,0,"{""B Boy (song)"":2,""Meek Mill"":null}","{""B Boy (song)"":1,""Meek Mill"":null}",stable_miss
pooled,5a8b770f5542995d1e6f13a7,bridge,hard,"Where is the singer of ""B Boy"" raised?",B Boy (song) | Meek Mill,10,0,0,"{""B Boy (song)"":2,""Meek Mill"":null}","{""B Boy (song)"":1,""Meek Mill"":null}",stable_miss
pooled,5a8b78775542997f31a41d3d,bridge,hard,"Chimaja Appawas the younger brother of a general of the Maratha Empire in India, who served as what to the fifth Maratha Chhatrapati Shahu from 1720 until his death?",Baji Rao I | Chimaji Appa,2,1,1,"{""Baji Rao I"":2,""Chimaji Appa"":1}","{""Baji Rao I"":2,""Chimaji Appa"":1}",stable_hit
pooled,5a8b78775542997f31a41d3d,bridge,hard,"Chimaja Appawas the younger brother of a general of the Maratha Empire in India, who served as what to the fifth Maratha Chhatrapati Shahu from 1720 until his death?",Baji Rao I | Chimaji Appa,5,1,1,"{""Baji Rao I"":2,""Chimaji Appa"":1}","{""Baji Rao I"":2,""Chimaji Appa"":1}",stable_hit
pooled,5a8b78775542997f31a41d3d,bridge,hard,"Chimaja Appawas the younger brother of a general of the Maratha Empire in India, who served as what to the fifth Maratha Chhatrapati Shahu from 1720 until his death?",Baji Rao I | Chimaji Appa,10,1,1,"{""Baji Rao I"":2,""Chimaji Appa"":1}","{""Baji Rao I"":2,""Chimaji Appa"":1}",stable_hit
pooled,5a8b8b3155429949d91db5d7,bridge,hard,What type of activity does Owner earnings and Warren Buffett have in common?,Owner earnings | Warren Buffett,2,1,1,"{""Owner earnings"":1,""Warren Buffett"":2}","{""Owner earnings"":1,""Warren Buffett"":2}",stable_hit
pooled,5a8b8b3155429949d91db5d7,bridge,hard,What type of activity does Owner earnings and Warren Buffett have in common?,Owner earnings | Warren Buffett,5,1,1,"{""Owner earnings"":1,""Warren Buffett"":2}","{""Owner earnings"":1,""Warren Buffett"":2}",stable_hit
pooled,5a8b8b3155429949d91db5d7,bridge,hard,What type of activity does Owner earnings and Warren Buffett have in common?,Owner earnings | Warren Buffett,10,1,1,"{""Owner earnings"":1,""Warren Buffett"":2}","{""Owner earnings"":1,""Warren Buffett"":2}",stable_hit
pooled,5a8b987f5542997f31a41d7a,bridge,hard,"What is the name of the detective novelist parent of the author of '""Q"" Is for Quarry'?",&quot;Q&quot; Is for Quarry | Sue Grafton,2,1,1,"{""&quot;Q&quot; Is for Quarry"":1,""Sue Grafton"":2}","{""&quot;Q&quot; Is for Quarry"":1,""Sue Grafton"":2}",stable_hit
pooled,5a8b987f5542997f31a41d7a,bridge,hard,"What is the name of the detective novelist parent of the author of '""Q"" Is for Quarry'?",&quot;Q&quot; Is for Quarry | Sue Grafton,5,1,1,"{""&quot;Q&quot; Is for Quarry"":1,""Sue Grafton"":2}","{""&quot;Q&quot; Is for Quarry"":1,""Sue Grafton"":2}",stable_hit
pooled,5a8b987f5542997f31a41d7a,bridge,hard,"What is the name of the detective novelist parent of the author of '""Q"" Is for Quarry'?",&quot;Q&quot; Is for Quarry | Sue Grafton,10,1,1,"{""&quot;Q&quot; Is for Quarry"":1,""Sue Grafton"":2}","{""&quot;Q&quot; Is for Quarry"":1,""Sue Grafton"":2}",stable_hit
pooled,5a8bb29b554299240d9c2089,bridge,hard,Which American film actor and dancer starred in the 1945 film Johnny Angel?,George Raft | Johnny Angel,2,0,0,"{""George Raft"":5,""Johnny Angel"":1}","{""George Raft"":3,""Johnny Angel"":1}",stable_miss
pooled,5a8bb29b554299240d9c2089,bridge,hard,Which American film actor and dancer starred in the 1945 film Johnny Angel?,George Raft | Johnny Angel,5,1,1,"{""George Raft"":5,""Johnny Angel"":1}","{""George Raft"":3,""Johnny Angel"":1}",stable_hit
pooled,5a8bb29b554299240d9c2089,bridge,hard,Which American film actor and dancer starred in the 1945 film Johnny Angel?,George Raft | Johnny Angel,10,1,1,"{""George Raft"":5,""Johnny Angel"":1}","{""George Raft"":3,""Johnny Angel"":1}",stable_hit
pooled,5a8c4c625542995e66a475a1,bridge,hard,"Which airplane was this Major test-flying after whom the base, that 514th Flight Test Squadron is stated at, is named?",514th Flight Test Squadron | Hill Air Force Base,2,0,0,"{""514th Flight Test Squadron"":1,""Hill Air Force Base"":20}","{""514th Flight Test Squadron"":1,""Hill Air Force Base"":10}",stable_miss
pooled,5a8c4c625542995e66a475a1,bridge,hard,"Which airplane was this Major test-flying after whom the base, that 514th Flight Test Squadron is stated at, is named?",514th Flight Test Squadron | Hill Air Force Base,5,0,0,"{""514th Flight Test Squadron"":1,""Hill Air Force Base"":20}","{""514th Flight Test Squadron"":1,""Hill Air Force Base"":10}",stable_miss
pooled,5a8c4c625542995e66a475a1,bridge,hard,"Which airplane was this Major test-flying after whom the base, that 514th Flight Test Squadron is stated at, is named?",514th Flight Test Squadron | Hill Air Force Base,10,0,1,"{""514th Flight Test Squadron"":1,""Hill Air Force Base"":20}","{""514th Flight Test Squadron"":1,""Hill Air Force Base"":10}",rescue
pooled,5a8c5569554299240d9c2126,comparison,hard,Are Daryl Hall and Gerry Marsden both musicians?,Daryl Hall | Gerry Marsden,2,0,0,"{""Daryl Hall"":3,""Gerry Marsden"":2}","{""Daryl Hall"":2,""Gerry Marsden"":3}",stable_miss
pooled,5a8c5569554299240d9c2126,comparison,hard,Are Daryl Hall and Gerry Marsden both musicians?,Daryl Hall | Gerry Marsden,5,1,1,"{""Daryl Hall"":3,""Gerry Marsden"":2}","{""Daryl Hall"":2,""Gerry Marsden"":3}",stable_hit
pooled,5a8c5569554299240d9c2126,comparison,hard,Are Daryl Hall and Gerry Marsden both musicians?,Daryl Hall | Gerry Marsden,10,1,1,"{""Daryl Hall"":3,""Gerry Marsden"":2}","{""Daryl Hall"":2,""Gerry Marsden"":3}",stable_hit
pooled,5a8c65a1554299585d9e3680,bridge,hard,What is the name of the ethnic group who settled in Canada in the 17th century that participated in a conflict with Irish Catholic immigrants in the Shiners' War?,French Canadians | Shiners' War,2,0,1,"{""French Canadians"":3,""Shiners' War"":1}","{""French Canadians"":2,""Shiners' War"":1}",rescue
pooled,5a8c65a1554299585d9e3680,bridge,hard,What is the name of the ethnic group who settled in Canada in the 17th century that participated in a conflict with Irish Catholic immigrants in the Shiners' War?,French Canadians | Shiners' War,5,1,1,"{""French Canadians"":3,""Shiners' War"":1}","{""French Canadians"":2,""Shiners' War"":1}",stable_hit
pooled,5a8c65a1554299585d9e3680,bridge,hard,What is the name of the ethnic group who settled in Canada in the 17th century that participated in a conflict with Irish Catholic immigrants in the Shiners' War?,French Canadians | Shiners' War,10,1,1,"{""French Canadians"":3,""Shiners' War"":1}","{""French Canadians"":2,""Shiners' War"":1}",stable_hit
pooled,5a8c66db554299585d9e3683,bridge,hard,"What year was the film ""Mom"" released, starring the voice of Shashaa Tirupati?",Mom (film) | Shashaa Tirupati,2,1,1,"{""Mom (film)"":1,""Shashaa Tirupati"":2}","{""Mom (film)"":1,""Shashaa Tirupati"":2}",stable_hit
pooled,5a8c66db554299585d9e3683,bridge,hard,"What year was the film ""Mom"" released, starring the voice of Shashaa Tirupati?",Mom (film) | Shashaa Tirupati,5,1,1,"{""Mom (film)"":1,""Shashaa Tirupati"":2}","{""Mom (film)"":1,""Shashaa Tirupati"":2}",stable_hit
pooled,5a8c66db554299585d9e3683,bridge,hard,"What year was the film ""Mom"" released, starring the voice of Shashaa Tirupati?",Mom (film) | Shashaa Tirupati,10,1,1,"{""Mom (film)"":1,""Shashaa Tirupati"":2}","{""Mom (film)"":1,""Shashaa Tirupati"":2}",stable_hit
pooled,5a8c7595554299585d9e36b6,bridge,hard,What government position was held by the woman who portrayed Corliss Archer in the film Kiss and Tell?,Kiss and Tell (1945 film) | Shirley Temple,2,0,0,"{""Kiss and Tell (1945 film)"":1,""Shirley Temple"":19}","{""Kiss and Tell (1945 film)"":1,""Shirley Temple"":12}",stable_miss
pooled,5a8c7595554299585d9e36b6,bridge,hard,What government position was held by the woman who portrayed Corliss Archer in the film Kiss and Tell?,Kiss and Tell (1945 film) | Shirley Temple,5,0,0,"{""Kiss and Tell (1945 film)"":1,""Shirley Temple"":19}","{""Kiss and Tell (1945 film)"":1,""Shirley Temple"":12}",stable_miss
pooled,5a8c7595554299585d9e36b6,bridge,hard,What government position was held by the woman who portrayed Corliss Archer in the film Kiss and Tell?,Kiss and Tell (1945 film) | Shirley Temple,10,0,0,"{""Kiss and Tell (1945 film)"":1,""Shirley Temple"":19}","{""Kiss and Tell (1945 film)"":1,""Shirley Temple"":12}",stable_miss
pooled,5a8cb288554299585d9e3726,bridge,hard,"The mass killing that took place at Oakland, California on April 2, 2012 was less deadly than the one that took place on October 1, 2015 in which state?",Oikos University shooting | Umpqua Community College shooting,2,1,1,"{""Oikos University shooting"":1,""Umpqua Community College shooting"":2}","{""Oikos University shooting"":1,""Umpqua Community College shooting"":2}",stable_hit
pooled,5a8cb288554299585d9e3726,bridge,hard,"The mass killing that took place at Oakland, California on April 2, 2012 was less deadly than the one that took place on October 1, 2015 in which state?",Oikos University shooting | Umpqua Community College shooting,5,1,1,"{""Oikos University shooting"":1,""Umpqua Community College shooting"":2}","{""Oikos University shooting"":1,""Umpqua Community College shooting"":2}",stable_hit
pooled,5a8cb288554299585d9e3726,bridge,hard,"The mass killing that took place at Oakland, California on April 2, 2012 was less deadly than the one that took place on October 1, 2015 in which state?",Oikos University shooting | Umpqua Community College shooting,10,1,1,"{""Oikos University shooting"":1,""Umpqua Community College shooting"":2}","{""Oikos University shooting"":1,""Umpqua Community College shooting"":2}",stable_hit
pooled,5a8cfee555429941ae14df5c,bridge,hard,How are elephants connected to Gajabrishta?,Elephant | Gajabrishta,2,1,1,"{""Elephant"":2,""Gajabrishta"":1}","{""Elephant"":2,""Gajabrishta"":1}",stable_hit
pooled,5a8cfee555429941ae14df5c,bridge,hard,How are elephants connected to Gajabrishta?,Elephant | Gajabrishta,5,1,1,"{""Elephant"":2,""Gajabrishta"":1}","{""Elephant"":2,""Gajabrishta"":1}",stable_hit
pooled,5a8cfee555429941ae14df5c,bridge,hard,How are elephants connected to Gajabrishta?,Elephant | Gajabrishta,10,1,1,"{""Elephant"":2,""Gajabrishta"":1}","{""Elephant"":2,""Gajabrishta"":1}",stable_hit
pooled,5a8d02cc554299441c6b9fb6,bridge,hard,"John MacGregor, Baron MacGregor of Pulham Market was educated at the University of St Andrews and another university established by what monach?","John MacGregor, Baron MacGregor of Pulham Market | King's College London",2,0,0,"{""John MacGregor, Baron MacGregor of Pulham Market"":1,""King's College London"":null}","{""John MacGregor, Baron MacGregor of Pulham Market"":1,""King's College London"":null}",stable_miss
pooled,5a8d02cc554299441c6b9fb6,bridge,hard,"John MacGregor, Baron MacGregor of Pulham Market was educated at the University of St Andrews and another university established by what monach?","John MacGregor, Baron MacGregor of Pulham Market | King's College London",5,0,0,"{""John MacGregor, Baron MacGregor of Pulham Market"":1,""King's College London"":null}","{""John MacGregor, Baron MacGregor of Pulham Market"":1,""King's College London"":null}",stable_miss
pooled,5a8d02cc554299441c6b9fb6,bridge,hard,"John MacGregor, Baron MacGregor of Pulham Market was educated at the University of St Andrews and another university established by what monach?","John MacGregor, Baron MacGregor of Pulham Market | King's College London",10,0,0,"{""John MacGregor, Baron MacGregor of Pulham Market"":1,""King's College London"":null}","{""John MacGregor, Baron MacGregor of Pulham Market"":1,""King's College London"":null}",stable_miss
pooled,5a8d5fc6554299585d9e37c6,bridge,hard,"What's the name of the fantasy film starring Sarah Bolger, featuring a New England family who discover magical creatures around their estate?",Sarah Bolger | The Spiderwick Chronicles (film),2,0,1,"{""Sarah Bolger"":4,""The Spiderwick Chronicles (film)"":2}","{""Sarah Bolger"":2,""The Spiderwick Chronicles (film)"":1}",rescue
pooled,5a8d5fc6554299585d9e37c6,bridge,hard,"What's the name of the fantasy film starring Sarah Bolger, featuring a New England family who discover magical creatures around their estate?",Sarah Bolger | The Spiderwick Chronicles (film),5,1,1,"{""Sarah Bolger"":4,""The Spiderwick Chronicles (film)"":2}","{""Sarah Bolger"":2,""The Spiderwick Chronicles (film)"":1}",stable_hit
pooled,5a8d5fc6554299585d9e37c6,bridge,hard,"What's the name of the fantasy film starring Sarah Bolger, featuring a New England family who discover magical creatures around their estate?",Sarah Bolger | The Spiderwick Chronicles (film),10,1,1,"{""Sarah Bolger"":4,""The Spiderwick Chronicles (film)"":2}","{""Sarah Bolger"":2,""The Spiderwick Chronicles (film)"":1}",stable_hit
pooled,5a8d7b1755429941ae14dfc6,bridge,hard,What is the 2010 population of the city 2.1 miles southwest of Marietta Air Force Station?,"Marietta Air Force Station | Smyrna, Georgia",2,0,0,"{""Marietta Air Force Station"":1,""Smyrna, Georgia"":null}","{""Marietta Air Force Station"":1,""Smyrna, Georgia"":null}",stable_miss
pooled,5a8d7b1755429941ae14dfc6,bridge,hard,What is the 2010 population of the city 2.1 miles southwest of Marietta Air Force Station?,"Marietta Air Force Station | Smyrna, Georgia",5,0,0,"{""Marietta Air Force Station"":1,""Smyrna, Georgia"":null}","{""Marietta Air Force Station"":1,""Smyrna, Georgia"":null}",stable_miss
pooled,5a8d7b1755429941ae14dfc6,bridge,hard,What is the 2010 population of the city 2.1 miles southwest of Marietta Air Force Station?,"Marietta Air Force Station | Smyrna, Georgia",10,0,0,"{""Marietta Air Force Station"":1,""Smyrna, Georgia"":null}","{""Marietta Air Force Station"":1,""Smyrna, Georgia"":null}",stable_miss
pooled,5a8d93ad554299653c1aa13d,comparison,hard,"Who was also an actor, Serri or John Fogerty?",John Fogerty | Serri (singer),2,0,0,"{""John Fogerty"":8,""Serri (singer)"":12}","{""John Fogerty"":2,""Serri (singer)"":5}",stable_miss
pooled,5a8d93ad554299653c1aa13d,comparison,hard,"Who was also an actor, Serri or John Fogerty?",John Fogerty | Serri (singer),5,0,1,"{""John Fogerty"":8,""Serri (singer)"":12}","{""John Fogerty"":2,""Serri (singer)"":5}",rescue
pooled,5a8d93ad554299653c1aa13d,comparison,hard,"Who was also an actor, Serri or John Fogerty?",John Fogerty | Serri (singer),10,0,1,"{""John Fogerty"":8,""Serri (singer)"":12}","{""John Fogerty"":2,""Serri (singer)"":5}",rescue
pooled,5a8da81e554299068b959d7e,bridge,hard,"Vanessa Bley is what person who organizes and often finances concerts, plays, or operas, performing a role?",Impresario | Vanessa Bley,2,0,1,"{""Impresario"":10,""Vanessa Bley"":1}","{""Impresario"":1,""Vanessa Bley"":2}",rescue
pooled,5a8da81e554299068b959d7e,bridge,hard,"Vanessa Bley is what person who organizes and often finances concerts, plays, or operas, performing a role?",Impresario | Vanessa Bley,5,0,1,"{""Impresario"":10,""Vanessa Bley"":1}","{""Impresario"":1,""Vanessa Bley"":2}",rescue
pooled,5a8da81e554299068b959d7e,bridge,hard,"Vanessa Bley is what person who organizes and often finances concerts, plays, or operas, performing a role?",Impresario | Vanessa Bley,10,1,1,"{""Impresario"":10,""Vanessa Bley"":1}","{""Impresario"":1,""Vanessa Bley"":2}",stable_hit
pooled,5a8db19d5542994ba4e3dd00,comparison,hard,Are Local H and For Against both from the United States?,For Against | Local H,2,0,1,"{""For Against"":20,""Local H"":1}","{""For Against"":1,""Local H"":2}",rescue
pooled,5a8db19d5542994ba4e3dd00,comparison,hard,Are Local H and For Against both from the United States?,For Against | Local H,5,0,1,"{""For Against"":20,""Local H"":1}","{""For Against"":1,""Local H"":2}",rescue
pooled,5a8db19d5542994ba4e3dd00,comparison,hard,Are Local H and For Against both from the United States?,For Against | Local H,10,0,1,"{""For Against"":20,""Local H"":1}","{""For Against"":1,""Local H"":2}",rescue
pooled,5a8dd5f955429917b4a5bcc7,bridge,hard,"Other than racing, what sport does the 1998 champion of the Toyota GRand Prix practice?",1998 Toyota Grand Prix of Long Beach | Alex Zanardi,2,0,0,"{""1998 Toyota Grand Prix of Long Beach"":1,""Alex Zanardi"":30}","{""1998 Toyota Grand Prix of Long Beach"":1,""Alex Zanardi"":37}",stable_miss
pooled,5a8dd5f955429917b4a5bcc7,bridge,hard,"Other than racing, what sport does the 1998 champion of the Toyota GRand Prix practice?",1998 Toyota Grand Prix of Long Beach | Alex Zanardi,5,0,0,"{""1998 Toyota Grand Prix of Long Beach"":1,""Alex Zanardi"":30}","{""1998 Toyota Grand Prix of Long Beach"":1,""Alex Zanardi"":37}",stable_miss
pooled,5a8dd5f955429917b4a5bcc7,bridge,hard,"Other than racing, what sport does the 1998 champion of the Toyota GRand Prix practice?",1998 Toyota Grand Prix of Long Beach | Alex Zanardi,10,0,0,"{""1998 Toyota Grand Prix of Long Beach"":1,""Alex Zanardi"":30}","{""1998 Toyota Grand Prix of Long Beach"":1,""Alex Zanardi"":37}",stable_miss
pooled,5a8e068b5542995085b37384,comparison,hard,Are Ferocactus and Silene both types of plant?,Ferocactus | Silene,2,1,1,"{""Ferocactus"":1,""Silene"":2}","{""Ferocactus"":2,""Silene"":1}",stable_hit
pooled,5a8e068b5542995085b37384,comparison,hard,Are Ferocactus and Silene both types of plant?,Ferocactus | Silene,5,1,1,"{""Ferocactus"":1,""Silene"":2}","{""Ferocactus"":2,""Silene"":1}",stable_hit
pooled,5a8e068b5542995085b37384,comparison,hard,Are Ferocactus and Silene both types of plant?,Ferocactus | Silene,10,1,1,"{""Ferocactus"":1,""Silene"":2}","{""Ferocactus"":2,""Silene"":1}",stable_hit
pooled,5a8e0a005542995085b373a1,bridge,hard,Bordan Tkachuk was the CEO of a company that provides what sort of products?,Bordan Tkachuk | Viglen,2,0,0,"{""Bordan Tkachuk"":1,""Viglen"":null}","{""Bordan Tkachuk"":1,""Viglen"":null}",stable_miss
pooled,5a8e0a005542995085b373a1,bridge,hard,Bordan Tkachuk was the CEO of a company that provides what sort of products?,Bordan Tkachuk | Viglen,5,0,0,"{""Bordan Tkachuk"":1,""Viglen"":null}","{""Bordan Tkachuk"":1,""Viglen"":null}",stable_miss
pooled,5a8e0a005542995085b373a1,bridge,hard,Bordan Tkachuk was the CEO of a company that provides what sort of products?,Bordan Tkachuk | Viglen,10,0,0,"{""Bordan Tkachuk"":1,""Viglen"":null}","{""Bordan Tkachuk"":1,""Viglen"":null}",stable_miss
pooled,5a8e1027554299653c1aa15f,bridge,hard,Which year and which conference was the 14th season for this conference as part of the NCAA Division that the Colorado Buffaloes played in with a record of 2-6 in conference play?,2009 Big 12 Conference football season | 2009 Colorado Buffaloes football team,2,0,0,"{""2009 Big 12 Conference football season"":15,""2009 Colorado Buffaloes football team"":5}","{""2009 Big 12 Conference football season"":10,""2009 Colorado Buffaloes football team"":9}",stable_miss
pooled,5a8e1027554299653c1aa15f,bridge,hard,Which year and which conference was the 14th season for this conference as part of the NCAA Division that the Colorado Buffaloes played in with a record of 2-6 in conference play?,2009 Big 12 Conference football season | 2009 Colorado Buffaloes football team,5,0,0,"{""2009 Big 12 Conference football season"":15,""2009 Colorado Buffaloes football team"":5}","{""2009 Big 12 Conference football season"":10,""2009 Colorado Buffaloes football team"":9}",stable_miss
pooled,5a8e1027554299653c1aa15f,bridge,hard,Which year and which conference was the 14th season for this conference as part of the NCAA Division that the Colorado Buffaloes played in with a record of 2-6 in conference play?,2009 Big 12 Conference football season | 2009 Colorado Buffaloes football team,10,0,1,"{""2009 Big 12 Conference football season"":15,""2009 Colorado Buffaloes football team"":5}","{""2009 Big 12 Conference football season"":10,""2009 Colorado Buffaloes football team"":9}",rescue
pooled,5a8e3dc05542995085b37401,comparison,hard,"Which case was decided first, Selle v. Gibb or Reynolds v. Sims?",Reynolds v. Sims | Selle v. Gibb,2,1,1,"{""Reynolds v. Sims"":1,""Selle v. Gibb"":2}","{""Reynolds v. Sims"":1,""Selle v. Gibb"":2}",stable_hit
pooled,5a8e3dc05542995085b37401,comparison,hard,"Which case was decided first, Selle v. Gibb or Reynolds v. Sims?",Reynolds v. Sims | Selle v. Gibb,5,1,1,"{""Reynolds v. Sims"":1,""Selle v. Gibb"":2}","{""Reynolds v. Sims"":1,""Selle v. Gibb"":2}",stable_hit
pooled,5a8e3dc05542995085b37401,comparison,hard,"Which case was decided first, Selle v. Gibb or Reynolds v. Sims?",Reynolds v. Sims | Selle v. Gibb,10,1,1,"{""Reynolds v. Sims"":1,""Selle v. Gibb"":2}","{""Reynolds v. Sims"":1,""Selle v. Gibb"":2}",stable_hit
pooled,5a8e3ea95542995a26add48d,bridge,hard,"The director of the romantic comedy ""Big Stone Gap"" is based in what New York city?",Adriana Trigiani | Big Stone Gap (film),2,0,0,"{""Adriana Trigiani"":null,""Big Stone Gap (film)"":1}","{""Adriana Trigiani"":null,""Big Stone Gap (film)"":1}",stable_miss
pooled,5a8e3ea95542995a26add48d,bridge,hard,"The director of the romantic comedy ""Big Stone Gap"" is based in what New York city?",Adriana Trigiani | Big Stone Gap (film),5,0,0,"{""Adriana Trigiani"":null,""Big Stone Gap (film)"":1}","{""Adriana Trigiani"":null,""Big Stone Gap (film)"":1}",stable_miss
pooled,5a8e3ea95542995a26add48d,bridge,hard,"The director of the romantic comedy ""Big Stone Gap"" is based in what New York city?",Adriana Trigiani | Big Stone Gap (film),10,0,0,"{""Adriana Trigiani"":null,""Big Stone Gap (film)"":1}","{""Adriana Trigiani"":null,""Big Stone Gap (film)"":1}",stable_miss
pooled,5a8eb4d65542990e94052b82,bridge,hard,"Jacques Mathou starred in Delicatessen, the 1991 French movie in the style of which celebrated American animator?",Delicatessen (film) | Jacques Mathou,2,1,1,"{""Delicatessen (film)"":2,""Jacques Mathou"":1}","{""Delicatessen (film)"":2,""Jacques Mathou"":1}",stable_hit
pooled,5a8eb4d65542990e94052b82,bridge,hard,"Jacques Mathou starred in Delicatessen, the 1991 French movie in the style of which celebrated American animator?",Delicatessen (film) | Jacques Mathou,5,1,1,"{""Delicatessen (film)"":2,""Jacques Mathou"":1}","{""Delicatessen (film)"":2,""Jacques Mathou"":1}",stable_hit
pooled,5a8eb4d65542990e94052b82,bridge,hard,"Jacques Mathou starred in Delicatessen, the 1991 French movie in the style of which celebrated American animator?",Delicatessen (film) | Jacques Mathou,10,1,1,"{""Delicatessen (film)"":2,""Jacques Mathou"":1}","{""Delicatessen (film)"":2,""Jacques Mathou"":1}",stable_hit
pooled,5a8ee4315542990e94052ba7,bridge,hard,What officially ended the first phase of the military conflict between the British Raj and the Emirate of Afghanistan from 1878 to 1880?,Second Anglo-Afghan War | Treaty of Gandamak,2,0,1,"{""Second Anglo-Afghan War"":1,""Treaty of Gandamak"":3}","{""Second Anglo-Afghan War"":1,""Treaty of Gandamak"":2}",rescue
pooled,5a8ee4315542990e94052ba7,bridge,hard,What officially ended the first phase of the military conflict between the British Raj and the Emirate of Afghanistan from 1878 to 1880?,Second Anglo-Afghan War | Treaty of Gandamak,5,1,1,"{""Second Anglo-Afghan War"":1,""Treaty of Gandamak"":3}","{""Second Anglo-Afghan War"":1,""Treaty of Gandamak"":2}",stable_hit
pooled,5a8ee4315542990e94052ba7,bridge,hard,What officially ended the first phase of the military conflict between the British Raj and the Emirate of Afghanistan from 1878 to 1880?,Second Anglo-Afghan War | Treaty of Gandamak,10,1,1,"{""Second Anglo-Afghan War"":1,""Treaty of Gandamak"":3}","{""Second Anglo-Afghan War"":1,""Treaty of Gandamak"":2}",stable_hit
pooled,5a8ee6915542990e94052bad,bridge,hard,"What season was the character introduced that becomes the main antagonist in the  following season, from the animated television series created by Bryan Konietzko and Michael Dante DiMartino as a sequel to """", which aired from 2005 to 2008? ",Kuvira | The Legend of Korra,2,0,0,"{""Kuvira"":4,""The Legend of Korra"":10}","{""Kuvira"":1,""The Legend of Korra"":9}",stable_miss
pooled,5a8ee6915542990e94052bad,bridge,hard,"What season was the character introduced that becomes the main antagonist in the  following season, from the animated television series created by Bryan Konietzko and Michael Dante DiMartino as a sequel to """", which aired from 2005 to 2008? ",Kuvira | The Legend of Korra,5,0,0,"{""Kuvira"":4,""The Legend of Korra"":10}","{""Kuvira"":1,""The Legend of Korra"":9}",stable_miss
pooled,5a8ee6915542990e94052bad,bridge,hard,"What season was the character introduced that becomes the main antagonist in the  following season, from the animated television series created by Bryan Konietzko and Michael Dante DiMartino as a sequel to """", which aired from 2005 to 2008? ",Kuvira | The Legend of Korra,10,1,1,"{""Kuvira"":4,""The Legend of Korra"":10}","{""Kuvira"":1,""The Legend of Korra"":9}",stable_hit
pooled,5a8eea4a5542990e94052bb7,bridge,hard,When was the Western Germanic language spoken from which the small settlement situated on the river Leda opposite Leer derives its name?,Leda (river) | Old Frisian,2,0,0,"{""Leda (river)"":2,""Old Frisian"":5}","{""Leda (river)"":1,""Old Frisian"":3}",stable_miss
pooled,5a8eea4a5542990e94052bb7,bridge,hard,When was the Western Germanic language spoken from which the small settlement situated on the river Leda opposite Leer derives its name?,Leda (river) | Old Frisian,5,1,1,"{""Leda (river)"":2,""Old Frisian"":5}","{""Leda (river)"":1,""Old Frisian"":3}",stable_hit
pooled,5a8eea4a5542990e94052bb7,bridge,hard,When was the Western Germanic language spoken from which the small settlement situated on the river Leda opposite Leer derives its name?,Leda (river) | Old Frisian,10,1,1,"{""Leda (river)"":2,""Old Frisian"":5}","{""Leda (river)"":1,""Old Frisian"":3}",stable_hit
pooled,5a8ef2a75542995a26add583,bridge,hard,Seven Brief Lessons on Physics was written by an Italian physicist that has worked in France since what year?,Carlo Rovelli | Seven Brief Lessons on Physics,2,0,1,"{""Carlo Rovelli"":3,""Seven Brief Lessons on Physics"":1}","{""Carlo Rovelli"":2,""Seven Brief Lessons on Physics"":1}",rescue
pooled,5a8ef2a75542995a26add583,bridge,hard,Seven Brief Lessons on Physics was written by an Italian physicist that has worked in France since what year?,Carlo Rovelli | Seven Brief Lessons on Physics,5,1,1,"{""Carlo Rovelli"":3,""Seven Brief Lessons on Physics"":1}","{""Carlo Rovelli"":2,""Seven Brief Lessons on Physics"":1}",stable_hit
pooled,5a8ef2a75542995a26add583,bridge,hard,Seven Brief Lessons on Physics was written by an Italian physicist that has worked in France since what year?,Carlo Rovelli | Seven Brief Lessons on Physics,10,1,1,"{""Carlo Rovelli"":3,""Seven Brief Lessons on Physics"":1}","{""Carlo Rovelli"":2,""Seven Brief Lessons on Physics"":1}",stable_hit
pooled,5a8f05b1554299458435d517,bridge,hard,William Pery served as Captain of the Yeomen of the Guard under the lord who served in what position from 1865 to 1868?,"Robert Gascoyne-Cecil, 3rd Marquess of Salisbury | William Pery, 3rd Earl of Limerick",2,0,0,"{""Robert Gascoyne-Cecil, 3rd Marquess of Salisbury"":12,""William Pery, 3rd Earl of Limerick"":1}","{""Robert Gascoyne-Cecil, 3rd Marquess of Salisbury"":7,""William Pery, 3rd Earl of Limerick"":1}",stable_miss
pooled,5a8f05b1554299458435d517,bridge,hard,William Pery served as Captain of the Yeomen of the Guard under the lord who served in what position from 1865 to 1868?,"Robert Gascoyne-Cecil, 3rd Marquess of Salisbury | William Pery, 3rd Earl of Limerick",5,0,0,"{""Robert Gascoyne-Cecil, 3rd Marquess of Salisbury"":12,""William Pery, 3rd Earl of Limerick"":1}","{""Robert Gascoyne-Cecil, 3rd Marquess of Salisbury"":7,""William Pery, 3rd Earl of Limerick"":1}",stable_miss
pooled,5a8f05b1554299458435d517,bridge,hard,William Pery served as Captain of the Yeomen of the Guard under the lord who served in what position from 1865 to 1868?,"Robert Gascoyne-Cecil, 3rd Marquess of Salisbury | William Pery, 3rd Earl of Limerick",10,0,1,"{""Robert Gascoyne-Cecil, 3rd Marquess of Salisbury"":12,""William Pery, 3rd Earl of Limerick"":1}","{""Robert Gascoyne-Cecil, 3rd Marquess of Salisbury"":7,""William Pery, 3rd Earl of Limerick"":1}",rescue
pooled,5a8f45ca5542997ba9cb320e,comparison,hard,"What type of film are both ""500 Years Later"" and ""Manson""?",500 Years Later | Manson (film),2,1,1,"{""500 Years Later"":2,""Manson (film)"":1}","{""500 Years Later"":1,""Manson (film)"":2}",stable_hit
pooled,5a8f45ca5542997ba9cb320e,comparison,hard,"What type of film are both ""500 Years Later"" and ""Manson""?",500 Years Later | Manson (film),5,1,1,"{""500 Years Later"":2,""Manson (film)"":1}","{""500 Years Later"":1,""Manson (film)"":2}",stable_hit
pooled,5a8f45ca5542997ba9cb320e,comparison,hard,"What type of film are both ""500 Years Later"" and ""Manson""?",500 Years Later | Manson (film),10,1,1,"{""500 Years Later"":2,""Manson (film)"":1}","{""500 Years Later"":1,""Manson (film)"":2}",stable_hit
pooled,5a8f4c8d554299458435d5a3,bridge,hard,Scott Parkin has been a vocal critic of Exxonmobil and another corporation that has operations in how many countries ?,Halliburton | Scott Parkin,2,1,1,"{""Halliburton"":2,""Scott Parkin"":1}","{""Halliburton"":2,""Scott Parkin"":1}",stable_hit
pooled,5a8f4c8d554299458435d5a3,bridge,hard,Scott Parkin has been a vocal critic of Exxonmobil and another corporation that has operations in how many countries ?,Halliburton | Scott Parkin,5,1,1,"{""Halliburton"":2,""Scott Parkin"":1}","{""Halliburton"":2,""Scott Parkin"":1}",stable_hit
pooled,5a8f4c8d554299458435d5a3,bridge,hard,Scott Parkin has been a vocal critic of Exxonmobil and another corporation that has operations in how many countries ?,Halliburton | Scott Parkin,10,1,1,"{""Halliburton"":2,""Scott Parkin"":1}","{""Halliburton"":2,""Scott Parkin"":1}",stable_hit
pooled,5a8f69b55542997ba9cb324f,bridge,hard,"What national historic district is located near a village in the town of Philipstown, New York?","Cold Spring, New York | Valhalla Highlands Historic District",2,1,0,"{""Cold Spring, New York"":1,""Valhalla Highlands Historic District"":2}","{""Cold Spring, New York"":1,""Valhalla Highlands Historic District"":6}",damage
pooled,5a8f69b55542997ba9cb324f,bridge,hard,"What national historic district is located near a village in the town of Philipstown, New York?","Cold Spring, New York | Valhalla Highlands Historic District",5,1,0,"{""Cold Spring, New York"":1,""Valhalla Highlands Historic District"":2}","{""Cold Spring, New York"":1,""Valhalla Highlands Historic District"":6}",damage
pooled,5a8f69b55542997ba9cb324f,bridge,hard,"What national historic district is located near a village in the town of Philipstown, New York?","Cold Spring, New York | Valhalla Highlands Historic District",10,1,1,"{""Cold Spring, New York"":1,""Valhalla Highlands Historic District"":2}","{""Cold Spring, New York"":1,""Valhalla Highlands Historic District"":6}",stable_hit
pooled,5a8f9b8c5542997ba9cb32e6,comparison,hard,"Which band is from England, Fireflight or Dirty Pretty Things?",Dirty Pretty Things (band) | Fireflight,2,0,0,"{""Dirty Pretty Things (band)"":1,""Fireflight"":3}","{""Dirty Pretty Things (band)"":1,""Fireflight"":3}",stable_miss
pooled,5a8f9b8c5542997ba9cb32e6,comparison,hard,"Which band is from England, Fireflight or Dirty Pretty Things?",Dirty Pretty Things (band) | Fireflight,5,1,1,"{""Dirty Pretty Things (band)"":1,""Fireflight"":3}","{""Dirty Pretty Things (band)"":1,""Fireflight"":3}",stable_hit
pooled,5a8f9b8c5542997ba9cb32e6,comparison,hard,"Which band is from England, Fireflight or Dirty Pretty Things?",Dirty Pretty Things (band) | Fireflight,10,1,1,"{""Dirty Pretty Things (band)"":1,""Fireflight"":3}","{""Dirty Pretty Things (band)"":1,""Fireflight"":3}",stable_hit
pooled,5a90580655429933b8a204ef,bridge,hard,What record did the Super Bowl XXXIV champions finish the regular-season with in 1999?,1999 St. Louis Rams season | 2000 Tennessee Titans season,2,0,0,"{""1999 St. Louis Rams season"":3,""2000 Tennessee Titans season"":5}","{""1999 St. Louis Rams season"":3,""2000 Tennessee Titans season"":6}",stable_miss
pooled,5a90580655429933b8a204ef,bridge,hard,What record did the Super Bowl XXXIV champions finish the regular-season with in 1999?,1999 St. Louis Rams season | 2000 Tennessee Titans season,5,1,0,"{""1999 St. Louis Rams season"":3,""2000 Tennessee Titans season"":5}","{""1999 St. Louis Rams season"":3,""2000 Tennessee Titans season"":6}",damage
pooled,5a90580655429933b8a204ef,bridge,hard,What record did the Super Bowl XXXIV champions finish the regular-season with in 1999?,1999 St. Louis Rams season | 2000 Tennessee Titans season,10,1,1,"{""1999 St. Louis Rams season"":3,""2000 Tennessee Titans season"":5}","{""1999 St. Louis Rams season"":3,""2000 Tennessee Titans season"":6}",stable_hit
pooled,5a90605d5542995651fb514d,bridge,hard,What are the names of the members of the Detroit-based hip hop duo who has worked with Jason Gilbert?,Bad Meets Evil | Jason Gilbert,2,0,0,"{""Bad Meets Evil"":null,""Jason Gilbert"":1}","{""Bad Meets Evil"":null,""Jason Gilbert"":1}",stable_miss
pooled,5a90605d5542995651fb514d,bridge,hard,What are the names of the members of the Detroit-based hip hop duo who has worked with Jason Gilbert?,Bad Meets Evil | Jason Gilbert,5,0,0,"{""Bad Meets Evil"":null,""Jason Gilbert"":1}","{""Bad Meets Evil"":null,""Jason Gilbert"":1}",stable_miss
pooled,5a90605d5542995651fb514d,bridge,hard,What are the names of the members of the Detroit-based hip hop duo who has worked with Jason Gilbert?,Bad Meets Evil | Jason Gilbert,10,0,0,"{""Bad Meets Evil"":null,""Jason Gilbert"":1}","{""Bad Meets Evil"":null,""Jason Gilbert"":1}",stable_miss
pooled,5a9068a95542990a98493621,bridge,hard,"on 16 January 1995 ""First Knight"" was being filmed at a studio located how far from Windsor ?",Filming of James Bond in the 1990s | Pinewood Studios,2,1,1,"{""Filming of James Bond in the 1990s"":1,""Pinewood Studios"":2}","{""Filming of James Bond in the 1990s"":1,""Pinewood Studios"":2}",stable_hit
pooled,5a9068a95542990a98493621,bridge,hard,"on 16 January 1995 ""First Knight"" was being filmed at a studio located how far from Windsor ?",Filming of James Bond in the 1990s | Pinewood Studios,5,1,1,"{""Filming of James Bond in the 1990s"":1,""Pinewood Studios"":2}","{""Filming of James Bond in the 1990s"":1,""Pinewood Studios"":2}",stable_hit
pooled,5a9068a95542990a98493621,bridge,hard,"on 16 January 1995 ""First Knight"" was being filmed at a studio located how far from Windsor ?",Filming of James Bond in the 1990s | Pinewood Studios,10,1,1,"{""Filming of James Bond in the 1990s"":1,""Pinewood Studios"":2}","{""Filming of James Bond in the 1990s"":1,""Pinewood Studios"":2}",stable_hit
pooled,5a90692f5542990a98493625,bridge,hard,In what 1997 American mystery crime film did Johnny Galecki start in?,Johnny Galecki | Suicide Kings,2,0,1,"{""Johnny Galecki"":15,""Suicide Kings"":2}","{""Johnny Galecki"":2,""Suicide Kings"":1}",rescue
pooled,5a90692f5542990a98493625,bridge,hard,In what 1997 American mystery crime film did Johnny Galecki start in?,Johnny Galecki | Suicide Kings,5,0,1,"{""Johnny Galecki"":15,""Suicide Kings"":2}","{""Johnny Galecki"":2,""Suicide Kings"":1}",rescue
pooled,5a90692f5542990a98493625,bridge,hard,In what 1997 American mystery crime film did Johnny Galecki start in?,Johnny Galecki | Suicide Kings,10,0,1,"{""Johnny Galecki"":15,""Suicide Kings"":2}","{""Johnny Galecki"":2,""Suicide Kings"":1}",rescue
pooled,5a906a685542990a9849362e,bridge,hard,Where was the world cup hosted that Algeria qualified for the first time into the round of 16?,2014 FIFA World Cup | Algeria at the FIFA World Cup,2,0,0,"{""2014 FIFA World Cup"":5,""Algeria at the FIFA World Cup"":1}","{""2014 FIFA World Cup"":4,""Algeria at the FIFA World Cup"":1}",stable_miss
pooled,5a906a685542990a9849362e,bridge,hard,Where was the world cup hosted that Algeria qualified for the first time into the round of 16?,2014 FIFA World Cup | Algeria at the FIFA World Cup,5,1,1,"{""2014 FIFA World Cup"":5,""Algeria at the FIFA World Cup"":1}","{""2014 FIFA World Cup"":4,""Algeria at the FIFA World Cup"":1}",stable_hit
pooled,5a906a685542990a9849362e,bridge,hard,Where was the world cup hosted that Algeria qualified for the first time into the round of 16?,2014 FIFA World Cup | Algeria at the FIFA World Cup,10,1,1,"{""2014 FIFA World Cup"":5,""Algeria at the FIFA World Cup"":1}","{""2014 FIFA World Cup"":4,""Algeria at the FIFA World Cup"":1}",stable_hit
pooled,5a90843c5542995651fb517e,bridge,hard,Francisco Jose Hernandez was a participant in an invasion that took place in what year?,Bay of Pigs Invasion | Francisco Jose Hernandez,2,0,0,"{""Bay of Pigs Invasion"":3,""Francisco Jose Hernandez"":1}","{""Bay of Pigs Invasion"":3,""Francisco Jose Hernandez"":1}",stable_miss
pooled,5a90843c5542995651fb517e,bridge,hard,Francisco Jose Hernandez was a participant in an invasion that took place in what year?,Bay of Pigs Invasion | Francisco Jose Hernandez,5,1,1,"{""Bay of Pigs Invasion"":3,""Francisco Jose Hernandez"":1}","{""Bay of Pigs Invasion"":3,""Francisco Jose Hernandez"":1}",stable_hit
pooled,5a90843c5542995651fb517e,bridge,hard,Francisco Jose Hernandez was a participant in an invasion that took place in what year?,Bay of Pigs Invasion | Francisco Jose Hernandez,10,1,1,"{""Bay of Pigs Invasion"":3,""Francisco Jose Hernandez"":1}","{""Bay of Pigs Invasion"":3,""Francisco Jose Hernandez"":1}",stable_hit
pooled,5a90b43455429916514e7523,bridge,hard,What town host an annual media finance conference that has featured an Australian-born American media mogul?,Allen &amp; Company Sun Valley Conference | Rupert Murdoch,2,0,1,"{""Allen &amp; Company Sun Valley Conference"":5,""Rupert Murdoch"":1}","{""Allen &amp; Company Sun Valley Conference"":1,""Rupert Murdoch"":2}",rescue
pooled,5a90b43455429916514e7523,bridge,hard,What town host an annual media finance conference that has featured an Australian-born American media mogul?,Allen &amp; Company Sun Valley Conference | Rupert Murdoch,5,1,1,"{""Allen &amp; Company Sun Valley Conference"":5,""Rupert Murdoch"":1}","{""Allen &amp; Company Sun Valley Conference"":1,""Rupert Murdoch"":2}",stable_hit
pooled,5a90b43455429916514e7523,bridge,hard,What town host an annual media finance conference that has featured an Australian-born American media mogul?,Allen &amp; Company Sun Valley Conference | Rupert Murdoch,10,1,1,"{""Allen &amp; Company Sun Valley Conference"":5,""Rupert Murdoch"":1}","{""Allen &amp; Company Sun Valley Conference"":1,""Rupert Murdoch"":2}",stable_hit
pooled,5ab1d7ac554299449642c7e6,comparison,hard,"Which genus has more species, Xanthoceras or Ehretia?",Ehretia | Xanthoceras,2,1,1,"{""Ehretia"":2,""Xanthoceras"":1}","{""Ehretia"":1,""Xanthoceras"":2}",stable_hit
pooled,5ab1d7ac554299449642c7e6,comparison,hard,"Which genus has more species, Xanthoceras or Ehretia?",Ehretia | Xanthoceras,5,1,1,"{""Ehretia"":2,""Xanthoceras"":1}","{""Ehretia"":1,""Xanthoceras"":2}",stable_hit
pooled,5ab1d7ac554299449642c7e6,comparison,hard,"Which genus has more species, Xanthoceras or Ehretia?",Ehretia | Xanthoceras,10,1,1,"{""Ehretia"":2,""Xanthoceras"":1}","{""Ehretia"":1,""Xanthoceras"":2}",stable_hit
pooled,5ab1e984554299340b525428,comparison,hard,which is larger Asante Traditional Buildings or Gulangyu?,Asante Traditional Buildings | Gulangyu,2,0,1,"{""Asante Traditional Buildings"":1,""Gulangyu"":4}","{""Asante Traditional Buildings"":1,""Gulangyu"":2}",rescue
pooled,5ab1e984554299340b525428,comparison,hard,which is larger Asante Traditional Buildings or Gulangyu?,Asante Traditional Buildings | Gulangyu,5,1,1,"{""Asante Traditional Buildings"":1,""Gulangyu"":4}","{""Asante Traditional Buildings"":1,""Gulangyu"":2}",stable_hit
pooled,5ab1e984554299340b525428,comparison,hard,which is larger Asante Traditional Buildings or Gulangyu?,Asante Traditional Buildings | Gulangyu,10,1,1,"{""Asante Traditional Buildings"":1,""Gulangyu"":4}","{""Asante Traditional Buildings"":1,""Gulangyu"":2}",stable_hit
pooled,5ab1eac95542993be8fa987f,bridge,hard,How many Senate seats will be contested during the midterm elections that Nancy Soderberg has filed to run for Congress in?,"Nancy Soderberg | United States elections, 2018",2,0,1,"{""Nancy Soderberg"":29,""United States elections, 2018"":2}","{""Nancy Soderberg"":2,""United States elections, 2018"":1}",rescue
pooled,5ab1eac95542993be8fa987f,bridge,hard,How many Senate seats will be contested during the midterm elections that Nancy Soderberg has filed to run for Congress in?,"Nancy Soderberg | United States elections, 2018",5,0,1,"{""Nancy Soderberg"":29,""United States elections, 2018"":2}","{""Nancy Soderberg"":2,""United States elections, 2018"":1}",rescue
pooled,5ab1eac95542993be8fa987f,bridge,hard,How many Senate seats will be contested during the midterm elections that Nancy Soderberg has filed to run for Congress in?,"Nancy Soderberg | United States elections, 2018",10,0,1,"{""Nancy Soderberg"":29,""United States elections, 2018"":2}","{""Nancy Soderberg"":2,""United States elections, 2018"":1}",rescue
pooled,5ab25004554299722f9b4cd7,comparison,hard,Were both the Battle of Stones River and the Battle of the Ch'ongch'on River fought in the 19th century?,Battle of Stones River | Battle of the Ch'ongch'on River,2,1,1,"{""Battle of Stones River"":1,""Battle of the Ch'ongch'on River"":2}","{""Battle of Stones River"":1,""Battle of the Ch'ongch'on River"":2}",stable_hit
pooled,5ab25004554299722f9b4cd7,comparison,hard,Were both the Battle of Stones River and the Battle of the Ch'ongch'on River fought in the 19th century?,Battle of Stones River | Battle of the Ch'ongch'on River,5,1,1,"{""Battle of Stones River"":1,""Battle of the Ch'ongch'on River"":2}","{""Battle of Stones River"":1,""Battle of the Ch'ongch'on River"":2}",stable_hit
pooled,5ab25004554299722f9b4cd7,comparison,hard,Were both the Battle of Stones River and the Battle of the Ch'ongch'on River fought in the 19th century?,Battle of Stones River | Battle of the Ch'ongch'on River,10,1,1,"{""Battle of Stones River"":1,""Battle of the Ch'ongch'on River"":2}","{""Battle of Stones River"":1,""Battle of the Ch'ongch'on River"":2}",stable_hit
pooled,5ab2659e554299340b5254b2,bridge,hard,"From March 631 to April 631, Farrukhzad Khosrau V was the king of an empire that succeeded which empire?",Farrukhzad Khosrow V | Sasanian Empire,2,0,0,"{""Farrukhzad Khosrow V"":1,""Sasanian Empire"":16}","{""Farrukhzad Khosrow V"":1,""Sasanian Empire"":8}",stable_miss
pooled,5ab2659e554299340b5254b2,bridge,hard,"From March 631 to April 631, Farrukhzad Khosrau V was the king of an empire that succeeded which empire?",Farrukhzad Khosrow V | Sasanian Empire,5,0,0,"{""Farrukhzad Khosrow V"":1,""Sasanian Empire"":16}","{""Farrukhzad Khosrow V"":1,""Sasanian Empire"":8}",stable_miss
pooled,5ab2659e554299340b5254b2,bridge,hard,"From March 631 to April 631, Farrukhzad Khosrau V was the king of an empire that succeeded which empire?",Farrukhzad Khosrow V | Sasanian Empire,10,0,1,"{""Farrukhzad Khosrow V"":1,""Sasanian Empire"":16}","{""Farrukhzad Khosrow V"":1,""Sasanian Empire"":8}",rescue
pooled,5ab271fe554299449642c8a6,comparison,hard,Do The Importance of Being Icelandic and The Five Obstructions belong to different film genres ?,The Five Obstructions | The Importance of Being Icelandic,2,0,1,"{""The Five Obstructions"":3,""The Importance of Being Icelandic"":1}","{""The Five Obstructions"":2,""The Importance of Being Icelandic"":1}",rescue
pooled,5ab271fe554299449642c8a6,comparison,hard,Do The Importance of Being Icelandic and The Five Obstructions belong to different film genres ?,The Five Obstructions | The Importance of Being Icelandic,5,1,1,"{""The Five Obstructions"":3,""The Importance of Being Icelandic"":1}","{""The Five Obstructions"":2,""The Importance of Being Icelandic"":1}",stable_hit
pooled,5ab271fe554299449642c8a6,comparison,hard,Do The Importance of Being Icelandic and The Five Obstructions belong to different film genres ?,The Five Obstructions | The Importance of Being Icelandic,10,1,1,"{""The Five Obstructions"":3,""The Importance of Being Icelandic"":1}","{""The Five Obstructions"":2,""The Importance of Being Icelandic"":1}",stable_hit
pooled,5ab28019554299722f9b4d51,bridge,hard,What amount was the settlement that the character from the Son of al Quada got in 2017?,Omar Khadr | Son of al Qaeda,2,0,0,"{""Omar Khadr"":8,""Son of al Qaeda"":1}","{""Omar Khadr"":1,""Son of al Qaeda"":6}",stable_miss
pooled,5ab28019554299722f9b4d51,bridge,hard,What amount was the settlement that the character from the Son of al Quada got in 2017?,Omar Khadr | Son of al Qaeda,5,0,0,"{""Omar Khadr"":8,""Son of al Qaeda"":1}","{""Omar Khadr"":1,""Son of al Qaeda"":6}",stable_miss
pooled,5ab28019554299722f9b4d51,bridge,hard,What amount was the settlement that the character from the Son of al Quada got in 2017?,Omar Khadr | Son of al Qaeda,10,1,1,"{""Omar Khadr"":8,""Son of al Qaeda"":1}","{""Omar Khadr"":1,""Son of al Qaeda"":6}",stable_hit
pooled,5ab28b12554299449642c8ee,bridge,hard,The northern English anglian Kingdom in the Humber estuary spoke what dialect of english?,Kingdom of Northumbria | Northumbrian dialect,2,0,1,"{""Kingdom of Northumbria"":2,""Northumbrian dialect"":3}","{""Kingdom of Northumbria"":1,""Northumbrian dialect"":2}",rescue
pooled,5ab28b12554299449642c8ee,bridge,hard,The northern English anglian Kingdom in the Humber estuary spoke what dialect of english?,Kingdom of Northumbria | Northumbrian dialect,5,1,1,"{""Kingdom of Northumbria"":2,""Northumbrian dialect"":3}","{""Kingdom of Northumbria"":1,""Northumbrian dialect"":2}",stable_hit
pooled,5ab28b12554299449642c8ee,bridge,hard,The northern English anglian Kingdom in the Humber estuary spoke what dialect of english?,Kingdom of Northumbria | Northumbrian dialect,10,1,1,"{""Kingdom of Northumbria"":2,""Northumbrian dialect"":3}","{""Kingdom of Northumbria"":1,""Northumbrian dialect"":2}",stable_hit
pooled,5ab29c24554299449642c932,comparison,hard,Are Giuseppe Verdi and Ambroise Thomas both Opera composers ?,Ambroise Thomas | Giuseppe Verdi,2,1,1,"{""Ambroise Thomas"":2,""Giuseppe Verdi"":1}","{""Ambroise Thomas"":2,""Giuseppe Verdi"":1}",stable_hit
pooled,5ab29c24554299449642c932,comparison,hard,Are Giuseppe Verdi and Ambroise Thomas both Opera composers ?,Ambroise Thomas | Giuseppe Verdi,5,1,1,"{""Ambroise Thomas"":2,""Giuseppe Verdi"":1}","{""Ambroise Thomas"":2,""Giuseppe Verdi"":1}",stable_hit
pooled,5ab29c24554299449642c932,comparison,hard,Are Giuseppe Verdi and Ambroise Thomas both Opera composers ?,Ambroise Thomas | Giuseppe Verdi,10,1,1,"{""Ambroise Thomas"":2,""Giuseppe Verdi"":1}","{""Ambroise Thomas"":2,""Giuseppe Verdi"":1}",stable_hit
pooled,5ab2a186554299295394677b,bridge,hard,"When did the English local newspaper, featuring the sculpture and war memorial in the Forbury gardens, change names?",Maiwand Lion | Reading Post,2,0,1,"{""Maiwand Lion"":3,""Reading Post"":6}","{""Maiwand Lion"":1,""Reading Post"":2}",rescue
pooled,5ab2a186554299295394677b,bridge,hard,"When did the English local newspaper, featuring the sculpture and war memorial in the Forbury gardens, change names?",Maiwand Lion | Reading Post,5,0,1,"{""Maiwand Lion"":3,""Reading Post"":6}","{""Maiwand Lion"":1,""Reading Post"":2}",rescue
pooled,5ab2a186554299295394677b,bridge,hard,"When did the English local newspaper, featuring the sculpture and war memorial in the Forbury gardens, change names?",Maiwand Lion | Reading Post,10,1,1,"{""Maiwand Lion"":3,""Reading Post"":6}","{""Maiwand Lion"":1,""Reading Post"":2}",stable_hit
pooled,5ab2c5e255429916697740ba,bridge,hard,"Which professional ice hockey position does the Captain of the National Hockey League All-Star Game ""Away Team"" play?",60th National Hockey League All-Star Game | Jonathan Toews,2,0,1,"{""60th National Hockey League All-Star Game"":1,""Jonathan Toews"":4}","{""60th National Hockey League All-Star Game"":1,""Jonathan Toews"":2}",rescue
pooled,5ab2c5e255429916697740ba,bridge,hard,"Which professional ice hockey position does the Captain of the National Hockey League All-Star Game ""Away Team"" play?",60th National Hockey League All-Star Game | Jonathan Toews,5,1,1,"{""60th National Hockey League All-Star Game"":1,""Jonathan Toews"":4}","{""60th National Hockey League All-Star Game"":1,""Jonathan Toews"":2}",stable_hit
pooled,5ab2c5e255429916697740ba,bridge,hard,"Which professional ice hockey position does the Captain of the National Hockey League All-Star Game ""Away Team"" play?",60th National Hockey League All-Star Game | Jonathan Toews,10,1,1,"{""60th National Hockey League All-Star Game"":1,""Jonathan Toews"":4}","{""60th National Hockey League All-Star Game"":1,""Jonathan Toews"":2}",stable_hit
pooled,5ab2d3df554299194fa9352c,bridge,hard,The battle in which Giuseppe Arimondi lost his life secured what for Ethiopia?,Battle of Adwa | Giuseppe Arimondi,2,0,1,"{""Battle of Adwa"":3,""Giuseppe Arimondi"":1}","{""Battle of Adwa"":2,""Giuseppe Arimondi"":1}",rescue
pooled,5ab2d3df554299194fa9352c,bridge,hard,The battle in which Giuseppe Arimondi lost his life secured what for Ethiopia?,Battle of Adwa | Giuseppe Arimondi,5,1,1,"{""Battle of Adwa"":3,""Giuseppe Arimondi"":1}","{""Battle of Adwa"":2,""Giuseppe Arimondi"":1}",stable_hit
pooled,5ab2d3df554299194fa9352c,bridge,hard,The battle in which Giuseppe Arimondi lost his life secured what for Ethiopia?,Battle of Adwa | Giuseppe Arimondi,10,1,1,"{""Battle of Adwa"":3,""Giuseppe Arimondi"":1}","{""Battle of Adwa"":2,""Giuseppe Arimondi"":1}",stable_hit
pooled,5ab31864554299233954ff06,bridge,hard,What class of instrument does Apatim Majumdar play?,Apratim Majumdar | Sarod,2,1,0,"{""Apratim Majumdar"":1,""Sarod"":2}","{""Apratim Majumdar"":1,""Sarod"":3}",damage
pooled,5ab31864554299233954ff06,bridge,hard,What class of instrument does Apatim Majumdar play?,Apratim Majumdar | Sarod,5,1,1,"{""Apratim Majumdar"":1,""Sarod"":2}","{""Apratim Majumdar"":1,""Sarod"":3}",stable_hit
pooled,5ab31864554299233954ff06,bridge,hard,What class of instrument does Apatim Majumdar play?,Apratim Majumdar | Sarod,10,1,1,"{""Apratim Majumdar"":1,""Sarod"":2}","{""Apratim Majumdar"":1,""Sarod"":3}",stable_hit
pooled,5ab3306a55429969a97a80fd,comparison,hard,The movies The Boatniks and The Great Locomotive Chase were both made by which production company?,The Boatniks | The Great Locomotive Chase,2,1,1,"{""The Boatniks"":1,""The Great Locomotive Chase"":2}","{""The Boatniks"":1,""The Great Locomotive Chase"":2}",stable_hit
pooled,5ab3306a55429969a97a80fd,comparison,hard,The movies The Boatniks and The Great Locomotive Chase were both made by which production company?,The Boatniks | The Great Locomotive Chase,5,1,1,"{""The Boatniks"":1,""The Great Locomotive Chase"":2}","{""The Boatniks"":1,""The Great Locomotive Chase"":2}",stable_hit
pooled,5ab3306a55429969a97a80fd,comparison,hard,The movies The Boatniks and The Great Locomotive Chase were both made by which production company?,The Boatniks | The Great Locomotive Chase,10,1,1,"{""The Boatniks"":1,""The Great Locomotive Chase"":2}","{""The Boatniks"":1,""The Great Locomotive Chase"":2}",stable_hit
pooled,5ab341f755429969a97a8114,bridge,hard,"The song ""Chim Chim Cher-ee"" can be heard  in the ""Mary Poppins"" scene of a Disney ride that debuted in what year?",Chim Chim Cher-ee | The Great Movie Ride,2,0,0,"{""Chim Chim Cher-ee"":1,""The Great Movie Ride"":30}","{""Chim Chim Cher-ee"":1,""The Great Movie Ride"":13}",stable_miss
pooled,5ab341f755429969a97a8114,bridge,hard,"The song ""Chim Chim Cher-ee"" can be heard  in the ""Mary Poppins"" scene of a Disney ride that debuted in what year?",Chim Chim Cher-ee | The Great Movie Ride,5,0,0,"{""Chim Chim Cher-ee"":1,""The Great Movie Ride"":30}","{""Chim Chim Cher-ee"":1,""The Great Movie Ride"":13}",stable_miss
pooled,5ab341f755429969a97a8114,bridge,hard,"The song ""Chim Chim Cher-ee"" can be heard  in the ""Mary Poppins"" scene of a Disney ride that debuted in what year?",Chim Chim Cher-ee | The Great Movie Ride,10,0,0,"{""Chim Chim Cher-ee"":1,""The Great Movie Ride"":30}","{""Chim Chim Cher-ee"":1,""The Great Movie Ride"":13}",stable_miss
pooled,5ab3b0bf5542992ade7c6e39,bridge,hard,What year did Guns N Roses perform a promo for a movie starring Arnold Schwarzenegger as a former New York Police detective?,End of Days (film) | Oh My God (Guns N' Roses song),2,0,0,"{""End of Days (film)"":null,""Oh My God (Guns N' Roses song)"":4}","{""End of Days (film)"":null,""Oh My God (Guns N' Roses song)"":2}",stable_miss
pooled,5ab3b0bf5542992ade7c6e39,bridge,hard,What year did Guns N Roses perform a promo for a movie starring Arnold Schwarzenegger as a former New York Police detective?,End of Days (film) | Oh My God (Guns N' Roses song),5,0,0,"{""End of Days (film)"":null,""Oh My God (Guns N' Roses song)"":4}","{""End of Days (film)"":null,""Oh My God (Guns N' Roses song)"":2}",stable_miss
pooled,5ab3b0bf5542992ade7c6e39,bridge,hard,What year did Guns N Roses perform a promo for a movie starring Arnold Schwarzenegger as a former New York Police detective?,End of Days (film) | Oh My God (Guns N' Roses song),10,0,0,"{""End of Days (film)"":null,""Oh My God (Guns N' Roses song)"":4}","{""End of Days (film)"":null,""Oh My God (Guns N' Roses song)"":2}",stable_miss
pooled,5ab3d69255429969a97a81c9,bridge,hard,To which aircraft carrier was the VMF-213 Marine Fighting Squadron assigned to durning World War II?,USS Essex (CV-9) | VMF-213,2,0,0,"{""USS Essex (CV-9)"":16,""VMF-213"":1}","{""USS Essex (CV-9)"":14,""VMF-213"":1}",stable_miss
pooled,5ab3d69255429969a97a81c9,bridge,hard,To which aircraft carrier was the VMF-213 Marine Fighting Squadron assigned to durning World War II?,USS Essex (CV-9) | VMF-213,5,0,0,"{""USS Essex (CV-9)"":16,""VMF-213"":1}","{""USS Essex (CV-9)"":14,""VMF-213"":1}",stable_miss
pooled,5ab3d69255429969a97a81c9,bridge,hard,To which aircraft carrier was the VMF-213 Marine Fighting Squadron assigned to durning World War II?,USS Essex (CV-9) | VMF-213,10,0,0,"{""USS Essex (CV-9)"":16,""VMF-213"":1}","{""USS Essex (CV-9)"":14,""VMF-213"":1}",stable_miss
pooled,5ab3e45655429976abd1bcd4,bridge,hard,The Vermont Catamounts men's soccer team currently competes in a conference that was formerly known as what from 1988 to 1996?,America East Conference | Vermont Catamounts men's soccer,2,0,0,"{""America East Conference"":11,""Vermont Catamounts men's soccer"":1}","{""America East Conference"":10,""Vermont Catamounts men's soccer"":1}",stable_miss
pooled,5ab3e45655429976abd1bcd4,bridge,hard,The Vermont Catamounts men's soccer team currently competes in a conference that was formerly known as what from 1988 to 1996?,America East Conference | Vermont Catamounts men's soccer,5,0,0,"{""America East Conference"":11,""Vermont Catamounts men's soccer"":1}","{""America East Conference"":10,""Vermont Catamounts men's soccer"":1}",stable_miss
pooled,5ab3e45655429976abd1bcd4,bridge,hard,The Vermont Catamounts men's soccer team currently competes in a conference that was formerly known as what from 1988 to 1996?,America East Conference | Vermont Catamounts men's soccer,10,0,1,"{""America East Conference"":11,""Vermont Catamounts men's soccer"":1}","{""America East Conference"":10,""Vermont Catamounts men's soccer"":1}",rescue
pooled,5ab41d855542996a3a969f4b,bridge,hard,"Is the Pakistan fast bowler who joined the Kent County Cricket Club in June, 2011 a left-hand or right-hand batsmans?",Kent County Cricket Club in 2011 | Wahab Riaz,2,0,0,"{""Kent County Cricket Club in 2011"":1,""Wahab Riaz"":6}","{""Kent County Cricket Club in 2011"":1,""Wahab Riaz"":5}",stable_miss
pooled,5ab41d855542996a3a969f4b,bridge,hard,"Is the Pakistan fast bowler who joined the Kent County Cricket Club in June, 2011 a left-hand or right-hand batsmans?",Kent County Cricket Club in 2011 | Wahab Riaz,5,0,1,"{""Kent County Cricket Club in 2011"":1,""Wahab Riaz"":6}","{""Kent County Cricket Club in 2011"":1,""Wahab Riaz"":5}",rescue
pooled,5ab41d855542996a3a969f4b,bridge,hard,"Is the Pakistan fast bowler who joined the Kent County Cricket Club in June, 2011 a left-hand or right-hand batsmans?",Kent County Cricket Club in 2011 | Wahab Riaz,10,1,1,"{""Kent County Cricket Club in 2011"":1,""Wahab Riaz"":6}","{""Kent County Cricket Club in 2011"":1,""Wahab Riaz"":5}",stable_hit
pooled,5ab446d455429942dd415f07,bridge,hard,What city did the characters from Gargoyles the Movie: The Heroes Awaken wake up in after being in an enchantedly petrified state for a thousand years?,Gargoyles (TV series) | Gargoyles the Movie: The Heroes Awaken,2,1,1,"{""Gargoyles (TV series)"":1,""Gargoyles the Movie: The Heroes Awaken"":2}","{""Gargoyles (TV series)"":1,""Gargoyles the Movie: The Heroes Awaken"":2}",stable_hit
pooled,5ab446d455429942dd415f07,bridge,hard,What city did the characters from Gargoyles the Movie: The Heroes Awaken wake up in after being in an enchantedly petrified state for a thousand years?,Gargoyles (TV series) | Gargoyles the Movie: The Heroes Awaken,5,1,1,"{""Gargoyles (TV series)"":1,""Gargoyles the Movie: The Heroes Awaken"":2}","{""Gargoyles (TV series)"":1,""Gargoyles the Movie: The Heroes Awaken"":2}",stable_hit
pooled,5ab446d455429942dd415f07,bridge,hard,What city did the characters from Gargoyles the Movie: The Heroes Awaken wake up in after being in an enchantedly petrified state for a thousand years?,Gargoyles (TV series) | Gargoyles the Movie: The Heroes Awaken,10,1,1,"{""Gargoyles (TV series)"":1,""Gargoyles the Movie: The Heroes Awaken"":2}","{""Gargoyles (TV series)"":1,""Gargoyles the Movie: The Heroes Awaken"":2}",stable_hit
pooled,5ab45a0b5542991779162c7e,bridge,hard,"Which mall, Wilton Mall or Viaport Rotterdam, has had more owners?",Viaport Rotterdam | Wilton Mall,2,1,1,"{""Viaport Rotterdam"":1,""Wilton Mall"":2}","{""Viaport Rotterdam"":1,""Wilton Mall"":2}",stable_hit
pooled,5ab45a0b5542991779162c7e,bridge,hard,"Which mall, Wilton Mall or Viaport Rotterdam, has had more owners?",Viaport Rotterdam | Wilton Mall,5,1,1,"{""Viaport Rotterdam"":1,""Wilton Mall"":2}","{""Viaport Rotterdam"":1,""Wilton Mall"":2}",stable_hit
pooled,5ab45a0b5542991779162c7e,bridge,hard,"Which mall, Wilton Mall or Viaport Rotterdam, has had more owners?",Viaport Rotterdam | Wilton Mall,10,1,1,"{""Viaport Rotterdam"":1,""Wilton Mall"":2}","{""Viaport Rotterdam"":1,""Wilton Mall"":2}",stable_hit
pooled,5ab47cd75542991751b4d78d,bridge,hard,"In which year did this division, where Cleveland Browns placed fourth in 2009, adopt its current name?",2009 Cleveland Browns season | AFC North,2,0,0,"{""2009 Cleveland Browns season"":4,""AFC North"":7}","{""2009 Cleveland Browns season"":1,""AFC North"":4}",stable_miss
pooled,5ab47cd75542991751b4d78d,bridge,hard,"In which year did this division, where Cleveland Browns placed fourth in 2009, adopt its current name?",2009 Cleveland Browns season | AFC North,5,0,1,"{""2009 Cleveland Browns season"":4,""AFC North"":7}","{""2009 Cleveland Browns season"":1,""AFC North"":4}",rescue
pooled,5ab47cd75542991751b4d78d,bridge,hard,"In which year did this division, where Cleveland Browns placed fourth in 2009, adopt its current name?",2009 Cleveland Browns season | AFC North,10,1,1,"{""2009 Cleveland Browns season"":4,""AFC North"":7}","{""2009 Cleveland Browns season"":1,""AFC North"":4}",stable_hit
pooled,5ab47d765542991751b4d78f,bridge,hard,Who designed the hotel that held the IFBB professional bodybuilding competition in September 1991?,1991 Mr. Olympia | Walt Disney World Dolphin,2,0,0,"{""1991 Mr. Olympia"":1,""Walt Disney World Dolphin"":33}","{""1991 Mr. Olympia"":1,""Walt Disney World Dolphin"":10}",stable_miss
pooled,5ab47d765542991751b4d78f,bridge,hard,Who designed the hotel that held the IFBB professional bodybuilding competition in September 1991?,1991 Mr. Olympia | Walt Disney World Dolphin,5,0,0,"{""1991 Mr. Olympia"":1,""Walt Disney World Dolphin"":33}","{""1991 Mr. Olympia"":1,""Walt Disney World Dolphin"":10}",stable_miss
pooled,5ab47d765542991751b4d78f,bridge,hard,Who designed the hotel that held the IFBB professional bodybuilding competition in September 1991?,1991 Mr. Olympia | Walt Disney World Dolphin,10,0,1,"{""1991 Mr. Olympia"":1,""Walt Disney World Dolphin"":33}","{""1991 Mr. Olympia"":1,""Walt Disney World Dolphin"":10}",rescue
pooled,5ab48c325542996a3a969f93,bridge,hard,In which county is the English king Harold Godwinson buried?,Edith Walks | Waltham Abbey Church,2,0,0,"{""Edith Walks"":18,""Waltham Abbey Church"":21}","{""Edith Walks"":1,""Waltham Abbey Church"":31}",stable_miss
pooled,5ab48c325542996a3a969f93,bridge,hard,In which county is the English king Harold Godwinson buried?,Edith Walks | Waltham Abbey Church,5,0,0,"{""Edith Walks"":18,""Waltham Abbey Church"":21}","{""Edith Walks"":1,""Waltham Abbey Church"":31}",stable_miss
pooled,5ab48c325542996a3a969f93,bridge,hard,In which county is the English king Harold Godwinson buried?,Edith Walks | Waltham Abbey Church,10,0,0,"{""Edith Walks"":18,""Waltham Abbey Church"":21}","{""Edith Walks"":1,""Waltham Abbey Church"":31}",stable_miss
pooled,5ab4e3065542990594ba9cb4,bridge,hard,Both Truth in Science and Discovery embrace what campaign?,Discovery Institute | Truth in Science,2,1,0,"{""Discovery Institute"":2,""Truth in Science"":1}","{""Discovery Institute"":3,""Truth in Science"":1}",damage
pooled,5ab4e3065542990594ba9cb4,bridge,hard,Both Truth in Science and Discovery embrace what campaign?,Discovery Institute | Truth in Science,5,1,1,"{""Discovery Institute"":2,""Truth in Science"":1}","{""Discovery Institute"":3,""Truth in Science"":1}",stable_hit
pooled,5ab4e3065542990594ba9cb4,bridge,hard,Both Truth in Science and Discovery embrace what campaign?,Discovery Institute | Truth in Science,10,1,1,"{""Discovery Institute"":2,""Truth in Science"":1}","{""Discovery Institute"":3,""Truth in Science"":1}",stable_hit
pooled,5ab5057b5542991779162d56,bridge,hard,What type of movie are Wishing Stairs and Voice?,Voice (film) | Wishing Stairs,2,1,0,"{""Voice (film)"":2,""Wishing Stairs"":1}","{""Voice (film)"":3,""Wishing Stairs"":1}",damage
pooled,5ab5057b5542991779162d56,bridge,hard,What type of movie are Wishing Stairs and Voice?,Voice (film) | Wishing Stairs,5,1,1,"{""Voice (film)"":2,""Wishing Stairs"":1}","{""Voice (film)"":3,""Wishing Stairs"":1}",stable_hit
pooled,5ab5057b5542991779162d56,bridge,hard,What type of movie are Wishing Stairs and Voice?,Voice (film) | Wishing Stairs,10,1,1,"{""Voice (film)"":2,""Wishing Stairs"":1}","{""Voice (film)"":3,""Wishing Stairs"":1}",stable_hit
pooled,5ab51dae5542991779162d82,comparison,hard,Are both Elko Regional Airport and Gerald R. Ford International Airport located in Michigan?,Elko Regional Airport | Gerald R. Ford International Airport,2,1,1,"{""Elko Regional Airport"":2,""Gerald R. Ford International Airport"":1}","{""Elko Regional Airport"":2,""Gerald R. Ford International Airport"":1}",stable_hit
pooled,5ab51dae5542991779162d82,comparison,hard,Are both Elko Regional Airport and Gerald R. Ford International Airport located in Michigan?,Elko Regional Airport | Gerald R. Ford International Airport,5,1,1,"{""Elko Regional Airport"":2,""Gerald R. Ford International Airport"":1}","{""Elko Regional Airport"":2,""Gerald R. Ford International Airport"":1}",stable_hit
pooled,5ab51dae5542991779162d82,comparison,hard,Are both Elko Regional Airport and Gerald R. Ford International Airport located in Michigan?,Elko Regional Airport | Gerald R. Ford International Airport,10,1,1,"{""Elko Regional Airport"":2,""Gerald R. Ford International Airport"":1}","{""Elko Regional Airport"":2,""Gerald R. Ford International Airport"":1}",stable_hit
pooled,5ab531cc5542990594ba9d23,bridge,hard,How large is the shopping mall where KGOT radio station has its studios ?,Dimond Center | KGOT,2,0,0,"{""Dimond Center"":5,""KGOT"":2}","{""Dimond Center"":3,""KGOT"":1}",stable_miss
pooled,5ab531cc5542990594ba9d23,bridge,hard,How large is the shopping mall where KGOT radio station has its studios ?,Dimond Center | KGOT,5,1,1,"{""Dimond Center"":5,""KGOT"":2}","{""Dimond Center"":3,""KGOT"":1}",stable_hit
pooled,5ab531cc5542990594ba9d23,bridge,hard,How large is the shopping mall where KGOT radio station has its studios ?,Dimond Center | KGOT,10,1,1,"{""Dimond Center"":5,""KGOT"":2}","{""Dimond Center"":3,""KGOT"":1}",stable_hit
pooled,5ab5499e5542992aa134a295,bridge,hard,In what year was the team that Luke Clark plays either right back or central midfielder for founded?,Curzon Ashton F.C. | Luke Clark,2,0,0,"{""Curzon Ashton F.C."":null,""Luke Clark"":1}","{""Curzon Ashton F.C."":null,""Luke Clark"":1}",stable_miss
pooled,5ab5499e5542992aa134a295,bridge,hard,In what year was the team that Luke Clark plays either right back or central midfielder for founded?,Curzon Ashton F.C. | Luke Clark,5,0,0,"{""Curzon Ashton F.C."":null,""Luke Clark"":1}","{""Curzon Ashton F.C."":null,""Luke Clark"":1}",stable_miss
pooled,5ab5499e5542992aa134a295,bridge,hard,In what year was the team that Luke Clark plays either right back or central midfielder for founded?,Curzon Ashton F.C. | Luke Clark,10,0,0,"{""Curzon Ashton F.C."":null,""Luke Clark"":1}","{""Curzon Ashton F.C."":null,""Luke Clark"":1}",stable_miss
pooled,5ab56e32554299637185c594,comparison,hard,Are Random House Tower and 888 7th Avenue both used for real estate?,888 7th Avenue | Random House Tower,2,1,1,"{""888 7th Avenue"":2,""Random House Tower"":1}","{""888 7th Avenue"":2,""Random House Tower"":1}",stable_hit
pooled,5ab56e32554299637185c594,comparison,hard,Are Random House Tower and 888 7th Avenue both used for real estate?,888 7th Avenue | Random House Tower,5,1,1,"{""888 7th Avenue"":2,""Random House Tower"":1}","{""888 7th Avenue"":2,""Random House Tower"":1}",stable_hit
pooled,5ab56e32554299637185c594,comparison,hard,Are Random House Tower and 888 7th Avenue both used for real estate?,888 7th Avenue | Random House Tower,10,1,1,"{""888 7th Avenue"":2,""Random House Tower"":1}","{""888 7th Avenue"":2,""Random House Tower"":1}",stable_hit
pooled,5ab5b6c1554299637185c5e5,comparison,hard,Did Franki Valli sing with Hellogoodbye or The Four Seasons?,Hellogoodbye | The Four Seasons (band),2,0,0,"{""Hellogoodbye"":26,""The Four Seasons (band)"":2}","{""Hellogoodbye"":8,""The Four Seasons (band)"":1}",stable_miss
pooled,5ab5b6c1554299637185c5e5,comparison,hard,Did Franki Valli sing with Hellogoodbye or The Four Seasons?,Hellogoodbye | The Four Seasons (band),5,0,0,"{""Hellogoodbye"":26,""The Four Seasons (band)"":2}","{""Hellogoodbye"":8,""The Four Seasons (band)"":1}",stable_miss
pooled,5ab5b6c1554299637185c5e5,comparison,hard,Did Franki Valli sing with Hellogoodbye or The Four Seasons?,Hellogoodbye | The Four Seasons (band),10,0,1,"{""Hellogoodbye"":26,""The Four Seasons (band)"":2}","{""Hellogoodbye"":8,""The Four Seasons (band)"":1}",rescue
pooled,5ab5ed505542997d4ad1f255,bridge,hard,"Who is Bruce Spizer an expert on, known as the most influential act of the rock era?",Bruce Spizer | The Beatles,2,0,0,"{""Bruce Spizer"":1,""The Beatles"":null}","{""Bruce Spizer"":1,""The Beatles"":null}",stable_miss
pooled,5ab5ed505542997d4ad1f255,bridge,hard,"Who is Bruce Spizer an expert on, known as the most influential act of the rock era?",Bruce Spizer | The Beatles,5,0,0,"{""Bruce Spizer"":1,""The Beatles"":null}","{""Bruce Spizer"":1,""The Beatles"":null}",stable_miss
pooled,5ab5ed505542997d4ad1f255,bridge,hard,"Who is Bruce Spizer an expert on, known as the most influential act of the rock era?",Bruce Spizer | The Beatles,10,0,0,"{""Bruce Spizer"":1,""The Beatles"":null}","{""Bruce Spizer"":1,""The Beatles"":null}",stable_miss
pooled,5ab5f854554299637185c64e,bridge,hard,What country do both Adnan Akmal and Kamran Akmal represent in cricket?,Adnan Akmal | Kamran Akmal,2,1,1,"{""Adnan Akmal"":1,""Kamran Akmal"":2}","{""Adnan Akmal"":1,""Kamran Akmal"":2}",stable_hit
pooled,5ab5f854554299637185c64e,bridge,hard,What country do both Adnan Akmal and Kamran Akmal represent in cricket?,Adnan Akmal | Kamran Akmal,5,1,1,"{""Adnan Akmal"":1,""Kamran Akmal"":2}","{""Adnan Akmal"":1,""Kamran Akmal"":2}",stable_hit
pooled,5ab5f854554299637185c64e,bridge,hard,What country do both Adnan Akmal and Kamran Akmal represent in cricket?,Adnan Akmal | Kamran Akmal,10,1,1,"{""Adnan Akmal"":1,""Kamran Akmal"":2}","{""Adnan Akmal"":1,""Kamran Akmal"":2}",stable_hit
pooled,5ab626d555429953192ad279,bridge,hard,Anthony Avent played basketball fo a High School that is located in a city approcimately 8 mi west of where?,"Anthony Avent | Newark, New Jersey",2,0,0,"{""Anthony Avent"":1,""Newark, New Jersey"":null}","{""Anthony Avent"":1,""Newark, New Jersey"":null}",stable_miss
pooled,5ab626d555429953192ad279,bridge,hard,Anthony Avent played basketball fo a High School that is located in a city approcimately 8 mi west of where?,"Anthony Avent | Newark, New Jersey",5,0,0,"{""Anthony Avent"":1,""Newark, New Jersey"":null}","{""Anthony Avent"":1,""Newark, New Jersey"":null}",stable_miss
pooled,5ab626d555429953192ad279,bridge,hard,Anthony Avent played basketball fo a High School that is located in a city approcimately 8 mi west of where?,"Anthony Avent | Newark, New Jersey",10,0,0,"{""Anthony Avent"":1,""Newark, New Jersey"":null}","{""Anthony Avent"":1,""Newark, New Jersey"":null}",stable_miss
pooled,5ab6369655429953192ad2a1,comparison,hard,Which Genus has more species Eucryphia or Lepidozamia ?,Eucryphia | Lepidozamia,2,1,1,"{""Eucryphia"":1,""Lepidozamia"":2}","{""Eucryphia"":1,""Lepidozamia"":2}",stable_hit
pooled,5ab6369655429953192ad2a1,comparison,hard,Which Genus has more species Eucryphia or Lepidozamia ?,Eucryphia | Lepidozamia,5,1,1,"{""Eucryphia"":1,""Lepidozamia"":2}","{""Eucryphia"":1,""Lepidozamia"":2}",stable_hit
pooled,5ab6369655429953192ad2a1,comparison,hard,Which Genus has more species Eucryphia or Lepidozamia ?,Eucryphia | Lepidozamia,10,1,1,"{""Eucryphia"":1,""Lepidozamia"":2}","{""Eucryphia"":1,""Lepidozamia"":2}",stable_hit
pooled,5ab642845542995eadeeff8e,comparison,hard,Are Broughtonia and Laeliocattleya both orchids?,Broughtonia | Laeliocattleya,2,1,0,"{""Broughtonia"":2,""Laeliocattleya"":1}","{""Broughtonia"":1,""Laeliocattleya"":4}",damage
pooled,5ab642845542995eadeeff8e,comparison,hard,Are Broughtonia and Laeliocattleya both orchids?,Broughtonia | Laeliocattleya,5,1,1,"{""Broughtonia"":2,""Laeliocattleya"":1}","{""Broughtonia"":1,""Laeliocattleya"":4}",stable_hit
pooled,5ab642845542995eadeeff8e,comparison,hard,Are Broughtonia and Laeliocattleya both orchids?,Broughtonia | Laeliocattleya,10,1,1,"{""Broughtonia"":2,""Laeliocattleya"":1}","{""Broughtonia"":1,""Laeliocattleya"":4}",stable_hit
pooled,5ab659e355429954757d324e,bridge,hard,hree Men on a Horse is a play by a playwright born in which year ?,George Abbott | Three Men on a Horse,2,0,0,"{""George Abbott"":null,""Three Men on a Horse"":1}","{""George Abbott"":null,""Three Men on a Horse"":1}",stable_miss
pooled,5ab659e355429954757d324e,bridge,hard,hree Men on a Horse is a play by a playwright born in which year ?,George Abbott | Three Men on a Horse,5,0,0,"{""George Abbott"":null,""Three Men on a Horse"":1}","{""George Abbott"":null,""Three Men on a Horse"":1}",stable_miss
pooled,5ab659e355429954757d324e,bridge,hard,hree Men on a Horse is a play by a playwright born in which year ?,George Abbott | Three Men on a Horse,10,0,0,"{""George Abbott"":null,""Three Men on a Horse"":1}","{""George Abbott"":null,""Three Men on a Horse"":1}",stable_miss
pooled,5ab67772554299110f219a12,bridge,hard,What type of media does J. T. Petty and Outlast have in common?,J. T. Petty | Outlast,2,0,0,"{""J. T. Petty"":1,""Outlast"":null}","{""J. T. Petty"":1,""Outlast"":null}",stable_miss
pooled,5ab67772554299110f219a12,bridge,hard,What type of media does J. T. Petty and Outlast have in common?,J. T. Petty | Outlast,5,0,0,"{""J. T. Petty"":1,""Outlast"":null}","{""J. T. Petty"":1,""Outlast"":null}",stable_miss
pooled,5ab67772554299110f219a12,bridge,hard,What type of media does J. T. Petty and Outlast have in common?,J. T. Petty | Outlast,10,0,0,"{""J. T. Petty"":1,""Outlast"":null}","{""J. T. Petty"":1,""Outlast"":null}",stable_miss
pooled,5ab67bd355429954757d32f2,bridge,hard,Curt Menefee is the host of the Fox network's NFL show with co-host Michael Anthony Strahan who spent his entire 15-year career with what team?,Curt Menefee | Michael Strahan,2,1,1,"{""Curt Menefee"":1,""Michael Strahan"":2}","{""Curt Menefee"":1,""Michael Strahan"":2}",stable_hit
pooled,5ab67bd355429954757d32f2,bridge,hard,Curt Menefee is the host of the Fox network's NFL show with co-host Michael Anthony Strahan who spent his entire 15-year career with what team?,Curt Menefee | Michael Strahan,5,1,1,"{""Curt Menefee"":1,""Michael Strahan"":2}","{""Curt Menefee"":1,""Michael Strahan"":2}",stable_hit
pooled,5ab67bd355429954757d32f2,bridge,hard,Curt Menefee is the host of the Fox network's NFL show with co-host Michael Anthony Strahan who spent his entire 15-year career with what team?,Curt Menefee | Michael Strahan,10,1,1,"{""Curt Menefee"":1,""Michael Strahan"":2}","{""Curt Menefee"":1,""Michael Strahan"":2}",stable_hit
pooled,5ab69c25554299110f219a39,bridge,hard,"Which American audio engineer and clandestine chemist, who was a key figure in the San Francisco Bay Area hippie movement during the 1960s recorded the album ""Old and in the Way?""",Old and in the Way (album) | Owsley Stanley,2,1,0,"{""Old and in the Way (album)"":2,""Owsley Stanley"":1}","{""Old and in the Way (album)"":9,""Owsley Stanley"":1}",damage
pooled,5ab69c25554299110f219a39,bridge,hard,"Which American audio engineer and clandestine chemist, who was a key figure in the San Francisco Bay Area hippie movement during the 1960s recorded the album ""Old and in the Way?""",Old and in the Way (album) | Owsley Stanley,5,1,0,"{""Old and in the Way (album)"":2,""Owsley Stanley"":1}","{""Old and in the Way (album)"":9,""Owsley Stanley"":1}",damage
pooled,5ab69c25554299110f219a39,bridge,hard,"Which American audio engineer and clandestine chemist, who was a key figure in the San Francisco Bay Area hippie movement during the 1960s recorded the album ""Old and in the Way?""",Old and in the Way (album) | Owsley Stanley,10,1,1,"{""Old and in the Way (album)"":2,""Owsley Stanley"":1}","{""Old and in the Way (album)"":9,""Owsley Stanley"":1}",stable_hit
pooled,5ab6a2be554299710c8d1f08,bridge,hard,The movies Queen of Blood and Battle Beyond the Sun both contained scenes from what 1959 Soviet feature?,Battle Beyond the Sun | Queen of Blood,2,0,1,"{""Battle Beyond the Sun"":1,""Queen of Blood"":3}","{""Battle Beyond the Sun"":1,""Queen of Blood"":2}",rescue
pooled,5ab6a2be554299710c8d1f08,bridge,hard,The movies Queen of Blood and Battle Beyond the Sun both contained scenes from what 1959 Soviet feature?,Battle Beyond the Sun | Queen of Blood,5,1,1,"{""Battle Beyond the Sun"":1,""Queen of Blood"":3}","{""Battle Beyond the Sun"":1,""Queen of Blood"":2}",stable_hit
pooled,5ab6a2be554299710c8d1f08,bridge,hard,The movies Queen of Blood and Battle Beyond the Sun both contained scenes from what 1959 Soviet feature?,Battle Beyond the Sun | Queen of Blood,10,1,1,"{""Battle Beyond the Sun"":1,""Queen of Blood"":3}","{""Battle Beyond the Sun"":1,""Queen of Blood"":2}",stable_hit
pooled,5ab6aaff55429953192ad35b,bridge,hard,What Cayman Islands registered Mandarin and Cantonese-language television broadcaster launched Phoenix Hong Kong Channel on 28 March 2011?,Phoenix Hong Kong Channel | Phoenix Television,2,1,1,"{""Phoenix Hong Kong Channel"":1,""Phoenix Television"":2}","{""Phoenix Hong Kong Channel"":1,""Phoenix Television"":2}",stable_hit
pooled,5ab6aaff55429953192ad35b,bridge,hard,What Cayman Islands registered Mandarin and Cantonese-language television broadcaster launched Phoenix Hong Kong Channel on 28 March 2011?,Phoenix Hong Kong Channel | Phoenix Television,5,1,1,"{""Phoenix Hong Kong Channel"":1,""Phoenix Television"":2}","{""Phoenix Hong Kong Channel"":1,""Phoenix Television"":2}",stable_hit
pooled,5ab6aaff55429953192ad35b,bridge,hard,What Cayman Islands registered Mandarin and Cantonese-language television broadcaster launched Phoenix Hong Kong Channel on 28 March 2011?,Phoenix Hong Kong Channel | Phoenix Television,10,1,1,"{""Phoenix Hong Kong Channel"":1,""Phoenix Television"":2}","{""Phoenix Hong Kong Channel"":1,""Phoenix Television"":2}",stable_hit
pooled,5ab6ba245542995eadef007f,comparison,hard,Are Bamboo Mañalac and Danny Jones both musicians?,Bamboo Mañalac | Danny Jones,2,0,1,"{""Bamboo Mañalac"":1,""Danny Jones"":5}","{""Bamboo Mañalac"":1,""Danny Jones"":2}",rescue
pooled,5ab6ba245542995eadef007f,comparison,hard,Are Bamboo Mañalac and Danny Jones both musicians?,Bamboo Mañalac | Danny Jones,5,1,1,"{""Bamboo Mañalac"":1,""Danny Jones"":5}","{""Bamboo Mañalac"":1,""Danny Jones"":2}",stable_hit
pooled,5ab6ba245542995eadef007f,comparison,hard,Are Bamboo Mañalac and Danny Jones both musicians?,Bamboo Mañalac | Danny Jones,10,1,1,"{""Bamboo Mañalac"":1,""Danny Jones"":5}","{""Bamboo Mañalac"":1,""Danny Jones"":2}",stable_hit
pooled,5ab6bf6d55429953192ad372,comparison,hard,Are Phlebodium and Pieris both species of ferns?,Phlebodium | Pieris (plant),2,0,0,"{""Phlebodium"":1,""Pieris (plant)"":5}","{""Phlebodium"":1,""Pieris (plant)"":3}",stable_miss
pooled,5ab6bf6d55429953192ad372,comparison,hard,Are Phlebodium and Pieris both species of ferns?,Phlebodium | Pieris (plant),5,1,1,"{""Phlebodium"":1,""Pieris (plant)"":5}","{""Phlebodium"":1,""Pieris (plant)"":3}",stable_hit
pooled,5ab6bf6d55429953192ad372,comparison,hard,Are Phlebodium and Pieris both species of ferns?,Phlebodium | Pieris (plant),10,1,1,"{""Phlebodium"":1,""Pieris (plant)"":5}","{""Phlebodium"":1,""Pieris (plant)"":3}",stable_hit
pooled,5ab6d09255429954757d337d,bridge,hard,The football manager who recruited David Beckham managed Manchester United during what timeframe?,1995–96 Manchester United F.C. season | Alex Ferguson,2,0,0,"{""1995–96 Manchester United F.C. season"":9,""Alex Ferguson"":3}","{""1995–96 Manchester United F.C. season"":7,""Alex Ferguson"":3}",stable_miss
pooled,5ab6d09255429954757d337d,bridge,hard,The football manager who recruited David Beckham managed Manchester United during what timeframe?,1995–96 Manchester United F.C. season | Alex Ferguson,5,0,0,"{""1995–96 Manchester United F.C. season"":9,""Alex Ferguson"":3}","{""1995–96 Manchester United F.C. season"":7,""Alex Ferguson"":3}",stable_miss
pooled,5ab6d09255429954757d337d,bridge,hard,The football manager who recruited David Beckham managed Manchester United during what timeframe?,1995–96 Manchester United F.C. season | Alex Ferguson,10,1,1,"{""1995–96 Manchester United F.C. season"":9,""Alex Ferguson"":3}","{""1995–96 Manchester United F.C. season"":7,""Alex Ferguson"":3}",stable_hit
pooled,5ab6f0c25542995eadef00ea,comparison,hard,Are Buried Country and South of the Border both films turned into stage performances?,Buried Country | South of the Border (2009 film),2,0,1,"{""Buried Country"":1,""South of the Border (2009 film)"":4}","{""Buried Country"":1,""South of the Border (2009 film)"":2}",rescue
pooled,5ab6f0c25542995eadef00ea,comparison,hard,Are Buried Country and South of the Border both films turned into stage performances?,Buried Country | South of the Border (2009 film),5,1,1,"{""Buried Country"":1,""South of the Border (2009 film)"":4}","{""Buried Country"":1,""South of the Border (2009 film)"":2}",stable_hit
pooled,5ab6f0c25542995eadef00ea,comparison,hard,Are Buried Country and South of the Border both films turned into stage performances?,Buried Country | South of the Border (2009 film),10,1,1,"{""Buried Country"":1,""South of the Border (2009 film)"":4}","{""Buried Country"":1,""South of the Border (2009 film)"":2}",stable_hit
pooled,5ab6ff3a5542991d3222372a,bridge,hard,James Fieser received his B.A. from what liberal arts work college that was founded in 1855?,Berea College | James Fieser,2,0,1,"{""Berea College"":28,""James Fieser"":1}","{""Berea College"":2,""James Fieser"":1}",rescue
pooled,5ab6ff3a5542991d3222372a,bridge,hard,James Fieser received his B.A. from what liberal arts work college that was founded in 1855?,Berea College | James Fieser,5,0,1,"{""Berea College"":28,""James Fieser"":1}","{""Berea College"":2,""James Fieser"":1}",rescue
pooled,5ab6ff3a5542991d3222372a,bridge,hard,James Fieser received his B.A. from what liberal arts work college that was founded in 1855?,Berea College | James Fieser,10,0,1,"{""Berea College"":28,""James Fieser"":1}","{""Berea College"":2,""James Fieser"":1}",rescue
pooled,5ab72a025542992aa3b8c7b8,comparison,hard,"""A Summer in the Cage"" and ""American Hardcore"" are both what kind of film?",A Summer in the Cage | American Hardcore (film),2,0,1,"{""A Summer in the Cage"":1,""American Hardcore (film)"":3}","{""A Summer in the Cage"":1,""American Hardcore (film)"":2}",rescue
pooled,5ab72a025542992aa3b8c7b8,comparison,hard,"""A Summer in the Cage"" and ""American Hardcore"" are both what kind of film?",A Summer in the Cage | American Hardcore (film),5,1,1,"{""A Summer in the Cage"":1,""American Hardcore (film)"":3}","{""A Summer in the Cage"":1,""American Hardcore (film)"":2}",stable_hit
pooled,5ab72a025542992aa3b8c7b8,comparison,hard,"""A Summer in the Cage"" and ""American Hardcore"" are both what kind of film?",A Summer in the Cage | American Hardcore (film),10,1,1,"{""A Summer in the Cage"":1,""American Hardcore (film)"":3}","{""A Summer in the Cage"":1,""American Hardcore (film)"":2}",stable_hit
pooled,5ab78edc5542995dae37e95c,bridge,hard,Where is the school that Tyler Kalinoski went to located?,Olathe East High School | Tyler Kalinoski,2,0,0,"{""Olathe East High School"":37,""Tyler Kalinoski"":1}","{""Olathe East High School"":22,""Tyler Kalinoski"":1}",stable_miss
pooled,5ab78edc5542995dae37e95c,bridge,hard,Where is the school that Tyler Kalinoski went to located?,Olathe East High School | Tyler Kalinoski,5,0,0,"{""Olathe East High School"":37,""Tyler Kalinoski"":1}","{""Olathe East High School"":22,""Tyler Kalinoski"":1}",stable_miss
pooled,5ab78edc5542995dae37e95c,bridge,hard,Where is the school that Tyler Kalinoski went to located?,Olathe East High School | Tyler Kalinoski,10,0,0,"{""Olathe East High School"":37,""Tyler Kalinoski"":1}","{""Olathe East High School"":22,""Tyler Kalinoski"":1}",stable_miss
pooled,5ab7bae95542993667793ff4,bridge,hard,Who did the Doncaster Belles play in the 1994 FA Women's Cup Final held at Glanford Park? ,1994 FA Women's Cup Final | Glanford Park,2,0,0,"{""1994 FA Women's Cup Final"":1,""Glanford Park"":9}","{""1994 FA Women's Cup Final"":1,""Glanford Park"":9}",stable_miss
pooled,5ab7bae95542993667793ff4,bridge,hard,Who did the Doncaster Belles play in the 1994 FA Women's Cup Final held at Glanford Park? ,1994 FA Women's Cup Final | Glanford Park,5,0,0,"{""1994 FA Women's Cup Final"":1,""Glanford Park"":9}","{""1994 FA Women's Cup Final"":1,""Glanford Park"":9}",stable_miss
pooled,5ab7bae95542993667793ff4,bridge,hard,Who did the Doncaster Belles play in the 1994 FA Women's Cup Final held at Glanford Park? ,1994 FA Women's Cup Final | Glanford Park,10,1,1,"{""1994 FA Women's Cup Final"":1,""Glanford Park"":9}","{""1994 FA Women's Cup Final"":1,""Glanford Park"":9}",stable_hit
pooled,5ab7bbbf55429928e1fe38bf,bridge,hard, William Cammisano was part of which Mafia family?,Kansas City crime family | William Cammisano,2,0,0,"{""Kansas City crime family"":7,""William Cammisano"":1}","{""Kansas City crime family"":12,""William Cammisano"":1}",stable_miss
pooled,5ab7bbbf55429928e1fe38bf,bridge,hard, William Cammisano was part of which Mafia family?,Kansas City crime family | William Cammisano,5,0,0,"{""Kansas City crime family"":7,""William Cammisano"":1}","{""Kansas City crime family"":12,""William Cammisano"":1}",stable_miss
pooled,5ab7bbbf55429928e1fe38bf,bridge,hard, William Cammisano was part of which Mafia family?,Kansas City crime family | William Cammisano,10,1,0,"{""Kansas City crime family"":7,""William Cammisano"":1}","{""Kansas City crime family"":12,""William Cammisano"":1}",damage
pooled,5ab7c1a955429928e1fe38c8,bridge,hard,The youngest daughter of Lady Mary-Gaye Curzon stars with Douglas Smith and Lucien Laviscount  in what 2017 film?,Cressida Bonas | The Bye Bye Man,2,0,0,"{""Cressida Bonas"":1,""The Bye Bye Man"":null}","{""Cressida Bonas"":1,""The Bye Bye Man"":null}",stable_miss
pooled,5ab7c1a955429928e1fe38c8,bridge,hard,The youngest daughter of Lady Mary-Gaye Curzon stars with Douglas Smith and Lucien Laviscount  in what 2017 film?,Cressida Bonas | The Bye Bye Man,5,0,0,"{""Cressida Bonas"":1,""The Bye Bye Man"":null}","{""Cressida Bonas"":1,""The Bye Bye Man"":null}",stable_miss
pooled,5ab7c1a955429928e1fe38c8,bridge,hard,The youngest daughter of Lady Mary-Gaye Curzon stars with Douglas Smith and Lucien Laviscount  in what 2017 film?,Cressida Bonas | The Bye Bye Man,10,0,0,"{""Cressida Bonas"":1,""The Bye Bye Man"":null}","{""Cressida Bonas"":1,""The Bye Bye Man"":null}",stable_miss
pooled,5ab7da6f55429928e1fe3928,bridge,hard,Patrick Kennedy is known for his collections of Irish  folktales from a province situated in which part of Ireland ?,Leinster | Patrick Kennedy (folklorist),2,0,0,"{""Leinster"":33,""Patrick Kennedy (folklorist)"":1}","{""Leinster"":8,""Patrick Kennedy (folklorist)"":1}",stable_miss
pooled,5ab7da6f55429928e1fe3928,bridge,hard,Patrick Kennedy is known for his collections of Irish  folktales from a province situated in which part of Ireland ?,Leinster | Patrick Kennedy (folklorist),5,0,0,"{""Leinster"":33,""Patrick Kennedy (folklorist)"":1}","{""Leinster"":8,""Patrick Kennedy (folklorist)"":1}",stable_miss
pooled,5ab7da6f55429928e1fe3928,bridge,hard,Patrick Kennedy is known for his collections of Irish  folktales from a province situated in which part of Ireland ?,Leinster | Patrick Kennedy (folklorist),10,0,1,"{""Leinster"":33,""Patrick Kennedy (folklorist)"":1}","{""Leinster"":8,""Patrick Kennedy (folklorist)"":1}",rescue
pooled,5ab7e4dc5542995dae37e9df,bridge,hard,"The Polar Bears featuring the voice of Armie Hammer, is also the same voice actor for which character in Cars 3?",Armie Hammer | The Polar Bears,2,0,1,"{""Armie Hammer"":3,""The Polar Bears"":1}","{""Armie Hammer"":2,""The Polar Bears"":1}",rescue
pooled,5ab7e4dc5542995dae37e9df,bridge,hard,"The Polar Bears featuring the voice of Armie Hammer, is also the same voice actor for which character in Cars 3?",Armie Hammer | The Polar Bears,5,1,1,"{""Armie Hammer"":3,""The Polar Bears"":1}","{""Armie Hammer"":2,""The Polar Bears"":1}",stable_hit
pooled,5ab7e4dc5542995dae37e9df,bridge,hard,"The Polar Bears featuring the voice of Armie Hammer, is also the same voice actor for which character in Cars 3?",Armie Hammer | The Polar Bears,10,1,1,"{""Armie Hammer"":3,""The Polar Bears"":1}","{""Armie Hammer"":2,""The Polar Bears"":1}",stable_hit
pooled,5ab7f0015542992aa3b8c88b,bridge,hard,Who did the Star and Dagger bass player marry?,Sean Yseult | Supagroup,2,0,0,"{""Sean Yseult"":1,""Supagroup"":3}","{""Sean Yseult"":1,""Supagroup"":4}",stable_miss
pooled,5ab7f0015542992aa3b8c88b,bridge,hard,Who did the Star and Dagger bass player marry?,Sean Yseult | Supagroup,5,1,1,"{""Sean Yseult"":1,""Supagroup"":3}","{""Sean Yseult"":1,""Supagroup"":4}",stable_hit
pooled,5ab7f0015542992aa3b8c88b,bridge,hard,Who did the Star and Dagger bass player marry?,Sean Yseult | Supagroup,10,1,1,"{""Sean Yseult"":1,""Supagroup"":3}","{""Sean Yseult"":1,""Supagroup"":4}",stable_hit
pooled,5ab7f97a5542991d322237ef,bridge,hard,"What is Opry Mills in Nashville, Tennessee?",Music City Queen | Opry Mills,2,0,0,"{""Music City Queen"":5,""Opry Mills"":1}","{""Music City Queen"":4,""Opry Mills"":1}",stable_miss
pooled,5ab7f97a5542991d322237ef,bridge,hard,"What is Opry Mills in Nashville, Tennessee?",Music City Queen | Opry Mills,5,1,1,"{""Music City Queen"":5,""Opry Mills"":1}","{""Music City Queen"":4,""Opry Mills"":1}",stable_hit
pooled,5ab7f97a5542991d322237ef,bridge,hard,"What is Opry Mills in Nashville, Tennessee?",Music City Queen | Opry Mills,10,1,1,"{""Music City Queen"":5,""Opry Mills"":1}","{""Music City Queen"":4,""Opry Mills"":1}",stable_hit
pooled,5ab802085542990e739ec7ca,bridge,hard,What is the uppermost age range for the sort of fiction written by Alexander Gordon Smith?,Alexander Gordon Smith | Young adult fiction,2,1,1,"{""Alexander Gordon Smith"":1,""Young adult fiction"":2}","{""Alexander Gordon Smith"":1,""Young adult fiction"":2}",stable_hit
pooled,5ab802085542990e739ec7ca,bridge,hard,What is the uppermost age range for the sort of fiction written by Alexander Gordon Smith?,Alexander Gordon Smith | Young adult fiction,5,1,1,"{""Alexander Gordon Smith"":1,""Young adult fiction"":2}","{""Alexander Gordon Smith"":1,""Young adult fiction"":2}",stable_hit
pooled,5ab802085542990e739ec7ca,bridge,hard,What is the uppermost age range for the sort of fiction written by Alexander Gordon Smith?,Alexander Gordon Smith | Young adult fiction,10,1,1,"{""Alexander Gordon Smith"":1,""Young adult fiction"":2}","{""Alexander Gordon Smith"":1,""Young adult fiction"":2}",stable_hit
pooled,5ab808ea5542991d3222380e,bridge,hard,"What is the capacity of the Stadium, other than Kauffman Stadium, designed by Charles Deaton ? ",Arrowhead Stadium | Charles Deaton,2,0,0,"{""Arrowhead Stadium"":5,""Charles Deaton"":2}","{""Arrowhead Stadium"":3,""Charles Deaton"":1}",stable_miss
pooled,5ab808ea5542991d3222380e,bridge,hard,"What is the capacity of the Stadium, other than Kauffman Stadium, designed by Charles Deaton ? ",Arrowhead Stadium | Charles Deaton,5,1,1,"{""Arrowhead Stadium"":5,""Charles Deaton"":2}","{""Arrowhead Stadium"":3,""Charles Deaton"":1}",stable_hit
pooled,5ab808ea5542991d3222380e,bridge,hard,"What is the capacity of the Stadium, other than Kauffman Stadium, designed by Charles Deaton ? ",Arrowhead Stadium | Charles Deaton,10,1,1,"{""Arrowhead Stadium"":5,""Charles Deaton"":2}","{""Arrowhead Stadium"":3,""Charles Deaton"":1}",stable_hit
pooled,5ab83d595542990e739ec886,bridge,hard,The VMAQT-1 logo is a female spirit in Irish mythology who heralds the death of what?,Banshee | VMAQT-1,2,1,1,"{""Banshee"":1,""VMAQT-1"":2}","{""Banshee"":1,""VMAQT-1"":2}",stable_hit
pooled,5ab83d595542990e739ec886,bridge,hard,The VMAQT-1 logo is a female spirit in Irish mythology who heralds the death of what?,Banshee | VMAQT-1,5,1,1,"{""Banshee"":1,""VMAQT-1"":2}","{""Banshee"":1,""VMAQT-1"":2}",stable_hit
pooled,5ab83d595542990e739ec886,bridge,hard,The VMAQT-1 logo is a female spirit in Irish mythology who heralds the death of what?,Banshee | VMAQT-1,10,1,1,"{""Banshee"":1,""VMAQT-1"":2}","{""Banshee"":1,""VMAQT-1"":2}",stable_hit
pooled,5ab84bf555429916710eb01f,bridge,hard,In 1991 Euromarché was bought by a chain that operated how any hypermarkets at the end of 2016?,Carrefour | Euromarché,2,1,1,"{""Carrefour"":2,""Euromarché"":1}","{""Carrefour"":2,""Euromarché"":1}",stable_hit
pooled,5ab84bf555429916710eb01f,bridge,hard,In 1991 Euromarché was bought by a chain that operated how any hypermarkets at the end of 2016?,Carrefour | Euromarché,5,1,1,"{""Carrefour"":2,""Euromarché"":1}","{""Carrefour"":2,""Euromarché"":1}",stable_hit
pooled,5ab84bf555429916710eb01f,bridge,hard,In 1991 Euromarché was bought by a chain that operated how any hypermarkets at the end of 2016?,Carrefour | Euromarché,10,1,1,"{""Carrefour"":2,""Euromarché"":1}","{""Carrefour"":2,""Euromarché"":1}",stable_hit
pooled,5ab859a955429934fafe6d7b,bridge,hard,Who is the writer of this song that was inspired by words on a tombstone and was the first track on the box set Back to Mono?,Back to Mono (1958–1969) | To Know Him Is to Love Him,2,0,0,"{""Back to Mono (1958–1969)"":2,""To Know Him Is to Love Him"":null}","{""Back to Mono (1958–1969)"":1,""To Know Him Is to Love Him"":null}",stable_miss
pooled,5ab859a955429934fafe6d7b,bridge,hard,Who is the writer of this song that was inspired by words on a tombstone and was the first track on the box set Back to Mono?,Back to Mono (1958–1969) | To Know Him Is to Love Him,5,0,0,"{""Back to Mono (1958–1969)"":2,""To Know Him Is to Love Him"":null}","{""Back to Mono (1958–1969)"":1,""To Know Him Is to Love Him"":null}",stable_miss
pooled,5ab859a955429934fafe6d7b,bridge,hard,Who is the writer of this song that was inspired by words on a tombstone and was the first track on the box set Back to Mono?,Back to Mono (1958–1969) | To Know Him Is to Love Him,10,0,0,"{""Back to Mono (1958–1969)"":2,""To Know Him Is to Love Him"":null}","{""Back to Mono (1958–1969)"":1,""To Know Him Is to Love Him"":null}",stable_miss
pooled,5ab85a1155429934fafe6d7c,comparison,hard,Are both Rutgers University and Carnegie Mellon University located in America?,Carnegie Mellon University | Rutgers University,2,1,1,"{""Carnegie Mellon University"":1,""Rutgers University"":2}","{""Carnegie Mellon University"":1,""Rutgers University"":2}",stable_hit
pooled,5ab85a1155429934fafe6d7c,comparison,hard,Are both Rutgers University and Carnegie Mellon University located in America?,Carnegie Mellon University | Rutgers University,5,1,1,"{""Carnegie Mellon University"":1,""Rutgers University"":2}","{""Carnegie Mellon University"":1,""Rutgers University"":2}",stable_hit
pooled,5ab85a1155429934fafe6d7c,comparison,hard,Are both Rutgers University and Carnegie Mellon University located in America?,Carnegie Mellon University | Rutgers University,10,1,1,"{""Carnegie Mellon University"":1,""Rutgers University"":2}","{""Carnegie Mellon University"":1,""Rutgers University"":2}",stable_hit
pooled,5ab8688b55429934fafe6daa,bridge,hard,"What material did a hairdresser from Yorkshire, England invent that was named by his granddaughter?",Maurice Ward | Starlite,2,0,1,"{""Maurice Ward"":2,""Starlite"":18}","{""Maurice Ward"":1,""Starlite"":2}",rescue
pooled,5ab8688b55429934fafe6daa,bridge,hard,"What material did a hairdresser from Yorkshire, England invent that was named by his granddaughter?",Maurice Ward | Starlite,5,0,1,"{""Maurice Ward"":2,""Starlite"":18}","{""Maurice Ward"":1,""Starlite"":2}",rescue
pooled,5ab8688b55429934fafe6daa,bridge,hard,"What material did a hairdresser from Yorkshire, England invent that was named by his granddaughter?",Maurice Ward | Starlite,10,0,1,"{""Maurice Ward"":2,""Starlite"":18}","{""Maurice Ward"":1,""Starlite"":2}",rescue
pooled,5ab8854555429934fafe6e0c,bridge,hard,"Works by Hanna Leena Kristiina Varis are part of a collection in a museum that houses approximately 65,000 what?",Albertina | Hanna Varis,2,0,1,"{""Albertina"":3,""Hanna Varis"":1}","{""Albertina"":2,""Hanna Varis"":1}",rescue
pooled,5ab8854555429934fafe6e0c,bridge,hard,"Works by Hanna Leena Kristiina Varis are part of a collection in a museum that houses approximately 65,000 what?",Albertina | Hanna Varis,5,1,1,"{""Albertina"":3,""Hanna Varis"":1}","{""Albertina"":2,""Hanna Varis"":1}",stable_hit
pooled,5ab8854555429934fafe6e0c,bridge,hard,"Works by Hanna Leena Kristiina Varis are part of a collection in a museum that houses approximately 65,000 what?",Albertina | Hanna Varis,10,1,1,"{""Albertina"":3,""Hanna Varis"":1}","{""Albertina"":2,""Hanna Varis"":1}",stable_hit
pooled,5ab8ee035542991b5579f04b,comparison,hard,Are Hot Rod and The Memory of Our People both magazines?,Hot Rod (magazine) | The Memory of Our People,2,1,1,"{""Hot Rod (magazine)"":1,""The Memory of Our People"":2}","{""Hot Rod (magazine)"":2,""The Memory of Our People"":1}",stable_hit
pooled,5ab8ee035542991b5579f04b,comparison,hard,Are Hot Rod and The Memory of Our People both magazines?,Hot Rod (magazine) | The Memory of Our People,5,1,1,"{""Hot Rod (magazine)"":1,""The Memory of Our People"":2}","{""Hot Rod (magazine)"":2,""The Memory of Our People"":1}",stable_hit
pooled,5ab8ee035542991b5579f04b,comparison,hard,Are Hot Rod and The Memory of Our People both magazines?,Hot Rod (magazine) | The Memory of Our People,10,1,1,"{""Hot Rod (magazine)"":1,""The Memory of Our People"":2}","{""Hot Rod (magazine)"":2,""The Memory of Our People"":1}",stable_hit
pooled,5ab8f57b5542991b5579f097,comparison,hard,Were Thomas H. Ince and Joseph McGrath of the same nationality?,Joseph McGrath (film director) | Thomas H. Ince,2,0,0,"{""Joseph McGrath (film director)"":1,""Thomas H. Ince"":4}","{""Joseph McGrath (film director)"":1,""Thomas H. Ince"":3}",stable_miss
pooled,5ab8f57b5542991b5579f097,comparison,hard,Were Thomas H. Ince and Joseph McGrath of the same nationality?,Joseph McGrath (film director) | Thomas H. Ince,5,1,1,"{""Joseph McGrath (film director)"":1,""Thomas H. Ince"":4}","{""Joseph McGrath (film director)"":1,""Thomas H. Ince"":3}",stable_hit
pooled,5ab8f57b5542991b5579f097,comparison,hard,Were Thomas H. Ince and Joseph McGrath of the same nationality?,Joseph McGrath (film director) | Thomas H. Ince,10,1,1,"{""Joseph McGrath (film director)"":1,""Thomas H. Ince"":4}","{""Joseph McGrath (film director)"":1,""Thomas H. Ince"":3}",stable_hit
pooled,5ab8f7535542991b5579f0a7,comparison,hard,Which film was released first: Sacred Planet or Oz the Great and Powerful?,Oz the Great and Powerful | Sacred Planet,2,1,1,"{""Oz the Great and Powerful"":2,""Sacred Planet"":1}","{""Oz the Great and Powerful"":1,""Sacred Planet"":2}",stable_hit
pooled,5ab8f7535542991b5579f0a7,comparison,hard,Which film was released first: Sacred Planet or Oz the Great and Powerful?,Oz the Great and Powerful | Sacred Planet,5,1,1,"{""Oz the Great and Powerful"":2,""Sacred Planet"":1}","{""Oz the Great and Powerful"":1,""Sacred Planet"":2}",stable_hit
pooled,5ab8f7535542991b5579f0a7,comparison,hard,Which film was released first: Sacred Planet or Oz the Great and Powerful?,Oz the Great and Powerful | Sacred Planet,10,1,1,"{""Oz the Great and Powerful"":2,""Sacred Planet"":1}","{""Oz the Great and Powerful"":1,""Sacred Planet"":2}",stable_hit
pooled,5ab9374b554299131ca422c6,bridge,hard,"Which man who presented the Australia 2022 FIFA World Cup bid was born on October 22, 1930?",Australia 2022 FIFA World Cup bid | Frank Lowy,2,0,0,"{""Australia 2022 FIFA World Cup bid"":1,""Frank Lowy"":null}","{""Australia 2022 FIFA World Cup bid"":1,""Frank Lowy"":null}",stable_miss
pooled,5ab9374b554299131ca422c6,bridge,hard,"Which man who presented the Australia 2022 FIFA World Cup bid was born on October 22, 1930?",Australia 2022 FIFA World Cup bid | Frank Lowy,5,0,0,"{""Australia 2022 FIFA World Cup bid"":1,""Frank Lowy"":null}","{""Australia 2022 FIFA World Cup bid"":1,""Frank Lowy"":null}",stable_miss
pooled,5ab9374b554299131ca422c6,bridge,hard,"Which man who presented the Australia 2022 FIFA World Cup bid was born on October 22, 1930?",Australia 2022 FIFA World Cup bid | Frank Lowy,10,0,0,"{""Australia 2022 FIFA World Cup bid"":1,""Frank Lowy"":null}","{""Australia 2022 FIFA World Cup bid"":1,""Frank Lowy"":null}",stable_miss
pooled,5ab96ab755429970cfb8eacd,bridge,hard,"Ellie Goulding worked with what other writers on her third studio album, Delirium?",Delirium (Ellie Goulding album) | On My Mind (Ellie Goulding song),2,0,1,"{""Delirium (Ellie Goulding album)"":1,""On My Mind (Ellie Goulding song)"":8}","{""Delirium (Ellie Goulding album)"":2,""On My Mind (Ellie Goulding song)"":1}",rescue
pooled,5ab96ab755429970cfb8eacd,bridge,hard,"Ellie Goulding worked with what other writers on her third studio album, Delirium?",Delirium (Ellie Goulding album) | On My Mind (Ellie Goulding song),5,0,1,"{""Delirium (Ellie Goulding album)"":1,""On My Mind (Ellie Goulding song)"":8}","{""Delirium (Ellie Goulding album)"":2,""On My Mind (Ellie Goulding song)"":1}",rescue
pooled,5ab96ab755429970cfb8eacd,bridge,hard,"Ellie Goulding worked with what other writers on her third studio album, Delirium?",Delirium (Ellie Goulding album) | On My Mind (Ellie Goulding song),10,1,1,"{""Delirium (Ellie Goulding album)"":1,""On My Mind (Ellie Goulding song)"":8}","{""Delirium (Ellie Goulding album)"":2,""On My Mind (Ellie Goulding song)"":1}",stable_hit
pooled,5ab978855542996be2020512,bridge,hard,"Over how many centuries were the ""dwelling place of the dead"" built?",Flaming Feather | Montezuma Castle National Monument,2,0,0,"{""Flaming Feather"":null,""Montezuma Castle National Monument"":13}","{""Flaming Feather"":null,""Montezuma Castle National Monument"":4}",stable_miss
pooled,5ab978855542996be2020512,bridge,hard,"Over how many centuries were the ""dwelling place of the dead"" built?",Flaming Feather | Montezuma Castle National Monument,5,0,0,"{""Flaming Feather"":null,""Montezuma Castle National Monument"":13}","{""Flaming Feather"":null,""Montezuma Castle National Monument"":4}",stable_miss
pooled,5ab978855542996be2020512,bridge,hard,"Over how many centuries were the ""dwelling place of the dead"" built?",Flaming Feather | Montezuma Castle National Monument,10,0,0,"{""Flaming Feather"":null,""Montezuma Castle National Monument"":13}","{""Flaming Feather"":null,""Montezuma Castle National Monument"":4}",stable_miss
pooled,5ab9b29c554299743d22ebae,comparison,hard,"Which case came first, Craig v. Boren or United States v. Paramount Pictures, Inc.?","Craig v. Boren | United States v. Paramount Pictures, Inc.",2,1,1,"{""Craig v. Boren"":2,""United States v. Paramount Pictures, Inc."":1}","{""Craig v. Boren"":1,""United States v. Paramount Pictures, Inc."":2}",stable_hit
pooled,5ab9b29c554299743d22ebae,comparison,hard,"Which case came first, Craig v. Boren or United States v. Paramount Pictures, Inc.?","Craig v. Boren | United States v. Paramount Pictures, Inc.",5,1,1,"{""Craig v. Boren"":2,""United States v. Paramount Pictures, Inc."":1}","{""Craig v. Boren"":1,""United States v. Paramount Pictures, Inc."":2}",stable_hit
pooled,5ab9b29c554299743d22ebae,comparison,hard,"Which case came first, Craig v. Boren or United States v. Paramount Pictures, Inc.?","Craig v. Boren | United States v. Paramount Pictures, Inc.",10,1,1,"{""Craig v. Boren"":2,""United States v. Paramount Pictures, Inc."":1}","{""Craig v. Boren"":1,""United States v. Paramount Pictures, Inc."":2}",stable_hit
pooled,5ab9debb55429955dce3ed97,bridge,hard,"The English actor Kris Marshall played which character in the highly rated comedy-drama television series ""Death in Paradise""?",Death in Paradise (TV series) | Kris Marshall,2,0,0,"{""Death in Paradise (TV series)"":1,""Kris Marshall"":3}","{""Death in Paradise (TV series)"":3,""Kris Marshall"":1}",stable_miss
pooled,5ab9debb55429955dce3ed97,bridge,hard,"The English actor Kris Marshall played which character in the highly rated comedy-drama television series ""Death in Paradise""?",Death in Paradise (TV series) | Kris Marshall,5,1,1,"{""Death in Paradise (TV series)"":1,""Kris Marshall"":3}","{""Death in Paradise (TV series)"":3,""Kris Marshall"":1}",stable_hit
pooled,5ab9debb55429955dce3ed97,bridge,hard,"The English actor Kris Marshall played which character in the highly rated comedy-drama television series ""Death in Paradise""?",Death in Paradise (TV series) | Kris Marshall,10,1,1,"{""Death in Paradise (TV series)"":1,""Kris Marshall"":3}","{""Death in Paradise (TV series)"":3,""Kris Marshall"":1}",stable_hit
pooled,5aba5d2e55429901930fa799,bridge,hard,"What was the name of a woman from the book titled ""Their Lives: The Women Targeted by the Clinton Machine "" and was also a former white house intern?",Monica Lewinsky | Their Lives,2,1,0,"{""Monica Lewinsky"":2,""Their Lives"":1}","{""Monica Lewinsky"":6,""Their Lives"":1}",damage
pooled,5aba5d2e55429901930fa799,bridge,hard,"What was the name of a woman from the book titled ""Their Lives: The Women Targeted by the Clinton Machine "" and was also a former white house intern?",Monica Lewinsky | Their Lives,5,1,0,"{""Monica Lewinsky"":2,""Their Lives"":1}","{""Monica Lewinsky"":6,""Their Lives"":1}",damage
pooled,5aba5d2e55429901930fa799,bridge,hard,"What was the name of a woman from the book titled ""Their Lives: The Women Targeted by the Clinton Machine "" and was also a former white house intern?",Monica Lewinsky | Their Lives,10,1,1,"{""Monica Lewinsky"":2,""Their Lives"":1}","{""Monica Lewinsky"":6,""Their Lives"":1}",stable_hit
pooled,5aba65a055429939ce03dcd2,bridge,hard,Georges-Henri Bousquet translated the work of a historian who is of what heritage?,Georges-Henri Bousquet | Ibn Khaldun,2,0,0,"{""Georges-Henri Bousquet"":1,""Ibn Khaldun"":null}","{""Georges-Henri Bousquet"":1,""Ibn Khaldun"":null}",stable_miss
pooled,5aba65a055429939ce03dcd2,bridge,hard,Georges-Henri Bousquet translated the work of a historian who is of what heritage?,Georges-Henri Bousquet | Ibn Khaldun,5,0,0,"{""Georges-Henri Bousquet"":1,""Ibn Khaldun"":null}","{""Georges-Henri Bousquet"":1,""Ibn Khaldun"":null}",stable_miss
pooled,5aba65a055429939ce03dcd2,bridge,hard,Georges-Henri Bousquet translated the work of a historian who is of what heritage?,Georges-Henri Bousquet | Ibn Khaldun,10,0,0,"{""Georges-Henri Bousquet"":1,""Ibn Khaldun"":null}","{""Georges-Henri Bousquet"":1,""Ibn Khaldun"":null}",stable_miss
pooled,5aba749055429901930fa7d8,comparison,hard,What occupation do Chris Menges and Aram Avakian share?,Aram Avakian | Chris Menges,2,1,1,"{""Aram Avakian"":2,""Chris Menges"":1}","{""Aram Avakian"":1,""Chris Menges"":2}",stable_hit
pooled,5aba749055429901930fa7d8,comparison,hard,What occupation do Chris Menges and Aram Avakian share?,Aram Avakian | Chris Menges,5,1,1,"{""Aram Avakian"":2,""Chris Menges"":1}","{""Aram Avakian"":1,""Chris Menges"":2}",stable_hit
pooled,5aba749055429901930fa7d8,comparison,hard,What occupation do Chris Menges and Aram Avakian share?,Aram Avakian | Chris Menges,10,1,1,"{""Aram Avakian"":2,""Chris Menges"":1}","{""Aram Avakian"":1,""Chris Menges"":2}",stable_hit
pooled,5aba7cfe554299232ef4a2fd,bridge,hard,The 2017–18 Wigan Athletic F.C. season will be a year in which the team competes in the league cup known as what for sponsorship reasons?,2017–18 Wigan Athletic F.C. season | EFL Cup,2,0,0,"{""2017–18 Wigan Athletic F.C. season"":1,""EFL Cup"":7}","{""2017–18 Wigan Athletic F.C. season"":1,""EFL Cup"":7}",stable_miss
pooled,5aba7cfe554299232ef4a2fd,bridge,hard,The 2017–18 Wigan Athletic F.C. season will be a year in which the team competes in the league cup known as what for sponsorship reasons?,2017–18 Wigan Athletic F.C. season | EFL Cup,5,0,0,"{""2017–18 Wigan Athletic F.C. season"":1,""EFL Cup"":7}","{""2017–18 Wigan Athletic F.C. season"":1,""EFL Cup"":7}",stable_miss
pooled,5aba7cfe554299232ef4a2fd,bridge,hard,The 2017–18 Wigan Athletic F.C. season will be a year in which the team competes in the league cup known as what for sponsorship reasons?,2017–18 Wigan Athletic F.C. season | EFL Cup,10,1,1,"{""2017–18 Wigan Athletic F.C. season"":1,""EFL Cup"":7}","{""2017–18 Wigan Athletic F.C. season"":1,""EFL Cup"":7}",stable_hit
pooled,5aba9e2455429939ce03dd3a,bridge,hard,"Rejuvelac is kind of grain water invented and promoted by a ""holistic health"" practitioner born in which year ?",Ann Wigmore | Rejuvelac,2,0,1,"{""Ann Wigmore"":6,""Rejuvelac"":1}","{""Ann Wigmore"":2,""Rejuvelac"":1}",rescue
pooled,5aba9e2455429939ce03dd3a,bridge,hard,"Rejuvelac is kind of grain water invented and promoted by a ""holistic health"" practitioner born in which year ?",Ann Wigmore | Rejuvelac,5,0,1,"{""Ann Wigmore"":6,""Rejuvelac"":1}","{""Ann Wigmore"":2,""Rejuvelac"":1}",rescue
pooled,5aba9e2455429939ce03dd3a,bridge,hard,"Rejuvelac is kind of grain water invented and promoted by a ""holistic health"" practitioner born in which year ?",Ann Wigmore | Rejuvelac,10,1,1,"{""Ann Wigmore"":6,""Rejuvelac"":1}","{""Ann Wigmore"":2,""Rejuvelac"":1}",stable_hit
pooled,5abaf3195542996cc5e49f2c,bridge,hard,Which country did the Falkland Islands beat in the 2010 Commonwealth games that has eleven administrative divisions?,Gerald Reive | Samoa,2,0,0,"{""Gerald Reive"":4,""Samoa"":37}","{""Gerald Reive"":3,""Samoa"":9}",stable_miss
pooled,5abaf3195542996cc5e49f2c,bridge,hard,Which country did the Falkland Islands beat in the 2010 Commonwealth games that has eleven administrative divisions?,Gerald Reive | Samoa,5,0,0,"{""Gerald Reive"":4,""Samoa"":37}","{""Gerald Reive"":3,""Samoa"":9}",stable_miss
pooled,5abaf3195542996cc5e49f2c,bridge,hard,Which country did the Falkland Islands beat in the 2010 Commonwealth games that has eleven administrative divisions?,Gerald Reive | Samoa,10,0,1,"{""Gerald Reive"":4,""Samoa"":37}","{""Gerald Reive"":3,""Samoa"":9}",rescue
pooled,5abb30755542996cc5e49fd8,bridge,hard,Ronald Reagan and George H. W. Bush both held which position in office?,George H. W. Bush | Presidency of Ronald Reagan,2,0,0,"{""George H. W. Bush"":10,""Presidency of Ronald Reagan"":1}","{""George H. W. Bush"":9,""Presidency of Ronald Reagan"":1}",stable_miss
pooled,5abb30755542996cc5e49fd8,bridge,hard,Ronald Reagan and George H. W. Bush both held which position in office?,George H. W. Bush | Presidency of Ronald Reagan,5,0,0,"{""George H. W. Bush"":10,""Presidency of Ronald Reagan"":1}","{""George H. W. Bush"":9,""Presidency of Ronald Reagan"":1}",stable_miss
pooled,5abb30755542996cc5e49fd8,bridge,hard,Ronald Reagan and George H. W. Bush both held which position in office?,George H. W. Bush | Presidency of Ronald Reagan,10,1,1,"{""George H. W. Bush"":10,""Presidency of Ronald Reagan"":1}","{""George H. W. Bush"":9,""Presidency of Ronald Reagan"":1}",stable_hit
pooled,5abba4855542993f40c73b68,bridge,hard,"Who were the directors of the 2009 American science fiction film starring the actor who played Dexter Morgan in the Showtime TV Network series ""Dexter""?",Gamer (film) | Michael C. Hall,2,0,0,"{""Gamer (film)"":null,""Michael C. Hall"":3}","{""Gamer (film)"":null,""Michael C. Hall"":1}",stable_miss
pooled,5abba4855542993f40c73b68,bridge,hard,"Who were the directors of the 2009 American science fiction film starring the actor who played Dexter Morgan in the Showtime TV Network series ""Dexter""?",Gamer (film) | Michael C. Hall,5,0,0,"{""Gamer (film)"":null,""Michael C. Hall"":3}","{""Gamer (film)"":null,""Michael C. Hall"":1}",stable_miss
pooled,5abba4855542993f40c73b68,bridge,hard,"Who were the directors of the 2009 American science fiction film starring the actor who played Dexter Morgan in the Showtime TV Network series ""Dexter""?",Gamer (film) | Michael C. Hall,10,0,0,"{""Gamer (film)"":null,""Michael C. Hall"":3}","{""Gamer (film)"":null,""Michael C. Hall"":1}",stable_miss
pooled,5abbd3ac55429931dba1458b,comparison,hard,Are both Duke Energy and Affiliated Managers Group based in Massachusetts?,Affiliated Managers Group | Duke Energy,2,1,1,"{""Affiliated Managers Group"":2,""Duke Energy"":1}","{""Affiliated Managers Group"":1,""Duke Energy"":2}",stable_hit
pooled,5abbd3ac55429931dba1458b,comparison,hard,Are both Duke Energy and Affiliated Managers Group based in Massachusetts?,Affiliated Managers Group | Duke Energy,5,1,1,"{""Affiliated Managers Group"":2,""Duke Energy"":1}","{""Affiliated Managers Group"":1,""Duke Energy"":2}",stable_hit
pooled,5abbd3ac55429931dba1458b,comparison,hard,Are both Duke Energy and Affiliated Managers Group based in Massachusetts?,Affiliated Managers Group | Duke Energy,10,1,1,"{""Affiliated Managers Group"":2,""Duke Energy"":1}","{""Affiliated Managers Group"":1,""Duke Energy"":2}",stable_hit
pooled,5abbf698554299114383a0b5,bridge,hard,Which British first-generation jet-powered medium bomber was used in the South West Pacific theatre of World War II?,English Electric Canberra | No. 2 Squadron RAAF,2,0,0,"{""English Electric Canberra"":1,""No. 2 Squadron RAAF"":3}","{""English Electric Canberra"":1,""No. 2 Squadron RAAF"":5}",stable_miss
pooled,5abbf698554299114383a0b5,bridge,hard,Which British first-generation jet-powered medium bomber was used in the South West Pacific theatre of World War II?,English Electric Canberra | No. 2 Squadron RAAF,5,1,1,"{""English Electric Canberra"":1,""No. 2 Squadron RAAF"":3}","{""English Electric Canberra"":1,""No. 2 Squadron RAAF"":5}",stable_hit
pooled,5abbf698554299114383a0b5,bridge,hard,Which British first-generation jet-powered medium bomber was used in the South West Pacific theatre of World War II?,English Electric Canberra | No. 2 Squadron RAAF,10,1,1,"{""English Electric Canberra"":1,""No. 2 Squadron RAAF"":3}","{""English Electric Canberra"":1,""No. 2 Squadron RAAF"":5}",stable_hit
pooled,5abc0a5d5542993f40c73c64,comparison,hard,Are Freakonomics and In the Realm of the Hackers both American documentaries?,Freakonomics (film) | In the Realm of the Hackers,2,0,1,"{""Freakonomics (film)"":1,""In the Realm of the Hackers"":4}","{""Freakonomics (film)"":2,""In the Realm of the Hackers"":1}",rescue
pooled,5abc0a5d5542993f40c73c64,comparison,hard,Are Freakonomics and In the Realm of the Hackers both American documentaries?,Freakonomics (film) | In the Realm of the Hackers,5,1,1,"{""Freakonomics (film)"":1,""In the Realm of the Hackers"":4}","{""Freakonomics (film)"":2,""In the Realm of the Hackers"":1}",stable_hit
pooled,5abc0a5d5542993f40c73c64,comparison,hard,Are Freakonomics and In the Realm of the Hackers both American documentaries?,Freakonomics (film) | In the Realm of the Hackers,10,1,1,"{""Freakonomics (film)"":1,""In the Realm of the Hackers"":4}","{""Freakonomics (film)"":2,""In the Realm of the Hackers"":1}",stable_hit
pooled,5abc3a65554299700f9d782d,bridge,hard,Candy Coburn has shared the stage with an American country music group with who playing guitar?,Candy Coburn | Lady Antebellum,2,0,1,"{""Candy Coburn"":1,""Lady Antebellum"":23}","{""Candy Coburn"":1,""Lady Antebellum"":2}",rescue
pooled,5abc3a65554299700f9d782d,bridge,hard,Candy Coburn has shared the stage with an American country music group with who playing guitar?,Candy Coburn | Lady Antebellum,5,0,1,"{""Candy Coburn"":1,""Lady Antebellum"":23}","{""Candy Coburn"":1,""Lady Antebellum"":2}",rescue
pooled,5abc3a65554299700f9d782d,bridge,hard,Candy Coburn has shared the stage with an American country music group with who playing guitar?,Candy Coburn | Lady Antebellum,10,0,1,"{""Candy Coburn"":1,""Lady Antebellum"":23}","{""Candy Coburn"":1,""Lady Antebellum"":2}",rescue
pooled,5abc5951554299114383a116,bridge,hard,"Which Argentine telenovela broadcast by Telefe from March 12 to December 19, 2012 starred Isabel Macedo as Jimena Benitez?",Graduados | Patricia Longo,2,0,1,"{""Graduados"":7,""Patricia Longo"":1}","{""Graduados"":2,""Patricia Longo"":1}",rescue
pooled,5abc5951554299114383a116,bridge,hard,"Which Argentine telenovela broadcast by Telefe from March 12 to December 19, 2012 starred Isabel Macedo as Jimena Benitez?",Graduados | Patricia Longo,5,0,1,"{""Graduados"":7,""Patricia Longo"":1}","{""Graduados"":2,""Patricia Longo"":1}",rescue
pooled,5abc5951554299114383a116,bridge,hard,"Which Argentine telenovela broadcast by Telefe from March 12 to December 19, 2012 starred Isabel Macedo as Jimena Benitez?",Graduados | Patricia Longo,10,1,1,"{""Graduados"":7,""Patricia Longo"":1}","{""Graduados"":2,""Patricia Longo"":1}",stable_hit
pooled,5abc8620554299700f9d78e2,comparison,hard,What type of media does Bitter Jester and Sicko have in common?,Bitter Jester | Sicko,2,0,0,"{""Bitter Jester"":1,""Sicko"":4}","{""Bitter Jester"":1,""Sicko"":3}",stable_miss
pooled,5abc8620554299700f9d78e2,comparison,hard,What type of media does Bitter Jester and Sicko have in common?,Bitter Jester | Sicko,5,1,1,"{""Bitter Jester"":1,""Sicko"":4}","{""Bitter Jester"":1,""Sicko"":3}",stable_hit
pooled,5abc8620554299700f9d78e2,comparison,hard,What type of media does Bitter Jester and Sicko have in common?,Bitter Jester | Sicko,10,1,1,"{""Bitter Jester"":1,""Sicko"":4}","{""Bitter Jester"":1,""Sicko"":3}",stable_hit
pooled,5abc8d75554299700f9d7900,bridge,hard,"Since 2 June 2017, The Leader of Fine Gael had been held by which Irish Fine Gael politician who has served as Taoiseach and Minister for Defence?",Leader of Fine Gael | Leo Varadkar,2,0,0,"{""Leader of Fine Gael"":1,""Leo Varadkar"":5}","{""Leader of Fine Gael"":3,""Leo Varadkar"":1}",stable_miss
pooled,5abc8d75554299700f9d7900,bridge,hard,"Since 2 June 2017, The Leader of Fine Gael had been held by which Irish Fine Gael politician who has served as Taoiseach and Minister for Defence?",Leader of Fine Gael | Leo Varadkar,5,1,1,"{""Leader of Fine Gael"":1,""Leo Varadkar"":5}","{""Leader of Fine Gael"":3,""Leo Varadkar"":1}",stable_hit
pooled,5abc8d75554299700f9d7900,bridge,hard,"Since 2 June 2017, The Leader of Fine Gael had been held by which Irish Fine Gael politician who has served as Taoiseach and Minister for Defence?",Leader of Fine Gael | Leo Varadkar,10,1,1,"{""Leader of Fine Gael"":1,""Leo Varadkar"":5}","{""Leader of Fine Gael"":3,""Leo Varadkar"":1}",stable_hit
pooled,5abcc96c5542996583600492,bridge,hard,What is the name of the film starring Rose McGowan and features the character Earl McGraw's daughter?,Earl and Edgar McGraw | Planet Terror,2,0,0,"{""Earl and Edgar McGraw"":1,""Planet Terror"":null}","{""Earl and Edgar McGraw"":1,""Planet Terror"":null}",stable_miss
pooled,5abcc96c5542996583600492,bridge,hard,What is the name of the film starring Rose McGowan and features the character Earl McGraw's daughter?,Earl and Edgar McGraw | Planet Terror,5,0,0,"{""Earl and Edgar McGraw"":1,""Planet Terror"":null}","{""Earl and Edgar McGraw"":1,""Planet Terror"":null}",stable_miss
pooled,5abcc96c5542996583600492,bridge,hard,What is the name of the film starring Rose McGowan and features the character Earl McGraw's daughter?,Earl and Edgar McGraw | Planet Terror,10,0,0,"{""Earl and Edgar McGraw"":1,""Planet Terror"":null}","{""Earl and Edgar McGraw"":1,""Planet Terror"":null}",stable_miss
pooled,5abcfc365542993a06baf9d6,bridge,hard,"What year did the series on CBS, starring the actor who known for his role in ""Rebel Without a Cause,"" air?",CBS Television Workshop | James Dean,2,0,0,"{""CBS Television Workshop"":6,""James Dean"":4}","{""CBS Television Workshop"":7,""James Dean"":1}",stable_miss
pooled,5abcfc365542993a06baf9d6,bridge,hard,"What year did the series on CBS, starring the actor who known for his role in ""Rebel Without a Cause,"" air?",CBS Television Workshop | James Dean,5,0,0,"{""CBS Television Workshop"":6,""James Dean"":4}","{""CBS Television Workshop"":7,""James Dean"":1}",stable_miss
pooled,5abcfc365542993a06baf9d6,bridge,hard,"What year did the series on CBS, starring the actor who known for his role in ""Rebel Without a Cause,"" air?",CBS Television Workshop | James Dean,10,1,1,"{""CBS Television Workshop"":6,""James Dean"":4}","{""CBS Television Workshop"":7,""James Dean"":1}",stable_hit
pooled,5abd01205542992ac4f3819b,bridge,hard,Mummulgum is a stop on the Bruxner Highway before reaching the town on the banks of which river?,"Casino, New South Wales | Mummulgum",2,0,0,"{""Casino, New South Wales"":null,""Mummulgum"":1}","{""Casino, New South Wales"":null,""Mummulgum"":1}",stable_miss
pooled,5abd01205542992ac4f3819b,bridge,hard,Mummulgum is a stop on the Bruxner Highway before reaching the town on the banks of which river?,"Casino, New South Wales | Mummulgum",5,0,0,"{""Casino, New South Wales"":null,""Mummulgum"":1}","{""Casino, New South Wales"":null,""Mummulgum"":1}",stable_miss
pooled,5abd01205542992ac4f3819b,bridge,hard,Mummulgum is a stop on the Bruxner Highway before reaching the town on the banks of which river?,"Casino, New South Wales | Mummulgum",10,0,0,"{""Casino, New South Wales"":null,""Mummulgum"":1}","{""Casino, New South Wales"":null,""Mummulgum"":1}",stable_miss
pooled,5abd0d635542992ac4f381b8,bridge,hard,How many days did it take the Best New Artist of 2009 to sell 2 million copies of an album in the UK and break a twenty year old record?,Adele | Robson &amp; Jerome (album),2,0,0,"{""Adele"":15,""Robson &amp; Jerome (album)"":2}","{""Adele"":10,""Robson &amp; Jerome (album)"":1}",stable_miss
pooled,5abd0d635542992ac4f381b8,bridge,hard,How many days did it take the Best New Artist of 2009 to sell 2 million copies of an album in the UK and break a twenty year old record?,Adele | Robson &amp; Jerome (album),5,0,0,"{""Adele"":15,""Robson &amp; Jerome (album)"":2}","{""Adele"":10,""Robson &amp; Jerome (album)"":1}",stable_miss
pooled,5abd0d635542992ac4f381b8,bridge,hard,How many days did it take the Best New Artist of 2009 to sell 2 million copies of an album in the UK and break a twenty year old record?,Adele | Robson &amp; Jerome (album),10,0,1,"{""Adele"":15,""Robson &amp; Jerome (album)"":2}","{""Adele"":10,""Robson &amp; Jerome (album)"":1}",rescue
pooled,5abd1529554299114383a1e3,bridge,hard,What type of magazine is Eugene Habecker the chairman of?,Christianity Today | Eugene Habecker,2,0,0,"{""Christianity Today"":null,""Eugene Habecker"":1}","{""Christianity Today"":null,""Eugene Habecker"":1}",stable_miss
pooled,5abd1529554299114383a1e3,bridge,hard,What type of magazine is Eugene Habecker the chairman of?,Christianity Today | Eugene Habecker,5,0,0,"{""Christianity Today"":null,""Eugene Habecker"":1}","{""Christianity Today"":null,""Eugene Habecker"":1}",stable_miss
pooled,5abd1529554299114383a1e3,bridge,hard,What type of magazine is Eugene Habecker the chairman of?,Christianity Today | Eugene Habecker,10,0,0,"{""Christianity Today"":null,""Eugene Habecker"":1}","{""Christianity Today"":null,""Eugene Habecker"":1}",stable_miss
pooled,5abd259d55429924427fcf1a,comparison,hard,"Are both Dictyosperma, and Huernia described as a genus?",Dictyosperma | Huernia,2,1,1,"{""Dictyosperma"":1,""Huernia"":2}","{""Dictyosperma"":2,""Huernia"":1}",stable_hit
pooled,5abd259d55429924427fcf1a,comparison,hard,"Are both Dictyosperma, and Huernia described as a genus?",Dictyosperma | Huernia,5,1,1,"{""Dictyosperma"":1,""Huernia"":2}","{""Dictyosperma"":2,""Huernia"":1}",stable_hit
pooled,5abd259d55429924427fcf1a,comparison,hard,"Are both Dictyosperma, and Huernia described as a genus?",Dictyosperma | Huernia,10,1,1,"{""Dictyosperma"":1,""Huernia"":2}","{""Dictyosperma"":2,""Huernia"":1}",stable_hit
pooled,5abd2eab5542992ac4f38210,bridge,hard,Which suburb is a soap opera featuring a character named Beverly Marshall set in?,Beverly Marshall | Ramsay Street,2,0,0,"{""Beverly Marshall"":1,""Ramsay Street"":7}","{""Beverly Marshall"":1,""Ramsay Street"":4}",stable_miss
pooled,5abd2eab5542992ac4f38210,bridge,hard,Which suburb is a soap opera featuring a character named Beverly Marshall set in?,Beverly Marshall | Ramsay Street,5,0,1,"{""Beverly Marshall"":1,""Ramsay Street"":7}","{""Beverly Marshall"":1,""Ramsay Street"":4}",rescue
pooled,5abd2eab5542992ac4f38210,bridge,hard,Which suburb is a soap opera featuring a character named Beverly Marshall set in?,Beverly Marshall | Ramsay Street,10,1,1,"{""Beverly Marshall"":1,""Ramsay Street"":7}","{""Beverly Marshall"":1,""Ramsay Street"":4}",stable_hit
pooled,5abd6bf055429933744ab7c8,bridge,hard,"What Division was the college footbal team that fired their head coach on November 24, 2006?",2006 Miami Hurricanes football team | Larry Coker,2,0,0,"{""2006 Miami Hurricanes football team"":1,""Larry Coker"":5}","{""2006 Miami Hurricanes football team"":6,""Larry Coker"":1}",stable_miss
pooled,5abd6bf055429933744ab7c8,bridge,hard,"What Division was the college footbal team that fired their head coach on November 24, 2006?",2006 Miami Hurricanes football team | Larry Coker,5,1,0,"{""2006 Miami Hurricanes football team"":1,""Larry Coker"":5}","{""2006 Miami Hurricanes football team"":6,""Larry Coker"":1}",damage
pooled,5abd6bf055429933744ab7c8,bridge,hard,"What Division was the college footbal team that fired their head coach on November 24, 2006?",2006 Miami Hurricanes football team | Larry Coker,10,1,1,"{""2006 Miami Hurricanes football team"":1,""Larry Coker"":5}","{""2006 Miami Hurricanes football team"":6,""Larry Coker"":1}",stable_hit
pooled,5abd94525542992ac4f382d2,bridge,hard,2014 S/S is the debut album of a South Korean boy group that was formed by who?,2014 S/S | Winner (band),2,0,0,"{""2014 S/S"":1,""Winner (band)"":13}","{""2014 S/S"":1,""Winner (band)"":3}",stable_miss
pooled,5abd94525542992ac4f382d2,bridge,hard,2014 S/S is the debut album of a South Korean boy group that was formed by who?,2014 S/S | Winner (band),5,0,1,"{""2014 S/S"":1,""Winner (band)"":13}","{""2014 S/S"":1,""Winner (band)"":3}",rescue
pooled,5abd94525542992ac4f382d2,bridge,hard,2014 S/S is the debut album of a South Korean boy group that was formed by who?,2014 S/S | Winner (band),10,0,1,"{""2014 S/S"":1,""Winner (band)"":13}","{""2014 S/S"":1,""Winner (band)"":3}",rescue
pooled,5abdf12255429976d4830a2f,bridge,hard,The Album Against the Wind was the 11th Album of a Rock singer Robert C Seger born may 6 1945. What was the Rock singers stage name ?,Against the Wind (album) | Bob Seger,2,1,1,"{""Against the Wind (album)"":1,""Bob Seger"":2}","{""Against the Wind (album)"":1,""Bob Seger"":2}",stable_hit
pooled,5abdf12255429976d4830a2f,bridge,hard,The Album Against the Wind was the 11th Album of a Rock singer Robert C Seger born may 6 1945. What was the Rock singers stage name ?,Against the Wind (album) | Bob Seger,5,1,1,"{""Against the Wind (album)"":1,""Bob Seger"":2}","{""Against the Wind (album)"":1,""Bob Seger"":2}",stable_hit
pooled,5abdf12255429976d4830a2f,bridge,hard,The Album Against the Wind was the 11th Album of a Rock singer Robert C Seger born may 6 1945. What was the Rock singers stage name ?,Against the Wind (album) | Bob Seger,10,1,1,"{""Against the Wind (album)"":1,""Bob Seger"":2}","{""Against the Wind (album)"":1,""Bob Seger"":2}",stable_hit
pooled,5abe239355429976d4830a7d,bridge,hard,Jamie Harris is best known for his role as The Hook-Handed Man in a movie directed by who ?,Jamie Harris (actor) | Lemony Snicket's A Series of Unfortunate Events,2,0,0,"{""Jamie Harris (actor)"":1,""Lemony Snicket's A Series of Unfortunate Events"":null}","{""Jamie Harris (actor)"":1,""Lemony Snicket's A Series of Unfortunate Events"":null}",stable_miss
pooled,5abe239355429976d4830a7d,bridge,hard,Jamie Harris is best known for his role as The Hook-Handed Man in a movie directed by who ?,Jamie Harris (actor) | Lemony Snicket's A Series of Unfortunate Events,5,0,0,"{""Jamie Harris (actor)"":1,""Lemony Snicket's A Series of Unfortunate Events"":null}","{""Jamie Harris (actor)"":1,""Lemony Snicket's A Series of Unfortunate Events"":null}",stable_miss
pooled,5abe239355429976d4830a7d,bridge,hard,Jamie Harris is best known for his role as The Hook-Handed Man in a movie directed by who ?,Jamie Harris (actor) | Lemony Snicket's A Series of Unfortunate Events,10,0,0,"{""Jamie Harris (actor)"":1,""Lemony Snicket's A Series of Unfortunate Events"":null}","{""Jamie Harris (actor)"":1,""Lemony Snicket's A Series of Unfortunate Events"":null}",stable_miss
pooled,5abe689a55429976d4830b16,comparison,hard,Which Grand Slam singles tournament have Francesca Schiavone and Olga Morozova both been finalists in?,Francesca Schiavone | Olga Morozova,2,0,0,"{""Francesca Schiavone"":1,""Olga Morozova"":3}","{""Francesca Schiavone"":2,""Olga Morozova"":3}",stable_miss
pooled,5abe689a55429976d4830b16,comparison,hard,Which Grand Slam singles tournament have Francesca Schiavone and Olga Morozova both been finalists in?,Francesca Schiavone | Olga Morozova,5,1,1,"{""Francesca Schiavone"":1,""Olga Morozova"":3}","{""Francesca Schiavone"":2,""Olga Morozova"":3}",stable_hit
pooled,5abe689a55429976d4830b16,comparison,hard,Which Grand Slam singles tournament have Francesca Schiavone and Olga Morozova both been finalists in?,Francesca Schiavone | Olga Morozova,10,1,1,"{""Francesca Schiavone"":1,""Olga Morozova"":3}","{""Francesca Schiavone"":2,""Olga Morozova"":3}",stable_hit
pooled,5abf10b75542997719eab659,bridge,hard,What is the height of the player who won the 2015 AFL Rising Star award?,2015 AFL Rising Star | Jesse Hogan,2,0,1,"{""2015 AFL Rising Star"":1,""Jesse Hogan"":3}","{""2015 AFL Rising Star"":1,""Jesse Hogan"":2}",rescue
pooled,5abf10b75542997719eab659,bridge,hard,What is the height of the player who won the 2015 AFL Rising Star award?,2015 AFL Rising Star | Jesse Hogan,5,1,1,"{""2015 AFL Rising Star"":1,""Jesse Hogan"":3}","{""2015 AFL Rising Star"":1,""Jesse Hogan"":2}",stable_hit
pooled,5abf10b75542997719eab659,bridge,hard,What is the height of the player who won the 2015 AFL Rising Star award?,2015 AFL Rising Star | Jesse Hogan,10,1,1,"{""2015 AFL Rising Star"":1,""Jesse Hogan"":3}","{""2015 AFL Rising Star"":1,""Jesse Hogan"":2}",stable_hit
pooled,5abf44025542993fe9a41def,comparison,hard,which writer has the highest number of skill  Langston Hughes or  Ian McEwan,Ian McEwan | Langston Hughes,2,0,1,"{""Ian McEwan"":4,""Langston Hughes"":1}","{""Ian McEwan"":1,""Langston Hughes"":2}",rescue
pooled,5abf44025542993fe9a41def,comparison,hard,which writer has the highest number of skill  Langston Hughes or  Ian McEwan,Ian McEwan | Langston Hughes,5,1,1,"{""Ian McEwan"":4,""Langston Hughes"":1}","{""Ian McEwan"":1,""Langston Hughes"":2}",stable_hit
pooled,5abf44025542993fe9a41def,comparison,hard,which writer has the highest number of skill  Langston Hughes or  Ian McEwan,Ian McEwan | Langston Hughes,10,1,1,"{""Ian McEwan"":4,""Langston Hughes"":1}","{""Ian McEwan"":1,""Langston Hughes"":2}",stable_hit
pooled,5abf63f15542997ec76fd3ea,bridge,hard,Alexander Kerensky was defeated and destroyed by the Bolsheviks in the course of a civil war that ended when ?,Russian Civil War | Socialist Revolutionary Party,2,0,0,"{""Russian Civil War"":3,""Socialist Revolutionary Party"":5}","{""Russian Civil War"":3,""Socialist Revolutionary Party"":7}",stable_miss
pooled,5abf63f15542997ec76fd3ea,bridge,hard,Alexander Kerensky was defeated and destroyed by the Bolsheviks in the course of a civil war that ended when ?,Russian Civil War | Socialist Revolutionary Party,5,1,0,"{""Russian Civil War"":3,""Socialist Revolutionary Party"":5}","{""Russian Civil War"":3,""Socialist Revolutionary Party"":7}",damage
pooled,5abf63f15542997ec76fd3ea,bridge,hard,Alexander Kerensky was defeated and destroyed by the Bolsheviks in the course of a civil war that ended when ?,Russian Civil War | Socialist Revolutionary Party,10,1,1,"{""Russian Civil War"":3,""Socialist Revolutionary Party"":5}","{""Russian Civil War"":3,""Socialist Revolutionary Party"":7}",stable_hit
pooled,5abfb3425542990832d3a1c0,bridge,hard,Andrew Jaspan was the co-founder of what not-for-profit media outlet?,Andrew Jaspan | The Conversation (website),2,0,0,"{""Andrew Jaspan"":1,""The Conversation (website)"":null}","{""Andrew Jaspan"":1,""The Conversation (website)"":null}",stable_miss
pooled,5abfb3425542990832d3a1c0,bridge,hard,Andrew Jaspan was the co-founder of what not-for-profit media outlet?,Andrew Jaspan | The Conversation (website),5,0,0,"{""Andrew Jaspan"":1,""The Conversation (website)"":null}","{""Andrew Jaspan"":1,""The Conversation (website)"":null}",stable_miss
pooled,5abfb3425542990832d3a1c0,bridge,hard,Andrew Jaspan was the co-founder of what not-for-profit media outlet?,Andrew Jaspan | The Conversation (website),10,0,0,"{""Andrew Jaspan"":1,""The Conversation (website)"":null}","{""Andrew Jaspan"":1,""The Conversation (website)"":null}",stable_miss
pooled,5abffc41554299012d1db551,bridge,hard,"The 1984 film ""Marlene"" is a documentary about an actress born in what year?",Marlene (1984 film) | Marlene Dietrich,2,1,1,"{""Marlene (1984 film)"":1,""Marlene Dietrich"":2}","{""Marlene (1984 film)"":1,""Marlene Dietrich"":2}",stable_hit
pooled,5abffc41554299012d1db551,bridge,hard,"The 1984 film ""Marlene"" is a documentary about an actress born in what year?",Marlene (1984 film) | Marlene Dietrich,5,1,1,"{""Marlene (1984 film)"":1,""Marlene Dietrich"":2}","{""Marlene (1984 film)"":1,""Marlene Dietrich"":2}",stable_hit
pooled,5abffc41554299012d1db551,bridge,hard,"The 1984 film ""Marlene"" is a documentary about an actress born in what year?",Marlene (1984 film) | Marlene Dietrich,10,1,1,"{""Marlene (1984 film)"":1,""Marlene Dietrich"":2}","{""Marlene (1984 film)"":1,""Marlene Dietrich"":2}",stable_hit
pooled,5ac01bb8554299012d1db5a6,bridge,hard,"Which American character actor who starred on the television series ""Stargate SG-1"" (1997–2007) and appeared in ""Episode 8"" of ""Twin Peaks"" as a guest star?",Don S. Davis | Episode 8 (Twin Peaks),2,0,0,"{""Don S. Davis"":1,""Episode 8 (Twin Peaks)"":10}","{""Don S. Davis"":1,""Episode 8 (Twin Peaks)"":9}",stable_miss
pooled,5ac01bb8554299012d1db5a6,bridge,hard,"Which American character actor who starred on the television series ""Stargate SG-1"" (1997–2007) and appeared in ""Episode 8"" of ""Twin Peaks"" as a guest star?",Don S. Davis | Episode 8 (Twin Peaks),5,0,0,"{""Don S. Davis"":1,""Episode 8 (Twin Peaks)"":10}","{""Don S. Davis"":1,""Episode 8 (Twin Peaks)"":9}",stable_miss
pooled,5ac01bb8554299012d1db5a6,bridge,hard,"Which American character actor who starred on the television series ""Stargate SG-1"" (1997–2007) and appeared in ""Episode 8"" of ""Twin Peaks"" as a guest star?",Don S. Davis | Episode 8 (Twin Peaks),10,1,1,"{""Don S. Davis"":1,""Episode 8 (Twin Peaks)"":10}","{""Don S. Davis"":1,""Episode 8 (Twin Peaks)"":9}",stable_hit
pooled,5ac01bca5542992a796dec8d,bridge,hard,What 2017 Christopher B. Landon directed American slasher film is Jessica Rothe starring in?,Happy Death Day | Jessica Rothe,2,0,1,"{""Happy Death Day"":3,""Jessica Rothe"":7}","{""Happy Death Day"":1,""Jessica Rothe"":2}",rescue
pooled,5ac01bca5542992a796dec8d,bridge,hard,What 2017 Christopher B. Landon directed American slasher film is Jessica Rothe starring in?,Happy Death Day | Jessica Rothe,5,0,1,"{""Happy Death Day"":3,""Jessica Rothe"":7}","{""Happy Death Day"":1,""Jessica Rothe"":2}",rescue
pooled,5ac01bca5542992a796dec8d,bridge,hard,What 2017 Christopher B. Landon directed American slasher film is Jessica Rothe starring in?,Happy Death Day | Jessica Rothe,10,1,1,"{""Happy Death Day"":3,""Jessica Rothe"":7}","{""Happy Death Day"":1,""Jessica Rothe"":2}",stable_hit
pooled,5ac02e31554299294b218f3f,bridge,hard,Which post DC Extended Universe actress will also play a role in what is intended to be the fifth installment of the DC Extended Universe?,Gal Gadot | Justice League (film),2,0,0,"{""Gal Gadot"":4,""Justice League (film)"":3}","{""Gal Gadot"":3,""Justice League (film)"":1}",stable_miss
pooled,5ac02e31554299294b218f3f,bridge,hard,Which post DC Extended Universe actress will also play a role in what is intended to be the fifth installment of the DC Extended Universe?,Gal Gadot | Justice League (film),5,1,1,"{""Gal Gadot"":4,""Justice League (film)"":3}","{""Gal Gadot"":3,""Justice League (film)"":1}",stable_hit
pooled,5ac02e31554299294b218f3f,bridge,hard,Which post DC Extended Universe actress will also play a role in what is intended to be the fifth installment of the DC Extended Universe?,Gal Gadot | Justice League (film),10,1,1,"{""Gal Gadot"":4,""Justice League (film)"":3}","{""Gal Gadot"":3,""Justice League (film)"":1}",stable_hit
pooled,5ac02edb554299294b218f41,bridge,hard,The 37th Disney animated feature film Tarzan features You'll be in my heart by which artist?,Tarzan (1999 film) | You'll Be in My Heart,2,1,1,"{""Tarzan (1999 film)"":2,""You'll Be in My Heart"":1}","{""Tarzan (1999 film)"":2,""You'll Be in My Heart"":1}",stable_hit
pooled,5ac02edb554299294b218f41,bridge,hard,The 37th Disney animated feature film Tarzan features You'll be in my heart by which artist?,Tarzan (1999 film) | You'll Be in My Heart,5,1,1,"{""Tarzan (1999 film)"":2,""You'll Be in My Heart"":1}","{""Tarzan (1999 film)"":2,""You'll Be in My Heart"":1}",stable_hit
pooled,5ac02edb554299294b218f41,bridge,hard,The 37th Disney animated feature film Tarzan features You'll be in my heart by which artist?,Tarzan (1999 film) | You'll Be in My Heart,10,1,1,"{""Tarzan (1999 film)"":2,""You'll Be in My Heart"":1}","{""Tarzan (1999 film)"":2,""You'll Be in My Heart"":1}",stable_hit
pooled,5ac038db554299294b218f57,bridge,hard,Which of the movie which has Rich Lee 3-D previsualizations was directed by Francis Lawrence?,Constantine (film) | Rich Lee,2,0,0,"{""Constantine (film)"":null,""Rich Lee"":1}","{""Constantine (film)"":null,""Rich Lee"":1}",stable_miss
pooled,5ac038db554299294b218f57,bridge,hard,Which of the movie which has Rich Lee 3-D previsualizations was directed by Francis Lawrence?,Constantine (film) | Rich Lee,5,0,0,"{""Constantine (film)"":null,""Rich Lee"":1}","{""Constantine (film)"":null,""Rich Lee"":1}",stable_miss
pooled,5ac038db554299294b218f57,bridge,hard,Which of the movie which has Rich Lee 3-D previsualizations was directed by Francis Lawrence?,Constantine (film) | Rich Lee,10,0,0,"{""Constantine (film)"":null,""Rich Lee"":1}","{""Constantine (film)"":null,""Rich Lee"":1}",stable_miss
pooled,5ac056385542997d64295a08,bridge,hard,Ambrose Mendy has managed and/or advised a British professional boxer that as of July 2017 is ranked the world's seventh best super middleweight by who?,Ambrose Mendy | Chris Eubank Jr.,2,1,1,"{""Ambrose Mendy"":1,""Chris Eubank Jr."":2}","{""Ambrose Mendy"":1,""Chris Eubank Jr."":2}",stable_hit
pooled,5ac056385542997d64295a08,bridge,hard,Ambrose Mendy has managed and/or advised a British professional boxer that as of July 2017 is ranked the world's seventh best super middleweight by who?,Ambrose Mendy | Chris Eubank Jr.,5,1,1,"{""Ambrose Mendy"":1,""Chris Eubank Jr."":2}","{""Ambrose Mendy"":1,""Chris Eubank Jr."":2}",stable_hit
pooled,5ac056385542997d64295a08,bridge,hard,Ambrose Mendy has managed and/or advised a British professional boxer that as of July 2017 is ranked the world's seventh best super middleweight by who?,Ambrose Mendy | Chris Eubank Jr.,10,1,1,"{""Ambrose Mendy"":1,""Chris Eubank Jr."":2}","{""Ambrose Mendy"":1,""Chris Eubank Jr."":2}",stable_hit
pooled,5ac0cf0f554299294b219018,comparison,hard,"Which band has more members, Test Icicles or X Ambassadors?",Test Icicles | X Ambassadors,2,1,1,"{""Test Icicles"":1,""X Ambassadors"":2}","{""Test Icicles"":2,""X Ambassadors"":1}",stable_hit
pooled,5ac0cf0f554299294b219018,comparison,hard,"Which band has more members, Test Icicles or X Ambassadors?",Test Icicles | X Ambassadors,5,1,1,"{""Test Icicles"":1,""X Ambassadors"":2}","{""Test Icicles"":2,""X Ambassadors"":1}",stable_hit
pooled,5ac0cf0f554299294b219018,comparison,hard,"Which band has more members, Test Icicles or X Ambassadors?",Test Icicles | X Ambassadors,10,1,1,"{""Test Icicles"":1,""X Ambassadors"":2}","{""Test Icicles"":2,""X Ambassadors"":1}",stable_hit
pooled,5ac0d83a554299294b219038,bridge,hard,Randall Cunningham II was a multi-sport athlete at the high school located in what Nevada city?,Bishop Gorman High School | Randall Cunningham II,2,0,0,"{""Bishop Gorman High School"":7,""Randall Cunningham II"":1}","{""Bishop Gorman High School"":6,""Randall Cunningham II"":1}",stable_miss
pooled,5ac0d83a554299294b219038,bridge,hard,Randall Cunningham II was a multi-sport athlete at the high school located in what Nevada city?,Bishop Gorman High School | Randall Cunningham II,5,0,0,"{""Bishop Gorman High School"":7,""Randall Cunningham II"":1}","{""Bishop Gorman High School"":6,""Randall Cunningham II"":1}",stable_miss
pooled,5ac0d83a554299294b219038,bridge,hard,Randall Cunningham II was a multi-sport athlete at the high school located in what Nevada city?,Bishop Gorman High School | Randall Cunningham II,10,1,1,"{""Bishop Gorman High School"":7,""Randall Cunningham II"":1}","{""Bishop Gorman High School"":6,""Randall Cunningham II"":1}",stable_hit
pooled,5ac119335542992a796dede4,bridge,hard,I'd Come for You is a single by the band formed in what Alberta city?,I'd Come for You | Nickelback,2,0,0,"{""I'd Come for You"":1,""Nickelback"":null}","{""I'd Come for You"":1,""Nickelback"":null}",stable_miss
pooled,5ac119335542992a796dede4,bridge,hard,I'd Come for You is a single by the band formed in what Alberta city?,I'd Come for You | Nickelback,5,0,0,"{""I'd Come for You"":1,""Nickelback"":null}","{""I'd Come for You"":1,""Nickelback"":null}",stable_miss
pooled,5ac119335542992a796dede4,bridge,hard,I'd Come for You is a single by the band formed in what Alberta city?,I'd Come for You | Nickelback,10,0,0,"{""I'd Come for You"":1,""Nickelback"":null}","{""I'd Come for You"":1,""Nickelback"":null}",stable_miss
pooled,5ac120c55542992a796dedfc,bridge,hard,Maxeda has been owned since 2004 by which American multinational equity firm?,Kohlberg Kravis Roberts | Maxeda,2,0,0,"{""Kohlberg Kravis Roberts"":null,""Maxeda"":1}","{""Kohlberg Kravis Roberts"":null,""Maxeda"":1}",stable_miss
pooled,5ac120c55542992a796dedfc,bridge,hard,Maxeda has been owned since 2004 by which American multinational equity firm?,Kohlberg Kravis Roberts | Maxeda,5,0,0,"{""Kohlberg Kravis Roberts"":null,""Maxeda"":1}","{""Kohlberg Kravis Roberts"":null,""Maxeda"":1}",stable_miss
pooled,5ac120c55542992a796dedfc,bridge,hard,Maxeda has been owned since 2004 by which American multinational equity firm?,Kohlberg Kravis Roberts | Maxeda,10,0,0,"{""Kohlberg Kravis Roberts"":null,""Maxeda"":1}","{""Kohlberg Kravis Roberts"":null,""Maxeda"":1}",stable_miss
pooled,5ac1795f5542994ab5c67d5f,bridge,hard,Who is known for producing the documentary television series based on the book by science historian James Burke?,Connections (TV series) | James Burke (science historian),2,0,1,"{""Connections (TV series)"":3,""James Burke (science historian)"":2}","{""Connections (TV series)"":2,""James Burke (science historian)"":1}",rescue
pooled,5ac1795f5542994ab5c67d5f,bridge,hard,Who is known for producing the documentary television series based on the book by science historian James Burke?,Connections (TV series) | James Burke (science historian),5,1,1,"{""Connections (TV series)"":3,""James Burke (science historian)"":2}","{""Connections (TV series)"":2,""James Burke (science historian)"":1}",stable_hit
pooled,5ac1795f5542994ab5c67d5f,bridge,hard,Who is known for producing the documentary television series based on the book by science historian James Burke?,Connections (TV series) | James Burke (science historian),10,1,1,"{""Connections (TV series)"":3,""James Burke (science historian)"":2}","{""Connections (TV series)"":2,""James Burke (science historian)"":1}",stable_hit
pooled,5ac1a3665542994ab5c67daf,bridge,hard,What was position of the man who served Prince Andrew from 1990-2001? ,"Neil Blair | Prince Andrew, Duke of York",2,0,0,"{""Neil Blair"":5,""Prince Andrew, Duke of York"":1}","{""Neil Blair"":2,""Prince Andrew, Duke of York"":3}",stable_miss
pooled,5ac1a3665542994ab5c67daf,bridge,hard,What was position of the man who served Prince Andrew from 1990-2001? ,"Neil Blair | Prince Andrew, Duke of York",5,1,1,"{""Neil Blair"":5,""Prince Andrew, Duke of York"":1}","{""Neil Blair"":2,""Prince Andrew, Duke of York"":3}",stable_hit
pooled,5ac1a3665542994ab5c67daf,bridge,hard,What was position of the man who served Prince Andrew from 1990-2001? ,"Neil Blair | Prince Andrew, Duke of York",10,1,1,"{""Neil Blair"":5,""Prince Andrew, Duke of York"":1}","{""Neil Blair"":2,""Prince Andrew, Duke of York"":3}",stable_hit
pooled,5ac1b8ee5542994d76dccedc,comparison,hard,"Which filmmaker was known for animation, Lev Yilmaz or Pamela B. Green?",Lev Yilmaz | Pamela B. Green,2,1,1,"{""Lev Yilmaz"":2,""Pamela B. Green"":1}","{""Lev Yilmaz"":2,""Pamela B. Green"":1}",stable_hit
pooled,5ac1b8ee5542994d76dccedc,comparison,hard,"Which filmmaker was known for animation, Lev Yilmaz or Pamela B. Green?",Lev Yilmaz | Pamela B. Green,5,1,1,"{""Lev Yilmaz"":2,""Pamela B. Green"":1}","{""Lev Yilmaz"":2,""Pamela B. Green"":1}",stable_hit
pooled,5ac1b8ee5542994d76dccedc,comparison,hard,"Which filmmaker was known for animation, Lev Yilmaz or Pamela B. Green?",Lev Yilmaz | Pamela B. Green,10,1,1,"{""Lev Yilmaz"":2,""Pamela B. Green"":1}","{""Lev Yilmaz"":2,""Pamela B. Green"":1}",stable_hit
pooled,5ac1c6805542994ab5c67e11,bridge,hard,For what type of work is the production company for The Year Without a Santa Claus best known?,Rankin/Bass Productions | The Year Without a Santa Claus,2,0,0,"{""Rankin/Bass Productions"":17,""The Year Without a Santa Claus"":1}","{""Rankin/Bass Productions"":11,""The Year Without a Santa Claus"":1}",stable_miss
pooled,5ac1c6805542994ab5c67e11,bridge,hard,For what type of work is the production company for The Year Without a Santa Claus best known?,Rankin/Bass Productions | The Year Without a Santa Claus,5,0,0,"{""Rankin/Bass Productions"":17,""The Year Without a Santa Claus"":1}","{""Rankin/Bass Productions"":11,""The Year Without a Santa Claus"":1}",stable_miss
pooled,5ac1c6805542994ab5c67e11,bridge,hard,For what type of work is the production company for The Year Without a Santa Claus best known?,Rankin/Bass Productions | The Year Without a Santa Claus,10,0,0,"{""Rankin/Bass Productions"":17,""The Year Without a Santa Claus"":1}","{""Rankin/Bass Productions"":11,""The Year Without a Santa Claus"":1}",stable_miss
pooled,5ac1f4495542991316484bd2,comparison,hard,"Who has more scope of profession, Phil Rosen or  Delmer Daves?",Delmer Daves | Phil Rosen,2,1,1,"{""Delmer Daves"":2,""Phil Rosen"":1}","{""Delmer Daves"":2,""Phil Rosen"":1}",stable_hit
pooled,5ac1f4495542991316484bd2,comparison,hard,"Who has more scope of profession, Phil Rosen or  Delmer Daves?",Delmer Daves | Phil Rosen,5,1,1,"{""Delmer Daves"":2,""Phil Rosen"":1}","{""Delmer Daves"":2,""Phil Rosen"":1}",stable_hit
pooled,5ac1f4495542991316484bd2,comparison,hard,"Who has more scope of profession, Phil Rosen or  Delmer Daves?",Delmer Daves | Phil Rosen,10,1,1,"{""Delmer Daves"":2,""Phil Rosen"":1}","{""Delmer Daves"":2,""Phil Rosen"":1}",stable_hit
pooled,5ac23ff0554299636651994d,bridge,hard,"When was Poison's album ""Shut Up, Make Love"" released?","Poison (American band) | Shut Up, Make Love",2,1,0,"{""Poison (American band)"":2,""Shut Up, Make Love"":1}","{""Poison (American band)"":3,""Shut Up, Make Love"":1}",damage
pooled,5ac23ff0554299636651994d,bridge,hard,"When was Poison's album ""Shut Up, Make Love"" released?","Poison (American band) | Shut Up, Make Love",5,1,1,"{""Poison (American band)"":2,""Shut Up, Make Love"":1}","{""Poison (American band)"":3,""Shut Up, Make Love"":1}",stable_hit
pooled,5ac23ff0554299636651994d,bridge,hard,"When was Poison's album ""Shut Up, Make Love"" released?","Poison (American band) | Shut Up, Make Love",10,1,1,"{""Poison (American band)"":2,""Shut Up, Make Love"":1}","{""Poison (American band)"":3,""Shut Up, Make Love"":1}",stable_hit
pooled,5ac2659b55429963665199a1,bridge,hard,"How many laps did Harry Prowell run during the 10,000 metres race at the 1967 Pan American Games?","10,000 metres | Harry Prowell",2,0,1,"{""10,000 metres"":4,""Harry Prowell"":1}","{""10,000 metres"":2,""Harry Prowell"":1}",rescue
pooled,5ac2659b55429963665199a1,bridge,hard,"How many laps did Harry Prowell run during the 10,000 metres race at the 1967 Pan American Games?","10,000 metres | Harry Prowell",5,1,1,"{""10,000 metres"":4,""Harry Prowell"":1}","{""10,000 metres"":2,""Harry Prowell"":1}",stable_hit
pooled,5ac2659b55429963665199a1,bridge,hard,"How many laps did Harry Prowell run during the 10,000 metres race at the 1967 Pan American Games?","10,000 metres | Harry Prowell",10,1,1,"{""10,000 metres"":4,""Harry Prowell"":1}","{""10,000 metres"":2,""Harry Prowell"":1}",stable_hit
pooled,5ac289ff5542996366519a02,comparison,hard,Is the Marsilea or the Brabejum the genus of more individual species of plants?,Brabejum | Marsilea,2,0,1,"{""Brabejum"":3,""Marsilea"":1}","{""Brabejum"":2,""Marsilea"":1}",rescue
pooled,5ac289ff5542996366519a02,comparison,hard,Is the Marsilea or the Brabejum the genus of more individual species of plants?,Brabejum | Marsilea,5,1,1,"{""Brabejum"":3,""Marsilea"":1}","{""Brabejum"":2,""Marsilea"":1}",stable_hit
pooled,5ac289ff5542996366519a02,comparison,hard,Is the Marsilea or the Brabejum the genus of more individual species of plants?,Brabejum | Marsilea,10,1,1,"{""Brabejum"":3,""Marsilea"":1}","{""Brabejum"":2,""Marsilea"":1}",stable_hit
pooled,5ac298f9554299657fa28fc9,comparison,hard,"Josey Scott and Ian Watkins were both promising musicians. Which of these talented men was incarcerated, impacting his career with a rock band?",Ian Watkins (Lostprophets) | Josey Scott,2,0,1,"{""Ian Watkins (Lostprophets)"":1,""Josey Scott"":17}","{""Ian Watkins (Lostprophets)"":1,""Josey Scott"":2}",rescue
pooled,5ac298f9554299657fa28fc9,comparison,hard,"Josey Scott and Ian Watkins were both promising musicians. Which of these talented men was incarcerated, impacting his career with a rock band?",Ian Watkins (Lostprophets) | Josey Scott,5,0,1,"{""Ian Watkins (Lostprophets)"":1,""Josey Scott"":17}","{""Ian Watkins (Lostprophets)"":1,""Josey Scott"":2}",rescue
pooled,5ac298f9554299657fa28fc9,comparison,hard,"Josey Scott and Ian Watkins were both promising musicians. Which of these talented men was incarcerated, impacting his career with a rock band?",Ian Watkins (Lostprophets) | Josey Scott,10,0,1,"{""Ian Watkins (Lostprophets)"":1,""Josey Scott"":17}","{""Ian Watkins (Lostprophets)"":1,""Josey Scott"":2}",rescue
pooled,5ac2a399554299218029dada,bridge,hard,Who programmed a cartridge-based development system made by a company noted for authoring Atari's BASIC?,Atari Assembler Editor | Shepardson Microsystems,2,0,1,"{""Atari Assembler Editor"":1,""Shepardson Microsystems"":7}","{""Atari Assembler Editor"":1,""Shepardson Microsystems"":2}",rescue
pooled,5ac2a399554299218029dada,bridge,hard,Who programmed a cartridge-based development system made by a company noted for authoring Atari's BASIC?,Atari Assembler Editor | Shepardson Microsystems,5,0,1,"{""Atari Assembler Editor"":1,""Shepardson Microsystems"":7}","{""Atari Assembler Editor"":1,""Shepardson Microsystems"":2}",rescue
pooled,5ac2a399554299218029dada,bridge,hard,Who programmed a cartridge-based development system made by a company noted for authoring Atari's BASIC?,Atari Assembler Editor | Shepardson Microsystems,10,1,1,"{""Atari Assembler Editor"":1,""Shepardson Microsystems"":7}","{""Atari Assembler Editor"":1,""Shepardson Microsystems"":2}",stable_hit
pooled,5ac2acff55429921a00ab02b,bridge,hard,who is the younger brother of The episode guest stars of The Hard Easy ,Brian Doyle-Murray | The Hard Easy (Adventure Time),2,0,0,"{""Brian Doyle-Murray"":null,""The Hard Easy (Adventure Time)"":2}","{""Brian Doyle-Murray"":null,""The Hard Easy (Adventure Time)"":1}",stable_miss
pooled,5ac2acff55429921a00ab02b,bridge,hard,who is the younger brother of The episode guest stars of The Hard Easy ,Brian Doyle-Murray | The Hard Easy (Adventure Time),5,0,0,"{""Brian Doyle-Murray"":null,""The Hard Easy (Adventure Time)"":2}","{""Brian Doyle-Murray"":null,""The Hard Easy (Adventure Time)"":1}",stable_miss
pooled,5ac2acff55429921a00ab02b,bridge,hard,who is the younger brother of The episode guest stars of The Hard Easy ,Brian Doyle-Murray | The Hard Easy (Adventure Time),10,0,0,"{""Brian Doyle-Murray"":null,""The Hard Easy (Adventure Time)"":2}","{""Brian Doyle-Murray"":null,""The Hard Easy (Adventure Time)"":1}",stable_miss
pooled,5ac2bbd0554299218029db09,bridge,hard,The author of The Thing of It Is... is what Nationality?,The Thing of It Is... | William Goldman,2,0,0,"{""The Thing of It Is..."":1,""William Goldman"":null}","{""The Thing of It Is..."":1,""William Goldman"":null}",stable_miss
pooled,5ac2bbd0554299218029db09,bridge,hard,The author of The Thing of It Is... is what Nationality?,The Thing of It Is... | William Goldman,5,0,0,"{""The Thing of It Is..."":1,""William Goldman"":null}","{""The Thing of It Is..."":1,""William Goldman"":null}",stable_miss
pooled,5ac2bbd0554299218029db09,bridge,hard,The author of The Thing of It Is... is what Nationality?,The Thing of It Is... | William Goldman,10,0,0,"{""The Thing of It Is..."":1,""William Goldman"":null}","{""The Thing of It Is..."":1,""William Goldman"":null}",stable_miss
pooled,5ac2d1d755429921a00ab053,comparison,hard,"Who had the best singles ranking, Roberta Vinci or Jorge Lozano?",Jorge Lozano | Roberta Vinci,2,0,1,"{""Jorge Lozano"":7,""Roberta Vinci"":1}","{""Jorge Lozano"":1,""Roberta Vinci"":2}",rescue
pooled,5ac2d1d755429921a00ab053,comparison,hard,"Who had the best singles ranking, Roberta Vinci or Jorge Lozano?",Jorge Lozano | Roberta Vinci,5,0,1,"{""Jorge Lozano"":7,""Roberta Vinci"":1}","{""Jorge Lozano"":1,""Roberta Vinci"":2}",rescue
pooled,5ac2d1d755429921a00ab053,comparison,hard,"Who had the best singles ranking, Roberta Vinci or Jorge Lozano?",Jorge Lozano | Roberta Vinci,10,1,1,"{""Jorge Lozano"":7,""Roberta Vinci"":1}","{""Jorge Lozano"":1,""Roberta Vinci"":2}",stable_hit
pooled,5ac2ffbd554299677310267b,bridge,hard,SuperMansion starred the actress who had a recurring role as whom on Workaholics?,Jillian Bell | SuperMansion,2,0,1,"{""Jillian Bell"":7,""SuperMansion"":1}","{""Jillian Bell"":2,""SuperMansion"":1}",rescue
pooled,5ac2ffbd554299677310267b,bridge,hard,SuperMansion starred the actress who had a recurring role as whom on Workaholics?,Jillian Bell | SuperMansion,5,0,1,"{""Jillian Bell"":7,""SuperMansion"":1}","{""Jillian Bell"":2,""SuperMansion"":1}",rescue
pooled,5ac2ffbd554299677310267b,bridge,hard,SuperMansion starred the actress who had a recurring role as whom on Workaholics?,Jillian Bell | SuperMansion,10,1,1,"{""Jillian Bell"":7,""SuperMansion"":1}","{""Jillian Bell"":2,""SuperMansion"":1}",stable_hit
pooled,5ac3165c5542995ef918c10a,bridge,hard,Which American film director hosted the 18th Independent Spirit Awards in 2002?,18th Independent Spirit Awards | John Waters,2,0,0,"{""18th Independent Spirit Awards"":1,""John Waters"":44}","{""18th Independent Spirit Awards"":1,""John Waters"":18}",stable_miss
pooled,5ac3165c5542995ef918c10a,bridge,hard,Which American film director hosted the 18th Independent Spirit Awards in 2002?,18th Independent Spirit Awards | John Waters,5,0,0,"{""18th Independent Spirit Awards"":1,""John Waters"":44}","{""18th Independent Spirit Awards"":1,""John Waters"":18}",stable_miss
pooled,5ac3165c5542995ef918c10a,bridge,hard,Which American film director hosted the 18th Independent Spirit Awards in 2002?,18th Independent Spirit Awards | John Waters,10,0,0,"{""18th Independent Spirit Awards"":1,""John Waters"":44}","{""18th Independent Spirit Awards"":1,""John Waters"":18}",stable_miss
pooled,5ac32b565542995ef918c154,bridge,hard,Where is the stadium at which 1964 Georgia Tech Yellow Jackets football team played their home game located? ,1964 Georgia Tech Yellow Jackets football team | Bobby Dodd Stadium,2,0,0,"{""1964 Georgia Tech Yellow Jackets football team"":1,""Bobby Dodd Stadium"":6}","{""1964 Georgia Tech Yellow Jackets football team"":1,""Bobby Dodd Stadium"":4}",stable_miss
pooled,5ac32b565542995ef918c154,bridge,hard,Where is the stadium at which 1964 Georgia Tech Yellow Jackets football team played their home game located? ,1964 Georgia Tech Yellow Jackets football team | Bobby Dodd Stadium,5,0,1,"{""1964 Georgia Tech Yellow Jackets football team"":1,""Bobby Dodd Stadium"":6}","{""1964 Georgia Tech Yellow Jackets football team"":1,""Bobby Dodd Stadium"":4}",rescue
pooled,5ac32b565542995ef918c154,bridge,hard,Where is the stadium at which 1964 Georgia Tech Yellow Jackets football team played their home game located? ,1964 Georgia Tech Yellow Jackets football team | Bobby Dodd Stadium,10,1,1,"{""1964 Georgia Tech Yellow Jackets football team"":1,""Bobby Dodd Stadium"":6}","{""1964 Georgia Tech Yellow Jackets football team"":1,""Bobby Dodd Stadium"":4}",stable_hit
pooled,5ac3ae475542995ef918c1e5,comparison,hard,Are Skeptical Inquirer and The Progressive Populist both tabloid-style magazines?,Skeptical Inquirer | The Progressive Populist,2,1,1,"{""Skeptical Inquirer"":2,""The Progressive Populist"":1}","{""Skeptical Inquirer"":2,""The Progressive Populist"":1}",stable_hit
pooled,5ac3ae475542995ef918c1e5,comparison,hard,Are Skeptical Inquirer and The Progressive Populist both tabloid-style magazines?,Skeptical Inquirer | The Progressive Populist,5,1,1,"{""Skeptical Inquirer"":2,""The Progressive Populist"":1}","{""Skeptical Inquirer"":2,""The Progressive Populist"":1}",stable_hit
pooled,5ac3ae475542995ef918c1e5,comparison,hard,Are Skeptical Inquirer and The Progressive Populist both tabloid-style magazines?,Skeptical Inquirer | The Progressive Populist,10,1,1,"{""Skeptical Inquirer"":2,""The Progressive Populist"":1}","{""Skeptical Inquirer"":2,""The Progressive Populist"":1}",stable_hit
pooled,5ac3d9c9554299204fd21ea3,bridge,hard,Erica Packer was the second wife of what Australian businessman?,Erica Packer | James Packer,2,1,1,"{""Erica Packer"":1,""James Packer"":2}","{""Erica Packer"":1,""James Packer"":2}",stable_hit
pooled,5ac3d9c9554299204fd21ea3,bridge,hard,Erica Packer was the second wife of what Australian businessman?,Erica Packer | James Packer,5,1,1,"{""Erica Packer"":1,""James Packer"":2}","{""Erica Packer"":1,""James Packer"":2}",stable_hit
pooled,5ac3d9c9554299204fd21ea3,bridge,hard,Erica Packer was the second wife of what Australian businessman?,Erica Packer | James Packer,10,1,1,"{""Erica Packer"":1,""James Packer"":2}","{""Erica Packer"":1,""James Packer"":2}",stable_hit
pooled,5ac3e0f7554299194317388b,bridge,hard,Which actor does American Beauty and American Beauty have in common?,American Beauty (1999 film) | American Beauty (soundtrack),2,0,0,"{""American Beauty (1999 film)"":1,""American Beauty (soundtrack)"":6}","{""American Beauty (1999 film)"":1,""American Beauty (soundtrack)"":5}",stable_miss
pooled,5ac3e0f7554299194317388b,bridge,hard,Which actor does American Beauty and American Beauty have in common?,American Beauty (1999 film) | American Beauty (soundtrack),5,0,1,"{""American Beauty (1999 film)"":1,""American Beauty (soundtrack)"":6}","{""American Beauty (1999 film)"":1,""American Beauty (soundtrack)"":5}",rescue
pooled,5ac3e0f7554299194317388b,bridge,hard,Which actor does American Beauty and American Beauty have in common?,American Beauty (1999 film) | American Beauty (soundtrack),10,1,1,"{""American Beauty (1999 film)"":1,""American Beauty (soundtrack)"":6}","{""American Beauty (1999 film)"":1,""American Beauty (soundtrack)"":5}",stable_hit
pooled,5ac4392e5542997ea680ca32,comparison,hard,Were Enrique Carreras and Lionel Ngakane both filmakers during the 20th century? ,Enrique Carreras | Lionel Ngakane,2,1,1,"{""Enrique Carreras"":1,""Lionel Ngakane"":2}","{""Enrique Carreras"":1,""Lionel Ngakane"":2}",stable_hit
pooled,5ac4392e5542997ea680ca32,comparison,hard,Were Enrique Carreras and Lionel Ngakane both filmakers during the 20th century? ,Enrique Carreras | Lionel Ngakane,5,1,1,"{""Enrique Carreras"":1,""Lionel Ngakane"":2}","{""Enrique Carreras"":1,""Lionel Ngakane"":2}",stable_hit
pooled,5ac4392e5542997ea680ca32,comparison,hard,Were Enrique Carreras and Lionel Ngakane both filmakers during the 20th century? ,Enrique Carreras | Lionel Ngakane,10,1,1,"{""Enrique Carreras"":1,""Lionel Ngakane"":2}","{""Enrique Carreras"":1,""Lionel Ngakane"":2}",stable_hit
pooled,5ac45b58554299076e296dad,comparison,hard,"Which has the larger population, Shanghai or Hanggin Rear Banner?",Hanggin Rear Banner | Shanghai,2,0,0,"{""Hanggin Rear Banner"":1,""Shanghai"":4}","{""Hanggin Rear Banner"":1,""Shanghai"":4}",stable_miss
pooled,5ac45b58554299076e296dad,comparison,hard,"Which has the larger population, Shanghai or Hanggin Rear Banner?",Hanggin Rear Banner | Shanghai,5,1,1,"{""Hanggin Rear Banner"":1,""Shanghai"":4}","{""Hanggin Rear Banner"":1,""Shanghai"":4}",stable_hit
pooled,5ac45b58554299076e296dad,comparison,hard,"Which has the larger population, Shanghai or Hanggin Rear Banner?",Hanggin Rear Banner | Shanghai,10,1,1,"{""Hanggin Rear Banner"":1,""Shanghai"":4}","{""Hanggin Rear Banner"":1,""Shanghai"":4}",stable_hit
pooled,5ac497025542997ea680ca8d,bridge,hard,Who were the producers of the show for which Chris McKay made his feature film directorial debut?,Chris McKay | The Lego Batman Movie,2,0,1,"{""Chris McKay"":1,""The Lego Batman Movie"":13}","{""Chris McKay"":1,""The Lego Batman Movie"":2}",rescue
pooled,5ac497025542997ea680ca8d,bridge,hard,Who were the producers of the show for which Chris McKay made his feature film directorial debut?,Chris McKay | The Lego Batman Movie,5,0,1,"{""Chris McKay"":1,""The Lego Batman Movie"":13}","{""Chris McKay"":1,""The Lego Batman Movie"":2}",rescue
pooled,5ac497025542997ea680ca8d,bridge,hard,Who were the producers of the show for which Chris McKay made his feature film directorial debut?,Chris McKay | The Lego Batman Movie,10,0,1,"{""Chris McKay"":1,""The Lego Batman Movie"":13}","{""Chris McKay"":1,""The Lego Batman Movie"":2}",rescue
pooled,5ac5199a5542994611c8b38a,comparison,hard,Can Stenocereus and Pachypodium both include tree like plants?,Pachypodium | Stenocereus,2,1,0,"{""Pachypodium"":1,""Stenocereus"":2}","{""Pachypodium"":3,""Stenocereus"":1}",damage
pooled,5ac5199a5542994611c8b38a,comparison,hard,Can Stenocereus and Pachypodium both include tree like plants?,Pachypodium | Stenocereus,5,1,1,"{""Pachypodium"":1,""Stenocereus"":2}","{""Pachypodium"":3,""Stenocereus"":1}",stable_hit
pooled,5ac5199a5542994611c8b38a,comparison,hard,Can Stenocereus and Pachypodium both include tree like plants?,Pachypodium | Stenocereus,10,1,1,"{""Pachypodium"":1,""Stenocereus"":2}","{""Pachypodium"":3,""Stenocereus"":1}",stable_hit
pooled,5ac52fc35542994611c8b403,bridge,hard,"Which ""Official Ireland"" group comprises about  78.3% of the population of Ireland? ",Catholic Church in Ireland | Official Ireland,2,1,1,"{""Catholic Church in Ireland"":1,""Official Ireland"":2}","{""Catholic Church in Ireland"":1,""Official Ireland"":2}",stable_hit
pooled,5ac52fc35542994611c8b403,bridge,hard,"Which ""Official Ireland"" group comprises about  78.3% of the population of Ireland? ",Catholic Church in Ireland | Official Ireland,5,1,1,"{""Catholic Church in Ireland"":1,""Official Ireland"":2}","{""Catholic Church in Ireland"":1,""Official Ireland"":2}",stable_hit
pooled,5ac52fc35542994611c8b403,bridge,hard,"Which ""Official Ireland"" group comprises about  78.3% of the population of Ireland? ",Catholic Church in Ireland | Official Ireland,10,1,1,"{""Catholic Church in Ireland"":1,""Official Ireland"":2}","{""Catholic Church in Ireland"":1,""Official Ireland"":2}",stable_hit
pooled,5ac537975542996feb3fea3c,bridge,hard,Walt Zeboski photographed which 40th President during his campaign in 1980?,Ronald Reagan | Walt Zeboski,2,1,1,"{""Ronald Reagan"":2,""Walt Zeboski"":1}","{""Ronald Reagan"":2,""Walt Zeboski"":1}",stable_hit
pooled,5ac537975542996feb3fea3c,bridge,hard,Walt Zeboski photographed which 40th President during his campaign in 1980?,Ronald Reagan | Walt Zeboski,5,1,1,"{""Ronald Reagan"":2,""Walt Zeboski"":1}","{""Ronald Reagan"":2,""Walt Zeboski"":1}",stable_hit
pooled,5ac537975542996feb3fea3c,bridge,hard,Walt Zeboski photographed which 40th President during his campaign in 1980?,Ronald Reagan | Walt Zeboski,10,1,1,"{""Ronald Reagan"":2,""Walt Zeboski"":1}","{""Ronald Reagan"":2,""Walt Zeboski"":1}",stable_hit
pooled,5ac547525542993e66e822a3,bridge,hard,"In 2017, what was 3/4th of the organization that also has a Center for Veterinary Medicine as well as part of the U.S. Department of Health and Human Services, spent on?",Food and Drug Administration | Melarsomine,2,0,0,"{""Food and Drug Administration"":4,""Melarsomine"":41}","{""Food and Drug Administration"":1,""Melarsomine"":10}",stable_miss
pooled,5ac547525542993e66e822a3,bridge,hard,"In 2017, what was 3/4th of the organization that also has a Center for Veterinary Medicine as well as part of the U.S. Department of Health and Human Services, spent on?",Food and Drug Administration | Melarsomine,5,0,0,"{""Food and Drug Administration"":4,""Melarsomine"":41}","{""Food and Drug Administration"":1,""Melarsomine"":10}",stable_miss
pooled,5ac547525542993e66e822a3,bridge,hard,"In 2017, what was 3/4th of the organization that also has a Center for Veterinary Medicine as well as part of the U.S. Department of Health and Human Services, spent on?",Food and Drug Administration | Melarsomine,10,0,1,"{""Food and Drug Administration"":4,""Melarsomine"":41}","{""Food and Drug Administration"":1,""Melarsomine"":10}",rescue
pooled,5adbda2755429944faac2385,bridge,hard,Which American writer wrote both The Ganymede Takeover (1967) and The Man in the High Castle (1962)?,The Ganymede Takeover | The Man in the High Castle,2,1,1,"{""The Ganymede Takeover"":1,""The Man in the High Castle"":2}","{""The Ganymede Takeover"":1,""The Man in the High Castle"":2}",stable_hit
pooled,5adbda2755429944faac2385,bridge,hard,Which American writer wrote both The Ganymede Takeover (1967) and The Man in the High Castle (1962)?,The Ganymede Takeover | The Man in the High Castle,5,1,1,"{""The Ganymede Takeover"":1,""The Man in the High Castle"":2}","{""The Ganymede Takeover"":1,""The Man in the High Castle"":2}",stable_hit
pooled,5adbda2755429944faac2385,bridge,hard,Which American writer wrote both The Ganymede Takeover (1967) and The Man in the High Castle (1962)?,The Ganymede Takeover | The Man in the High Castle,10,1,1,"{""The Ganymede Takeover"":1,""The Man in the High Castle"":2}","{""The Ganymede Takeover"":1,""The Man in the High Castle"":2}",stable_hit
pooled,5adbe1a7554299438c868cc3,bridge,hard,What is the name of this Fortune 500 American company that operates a chain of retail home improvement stores that sponsored House Rules?,House Rules (2003 TV series) | Lowe's,2,0,0,"{""House Rules (2003 TV series)"":20,""Lowe's"":1}","{""House Rules (2003 TV series)"":7,""Lowe's"":1}",stable_miss
pooled,5adbe1a7554299438c868cc3,bridge,hard,What is the name of this Fortune 500 American company that operates a chain of retail home improvement stores that sponsored House Rules?,House Rules (2003 TV series) | Lowe's,5,0,0,"{""House Rules (2003 TV series)"":20,""Lowe's"":1}","{""House Rules (2003 TV series)"":7,""Lowe's"":1}",stable_miss
pooled,5adbe1a7554299438c868cc3,bridge,hard,What is the name of this Fortune 500 American company that operates a chain of retail home improvement stores that sponsored House Rules?,House Rules (2003 TV series) | Lowe's,10,0,1,"{""House Rules (2003 TV series)"":20,""Lowe's"":1}","{""House Rules (2003 TV series)"":7,""Lowe's"":1}",rescue
pooled,5adbf0a255429947ff17385a,comparison,hard,Are the Laleli Mosque and Esma Sultan Mansion located in the same neighborhood?,Esma Sultan Mansion | Laleli Mosque,2,1,1,"{""Esma Sultan Mansion"":1,""Laleli Mosque"":2}","{""Esma Sultan Mansion"":1,""Laleli Mosque"":2}",stable_hit
pooled,5adbf0a255429947ff17385a,comparison,hard,Are the Laleli Mosque and Esma Sultan Mansion located in the same neighborhood?,Esma Sultan Mansion | Laleli Mosque,5,1,1,"{""Esma Sultan Mansion"":1,""Laleli Mosque"":2}","{""Esma Sultan Mansion"":1,""Laleli Mosque"":2}",stable_hit
pooled,5adbf0a255429947ff17385a,comparison,hard,Are the Laleli Mosque and Esma Sultan Mansion located in the same neighborhood?,Esma Sultan Mansion | Laleli Mosque,10,1,1,"{""Esma Sultan Mansion"":1,""Laleli Mosque"":2}","{""Esma Sultan Mansion"":1,""Laleli Mosque"":2}",stable_hit
pooled,5adbfbd555429947ff173893,bridge,hard,What British singer-songwriter hosted the 16th Annual Young Hollywood Awards?,2014 Young Hollywood Awards | Kelly Osbourne,2,0,0,"{""2014 Young Hollywood Awards"":2,""Kelly Osbourne"":null}","{""2014 Young Hollywood Awards"":1,""Kelly Osbourne"":null}",stable_miss
pooled,5adbfbd555429947ff173893,bridge,hard,What British singer-songwriter hosted the 16th Annual Young Hollywood Awards?,2014 Young Hollywood Awards | Kelly Osbourne,5,0,0,"{""2014 Young Hollywood Awards"":2,""Kelly Osbourne"":null}","{""2014 Young Hollywood Awards"":1,""Kelly Osbourne"":null}",stable_miss
pooled,5adbfbd555429947ff173893,bridge,hard,What British singer-songwriter hosted the 16th Annual Young Hollywood Awards?,2014 Young Hollywood Awards | Kelly Osbourne,10,0,0,"{""2014 Young Hollywood Awards"":2,""Kelly Osbourne"":null}","{""2014 Young Hollywood Awards"":1,""Kelly Osbourne"":null}",stable_miss
pooled,5adc094a55429947ff1738c0,bridge,hard,American Blues included the drummer from which American rock band?,American Blues | Frank Beard (musician),2,0,0,"{""American Blues"":1,""Frank Beard (musician)"":10}","{""American Blues"":3,""Frank Beard (musician)"":2}",stable_miss
pooled,5adc094a55429947ff1738c0,bridge,hard,American Blues included the drummer from which American rock band?,American Blues | Frank Beard (musician),5,0,1,"{""American Blues"":1,""Frank Beard (musician)"":10}","{""American Blues"":3,""Frank Beard (musician)"":2}",rescue
pooled,5adc094a55429947ff1738c0,bridge,hard,American Blues included the drummer from which American rock band?,American Blues | Frank Beard (musician),10,1,1,"{""American Blues"":1,""Frank Beard (musician)"":10}","{""American Blues"":3,""Frank Beard (musician)"":2}",stable_hit
pooled,5adc0c2b55429947ff1738db,comparison,hard,Are Agee and To Shoot an Elephant both documentaries about war?,Agee (film) | To Shoot an Elephant,2,0,1,"{""Agee (film)"":7,""To Shoot an Elephant"":1}","{""Agee (film)"":2,""To Shoot an Elephant"":1}",rescue
pooled,5adc0c2b55429947ff1738db,comparison,hard,Are Agee and To Shoot an Elephant both documentaries about war?,Agee (film) | To Shoot an Elephant,5,0,1,"{""Agee (film)"":7,""To Shoot an Elephant"":1}","{""Agee (film)"":2,""To Shoot an Elephant"":1}",rescue
pooled,5adc0c2b55429947ff1738db,comparison,hard,Are Agee and To Shoot an Elephant both documentaries about war?,Agee (film) | To Shoot an Elephant,10,1,1,"{""Agee (film)"":7,""To Shoot an Elephant"":1}","{""Agee (film)"":2,""To Shoot an Elephant"":1}",stable_hit
pooled,5adc1ae5554299438c868d5c,bridge,hard,Hate Them is the ninth album by a band likened to who?,Darkthrone | Hate Them,2,0,0,"{""Darkthrone"":3,""Hate Them"":1}","{""Darkthrone"":6,""Hate Them"":1}",stable_miss
pooled,5adc1ae5554299438c868d5c,bridge,hard,Hate Them is the ninth album by a band likened to who?,Darkthrone | Hate Them,5,1,0,"{""Darkthrone"":3,""Hate Them"":1}","{""Darkthrone"":6,""Hate Them"":1}",damage
pooled,5adc1ae5554299438c868d5c,bridge,hard,Hate Them is the ninth album by a band likened to who?,Darkthrone | Hate Them,10,1,1,"{""Darkthrone"":3,""Hate Them"":1}","{""Darkthrone"":6,""Hate Them"":1}",stable_hit
pooled,5adc53f75542996e6852530a,comparison,hard,Are both Cypress and Ajuga genera?,Ajuga | Cypress,2,0,0,"{""Ajuga"":5,""Cypress"":3}","{""Ajuga"":2,""Cypress"":7}",stable_miss
pooled,5adc53f75542996e6852530a,comparison,hard,Are both Cypress and Ajuga genera?,Ajuga | Cypress,5,1,0,"{""Ajuga"":5,""Cypress"":3}","{""Ajuga"":2,""Cypress"":7}",damage
pooled,5adc53f75542996e6852530a,comparison,hard,Are both Cypress and Ajuga genera?,Ajuga | Cypress,10,1,1,"{""Ajuga"":5,""Cypress"":3}","{""Ajuga"":2,""Cypress"":7}",stable_hit
pooled,5adc65e85542996e68525350,comparison,hard,Are both Dafeng District and Dazhou located in the same province?,Dafeng District | Dazhou,2,1,1,"{""Dafeng District"":1,""Dazhou"":2}","{""Dafeng District"":1,""Dazhou"":2}",stable_hit
pooled,5adc65e85542996e68525350,comparison,hard,Are both Dafeng District and Dazhou located in the same province?,Dafeng District | Dazhou,5,1,1,"{""Dafeng District"":1,""Dazhou"":2}","{""Dafeng District"":1,""Dazhou"":2}",stable_hit
pooled,5adc65e85542996e68525350,comparison,hard,Are both Dafeng District and Dazhou located in the same province?,Dafeng District | Dazhou,10,1,1,"{""Dafeng District"":1,""Dazhou"":2}","{""Dafeng District"":1,""Dazhou"":2}",stable_hit
pooled,5adc8977554299438c868de2,bridge,hard,What does the goddess associated with the goddess frigg  consists of what tales?,Hlín | Norse mythology,2,0,0,"{""Hlín"":1,""Norse mythology"":8}","{""Hlín"":1,""Norse mythology"":11}",stable_miss
pooled,5adc8977554299438c868de2,bridge,hard,What does the goddess associated with the goddess frigg  consists of what tales?,Hlín | Norse mythology,5,0,0,"{""Hlín"":1,""Norse mythology"":8}","{""Hlín"":1,""Norse mythology"":11}",stable_miss
pooled,5adc8977554299438c868de2,bridge,hard,What does the goddess associated with the goddess frigg  consists of what tales?,Hlín | Norse mythology,10,1,0,"{""Hlín"":1,""Norse mythology"":8}","{""Hlín"":1,""Norse mythology"":11}",damage
pooled,5adccd795542990d50227d2c,bridge,hard,In which city is the ambassador of the Rabat-Salé-Kénitra administrative region to China based?,Moroccan Ambassador to China | Rabat,2,1,1,"{""Moroccan Ambassador to China"":1,""Rabat"":2}","{""Moroccan Ambassador to China"":1,""Rabat"":2}",stable_hit
pooled,5adccd795542990d50227d2c,bridge,hard,In which city is the ambassador of the Rabat-Salé-Kénitra administrative region to China based?,Moroccan Ambassador to China | Rabat,5,1,1,"{""Moroccan Ambassador to China"":1,""Rabat"":2}","{""Moroccan Ambassador to China"":1,""Rabat"":2}",stable_hit
pooled,5adccd795542990d50227d2c,bridge,hard,In which city is the ambassador of the Rabat-Salé-Kénitra administrative region to China based?,Moroccan Ambassador to China | Rabat,10,1,1,"{""Moroccan Ambassador to China"":1,""Rabat"":2}","{""Moroccan Ambassador to China"":1,""Rabat"":2}",stable_hit
pooled,5adccdd55542992c1e3a2408,bridge,hard,"Meaning ""reddish water"" in Hawaiian, which location was Butch Van Artsdalen known for surfing 25-foot waves at?","Butch Van Artsdalen | Waimea Bay, Hawaii",2,1,1,"{""Butch Van Artsdalen"":1,""Waimea Bay, Hawaii"":2}","{""Butch Van Artsdalen"":1,""Waimea Bay, Hawaii"":2}",stable_hit
pooled,5adccdd55542992c1e3a2408,bridge,hard,"Meaning ""reddish water"" in Hawaiian, which location was Butch Van Artsdalen known for surfing 25-foot waves at?","Butch Van Artsdalen | Waimea Bay, Hawaii",5,1,1,"{""Butch Van Artsdalen"":1,""Waimea Bay, Hawaii"":2}","{""Butch Van Artsdalen"":1,""Waimea Bay, Hawaii"":2}",stable_hit
pooled,5adccdd55542992c1e3a2408,bridge,hard,"Meaning ""reddish water"" in Hawaiian, which location was Butch Van Artsdalen known for surfing 25-foot waves at?","Butch Van Artsdalen | Waimea Bay, Hawaii",10,1,1,"{""Butch Van Artsdalen"":1,""Waimea Bay, Hawaii"":2}","{""Butch Van Artsdalen"":1,""Waimea Bay, Hawaii"":2}",stable_hit
pooled,5add11935542994734353827,comparison,hard,Were the bands Skin Yard and Ostava from the U.S.?,Ostava | Skin Yard,2,1,1,"{""Ostava"":2,""Skin Yard"":1}","{""Ostava"":2,""Skin Yard"":1}",stable_hit
pooled,5add11935542994734353827,comparison,hard,Were the bands Skin Yard and Ostava from the U.S.?,Ostava | Skin Yard,5,1,1,"{""Ostava"":2,""Skin Yard"":1}","{""Ostava"":2,""Skin Yard"":1}",stable_hit
pooled,5add11935542994734353827,comparison,hard,Were the bands Skin Yard and Ostava from the U.S.?,Ostava | Skin Yard,10,1,1,"{""Ostava"":2,""Skin Yard"":1}","{""Ostava"":2,""Skin Yard"":1}",stable_hit
pooled,5add311b5542994ed6169cc5,bridge,hard,"What kind of dinosaur does Raymond Ochoa voice in the Pixar film ""The Good Dinosaur""?",Raymond Ochoa | The Good Dinosaur,2,1,1,"{""Raymond Ochoa"":1,""The Good Dinosaur"":2}","{""Raymond Ochoa"":2,""The Good Dinosaur"":1}",stable_hit
pooled,5add311b5542994ed6169cc5,bridge,hard,"What kind of dinosaur does Raymond Ochoa voice in the Pixar film ""The Good Dinosaur""?",Raymond Ochoa | The Good Dinosaur,5,1,1,"{""Raymond Ochoa"":1,""The Good Dinosaur"":2}","{""Raymond Ochoa"":2,""The Good Dinosaur"":1}",stable_hit
pooled,5add311b5542994ed6169cc5,bridge,hard,"What kind of dinosaur does Raymond Ochoa voice in the Pixar film ""The Good Dinosaur""?",Raymond Ochoa | The Good Dinosaur,10,1,1,"{""Raymond Ochoa"":1,""The Good Dinosaur"":2}","{""Raymond Ochoa"":2,""The Good Dinosaur"":1}",stable_hit
pooled,5add405f5542992c1e3a2581,bridge,hard,What book provided the foundation for Masters and Johnson's research team?,Masters and Johnson | Patterns of Sexual Behavior,2,0,1,"{""Masters and Johnson"":1,""Patterns of Sexual Behavior"":9}","{""Masters and Johnson"":2,""Patterns of Sexual Behavior"":1}",rescue
pooled,5add405f5542992c1e3a2581,bridge,hard,What book provided the foundation for Masters and Johnson's research team?,Masters and Johnson | Patterns of Sexual Behavior,5,0,1,"{""Masters and Johnson"":1,""Patterns of Sexual Behavior"":9}","{""Masters and Johnson"":2,""Patterns of Sexual Behavior"":1}",rescue
pooled,5add405f5542992c1e3a2581,bridge,hard,What book provided the foundation for Masters and Johnson's research team?,Masters and Johnson | Patterns of Sexual Behavior,10,1,1,"{""Masters and Johnson"":1,""Patterns of Sexual Behavior"":9}","{""Masters and Johnson"":2,""Patterns of Sexual Behavior"":1}",stable_hit
pooled,5add564a5542990dbb2f7e38,bridge,hard,Las Vegas Festival Grounds is north of the hotel that is owned by which company?,Circus Circus Las Vegas | Las Vegas Festival Grounds,2,0,0,"{""Circus Circus Las Vegas"":3,""Las Vegas Festival Grounds"":1}","{""Circus Circus Las Vegas"":4,""Las Vegas Festival Grounds"":1}",stable_miss
pooled,5add564a5542990dbb2f7e38,bridge,hard,Las Vegas Festival Grounds is north of the hotel that is owned by which company?,Circus Circus Las Vegas | Las Vegas Festival Grounds,5,1,1,"{""Circus Circus Las Vegas"":3,""Las Vegas Festival Grounds"":1}","{""Circus Circus Las Vegas"":4,""Las Vegas Festival Grounds"":1}",stable_hit
pooled,5add564a5542990dbb2f7e38,bridge,hard,Las Vegas Festival Grounds is north of the hotel that is owned by which company?,Circus Circus Las Vegas | Las Vegas Festival Grounds,10,1,1,"{""Circus Circus Las Vegas"":3,""Las Vegas Festival Grounds"":1}","{""Circus Circus Las Vegas"":4,""Las Vegas Festival Grounds"":1}",stable_hit
pooled,5add61d65542995b365fab21,bridge,hard,What type of forum did a former Soviet statesman initiate?,Mikhail Gorbachev | World Summit of Nobel Peace Laureates,2,0,0,"{""Mikhail Gorbachev"":4,""World Summit of Nobel Peace Laureates"":null}","{""Mikhail Gorbachev"":1,""World Summit of Nobel Peace Laureates"":null}",stable_miss
pooled,5add61d65542995b365fab21,bridge,hard,What type of forum did a former Soviet statesman initiate?,Mikhail Gorbachev | World Summit of Nobel Peace Laureates,5,0,0,"{""Mikhail Gorbachev"":4,""World Summit of Nobel Peace Laureates"":null}","{""Mikhail Gorbachev"":1,""World Summit of Nobel Peace Laureates"":null}",stable_miss
pooled,5add61d65542995b365fab21,bridge,hard,What type of forum did a former Soviet statesman initiate?,Mikhail Gorbachev | World Summit of Nobel Peace Laureates,10,0,0,"{""Mikhail Gorbachev"":4,""World Summit of Nobel Peace Laureates"":null}","{""Mikhail Gorbachev"":1,""World Summit of Nobel Peace Laureates"":null}",stable_miss
pooled,5add673e5542992ae4cec54d,bridge,hard,Joe Walker played for which team that ends their regular season with the Civil War rivalry game?,Joe Walker (American football) | Oregon Ducks football,2,0,0,"{""Joe Walker (American football)"":1,""Oregon Ducks football"":null}","{""Joe Walker (American football)"":1,""Oregon Ducks football"":null}",stable_miss
pooled,5add673e5542992ae4cec54d,bridge,hard,Joe Walker played for which team that ends their regular season with the Civil War rivalry game?,Joe Walker (American football) | Oregon Ducks football,5,0,0,"{""Joe Walker (American football)"":1,""Oregon Ducks football"":null}","{""Joe Walker (American football)"":1,""Oregon Ducks football"":null}",stable_miss
pooled,5add673e5542992ae4cec54d,bridge,hard,Joe Walker played for which team that ends their regular season with the Civil War rivalry game?,Joe Walker (American football) | Oregon Ducks football,10,0,0,"{""Joe Walker (American football)"":1,""Oregon Ducks football"":null}","{""Joe Walker (American football)"":1,""Oregon Ducks football"":null}",stable_miss
pooled,5add67555542992ae4cec54e,comparison,hard,Which of these battles occurred earlier--the Battle of Peleliu or the Battle of Belleau Wood?,Battle of Belleau Wood | Battle of Peleliu,2,1,1,"{""Battle of Belleau Wood"":1,""Battle of Peleliu"":2}","{""Battle of Belleau Wood"":1,""Battle of Peleliu"":2}",stable_hit
pooled,5add67555542992ae4cec54e,comparison,hard,Which of these battles occurred earlier--the Battle of Peleliu or the Battle of Belleau Wood?,Battle of Belleau Wood | Battle of Peleliu,5,1,1,"{""Battle of Belleau Wood"":1,""Battle of Peleliu"":2}","{""Battle of Belleau Wood"":1,""Battle of Peleliu"":2}",stable_hit
pooled,5add67555542992ae4cec54e,comparison,hard,Which of these battles occurred earlier--the Battle of Peleliu or the Battle of Belleau Wood?,Battle of Belleau Wood | Battle of Peleliu,10,1,1,"{""Battle of Belleau Wood"":1,""Battle of Peleliu"":2}","{""Battle of Belleau Wood"":1,""Battle of Peleliu"":2}",stable_hit
pooled,5add67915542992200553af8,bridge,hard,What was the nickname of the hitman hired by an Italian American Criminal Organization?,Philadelphia crime family | Salvatore Testa,2,0,0,"{""Philadelphia crime family"":7,""Salvatore Testa"":12}","{""Philadelphia crime family"":3,""Salvatore Testa"":1}",stable_miss
pooled,5add67915542992200553af8,bridge,hard,What was the nickname of the hitman hired by an Italian American Criminal Organization?,Philadelphia crime family | Salvatore Testa,5,0,1,"{""Philadelphia crime family"":7,""Salvatore Testa"":12}","{""Philadelphia crime family"":3,""Salvatore Testa"":1}",rescue
pooled,5add67915542992200553af8,bridge,hard,What was the nickname of the hitman hired by an Italian American Criminal Organization?,Philadelphia crime family | Salvatore Testa,10,0,1,"{""Philadelphia crime family"":7,""Salvatore Testa"":12}","{""Philadelphia crime family"":3,""Salvatore Testa"":1}",rescue
pooled,5adda7585542997dc790700c,bridge,hard,Where was the telefilm shot that was based on the 1977 Katherine Paterson book?,Bridge to Terabithia (1985 film) | Bridge to Terabithia (novel),2,0,0,"{""Bridge to Terabithia (1985 film)"":1,""Bridge to Terabithia (novel)"":4}","{""Bridge to Terabithia (1985 film)"":1,""Bridge to Terabithia (novel)"":4}",stable_miss
pooled,5adda7585542997dc790700c,bridge,hard,Where was the telefilm shot that was based on the 1977 Katherine Paterson book?,Bridge to Terabithia (1985 film) | Bridge to Terabithia (novel),5,1,1,"{""Bridge to Terabithia (1985 film)"":1,""Bridge to Terabithia (novel)"":4}","{""Bridge to Terabithia (1985 film)"":1,""Bridge to Terabithia (novel)"":4}",stable_hit
pooled,5adda7585542997dc790700c,bridge,hard,Where was the telefilm shot that was based on the 1977 Katherine Paterson book?,Bridge to Terabithia (1985 film) | Bridge to Terabithia (novel),10,1,1,"{""Bridge to Terabithia (1985 film)"":1,""Bridge to Terabithia (novel)"":4}","{""Bridge to Terabithia (1985 film)"":1,""Bridge to Terabithia (novel)"":4}",stable_hit
pooled,5adddccd5542997dc7907069,bridge,hard,"Aside from the Apple Remote, what other device can control the program Apple Remote was originally designed to interact with?",Apple Remote | Front Row (software),2,0,0,"{""Apple Remote"":1,""Front Row (software)"":7}","{""Apple Remote"":1,""Front Row (software)"":8}",stable_miss
pooled,5adddccd5542997dc7907069,bridge,hard,"Aside from the Apple Remote, what other device can control the program Apple Remote was originally designed to interact with?",Apple Remote | Front Row (software),5,0,0,"{""Apple Remote"":1,""Front Row (software)"":7}","{""Apple Remote"":1,""Front Row (software)"":8}",stable_miss
pooled,5adddccd5542997dc7907069,bridge,hard,"Aside from the Apple Remote, what other device can control the program Apple Remote was originally designed to interact with?",Apple Remote | Front Row (software),10,1,1,"{""Apple Remote"":1,""Front Row (software)"":7}","{""Apple Remote"":1,""Front Row (software)"":8}",stable_hit
pooled,5adddd075542992200553b71,bridge,hard,Season 2 of Rick and Morty began with the episode directed by whom?,A Rickle in Time | Rick and Morty (season 2),2,1,0,"{""A Rickle in Time"":2,""Rick and Morty (season 2)"":1}","{""A Rickle in Time"":1,""Rick and Morty (season 2)"":8}",damage
pooled,5adddd075542992200553b71,bridge,hard,Season 2 of Rick and Morty began with the episode directed by whom?,A Rickle in Time | Rick and Morty (season 2),5,1,0,"{""A Rickle in Time"":2,""Rick and Morty (season 2)"":1}","{""A Rickle in Time"":1,""Rick and Morty (season 2)"":8}",damage
pooled,5adddd075542992200553b71,bridge,hard,Season 2 of Rick and Morty began with the episode directed by whom?,A Rickle in Time | Rick and Morty (season 2),10,1,1,"{""A Rickle in Time"":2,""Rick and Morty (season 2)"":1}","{""A Rickle in Time"":1,""Rick and Morty (season 2)"":8}",stable_hit
pooled,5ade0fb95542997545bbbe39,bridge,hard,How long is the river for which Frenchmans Creek is a tributary?,Darling River | Frenchmans Creek (New South Wales),2,0,0,"{""Darling River"":4,""Frenchmans Creek (New South Wales)"":1}","{""Darling River"":11,""Frenchmans Creek (New South Wales)"":1}",stable_miss
pooled,5ade0fb95542997545bbbe39,bridge,hard,How long is the river for which Frenchmans Creek is a tributary?,Darling River | Frenchmans Creek (New South Wales),5,1,0,"{""Darling River"":4,""Frenchmans Creek (New South Wales)"":1}","{""Darling River"":11,""Frenchmans Creek (New South Wales)"":1}",damage
pooled,5ade0fb95542997545bbbe39,bridge,hard,How long is the river for which Frenchmans Creek is a tributary?,Darling River | Frenchmans Creek (New South Wales),10,1,0,"{""Darling River"":4,""Frenchmans Creek (New South Wales)"":1}","{""Darling River"":11,""Frenchmans Creek (New South Wales)"":1}",damage
pooled,5ade15f35542997545bbbe47,bridge,hard,Katherine Waterston and Chrisann Brennan has what in common?,Chrisann Brennan | Katherine Waterston,2,0,1,"{""Chrisann Brennan"":1,""Katherine Waterston"":3}","{""Chrisann Brennan"":2,""Katherine Waterston"":1}",rescue
pooled,5ade15f35542997545bbbe47,bridge,hard,Katherine Waterston and Chrisann Brennan has what in common?,Chrisann Brennan | Katherine Waterston,5,1,1,"{""Chrisann Brennan"":1,""Katherine Waterston"":3}","{""Chrisann Brennan"":2,""Katherine Waterston"":1}",stable_hit
pooled,5ade15f35542997545bbbe47,bridge,hard,Katherine Waterston and Chrisann Brennan has what in common?,Chrisann Brennan | Katherine Waterston,10,1,1,"{""Chrisann Brennan"":1,""Katherine Waterston"":3}","{""Chrisann Brennan"":2,""Katherine Waterston"":1}",stable_hit
pooled,5ade24e35542992fa25da6e6,bridge,hard,Mamie Gummer played the role of Nancy Crozier on the TV series airing on what network?,Mamie Gummer | The Good Wife,2,0,0,"{""Mamie Gummer"":1,""The Good Wife"":null}","{""Mamie Gummer"":1,""The Good Wife"":null}",stable_miss
pooled,5ade24e35542992fa25da6e6,bridge,hard,Mamie Gummer played the role of Nancy Crozier on the TV series airing on what network?,Mamie Gummer | The Good Wife,5,0,0,"{""Mamie Gummer"":1,""The Good Wife"":null}","{""Mamie Gummer"":1,""The Good Wife"":null}",stable_miss
pooled,5ade24e35542992fa25da6e6,bridge,hard,Mamie Gummer played the role of Nancy Crozier on the TV series airing on what network?,Mamie Gummer | The Good Wife,10,0,0,"{""Mamie Gummer"":1,""The Good Wife"":null}","{""Mamie Gummer"":1,""The Good Wife"":null}",stable_miss
pooled,5ade42b55542992fa25da717,bridge,hard,How many novels are there in the series of novels of which Shadows in Flight is the tenth novel ?,Ender's Game (series) | Shadows in Flight,2,0,0,"{""Ender's Game (series)"":31,""Shadows in Flight"":1}","{""Ender's Game (series)"":6,""Shadows in Flight"":1}",stable_miss
pooled,5ade42b55542992fa25da717,bridge,hard,How many novels are there in the series of novels of which Shadows in Flight is the tenth novel ?,Ender's Game (series) | Shadows in Flight,5,0,0,"{""Ender's Game (series)"":31,""Shadows in Flight"":1}","{""Ender's Game (series)"":6,""Shadows in Flight"":1}",stable_miss
pooled,5ade42b55542992fa25da717,bridge,hard,How many novels are there in the series of novels of which Shadows in Flight is the tenth novel ?,Ender's Game (series) | Shadows in Flight,10,0,1,"{""Ender's Game (series)"":31,""Shadows in Flight"":1}","{""Ender's Game (series)"":6,""Shadows in Flight"":1}",rescue
pooled,5ade51b45542997c77adedf4,bridge,hard,The Kansas City Wizards have had three home venues in Kansas City in their time.  Which was their first?,Children's Mercy Park | CommunityAmerica Ballpark,2,0,0,"{""Children's Mercy Park"":5,""CommunityAmerica Ballpark"":6}","{""Children's Mercy Park"":2,""CommunityAmerica Ballpark"":10}",stable_miss
pooled,5ade51b45542997c77adedf4,bridge,hard,The Kansas City Wizards have had three home venues in Kansas City in their time.  Which was their first?,Children's Mercy Park | CommunityAmerica Ballpark,5,0,0,"{""Children's Mercy Park"":5,""CommunityAmerica Ballpark"":6}","{""Children's Mercy Park"":2,""CommunityAmerica Ballpark"":10}",stable_miss
pooled,5ade51b45542997c77adedf4,bridge,hard,The Kansas City Wizards have had three home venues in Kansas City in their time.  Which was their first?,Children's Mercy Park | CommunityAmerica Ballpark,10,1,1,"{""Children's Mercy Park"":5,""CommunityAmerica Ballpark"":6}","{""Children's Mercy Park"":2,""CommunityAmerica Ballpark"":10}",stable_hit
pooled,5ade69e455429975fa854ec5,bridge,hard,What director worked with Vikram Bhatt on a film starring actors Rajneesh Duggal and Adah Sharma?,1920 (film series) | 1920 (film),2,0,0,"{""1920 (film series)"":7,""1920 (film)"":32}","{""1920 (film series)"":6,""1920 (film)"":1}",stable_miss
pooled,5ade69e455429975fa854ec5,bridge,hard,What director worked with Vikram Bhatt on a film starring actors Rajneesh Duggal and Adah Sharma?,1920 (film series) | 1920 (film),5,0,0,"{""1920 (film series)"":7,""1920 (film)"":32}","{""1920 (film series)"":6,""1920 (film)"":1}",stable_miss
pooled,5ade69e455429975fa854ec5,bridge,hard,What director worked with Vikram Bhatt on a film starring actors Rajneesh Duggal and Adah Sharma?,1920 (film series) | 1920 (film),10,0,1,"{""1920 (film series)"":7,""1920 (film)"":32}","{""1920 (film series)"":6,""1920 (film)"":1}",rescue
pooled,5ade7a435542997c77adee3a,bridge,hard," The name ""Mountbatten-Windsor"" applies to male-line descendants of the Queen without royal styles and titles which is a Eurpean dynasty resulting in what family?",Mountbatten family | Mountbatten-Windsor,2,0,0,"{""Mountbatten family"":3,""Mountbatten-Windsor"":1}","{""Mountbatten family"":3,""Mountbatten-Windsor"":1}",stable_miss
pooled,5ade7a435542997c77adee3a,bridge,hard," The name ""Mountbatten-Windsor"" applies to male-line descendants of the Queen without royal styles and titles which is a Eurpean dynasty resulting in what family?",Mountbatten family | Mountbatten-Windsor,5,1,1,"{""Mountbatten family"":3,""Mountbatten-Windsor"":1}","{""Mountbatten family"":3,""Mountbatten-Windsor"":1}",stable_hit
pooled,5ade7a435542997c77adee3a,bridge,hard," The name ""Mountbatten-Windsor"" applies to male-line descendants of the Queen without royal styles and titles which is a Eurpean dynasty resulting in what family?",Mountbatten family | Mountbatten-Windsor,10,1,1,"{""Mountbatten family"":3,""Mountbatten-Windsor"":1}","{""Mountbatten family"":3,""Mountbatten-Windsor"":1}",stable_hit
pooled,5ade908b55429975fa854f13,bridge,hard,"After he was contracted by the team that is headquartered in Affalterbach, Baden-Württemberg, Germany, Dario Franchitti competed in what series?",Dario Franchitti | Mercedes-AMG,2,0,0,"{""Dario Franchitti"":1,""Mercedes-AMG"":null}","{""Dario Franchitti"":1,""Mercedes-AMG"":null}",stable_miss
pooled,5ade908b55429975fa854f13,bridge,hard,"After he was contracted by the team that is headquartered in Affalterbach, Baden-Württemberg, Germany, Dario Franchitti competed in what series?",Dario Franchitti | Mercedes-AMG,5,0,0,"{""Dario Franchitti"":1,""Mercedes-AMG"":null}","{""Dario Franchitti"":1,""Mercedes-AMG"":null}",stable_miss
pooled,5ade908b55429975fa854f13,bridge,hard,"After he was contracted by the team that is headquartered in Affalterbach, Baden-Württemberg, Germany, Dario Franchitti competed in what series?",Dario Franchitti | Mercedes-AMG,10,0,0,"{""Dario Franchitti"":1,""Mercedes-AMG"":null}","{""Dario Franchitti"":1,""Mercedes-AMG"":null}",stable_miss
pooled,5ade9545554299728e26c740,bridge,hard,What team did the recipient of the 2007 Brownlow Medal play for?,2007 Brownlow Medal | Jimmy Bartel,2,0,0,"{""2007 Brownlow Medal"":1,""Jimmy Bartel"":null}","{""2007 Brownlow Medal"":1,""Jimmy Bartel"":null}",stable_miss
pooled,5ade9545554299728e26c740,bridge,hard,What team did the recipient of the 2007 Brownlow Medal play for?,2007 Brownlow Medal | Jimmy Bartel,5,0,0,"{""2007 Brownlow Medal"":1,""Jimmy Bartel"":null}","{""2007 Brownlow Medal"":1,""Jimmy Bartel"":null}",stable_miss
pooled,5ade9545554299728e26c740,bridge,hard,What team did the recipient of the 2007 Brownlow Medal play for?,2007 Brownlow Medal | Jimmy Bartel,10,0,0,"{""2007 Brownlow Medal"":1,""Jimmy Bartel"":null}","{""2007 Brownlow Medal"":1,""Jimmy Bartel"":null}",stable_miss
pooled,5adea9ea55429939a52fe934,bridge,hard,"What was the name of the fanzine that interviewed the Sex Pistols bassist when he was in the band ""The Flowers of Romance?""",Sid Vicious | The Flowers of Romance (band),2,1,0,"{""Sid Vicious"":2,""The Flowers of Romance (band)"":1}","{""Sid Vicious"":3,""The Flowers of Romance (band)"":1}",damage
pooled,5adea9ea55429939a52fe934,bridge,hard,"What was the name of the fanzine that interviewed the Sex Pistols bassist when he was in the band ""The Flowers of Romance?""",Sid Vicious | The Flowers of Romance (band),5,1,1,"{""Sid Vicious"":2,""The Flowers of Romance (band)"":1}","{""Sid Vicious"":3,""The Flowers of Romance (band)"":1}",stable_hit
pooled,5adea9ea55429939a52fe934,bridge,hard,"What was the name of the fanzine that interviewed the Sex Pistols bassist when he was in the band ""The Flowers of Romance?""",Sid Vicious | The Flowers of Romance (band),10,1,1,"{""Sid Vicious"":2,""The Flowers of Romance (band)"":1}","{""Sid Vicious"":3,""The Flowers of Romance (band)"":1}",stable_hit
pooled,5adef80b5542993a75d263c4,bridge,hard,The 2000 British film Snatch was later adapted into a television series for what streaming service?,Snatch (TV series) | Snatch (film),2,1,1,"{""Snatch (TV series)"":1,""Snatch (film)"":2}","{""Snatch (TV series)"":2,""Snatch (film)"":1}",stable_hit
pooled,5adef80b5542993a75d263c4,bridge,hard,The 2000 British film Snatch was later adapted into a television series for what streaming service?,Snatch (TV series) | Snatch (film),5,1,1,"{""Snatch (TV series)"":1,""Snatch (film)"":2}","{""Snatch (TV series)"":2,""Snatch (film)"":1}",stable_hit
pooled,5adef80b5542993a75d263c4,bridge,hard,The 2000 British film Snatch was later adapted into a television series for what streaming service?,Snatch (TV series) | Snatch (film),10,1,1,"{""Snatch (TV series)"":1,""Snatch (film)"":2}","{""Snatch (TV series)"":2,""Snatch (film)"":1}",stable_hit
pooled,5adeffa85542992d7e9f926f,comparison,hard,What genre of music was played by both Tappi Tíkarrass and INXS?,INXS | Tappi Tíkarrass,2,0,0,"{""INXS"":11,""Tappi Tíkarrass"":1}","{""INXS"":4,""Tappi Tíkarrass"":1}",stable_miss
pooled,5adeffa85542992d7e9f926f,comparison,hard,What genre of music was played by both Tappi Tíkarrass and INXS?,INXS | Tappi Tíkarrass,5,0,1,"{""INXS"":11,""Tappi Tíkarrass"":1}","{""INXS"":4,""Tappi Tíkarrass"":1}",rescue
pooled,5adeffa85542992d7e9f926f,comparison,hard,What genre of music was played by both Tappi Tíkarrass and INXS?,INXS | Tappi Tíkarrass,10,0,1,"{""INXS"":11,""Tappi Tíkarrass"":1}","{""INXS"":4,""Tappi Tíkarrass"":1}",rescue
pooled,5adf043b5542993a75d263d4,bridge,hard,Which American cable news and talk radio host was the former GOP representative,Joe Scarborough | Morning Joe,2,0,1,"{""Joe Scarborough"":1,""Morning Joe"":7}","{""Joe Scarborough"":2,""Morning Joe"":1}",rescue
pooled,5adf043b5542993a75d263d4,bridge,hard,Which American cable news and talk radio host was the former GOP representative,Joe Scarborough | Morning Joe,5,0,1,"{""Joe Scarborough"":1,""Morning Joe"":7}","{""Joe Scarborough"":2,""Morning Joe"":1}",rescue
pooled,5adf043b5542993a75d263d4,bridge,hard,Which American cable news and talk radio host was the former GOP representative,Joe Scarborough | Morning Joe,10,1,1,"{""Joe Scarborough"":1,""Morning Joe"":7}","{""Joe Scarborough"":2,""Morning Joe"":1}",stable_hit
pooled,5adf34d35542993a75d26425,bridge,hard,Who was the president of the Sinn Fein political party during the Hume-Adams Dialogue?,Gerry Adams | Hume–Adams dialogue,2,0,0,"{""Gerry Adams"":5,""Hume–Adams dialogue"":1}","{""Gerry Adams"":3,""Hume–Adams dialogue"":1}",stable_miss
pooled,5adf34d35542993a75d26425,bridge,hard,Who was the president of the Sinn Fein political party during the Hume-Adams Dialogue?,Gerry Adams | Hume–Adams dialogue,5,1,1,"{""Gerry Adams"":5,""Hume–Adams dialogue"":1}","{""Gerry Adams"":3,""Hume–Adams dialogue"":1}",stable_hit
pooled,5adf34d35542993a75d26425,bridge,hard,Who was the president of the Sinn Fein political party during the Hume-Adams Dialogue?,Gerry Adams | Hume–Adams dialogue,10,1,1,"{""Gerry Adams"":5,""Hume–Adams dialogue"":1}","{""Gerry Adams"":3,""Hume–Adams dialogue"":1}",stable_hit
pooled,5adf37a95542995ec70e8f97,bridge,hard,"The 2011–12 VCU Rams men's basketball team, led by third year head coach Shaka Smart, represented Virginia Commonwealth University which was founded in what year?",2011–12 VCU Rams men's basketball team | Virginia Commonwealth University,2,0,0,"{""2011–12 VCU Rams men's basketball team"":2,""Virginia Commonwealth University"":10}","{""2011–12 VCU Rams men's basketball team"":1,""Virginia Commonwealth University"":13}",stable_miss
pooled,5adf37a95542995ec70e8f97,bridge,hard,"The 2011–12 VCU Rams men's basketball team, led by third year head coach Shaka Smart, represented Virginia Commonwealth University which was founded in what year?",2011–12 VCU Rams men's basketball team | Virginia Commonwealth University,5,0,0,"{""2011–12 VCU Rams men's basketball team"":2,""Virginia Commonwealth University"":10}","{""2011–12 VCU Rams men's basketball team"":1,""Virginia Commonwealth University"":13}",stable_miss
pooled,5adf37a95542995ec70e8f97,bridge,hard,"The 2011–12 VCU Rams men's basketball team, led by third year head coach Shaka Smart, represented Virginia Commonwealth University which was founded in what year?",2011–12 VCU Rams men's basketball team | Virginia Commonwealth University,10,1,0,"{""2011–12 VCU Rams men's basketball team"":2,""Virginia Commonwealth University"":10}","{""2011–12 VCU Rams men's basketball team"":1,""Virginia Commonwealth University"":13}",damage
pooled,5adf3e355542993a75d26440,bridge,hard,"How long is the bridge in the Öresund Region that connect Copenhagen, Denmark and Malmo, Sweden?",Øresund Bridge | Øresund Region,2,1,1,"{""Øresund Bridge"":2,""Øresund Region"":1}","{""Øresund Bridge"":1,""Øresund Region"":2}",stable_hit
pooled,5adf3e355542993a75d26440,bridge,hard,"How long is the bridge in the Öresund Region that connect Copenhagen, Denmark and Malmo, Sweden?",Øresund Bridge | Øresund Region,5,1,1,"{""Øresund Bridge"":2,""Øresund Region"":1}","{""Øresund Bridge"":1,""Øresund Region"":2}",stable_hit
pooled,5adf3e355542993a75d26440,bridge,hard,"How long is the bridge in the Öresund Region that connect Copenhagen, Denmark and Malmo, Sweden?",Øresund Bridge | Øresund Region,10,1,1,"{""Øresund Bridge"":2,""Øresund Region"":1}","{""Øresund Bridge"":1,""Øresund Region"":2}",stable_hit
pooled,5adf4a275542993a75d26498,bridge,hard,"The man, who the award in which ""Summer of the Monkeys"" won, was a spokesman for white sector of America?",Summer of the Monkeys | William Allen White,2,0,1,"{""Summer of the Monkeys"":1,""William Allen White"":3}","{""Summer of the Monkeys"":1,""William Allen White"":2}",rescue
pooled,5adf4a275542993a75d26498,bridge,hard,"The man, who the award in which ""Summer of the Monkeys"" won, was a spokesman for white sector of America?",Summer of the Monkeys | William Allen White,5,1,1,"{""Summer of the Monkeys"":1,""William Allen White"":3}","{""Summer of the Monkeys"":1,""William Allen White"":2}",stable_hit
pooled,5adf4a275542993a75d26498,bridge,hard,"The man, who the award in which ""Summer of the Monkeys"" won, was a spokesman for white sector of America?",Summer of the Monkeys | William Allen White,10,1,1,"{""Summer of the Monkeys"":1,""William Allen White"":3}","{""Summer of the Monkeys"":1,""William Allen White"":2}",stable_hit
pooled,5adf58f15542993a75d264d2,bridge,hard,"Which television series featured an actor who also performed in ""The Young Ones""?",Ade Edmondson | Bad News (band),2,0,0,"{""Ade Edmondson"":4,""Bad News (band)"":null}","{""Ade Edmondson"":3,""Bad News (band)"":null}",stable_miss
pooled,5adf58f15542993a75d264d2,bridge,hard,"Which television series featured an actor who also performed in ""The Young Ones""?",Ade Edmondson | Bad News (band),5,0,0,"{""Ade Edmondson"":4,""Bad News (band)"":null}","{""Ade Edmondson"":3,""Bad News (band)"":null}",stable_miss
pooled,5adf58f15542993a75d264d2,bridge,hard,"Which television series featured an actor who also performed in ""The Young Ones""?",Ade Edmondson | Bad News (band),10,0,0,"{""Ade Edmondson"":4,""Bad News (band)"":null}","{""Ade Edmondson"":3,""Bad News (band)"":null}",stable_miss
pooled,5adf65555542992d7e9f9334,bridge,hard,Which Kentucky Writers Hall of Fame author has had works published by Dim Gray Bar Press?,Dim Gray Bar Press | Wendell Berry,2,0,1,"{""Dim Gray Bar Press"":3,""Wendell Berry"":1}","{""Dim Gray Bar Press"":1,""Wendell Berry"":2}",rescue
pooled,5adf65555542992d7e9f9334,bridge,hard,Which Kentucky Writers Hall of Fame author has had works published by Dim Gray Bar Press?,Dim Gray Bar Press | Wendell Berry,5,1,1,"{""Dim Gray Bar Press"":3,""Wendell Berry"":1}","{""Dim Gray Bar Press"":1,""Wendell Berry"":2}",stable_hit
pooled,5adf65555542992d7e9f9334,bridge,hard,Which Kentucky Writers Hall of Fame author has had works published by Dim Gray Bar Press?,Dim Gray Bar Press | Wendell Berry,10,1,1,"{""Dim Gray Bar Press"":3,""Wendell Berry"":1}","{""Dim Gray Bar Press"":1,""Wendell Berry"":2}",stable_hit
pooled,5adf8fe55542993344016d0f,bridge,hard,"Which fantasy film from 1971 featured the song ""The Age of Not Believing""?",Bedknobs and Broomsticks | The Age of Not Believing,2,0,1,"{""Bedknobs and Broomsticks"":34,""The Age of Not Believing"":1}","{""Bedknobs and Broomsticks"":2,""The Age of Not Believing"":1}",rescue
pooled,5adf8fe55542993344016d0f,bridge,hard,"Which fantasy film from 1971 featured the song ""The Age of Not Believing""?",Bedknobs and Broomsticks | The Age of Not Believing,5,0,1,"{""Bedknobs and Broomsticks"":34,""The Age of Not Believing"":1}","{""Bedknobs and Broomsticks"":2,""The Age of Not Believing"":1}",rescue
pooled,5adf8fe55542993344016d0f,bridge,hard,"Which fantasy film from 1971 featured the song ""The Age of Not Believing""?",Bedknobs and Broomsticks | The Age of Not Believing,10,0,1,"{""Bedknobs and Broomsticks"":34,""The Age of Not Believing"":1}","{""Bedknobs and Broomsticks"":2,""The Age of Not Believing"":1}",rescue
pooled,5adf9dc3554299025d62a2e6,bridge,hard,"What is the name of the actress who has received a Drama Desk award and was part of the cast album for the 2007 Broadway production of the hit musical, ""Grease""?",Grease: The New Broadway Cast Recording | Laura Osnes,2,1,1,"{""Grease: The New Broadway Cast Recording"":1,""Laura Osnes"":2}","{""Grease: The New Broadway Cast Recording"":1,""Laura Osnes"":2}",stable_hit
pooled,5adf9dc3554299025d62a2e6,bridge,hard,"What is the name of the actress who has received a Drama Desk award and was part of the cast album for the 2007 Broadway production of the hit musical, ""Grease""?",Grease: The New Broadway Cast Recording | Laura Osnes,5,1,1,"{""Grease: The New Broadway Cast Recording"":1,""Laura Osnes"":2}","{""Grease: The New Broadway Cast Recording"":1,""Laura Osnes"":2}",stable_hit
pooled,5adf9dc3554299025d62a2e6,bridge,hard,"What is the name of the actress who has received a Drama Desk award and was part of the cast album for the 2007 Broadway production of the hit musical, ""Grease""?",Grease: The New Broadway Cast Recording | Laura Osnes,10,1,1,"{""Grease: The New Broadway Cast Recording"":1,""Laura Osnes"":2}","{""Grease: The New Broadway Cast Recording"":1,""Laura Osnes"":2}",stable_hit
pooled,5adfa3da554299025d62a317,bridge,hard,"What is the birthday of the actress who was the Duchess in ""The Revengers Tragedy""?",Diana Quick | Revengers Tragedy,2,0,0,"{""Diana Quick"":30,""Revengers Tragedy"":1}","{""Diana Quick"":9,""Revengers Tragedy"":1}",stable_miss
pooled,5adfa3da554299025d62a317,bridge,hard,"What is the birthday of the actress who was the Duchess in ""The Revengers Tragedy""?",Diana Quick | Revengers Tragedy,5,0,0,"{""Diana Quick"":30,""Revengers Tragedy"":1}","{""Diana Quick"":9,""Revengers Tragedy"":1}",stable_miss
pooled,5adfa3da554299025d62a317,bridge,hard,"What is the birthday of the actress who was the Duchess in ""The Revengers Tragedy""?",Diana Quick | Revengers Tragedy,10,0,1,"{""Diana Quick"":30,""Revengers Tragedy"":1}","{""Diana Quick"":9,""Revengers Tragedy"":1}",rescue
pooled,5adfbca255429942ec259b2c,bridge,hard,"When did the rock band that sang ""All Join Hands"" rise to prominence? ",All Join Hands | Slade,2,0,0,"{""All Join Hands"":1,""Slade"":42}","{""All Join Hands"":1,""Slade"":4}",stable_miss
pooled,5adfbca255429942ec259b2c,bridge,hard,"When did the rock band that sang ""All Join Hands"" rise to prominence? ",All Join Hands | Slade,5,0,1,"{""All Join Hands"":1,""Slade"":42}","{""All Join Hands"":1,""Slade"":4}",rescue
pooled,5adfbca255429942ec259b2c,bridge,hard,"When did the rock band that sang ""All Join Hands"" rise to prominence? ",All Join Hands | Slade,10,0,1,"{""All Join Hands"":1,""Slade"":42}","{""All Join Hands"":1,""Slade"":4}",rescue
pooled,5adfd2f255429925eb1afaa5,bridge,hard,A puzzle-platform video game developed by the Valve Corporation is part of what 2012 action-adventure game?,Gateways (video game) | Portal (video game),2,0,0,"{""Gateways (video game)"":3,""Portal (video game)"":2}","{""Gateways (video game)"":5,""Portal (video game)"":2}",stable_miss
pooled,5adfd2f255429925eb1afaa5,bridge,hard,A puzzle-platform video game developed by the Valve Corporation is part of what 2012 action-adventure game?,Gateways (video game) | Portal (video game),5,1,1,"{""Gateways (video game)"":3,""Portal (video game)"":2}","{""Gateways (video game)"":5,""Portal (video game)"":2}",stable_hit
pooled,5adfd2f255429925eb1afaa5,bridge,hard,A puzzle-platform video game developed by the Valve Corporation is part of what 2012 action-adventure game?,Gateways (video game) | Portal (video game),10,1,1,"{""Gateways (video game)"":3,""Portal (video game)"":2}","{""Gateways (video game)"":5,""Portal (video game)"":2}",stable_hit
pooled,5adfeb0555429942ec259b88,bridge,hard,The Detroit mayoral elections of 2009 took place to fill the vacancy created by a politician who was sentenced to what?,"Detroit mayoral election, 2009 | Kwame Kilpatrick",2,1,1,"{""Detroit mayoral election, 2009"":1,""Kwame Kilpatrick"":2}","{""Detroit mayoral election, 2009"":1,""Kwame Kilpatrick"":2}",stable_hit
pooled,5adfeb0555429942ec259b88,bridge,hard,The Detroit mayoral elections of 2009 took place to fill the vacancy created by a politician who was sentenced to what?,"Detroit mayoral election, 2009 | Kwame Kilpatrick",5,1,1,"{""Detroit mayoral election, 2009"":1,""Kwame Kilpatrick"":2}","{""Detroit mayoral election, 2009"":1,""Kwame Kilpatrick"":2}",stable_hit
pooled,5adfeb0555429942ec259b88,bridge,hard,The Detroit mayoral elections of 2009 took place to fill the vacancy created by a politician who was sentenced to what?,"Detroit mayoral election, 2009 | Kwame Kilpatrick",10,1,1,"{""Detroit mayoral election, 2009"":1,""Kwame Kilpatrick"":2}","{""Detroit mayoral election, 2009"":1,""Kwame Kilpatrick"":2}",stable_hit
pooled,5adffe7155429906c02daa9e,bridge,hard,"The songs from the sountrack to ""When Harry Met Sally"" are performed by a singer that has had how many top 20 US albums?",Harry Connick Jr. | When Harry Met Sally... (soundtrack),2,0,0,"{""Harry Connick Jr."":null,""When Harry Met Sally... (soundtrack)"":1}","{""Harry Connick Jr."":null,""When Harry Met Sally... (soundtrack)"":1}",stable_miss
pooled,5adffe7155429906c02daa9e,bridge,hard,"The songs from the sountrack to ""When Harry Met Sally"" are performed by a singer that has had how many top 20 US albums?",Harry Connick Jr. | When Harry Met Sally... (soundtrack),5,0,0,"{""Harry Connick Jr."":null,""When Harry Met Sally... (soundtrack)"":1}","{""Harry Connick Jr."":null,""When Harry Met Sally... (soundtrack)"":1}",stable_miss
pooled,5adffe7155429906c02daa9e,bridge,hard,"The songs from the sountrack to ""When Harry Met Sally"" are performed by a singer that has had how many top 20 US albums?",Harry Connick Jr. | When Harry Met Sally... (soundtrack),10,0,0,"{""Harry Connick Jr."":null,""When Harry Met Sally... (soundtrack)"":1}","{""Harry Connick Jr."":null,""When Harry Met Sally... (soundtrack)"":1}",stable_miss
pooled,5ae0006755429925eb1afbd3,bridge,hard,"Where is the Bubblegum Alley, that is similar to Gum Wall, located in California?","Gum Wall | San Luis Obispo, California",2,0,0,"{""Gum Wall"":2,""San Luis Obispo, California"":null}","{""Gum Wall"":1,""San Luis Obispo, California"":null}",stable_miss
pooled,5ae0006755429925eb1afbd3,bridge,hard,"Where is the Bubblegum Alley, that is similar to Gum Wall, located in California?","Gum Wall | San Luis Obispo, California",5,0,0,"{""Gum Wall"":2,""San Luis Obispo, California"":null}","{""Gum Wall"":1,""San Luis Obispo, California"":null}",stable_miss
pooled,5ae0006755429925eb1afbd3,bridge,hard,"Where is the Bubblegum Alley, that is similar to Gum Wall, located in California?","Gum Wall | San Luis Obispo, California",10,0,0,"{""Gum Wall"":2,""San Luis Obispo, California"":null}","{""Gum Wall"":1,""San Luis Obispo, California"":null}",stable_miss
pooled,5ae0038655429925eb1afbe0,comparison,hard,"Which is a Macedonian weekly, Hänt Extra or Tea Moderna?",Hänt Extra | Tea Moderna (magazine),2,0,1,"{""Hänt Extra"":3,""Tea Moderna (magazine)"":1}","{""Hänt Extra"":2,""Tea Moderna (magazine)"":1}",rescue
pooled,5ae0038655429925eb1afbe0,comparison,hard,"Which is a Macedonian weekly, Hänt Extra or Tea Moderna?",Hänt Extra | Tea Moderna (magazine),5,1,1,"{""Hänt Extra"":3,""Tea Moderna (magazine)"":1}","{""Hänt Extra"":2,""Tea Moderna (magazine)"":1}",stable_hit
pooled,5ae0038655429925eb1afbe0,comparison,hard,"Which is a Macedonian weekly, Hänt Extra or Tea Moderna?",Hänt Extra | Tea Moderna (magazine),10,1,1,"{""Hänt Extra"":3,""Tea Moderna (magazine)"":1}","{""Hänt Extra"":2,""Tea Moderna (magazine)"":1}",stable_hit
pooled,5ae005b555429942ec259bec,bridge,hard,"In what year was the novel that Lourenço Mutarelli based ""Nina"" on based first published?",Crime and Punishment | Lourenço Mutarelli,2,0,0,"{""Crime and Punishment"":40,""Lourenço Mutarelli"":1}","{""Crime and Punishment"":11,""Lourenço Mutarelli"":1}",stable_miss
pooled,5ae005b555429942ec259bec,bridge,hard,"In what year was the novel that Lourenço Mutarelli based ""Nina"" on based first published?",Crime and Punishment | Lourenço Mutarelli,5,0,0,"{""Crime and Punishment"":40,""Lourenço Mutarelli"":1}","{""Crime and Punishment"":11,""Lourenço Mutarelli"":1}",stable_miss
pooled,5ae005b555429942ec259bec,bridge,hard,"In what year was the novel that Lourenço Mutarelli based ""Nina"" on based first published?",Crime and Punishment | Lourenço Mutarelli,10,0,0,"{""Crime and Punishment"":40,""Lourenço Mutarelli"":1}","{""Crime and Punishment"":11,""Lourenço Mutarelli"":1}",stable_miss
pooled,5ae0361155429925eb1afc2c,bridge,hard,Which  French ace pilot and adventurer fly L'Oiseau Blanc,Charles Nungesser | L'Oiseau Blanc,2,0,0,"{""Charles Nungesser"":6,""L'Oiseau Blanc"":1}","{""Charles Nungesser"":3,""L'Oiseau Blanc"":2}",stable_miss
pooled,5ae0361155429925eb1afc2c,bridge,hard,Which  French ace pilot and adventurer fly L'Oiseau Blanc,Charles Nungesser | L'Oiseau Blanc,5,0,1,"{""Charles Nungesser"":6,""L'Oiseau Blanc"":1}","{""Charles Nungesser"":3,""L'Oiseau Blanc"":2}",rescue
pooled,5ae0361155429925eb1afc2c,bridge,hard,Which  French ace pilot and adventurer fly L'Oiseau Blanc,Charles Nungesser | L'Oiseau Blanc,10,1,1,"{""Charles Nungesser"":6,""L'Oiseau Blanc"":1}","{""Charles Nungesser"":3,""L'Oiseau Blanc"":2}",stable_hit
pooled,5ae048a255429924de1b708e,bridge,hard,What movie did Pitof direct which had an action-adventure tie-in video game based off of it in 2004?,Catwoman (film) | Catwoman (video game),2,0,0,"{""Catwoman (film)"":null,""Catwoman (video game)"":39}","{""Catwoman (film)"":null,""Catwoman (video game)"":1}",stable_miss
pooled,5ae048a255429924de1b708e,bridge,hard,What movie did Pitof direct which had an action-adventure tie-in video game based off of it in 2004?,Catwoman (film) | Catwoman (video game),5,0,0,"{""Catwoman (film)"":null,""Catwoman (video game)"":39}","{""Catwoman (film)"":null,""Catwoman (video game)"":1}",stable_miss
pooled,5ae048a255429924de1b708e,bridge,hard,What movie did Pitof direct which had an action-adventure tie-in video game based off of it in 2004?,Catwoman (film) | Catwoman (video game),10,0,0,"{""Catwoman (film)"":null,""Catwoman (video game)"":39}","{""Catwoman (film)"":null,""Catwoman (video game)"":1}",stable_miss
pooled,5ae057fd55429945ae959328,bridge,hard, Robert Smith founded the multinational company headquartered in what city?,General Mills | Robert Smith (Illinois politician),2,0,0,"{""General Mills"":null,""Robert Smith (Illinois politician)"":1}","{""General Mills"":null,""Robert Smith (Illinois politician)"":1}",stable_miss
pooled,5ae057fd55429945ae959328,bridge,hard, Robert Smith founded the multinational company headquartered in what city?,General Mills | Robert Smith (Illinois politician),5,0,0,"{""General Mills"":null,""Robert Smith (Illinois politician)"":1}","{""General Mills"":null,""Robert Smith (Illinois politician)"":1}",stable_miss
pooled,5ae057fd55429945ae959328,bridge,hard, Robert Smith founded the multinational company headquartered in what city?,General Mills | Robert Smith (Illinois politician),10,0,0,"{""General Mills"":null,""Robert Smith (Illinois politician)"":1}","{""General Mills"":null,""Robert Smith (Illinois politician)"":1}",stable_miss
pooled,5ae058e855429945ae959331,comparison,hard,Are  Chrysalis and Look both women's magazines?,Chrysalis (magazine) | Look (UK magazine),2,1,1,"{""Chrysalis (magazine)"":1,""Look (UK magazine)"":2}","{""Chrysalis (magazine)"":1,""Look (UK magazine)"":2}",stable_hit
pooled,5ae058e855429945ae959331,comparison,hard,Are  Chrysalis and Look both women's magazines?,Chrysalis (magazine) | Look (UK magazine),5,1,1,"{""Chrysalis (magazine)"":1,""Look (UK magazine)"":2}","{""Chrysalis (magazine)"":1,""Look (UK magazine)"":2}",stable_hit
pooled,5ae058e855429945ae959331,comparison,hard,Are  Chrysalis and Look both women's magazines?,Chrysalis (magazine) | Look (UK magazine),10,1,1,"{""Chrysalis (magazine)"":1,""Look (UK magazine)"":2}","{""Chrysalis (magazine)"":1,""Look (UK magazine)"":2}",stable_hit
pooled,5ae0a59a55429945ae9593e2,bridge,hard,This Celtic ruler who was born in AD 43 ruled southeastern Britain prior to conquest by which empire?,Catuvellauni | Togodumnus,2,0,0,"{""Catuvellauni"":8,""Togodumnus"":null}","{""Catuvellauni"":2,""Togodumnus"":null}",stable_miss
pooled,5ae0a59a55429945ae9593e2,bridge,hard,This Celtic ruler who was born in AD 43 ruled southeastern Britain prior to conquest by which empire?,Catuvellauni | Togodumnus,5,0,0,"{""Catuvellauni"":8,""Togodumnus"":null}","{""Catuvellauni"":2,""Togodumnus"":null}",stable_miss
pooled,5ae0a59a55429945ae9593e2,bridge,hard,This Celtic ruler who was born in AD 43 ruled southeastern Britain prior to conquest by which empire?,Catuvellauni | Togodumnus,10,0,0,"{""Catuvellauni"":8,""Togodumnus"":null}","{""Catuvellauni"":2,""Togodumnus"":null}",stable_miss
pooled,5ae0aaf455429945ae959401,bridge,hard,Chris Williams last played for which football club from the National League North?,Chris Williams (English footballer) | Salford City F.C.,2,0,0,"{""Chris Williams (English footballer)"":1,""Salford City F.C."":23}","{""Chris Williams (English footballer)"":1,""Salford City F.C."":4}",stable_miss
pooled,5ae0aaf455429945ae959401,bridge,hard,Chris Williams last played for which football club from the National League North?,Chris Williams (English footballer) | Salford City F.C.,5,0,1,"{""Chris Williams (English footballer)"":1,""Salford City F.C."":23}","{""Chris Williams (English footballer)"":1,""Salford City F.C."":4}",rescue
pooled,5ae0aaf455429945ae959401,bridge,hard,Chris Williams last played for which football club from the National League North?,Chris Williams (English footballer) | Salford City F.C.,10,0,1,"{""Chris Williams (English footballer)"":1,""Salford City F.C."":23}","{""Chris Williams (English footballer)"":1,""Salford City F.C."":4}",rescue
pooled,5ae0bae555429906c02dab08,bridge,hard,"Which travel parody series featured American actor, comedian, and radio host best known as the host of ""The Joe Schmo Show""?",Hidden America with Jonah Ray | Ralph Garman,2,0,0,"{""Hidden America with Jonah Ray"":6,""Ralph Garman"":1}","{""Hidden America with Jonah Ray"":3,""Ralph Garman"":1}",stable_miss
pooled,5ae0bae555429906c02dab08,bridge,hard,"Which travel parody series featured American actor, comedian, and radio host best known as the host of ""The Joe Schmo Show""?",Hidden America with Jonah Ray | Ralph Garman,5,0,1,"{""Hidden America with Jonah Ray"":6,""Ralph Garman"":1}","{""Hidden America with Jonah Ray"":3,""Ralph Garman"":1}",rescue
pooled,5ae0bae555429906c02dab08,bridge,hard,"Which travel parody series featured American actor, comedian, and radio host best known as the host of ""The Joe Schmo Show""?",Hidden America with Jonah Ray | Ralph Garman,10,1,1,"{""Hidden America with Jonah Ray"":6,""Ralph Garman"":1}","{""Hidden America with Jonah Ray"":3,""Ralph Garman"":1}",stable_hit
pooled,5ae0d4c9554299603e418468,bridge,hard,Roger O. Egeberg was Assistant Secretary for Health and Scientific Affairs during the administration of a president that served during what years?,Richard Nixon | Roger O. Egeberg,2,0,0,"{""Richard Nixon"":null,""Roger O. Egeberg"":1}","{""Richard Nixon"":null,""Roger O. Egeberg"":1}",stable_miss
pooled,5ae0d4c9554299603e418468,bridge,hard,Roger O. Egeberg was Assistant Secretary for Health and Scientific Affairs during the administration of a president that served during what years?,Richard Nixon | Roger O. Egeberg,5,0,0,"{""Richard Nixon"":null,""Roger O. Egeberg"":1}","{""Richard Nixon"":null,""Roger O. Egeberg"":1}",stable_miss
pooled,5ae0d4c9554299603e418468,bridge,hard,Roger O. Egeberg was Assistant Secretary for Health and Scientific Affairs during the administration of a president that served during what years?,Richard Nixon | Roger O. Egeberg,10,0,0,"{""Richard Nixon"":null,""Roger O. Egeberg"":1}","{""Richard Nixon"":null,""Roger O. Egeberg"":1}",stable_miss
pooled,5ae0d52e554299603e418469,bridge,hard,"The actress that played the leading role in the independent film ""A Perfect Ending"" also stars with John Bregar in a 2008 film directed by who?",Barbara Niven | Dead at 17,2,0,0,"{""Barbara Niven"":1,""Dead at 17"":null}","{""Barbara Niven"":1,""Dead at 17"":null}",stable_miss
pooled,5ae0d52e554299603e418469,bridge,hard,"The actress that played the leading role in the independent film ""A Perfect Ending"" also stars with John Bregar in a 2008 film directed by who?",Barbara Niven | Dead at 17,5,0,0,"{""Barbara Niven"":1,""Dead at 17"":null}","{""Barbara Niven"":1,""Dead at 17"":null}",stable_miss
pooled,5ae0d52e554299603e418469,bridge,hard,"The actress that played the leading role in the independent film ""A Perfect Ending"" also stars with John Bregar in a 2008 film directed by who?",Barbara Niven | Dead at 17,10,0,0,"{""Barbara Niven"":1,""Dead at 17"":null}","{""Barbara Niven"":1,""Dead at 17"":null}",stable_miss
pooled,5ae0f6f5554299422ee99583,bridge,hard,"Which record label released Van Morrison's ""I've Been Working"" on the album ""His Band and the Street Choir""?",His Band and the Street Choir | I've Been Working,2,1,1,"{""His Band and the Street Choir"":2,""I've Been Working"":1}","{""His Band and the Street Choir"":2,""I've Been Working"":1}",stable_hit
pooled,5ae0f6f5554299422ee99583,bridge,hard,"Which record label released Van Morrison's ""I've Been Working"" on the album ""His Band and the Street Choir""?",His Band and the Street Choir | I've Been Working,5,1,1,"{""His Band and the Street Choir"":2,""I've Been Working"":1}","{""His Band and the Street Choir"":2,""I've Been Working"":1}",stable_hit
pooled,5ae0f6f5554299422ee99583,bridge,hard,"Which record label released Van Morrison's ""I've Been Working"" on the album ""His Band and the Street Choir""?",His Band and the Street Choir | I've Been Working,10,1,1,"{""His Band and the Street Choir"":2,""I've Been Working"":1}","{""His Band and the Street Choir"":2,""I've Been Working"":1}",stable_hit
pooled,5ae1316555429901ffe4adda,comparison,hard,Were Goo Goo Dolls and Echosmith formed in the same city?,Echosmith | Goo Goo Dolls,2,0,1,"{""Echosmith"":5,""Goo Goo Dolls"":1}","{""Echosmith"":2,""Goo Goo Dolls"":1}",rescue
pooled,5ae1316555429901ffe4adda,comparison,hard,Were Goo Goo Dolls and Echosmith formed in the same city?,Echosmith | Goo Goo Dolls,5,1,1,"{""Echosmith"":5,""Goo Goo Dolls"":1}","{""Echosmith"":2,""Goo Goo Dolls"":1}",stable_hit
pooled,5ae1316555429901ffe4adda,comparison,hard,Were Goo Goo Dolls and Echosmith formed in the same city?,Echosmith | Goo Goo Dolls,10,1,1,"{""Echosmith"":5,""Goo Goo Dolls"":1}","{""Echosmith"":2,""Goo Goo Dolls"":1}",stable_hit
pooled,5ae15e125542990adbacf773,comparison,hard,In between Berghuis v. Thompkins and Mississippi University for Women v. Hogan which one was a  case decided 5-4 by the Supreme Court of the United States?,Berghuis v. Thompkins | Mississippi University for Women v. Hogan,2,0,1,"{""Berghuis v. Thompkins"":3,""Mississippi University for Women v. Hogan"":1}","{""Berghuis v. Thompkins"":2,""Mississippi University for Women v. Hogan"":1}",rescue
pooled,5ae15e125542990adbacf773,comparison,hard,In between Berghuis v. Thompkins and Mississippi University for Women v. Hogan which one was a  case decided 5-4 by the Supreme Court of the United States?,Berghuis v. Thompkins | Mississippi University for Women v. Hogan,5,1,1,"{""Berghuis v. Thompkins"":3,""Mississippi University for Women v. Hogan"":1}","{""Berghuis v. Thompkins"":2,""Mississippi University for Women v. Hogan"":1}",stable_hit
pooled,5ae15e125542990adbacf773,comparison,hard,In between Berghuis v. Thompkins and Mississippi University for Women v. Hogan which one was a  case decided 5-4 by the Supreme Court of the United States?,Berghuis v. Thompkins | Mississippi University for Women v. Hogan,10,1,1,"{""Berghuis v. Thompkins"":3,""Mississippi University for Women v. Hogan"":1}","{""Berghuis v. Thompkins"":2,""Mississippi University for Women v. Hogan"":1}",stable_hit
pooled,5ae1801955429901ffe4aec4,bridge,hard,Where is the Cocoa Krispies and former Superman sponsor located?,Adventures of Superman (TV series) | Kellogg's,2,0,0,"{""Adventures of Superman (TV series)"":null,""Kellogg's"":11}","{""Adventures of Superman (TV series)"":null,""Kellogg's"":3}",stable_miss
pooled,5ae1801955429901ffe4aec4,bridge,hard,Where is the Cocoa Krispies and former Superman sponsor located?,Adventures of Superman (TV series) | Kellogg's,5,0,0,"{""Adventures of Superman (TV series)"":null,""Kellogg's"":11}","{""Adventures of Superman (TV series)"":null,""Kellogg's"":3}",stable_miss
pooled,5ae1801955429901ffe4aec4,bridge,hard,Where is the Cocoa Krispies and former Superman sponsor located?,Adventures of Superman (TV series) | Kellogg's,10,0,0,"{""Adventures of Superman (TV series)"":null,""Kellogg's"":11}","{""Adventures of Superman (TV series)"":null,""Kellogg's"":3}",stable_miss
pooled,5ae1f4cb554299234fd0436d,bridge,hard,What is the inhabitant of the city where  122nd SS-Standarte was formed in2014,122nd SS-Standarte | Strasbourg,2,0,0,"{""122nd SS-Standarte"":1,""Strasbourg"":8}","{""122nd SS-Standarte"":1,""Strasbourg"":8}",stable_miss
pooled,5ae1f4cb554299234fd0436d,bridge,hard,What is the inhabitant of the city where  122nd SS-Standarte was formed in2014,122nd SS-Standarte | Strasbourg,5,0,0,"{""122nd SS-Standarte"":1,""Strasbourg"":8}","{""122nd SS-Standarte"":1,""Strasbourg"":8}",stable_miss
pooled,5ae1f4cb554299234fd0436d,bridge,hard,What is the inhabitant of the city where  122nd SS-Standarte was formed in2014,122nd SS-Standarte | Strasbourg,10,1,1,"{""122nd SS-Standarte"":1,""Strasbourg"":8}","{""122nd SS-Standarte"":1,""Strasbourg"":8}",stable_hit
pooled,5ae1f596554299234fd04372,bridge,hard,When did the game which held three times in  in East Asia first held ,2008 Summer Olympics | Summer Olympic Games,2,0,0,"{""2008 Summer Olympics"":6,""Summer Olympic Games"":13}","{""2008 Summer Olympics"":2,""Summer Olympic Games"":10}",stable_miss
pooled,5ae1f596554299234fd04372,bridge,hard,When did the game which held three times in  in East Asia first held ,2008 Summer Olympics | Summer Olympic Games,5,0,0,"{""2008 Summer Olympics"":6,""Summer Olympic Games"":13}","{""2008 Summer Olympics"":2,""Summer Olympic Games"":10}",stable_miss
pooled,5ae1f596554299234fd04372,bridge,hard,When did the game which held three times in  in East Asia first held ,2008 Summer Olympics | Summer Olympic Games,10,0,1,"{""2008 Summer Olympics"":6,""Summer Olympic Games"":13}","{""2008 Summer Olympics"":2,""Summer Olympic Games"":10}",rescue
pooled,5ae1f5a15542997f29b3c1b5,bridge,hard,The actor who appeared on Charlotte's Shorts and Weeds was born in what year?,Charlotte's Shorts | Gary Anthony Williams,2,0,1,"{""Charlotte's Shorts"":1,""Gary Anthony Williams"":34}","{""Charlotte's Shorts"":1,""Gary Anthony Williams"":2}",rescue
pooled,5ae1f5a15542997f29b3c1b5,bridge,hard,The actor who appeared on Charlotte's Shorts and Weeds was born in what year?,Charlotte's Shorts | Gary Anthony Williams,5,0,1,"{""Charlotte's Shorts"":1,""Gary Anthony Williams"":34}","{""Charlotte's Shorts"":1,""Gary Anthony Williams"":2}",rescue
pooled,5ae1f5a15542997f29b3c1b5,bridge,hard,The actor who appeared on Charlotte's Shorts and Weeds was born in what year?,Charlotte's Shorts | Gary Anthony Williams,10,0,1,"{""Charlotte's Shorts"":1,""Gary Anthony Williams"":34}","{""Charlotte's Shorts"":1,""Gary Anthony Williams"":2}",rescue
pooled,5ae2070a5542994d89d5b313,comparison,hard,"Which performance act has a higher instrument to person ratio, Badly Drawn Boy or Wolf Alice? ",Badly Drawn Boy | Wolf Alice,2,0,0,"{""Badly Drawn Boy"":5,""Wolf Alice"":1}","{""Badly Drawn Boy"":3,""Wolf Alice"":2}",stable_miss
pooled,5ae2070a5542994d89d5b313,comparison,hard,"Which performance act has a higher instrument to person ratio, Badly Drawn Boy or Wolf Alice? ",Badly Drawn Boy | Wolf Alice,5,1,1,"{""Badly Drawn Boy"":5,""Wolf Alice"":1}","{""Badly Drawn Boy"":3,""Wolf Alice"":2}",stable_hit
pooled,5ae2070a5542994d89d5b313,comparison,hard,"Which performance act has a higher instrument to person ratio, Badly Drawn Boy or Wolf Alice? ",Badly Drawn Boy | Wolf Alice,10,1,1,"{""Badly Drawn Boy"":5,""Wolf Alice"":1}","{""Badly Drawn Boy"":3,""Wolf Alice"":2}",stable_hit
pooled,5ae224da554299234fd043ee,comparison,hard,Do the drinks Gibson and Zurracapote both contain gin?,Gibson (cocktail) | Zurracapote,2,0,1,"{""Gibson (cocktail)"":2,""Zurracapote"":3}","{""Gibson (cocktail)"":1,""Zurracapote"":2}",rescue
pooled,5ae224da554299234fd043ee,comparison,hard,Do the drinks Gibson and Zurracapote both contain gin?,Gibson (cocktail) | Zurracapote,5,1,1,"{""Gibson (cocktail)"":2,""Zurracapote"":3}","{""Gibson (cocktail)"":1,""Zurracapote"":2}",stable_hit
pooled,5ae224da554299234fd043ee,comparison,hard,Do the drinks Gibson and Zurracapote both contain gin?,Gibson (cocktail) | Zurracapote,10,1,1,"{""Gibson (cocktail)"":2,""Zurracapote"":3}","{""Gibson (cocktail)"":1,""Zurracapote"":2}",stable_hit
pooled,5ae22b8d554299234fd0440f,bridge,hard,What was the father of Kasper Schmeichel voted to be by the IFFHS in 1992?,Kasper Schmeichel | Peter Schmeichel,2,0,1,"{""Kasper Schmeichel"":1,""Peter Schmeichel"":4}","{""Kasper Schmeichel"":2,""Peter Schmeichel"":1}",rescue
pooled,5ae22b8d554299234fd0440f,bridge,hard,What was the father of Kasper Schmeichel voted to be by the IFFHS in 1992?,Kasper Schmeichel | Peter Schmeichel,5,1,1,"{""Kasper Schmeichel"":1,""Peter Schmeichel"":4}","{""Kasper Schmeichel"":2,""Peter Schmeichel"":1}",stable_hit
pooled,5ae22b8d554299234fd0440f,bridge,hard,What was the father of Kasper Schmeichel voted to be by the IFFHS in 1992?,Kasper Schmeichel | Peter Schmeichel,10,1,1,"{""Kasper Schmeichel"":1,""Peter Schmeichel"":4}","{""Kasper Schmeichel"":2,""Peter Schmeichel"":1}",stable_hit
pooled,5ae24abc5542994d89d5b3c3,bridge,hard,Where is the company that owns thanKing Horse pub restaurant chain based ?,Greene King | Hungry Horse,2,1,1,"{""Greene King"":2,""Hungry Horse"":1}","{""Greene King"":2,""Hungry Horse"":1}",stable_hit
pooled,5ae24abc5542994d89d5b3c3,bridge,hard,Where is the company that owns thanKing Horse pub restaurant chain based ?,Greene King | Hungry Horse,5,1,1,"{""Greene King"":2,""Hungry Horse"":1}","{""Greene King"":2,""Hungry Horse"":1}",stable_hit
pooled,5ae24abc5542994d89d5b3c3,bridge,hard,Where is the company that owns thanKing Horse pub restaurant chain based ?,Greene King | Hungry Horse,10,1,1,"{""Greene King"":2,""Hungry Horse"":1}","{""Greene King"":2,""Hungry Horse"":1}",stable_hit
pooled,5ae25ed15542992decbdccd2,comparison,hard,Both Sorbaria and Goldenrod are a genus of more than 50 flowering plants?,Goldenrod | Sorbaria,2,1,1,"{""Goldenrod"":2,""Sorbaria"":1}","{""Goldenrod"":2,""Sorbaria"":1}",stable_hit
pooled,5ae25ed15542992decbdccd2,comparison,hard,Both Sorbaria and Goldenrod are a genus of more than 50 flowering plants?,Goldenrod | Sorbaria,5,1,1,"{""Goldenrod"":2,""Sorbaria"":1}","{""Goldenrod"":2,""Sorbaria"":1}",stable_hit
pooled,5ae25ed15542992decbdccd2,comparison,hard,Both Sorbaria and Goldenrod are a genus of more than 50 flowering plants?,Goldenrod | Sorbaria,10,1,1,"{""Goldenrod"":2,""Sorbaria"":1}","{""Goldenrod"":2,""Sorbaria"":1}",stable_hit
pooled,5ae2b770554299495565db0f,bridge,hard,"In what month is the annual documentary film festival, that is presented by the fortnightly published British journal of literary essays, held? ",London International Documentary Festival | London Review of Books,2,0,0,"{""London International Documentary Festival"":1,""London Review of Books"":16}","{""London International Documentary Festival"":1,""London Review of Books"":3}",stable_miss
pooled,5ae2b770554299495565db0f,bridge,hard,"In what month is the annual documentary film festival, that is presented by the fortnightly published British journal of literary essays, held? ",London International Documentary Festival | London Review of Books,5,0,1,"{""London International Documentary Festival"":1,""London Review of Books"":16}","{""London International Documentary Festival"":1,""London Review of Books"":3}",rescue
pooled,5ae2b770554299495565db0f,bridge,hard,"In what month is the annual documentary film festival, that is presented by the fortnightly published British journal of literary essays, held? ",London International Documentary Festival | London Review of Books,10,0,1,"{""London International Documentary Festival"":1,""London Review of Books"":16}","{""London International Documentary Festival"":1,""London Review of Books"":3}",rescue
pooled,5ae2dd2055429928c423950d,bridge,hard,"What is the county seat of the county where East Lempster, New Hampshire is located?","East Lempster, New Hampshire | Sullivan County, New Hampshire",2,0,0,"{""East Lempster, New Hampshire"":1,""Sullivan County, New Hampshire"":4}","{""East Lempster, New Hampshire"":1,""Sullivan County, New Hampshire"":6}",stable_miss
pooled,5ae2dd2055429928c423950d,bridge,hard,"What is the county seat of the county where East Lempster, New Hampshire is located?","East Lempster, New Hampshire | Sullivan County, New Hampshire",5,1,0,"{""East Lempster, New Hampshire"":1,""Sullivan County, New Hampshire"":4}","{""East Lempster, New Hampshire"":1,""Sullivan County, New Hampshire"":6}",damage
pooled,5ae2dd2055429928c423950d,bridge,hard,"What is the county seat of the county where East Lempster, New Hampshire is located?","East Lempster, New Hampshire | Sullivan County, New Hampshire",10,1,1,"{""East Lempster, New Hampshire"":1,""Sullivan County, New Hampshire"":4}","{""East Lempster, New Hampshire"":1,""Sullivan County, New Hampshire"":6}",stable_hit
pooled,5ae2dfd155429928c423951b,bridge,hard,"Which of the city at the south of Shelly Beach, New South Wales is a local government area in the Hunter region of New South Wales, Australia?","City of Newcastle | Shelly Beach, New South Wales",2,0,1,"{""City of Newcastle"":3,""Shelly Beach, New South Wales"":1}","{""City of Newcastle"":2,""Shelly Beach, New South Wales"":1}",rescue
pooled,5ae2dfd155429928c423951b,bridge,hard,"Which of the city at the south of Shelly Beach, New South Wales is a local government area in the Hunter region of New South Wales, Australia?","City of Newcastle | Shelly Beach, New South Wales",5,1,1,"{""City of Newcastle"":3,""Shelly Beach, New South Wales"":1}","{""City of Newcastle"":2,""Shelly Beach, New South Wales"":1}",stable_hit
pooled,5ae2dfd155429928c423951b,bridge,hard,"Which of the city at the south of Shelly Beach, New South Wales is a local government area in the Hunter region of New South Wales, Australia?","City of Newcastle | Shelly Beach, New South Wales",10,1,1,"{""City of Newcastle"":3,""Shelly Beach, New South Wales"":1}","{""City of Newcastle"":2,""Shelly Beach, New South Wales"":1}",stable_hit
pooled,5ae2ee5e5542991a06ce990a,bridge,hard,The 1st Virginia Regiment saw action at a battle that led to the departure of what Royal Governor?,1st Virginia Regiment | Battle of Great Bridge,2,0,1,"{""1st Virginia Regiment"":1,""Battle of Great Bridge"":12}","{""1st Virginia Regiment"":2,""Battle of Great Bridge"":1}",rescue
pooled,5ae2ee5e5542991a06ce990a,bridge,hard,The 1st Virginia Regiment saw action at a battle that led to the departure of what Royal Governor?,1st Virginia Regiment | Battle of Great Bridge,5,0,1,"{""1st Virginia Regiment"":1,""Battle of Great Bridge"":12}","{""1st Virginia Regiment"":2,""Battle of Great Bridge"":1}",rescue
pooled,5ae2ee5e5542991a06ce990a,bridge,hard,The 1st Virginia Regiment saw action at a battle that led to the departure of what Royal Governor?,1st Virginia Regiment | Battle of Great Bridge,10,0,1,"{""1st Virginia Regiment"":1,""Battle of Great Bridge"":12}","{""1st Virginia Regiment"":2,""Battle of Great Bridge"":1}",rescue
pooled,5ae305df5542992decbdcdc3,bridge,hard,"At what venue was the January 2, 2012 game featured the University of Louisville team?",2012 Louisville Cardinals football team | 2013 Sugar Bowl,2,0,1,"{""2012 Louisville Cardinals football team"":1,""2013 Sugar Bowl"":3}","{""2012 Louisville Cardinals football team"":2,""2013 Sugar Bowl"":1}",rescue
pooled,5ae305df5542992decbdcdc3,bridge,hard,"At what venue was the January 2, 2012 game featured the University of Louisville team?",2012 Louisville Cardinals football team | 2013 Sugar Bowl,5,1,1,"{""2012 Louisville Cardinals football team"":1,""2013 Sugar Bowl"":3}","{""2012 Louisville Cardinals football team"":2,""2013 Sugar Bowl"":1}",stable_hit
pooled,5ae305df5542992decbdcdc3,bridge,hard,"At what venue was the January 2, 2012 game featured the University of Louisville team?",2012 Louisville Cardinals football team | 2013 Sugar Bowl,10,1,1,"{""2012 Louisville Cardinals football team"":1,""2013 Sugar Bowl"":3}","{""2012 Louisville Cardinals football team"":2,""2013 Sugar Bowl"":1}",stable_hit
pooled,5ae32b6755429928c4239644,bridge,hard,Wendy Ayche was featured in 2016 in an annual production created by Youtube and what other organization?,Wengie | YouTube Rewind,2,0,1,"{""Wengie"":1,""YouTube Rewind"":11}","{""Wengie"":1,""YouTube Rewind"":2}",rescue
pooled,5ae32b6755429928c4239644,bridge,hard,Wendy Ayche was featured in 2016 in an annual production created by Youtube and what other organization?,Wengie | YouTube Rewind,5,0,1,"{""Wengie"":1,""YouTube Rewind"":11}","{""Wengie"":1,""YouTube Rewind"":2}",rescue
pooled,5ae32b6755429928c4239644,bridge,hard,Wendy Ayche was featured in 2016 in an annual production created by Youtube and what other organization?,Wengie | YouTube Rewind,10,0,1,"{""Wengie"":1,""YouTube Rewind"":11}","{""Wengie"":1,""YouTube Rewind"":2}",rescue
pooled,5ae32e125542991a06ce9946,bridge,hard,"According to the 2001 census, what was the population of the city in which Kirton End is located?","Boston, Lincolnshire | Kirton End",2,0,0,"{""Boston, Lincolnshire"":26,""Kirton End"":2}","{""Boston, Lincolnshire"":8,""Kirton End"":3}",stable_miss
pooled,5ae32e125542991a06ce9946,bridge,hard,"According to the 2001 census, what was the population of the city in which Kirton End is located?","Boston, Lincolnshire | Kirton End",5,0,0,"{""Boston, Lincolnshire"":26,""Kirton End"":2}","{""Boston, Lincolnshire"":8,""Kirton End"":3}",stable_miss
pooled,5ae32e125542991a06ce9946,bridge,hard,"According to the 2001 census, what was the population of the city in which Kirton End is located?","Boston, Lincolnshire | Kirton End",10,0,1,"{""Boston, Lincolnshire"":26,""Kirton End"":2}","{""Boston, Lincolnshire"":8,""Kirton End"":3}",rescue
pooled,5ae33c4d5542992f92d82262,bridge,hard,Robert Suettinger was the national intelligence officer under which former Governor of Arkansas?,Bill Clinton | Robert Suettinger,2,0,0,"{""Bill Clinton"":16,""Robert Suettinger"":1}","{""Bill Clinton"":3,""Robert Suettinger"":1}",stable_miss
pooled,5ae33c4d5542992f92d82262,bridge,hard,Robert Suettinger was the national intelligence officer under which former Governor of Arkansas?,Bill Clinton | Robert Suettinger,5,0,1,"{""Bill Clinton"":16,""Robert Suettinger"":1}","{""Bill Clinton"":3,""Robert Suettinger"":1}",rescue
pooled,5ae33c4d5542992f92d82262,bridge,hard,Robert Suettinger was the national intelligence officer under which former Governor of Arkansas?,Bill Clinton | Robert Suettinger,10,0,1,"{""Bill Clinton"":16,""Robert Suettinger"":1}","{""Bill Clinton"":3,""Robert Suettinger"":1}",rescue
pooled,5ae37c765542992f92d822d4,bridge,hard,"What was the name of the 1996 loose adaptation of William Shakespeare's ""Romeo & Juliet"" written by James Gunn?",James Gunn | Tromeo and Juliet,2,0,0,"{""James Gunn"":13,""Tromeo and Juliet"":2}","{""James Gunn"":4,""Tromeo and Juliet"":1}",stable_miss
pooled,5ae37c765542992f92d822d4,bridge,hard,"What was the name of the 1996 loose adaptation of William Shakespeare's ""Romeo & Juliet"" written by James Gunn?",James Gunn | Tromeo and Juliet,5,0,1,"{""James Gunn"":13,""Tromeo and Juliet"":2}","{""James Gunn"":4,""Tromeo and Juliet"":1}",rescue
pooled,5ae37c765542992f92d822d4,bridge,hard,"What was the name of the 1996 loose adaptation of William Shakespeare's ""Romeo & Juliet"" written by James Gunn?",James Gunn | Tromeo and Juliet,10,0,1,"{""James Gunn"":13,""Tromeo and Juliet"":2}","{""James Gunn"":4,""Tromeo and Juliet"":1}",rescue
pooled,5ae3dc205542992f92d823a1,bridge,hard,The Column of Saint Zanobi  is a monumental marble column located just north of religious building with the status of what?,"Colonna di San Zanobi, Florence | Florence Baptistery",2,0,0,"{""Colonna di San Zanobi, Florence"":1,""Florence Baptistery"":5}","{""Colonna di San Zanobi, Florence"":1,""Florence Baptistery"":6}",stable_miss
pooled,5ae3dc205542992f92d823a1,bridge,hard,The Column of Saint Zanobi  is a monumental marble column located just north of religious building with the status of what?,"Colonna di San Zanobi, Florence | Florence Baptistery",5,1,0,"{""Colonna di San Zanobi, Florence"":1,""Florence Baptistery"":5}","{""Colonna di San Zanobi, Florence"":1,""Florence Baptistery"":6}",damage
pooled,5ae3dc205542992f92d823a1,bridge,hard,The Column of Saint Zanobi  is a monumental marble column located just north of religious building with the status of what?,"Colonna di San Zanobi, Florence | Florence Baptistery",10,1,1,"{""Colonna di San Zanobi, Florence"":1,""Florence Baptistery"":5}","{""Colonna di San Zanobi, Florence"":1,""Florence Baptistery"":6}",stable_hit
pooled,5ae3ff575542995dadf242aa,bridge,hard,What is the population according to the 2007 population census of the city in which the National Archives and Library of Ethiopia is located?,Addis Ababa | National Archives and Library of Ethiopia,2,1,1,"{""Addis Ababa"":2,""National Archives and Library of Ethiopia"":1}","{""Addis Ababa"":1,""National Archives and Library of Ethiopia"":2}",stable_hit
pooled,5ae3ff575542995dadf242aa,bridge,hard,What is the population according to the 2007 population census of the city in which the National Archives and Library of Ethiopia is located?,Addis Ababa | National Archives and Library of Ethiopia,5,1,1,"{""Addis Ababa"":2,""National Archives and Library of Ethiopia"":1}","{""Addis Ababa"":1,""National Archives and Library of Ethiopia"":2}",stable_hit
pooled,5ae3ff575542995dadf242aa,bridge,hard,What is the population according to the 2007 population census of the city in which the National Archives and Library of Ethiopia is located?,Addis Ababa | National Archives and Library of Ethiopia,10,1,1,"{""Addis Ababa"":2,""National Archives and Library of Ethiopia"":1}","{""Addis Ababa"":1,""National Archives and Library of Ethiopia"":2}",stable_hit
pooled,5ae406245542995dadf242e2,bridge,hard,"Marion Greene was a health policy analyst for St. Judt Medical company, which had how many principal operations worldwide?",Marion Greene | St. Jude Medical,2,0,1,"{""Marion Greene"":2,""St. Jude Medical"":39}","{""Marion Greene"":1,""St. Jude Medical"":2}",rescue
pooled,5ae406245542995dadf242e2,bridge,hard,"Marion Greene was a health policy analyst for St. Judt Medical company, which had how many principal operations worldwide?",Marion Greene | St. Jude Medical,5,0,1,"{""Marion Greene"":2,""St. Jude Medical"":39}","{""Marion Greene"":1,""St. Jude Medical"":2}",rescue
pooled,5ae406245542995dadf242e2,bridge,hard,"Marion Greene was a health policy analyst for St. Judt Medical company, which had how many principal operations worldwide?",Marion Greene | St. Jude Medical,10,0,1,"{""Marion Greene"":2,""St. Jude Medical"":39}","{""Marion Greene"":1,""St. Jude Medical"":2}",rescue
pooled,5ae4563e5542996836b02c7f,bridge,hard,"in 1999, Spirit Halloween LLC was purchased by a mall retailer that has how many stores in the United States and Canada ?",Spencer Gifts | Spirit Halloween,2,0,1,"{""Spencer Gifts"":3,""Spirit Halloween"":1}","{""Spencer Gifts"":2,""Spirit Halloween"":1}",rescue
pooled,5ae4563e5542996836b02c7f,bridge,hard,"in 1999, Spirit Halloween LLC was purchased by a mall retailer that has how many stores in the United States and Canada ?",Spencer Gifts | Spirit Halloween,5,1,1,"{""Spencer Gifts"":3,""Spirit Halloween"":1}","{""Spencer Gifts"":2,""Spirit Halloween"":1}",stable_hit
pooled,5ae4563e5542996836b02c7f,bridge,hard,"in 1999, Spirit Halloween LLC was purchased by a mall retailer that has how many stores in the United States and Canada ?",Spencer Gifts | Spirit Halloween,10,1,1,"{""Spencer Gifts"":3,""Spirit Halloween"":1}","{""Spencer Gifts"":2,""Spirit Halloween"":1}",stable_hit
pooled,5ae4627d5542991a06ce9a4d,bridge,hard,The author of Sexual Politics attended which British University?,Kate Millett | Sexual Politics,2,0,1,"{""Kate Millett"":3,""Sexual Politics"":1}","{""Kate Millett"":2,""Sexual Politics"":1}",rescue
pooled,5ae4627d5542991a06ce9a4d,bridge,hard,The author of Sexual Politics attended which British University?,Kate Millett | Sexual Politics,5,1,1,"{""Kate Millett"":3,""Sexual Politics"":1}","{""Kate Millett"":2,""Sexual Politics"":1}",stable_hit
pooled,5ae4627d5542991a06ce9a4d,bridge,hard,The author of Sexual Politics attended which British University?,Kate Millett | Sexual Politics,10,1,1,"{""Kate Millett"":3,""Sexual Politics"":1}","{""Kate Millett"":2,""Sexual Politics"":1}",stable_hit
pooled,5ae4890a5542995ad6573d60,bridge,hard,In what field does the firm at which Claudio Fernández-Aráoz was a currently a senior adviser offers services?,Claudio Fernández-Aráoz | Egon Zehnder,2,0,1,"{""Claudio Fernández-Aráoz"":1,""Egon Zehnder"":29}","{""Claudio Fernández-Aráoz"":1,""Egon Zehnder"":2}",rescue
pooled,5ae4890a5542995ad6573d60,bridge,hard,In what field does the firm at which Claudio Fernández-Aráoz was a currently a senior adviser offers services?,Claudio Fernández-Aráoz | Egon Zehnder,5,0,1,"{""Claudio Fernández-Aráoz"":1,""Egon Zehnder"":29}","{""Claudio Fernández-Aráoz"":1,""Egon Zehnder"":2}",rescue
pooled,5ae4890a5542995ad6573d60,bridge,hard,In what field does the firm at which Claudio Fernández-Aráoz was a currently a senior adviser offers services?,Claudio Fernández-Aráoz | Egon Zehnder,10,0,1,"{""Claudio Fernández-Aráoz"":1,""Egon Zehnder"":29}","{""Claudio Fernández-Aráoz"":1,""Egon Zehnder"":2}",rescue
pooled,5ae497f15542995ad6573db8,bridge,hard,What NIFL Premier Intermediate League team did Sean Connor play for?,Lisburn Distillery F.C. | Sean Connor,2,0,0,"{""Lisburn Distillery F.C."":null,""Sean Connor"":1}","{""Lisburn Distillery F.C."":null,""Sean Connor"":2}",stable_miss
pooled,5ae497f15542995ad6573db8,bridge,hard,What NIFL Premier Intermediate League team did Sean Connor play for?,Lisburn Distillery F.C. | Sean Connor,5,0,0,"{""Lisburn Distillery F.C."":null,""Sean Connor"":1}","{""Lisburn Distillery F.C."":null,""Sean Connor"":2}",stable_miss
pooled,5ae497f15542995ad6573db8,bridge,hard,What NIFL Premier Intermediate League team did Sean Connor play for?,Lisburn Distillery F.C. | Sean Connor,10,0,0,"{""Lisburn Distillery F.C."":null,""Sean Connor"":1}","{""Lisburn Distillery F.C."":null,""Sean Connor"":2}",stable_miss
pooled,5ae4a3265542995ad6573de5,comparison,hard,"Hayden is a singer-songwriter from Canada, but where does Buck-Tick hail from?",Buck-Tick | Hayden (musician),2,0,0,"{""Buck-Tick"":3,""Hayden (musician)"":1}","{""Buck-Tick"":4,""Hayden (musician)"":1}",stable_miss
pooled,5ae4a3265542995ad6573de5,comparison,hard,"Hayden is a singer-songwriter from Canada, but where does Buck-Tick hail from?",Buck-Tick | Hayden (musician),5,1,1,"{""Buck-Tick"":3,""Hayden (musician)"":1}","{""Buck-Tick"":4,""Hayden (musician)"":1}",stable_hit
pooled,5ae4a3265542995ad6573de5,comparison,hard,"Hayden is a singer-songwriter from Canada, but where does Buck-Tick hail from?",Buck-Tick | Hayden (musician),10,1,1,"{""Buck-Tick"":3,""Hayden (musician)"":1}","{""Buck-Tick"":4,""Hayden (musician)"":1}",stable_hit
pooled,5ae4c2b95542995dadf243ef,bridge,hard,One of the coaches of Southern Methodist University also played what role at the Arizona State Sun Devils?,Phil Bennett (American football) | SMU Mustangs football under Mike Cavan,2,0,0,"{""Phil Bennett (American football)"":9,""SMU Mustangs football under Mike Cavan"":10}","{""Phil Bennett (American football)"":2,""SMU Mustangs football under Mike Cavan"":10}",stable_miss
pooled,5ae4c2b95542995dadf243ef,bridge,hard,One of the coaches of Southern Methodist University also played what role at the Arizona State Sun Devils?,Phil Bennett (American football) | SMU Mustangs football under Mike Cavan,5,0,0,"{""Phil Bennett (American football)"":9,""SMU Mustangs football under Mike Cavan"":10}","{""Phil Bennett (American football)"":2,""SMU Mustangs football under Mike Cavan"":10}",stable_miss
pooled,5ae4c2b95542995dadf243ef,bridge,hard,One of the coaches of Southern Methodist University also played what role at the Arizona State Sun Devils?,Phil Bennett (American football) | SMU Mustangs football under Mike Cavan,10,1,1,"{""Phil Bennett (American football)"":9,""SMU Mustangs football under Mike Cavan"":10}","{""Phil Bennett (American football)"":2,""SMU Mustangs football under Mike Cavan"":10}",stable_hit
pooled,5ae4c39f5542995dadf243fb,bridge,hard,Which former mill town is near Rivington Hall Barn?,Bolton | Rivington Hall Barn,2,0,0,"{""Bolton"":null,""Rivington Hall Barn"":1}","{""Bolton"":null,""Rivington Hall Barn"":1}",stable_miss
pooled,5ae4c39f5542995dadf243fb,bridge,hard,Which former mill town is near Rivington Hall Barn?,Bolton | Rivington Hall Barn,5,0,0,"{""Bolton"":null,""Rivington Hall Barn"":1}","{""Bolton"":null,""Rivington Hall Barn"":1}",stable_miss
pooled,5ae4c39f5542995dadf243fb,bridge,hard,Which former mill town is near Rivington Hall Barn?,Bolton | Rivington Hall Barn,10,0,0,"{""Bolton"":null,""Rivington Hall Barn"":1}","{""Bolton"":null,""Rivington Hall Barn"":1}",stable_miss
pooled,5ae4c49a5542995dadf24400,bridge,hard,"Henry Hall is known for fighting in the Revolutionary War, and for being the first to successfully cultivate this food found in what type of bogs?",Cranberry | Henry Hall (American revolution),2,0,0,"{""Cranberry"":null,""Henry Hall (American revolution)"":1}","{""Cranberry"":null,""Henry Hall (American revolution)"":1}",stable_miss
pooled,5ae4c49a5542995dadf24400,bridge,hard,"Henry Hall is known for fighting in the Revolutionary War, and for being the first to successfully cultivate this food found in what type of bogs?",Cranberry | Henry Hall (American revolution),5,0,0,"{""Cranberry"":null,""Henry Hall (American revolution)"":1}","{""Cranberry"":null,""Henry Hall (American revolution)"":1}",stable_miss
pooled,5ae4c49a5542995dadf24400,bridge,hard,"Henry Hall is known for fighting in the Revolutionary War, and for being the first to successfully cultivate this food found in what type of bogs?",Cranberry | Henry Hall (American revolution),10,0,0,"{""Cranberry"":null,""Henry Hall (American revolution)"":1}","{""Cranberry"":null,""Henry Hall (American revolution)"":1}",stable_miss
pooled,5ae4c5595542990ba0bbb123,bridge,hard,Which lead actor/actress in War Chhod Na Yaar has also acted in Bengali and English-language films?,Soha Ali Khan | War Chhod Na Yaar,2,0,0,"{""Soha Ali Khan"":9,""War Chhod Na Yaar"":1}","{""Soha Ali Khan"":3,""War Chhod Na Yaar"":1}",stable_miss
pooled,5ae4c5595542990ba0bbb123,bridge,hard,Which lead actor/actress in War Chhod Na Yaar has also acted in Bengali and English-language films?,Soha Ali Khan | War Chhod Na Yaar,5,0,1,"{""Soha Ali Khan"":9,""War Chhod Na Yaar"":1}","{""Soha Ali Khan"":3,""War Chhod Na Yaar"":1}",rescue
pooled,5ae4c5595542990ba0bbb123,bridge,hard,Which lead actor/actress in War Chhod Na Yaar has also acted in Bengali and English-language films?,Soha Ali Khan | War Chhod Na Yaar,10,1,1,"{""Soha Ali Khan"":9,""War Chhod Na Yaar"":1}","{""Soha Ali Khan"":3,""War Chhod Na Yaar"":1}",stable_hit
pooled,5ae4d3c95542990ba0bbb165,comparison,hard,In what city can a person find both the Nusretiye Clock Tower and the Eski Imaret Mosque be found?,Eski Imaret Mosque | Nusretiye Clock Tower,2,0,0,"{""Eski Imaret Mosque"":6,""Nusretiye Clock Tower"":1}","{""Eski Imaret Mosque"":3,""Nusretiye Clock Tower"":1}",stable_miss
pooled,5ae4d3c95542990ba0bbb165,comparison,hard,In what city can a person find both the Nusretiye Clock Tower and the Eski Imaret Mosque be found?,Eski Imaret Mosque | Nusretiye Clock Tower,5,0,1,"{""Eski Imaret Mosque"":6,""Nusretiye Clock Tower"":1}","{""Eski Imaret Mosque"":3,""Nusretiye Clock Tower"":1}",rescue
pooled,5ae4d3c95542990ba0bbb165,comparison,hard,In what city can a person find both the Nusretiye Clock Tower and the Eski Imaret Mosque be found?,Eski Imaret Mosque | Nusretiye Clock Tower,10,1,1,"{""Eski Imaret Mosque"":6,""Nusretiye Clock Tower"":1}","{""Eski Imaret Mosque"":3,""Nusretiye Clock Tower"":1}",stable_hit
pooled,5ae4ec1e5542990ba0bbb19b,comparison,hard,"In between The Bears and I and Oceans which was released on July 31, 1974, by Buena Vista Distribution?",Oceans (film) | The Bears and I,2,0,0,"{""Oceans (film)"":14,""The Bears and I"":1}","{""Oceans (film)"":9,""The Bears and I"":1}",stable_miss
pooled,5ae4ec1e5542990ba0bbb19b,comparison,hard,"In between The Bears and I and Oceans which was released on July 31, 1974, by Buena Vista Distribution?",Oceans (film) | The Bears and I,5,0,0,"{""Oceans (film)"":14,""The Bears and I"":1}","{""Oceans (film)"":9,""The Bears and I"":1}",stable_miss
pooled,5ae4ec1e5542990ba0bbb19b,comparison,hard,"In between The Bears and I and Oceans which was released on July 31, 1974, by Buena Vista Distribution?",Oceans (film) | The Bears and I,10,0,1,"{""Oceans (film)"":14,""The Bears and I"":1}","{""Oceans (film)"":9,""The Bears and I"":1}",rescue
pooled,5ae4f2c75542993aec5ec0fb,bridge,hard,"What airport serviced by American Airlines Shuttle, is also the largest airport in the New England region and 17th busiest in the U.S?",American Airlines Shuttle | Logan International Airport,2,1,1,"{""American Airlines Shuttle"":1,""Logan International Airport"":2}","{""American Airlines Shuttle"":1,""Logan International Airport"":2}",stable_hit
pooled,5ae4f2c75542993aec5ec0fb,bridge,hard,"What airport serviced by American Airlines Shuttle, is also the largest airport in the New England region and 17th busiest in the U.S?",American Airlines Shuttle | Logan International Airport,5,1,1,"{""American Airlines Shuttle"":1,""Logan International Airport"":2}","{""American Airlines Shuttle"":1,""Logan International Airport"":2}",stable_hit
pooled,5ae4f2c75542993aec5ec0fb,bridge,hard,"What airport serviced by American Airlines Shuttle, is also the largest airport in the New England region and 17th busiest in the U.S?",American Airlines Shuttle | Logan International Airport,10,1,1,"{""American Airlines Shuttle"":1,""Logan International Airport"":2}","{""American Airlines Shuttle"":1,""Logan International Airport"":2}",stable_hit
pooled,5ae5072e55429960a22e0246,bridge,hard,"Who is the current drummer of the band who did the song ""What Lovers Do""?",Maroon 5 | What Lovers Do,2,0,0,"{""Maroon 5"":null,""What Lovers Do"":3}","{""Maroon 5"":null,""What Lovers Do"":1}",stable_miss
pooled,5ae5072e55429960a22e0246,bridge,hard,"Who is the current drummer of the band who did the song ""What Lovers Do""?",Maroon 5 | What Lovers Do,5,0,0,"{""Maroon 5"":null,""What Lovers Do"":3}","{""Maroon 5"":null,""What Lovers Do"":1}",stable_miss
pooled,5ae5072e55429960a22e0246,bridge,hard,"Who is the current drummer of the band who did the song ""What Lovers Do""?",Maroon 5 | What Lovers Do,10,0,0,"{""Maroon 5"":null,""What Lovers Do"":3}","{""Maroon 5"":null,""What Lovers Do"":1}",stable_miss
pooled,5ae52c0f5542992663a4f12e,bridge,hard,What major city is the Faith Lutheran Middle School and High School located by?,"Faith Lutheran Middle School &amp; High School | Summerlin, Nevada",2,0,0,"{""Faith Lutheran Middle School &amp; High School"":1,""Summerlin, Nevada"":null}","{""Faith Lutheran Middle School &amp; High School"":1,""Summerlin, Nevada"":null}",stable_miss
pooled,5ae52c0f5542992663a4f12e,bridge,hard,What major city is the Faith Lutheran Middle School and High School located by?,"Faith Lutheran Middle School &amp; High School | Summerlin, Nevada",5,0,0,"{""Faith Lutheran Middle School &amp; High School"":1,""Summerlin, Nevada"":null}","{""Faith Lutheran Middle School &amp; High School"":1,""Summerlin, Nevada"":null}",stable_miss
pooled,5ae52c0f5542992663a4f12e,bridge,hard,What major city is the Faith Lutheran Middle School and High School located by?,"Faith Lutheran Middle School &amp; High School | Summerlin, Nevada",10,0,0,"{""Faith Lutheran Middle School &amp; High School"":1,""Summerlin, Nevada"":null}","{""Faith Lutheran Middle School &amp; High School"":1,""Summerlin, Nevada"":null}",stable_miss
pooled,5ae53b545542990ba0bbb23c,bridge,hard,Where does the hotel and casino located in which Bill Cosby's third album was recorded?,Flamingo Las Vegas | Why Is There Air?,2,0,0,"{""Flamingo Las Vegas"":15,""Why Is There Air?"":3}","{""Flamingo Las Vegas"":9,""Why Is There Air?"":1}",stable_miss
pooled,5ae53b545542990ba0bbb23c,bridge,hard,Where does the hotel and casino located in which Bill Cosby's third album was recorded?,Flamingo Las Vegas | Why Is There Air?,5,0,0,"{""Flamingo Las Vegas"":15,""Why Is There Air?"":3}","{""Flamingo Las Vegas"":9,""Why Is There Air?"":1}",stable_miss
pooled,5ae53b545542990ba0bbb23c,bridge,hard,Where does the hotel and casino located in which Bill Cosby's third album was recorded?,Flamingo Las Vegas | Why Is There Air?,10,0,1,"{""Flamingo Las Vegas"":15,""Why Is There Air?"":3}","{""Flamingo Las Vegas"":9,""Why Is There Air?"":1}",rescue
pooled,5ae5736e5542990ba0bbb2b3,bridge,hard,"When was the American lawyer, lobbyist and political consultant who was a senior member of the presidential campaign of Donald Trump born?",Paul Manafort | Trump campaign–Russian meeting,2,1,0,"{""Paul Manafort"":1,""Trump campaign–Russian meeting"":2}","{""Paul Manafort"":1,""Trump campaign–Russian meeting"":3}",damage
pooled,5ae5736e5542990ba0bbb2b3,bridge,hard,"When was the American lawyer, lobbyist and political consultant who was a senior member of the presidential campaign of Donald Trump born?",Paul Manafort | Trump campaign–Russian meeting,5,1,1,"{""Paul Manafort"":1,""Trump campaign–Russian meeting"":2}","{""Paul Manafort"":1,""Trump campaign–Russian meeting"":3}",stable_hit
pooled,5ae5736e5542990ba0bbb2b3,bridge,hard,"When was the American lawyer, lobbyist and political consultant who was a senior member of the presidential campaign of Donald Trump born?",Paul Manafort | Trump campaign–Russian meeting,10,1,1,"{""Paul Manafort"":1,""Trump campaign–Russian meeting"":2}","{""Paul Manafort"":1,""Trump campaign–Russian meeting"":3}",stable_hit
pooled,5ae5aba0554299546bf82f17,bridge,hard,"Which of Tara Strong major voice role in animated series is an American animated television series based on the DC Comics fictional superhero team, the ""Teen Titans""?",Tara Strong | Teen Titans Go! (TV series),2,0,0,"{""Tara Strong"":1,""Teen Titans Go! (TV series)"":7}","{""Tara Strong"":1,""Teen Titans Go! (TV series)"":7}",stable_miss
pooled,5ae5aba0554299546bf82f17,bridge,hard,"Which of Tara Strong major voice role in animated series is an American animated television series based on the DC Comics fictional superhero team, the ""Teen Titans""?",Tara Strong | Teen Titans Go! (TV series),5,0,0,"{""Tara Strong"":1,""Teen Titans Go! (TV series)"":7}","{""Tara Strong"":1,""Teen Titans Go! (TV series)"":7}",stable_miss
pooled,5ae5aba0554299546bf82f17,bridge,hard,"Which of Tara Strong major voice role in animated series is an American animated television series based on the DC Comics fictional superhero team, the ""Teen Titans""?",Tara Strong | Teen Titans Go! (TV series),10,1,1,"{""Tara Strong"":1,""Teen Titans Go! (TV series)"":7}","{""Tara Strong"":1,""Teen Titans Go! (TV series)"":7}",stable_hit
pooled,5ae5b301554299546bf82f2d,bridge,hard,What produces the hormone that promotes sodium retention in the distal nephron?,Aldosterone | Angiotensin,2,1,1,"{""Aldosterone"":1,""Angiotensin"":2}","{""Aldosterone"":2,""Angiotensin"":1}",stable_hit
pooled,5ae5b301554299546bf82f2d,bridge,hard,What produces the hormone that promotes sodium retention in the distal nephron?,Aldosterone | Angiotensin,5,1,1,"{""Aldosterone"":1,""Angiotensin"":2}","{""Aldosterone"":2,""Angiotensin"":1}",stable_hit
pooled,5ae5b301554299546bf82f2d,bridge,hard,What produces the hormone that promotes sodium retention in the distal nephron?,Aldosterone | Angiotensin,10,1,1,"{""Aldosterone"":1,""Angiotensin"":2}","{""Aldosterone"":2,""Angiotensin"":1}",stable_hit
pooled,5ae5e1345542996de7b71a50,bridge,hard,What fictional character created by Tom Clancy was turned into a film in 2002?,Jack Ryan (character) | The Sum of All Fears,2,0,1,"{""Jack Ryan (character)"":1,""The Sum of All Fears"":4}","{""Jack Ryan (character)"":2,""The Sum of All Fears"":1}",rescue
pooled,5ae5e1345542996de7b71a50,bridge,hard,What fictional character created by Tom Clancy was turned into a film in 2002?,Jack Ryan (character) | The Sum of All Fears,5,1,1,"{""Jack Ryan (character)"":1,""The Sum of All Fears"":4}","{""Jack Ryan (character)"":2,""The Sum of All Fears"":1}",stable_hit
pooled,5ae5e1345542996de7b71a50,bridge,hard,What fictional character created by Tom Clancy was turned into a film in 2002?,Jack Ryan (character) | The Sum of All Fears,10,1,1,"{""Jack Ryan (character)"":1,""The Sum of All Fears"":4}","{""Jack Ryan (character)"":2,""The Sum of All Fears"":1}",stable_hit
pooled,5ae60426554299546bf83019,bridge,hard,Which American Space Western animated series did Celebrity Home Entertainment released ,BraveStarr | Celebrity Home Entertainment,2,1,1,"{""BraveStarr"":2,""Celebrity Home Entertainment"":1}","{""BraveStarr"":1,""Celebrity Home Entertainment"":2}",stable_hit
pooled,5ae60426554299546bf83019,bridge,hard,Which American Space Western animated series did Celebrity Home Entertainment released ,BraveStarr | Celebrity Home Entertainment,5,1,1,"{""BraveStarr"":2,""Celebrity Home Entertainment"":1}","{""BraveStarr"":1,""Celebrity Home Entertainment"":2}",stable_hit
pooled,5ae60426554299546bf83019,bridge,hard,Which American Space Western animated series did Celebrity Home Entertainment released ,BraveStarr | Celebrity Home Entertainment,10,1,1,"{""BraveStarr"":2,""Celebrity Home Entertainment"":1}","{""BraveStarr"":1,""Celebrity Home Entertainment"":2}",stable_hit
pooled,5ae6050f55429929b0807a5e,bridge,hard,This singer of A Rather Blustery Day also voiced what hedgehog?,A Rather Blustery Day | Jim Cummings,2,0,1,"{""A Rather Blustery Day"":3,""Jim Cummings"":1}","{""A Rather Blustery Day"":1,""Jim Cummings"":2}",rescue
pooled,5ae6050f55429929b0807a5e,bridge,hard,This singer of A Rather Blustery Day also voiced what hedgehog?,A Rather Blustery Day | Jim Cummings,5,1,1,"{""A Rather Blustery Day"":3,""Jim Cummings"":1}","{""A Rather Blustery Day"":1,""Jim Cummings"":2}",stable_hit
pooled,5ae6050f55429929b0807a5e,bridge,hard,This singer of A Rather Blustery Day also voiced what hedgehog?,A Rather Blustery Day | Jim Cummings,10,1,1,"{""A Rather Blustery Day"":3,""Jim Cummings"":1}","{""A Rather Blustery Day"":1,""Jim Cummings"":2}",stable_hit
pooled,5ae628f55542995703ce8b32,bridge,hard,"In what city was the Italian Baroque composer who composed a set of sonatas, titled Op. 5, born?","Antonio Vivaldi | Six Violin Sonatas, Op. 5 (Vivaldi)",2,0,1,"{""Antonio Vivaldi"":3,""Six Violin Sonatas, Op. 5 (Vivaldi)"":1}","{""Antonio Vivaldi"":2,""Six Violin Sonatas, Op. 5 (Vivaldi)"":1}",rescue
pooled,5ae628f55542995703ce8b32,bridge,hard,"In what city was the Italian Baroque composer who composed a set of sonatas, titled Op. 5, born?","Antonio Vivaldi | Six Violin Sonatas, Op. 5 (Vivaldi)",5,1,1,"{""Antonio Vivaldi"":3,""Six Violin Sonatas, Op. 5 (Vivaldi)"":1}","{""Antonio Vivaldi"":2,""Six Violin Sonatas, Op. 5 (Vivaldi)"":1}",stable_hit
pooled,5ae628f55542995703ce8b32,bridge,hard,"In what city was the Italian Baroque composer who composed a set of sonatas, titled Op. 5, born?","Antonio Vivaldi | Six Violin Sonatas, Op. 5 (Vivaldi)",10,1,1,"{""Antonio Vivaldi"":3,""Six Violin Sonatas, Op. 5 (Vivaldi)"":1}","{""Antonio Vivaldi"":2,""Six Violin Sonatas, Op. 5 (Vivaldi)"":1}",stable_hit
pooled,5ae63dad55429929b0807afe,bridge,hard,"When was the British author who wrote the novel on which ""Here We Go Round the Mulberry Bush"" was based born? ",Here We Go Round the Mulberry Bush (film) | Hunter Davies,2,0,0,"{""Here We Go Round the Mulberry Bush (film)"":1,""Hunter Davies"":null}","{""Here We Go Round the Mulberry Bush (film)"":1,""Hunter Davies"":null}",stable_miss
pooled,5ae63dad55429929b0807afe,bridge,hard,"When was the British author who wrote the novel on which ""Here We Go Round the Mulberry Bush"" was based born? ",Here We Go Round the Mulberry Bush (film) | Hunter Davies,5,0,0,"{""Here We Go Round the Mulberry Bush (film)"":1,""Hunter Davies"":null}","{""Here We Go Round the Mulberry Bush (film)"":1,""Hunter Davies"":null}",stable_miss
pooled,5ae63dad55429929b0807afe,bridge,hard,"When was the British author who wrote the novel on which ""Here We Go Round the Mulberry Bush"" was based born? ",Here We Go Round the Mulberry Bush (film) | Hunter Davies,10,0,0,"{""Here We Go Round the Mulberry Bush (film)"":1,""Hunter Davies"":null}","{""Here We Go Round the Mulberry Bush (film)"":1,""Hunter Davies"":null}",stable_miss
pooled,5ae67dba55429908198fa5f0,bridge,hard,The Memphis Hustle are based in a suburb of a city with a population of what in 2010?,"Memphis Hustle | Southaven, Mississippi",2,0,1,"{""Memphis Hustle"":1,""Southaven, Mississippi"":9}","{""Memphis Hustle"":1,""Southaven, Mississippi"":2}",rescue
pooled,5ae67dba55429908198fa5f0,bridge,hard,The Memphis Hustle are based in a suburb of a city with a population of what in 2010?,"Memphis Hustle | Southaven, Mississippi",5,0,1,"{""Memphis Hustle"":1,""Southaven, Mississippi"":9}","{""Memphis Hustle"":1,""Southaven, Mississippi"":2}",rescue
pooled,5ae67dba55429908198fa5f0,bridge,hard,The Memphis Hustle are based in a suburb of a city with a population of what in 2010?,"Memphis Hustle | Southaven, Mississippi",10,1,1,"{""Memphis Hustle"":1,""Southaven, Mississippi"":9}","{""Memphis Hustle"":1,""Southaven, Mississippi"":2}",stable_hit
pooled,5ae6828f5542996d980e7bb9,bridge,hard,Salisbury Woodland Gardens links a zoo with a park designed and built under the watchful eye of who?,"Salisbury Woodland Gardens, Blackpool | Stanley Park, Blackpool",2,0,1,"{""Salisbury Woodland Gardens, Blackpool"":1,""Stanley Park, Blackpool"":8}","{""Salisbury Woodland Gardens, Blackpool"":1,""Stanley Park, Blackpool"":2}",rescue
pooled,5ae6828f5542996d980e7bb9,bridge,hard,Salisbury Woodland Gardens links a zoo with a park designed and built under the watchful eye of who?,"Salisbury Woodland Gardens, Blackpool | Stanley Park, Blackpool",5,0,1,"{""Salisbury Woodland Gardens, Blackpool"":1,""Stanley Park, Blackpool"":8}","{""Salisbury Woodland Gardens, Blackpool"":1,""Stanley Park, Blackpool"":2}",rescue
pooled,5ae6828f5542996d980e7bb9,bridge,hard,Salisbury Woodland Gardens links a zoo with a park designed and built under the watchful eye of who?,"Salisbury Woodland Gardens, Blackpool | Stanley Park, Blackpool",10,1,1,"{""Salisbury Woodland Gardens, Blackpool"":1,""Stanley Park, Blackpool"":8}","{""Salisbury Woodland Gardens, Blackpool"":1,""Stanley Park, Blackpool"":2}",stable_hit
pooled,5ae6860e5542991bbc976112,bridge,hard,"How did Emilie du Chatelet, Voltaire's love, contribute to the basic laws of physics?",Voltaire in Love | Émilie du Châtelet,2,1,1,"{""Voltaire in Love"":1,""Émilie du Châtelet"":2}","{""Voltaire in Love"":2,""Émilie du Châtelet"":1}",stable_hit
pooled,5ae6860e5542991bbc976112,bridge,hard,"How did Emilie du Chatelet, Voltaire's love, contribute to the basic laws of physics?",Voltaire in Love | Émilie du Châtelet,5,1,1,"{""Voltaire in Love"":1,""Émilie du Châtelet"":2}","{""Voltaire in Love"":2,""Émilie du Châtelet"":1}",stable_hit
pooled,5ae6860e5542991bbc976112,bridge,hard,"How did Emilie du Chatelet, Voltaire's love, contribute to the basic laws of physics?",Voltaire in Love | Émilie du Châtelet,10,1,1,"{""Voltaire in Love"":1,""Émilie du Châtelet"":2}","{""Voltaire in Love"":2,""Émilie du Châtelet"":1}",stable_hit
pooled,5ae68fcb5542992ae0d1635b,bridge,hard,"""Ew!"" is a song by a television host born where?",Ew! | Jimmy Fallon,2,0,0,"{""Ew!"":1,""Jimmy Fallon"":45}","{""Ew!"":1,""Jimmy Fallon"":3}",stable_miss
pooled,5ae68fcb5542992ae0d1635b,bridge,hard,"""Ew!"" is a song by a television host born where?",Ew! | Jimmy Fallon,5,0,1,"{""Ew!"":1,""Jimmy Fallon"":45}","{""Ew!"":1,""Jimmy Fallon"":3}",rescue
pooled,5ae68fcb5542992ae0d1635b,bridge,hard,"""Ew!"" is a song by a television host born where?",Ew! | Jimmy Fallon,10,0,1,"{""Ew!"":1,""Jimmy Fallon"":45}","{""Ew!"":1,""Jimmy Fallon"":3}",rescue
pooled,5ae6f2a7554299572ea5464a,bridge,hard,"Which character does this protagonist, who secretly loves and marries a member of the rival house, of William Shakespeare's tragedy that has a fictional character Benvolio slay?",Benvolio | Romeo,2,1,0,"{""Benvolio"":1,""Romeo"":2}","{""Benvolio"":3,""Romeo"":1}",damage
pooled,5ae6f2a7554299572ea5464a,bridge,hard,"Which character does this protagonist, who secretly loves and marries a member of the rival house, of William Shakespeare's tragedy that has a fictional character Benvolio slay?",Benvolio | Romeo,5,1,1,"{""Benvolio"":1,""Romeo"":2}","{""Benvolio"":3,""Romeo"":1}",stable_hit
pooled,5ae6f2a7554299572ea5464a,bridge,hard,"Which character does this protagonist, who secretly loves and marries a member of the rival house, of William Shakespeare's tragedy that has a fictional character Benvolio slay?",Benvolio | Romeo,10,1,1,"{""Benvolio"":1,""Romeo"":2}","{""Benvolio"":3,""Romeo"":1}",stable_hit
pooled,5ae7385d5542992ae0d163da,bridge,hard,Bartlett's Bridge was built by the engineer who worked for the county seat of which Massachusetts county?,"Bartlett's Bridge | Worcester, Massachusetts",2,0,0,"{""Bartlett's Bridge"":1,""Worcester, Massachusetts"":8}","{""Bartlett's Bridge"":1,""Worcester, Massachusetts"":8}",stable_miss
pooled,5ae7385d5542992ae0d163da,bridge,hard,Bartlett's Bridge was built by the engineer who worked for the county seat of which Massachusetts county?,"Bartlett's Bridge | Worcester, Massachusetts",5,0,0,"{""Bartlett's Bridge"":1,""Worcester, Massachusetts"":8}","{""Bartlett's Bridge"":1,""Worcester, Massachusetts"":8}",stable_miss
pooled,5ae7385d5542992ae0d163da,bridge,hard,Bartlett's Bridge was built by the engineer who worked for the county seat of which Massachusetts county?,"Bartlett's Bridge | Worcester, Massachusetts",10,1,1,"{""Bartlett's Bridge"":1,""Worcester, Massachusetts"":8}","{""Bartlett's Bridge"":1,""Worcester, Massachusetts"":8}",stable_hit
pooled,5ae738f75542991bbc9761c4,bridge,hard,What year was the brother of this first round draft pick by the Washington Redskins drafted?,Boss Bailey | Champ Bailey,2,0,0,"{""Boss Bailey"":7,""Champ Bailey"":5}","{""Boss Bailey"":7,""Champ Bailey"":1}",stable_miss
pooled,5ae738f75542991bbc9761c4,bridge,hard,What year was the brother of this first round draft pick by the Washington Redskins drafted?,Boss Bailey | Champ Bailey,5,0,0,"{""Boss Bailey"":7,""Champ Bailey"":5}","{""Boss Bailey"":7,""Champ Bailey"":1}",stable_miss
pooled,5ae738f75542991bbc9761c4,bridge,hard,What year was the brother of this first round draft pick by the Washington Redskins drafted?,Boss Bailey | Champ Bailey,10,1,1,"{""Boss Bailey"":7,""Champ Bailey"":5}","{""Boss Bailey"":7,""Champ Bailey"":1}",stable_hit
pooled,5ae73acb5542991e8301cc07,bridge,hard,D1NZ is a series based on what oversteering technique?,D1NZ | Drifting (motorsport),2,0,1,"{""D1NZ"":1,""Drifting (motorsport)"":4}","{""D1NZ"":1,""Drifting (motorsport)"":2}",rescue
pooled,5ae73acb5542991e8301cc07,bridge,hard,D1NZ is a series based on what oversteering technique?,D1NZ | Drifting (motorsport),5,1,1,"{""D1NZ"":1,""Drifting (motorsport)"":4}","{""D1NZ"":1,""Drifting (motorsport)"":2}",stable_hit
pooled,5ae73acb5542991e8301cc07,bridge,hard,D1NZ is a series based on what oversteering technique?,D1NZ | Drifting (motorsport),10,1,1,"{""D1NZ"":1,""Drifting (motorsport)"":4}","{""D1NZ"":1,""Drifting (motorsport)"":2}",stable_hit
pooled,5ae73c065542991e8301cc18,bridge,hard,"Which Eminem album included vocals from a singer who had an album titled ""Unapologetic""?",Numb (Rihanna song) | The Monster (song),2,0,1,"{""Numb (Rihanna song)"":8,""The Monster (song)"":4}","{""Numb (Rihanna song)"":1,""The Monster (song)"":2}",rescue
pooled,5ae73c065542991e8301cc18,bridge,hard,"Which Eminem album included vocals from a singer who had an album titled ""Unapologetic""?",Numb (Rihanna song) | The Monster (song),5,0,1,"{""Numb (Rihanna song)"":8,""The Monster (song)"":4}","{""Numb (Rihanna song)"":1,""The Monster (song)"":2}",rescue
pooled,5ae73c065542991e8301cc18,bridge,hard,"Which Eminem album included vocals from a singer who had an album titled ""Unapologetic""?",Numb (Rihanna song) | The Monster (song),10,1,1,"{""Numb (Rihanna song)"":8,""The Monster (song)"":4}","{""Numb (Rihanna song)"":1,""The Monster (song)"":2}",stable_hit
pooled,5ae74890554299572ea547af,bridge,hard,"Haruki Murakami said that writing ""Dance Dance Dance"" had been a healing act after his unexpected fame following the publication of a novel published in which year ?",Dance Dance Dance (novel) | Norwegian Wood (novel),2,0,0,"{""Dance Dance Dance (novel)"":1,""Norwegian Wood (novel)"":4}","{""Dance Dance Dance (novel)"":1,""Norwegian Wood (novel)"":4}",stable_miss
pooled,5ae74890554299572ea547af,bridge,hard,"Haruki Murakami said that writing ""Dance Dance Dance"" had been a healing act after his unexpected fame following the publication of a novel published in which year ?",Dance Dance Dance (novel) | Norwegian Wood (novel),5,1,1,"{""Dance Dance Dance (novel)"":1,""Norwegian Wood (novel)"":4}","{""Dance Dance Dance (novel)"":1,""Norwegian Wood (novel)"":4}",stable_hit
pooled,5ae74890554299572ea547af,bridge,hard,"Haruki Murakami said that writing ""Dance Dance Dance"" had been a healing act after his unexpected fame following the publication of a novel published in which year ?",Dance Dance Dance (novel) | Norwegian Wood (novel),10,1,1,"{""Dance Dance Dance (novel)"":1,""Norwegian Wood (novel)"":4}","{""Dance Dance Dance (novel)"":1,""Norwegian Wood (novel)"":4}",stable_hit
pooled,5ae748d1554299572ea547b0,bridge,hard,"Marcus Wayne Garland spent nine seasons with an American professional baseball team that is based in Baltimore, Maryland, and was one of the AMerican League's original eight charter franchises when the league was established in what year?",Baltimore Orioles | Wayne Garland,2,1,1,"{""Baltimore Orioles"":2,""Wayne Garland"":1}","{""Baltimore Orioles"":2,""Wayne Garland"":1}",stable_hit
pooled,5ae748d1554299572ea547b0,bridge,hard,"Marcus Wayne Garland spent nine seasons with an American professional baseball team that is based in Baltimore, Maryland, and was one of the AMerican League's original eight charter franchises when the league was established in what year?",Baltimore Orioles | Wayne Garland,5,1,1,"{""Baltimore Orioles"":2,""Wayne Garland"":1}","{""Baltimore Orioles"":2,""Wayne Garland"":1}",stable_hit
pooled,5ae748d1554299572ea547b0,bridge,hard,"Marcus Wayne Garland spent nine seasons with an American professional baseball team that is based in Baltimore, Maryland, and was one of the AMerican League's original eight charter franchises when the league was established in what year?",Baltimore Orioles | Wayne Garland,10,1,1,"{""Baltimore Orioles"":2,""Wayne Garland"":1}","{""Baltimore Orioles"":2,""Wayne Garland"":1}",stable_hit
pooled,5ae74fc45542997b22f6a6b4,bridge,hard,What is the full name of the viral respiratory disease in which Yi Guan's research helped to prevent the outbreak of?,Timeline of the SARS outbreak | Yi Guan,2,0,0,"{""Timeline of the SARS outbreak"":3,""Yi Guan"":1}","{""Timeline of the SARS outbreak"":3,""Yi Guan"":1}",stable_miss
pooled,5ae74fc45542997b22f6a6b4,bridge,hard,What is the full name of the viral respiratory disease in which Yi Guan's research helped to prevent the outbreak of?,Timeline of the SARS outbreak | Yi Guan,5,1,1,"{""Timeline of the SARS outbreak"":3,""Yi Guan"":1}","{""Timeline of the SARS outbreak"":3,""Yi Guan"":1}",stable_hit
pooled,5ae74fc45542997b22f6a6b4,bridge,hard,What is the full name of the viral respiratory disease in which Yi Guan's research helped to prevent the outbreak of?,Timeline of the SARS outbreak | Yi Guan,10,1,1,"{""Timeline of the SARS outbreak"":3,""Yi Guan"":1}","{""Timeline of the SARS outbreak"":3,""Yi Guan"":1}",stable_hit
pooled,5ae75a4c5542997b22f6a6f1,bridge,hard,"The Bart the Fink episode of The Simpsons aired in February of 1996, and involves the host of which kiddie show?",Bart the Fink | Krusty the Clown,2,0,0,"{""Bart the Fink"":1,""Krusty the Clown"":4}","{""Bart the Fink"":1,""Krusty the Clown"":5}",stable_miss
pooled,5ae75a4c5542997b22f6a6f1,bridge,hard,"The Bart the Fink episode of The Simpsons aired in February of 1996, and involves the host of which kiddie show?",Bart the Fink | Krusty the Clown,5,1,1,"{""Bart the Fink"":1,""Krusty the Clown"":4}","{""Bart the Fink"":1,""Krusty the Clown"":5}",stable_hit
pooled,5ae75a4c5542997b22f6a6f1,bridge,hard,"The Bart the Fink episode of The Simpsons aired in February of 1996, and involves the host of which kiddie show?",Bart the Fink | Krusty the Clown,10,1,1,"{""Bart the Fink"":1,""Krusty the Clown"":4}","{""Bart the Fink"":1,""Krusty the Clown"":5}",stable_hit
pooled,5ae77c245542997b22f6a795,bridge,hard,"The Indian actor and philanthropist, who starred in ""Mera Damad,"" entered the film industry in what year?",Farooq Sheikh | Mera Damad,2,0,0,"{""Farooq Sheikh"":10,""Mera Damad"":1}","{""Farooq Sheikh"":3,""Mera Damad"":1}",stable_miss
pooled,5ae77c245542997b22f6a795,bridge,hard,"The Indian actor and philanthropist, who starred in ""Mera Damad,"" entered the film industry in what year?",Farooq Sheikh | Mera Damad,5,0,1,"{""Farooq Sheikh"":10,""Mera Damad"":1}","{""Farooq Sheikh"":3,""Mera Damad"":1}",rescue
pooled,5ae77c245542997b22f6a795,bridge,hard,"The Indian actor and philanthropist, who starred in ""Mera Damad,"" entered the film industry in what year?",Farooq Sheikh | Mera Damad,10,1,1,"{""Farooq Sheikh"":10,""Mera Damad"":1}","{""Farooq Sheikh"":3,""Mera Damad"":1}",stable_hit
pooled,5ae789615542997ec2727695,bridge,hard,Kam Heskin plays Paige Morgan in a 2004 film directed by who?,Kam Heskin | The Prince and Me,2,0,0,"{""Kam Heskin"":1,""The Prince and Me"":5}","{""Kam Heskin"":2,""The Prince and Me"":3}",stable_miss
pooled,5ae789615542997ec2727695,bridge,hard,Kam Heskin plays Paige Morgan in a 2004 film directed by who?,Kam Heskin | The Prince and Me,5,1,1,"{""Kam Heskin"":1,""The Prince and Me"":5}","{""Kam Heskin"":2,""The Prince and Me"":3}",stable_hit
pooled,5ae789615542997ec2727695,bridge,hard,Kam Heskin plays Paige Morgan in a 2004 film directed by who?,Kam Heskin | The Prince and Me,10,1,1,"{""Kam Heskin"":1,""The Prince and Me"":5}","{""Kam Heskin"":2,""The Prince and Me"":3}",stable_hit
pooled,5ae791ef55429952e35ea979,bridge,hard,In what month was the relief first officer of the flight that crashed on its way to Cairo with a stop in New York Born?,EgyptAir Flight 990 | Gameel Al-Batouti,2,1,1,"{""EgyptAir Flight 990"":1,""Gameel Al-Batouti"":2}","{""EgyptAir Flight 990"":1,""Gameel Al-Batouti"":2}",stable_hit
pooled,5ae791ef55429952e35ea979,bridge,hard,In what month was the relief first officer of the flight that crashed on its way to Cairo with a stop in New York Born?,EgyptAir Flight 990 | Gameel Al-Batouti,5,1,1,"{""EgyptAir Flight 990"":1,""Gameel Al-Batouti"":2}","{""EgyptAir Flight 990"":1,""Gameel Al-Batouti"":2}",stable_hit
pooled,5ae791ef55429952e35ea979,bridge,hard,In what month was the relief first officer of the flight that crashed on its way to Cairo with a stop in New York Born?,EgyptAir Flight 990 | Gameel Al-Batouti,10,1,1,"{""EgyptAir Flight 990"":1,""Gameel Al-Batouti"":2}","{""EgyptAir Flight 990"":1,""Gameel Al-Batouti"":2}",stable_hit
pooled,5ae7a8175542993210983ed8,bridge,hard,Which other Mexican Formula One race car driver has held the podium besides the Force India driver born in 1990?,Formula One drivers from Mexico | Sergio Pérez,2,1,1,"{""Formula One drivers from Mexico"":1,""Sergio Pérez"":2}","{""Formula One drivers from Mexico"":1,""Sergio Pérez"":2}",stable_hit
pooled,5ae7a8175542993210983ed8,bridge,hard,Which other Mexican Formula One race car driver has held the podium besides the Force India driver born in 1990?,Formula One drivers from Mexico | Sergio Pérez,5,1,1,"{""Formula One drivers from Mexico"":1,""Sergio Pérez"":2}","{""Formula One drivers from Mexico"":1,""Sergio Pérez"":2}",stable_hit
pooled,5ae7a8175542993210983ed8,bridge,hard,Which other Mexican Formula One race car driver has held the podium besides the Force India driver born in 1990?,Formula One drivers from Mexico | Sergio Pérez,10,1,1,"{""Formula One drivers from Mexico"":1,""Sergio Pérez"":2}","{""Formula One drivers from Mexico"":1,""Sergio Pérez"":2}",stable_hit
pooled,5ae7ba7a5542993210983f12,bridge,hard,"What is the name of the singer who's song was released as the lead single from the album ""Confessions"", and that had popular song stuck behind for eight consecutive weeks?",I Don't Wanna Know | Yeah! (Usher song),2,0,0,"{""I Don't Wanna Know"":25,""Yeah! (Usher song)"":2}","{""I Don't Wanna Know"":21,""Yeah! (Usher song)"":1}",stable_miss
pooled,5ae7ba7a5542993210983f12,bridge,hard,"What is the name of the singer who's song was released as the lead single from the album ""Confessions"", and that had popular song stuck behind for eight consecutive weeks?",I Don't Wanna Know | Yeah! (Usher song),5,0,0,"{""I Don't Wanna Know"":25,""Yeah! (Usher song)"":2}","{""I Don't Wanna Know"":21,""Yeah! (Usher song)"":1}",stable_miss
pooled,5ae7ba7a5542993210983f12,bridge,hard,"What is the name of the singer who's song was released as the lead single from the album ""Confessions"", and that had popular song stuck behind for eight consecutive weeks?",I Don't Wanna Know | Yeah! (Usher song),10,0,0,"{""I Don't Wanna Know"":25,""Yeah! (Usher song)"":2}","{""I Don't Wanna Know"":21,""Yeah! (Usher song)"":1}",stable_miss
pooled,5ae7e1fc55429952e35ea9cc,bridge,hard,What color clothing do people of the Netherlands wear during Oranjegekte or to celebrate the national holiday Koningsdag? ,Koningsdag | Oranjegekte,2,1,1,"{""Koningsdag"":2,""Oranjegekte"":1}","{""Koningsdag"":2,""Oranjegekte"":1}",stable_hit
pooled,5ae7e1fc55429952e35ea9cc,bridge,hard,What color clothing do people of the Netherlands wear during Oranjegekte or to celebrate the national holiday Koningsdag? ,Koningsdag | Oranjegekte,5,1,1,"{""Koningsdag"":2,""Oranjegekte"":1}","{""Koningsdag"":2,""Oranjegekte"":1}",stable_hit
pooled,5ae7e1fc55429952e35ea9cc,bridge,hard,What color clothing do people of the Netherlands wear during Oranjegekte or to celebrate the national holiday Koningsdag? ,Koningsdag | Oranjegekte,10,1,1,"{""Koningsdag"":2,""Oranjegekte"":1}","{""Koningsdag"":2,""Oranjegekte"":1}",stable_hit
pooled,5ae7eaf65542994a481bbe1d,bridge,hard,When was the  former Indian cricketer who made his ODI debuts during the 2000 ICC KnockOut Trophy born? ,2000 ICC KnockOut Trophy | Zaheer Khan,2,0,0,"{""2000 ICC KnockOut Trophy"":2,""Zaheer Khan"":19}","{""2000 ICC KnockOut Trophy"":1,""Zaheer Khan"":3}",stable_miss
pooled,5ae7eaf65542994a481bbe1d,bridge,hard,When was the  former Indian cricketer who made his ODI debuts during the 2000 ICC KnockOut Trophy born? ,2000 ICC KnockOut Trophy | Zaheer Khan,5,0,1,"{""2000 ICC KnockOut Trophy"":2,""Zaheer Khan"":19}","{""2000 ICC KnockOut Trophy"":1,""Zaheer Khan"":3}",rescue
pooled,5ae7eaf65542994a481bbe1d,bridge,hard,When was the  former Indian cricketer who made his ODI debuts during the 2000 ICC KnockOut Trophy born? ,2000 ICC KnockOut Trophy | Zaheer Khan,10,0,1,"{""2000 ICC KnockOut Trophy"":2,""Zaheer Khan"":19}","{""2000 ICC KnockOut Trophy"":1,""Zaheer Khan"":3}",rescue
pooled,5ae7ed17554299540e5a56a3,bridge,hard,Ernest Foot was the best friend of the fighter pilot who had how many victories?,Albert Ball | Ernest Foot,2,0,1,"{""Albert Ball"":3,""Ernest Foot"":1}","{""Albert Ball"":2,""Ernest Foot"":1}",rescue
pooled,5ae7ed17554299540e5a56a3,bridge,hard,Ernest Foot was the best friend of the fighter pilot who had how many victories?,Albert Ball | Ernest Foot,5,1,1,"{""Albert Ball"":3,""Ernest Foot"":1}","{""Albert Ball"":2,""Ernest Foot"":1}",stable_hit
pooled,5ae7ed17554299540e5a56a3,bridge,hard,Ernest Foot was the best friend of the fighter pilot who had how many victories?,Albert Ball | Ernest Foot,10,1,1,"{""Albert Ball"":3,""Ernest Foot"":1}","{""Albert Ball"":2,""Ernest Foot"":1}",stable_hit
pooled,5ae7edee554299540e5a56ad,bridge,hard,The Church of the Guanche People was founded in the city that is on the most populated island of what larger area?,Church of the Guanche People | Tenerife,2,0,0,"{""Church of the Guanche People"":1,""Tenerife"":3}","{""Church of the Guanche People"":1,""Tenerife"":4}",stable_miss
pooled,5ae7edee554299540e5a56ad,bridge,hard,The Church of the Guanche People was founded in the city that is on the most populated island of what larger area?,Church of the Guanche People | Tenerife,5,1,1,"{""Church of the Guanche People"":1,""Tenerife"":3}","{""Church of the Guanche People"":1,""Tenerife"":4}",stable_hit
pooled,5ae7edee554299540e5a56ad,bridge,hard,The Church of the Guanche People was founded in the city that is on the most populated island of what larger area?,Church of the Guanche People | Tenerife,10,1,1,"{""Church of the Guanche People"":1,""Tenerife"":3}","{""Church of the Guanche People"":1,""Tenerife"":4}",stable_hit
pooled,5ae819ac55429952e35eaa16,bridge,hard,"What station broadcast the episode ""Marry Me a Little, Marry Me a Little More"" , of the series created by Max Mutchnick and David Kohan?","Marry Me a Little, Marry Me a Little More | Will &amp; Grace",2,0,0,"{""Marry Me a Little, Marry Me a Little More"":1,""Will &amp; Grace"":null}","{""Marry Me a Little, Marry Me a Little More"":1,""Will &amp; Grace"":null}",stable_miss
pooled,5ae819ac55429952e35eaa16,bridge,hard,"What station broadcast the episode ""Marry Me a Little, Marry Me a Little More"" , of the series created by Max Mutchnick and David Kohan?","Marry Me a Little, Marry Me a Little More | Will &amp; Grace",5,0,0,"{""Marry Me a Little, Marry Me a Little More"":1,""Will &amp; Grace"":null}","{""Marry Me a Little, Marry Me a Little More"":1,""Will &amp; Grace"":null}",stable_miss
pooled,5ae819ac55429952e35eaa16,bridge,hard,"What station broadcast the episode ""Marry Me a Little, Marry Me a Little More"" , of the series created by Max Mutchnick and David Kohan?","Marry Me a Little, Marry Me a Little More | Will &amp; Grace",10,0,0,"{""Marry Me a Little, Marry Me a Little More"":1,""Will &amp; Grace"":null}","{""Marry Me a Little, Marry Me a Little More"":1,""Will &amp; Grace"":null}",stable_miss
pooled,5ae82ae555429952e35eaa71,bridge,hard,"Martin Patterson ""Pat"" Hingle was a close friend of an actor who achieved success in what Western TV series? ",Clint Eastwood | Pat Hingle,2,0,0,"{""Clint Eastwood"":null,""Pat Hingle"":1}","{""Clint Eastwood"":null,""Pat Hingle"":1}",stable_miss
pooled,5ae82ae555429952e35eaa71,bridge,hard,"Martin Patterson ""Pat"" Hingle was a close friend of an actor who achieved success in what Western TV series? ",Clint Eastwood | Pat Hingle,5,0,0,"{""Clint Eastwood"":null,""Pat Hingle"":1}","{""Clint Eastwood"":null,""Pat Hingle"":1}",stable_miss
pooled,5ae82ae555429952e35eaa71,bridge,hard,"Martin Patterson ""Pat"" Hingle was a close friend of an actor who achieved success in what Western TV series? ",Clint Eastwood | Pat Hingle,10,0,0,"{""Clint Eastwood"":null,""Pat Hingle"":1}","{""Clint Eastwood"":null,""Pat Hingle"":1}",stable_miss
per_question,5a71166d5542994082a3e576,comparison,hard,"Which battle occurred first, the Battle of Manila or the Battle of Guam?",Battle of Guam (1944) | Battle of Manila (1945),2,1,1,"{""Battle of Guam (1944)"":1,""Battle of Manila (1945)"":2}","{""Battle of Guam (1944)"":1,""Battle of Manila (1945)"":2}",stable_hit
per_question,5a71166d5542994082a3e576,comparison,hard,"Which battle occurred first, the Battle of Manila or the Battle of Guam?",Battle of Guam (1944) | Battle of Manila (1945),5,1,1,"{""Battle of Guam (1944)"":1,""Battle of Manila (1945)"":2}","{""Battle of Guam (1944)"":1,""Battle of Manila (1945)"":2}",stable_hit
per_question,5a7133565542994082a3e65c,bridge,hard,"What Kentucky county has a population of 60,316 and features the Lake Louisvilla neighborhood?","Lake Louisvilla, Louisville | Oldham County, Kentucky",2,0,1,"{""Lake Louisvilla, Louisville"":1,""Oldham County, Kentucky"":3}","{""Lake Louisvilla, Louisville"":1,""Oldham County, Kentucky"":2}",rescue
per_question,5a7133565542994082a3e65c,bridge,hard,"What Kentucky county has a population of 60,316 and features the Lake Louisvilla neighborhood?","Lake Louisvilla, Louisville | Oldham County, Kentucky",5,1,1,"{""Lake Louisvilla, Louisville"":1,""Oldham County, Kentucky"":3}","{""Lake Louisvilla, Louisville"":1,""Oldham County, Kentucky"":2}",stable_hit
per_question,5a713a5a5542994082a3e6a9,bridge,hard,What football club plays in the area between the old tool gates: Brook Bar and Trafford bar?,"Manchester United F.C. in European football | Old Trafford, Greater Manchester",2,0,0,"{""Manchester United F.C. in European football"":5,""Old Trafford, Greater Manchester"":1}","{""Manchester United F.C. in European football"":3,""Old Trafford, Greater Manchester"":1}",stable_miss
per_question,5a713a5a5542994082a3e6a9,bridge,hard,What football club plays in the area between the old tool gates: Brook Bar and Trafford bar?,"Manchester United F.C. in European football | Old Trafford, Greater Manchester",5,1,1,"{""Manchester United F.C. in European football"":5,""Old Trafford, Greater Manchester"":1}","{""Manchester United F.C. in European football"":3,""Old Trafford, Greater Manchester"":1}",stable_hit
per_question,5a713ea95542994082a3e6e4,bridge,hard,Alvaro Mexia had a diplomatic mission with which tribe of indigenous people?,Alvaro Mexia | Indigenous peoples of Florida,2,1,0,"{""Alvaro Mexia"":1,""Indigenous peoples of Florida"":2}","{""Alvaro Mexia"":1,""Indigenous peoples of Florida"":4}",damage
per_question,5a713ea95542994082a3e6e4,bridge,hard,Alvaro Mexia had a diplomatic mission with which tribe of indigenous people?,Alvaro Mexia | Indigenous peoples of Florida,5,1,1,"{""Alvaro Mexia"":1,""Indigenous peoples of Florida"":2}","{""Alvaro Mexia"":1,""Indigenous peoples of Florida"":4}",stable_hit
per_question,5a7166395542994082a3e814,bridge,hard,"What is the name of the fight song of the university whose main campus is in Lawrence, Kansas and whose branch campuses are in the Kansas City metropolitan area?",Kansas Song | University of Kansas,2,1,1,"{""Kansas Song"":1,""University of Kansas"":2}","{""Kansas Song"":2,""University of Kansas"":1}",stable_hit
per_question,5a7166395542994082a3e814,bridge,hard,"What is the name of the fight song of the university whose main campus is in Lawrence, Kansas and whose branch campuses are in the Kansas City metropolitan area?",Kansas Song | University of Kansas,5,1,1,"{""Kansas Song"":1,""University of Kansas"":2}","{""Kansas Song"":2,""University of Kansas"":1}",stable_hit
per_question,5a71717d5542994082a3e834,bridge,hard,"What star of ""Attack of the Gryphon"" was also a voice artist in Johnny Bravo?  ",Gryphon (film) | Larry Drake,2,1,0,"{""Gryphon (film)"":2,""Larry Drake"":1}","{""Gryphon (film)"":1,""Larry Drake"":3}",damage
per_question,5a71717d5542994082a3e834,bridge,hard,"What star of ""Attack of the Gryphon"" was also a voice artist in Johnny Bravo?  ",Gryphon (film) | Larry Drake,5,1,1,"{""Gryphon (film)"":2,""Larry Drake"":1}","{""Gryphon (film)"":1,""Larry Drake"":3}",stable_hit
per_question,5a717d4c5542994082a3e854,comparison,hard,"Who has written more than 300 papers, Semyon Aranovich Gershgorin or Pavel Alexandrov?",Pavel Alexandrov | Semyon Aranovich Gershgorin,2,1,1,"{""Pavel Alexandrov"":1,""Semyon Aranovich Gershgorin"":2}","{""Pavel Alexandrov"":1,""Semyon Aranovich Gershgorin"":2}",stable_hit
per_question,5a717d4c5542994082a3e854,comparison,hard,"Who has written more than 300 papers, Semyon Aranovich Gershgorin or Pavel Alexandrov?",Pavel Alexandrov | Semyon Aranovich Gershgorin,5,1,1,"{""Pavel Alexandrov"":1,""Semyon Aranovich Gershgorin"":2}","{""Pavel Alexandrov"":1,""Semyon Aranovich Gershgorin"":2}",stable_hit
per_question,5a722b8655429971e9dc9329,bridge,hard,Who was the writer of These Boots Are Made for Walkin' and who died in 2007?,Lee Hazlewood | These Boots Are Made for Walkin',2,0,0,"{""Lee Hazlewood"":9,""These Boots Are Made for Walkin'"":1}","{""Lee Hazlewood"":9,""These Boots Are Made for Walkin'"":1}",stable_miss
per_question,5a722b8655429971e9dc9329,bridge,hard,Who was the writer of These Boots Are Made for Walkin' and who died in 2007?,Lee Hazlewood | These Boots Are Made for Walkin',5,0,0,"{""Lee Hazlewood"":9,""These Boots Are Made for Walkin'"":1}","{""Lee Hazlewood"":9,""These Boots Are Made for Walkin'"":1}",stable_miss
per_question,5a7252db5542990c210a4104,bridge,hard,What is the name of the oldest child that attended the Trump campaign-Russian meeting?,Donald Trump Jr. | Trump campaign–Russian meeting,2,1,1,"{""Donald Trump Jr."":2,""Trump campaign–Russian meeting"":1}","{""Donald Trump Jr."":1,""Trump campaign–Russian meeting"":2}",stable_hit
per_question,5a7252db5542990c210a4104,bridge,hard,What is the name of the oldest child that attended the Trump campaign-Russian meeting?,Donald Trump Jr. | Trump campaign–Russian meeting,5,1,1,"{""Donald Trump Jr."":2,""Trump campaign–Russian meeting"":1}","{""Donald Trump Jr."":1,""Trump campaign–Russian meeting"":2}",stable_hit
per_question,5a729e7b5542992359bc313d,bridge,hard,"Which river system in Chilhowie, Virginia was the starting place for most Longhunters?",Holston River | Longhunter,2,0,1,"{""Holston River"":8,""Longhunter"":1}","{""Holston River"":2,""Longhunter"":1}",rescue
per_question,5a729e7b5542992359bc313d,bridge,hard,"Which river system in Chilhowie, Virginia was the starting place for most Longhunters?",Holston River | Longhunter,5,0,1,"{""Holston River"":8,""Longhunter"":1}","{""Holston River"":2,""Longhunter"":1}",rescue
per_question,5a72a0be5542992359bc3143,bridge,hard,"This work of literature _______ , known by its Greek title Oedipus Tyrannus was argued by Sigmund Freud to be one of the greatest works of world literature in his 1928 article. ",Dostoevsky and Parricide | Oedipus Rex,2,0,1,"{""Dostoevsky and Parricide"":5,""Oedipus Rex"":1}","{""Dostoevsky and Parricide"":2,""Oedipus Rex"":1}",rescue
per_question,5a72a0be5542992359bc3143,bridge,hard,"This work of literature _______ , known by its Greek title Oedipus Tyrannus was argued by Sigmund Freud to be one of the greatest works of world literature in his 1928 article. ",Dostoevsky and Parricide | Oedipus Rex,5,1,1,"{""Dostoevsky and Parricide"":5,""Oedipus Rex"":1}","{""Dostoevsky and Parricide"":2,""Oedipus Rex"":1}",stable_hit
per_question,5a72c6f65542994cef4bc402,bridge,hard,Wheat salad is composed typically of what red fruit?,Tomato | Wheat salad,2,0,0,"{""Tomato"":7,""Wheat salad"":1}","{""Tomato"":8,""Wheat salad"":1}",stable_miss
per_question,5a72c6f65542994cef4bc402,bridge,hard,Wheat salad is composed typically of what red fruit?,Tomato | Wheat salad,5,0,0,"{""Tomato"":7,""Wheat salad"":1}","{""Tomato"":8,""Wheat salad"":1}",stable_miss
per_question,5a7320565542991f9a20c61d,bridge,hard,who is younger Keith Bostic or Jerry Glanville ?,Jerry Glanville | Keith Bostic (American football),2,0,0,"{""Jerry Glanville"":3,""Keith Bostic (American football)"":1}","{""Jerry Glanville"":3,""Keith Bostic (American football)"":1}",stable_miss
per_question,5a7320565542991f9a20c61d,bridge,hard,who is younger Keith Bostic or Jerry Glanville ?,Jerry Glanville | Keith Bostic (American football),5,1,1,"{""Jerry Glanville"":3,""Keith Bostic (American football)"":1}","{""Jerry Glanville"":3,""Keith Bostic (American football)"":1}",stable_hit
per_question,5a7332935542991f9a20c67d,comparison,hard,"Which board game was published most recently, Pirate's Cove or Catan?",Catan | Pirate's Cove,2,0,1,"{""Catan"":4,""Pirate's Cove"":1}","{""Catan"":2,""Pirate's Cove"":1}",rescue
per_question,5a7332935542991f9a20c67d,comparison,hard,"Which board game was published most recently, Pirate's Cove or Catan?",Catan | Pirate's Cove,5,1,1,"{""Catan"":4,""Pirate's Cove"":1}","{""Catan"":2,""Pirate's Cove"":1}",stable_hit
per_question,5a738225554299623ed4abc3,comparison,hard,"Which musical fantasy film is older, Bedknobs and Broomsticks or The Muppet Christmas Carol?",Bedknobs and Broomsticks | The Muppet Christmas Carol,2,0,1,"{""Bedknobs and Broomsticks"":3,""The Muppet Christmas Carol"":1}","{""Bedknobs and Broomsticks"":1,""The Muppet Christmas Carol"":2}",rescue
per_question,5a738225554299623ed4abc3,comparison,hard,"Which musical fantasy film is older, Bedknobs and Broomsticks or The Muppet Christmas Carol?",Bedknobs and Broomsticks | The Muppet Christmas Carol,5,1,1,"{""Bedknobs and Broomsticks"":3,""The Muppet Christmas Carol"":1}","{""Bedknobs and Broomsticks"":1,""The Muppet Christmas Carol"":2}",stable_hit
per_question,5a738d27554299623ed4abf3,bridge,hard,"Who was born first, Erika Jayne or Marco Da Silva",Erika Jayne | Marco Da Silva (dancer),2,0,1,"{""Erika Jayne"":1,""Marco Da Silva (dancer)"":3}","{""Erika Jayne"":2,""Marco Da Silva (dancer)"":1}",rescue
per_question,5a738d27554299623ed4abf3,bridge,hard,"Who was born first, Erika Jayne or Marco Da Silva",Erika Jayne | Marco Da Silva (dancer),5,1,1,"{""Erika Jayne"":1,""Marco Da Silva (dancer)"":3}","{""Erika Jayne"":2,""Marco Da Silva (dancer)"":1}",stable_hit
per_question,5a738fe855429908901be2fb,bridge,hard,What film was written and directed by Joby Harold with music written by Samuel Sim?,Awake (film) | Samuel Sim,2,0,1,"{""Awake (film)"":8,""Samuel Sim"":1}","{""Awake (film)"":2,""Samuel Sim"":1}",rescue
per_question,5a738fe855429908901be2fb,bridge,hard,What film was written and directed by Joby Harold with music written by Samuel Sim?,Awake (film) | Samuel Sim,5,0,1,"{""Awake (film)"":8,""Samuel Sim"":1}","{""Awake (film)"":2,""Samuel Sim"":1}",rescue
per_question,5a73977d554299623ed4ac08,comparison,hard,What is the shared country of ancestry between Art Laboe and Scout Tufankjian?,Art Laboe | Scout Tufankjian,2,1,1,"{""Art Laboe"":2,""Scout Tufankjian"":1}","{""Art Laboe"":2,""Scout Tufankjian"":1}",stable_hit
per_question,5a73977d554299623ed4ac08,comparison,hard,What is the shared country of ancestry between Art Laboe and Scout Tufankjian?,Art Laboe | Scout Tufankjian,5,1,1,"{""Art Laboe"":2,""Scout Tufankjian"":1}","{""Art Laboe"":2,""Scout Tufankjian"":1}",stable_hit
per_question,5a73a7c755429978a71e9068,bridge,hard,What american actress/singer born in 1956 recorded the song Something there for beauty and the beast?,Paige O'Hara | Something There,2,1,0,"{""Paige O'Hara"":2,""Something There"":1}","{""Paige O'Hara"":5,""Something There"":1}",damage
per_question,5a73a7c755429978a71e9068,bridge,hard,What american actress/singer born in 1956 recorded the song Something there for beauty and the beast?,Paige O'Hara | Something There,5,1,1,"{""Paige O'Hara"":2,""Something There"":1}","{""Paige O'Hara"":5,""Something There"":1}",stable_hit
per_question,5a74106b55429979e288289e,bridge,hard,Where is the company that Sachin Warrier worked for as a software engineer headquartered? ,Sachin Warrier | Tata Consultancy Services,2,0,0,"{""Sachin Warrier"":2,""Tata Consultancy Services"":4}","{""Sachin Warrier"":1,""Tata Consultancy Services"":7}",stable_miss
per_question,5a74106b55429979e288289e,bridge,hard,Where is the company that Sachin Warrier worked for as a software engineer headquartered? ,Sachin Warrier | Tata Consultancy Services,5,1,0,"{""Sachin Warrier"":2,""Tata Consultancy Services"":4}","{""Sachin Warrier"":1,""Tata Consultancy Services"":7}",damage
per_question,5a74684655429929fddd8410,bridge,hard,"Which American music star appeared as a guest in a Will & Grace episode called ""Back Up, Dancer""?","Back Up, Dancer | Janet Jackson",2,0,1,"{""Back Up, Dancer"":1,""Janet Jackson"":3}","{""Back Up, Dancer"":1,""Janet Jackson"":2}",rescue
per_question,5a74684655429929fddd8410,bridge,hard,"Which American music star appeared as a guest in a Will & Grace episode called ""Back Up, Dancer""?","Back Up, Dancer | Janet Jackson",5,1,1,"{""Back Up, Dancer"":1,""Janet Jackson"":3}","{""Back Up, Dancer"":1,""Janet Jackson"":2}",stable_hit
per_question,5a74c85055429916b0164218,bridge,hard,"Born on 6 March 1937, this man was also a citizen of the United Kingdom.",Alistair Grant | British people,2,0,0,"{""Alistair Grant"":3,""British people"":1}","{""Alistair Grant"":3,""British people"":10}",stable_miss
per_question,5a74c85055429916b0164218,bridge,hard,"Born on 6 March 1937, this man was also a citizen of the United Kingdom.",Alistair Grant | British people,5,1,0,"{""Alistair Grant"":3,""British people"":1}","{""Alistair Grant"":3,""British people"":10}",damage
per_question,5a74ce9655429974ef308c6c,bridge,hard,"What retailer in ABQ Uptown is headquarted in Poole, Dorset, United Kingdom?",ABQ Uptown | Lush (company),2,0,1,"{""ABQ Uptown"":1,""Lush (company)"":5}","{""ABQ Uptown"":2,""Lush (company)"":1}",rescue
per_question,5a74ce9655429974ef308c6c,bridge,hard,"What retailer in ABQ Uptown is headquarted in Poole, Dorset, United Kingdom?",ABQ Uptown | Lush (company),5,1,1,"{""ABQ Uptown"":1,""Lush (company)"":5}","{""ABQ Uptown"":2,""Lush (company)"":1}",stable_hit
per_question,5a7555215542996c70cfaee1,comparison,hard,"Which came to market first, ""Hey Pa! There's a Goat on the Roof"" or ""Poleconomy""",Hey Pa! There's a Goat on the Roof | Poleconomy,2,0,1,"{""Hey Pa! There's a Goat on the Roof"":1,""Poleconomy"":3}","{""Hey Pa! There's a Goat on the Roof"":1,""Poleconomy"":2}",rescue
per_question,5a7555215542996c70cfaee1,comparison,hard,"Which came to market first, ""Hey Pa! There's a Goat on the Roof"" or ""Poleconomy""",Hey Pa! There's a Goat on the Roof | Poleconomy,5,1,1,"{""Hey Pa! There's a Goat on the Roof"":1,""Poleconomy"":3}","{""Hey Pa! There's a Goat on the Roof"":1,""Poleconomy"":2}",stable_hit
per_question,5a756fa15542996c70cfaefb,bridge,hard,Július Satinský was born in a city that has a current population of what?,Bratislava | Július Satinský,2,0,0,"{""Bratislava"":4,""Július Satinský"":1}","{""Bratislava"":7,""Július Satinský"":1}",stable_miss
per_question,5a756fa15542996c70cfaefb,bridge,hard,Július Satinský was born in a city that has a current population of what?,Bratislava | Július Satinský,5,1,0,"{""Bratislava"":4,""Július Satinský"":1}","{""Bratislava"":7,""Július Satinský"":1}",damage
per_question,5a7571135542992d0ec05f98,bridge,hard,Ralph Hefferline was a psychology professor at a university that is located in what city?,Columbia University | Ralph Hefferline,2,0,0,"{""Columbia University"":3,""Ralph Hefferline"":1}","{""Columbia University"":6,""Ralph Hefferline"":1}",stable_miss
per_question,5a7571135542992d0ec05f98,bridge,hard,Ralph Hefferline was a psychology professor at a university that is located in what city?,Columbia University | Ralph Hefferline,5,1,0,"{""Columbia University"":3,""Ralph Hefferline"":1}","{""Columbia University"":6,""Ralph Hefferline"":1}",damage
per_question,5a7574e25542996c70cfaf01,comparison,hard,Who was born first Mahbub ul Haq or Ibn Arabi?,Ibn Arabi | Mahbub ul Haq,2,0,0,"{""Ibn Arabi"":3,""Mahbub ul Haq"":1}","{""Ibn Arabi"":6,""Mahbub ul Haq"":1}",stable_miss
per_question,5a7574e25542996c70cfaf01,comparison,hard,Who was born first Mahbub ul Haq or Ibn Arabi?,Ibn Arabi | Mahbub ul Haq,5,1,0,"{""Ibn Arabi"":3,""Mahbub ul Haq"":1}","{""Ibn Arabi"":6,""Mahbub ul Haq"":1}",damage
per_question,5a75e05c55429976ec32bc5f,bridge,hard,Brown State Fishing Lake is in a country that has a population of how many inhabitants ?,"Brown County, Kansas | Brown State Fishing Lake",2,0,1,"{""Brown County, Kansas"":8,""Brown State Fishing Lake"":1}","{""Brown County, Kansas"":2,""Brown State Fishing Lake"":1}",rescue
per_question,5a75e05c55429976ec32bc5f,bridge,hard,Brown State Fishing Lake is in a country that has a population of how many inhabitants ?,"Brown County, Kansas | Brown State Fishing Lake",5,0,1,"{""Brown County, Kansas"":8,""Brown State Fishing Lake"":1}","{""Brown County, Kansas"":2,""Brown State Fishing Lake"":1}",rescue
per_question,5a75f0ea5542994ccc91866c,bridge,hard,What major truck road is located in Backford Cross?,A41 road | Backford Cross,2,0,0,"{""A41 road"":5,""Backford Cross"":1}","{""A41 road"":6,""Backford Cross"":1}",stable_miss
per_question,5a75f0ea5542994ccc91866c,bridge,hard,What major truck road is located in Backford Cross?,A41 road | Backford Cross,5,1,0,"{""A41 road"":5,""Backford Cross"":1}","{""A41 road"":6,""Backford Cross"":1}",damage
per_question,5a75f79555429976ec32bcca,bridge,hard,"Considered the strongest recorded tropical cyclone, which cyclone had a film made about it in 2007?",1999 Odisha cyclone | Kathantara,2,0,0,"{""1999 Odisha cyclone"":4,""Kathantara"":10}","{""1999 Odisha cyclone"":3,""Kathantara"":9}",stable_miss
per_question,5a75f79555429976ec32bcca,bridge,hard,"Considered the strongest recorded tropical cyclone, which cyclone had a film made about it in 2007?",1999 Odisha cyclone | Kathantara,5,0,0,"{""1999 Odisha cyclone"":4,""Kathantara"":10}","{""1999 Odisha cyclone"":3,""Kathantara"":9}",stable_miss
per_question,5a760ab65542994ccc918697,bridge,hard,Alfred Balk served as the secretary of the Committee on the Employment of Minority Groups in the News Media under which United States Vice President?,Alfred Balk | Nelson Rockefeller,2,0,0,"{""Alfred Balk"":1,""Nelson Rockefeller"":6}","{""Alfred Balk"":1,""Nelson Rockefeller"":4}",stable_miss
per_question,5a760ab65542994ccc918697,bridge,hard,Alfred Balk served as the secretary of the Committee on the Employment of Minority Groups in the News Media under which United States Vice President?,Alfred Balk | Nelson Rockefeller,5,0,1,"{""Alfred Balk"":1,""Nelson Rockefeller"":6}","{""Alfred Balk"":1,""Nelson Rockefeller"":4}",rescue
per_question,5a760faa5542994ccc9186a8,bridge,hard," What is the latest album of Tim Hecker, the Canadian electronic music maker?","Ravedeath, 1972 | Tim Hecker",2,0,0,"{""Ravedeath, 1972"":2,""Tim Hecker"":3}","{""Ravedeath, 1972"":6,""Tim Hecker"":1}",stable_miss
per_question,5a760faa5542994ccc9186a8,bridge,hard," What is the latest album of Tim Hecker, the Canadian electronic music maker?","Ravedeath, 1972 | Tim Hecker",5,1,0,"{""Ravedeath, 1972"":2,""Tim Hecker"":3}","{""Ravedeath, 1972"":6,""Tim Hecker"":1}",damage
per_question,5a7625c7554299109176e668,bridge,hard,What podcast was the cheif executive officer of Nerdist Industries a guest on?,Chris Hardwick | Comedy Film Nerds,2,0,0,"{""Chris Hardwick"":8,""Comedy Film Nerds"":3}","{""Chris Hardwick"":3,""Comedy Film Nerds"":8}",stable_miss
per_question,5a7625c7554299109176e668,bridge,hard,What podcast was the cheif executive officer of Nerdist Industries a guest on?,Chris Hardwick | Comedy Film Nerds,5,0,0,"{""Chris Hardwick"":8,""Comedy Film Nerds"":3}","{""Chris Hardwick"":3,""Comedy Film Nerds"":8}",stable_miss
per_question,5a7625e8554299109176e66a,bridge,hard,In which year was the King who made the 1925 Birthday Honours born?,1925 Birthday Honours | George V,2,0,0,"{""1925 Birthday Honours"":1,""George V"":10}","{""1925 Birthday Honours"":1,""George V"":10}",stable_miss
per_question,5a7625e8554299109176e66a,bridge,hard,In which year was the King who made the 1925 Birthday Honours born?,1925 Birthday Honours | George V,5,0,0,"{""1925 Birthday Honours"":1,""George V"":10}","{""1925 Birthday Honours"":1,""George V"":10}",stable_miss
per_question,5a7633ad5542992db9473741,comparison,hard,"Which was fought earlier in our nation's history, the Seven Days Battles or the Battle of Manila?",Battle of Manila (1945) | Seven Days Battles,2,1,1,"{""Battle of Manila (1945)"":1,""Seven Days Battles"":2}","{""Battle of Manila (1945)"":1,""Seven Days Battles"":2}",stable_hit
per_question,5a7633ad5542992db9473741,comparison,hard,"Which was fought earlier in our nation's history, the Seven Days Battles or the Battle of Manila?",Battle of Manila (1945) | Seven Days Battles,5,1,1,"{""Battle of Manila (1945)"":1,""Seven Days Battles"":2}","{""Battle of Manila (1945)"":1,""Seven Days Battles"":2}",stable_hit
per_question,5a7634f155429976ec32bd6b,bridge,hard,"What shallow water table aquifer is located near the county seat of Keith County, Nebraska?","Ogallala Aquifer | Ogallala, Nebraska",2,0,0,"{""Ogallala Aquifer"":1,""Ogallala, Nebraska"":6}","{""Ogallala Aquifer"":1,""Ogallala, Nebraska"":3}",stable_miss
per_question,5a7634f155429976ec32bd6b,bridge,hard,"What shallow water table aquifer is located near the county seat of Keith County, Nebraska?","Ogallala Aquifer | Ogallala, Nebraska",5,0,1,"{""Ogallala Aquifer"":1,""Ogallala, Nebraska"":6}","{""Ogallala Aquifer"":1,""Ogallala, Nebraska"":3}",rescue
per_question,5a76387d554299109176e6ba,comparison,hard,Who was born first Am Rong or Ava DuVernay ?,Am Rong | Ava DuVernay,2,0,1,"{""Am Rong"":2,""Ava DuVernay"":3}","{""Am Rong"":2,""Ava DuVernay"":1}",rescue
per_question,5a76387d554299109176e6ba,comparison,hard,Who was born first Am Rong or Ava DuVernay ?,Am Rong | Ava DuVernay,5,1,1,"{""Am Rong"":2,""Ava DuVernay"":3}","{""Am Rong"":2,""Ava DuVernay"":1}",stable_hit
per_question,5a764c0b55429976ec32bd89,bridge,hard,What criteria subjectively qualifies the Houston Astrodome to be called the Eighth Wonder of the World?,Astrodome | Eighth Wonder of the World,2,1,1,"{""Astrodome"":2,""Eighth Wonder of the World"":1}","{""Astrodome"":1,""Eighth Wonder of the World"":2}",stable_hit
per_question,5a764c0b55429976ec32bd89,bridge,hard,What criteria subjectively qualifies the Houston Astrodome to be called the Eighth Wonder of the World?,Astrodome | Eighth Wonder of the World,5,1,1,"{""Astrodome"":2,""Eighth Wonder of the World"":1}","{""Astrodome"":1,""Eighth Wonder of the World"":2}",stable_hit
per_question,5a76e88555429972597f13f4,bridge,hard,Which film starring Patrick Tatten is based on a book written by Steve Lopez?,Patrick Tatten | The Soloist,2,0,1,"{""Patrick Tatten"":3,""The Soloist"":8}","{""Patrick Tatten"":2,""The Soloist"":1}",rescue
per_question,5a76e88555429972597f13f4,bridge,hard,Which film starring Patrick Tatten is based on a book written by Steve Lopez?,Patrick Tatten | The Soloist,5,0,1,"{""Patrick Tatten"":3,""The Soloist"":8}","{""Patrick Tatten"":2,""The Soloist"":1}",rescue
per_question,5a77152355429966f1a36c2e,bridge,hard,What was the Roud Folk Song Index of the nursery rhyme inspiring What Are Little Girls Made Of?,What Are Little Boys Made Of? | What Are Little Girls Made Of?,2,0,0,"{""What Are Little Boys Made Of?"":1,""What Are Little Girls Made Of?"":10}","{""What Are Little Boys Made Of?"":1,""What Are Little Girls Made Of?"":10}",stable_miss
per_question,5a77152355429966f1a36c2e,bridge,hard,What was the Roud Folk Song Index of the nursery rhyme inspiring What Are Little Girls Made Of?,What Are Little Boys Made Of? | What Are Little Girls Made Of?,5,0,0,"{""What Are Little Boys Made Of?"":1,""What Are Little Girls Made Of?"":10}","{""What Are Little Boys Made Of?"":1,""What Are Little Girls Made Of?"":10}",stable_miss
per_question,5a77309d55429972597f1487,comparison,hard,"Who was born first, José Echegaray y Eizaguirre or P. J. O'Rourke?",José Echegaray | P. J. O'Rourke,2,0,0,"{""José Echegaray"":1,""P. J. O'Rourke"":4}","{""José Echegaray"":1,""P. J. O'Rourke"":3}",stable_miss
per_question,5a77309d55429972597f1487,comparison,hard,"Who was born first, José Echegaray y Eizaguirre or P. J. O'Rourke?",José Echegaray | P. J. O'Rourke,5,1,1,"{""José Echegaray"":1,""P. J. O'Rourke"":4}","{""José Echegaray"":1,""P. J. O'Rourke"":3}",stable_hit
per_question,5a774e9c55429972597f14f3,bridge,hard,David Huntsinger has worked with this gospel singer born in the month of July?,David Huntsinger | Larnelle Harris,2,0,1,"{""David Huntsinger"":1,""Larnelle Harris"":3}","{""David Huntsinger"":1,""Larnelle Harris"":2}",rescue
per_question,5a774e9c55429972597f14f3,bridge,hard,David Huntsinger has worked with this gospel singer born in the month of July?,David Huntsinger | Larnelle Harris,5,1,1,"{""David Huntsinger"":1,""Larnelle Harris"":3}","{""David Huntsinger"":1,""Larnelle Harris"":2}",stable_hit
per_question,5a7757215542993569682d58,bridge,hard,"What 2016 film stars actor Xavier Samuel and an actress who portrayed Vasilisa Dragomir in the film ""Vampire Academy""?",Lucy Fry | Mr. Church,2,0,1,"{""Lucy Fry"":2,""Mr. Church"":9}","{""Lucy Fry"":1,""Mr. Church"":2}",rescue
per_question,5a7757215542993569682d58,bridge,hard,"What 2016 film stars actor Xavier Samuel and an actress who portrayed Vasilisa Dragomir in the film ""Vampire Academy""?",Lucy Fry | Mr. Church,5,0,1,"{""Lucy Fry"":2,""Mr. Church"":9}","{""Lucy Fry"":1,""Mr. Church"":2}",rescue
per_question,5a7759fc5542993569682d60,comparison,hard,Where are Teide National Park and Garajonay National Park located?,Garajonay National Park | Teide National Park,2,1,1,"{""Garajonay National Park"":1,""Teide National Park"":2}","{""Garajonay National Park"":1,""Teide National Park"":2}",stable_hit
per_question,5a7759fc5542993569682d60,comparison,hard,Where are Teide National Park and Garajonay National Park located?,Garajonay National Park | Teide National Park,5,1,1,"{""Garajonay National Park"":1,""Teide National Park"":2}","{""Garajonay National Park"":1,""Teide National Park"":2}",stable_hit
per_question,5a77724455429972597f153e,bridge,hard,What race track in the midwest hosts a 500 mile race eavery May?,1957 Indianapolis 500 | Indianapolis Motor Speedway,2,1,0,"{""1957 Indianapolis 500"":1,""Indianapolis Motor Speedway"":2}","{""1957 Indianapolis 500"":1,""Indianapolis Motor Speedway"":6}",damage
per_question,5a77724455429972597f153e,bridge,hard,What race track in the midwest hosts a 500 mile race eavery May?,1957 Indianapolis 500 | Indianapolis Motor Speedway,5,1,0,"{""1957 Indianapolis 500"":1,""Indianapolis Motor Speedway"":2}","{""1957 Indianapolis 500"":1,""Indianapolis Motor Speedway"":6}",damage
per_question,5a77a65b5542992a6e59df57,bridge,hard,"when was the album that includes the song by Dustin Lynch released to country radio on February 17, 2017?",Current Mood | Small Town Boy (song),2,0,1,"{""Current Mood"":2,""Small Town Boy (song)"":3}","{""Current Mood"":2,""Small Town Boy (song)"":1}",rescue
per_question,5a77a65b5542992a6e59df57,bridge,hard,"when was the album that includes the song by Dustin Lynch released to country radio on February 17, 2017?",Current Mood | Small Town Boy (song),5,1,1,"{""Current Mood"":2,""Small Town Boy (song)"":3}","{""Current Mood"":2,""Small Town Boy (song)"":1}",stable_hit
per_question,5a77beae5542992a6e59dfae,bridge,hard,Which jazz singer has a 2003 album entitled The Boy Next Door? ,Stacey Kent | The Boy Next Door (album),2,0,0,"{""Stacey Kent"":9,""The Boy Next Door (album)"":1}","{""Stacey Kent"":9,""The Boy Next Door (album)"":1}",stable_miss
per_question,5a77beae5542992a6e59dfae,bridge,hard,Which jazz singer has a 2003 album entitled The Boy Next Door? ,Stacey Kent | The Boy Next Door (album),5,0,0,"{""Stacey Kent"":9,""The Boy Next Door (album)"":1}","{""Stacey Kent"":9,""The Boy Next Door (album)"":1}",stable_miss
per_question,5a77c1505542997042120b1b,bridge,hard,"Which song was behind the third single on the album  ""A Lot About Livin' (And a Little 'bout Love)"" for two weeks on the country charts?",Chattahoochee (song) | We'll Burn That Bridge,2,0,0,"{""Chattahoochee (song)"":5,""We'll Burn That Bridge"":10}","{""Chattahoochee (song)"":2,""We'll Burn That Bridge"":8}",stable_miss
per_question,5a77c1505542997042120b1b,bridge,hard,"Which song was behind the third single on the album  ""A Lot About Livin' (And a Little 'bout Love)"" for two weeks on the country charts?",Chattahoochee (song) | We'll Burn That Bridge,5,0,0,"{""Chattahoochee (song)"":5,""We'll Burn That Bridge"":10}","{""Chattahoochee (song)"":2,""We'll Burn That Bridge"":8}",stable_miss
per_question,5a77cb335542997042120b3a,bridge,hard,What American professional Hawaiian surfer born 18 October 1992 won the Rip Curl Pro Portugal?,John John Florence | MEO Rip Curl Pro Portugal,2,1,1,"{""John John Florence"":2,""MEO Rip Curl Pro Portugal"":1}","{""John John Florence"":1,""MEO Rip Curl Pro Portugal"":2}",stable_hit
per_question,5a77cb335542997042120b3a,bridge,hard,What American professional Hawaiian surfer born 18 October 1992 won the Rip Curl Pro Portugal?,John John Florence | MEO Rip Curl Pro Portugal,5,1,1,"{""John John Florence"":2,""MEO Rip Curl Pro Portugal"":1}","{""John John Florence"":1,""MEO Rip Curl Pro Portugal"":2}",stable_hit
per_question,5a77cb5e55429967ab1052a7,bridge,hard,"The voice of Homer Simpson also voices what alien character in the television series ""The Simpsons""?",Dan Castellaneta | Kang and Kodos,2,0,0,"{""Dan Castellaneta"":1,""Kang and Kodos"":4}","{""Dan Castellaneta"":1,""Kang and Kodos"":7}",stable_miss
per_question,5a77cb5e55429967ab1052a7,bridge,hard,"The voice of Homer Simpson also voices what alien character in the television series ""The Simpsons""?",Dan Castellaneta | Kang and Kodos,5,1,0,"{""Dan Castellaneta"":1,""Kang and Kodos"":4}","{""Dan Castellaneta"":1,""Kang and Kodos"":7}",damage
per_question,5a78b209554299148911f93e,comparison,hard,"Which playwright lived a longer life, Edward Albee or J. M. Barrie?",Edward Albee | J. M. Barrie,2,0,0,"{""Edward Albee"":8,""J. M. Barrie"":7}","{""Edward Albee"":1,""J. M. Barrie"":8}",stable_miss
per_question,5a78b209554299148911f93e,comparison,hard,"Which playwright lived a longer life, Edward Albee or J. M. Barrie?",Edward Albee | J. M. Barrie,5,0,0,"{""Edward Albee"":8,""J. M. Barrie"":7}","{""Edward Albee"":1,""J. M. Barrie"":8}",stable_miss
per_question,5a78bd9b554299078472774a,bridge,hard,What nationality were social anthropologists Alfred Gell and Edmund Leach?,Alfred Gell | Edmund Leach,2,1,1,"{""Alfred Gell"":2,""Edmund Leach"":1}","{""Alfred Gell"":1,""Edmund Leach"":2}",stable_hit
per_question,5a78bd9b554299078472774a,bridge,hard,What nationality were social anthropologists Alfred Gell and Edmund Leach?,Alfred Gell | Edmund Leach,5,1,1,"{""Alfred Gell"":2,""Edmund Leach"":1}","{""Alfred Gell"":1,""Edmund Leach"":2}",stable_hit
per_question,5a78daf855429970f5fffdae,comparison,hard,"Which game was released first, Icehouse pieces or Kill Doctor Lucky?",Icehouse pieces | Kill Doctor Lucky,2,1,1,"{""Icehouse pieces"":2,""Kill Doctor Lucky"":1}","{""Icehouse pieces"":2,""Kill Doctor Lucky"":1}",stable_hit
per_question,5a78daf855429970f5fffdae,comparison,hard,"Which game was released first, Icehouse pieces or Kill Doctor Lucky?",Icehouse pieces | Kill Doctor Lucky,5,1,1,"{""Icehouse pieces"":2,""Kill Doctor Lucky"":1}","{""Icehouse pieces"":2,""Kill Doctor Lucky"":1}",stable_hit
per_question,5a78db8055429970f5fffdb2,bridge,hard,"Flyboys stars which actor who was nominated for an Academy Award for ""127 Hours""?",Flyboys (film) | James Franco,2,0,0,"{""Flyboys (film)"":1,""James Franco"":8}","{""Flyboys (film)"":6,""James Franco"":1}",stable_miss
per_question,5a78db8055429970f5fffdb2,bridge,hard,"Flyboys stars which actor who was nominated for an Academy Award for ""127 Hours""?",Flyboys (film) | James Franco,5,0,0,"{""Flyboys (film)"":1,""James Franco"":8}","{""Flyboys (film)"":6,""James Franco"":1}",stable_miss
per_question,5a78f59755429970f5fffdf7,bridge,hard,Mick Carter is the landlord of a public house located at what address?,Mick Carter | The Queen Victoria,2,0,0,"{""Mick Carter"":1,""The Queen Victoria"":8}","{""Mick Carter"":1,""The Queen Victoria"":6}",stable_miss
per_question,5a78f59755429970f5fffdf7,bridge,hard,Mick Carter is the landlord of a public house located at what address?,Mick Carter | The Queen Victoria,5,0,0,"{""Mick Carter"":1,""The Queen Victoria"":8}","{""Mick Carter"":1,""The Queen Victoria"":6}",stable_miss
per_question,5a790d8f554299029c4b5eec,bridge,hard,"Which English musician is known for both the songs ""See Yourself"" and ""Withing You Without You""?",See Yourself | Within You Without You,2,1,1,"{""See Yourself"":1,""Within You Without You"":2}","{""See Yourself"":1,""Within You Without You"":2}",stable_hit
per_question,5a790d8f554299029c4b5eec,bridge,hard,"Which English musician is known for both the songs ""See Yourself"" and ""Withing You Without You""?",See Yourself | Within You Without You,5,1,1,"{""See Yourself"":1,""Within You Without You"":2}","{""See Yourself"":1,""Within You Without You"":2}",stable_hit
per_question,5a791a97554299148911f9f2,bridge,hard,"Which Netflix series ""Unbreakable"" character is Elizabeth Claire Kemper known for playing?",Ellie Kemper | Kimmy Schmidt,2,0,0,"{""Ellie Kemper"":3,""Kimmy Schmidt"":4}","{""Ellie Kemper"":1,""Kimmy Schmidt"":4}",stable_miss
per_question,5a791a97554299148911f9f2,bridge,hard,"Which Netflix series ""Unbreakable"" character is Elizabeth Claire Kemper known for playing?",Ellie Kemper | Kimmy Schmidt,5,1,1,"{""Ellie Kemper"":3,""Kimmy Schmidt"":4}","{""Ellie Kemper"":1,""Kimmy Schmidt"":4}",stable_hit
per_question,5a79311755429970f5fffe67,bridge,hard,"A Japanese manga series based on a 16 year old high school student Ichitaka Seto, is written and illustrated by someone born in what year?",I&quot;s | Masakazu Katsura,2,0,0,"{""I&quot;s"":1,""Masakazu Katsura"":8}","{""I&quot;s"":1,""Masakazu Katsura"":10}",stable_miss
per_question,5a79311755429970f5fffe67,bridge,hard,"A Japanese manga series based on a 16 year old high school student Ichitaka Seto, is written and illustrated by someone born in what year?",I&quot;s | Masakazu Katsura,5,0,0,"{""I&quot;s"":1,""Masakazu Katsura"":8}","{""I&quot;s"":1,""Masakazu Katsura"":10}",stable_miss
per_question,5a7997a2554299029c4b5f59,bridge,hard,Tefik Selim Mborja was a part of a party that held power in Albania until what year? ,Albanian Fascist Party | Tefik Mborja,2,1,1,"{""Albanian Fascist Party"":2,""Tefik Mborja"":1}","{""Albanian Fascist Party"":2,""Tefik Mborja"":1}",stable_hit
per_question,5a7997a2554299029c4b5f59,bridge,hard,Tefik Selim Mborja was a part of a party that held power in Albania until what year? ,Albanian Fascist Party | Tefik Mborja,5,1,1,"{""Albanian Fascist Party"":2,""Tefik Mborja"":1}","{""Albanian Fascist Party"":2,""Tefik Mborja"":1}",stable_hit
per_question,5a79b7f6554299029c4b5f6f,bridge,hard,How many restaurants comprise the quick service restaurant chain that Ron Joyce helped found?,Ron Joyce | Tim Hortons,2,0,0,"{""Ron Joyce"":2,""Tim Hortons"":6}","{""Ron Joyce"":5,""Tim Hortons"":1}",stable_miss
per_question,5a79b7f6554299029c4b5f6f,bridge,hard,How many restaurants comprise the quick service restaurant chain that Ron Joyce helped found?,Ron Joyce | Tim Hortons,5,0,1,"{""Ron Joyce"":2,""Tim Hortons"":6}","{""Ron Joyce"":5,""Tim Hortons"":1}",rescue
per_question,5a79c1335542994bb9457066,comparison,hard,Eric Ambler and Carol Shields are both best Known for what profession?,Carol Shields | Eric Ambler,2,1,1,"{""Carol Shields"":2,""Eric Ambler"":1}","{""Carol Shields"":1,""Eric Ambler"":2}",stable_hit
per_question,5a79c1335542994bb9457066,comparison,hard,Eric Ambler and Carol Shields are both best Known for what profession?,Carol Shields | Eric Ambler,5,1,1,"{""Carol Shields"":2,""Eric Ambler"":1}","{""Carol Shields"":1,""Eric Ambler"":2}",stable_hit
per_question,5a79c6a55542994bb9457091,bridge,hard,"What prolific English engineer, who died on 15 December 1857, contributed to the advent of the hot air engine by way of their open cycle devices?",George Cayley | Hot air engine,2,0,1,"{""George Cayley"":3,""Hot air engine"":1}","{""George Cayley"":1,""Hot air engine"":2}",rescue
per_question,5a79c6a55542994bb9457091,bridge,hard,"What prolific English engineer, who died on 15 December 1857, contributed to the advent of the hot air engine by way of their open cycle devices?",George Cayley | Hot air engine,5,1,1,"{""George Cayley"":3,""Hot air engine"":1}","{""George Cayley"":1,""Hot air engine"":2}",stable_hit
per_question,5a79ea435542996c55b2dc9e,bridge,hard,Who was the captain of the only battleship to provide gunfire support during the Vietnam War?,J. Edward Snyder | USS New Jersey (BB-62),2,0,1,"{""J. Edward Snyder"":1,""USS New Jersey (BB-62)"":3}","{""J. Edward Snyder"":1,""USS New Jersey (BB-62)"":2}",rescue
per_question,5a79ea435542996c55b2dc9e,bridge,hard,Who was the captain of the only battleship to provide gunfire support during the Vietnam War?,J. Edward Snyder | USS New Jersey (BB-62),5,1,1,"{""J. Edward Snyder"":1,""USS New Jersey (BB-62)"":3}","{""J. Edward Snyder"":1,""USS New Jersey (BB-62)"":2}",stable_hit
per_question,5a79f6ca554299029c4b5f90,bridge,hard,"What Danish eurodance group had a single called ""Barbie Girl"" which resulted in a lawsuit in 2002?","Aqua (band) | Mattel, Inc. v. MCA Records, Inc.",2,0,1,"{""Aqua (band)"":1,""Mattel, Inc. v. MCA Records, Inc."":3}","{""Aqua (band)"":1,""Mattel, Inc. v. MCA Records, Inc."":2}",rescue
per_question,5a79f6ca554299029c4b5f90,bridge,hard,"What Danish eurodance group had a single called ""Barbie Girl"" which resulted in a lawsuit in 2002?","Aqua (band) | Mattel, Inc. v. MCA Records, Inc.",5,1,1,"{""Aqua (band)"":1,""Mattel, Inc. v. MCA Records, Inc."":3}","{""Aqua (band)"":1,""Mattel, Inc. v. MCA Records, Inc."":2}",stable_hit
per_question,5a7a014a5542996c55b2dccf,bridge,hard,"""Kapitän zur See"" Ernst Lindemann was the commander of which one of two battleships built for Nazi Germany's ""Kriegsmarine""?",Ernst Heinrich Lindemann | German battleship Bismarck,2,0,0,"{""Ernst Heinrich Lindemann"":2,""German battleship Bismarck"":4}","{""Ernst Heinrich Lindemann"":2,""German battleship Bismarck"":9}",stable_miss
per_question,5a7a014a5542996c55b2dccf,bridge,hard,"""Kapitän zur See"" Ernst Lindemann was the commander of which one of two battleships built for Nazi Germany's ""Kriegsmarine""?",Ernst Heinrich Lindemann | German battleship Bismarck,5,1,0,"{""Ernst Heinrich Lindemann"":2,""German battleship Bismarck"":4}","{""Ernst Heinrich Lindemann"":2,""German battleship Bismarck"":9}",damage
per_question,5a7a0e1e5542990783324e1a,comparison,hard,Which dog's ancestors include Gordon and Irish Setters: the Manchester Terrier or the Scotch Collie?,Manchester Terrier | Scotch Collie,2,0,0,"{""Manchester Terrier"":3,""Scotch Collie"":1}","{""Manchester Terrier"":3,""Scotch Collie"":1}",stable_miss
per_question,5a7a0e1e5542990783324e1a,comparison,hard,Which dog's ancestors include Gordon and Irish Setters: the Manchester Terrier or the Scotch Collie?,Manchester Terrier | Scotch Collie,5,1,1,"{""Manchester Terrier"":3,""Scotch Collie"":1}","{""Manchester Terrier"":3,""Scotch Collie"":1}",stable_hit
per_question,5a7a1cd85542990783324e65,bridge,hard,What was the 58th quadrennial American presidential election held after the 2016 Michigan Democratic primary?,"Michigan Democratic primary, 2016 | United States presidential election, 2016",2,0,1,"{""Michigan Democratic primary, 2016"":1,""United States presidential election, 2016"":4}","{""Michigan Democratic primary, 2016"":2,""United States presidential election, 2016"":1}",rescue
per_question,5a7a1cd85542990783324e65,bridge,hard,What was the 58th quadrennial American presidential election held after the 2016 Michigan Democratic primary?,"Michigan Democratic primary, 2016 | United States presidential election, 2016",5,1,1,"{""Michigan Democratic primary, 2016"":1,""United States presidential election, 2016"":4}","{""Michigan Democratic primary, 2016"":2,""United States presidential election, 2016"":1}",stable_hit
per_question,5a7a230e5542996a35c170ee,bridge,hard,"What year was the film that starred the composer for ""The Naked Brothers Band""?",Nat Wolff | The Fault in Our Stars (film),2,0,0,"{""Nat Wolff"":4,""The Fault in Our Stars (film)"":10}","{""Nat Wolff"":1,""The Fault in Our Stars (film)"":10}",stable_miss
per_question,5a7a230e5542996a35c170ee,bridge,hard,"What year was the film that starred the composer for ""The Naked Brothers Band""?",Nat Wolff | The Fault in Our Stars (film),5,0,0,"{""Nat Wolff"":4,""The Fault in Our Stars (film)"":10}","{""Nat Wolff"":1,""The Fault in Our Stars (film)"":10}",stable_miss
per_question,5a7a276d5542996c55b2dd27,bridge,hard,Who was Chamberlain and Colonel of the military staff of The Merrie Monarch?,Charles Hastings Judd | Kalākaua,2,0,0,"{""Charles Hastings Judd"":1,""Kalākaua"":9}","{""Charles Hastings Judd"":1,""Kalākaua"":3}",stable_miss
per_question,5a7a276d5542996c55b2dd27,bridge,hard,Who was Chamberlain and Colonel of the military staff of The Merrie Monarch?,Charles Hastings Judd | Kalākaua,5,0,1,"{""Charles Hastings Judd"":1,""Kalākaua"":9}","{""Charles Hastings Judd"":1,""Kalākaua"":3}",rescue
per_question,5a7a3a945542996a35c17147,bridge,hard,One Raffles Place is one of the tallest skyscrapers in the city of Singapore and tallest in the wolrd outside North America until it was succeeded by a Building in city?,Bank of China Tower (Hong Kong) | One Raffles Place,2,0,0,"{""Bank of China Tower (Hong Kong)"":10,""One Raffles Place"":1}","{""Bank of China Tower (Hong Kong)"":10,""One Raffles Place"":1}",stable_miss
per_question,5a7a3a945542996a35c17147,bridge,hard,One Raffles Place is one of the tallest skyscrapers in the city of Singapore and tallest in the wolrd outside North America until it was succeeded by a Building in city?,Bank of China Tower (Hong Kong) | One Raffles Place,5,0,0,"{""Bank of China Tower (Hong Kong)"":10,""One Raffles Place"":1}","{""Bank of China Tower (Hong Kong)"":10,""One Raffles Place"":1}",stable_miss
per_question,5a7a455c5542994f819ef1a7,comparison,hard,"Who died first, George Archainbaud or Ralph Murphy?",George Archainbaud | Ralph Murphy,2,1,1,"{""George Archainbaud"":1,""Ralph Murphy"":2}","{""George Archainbaud"":1,""Ralph Murphy"":2}",stable_hit
per_question,5a7a455c5542994f819ef1a7,comparison,hard,"Who died first, George Archainbaud or Ralph Murphy?",George Archainbaud | Ralph Murphy,5,1,1,"{""George Archainbaud"":1,""Ralph Murphy"":2}","{""George Archainbaud"":1,""Ralph Murphy"":2}",stable_hit
per_question,5a7a46605542994f819ef1ad,bridge,hard,What year did Roy Rogers and his third wife star in a film directed by Frank McDonald?,Along the Navajo Trail (film) | Dale Evans,2,0,0,"{""Along the Navajo Trail (film)"":10,""Dale Evans"":2}","{""Along the Navajo Trail (film)"":6,""Dale Evans"":7}",stable_miss
per_question,5a7a46605542994f819ef1ad,bridge,hard,What year did Roy Rogers and his third wife star in a film directed by Frank McDonald?,Along the Navajo Trail (film) | Dale Evans,5,0,0,"{""Along the Navajo Trail (film)"":10,""Dale Evans"":2}","{""Along the Navajo Trail (film)"":6,""Dale Evans"":7}",stable_miss
per_question,5a7a5b3a5542996c55b2dd71,bridge,hard,What building is opposite the ceremonial meeting place of the Accession Council in the United Kingdom?,"Mark Masons' Hall, London | St James's Palace",2,0,0,"{""Mark Masons' Hall, London"":4,""St James's Palace"":2}","{""Mark Masons' Hall, London"":5,""St James's Palace"":1}",stable_miss
per_question,5a7a5b3a5542996c55b2dd71,bridge,hard,What building is opposite the ceremonial meeting place of the Accession Council in the United Kingdom?,"Mark Masons' Hall, London | St James's Palace",5,1,1,"{""Mark Masons' Hall, London"":4,""St James's Palace"":2}","{""Mark Masons' Hall, London"":5,""St James's Palace"":1}",stable_hit
per_question,5a7a8a9c554299042af8f666,bridge,hard,The lamp used in many lighthouses is similiar to this type of lamp patented in 1780 by Aimé Argand?,Argand lamp | Lewis lamp,2,1,1,"{""Argand lamp"":2,""Lewis lamp"":1}","{""Argand lamp"":1,""Lewis lamp"":2}",stable_hit
per_question,5a7a8a9c554299042af8f666,bridge,hard,The lamp used in many lighthouses is similiar to this type of lamp patented in 1780 by Aimé Argand?,Argand lamp | Lewis lamp,5,1,1,"{""Argand lamp"":2,""Lewis lamp"":1}","{""Argand lamp"":1,""Lewis lamp"":2}",stable_hit
per_question,5a7b12a355429927d897bf2a,bridge,hard,When was the palace founded at which Columba de Dunbar died in 1435?,Columba de Dunbar | Spynie Palace,2,0,0,"{""Columba de Dunbar"":1,""Spynie Palace"":10}","{""Columba de Dunbar"":1,""Spynie Palace"":8}",stable_miss
per_question,5a7b12a355429927d897bf2a,bridge,hard,When was the palace founded at which Columba de Dunbar died in 1435?,Columba de Dunbar | Spynie Palace,5,0,0,"{""Columba de Dunbar"":1,""Spynie Palace"":10}","{""Columba de Dunbar"":1,""Spynie Palace"":8}",stable_miss
per_question,5a7b3f4d5542992d025e67bb,bridge,hard,"Which songwriting duo composed music for ""La La Land"", and created lyrics for ""A Christmas Story: The Musical""? ",A Christmas Story: The Musical | Pasek and Paul,2,0,0,"{""A Christmas Story: The Musical"":5,""Pasek and Paul"":4}","{""A Christmas Story: The Musical"":4,""Pasek and Paul"":1}",stable_miss
per_question,5a7b3f4d5542992d025e67bb,bridge,hard,"Which songwriting duo composed music for ""La La Land"", and created lyrics for ""A Christmas Story: The Musical""? ",A Christmas Story: The Musical | Pasek and Paul,5,1,1,"{""A Christmas Story: The Musical"":5,""Pasek and Paul"":4}","{""A Christmas Story: The Musical"":4,""Pasek and Paul"":1}",stable_hit
per_question,5a7b46e55542995eb53be8e5,bridge,hard,"Spaceware Sky Division II is manufactured by this subsidiary, which is one of twelve subdivisions of Inner Mongolia, China?",Ordos City | Spaceware Sky Vision II,2,0,0,"{""Ordos City"":8,""Spaceware Sky Vision II"":2}","{""Ordos City"":3,""Spaceware Sky Vision II"":1}",stable_miss
per_question,5a7b46e55542995eb53be8e5,bridge,hard,"Spaceware Sky Division II is manufactured by this subsidiary, which is one of twelve subdivisions of Inner Mongolia, China?",Ordos City | Spaceware Sky Vision II,5,0,1,"{""Ordos City"":8,""Spaceware Sky Vision II"":2}","{""Ordos City"":3,""Spaceware Sky Vision II"":1}",rescue
per_question,5a7b4bc35542992d025e67e0,bridge,hard,"What country does Eric A. Sykes and Eccles, Greater Manchester have ion common?","Eccles, Greater Manchester | Eric A. Sykes",2,0,1,"{""Eccles, Greater Manchester"":1,""Eric A. Sykes"":3}","{""Eccles, Greater Manchester"":2,""Eric A. Sykes"":1}",rescue
per_question,5a7b4bc35542992d025e67e0,bridge,hard,"What country does Eric A. Sykes and Eccles, Greater Manchester have ion common?","Eccles, Greater Manchester | Eric A. Sykes",5,1,1,"{""Eccles, Greater Manchester"":1,""Eric A. Sykes"":3}","{""Eccles, Greater Manchester"":2,""Eric A. Sykes"":1}",stable_hit
per_question,5a7b65ab5542997c3ec97144,bridge,hard,"Where did the architect of the Governor's House, located in Knutsford, graduate from college?","Edmund Sharpe | Governor's House, Knutsford",2,0,1,"{""Edmund Sharpe"":4,""Governor's House, Knutsford"":1}","{""Edmund Sharpe"":2,""Governor's House, Knutsford"":1}",rescue
per_question,5a7b65ab5542997c3ec97144,bridge,hard,"Where did the architect of the Governor's House, located in Knutsford, graduate from college?","Edmund Sharpe | Governor's House, Knutsford",5,1,1,"{""Edmund Sharpe"":4,""Governor's House, Knutsford"":1}","{""Edmund Sharpe"":2,""Governor's House, Knutsford"":1}",stable_hit
per_question,5a7b76735542997c3ec9719f,comparison,hard,"which is traditionally drunk before retiring to bed, Hot toddy or Kir?",Hot toddy | Kir (cocktail),2,0,0,"{""Hot toddy"":2,""Kir (cocktail)"":3}","{""Hot toddy"":1,""Kir (cocktail)"":3}",stable_miss
per_question,5a7b76735542997c3ec9719f,comparison,hard,"which is traditionally drunk before retiring to bed, Hot toddy or Kir?",Hot toddy | Kir (cocktail),5,1,1,"{""Hot toddy"":2,""Kir (cocktail)"":3}","{""Hot toddy"":1,""Kir (cocktail)"":3}",stable_hit
per_question,5a7b7bed5542997c3ec971bc,bridge,hard,The Waterloo Vase has been used as a garden ornament at whose residence and administrative headquarters?,Buckingham Palace | Waterloo Vase,2,0,0,"{""Buckingham Palace"":5,""Waterloo Vase"":1}","{""Buckingham Palace"":5,""Waterloo Vase"":1}",stable_miss
per_question,5a7b7bed5542997c3ec971bc,bridge,hard,The Waterloo Vase has been used as a garden ornament at whose residence and administrative headquarters?,Buckingham Palace | Waterloo Vase,5,1,1,"{""Buckingham Palace"":5,""Waterloo Vase"":1}","{""Buckingham Palace"":5,""Waterloo Vase"":1}",stable_hit
per_question,5a7b7ff75542995eb53be93d,comparison,hard,"Who was born first, Arthur Conan Doyle or Penelope Lively?",Arthur Conan Doyle | Penelope Lively,2,0,1,"{""Arthur Conan Doyle"":3,""Penelope Lively"":6}","{""Arthur Conan Doyle"":2,""Penelope Lively"":1}",rescue
per_question,5a7b7ff75542995eb53be93d,comparison,hard,"Who was born first, Arthur Conan Doyle or Penelope Lively?",Arthur Conan Doyle | Penelope Lively,5,0,1,"{""Arthur Conan Doyle"":3,""Penelope Lively"":6}","{""Arthur Conan Doyle"":2,""Penelope Lively"":1}",rescue
per_question,5a7b8749554299294a54a9db,comparison,hard,"Which author has won more Pulitzer Prizes, Thomas Friedman or Henri Bergson?",Henri Bergson | Thomas Friedman,2,0,0,"{""Henri Bergson"":3,""Thomas Friedman"":1}","{""Henri Bergson"":3,""Thomas Friedman"":1}",stable_miss
per_question,5a7b8749554299294a54a9db,comparison,hard,"Which author has won more Pulitzer Prizes, Thomas Friedman or Henri Bergson?",Henri Bergson | Thomas Friedman,5,1,1,"{""Henri Bergson"":3,""Thomas Friedman"":1}","{""Henri Bergson"":3,""Thomas Friedman"":1}",stable_hit
per_question,5a7bae20554299294a54aa96,bridge,hard,Onika Tanya Maraj is a judge on a television show hosted by whom? ,American Idol (season 12) | Nicki Minaj,2,0,0,"{""American Idol (season 12)"":5,""Nicki Minaj"":1}","{""American Idol (season 12)"":3,""Nicki Minaj"":1}",stable_miss
per_question,5a7bae20554299294a54aa96,bridge,hard,Onika Tanya Maraj is a judge on a television show hosted by whom? ,American Idol (season 12) | Nicki Minaj,5,1,1,"{""American Idol (season 12)"":5,""Nicki Minaj"":1}","{""American Idol (season 12)"":3,""Nicki Minaj"":1}",stable_hit
per_question,5a7bbb64554299042af8f7cc,bridge,hard,"Who is older, Annie Morton or Terry Richardson?",Annie Morton | Terry Richardson,2,0,1,"{""Annie Morton"":2,""Terry Richardson"":7}","{""Annie Morton"":1,""Terry Richardson"":2}",rescue
per_question,5a7bbb64554299042af8f7cc,bridge,hard,"Who is older, Annie Morton or Terry Richardson?",Annie Morton | Terry Richardson,5,0,1,"{""Annie Morton"":2,""Terry Richardson"":7}","{""Annie Morton"":1,""Terry Richardson"":2}",rescue
per_question,5a7be2595542997c3ec972ac,comparison,hard,"Who was born earlier, Emma Bull or Virginia Woolf?",Emma Bull | Virginia Woolf,2,0,1,"{""Emma Bull"":3,""Virginia Woolf"":1}","{""Emma Bull"":1,""Virginia Woolf"":2}",rescue
per_question,5a7be2595542997c3ec972ac,comparison,hard,"Who was born earlier, Emma Bull or Virginia Woolf?",Emma Bull | Virginia Woolf,5,1,1,"{""Emma Bull"":3,""Virginia Woolf"":1}","{""Emma Bull"":1,""Virginia Woolf"":2}",stable_hit
per_question,5a7be5bd5542997c3ec972ba,comparison,hard,"Which dog is considered a giant dog breed, the  Leonberger or the Basset Hound?",Basset Hound | Leonberger,2,1,0,"{""Basset Hound"":2,""Leonberger"":1}","{""Basset Hound"":3,""Leonberger"":1}",damage
per_question,5a7be5bd5542997c3ec972ba,comparison,hard,"Which dog is considered a giant dog breed, the  Leonberger or the Basset Hound?",Basset Hound | Leonberger,5,1,1,"{""Basset Hound"":2,""Leonberger"":1}","{""Basset Hound"":3,""Leonberger"":1}",stable_hit
per_question,5a7c6bcc55429935c91b519c,bridge,hard,Rock Springs is a collection of short stories by an author born in what year?,Richard Ford | Rock Springs (short story collection),2,1,1,"{""Richard Ford"":2,""Rock Springs (short story collection)"":1}","{""Richard Ford"":2,""Rock Springs (short story collection)"":1}",stable_hit
per_question,5a7c6bcc55429935c91b519c,bridge,hard,Rock Springs is a collection of short stories by an author born in what year?,Richard Ford | Rock Springs (short story collection),5,1,1,"{""Richard Ford"":2,""Rock Springs (short story collection)"":1}","{""Richard Ford"":2,""Rock Springs (short story collection)"":1}",stable_hit
per_question,5a7c960655429935c91b5244,bridge,hard,"The 1974 Texas Tech Raiders football team represented what public research university in Lubbock, Texas?",1974 Texas Tech Red Raiders football team | Texas Tech University,2,0,0,"{""1974 Texas Tech Red Raiders football team"":1,""Texas Tech University"":7}","{""1974 Texas Tech Red Raiders football team"":1,""Texas Tech University"":9}",stable_miss
per_question,5a7c960655429935c91b5244,bridge,hard,"The 1974 Texas Tech Raiders football team represented what public research university in Lubbock, Texas?",1974 Texas Tech Red Raiders football team | Texas Tech University,5,0,0,"{""1974 Texas Tech Red Raiders football team"":1,""Texas Tech University"":7}","{""1974 Texas Tech Red Raiders football team"":1,""Texas Tech University"":9}",stable_miss
per_question,5a7c9f325542990527d554e6,bridge,hard,What act for Innocent Records achieved Platinum sales and shares its name with a primary color in the RGB color model?,Blue | Innocent Records,2,0,0,"{""Blue"":7,""Innocent Records"":4}","{""Blue"":5,""Innocent Records"":1}",stable_miss
per_question,5a7c9f325542990527d554e6,bridge,hard,What act for Innocent Records achieved Platinum sales and shares its name with a primary color in the RGB color model?,Blue | Innocent Records,5,0,1,"{""Blue"":7,""Innocent Records"":4}","{""Blue"":5,""Innocent Records"":1}",rescue
per_question,5a7caae75542996dd594b971,bridge,hard,"What, known as AAS, is commonly used in bodybuilding?",Anabolic steroid | Steroid use in Australia,2,0,0,"{""Anabolic steroid"":1,""Steroid use in Australia"":3}","{""Anabolic steroid"":2,""Steroid use in Australia"":4}",stable_miss
per_question,5a7caae75542996dd594b971,bridge,hard,"What, known as AAS, is commonly used in bodybuilding?",Anabolic steroid | Steroid use in Australia,5,1,1,"{""Anabolic steroid"":1,""Steroid use in Australia"":3}","{""Anabolic steroid"":2,""Steroid use in Australia"":4}",stable_hit
per_question,5a7cb9b95542990527d55515,bridge,hard,"What is the year of the event that occured first, Making Today a Perfect Day was produced, or Frozen was produced?",Frozen Fever | Making Today a Perfect Day,2,0,0,"{""Frozen Fever"":6,""Making Today a Perfect Day"":1}","{""Frozen Fever"":5,""Making Today a Perfect Day"":1}",stable_miss
per_question,5a7cb9b95542990527d55515,bridge,hard,"What is the year of the event that occured first, Making Today a Perfect Day was produced, or Frozen was produced?",Frozen Fever | Making Today a Perfect Day,5,0,1,"{""Frozen Fever"":6,""Making Today a Perfect Day"":1}","{""Frozen Fever"":5,""Making Today a Perfect Day"":1}",rescue
per_question,5a7cbf8c554299452d57b9f4,comparison,hard,"Which came out first, Dinosaur or McFarland, USA","Dinosaur (film) | McFarland, USA",2,1,1,"{""Dinosaur (film)"":2,""McFarland, USA"":1}","{""Dinosaur (film)"":2,""McFarland, USA"":1}",stable_hit
per_question,5a7cbf8c554299452d57b9f4,comparison,hard,"Which came out first, Dinosaur or McFarland, USA","Dinosaur (film) | McFarland, USA",5,1,1,"{""Dinosaur (film)"":2,""McFarland, USA"":1}","{""Dinosaur (film)"":2,""McFarland, USA"":1}",stable_hit
per_question,5a7cc50e554299452d57ba3e,comparison,hard,"Which band, Letters to Cleo or Screaming Trees, had more members?",Letters to Cleo | Screaming Trees,2,0,0,"{""Letters to Cleo"":3,""Screaming Trees"":1}","{""Letters to Cleo"":1,""Screaming Trees"":3}",stable_miss
per_question,5a7cc50e554299452d57ba3e,comparison,hard,"Which band, Letters to Cleo or Screaming Trees, had more members?",Letters to Cleo | Screaming Trees,5,1,1,"{""Letters to Cleo"":3,""Screaming Trees"":1}","{""Letters to Cleo"":1,""Screaming Trees"":3}",stable_hit
per_question,5a7cf29255429909bec768b8,bridge,hard,The Ingerophrynus gollum is named after a character in a book that sold how many copies?,Ingerophrynus gollum | The Lord of the Rings,2,0,0,"{""Ingerophrynus gollum"":1,""The Lord of the Rings"":6}","{""Ingerophrynus gollum"":2,""The Lord of the Rings"":5}",stable_miss
per_question,5a7cf29255429909bec768b8,bridge,hard,The Ingerophrynus gollum is named after a character in a book that sold how many copies?,Ingerophrynus gollum | The Lord of the Rings,5,0,1,"{""Ingerophrynus gollum"":1,""The Lord of the Rings"":6}","{""Ingerophrynus gollum"":2,""The Lord of the Rings"":5}",rescue
per_question,5a7d19d85542995ed0d165e8,bridge,hard,The Tennessee Volunteers football team plays as a member for a conference in what city?,1984 Tennessee Volunteers football team | Southeastern Conference,2,0,0,"{""1984 Tennessee Volunteers football team"":8,""Southeastern Conference"":10}","{""1984 Tennessee Volunteers football team"":2,""Southeastern Conference"":10}",stable_miss
per_question,5a7d19d85542995ed0d165e8,bridge,hard,The Tennessee Volunteers football team plays as a member for a conference in what city?,1984 Tennessee Volunteers football team | Southeastern Conference,5,0,0,"{""1984 Tennessee Volunteers football team"":8,""Southeastern Conference"":10}","{""1984 Tennessee Volunteers football team"":2,""Southeastern Conference"":10}",stable_miss
per_question,5a7d2afd5542995f4f402221,comparison,hard,"Who is older, Ferdi Taygan or Mahesh Bhupathi?",Ferdi Taygan | Mahesh Bhupathi,2,0,1,"{""Ferdi Taygan"":1,""Mahesh Bhupathi"":3}","{""Ferdi Taygan"":1,""Mahesh Bhupathi"":2}",rescue
per_question,5a7d2afd5542995f4f402221,comparison,hard,"Who is older, Ferdi Taygan or Mahesh Bhupathi?",Ferdi Taygan | Mahesh Bhupathi,5,1,1,"{""Ferdi Taygan"":1,""Mahesh Bhupathi"":3}","{""Ferdi Taygan"":1,""Mahesh Bhupathi"":2}",stable_hit
per_question,5a7d3470554299452d57bb56,bridge,hard,A scam involving a male calling small town fast-food restaurants and pretending to be a police officer to have them strip search employees was turned into a movie of what name?,Compliance (film) | Strip search phone call scam,2,1,1,"{""Compliance (film)"":2,""Strip search phone call scam"":1}","{""Compliance (film)"":2,""Strip search phone call scam"":1}",stable_hit
per_question,5a7d3470554299452d57bb56,bridge,hard,A scam involving a male calling small town fast-food restaurants and pretending to be a police officer to have them strip search employees was turned into a movie of what name?,Compliance (film) | Strip search phone call scam,5,1,1,"{""Compliance (film)"":2,""Strip search phone call scam"":1}","{""Compliance (film)"":2,""Strip search phone call scam"":1}",stable_hit
per_question,5a7d54165542995f4f402256,bridge,hard,"A medieval fortress in Dirleton, East Lothian, Scotland borders on the south side of what coastal area?",Dirleton Castle | Yellowcraigs,2,0,1,"{""Dirleton Castle"":1,""Yellowcraigs"":8}","{""Dirleton Castle"":1,""Yellowcraigs"":2}",rescue
per_question,5a7d54165542995f4f402256,bridge,hard,"A medieval fortress in Dirleton, East Lothian, Scotland borders on the south side of what coastal area?",Dirleton Castle | Yellowcraigs,5,0,1,"{""Dirleton Castle"":1,""Yellowcraigs"":8}","{""Dirleton Castle"":1,""Yellowcraigs"":2}",rescue
per_question,5a7d61775542991319bc93b9,bridge,hard,"During Siege of Bharatpur, which Commander-in-Chief of Ireland and Commander-in-Chief of India contributed to the storming of the castle?","Siege of Bharatpur | Stapleton Cotton, 1st Viscount Combermere",2,0,0,"{""Siege of Bharatpur"":1,""Stapleton Cotton, 1st Viscount Combermere"":3}","{""Siege of Bharatpur"":2,""Stapleton Cotton, 1st Viscount Combermere"":3}",stable_miss
per_question,5a7d61775542991319bc93b9,bridge,hard,"During Siege of Bharatpur, which Commander-in-Chief of Ireland and Commander-in-Chief of India contributed to the storming of the castle?","Siege of Bharatpur | Stapleton Cotton, 1st Viscount Combermere",5,1,1,"{""Siege of Bharatpur"":1,""Stapleton Cotton, 1st Viscount Combermere"":3}","{""Siege of Bharatpur"":2,""Stapleton Cotton, 1st Viscount Combermere"":3}",stable_hit
per_question,5a7dc2495542997cc2c4749a,bridge,hard,"What competition held in Kathmandu, Nepal did Julian Bolling compete in 1984?",1984 South Asian Games | Julian Bolling,2,0,1,"{""1984 South Asian Games"":5,""Julian Bolling"":2}","{""1984 South Asian Games"":2,""Julian Bolling"":1}",rescue
per_question,5a7dc2495542997cc2c4749a,bridge,hard,"What competition held in Kathmandu, Nepal did Julian Bolling compete in 1984?",1984 South Asian Games | Julian Bolling,5,1,1,"{""1984 South Asian Games"":5,""Julian Bolling"":2}","{""1984 South Asian Games"":2,""Julian Bolling"":1}",stable_hit
per_question,5a7dcc775542990b8f503ab5,bridge,hard,Which component of shellite has the formula (ON)CHOH?,Picric acid | Shellite (explosive),2,0,1,"{""Picric acid"":8,""Shellite (explosive)"":1}","{""Picric acid"":2,""Shellite (explosive)"":1}",rescue
per_question,5a7dcc775542990b8f503ab5,bridge,hard,Which component of shellite has the formula (ON)CHOH?,Picric acid | Shellite (explosive),5,0,1,"{""Picric acid"":8,""Shellite (explosive)"":1}","{""Picric acid"":2,""Shellite (explosive)"":1}",rescue
per_question,5a7dd9445542997cc2c474ac,comparison,hard,"Which novelist, J. G. Farrell or Louis Aragon, wrote of the political and human consequences of his country's colonial rule?",J. G. Farrell | Louis Aragon,2,1,1,"{""J. G. Farrell"":1,""Louis Aragon"":2}","{""J. G. Farrell"":1,""Louis Aragon"":2}",stable_hit
per_question,5a7dd9445542997cc2c474ac,comparison,hard,"Which novelist, J. G. Farrell or Louis Aragon, wrote of the political and human consequences of his country's colonial rule?",J. G. Farrell | Louis Aragon,5,1,1,"{""J. G. Farrell"":1,""Louis Aragon"":2}","{""J. G. Farrell"":1,""Louis Aragon"":2}",stable_hit
per_question,5a7ddc5a5542995f4f4022da,bridge,hard,Both Bishop Carroll Catholic High School and Kapaun Mt. Carmel Catholic High School are located in which city in Kansas?,Bishop Carroll Catholic High School | Kapaun Mt. Carmel Catholic High School,2,1,1,"{""Bishop Carroll Catholic High School"":1,""Kapaun Mt. Carmel Catholic High School"":2}","{""Bishop Carroll Catholic High School"":1,""Kapaun Mt. Carmel Catholic High School"":2}",stable_hit
per_question,5a7ddc5a5542995f4f4022da,bridge,hard,Both Bishop Carroll Catholic High School and Kapaun Mt. Carmel Catholic High School are located in which city in Kansas?,Bishop Carroll Catholic High School | Kapaun Mt. Carmel Catholic High School,5,1,1,"{""Bishop Carroll Catholic High School"":1,""Kapaun Mt. Carmel Catholic High School"":2}","{""Bishop Carroll Catholic High School"":1,""Kapaun Mt. Carmel Catholic High School"":2}",stable_hit
per_question,5a7e05ba5542995f4f402392,bridge,hard,For One Night Only was hosted by the man most well-known for hosting what show from 1962 until 1999?,For One Night Only (Irish TV series) | Gay Byrne,2,0,0,"{""For One Night Only (Irish TV series)"":2,""Gay Byrne"":5}","{""For One Night Only (Irish TV series)"":3,""Gay Byrne"":1}",stable_miss
per_question,5a7e05ba5542995f4f402392,bridge,hard,For One Night Only was hosted by the man most well-known for hosting what show from 1962 until 1999?,For One Night Only (Irish TV series) | Gay Byrne,5,1,1,"{""For One Night Only (Irish TV series)"":2,""Gay Byrne"":5}","{""For One Night Only (Irish TV series)"":3,""Gay Byrne"":1}",stable_hit
per_question,5a7e7ed05542991319bc94c2,comparison,hard,"Which magazine is older, Gallery or Dime Magazine?",Dime Magazine | Gallery (magazine),2,1,1,"{""Dime Magazine"":2,""Gallery (magazine)"":1}","{""Dime Magazine"":1,""Gallery (magazine)"":2}",stable_hit
per_question,5a7e7ed05542991319bc94c2,comparison,hard,"Which magazine is older, Gallery or Dime Magazine?",Dime Magazine | Gallery (magazine),5,1,1,"{""Dime Magazine"":2,""Gallery (magazine)"":1}","{""Dime Magazine"":1,""Gallery (magazine)"":2}",stable_hit
per_question,5a7ec61a55429934daa2fc5f,comparison,hard,Are Staten Island Catapult and This Is Elvis both documentaries?,Staten Island Catapult | This Is Elvis,2,0,0,"{""Staten Island Catapult"":1,""This Is Elvis"":4}","{""Staten Island Catapult"":1,""This Is Elvis"":3}",stable_miss
per_question,5a7ec61a55429934daa2fc5f,comparison,hard,Are Staten Island Catapult and This Is Elvis both documentaries?,Staten Island Catapult | This Is Elvis,5,1,1,"{""Staten Island Catapult"":1,""This Is Elvis"":4}","{""Staten Island Catapult"":1,""This Is Elvis"":3}",stable_hit
per_question,5a7ed2c655429930675135e5,bridge,hard,"At the 71st Golden Globe Awards for television in 2013, what achievement did Breaking Bad, police sitcom Brooklyn Nine-Nine and American Hustle attain?",71st Golden Globe Awards | Brooklyn Nine-Nine,2,0,1,"{""71st Golden Globe Awards"":1,""Brooklyn Nine-Nine"":5}","{""71st Golden Globe Awards"":1,""Brooklyn Nine-Nine"":2}",rescue
per_question,5a7ed2c655429930675135e5,bridge,hard,"At the 71st Golden Globe Awards for television in 2013, what achievement did Breaking Bad, police sitcom Brooklyn Nine-Nine and American Hustle attain?",71st Golden Globe Awards | Brooklyn Nine-Nine,5,1,1,"{""71st Golden Globe Awards"":1,""Brooklyn Nine-Nine"":5}","{""71st Golden Globe Awards"":1,""Brooklyn Nine-Nine"":2}",stable_hit
per_question,5a7f113d55429934daa2fcbe,bridge,hard,Which professional baseball player and National 1993 Baseball Hall of Fame inductee is featured in the Greatest Sports Legends anthology? ,Greatest Sports Legends | Reggie Jackson,2,0,1,"{""Greatest Sports Legends"":3,""Reggie Jackson"":7}","{""Greatest Sports Legends"":1,""Reggie Jackson"":2}",rescue
per_question,5a7f113d55429934daa2fcbe,bridge,hard,Which professional baseball player and National 1993 Baseball Hall of Fame inductee is featured in the Greatest Sports Legends anthology? ,Greatest Sports Legends | Reggie Jackson,5,0,1,"{""Greatest Sports Legends"":3,""Reggie Jackson"":7}","{""Greatest Sports Legends"":1,""Reggie Jackson"":2}",rescue
per_question,5a7f5c9f55429969796c1a0f,bridge,hard,The city that contains the Yunnan Provincial Museum is also known by what nickname?,Kunming | Yunnan Provincial Museum,2,0,0,"{""Kunming"":3,""Yunnan Provincial Museum"":1}","{""Kunming"":3,""Yunnan Provincial Museum"":2}",stable_miss
per_question,5a7f5c9f55429969796c1a0f,bridge,hard,The city that contains the Yunnan Provincial Museum is also known by what nickname?,Kunming | Yunnan Provincial Museum,5,1,1,"{""Kunming"":3,""Yunnan Provincial Museum"":1}","{""Kunming"":3,""Yunnan Provincial Museum"":2}",stable_hit
per_question,5a7f6eab5542992097ad2f66,bridge,hard,"What was the name of the 19th century foundry which was located in a village directly across the Hudson River from Westpoint in Putnam County, New York?","Cold Spring, New York | Robert Parker Parrott",2,0,0,"{""Cold Spring, New York"":3,""Robert Parker Parrott"":5}","{""Cold Spring, New York"":1,""Robert Parker Parrott"":10}",stable_miss
per_question,5a7f6eab5542992097ad2f66,bridge,hard,"What was the name of the 19th century foundry which was located in a village directly across the Hudson River from Westpoint in Putnam County, New York?","Cold Spring, New York | Robert Parker Parrott",5,1,0,"{""Cold Spring, New York"":3,""Robert Parker Parrott"":5}","{""Cold Spring, New York"":1,""Robert Parker Parrott"":10}",damage
per_question,5a80071f5542992bc0c4a684,bridge,hard,Alice David is the voice of Lara Croft in a video game developed by which company ?,Alice David | Tomb Raider (2013 video game),2,0,0,"{""Alice David"":1,""Tomb Raider (2013 video game)"":10}","{""Alice David"":1,""Tomb Raider (2013 video game)"":10}",stable_miss
per_question,5a80071f5542992bc0c4a684,bridge,hard,Alice David is the voice of Lara Croft in a video game developed by which company ?,Alice David | Tomb Raider (2013 video game),5,0,0,"{""Alice David"":1,""Tomb Raider (2013 video game)"":10}","{""Alice David"":1,""Tomb Raider (2013 video game)"":10}",stable_miss
per_question,5a8038b55542996402f6a485,bridge,hard,"Jacques Sernas, actor in Fugitive in Trieste, was of what nationality?",Fugitive in Trieste | Jacques Sernas,2,1,1,"{""Fugitive in Trieste"":2,""Jacques Sernas"":1}","{""Fugitive in Trieste"":1,""Jacques Sernas"":2}",stable_hit
per_question,5a8038b55542996402f6a485,bridge,hard,"Jacques Sernas, actor in Fugitive in Trieste, was of what nationality?",Fugitive in Trieste | Jacques Sernas,5,1,1,"{""Fugitive in Trieste"":2,""Jacques Sernas"":1}","{""Fugitive in Trieste"":1,""Jacques Sernas"":2}",stable_hit
per_question,5a80721b554299485f5985ef,bridge,hard,"The Livesey Hal War Memorial commemorates the fallen of which war, that had over 60 million casualties?",Livesey Hall War Memorial | World War II casualties,2,0,0,"{""Livesey Hall War Memorial"":1,""World War II casualties"":10}","{""Livesey Hall War Memorial"":1,""World War II casualties"":8}",stable_miss
per_question,5a80721b554299485f5985ef,bridge,hard,"The Livesey Hal War Memorial commemorates the fallen of which war, that had over 60 million casualties?",Livesey Hall War Memorial | World War II casualties,5,0,0,"{""Livesey Hall War Memorial"":1,""World War II casualties"":10}","{""Livesey Hall War Memorial"":1,""World War II casualties"":8}",stable_miss
per_question,5a80840f554299485f59863b,bridge,hard,What WB supernatrual drama series was Jawbreaker star Rose Mcgowan best known for being in?,Jawbreaker (film) | Rose McGowan,2,1,1,"{""Jawbreaker (film)"":1,""Rose McGowan"":2}","{""Jawbreaker (film)"":2,""Rose McGowan"":1}",stable_hit
per_question,5a80840f554299485f59863b,bridge,hard,What WB supernatrual drama series was Jawbreaker star Rose Mcgowan best known for being in?,Jawbreaker (film) | Rose McGowan,5,1,1,"{""Jawbreaker (film)"":1,""Rose McGowan"":2}","{""Jawbreaker (film)"":2,""Rose McGowan"":1}",stable_hit
per_question,5a8085705542992bc0c4a74b,bridge,hard,Garden Island Naval Chapel is the oldest Chistian chapel of a naval branch of what defence force?,Garden Island Naval Chapel | Royal Australian Navy,2,0,0,"{""Garden Island Naval Chapel"":1,""Royal Australian Navy"":4}","{""Garden Island Naval Chapel"":1,""Royal Australian Navy"":4}",stable_miss
per_question,5a8085705542992bc0c4a74b,bridge,hard,Garden Island Naval Chapel is the oldest Chistian chapel of a naval branch of what defence force?,Garden Island Naval Chapel | Royal Australian Navy,5,1,1,"{""Garden Island Naval Chapel"":1,""Royal Australian Navy"":4}","{""Garden Island Naval Chapel"":1,""Royal Australian Navy"":4}",stable_hit
per_question,5a8099935542996402f6a58b,bridge,hard,"What television thriller anthology did the winner of one Golden Globe, two tony Awards and six Primetime Emmy Awards appear on?",Brian Dennehy | Darkroom (TV series),2,0,0,"{""Brian Dennehy"":6,""Darkroom (TV series)"":3}","{""Brian Dennehy"":1,""Darkroom (TV series)"":8}",stable_miss
per_question,5a8099935542996402f6a58b,bridge,hard,"What television thriller anthology did the winner of one Golden Globe, two tony Awards and six Primetime Emmy Awards appear on?",Brian Dennehy | Darkroom (TV series),5,0,0,"{""Brian Dennehy"":6,""Darkroom (TV series)"":3}","{""Brian Dennehy"":1,""Darkroom (TV series)"":8}",stable_miss
per_question,5a80ad7c5542992097ad3018,bridge,hard,What year did the biographical-comedy-crime film directed by Steven Soderbergh about the highest-level corporate executive whistleblower come out?,Mark Whitacre | The Informant!,2,0,0,"{""Mark Whitacre"":5,""The Informant!"":2}","{""Mark Whitacre"":3,""The Informant!"":1}",stable_miss
per_question,5a80ad7c5542992097ad3018,bridge,hard,What year did the biographical-comedy-crime film directed by Steven Soderbergh about the highest-level corporate executive whistleblower come out?,Mark Whitacre | The Informant!,5,1,1,"{""Mark Whitacre"":5,""The Informant!"":2}","{""Mark Whitacre"":3,""The Informant!"":1}",stable_hit
per_question,5a80aeff5542996402f6a5eb,bridge,hard,"For what ""first"" was Ivory Lee Brown's nephew credited for in Heisman Trophy balloting?",Adrian Peterson | Ivory Lee Brown,2,0,0,"{""Adrian Peterson"":8,""Ivory Lee Brown"":1}","{""Adrian Peterson"":7,""Ivory Lee Brown"":1}",stable_miss
per_question,5a80aeff5542996402f6a5eb,bridge,hard,"For what ""first"" was Ivory Lee Brown's nephew credited for in Heisman Trophy balloting?",Adrian Peterson | Ivory Lee Brown,5,0,0,"{""Adrian Peterson"":8,""Ivory Lee Brown"":1}","{""Adrian Peterson"":7,""Ivory Lee Brown"":1}",stable_miss
per_question,5a80b3a9554299485f5986cc,bridge,hard,Tysons Galleria is located in what county?,"McLean, Virginia | Tysons Galleria",2,0,0,"{""McLean, Virginia"":8,""Tysons Galleria"":1}","{""McLean, Virginia"":6,""Tysons Galleria"":3}",stable_miss
per_question,5a80b3a9554299485f5986cc,bridge,hard,Tysons Galleria is located in what county?,"McLean, Virginia | Tysons Galleria",5,0,0,"{""McLean, Virginia"":8,""Tysons Galleria"":1}","{""McLean, Virginia"":6,""Tysons Galleria"":3}",stable_miss
per_question,5a811152554299260e20a22e,bridge,hard,What party does the House of Commons representative for Congleton belong to?,Congleton (UK Parliament constituency) | Fiona Bruce (politician),2,1,1,"{""Congleton (UK Parliament constituency)"":1,""Fiona Bruce (politician)"":2}","{""Congleton (UK Parliament constituency)"":1,""Fiona Bruce (politician)"":2}",stable_hit
per_question,5a811152554299260e20a22e,bridge,hard,What party does the House of Commons representative for Congleton belong to?,Congleton (UK Parliament constituency) | Fiona Bruce (politician),5,1,1,"{""Congleton (UK Parliament constituency)"":1,""Fiona Bruce (politician)"":2}","{""Congleton (UK Parliament constituency)"":1,""Fiona Bruce (politician)"":2}",stable_hit
per_question,5a8133725542995ce29dcbdb,comparison,hard,"Which writer was from England, Henry Roth or Robert Erskine Childers?",Henry Roth | Robert Erskine Childers,2,0,0,"{""Henry Roth"":3,""Robert Erskine Childers"":1}","{""Henry Roth"":3,""Robert Erskine Childers"":1}",stable_miss
per_question,5a8133725542995ce29dcbdb,comparison,hard,"Which writer was from England, Henry Roth or Robert Erskine Childers?",Henry Roth | Robert Erskine Childers,5,1,1,"{""Henry Roth"":3,""Robert Erskine Childers"":1}","{""Henry Roth"":3,""Robert Erskine Childers"":1}",stable_hit
per_question,5a818387554299260e20a291,bridge,hard,"Based on a True Story... is an album by which country music star, with the single My Eyes?",Based on a True Story... | My Eyes (Blake Shelton song),2,0,1,"{""Based on a True Story..."":3,""My Eyes (Blake Shelton song)"":1}","{""Based on a True Story..."":2,""My Eyes (Blake Shelton song)"":1}",rescue
per_question,5a818387554299260e20a291,bridge,hard,"Based on a True Story... is an album by which country music star, with the single My Eyes?",Based on a True Story... | My Eyes (Blake Shelton song),5,1,1,"{""Based on a True Story..."":3,""My Eyes (Blake Shelton song)"":1}","{""Based on a True Story..."":2,""My Eyes (Blake Shelton song)"":1}",stable_hit
per_question,5a81ebee554299676cceb16d,bridge,hard,What kind of movie directed by F. Javier gutierrez did an Italian model and actress star in?,Matilda Lutz | Rings (2017 film),2,0,1,"{""Matilda Lutz"":3,""Rings (2017 film)"":5}","{""Matilda Lutz"":2,""Rings (2017 film)"":1}",rescue
per_question,5a81ebee554299676cceb16d,bridge,hard,What kind of movie directed by F. Javier gutierrez did an Italian model and actress star in?,Matilda Lutz | Rings (2017 film),5,1,1,"{""Matilda Lutz"":3,""Rings (2017 film)"":5}","{""Matilda Lutz"":2,""Rings (2017 film)"":1}",stable_hit
per_question,5a81ff62554299676cceb1c4,bridge,hard,What type of profession does Ithu Engal Neethi and Shoba Chandrasekhar have in common?,Ithu Engal Neethi | Shoba Chandrasekhar,2,1,1,"{""Ithu Engal Neethi"":1,""Shoba Chandrasekhar"":2}","{""Ithu Engal Neethi"":1,""Shoba Chandrasekhar"":2}",stable_hit
per_question,5a81ff62554299676cceb1c4,bridge,hard,What type of profession does Ithu Engal Neethi and Shoba Chandrasekhar have in common?,Ithu Engal Neethi | Shoba Chandrasekhar,5,1,1,"{""Ithu Engal Neethi"":1,""Shoba Chandrasekhar"":2}","{""Ithu Engal Neethi"":1,""Shoba Chandrasekhar"":2}",stable_hit
per_question,5a825bb455429940e5e1a874,bridge,hard,Folie à Deux is a studio album by the American rock band formed in which city?,Fall Out Boy | Folie à Deux (album),2,0,0,"{""Fall Out Boy"":10,""Folie à Deux (album)"":1}","{""Fall Out Boy"":9,""Folie à Deux (album)"":1}",stable_miss
per_question,5a825bb455429940e5e1a874,bridge,hard,Folie à Deux is a studio album by the American rock band formed in which city?,Fall Out Boy | Folie à Deux (album),5,0,0,"{""Fall Out Boy"":10,""Folie à Deux (album)"":1}","{""Fall Out Boy"":9,""Folie à Deux (album)"":1}",stable_miss
per_question,5a828c8355429966c78a6a50,bridge,hard,Kaiser Ventures corporation was founded by an American industrialist who became known as the father of modern American shipbuilding?,Henry J. Kaiser | Kaiser Ventures,2,0,1,"{""Henry J. Kaiser"":1,""Kaiser Ventures"":3}","{""Henry J. Kaiser"":1,""Kaiser Ventures"":2}",rescue
per_question,5a828c8355429966c78a6a50,bridge,hard,Kaiser Ventures corporation was founded by an American industrialist who became known as the father of modern American shipbuilding?,Henry J. Kaiser | Kaiser Ventures,5,1,1,"{""Henry J. Kaiser"":1,""Kaiser Ventures"":3}","{""Henry J. Kaiser"":1,""Kaiser Ventures"":2}",stable_hit
per_question,5a8324815542990548d0b184,bridge,hard,Dead but Rising was a song by the Danish band fomed in what city in 2001?,Dead but Rising | Volbeat,2,0,0,"{""Dead but Rising"":1,""Volbeat"":6}","{""Dead but Rising"":1,""Volbeat"":4}",stable_miss
per_question,5a8324815542990548d0b184,bridge,hard,Dead but Rising was a song by the Danish band fomed in what city in 2001?,Dead but Rising | Volbeat,5,0,1,"{""Dead but Rising"":1,""Volbeat"":6}","{""Dead but Rising"":1,""Volbeat"":4}",rescue
per_question,5a8325b35542990548d0b18f,bridge,hard,"Who held the record for the longest service in the Australian Parliament for a woman, and was surpassed by  a former Australian politician who was the 29th Speaker of the House of Representatives?",Bronwyn Bishop | Kathy Sullivan (Australian politician),2,0,1,"{""Bronwyn Bishop"":5,""Kathy Sullivan (Australian politician)"":1}","{""Bronwyn Bishop"":2,""Kathy Sullivan (Australian politician)"":1}",rescue
per_question,5a8325b35542990548d0b18f,bridge,hard,"Who held the record for the longest service in the Australian Parliament for a woman, and was surpassed by  a former Australian politician who was the 29th Speaker of the House of Representatives?",Bronwyn Bishop | Kathy Sullivan (Australian politician),5,1,1,"{""Bronwyn Bishop"":5,""Kathy Sullivan (Australian politician)"":1}","{""Bronwyn Bishop"":2,""Kathy Sullivan (Australian politician)"":1}",stable_hit
per_question,5a834ed95542990548d0b1ca,comparison,hard,"Which tower is taller, 712 Fifth Avenue or Manhattan Life Insurance Building?",712 Fifth Avenue | Manhattan Life Insurance Building,2,0,0,"{""712 Fifth Avenue"":4,""Manhattan Life Insurance Building"":1}","{""712 Fifth Avenue"":1,""Manhattan Life Insurance Building"":3}",stable_miss
per_question,5a834ed95542990548d0b1ca,comparison,hard,"Which tower is taller, 712 Fifth Avenue or Manhattan Life Insurance Building?",712 Fifth Avenue | Manhattan Life Insurance Building,5,1,1,"{""712 Fifth Avenue"":4,""Manhattan Life Insurance Building"":1}","{""712 Fifth Avenue"":1,""Manhattan Life Insurance Building"":3}",stable_hit
per_question,5a835478554299123d8c20ed,bridge,hard,How many copies of Roald Dahl's variation on a popular anecdote sold?,Mrs. Bixby and the Colonel's Coat | Roald Dahl,2,0,1,"{""Mrs. Bixby and the Colonel's Coat"":7,""Roald Dahl"":1}","{""Mrs. Bixby and the Colonel's Coat"":2,""Roald Dahl"":1}",rescue
per_question,5a835478554299123d8c20ed,bridge,hard,How many copies of Roald Dahl's variation on a popular anecdote sold?,Mrs. Bixby and the Colonel's Coat | Roald Dahl,5,0,1,"{""Mrs. Bixby and the Colonel's Coat"":7,""Roald Dahl"":1}","{""Mrs. Bixby and the Colonel's Coat"":2,""Roald Dahl"":1}",rescue
per_question,5a835c9f5542992ef85e228a,bridge,hard,What army did the namesake of the ship launched as the München in 1930 fight in during the American Revolutionary War?,Friedrich Wilhelm von Steuben | SS General von Steuben,2,0,0,"{""Friedrich Wilhelm von Steuben"":4,""SS General von Steuben"":1}","{""Friedrich Wilhelm von Steuben"":9,""SS General von Steuben"":1}",stable_miss
per_question,5a835c9f5542992ef85e228a,bridge,hard,What army did the namesake of the ship launched as the München in 1930 fight in during the American Revolutionary War?,Friedrich Wilhelm von Steuben | SS General von Steuben,5,1,0,"{""Friedrich Wilhelm von Steuben"":4,""SS General von Steuben"":1}","{""Friedrich Wilhelm von Steuben"":9,""SS General von Steuben"":1}",damage
per_question,5a8361b65542992ef85e22a0,bridge,hard,Vince Phillips held a junior welterweight title by an organization recognized by what larger Hall of Fame?,International Boxing Federation | Vince Phillips,2,0,1,"{""International Boxing Federation"":9,""Vince Phillips"":1}","{""International Boxing Federation"":2,""Vince Phillips"":1}",rescue
per_question,5a8361b65542992ef85e22a0,bridge,hard,Vince Phillips held a junior welterweight title by an organization recognized by what larger Hall of Fame?,International Boxing Federation | Vince Phillips,5,0,1,"{""International Boxing Federation"":9,""Vince Phillips"":1}","{""International Boxing Federation"":2,""Vince Phillips"":1}",rescue
per_question,5a837d9a554299123d8c213e,bridge,hard,"Which cast member of Alice Upside Down also stars in the ABC Family/Freeform drama ""Switched at Birth?""",Alice Upside Down | Lucas Grabeel,2,0,0,"{""Alice Upside Down"":1,""Lucas Grabeel"":9}","{""Alice Upside Down"":1,""Lucas Grabeel"":8}",stable_miss
per_question,5a837d9a554299123d8c213e,bridge,hard,"Which cast member of Alice Upside Down also stars in the ABC Family/Freeform drama ""Switched at Birth?""",Alice Upside Down | Lucas Grabeel,5,0,0,"{""Alice Upside Down"":1,""Lucas Grabeel"":9}","{""Alice Upside Down"":1,""Lucas Grabeel"":8}",stable_miss
per_question,5a83880e554299123d8c214e,bridge,hard,Suicide's 1977 released album features a song based on what brand's comic character?,Ghost Rider (Suicide song) | Suicide (1977 album),2,1,1,"{""Ghost Rider (Suicide song)"":2,""Suicide (1977 album)"":1}","{""Ghost Rider (Suicide song)"":1,""Suicide (1977 album)"":2}",stable_hit
per_question,5a83880e554299123d8c214e,bridge,hard,Suicide's 1977 released album features a song based on what brand's comic character?,Ghost Rider (Suicide song) | Suicide (1977 album),5,1,1,"{""Ghost Rider (Suicide song)"":2,""Suicide (1977 album)"":1}","{""Ghost Rider (Suicide song)"":1,""Suicide (1977 album)"":2}",stable_hit
per_question,5a83a532554299334474606f,bridge,hard,Where did Ian Harland study prior to studying at the oldest college at the University of Cambridge?,"Ian Harland | Peterhouse, Cambridge",2,1,1,"{""Ian Harland"":1,""Peterhouse, Cambridge"":2}","{""Ian Harland"":1,""Peterhouse, Cambridge"":2}",stable_hit
per_question,5a83a532554299334474606f,bridge,hard,Where did Ian Harland study prior to studying at the oldest college at the University of Cambridge?,"Ian Harland | Peterhouse, Cambridge",5,1,1,"{""Ian Harland"":1,""Peterhouse, Cambridge"":2}","{""Ian Harland"":1,""Peterhouse, Cambridge"":2}",stable_hit
per_question,5a83aaeb5542996488c2e483,bridge,hard,What studio album did Kanye West record with Roc-A-Fella Records and soul singer Dwele?,My Beautiful Dark Twisted Fantasy | Power (Kanye West song),2,0,0,"{""My Beautiful Dark Twisted Fantasy"":6,""Power (Kanye West song)"":7}","{""My Beautiful Dark Twisted Fantasy"":3,""Power (Kanye West song)"":6}",stable_miss
per_question,5a83aaeb5542996488c2e483,bridge,hard,What studio album did Kanye West record with Roc-A-Fella Records and soul singer Dwele?,My Beautiful Dark Twisted Fantasy | Power (Kanye West song),5,0,0,"{""My Beautiful Dark Twisted Fantasy"":6,""Power (Kanye West song)"":7}","{""My Beautiful Dark Twisted Fantasy"":3,""Power (Kanye West song)"":6}",stable_miss
per_question,5a8463545542990548d0b2a3,bridge,hard,What was the position of Jean Baptiste Androuet du Cerceau under the man who was King of the Polish-Lithuanian Commonwealth from 1573 to 1575?,Henry III of France | Jean Baptiste Androuet du Cerceau,2,0,0,"{""Henry III of France"":6,""Jean Baptiste Androuet du Cerceau"":7}","{""Henry III of France"":3,""Jean Baptiste Androuet du Cerceau"":1}",stable_miss
per_question,5a8463545542990548d0b2a3,bridge,hard,What was the position of Jean Baptiste Androuet du Cerceau under the man who was King of the Polish-Lithuanian Commonwealth from 1573 to 1575?,Henry III of France | Jean Baptiste Androuet du Cerceau,5,0,1,"{""Henry III of France"":6,""Jean Baptiste Androuet du Cerceau"":7}","{""Henry III of France"":3,""Jean Baptiste Androuet du Cerceau"":1}",rescue
per_question,5a84873e5542997175ce1eec,bridge,hard,What edition of tennis' US Open was the 2017 US Open when Petra Kvitova was a quarterfinalist?,2017 US Open (tennis) | Petra Kvitová career statistics,2,0,0,"{""2017 US Open (tennis)"":1,""Petra Kvitová career statistics"":3}","{""2017 US Open (tennis)"":1,""Petra Kvitová career statistics"":3}",stable_miss
per_question,5a84873e5542997175ce1eec,bridge,hard,What edition of tennis' US Open was the 2017 US Open when Petra Kvitova was a quarterfinalist?,2017 US Open (tennis) | Petra Kvitová career statistics,5,1,1,"{""2017 US Open (tennis)"":1,""Petra Kvitová career statistics"":3}","{""2017 US Open (tennis)"":1,""Petra Kvitová career statistics"":3}",stable_hit
per_question,5a8488f45542992a431d1a47,bridge,hard,"Who wrote The Devils, and was an eninent English theater, opera and film director?",Peter Hall (director) | The Devils (play),2,0,1,"{""Peter Hall (director)"":3,""The Devils (play)"":1}","{""Peter Hall (director)"":2,""The Devils (play)"":1}",rescue
per_question,5a8488f45542992a431d1a47,bridge,hard,"Who wrote The Devils, and was an eninent English theater, opera and film director?",Peter Hall (director) | The Devils (play),5,1,1,"{""Peter Hall (director)"":3,""The Devils (play)"":1}","{""Peter Hall (director)"":2,""The Devils (play)"":1}",stable_hit
per_question,5a84c4135542994c784dda31,comparison,hard,Are Yingkou and Fuding the same level of city?,Fuding | Yingkou,2,0,0,"{""Fuding"":7,""Yingkou"":1}","{""Fuding"":10,""Yingkou"":1}",stable_miss
per_question,5a84c4135542994c784dda31,comparison,hard,Are Yingkou and Fuding the same level of city?,Fuding | Yingkou,5,0,0,"{""Fuding"":7,""Yingkou"":1}","{""Fuding"":10,""Yingkou"":1}",stable_miss
per_question,5a8574945542997b5ce3fffb,comparison,hard,"Which film was Oscar nominated, LaLee's Kin: The Legacy of Cotton or Gimme Shelter, the 1970 Rolling Stones documentary?",Gimme Shelter (1970 film) | LaLee's Kin: The Legacy of Cotton,2,1,1,"{""Gimme Shelter (1970 film)"":2,""LaLee's Kin: The Legacy of Cotton"":1}","{""Gimme Shelter (1970 film)"":2,""LaLee's Kin: The Legacy of Cotton"":1}",stable_hit
per_question,5a8574945542997b5ce3fffb,comparison,hard,"Which film was Oscar nominated, LaLee's Kin: The Legacy of Cotton or Gimme Shelter, the 1970 Rolling Stones documentary?",Gimme Shelter (1970 film) | LaLee's Kin: The Legacy of Cotton,5,1,1,"{""Gimme Shelter (1970 film)"":2,""LaLee's Kin: The Legacy of Cotton"":1}","{""Gimme Shelter (1970 film)"":2,""LaLee's Kin: The Legacy of Cotton"":1}",stable_hit
per_question,5a85ab905542994c784ddb35,bridge,hard,"Two positions were filled in The Voice of Ireland b which British-Irish girl group based in London, England?",The Saturdays | The Voice of Ireland (series 4),2,0,1,"{""The Saturdays"":3,""The Voice of Ireland (series 4)"":1}","{""The Saturdays"":2,""The Voice of Ireland (series 4)"":1}",rescue
per_question,5a85ab905542994c784ddb35,bridge,hard,"Two positions were filled in The Voice of Ireland b which British-Irish girl group based in London, England?",The Saturdays | The Voice of Ireland (series 4),5,1,1,"{""The Saturdays"":3,""The Voice of Ireland (series 4)"":1}","{""The Saturdays"":2,""The Voice of Ireland (series 4)"":1}",stable_hit
per_question,5a85b2d95542997b5ce40028,bridge,hard,Who was known by his stage name Aladin and helped organizations improve their performance as a consultant?,Eenasul Fateh | Management consulting,2,1,1,"{""Eenasul Fateh"":1,""Management consulting"":2}","{""Eenasul Fateh"":1,""Management consulting"":2}",stable_hit
per_question,5a85b2d95542997b5ce40028,bridge,hard,Who was known by his stage name Aladin and helped organizations improve their performance as a consultant?,Eenasul Fateh | Management consulting,5,1,1,"{""Eenasul Fateh"":1,""Management consulting"":2}","{""Eenasul Fateh"":1,""Management consulting"":2}",stable_hit
per_question,5a85c3a15542992a431d1b97,bridge,hard,Snowdrop is a proprietary game engine first revealed with an online-only action role-playing video game developed by who?,Snowdrop (game engine) | Tom Clancy's The Division,2,0,1,"{""Snowdrop (game engine)"":1,""Tom Clancy's The Division"":6}","{""Snowdrop (game engine)"":1,""Tom Clancy's The Division"":2}",rescue
per_question,5a85c3a15542992a431d1b97,bridge,hard,Snowdrop is a proprietary game engine first revealed with an online-only action role-playing video game developed by who?,Snowdrop (game engine) | Tom Clancy's The Division,5,0,1,"{""Snowdrop (game engine)"":1,""Tom Clancy's The Division"":6}","{""Snowdrop (game engine)"":1,""Tom Clancy's The Division"":2}",rescue
per_question,5a85cead5542991dd0999ea9,bridge,hard,What arcade game is named after the only player in major league history to have a 0.300 batting average for 7 consecutive seasons?,Frank Thomas (designated hitter) | Frank Thomas' Big Hurt,2,0,0,"{""Frank Thomas (designated hitter)"":6,""Frank Thomas' Big Hurt"":10}","{""Frank Thomas (designated hitter)"":1,""Frank Thomas' Big Hurt"":10}",stable_miss
per_question,5a85cead5542991dd0999ea9,bridge,hard,What arcade game is named after the only player in major league history to have a 0.300 batting average for 7 consecutive seasons?,Frank Thomas (designated hitter) | Frank Thomas' Big Hurt,5,0,0,"{""Frank Thomas (designated hitter)"":6,""Frank Thomas' Big Hurt"":10}","{""Frank Thomas (designated hitter)"":1,""Frank Thomas' Big Hurt"":10}",stable_miss
per_question,5a85dfcc5542994775f60673,bridge,hard,"What South Korean actor was a member of the pop duo TVXQ and stared in Heading to the Ground, a 2009 MBC television series?",Heading to the Ground | Yunho,2,0,0,"{""Heading to the Ground"":10,""Yunho"":3}","{""Heading to the Ground"":1,""Yunho"":4}",stable_miss
per_question,5a85dfcc5542994775f60673,bridge,hard,"What South Korean actor was a member of the pop duo TVXQ and stared in Heading to the Ground, a 2009 MBC television series?",Heading to the Ground | Yunho,5,0,1,"{""Heading to the Ground"":10,""Yunho"":3}","{""Heading to the Ground"":1,""Yunho"":4}",rescue
per_question,5a85ea095542994775f606a8,bridge,hard,"What science fantasy young adult series, told in first person, has a set of companion books narrating the stories of enslaved worlds and alien species?",Animorphs | The Hork-Bajir Chronicles,2,0,0,"{""Animorphs"":2,""The Hork-Bajir Chronicles"":3}","{""Animorphs"":1,""The Hork-Bajir Chronicles"":3}",stable_miss
per_question,5a85ea095542994775f606a8,bridge,hard,"What science fantasy young adult series, told in first person, has a set of companion books narrating the stories of enslaved worlds and alien species?",Animorphs | The Hork-Bajir Chronicles,5,1,1,"{""Animorphs"":2,""The Hork-Bajir Chronicles"":3}","{""Animorphs"":1,""The Hork-Bajir Chronicles"":3}",stable_hit
per_question,5a85eed75542996432c5713b,bridge,hard,Where did the descendants of the group of black Indians associated with the Seminole people settle?,Black Seminoles | Mascogos,2,0,1,"{""Black Seminoles"":1,""Mascogos"":5}","{""Black Seminoles"":1,""Mascogos"":2}",rescue
per_question,5a85eed75542996432c5713b,bridge,hard,Where did the descendants of the group of black Indians associated with the Seminole people settle?,Black Seminoles | Mascogos,5,1,1,"{""Black Seminoles"":1,""Mascogos"":5}","{""Black Seminoles"":1,""Mascogos"":2}",stable_hit
per_question,5a85fb085542994775f606de,bridge,hard,What is the name of the executive producer of the film that has a score composed by Jerry Goldsmith?,Alien (film) | Alien (soundtrack),2,0,0,"{""Alien (film)"":9,""Alien (soundtrack)"":2}","{""Alien (film)"":10,""Alien (soundtrack)"":1}",stable_miss
per_question,5a85fb085542994775f606de,bridge,hard,What is the name of the executive producer of the film that has a score composed by Jerry Goldsmith?,Alien (film) | Alien (soundtrack),5,0,0,"{""Alien (film)"":9,""Alien (soundtrack)"":2}","{""Alien (film)"":10,""Alien (soundtrack)"":1}",stable_miss
per_question,5a864ff7554299211dda2af2,bridge,hard,"Yoann Lemoine, a French video director, has created music videos for Lana Del Rey, Katy Perry, and an orchestral country pop ballad by which top pop artist?",Back to December | Yoann Lemoine,2,0,0,"{""Back to December"":10,""Yoann Lemoine"":1}","{""Back to December"":10,""Yoann Lemoine"":1}",stable_miss
per_question,5a864ff7554299211dda2af2,bridge,hard,"Yoann Lemoine, a French video director, has created music videos for Lana Del Rey, Katy Perry, and an orchestral country pop ballad by which top pop artist?",Back to December | Yoann Lemoine,5,0,0,"{""Back to December"":10,""Yoann Lemoine"":1}","{""Back to December"":10,""Yoann Lemoine"":1}",stable_miss
per_question,5a867089554299211dda2b30,comparison,hard,"Which magazine is published more often, Shonen Jump or Rolling Stone?",Rolling Stone | Shonen Jump (magazine),2,0,0,"{""Rolling Stone"":3,""Shonen Jump (magazine)"":1}","{""Rolling Stone"":3,""Shonen Jump (magazine)"":1}",stable_miss
per_question,5a867089554299211dda2b30,comparison,hard,"Which magazine is published more often, Shonen Jump or Rolling Stone?",Rolling Stone | Shonen Jump (magazine),5,1,1,"{""Rolling Stone"":3,""Shonen Jump (magazine)"":1}","{""Rolling Stone"":3,""Shonen Jump (magazine)"":1}",stable_hit
per_question,5a86769c5542994775f60776,bridge,hard,Armageddon in Retrospect was written by the author who was best known for what 1969 satire novel?,Armageddon in Retrospect | Kurt Vonnegut,2,1,1,"{""Armageddon in Retrospect"":1,""Kurt Vonnegut"":2}","{""Armageddon in Retrospect"":1,""Kurt Vonnegut"":2}",stable_hit
per_question,5a86769c5542994775f60776,bridge,hard,Armageddon in Retrospect was written by the author who was best known for what 1969 satire novel?,Armageddon in Retrospect | Kurt Vonnegut,5,1,1,"{""Armageddon in Retrospect"":1,""Kurt Vonnegut"":2}","{""Armageddon in Retrospect"":1,""Kurt Vonnegut"":2}",stable_hit
per_question,5a86ebac55429960ec39b6d6,bridge,hard,"Handi-Snacks are a snack food product line sold by what American multinational confectionery, food, and beverage company that is based in Illinois?",Handi-Snacks | Mondelez International,2,1,1,"{""Handi-Snacks"":1,""Mondelez International"":2}","{""Handi-Snacks"":1,""Mondelez International"":2}",stable_hit
per_question,5a86ebac55429960ec39b6d6,bridge,hard,"Handi-Snacks are a snack food product line sold by what American multinational confectionery, food, and beverage company that is based in Illinois?",Handi-Snacks | Mondelez International,5,1,1,"{""Handi-Snacks"":1,""Mondelez International"":2}","{""Handi-Snacks"":1,""Mondelez International"":2}",stable_hit
per_question,5a8704f8554299211dda2ba4,bridge,hard,What is the name of the Isles who were led by Aonghus Mór and covered a total land area of over 8300 km2?,Aonghus Mór | Kingdom of the Isles,2,0,0,"{""Aonghus Mór"":3,""Kingdom of the Isles"":1}","{""Aonghus Mór"":1,""Kingdom of the Isles"":3}",stable_miss
per_question,5a8704f8554299211dda2ba4,bridge,hard,What is the name of the Isles who were led by Aonghus Mór and covered a total land area of over 8300 km2?,Aonghus Mór | Kingdom of the Isles,5,1,1,"{""Aonghus Mór"":3,""Kingdom of the Isles"":1}","{""Aonghus Mór"":1,""Kingdom of the Isles"":3}",stable_hit
per_question,5a8739a05542994775f607ab,bridge,hard,What is the birthplace of the Senator who represents the first of 62 districts in the State Senate?,Kenneth LaValle | New York's 1st State Senate district,2,0,0,"{""Kenneth LaValle"":6,""New York's 1st State Senate district"":1}","{""Kenneth LaValle"":5,""New York's 1st State Senate district"":1}",stable_miss
per_question,5a8739a05542994775f607ab,bridge,hard,What is the birthplace of the Senator who represents the first of 62 districts in the State Senate?,Kenneth LaValle | New York's 1st State Senate district,5,0,1,"{""Kenneth LaValle"":6,""New York's 1st State Senate district"":1}","{""Kenneth LaValle"":5,""New York's 1st State Senate district"":1}",rescue
per_question,5a874ce15542996432c57256,bridge,hard,Where was the person born who was recognized by MIAL and is an American soprano?,Leontyne Price | Mississippi Institute of Arts and Letters,2,0,0,"{""Leontyne Price"":1,""Mississippi Institute of Arts and Letters"":5}","{""Leontyne Price"":1,""Mississippi Institute of Arts and Letters"":3}",stable_miss
per_question,5a874ce15542996432c57256,bridge,hard,Where was the person born who was recognized by MIAL and is an American soprano?,Leontyne Price | Mississippi Institute of Arts and Letters,5,1,1,"{""Leontyne Price"":1,""Mississippi Institute of Arts and Letters"":5}","{""Leontyne Price"":1,""Mississippi Institute of Arts and Letters"":3}",stable_hit
per_question,5a877e5d5542993e715abf7d,bridge,hard,"What screenwriter with credits for ""Evolution"" co-wrote a film starring Nicolas Cage and Téa Leoni?",David Weissman | The Family Man,2,1,1,"{""David Weissman"":1,""The Family Man"":2}","{""David Weissman"":2,""The Family Man"":1}",stable_hit
per_question,5a877e5d5542993e715abf7d,bridge,hard,"What screenwriter with credits for ""Evolution"" co-wrote a film starring Nicolas Cage and Téa Leoni?",David Weissman | The Family Man,5,1,1,"{""David Weissman"":1,""The Family Man"":2}","{""David Weissman"":2,""The Family Man"":1}",stable_hit
per_question,5a8799c55542996e4f308877,bridge,hard,"Jens Risom introduced what type of design, characterized by minimalism and functionality?",Jens Risom | Scandinavian design,2,1,1,"{""Jens Risom"":1,""Scandinavian design"":2}","{""Jens Risom"":1,""Scandinavian design"":2}",stable_hit
per_question,5a8799c55542996e4f308877,bridge,hard,"Jens Risom introduced what type of design, characterized by minimalism and functionality?",Jens Risom | Scandinavian design,5,1,1,"{""Jens Risom"":1,""Scandinavian design"":2}","{""Jens Risom"":1,""Scandinavian design"":2}",stable_hit
per_question,5a879adb5542996e4f30887f,bridge,hard,What other political position did the person who introduced the DISCLOSE Act hold?,Chris Van Hollen | DISCLOSE Act,2,0,0,"{""Chris Van Hollen"":8,""DISCLOSE Act"":1}","{""Chris Van Hollen"":10,""DISCLOSE Act"":1}",stable_miss
per_question,5a879adb5542996e4f30887f,bridge,hard,What other political position did the person who introduced the DISCLOSE Act hold?,Chris Van Hollen | DISCLOSE Act,5,0,0,"{""Chris Van Hollen"":8,""DISCLOSE Act"":1}","{""Chris Van Hollen"":10,""DISCLOSE Act"":1}",stable_miss
per_question,5a879ba55542993e715abfc3,comparison,hard,"Which director had the longest career, Alain Resnais or Scott Sidney?",Alain Resnais | Scott Sidney,2,1,1,"{""Alain Resnais"":2,""Scott Sidney"":1}","{""Alain Resnais"":1,""Scott Sidney"":2}",stable_hit
per_question,5a879ba55542993e715abfc3,comparison,hard,"Which director had the longest career, Alain Resnais or Scott Sidney?",Alain Resnais | Scott Sidney,5,1,1,"{""Alain Resnais"":2,""Scott Sidney"":1}","{""Alain Resnais"":1,""Scott Sidney"":2}",stable_hit
per_question,5a87ab905542996e4f3088c1,bridge,hard,The arena where the Lewiston Maineiacs played their home games can seat how many people?,Androscoggin Bank Colisée | Lewiston Maineiacs,2,0,0,"{""Androscoggin Bank Colisée"":3,""Lewiston Maineiacs"":1}","{""Androscoggin Bank Colisée"":2,""Lewiston Maineiacs"":3}",stable_miss
per_question,5a87ab905542996e4f3088c1,bridge,hard,The arena where the Lewiston Maineiacs played their home games can seat how many people?,Androscoggin Bank Colisée | Lewiston Maineiacs,5,1,1,"{""Androscoggin Bank Colisée"":3,""Lewiston Maineiacs"":1}","{""Androscoggin Bank Colisée"":2,""Lewiston Maineiacs"":3}",stable_hit
per_question,5a87ab9b5542996e4f3088c2,bridge,hard,"In what century did this Native warrior and chief, whose brother Tenskwatawa led the Tippecanoe order of battle, become the primary leader of a large, multi tribal confederacy?",Tecumseh | Tippecanoe order of battle,2,0,0,"{""Tecumseh"":4,""Tippecanoe order of battle"":1}","{""Tecumseh"":5,""Tippecanoe order of battle"":3}",stable_miss
per_question,5a87ab9b5542996e4f3088c2,bridge,hard,"In what century did this Native warrior and chief, whose brother Tenskwatawa led the Tippecanoe order of battle, become the primary leader of a large, multi tribal confederacy?",Tecumseh | Tippecanoe order of battle,5,1,1,"{""Tecumseh"":4,""Tippecanoe order of battle"":1}","{""Tecumseh"":5,""Tippecanoe order of battle"":3}",stable_hit
per_question,5a87bada5542994846c1cddc,bridge,hard,In which city are the headquarters of the American research and scientific development company where Ravi Sethi worked as computer scientist located?,Bell Labs | Ravi Sethi,2,0,1,"{""Bell Labs"":6,""Ravi Sethi"":1}","{""Bell Labs"":2,""Ravi Sethi"":1}",rescue
per_question,5a87bada5542994846c1cddc,bridge,hard,In which city are the headquarters of the American research and scientific development company where Ravi Sethi worked as computer scientist located?,Bell Labs | Ravi Sethi,5,0,1,"{""Bell Labs"":6,""Ravi Sethi"":1}","{""Bell Labs"":2,""Ravi Sethi"":1}",rescue
per_question,5a87c13f5542996e4f30890c,bridge,hard,"In what city did the ""Prince of tenors"" star in a film based on an opera by Giacomo Puccini?",Franco Corelli | Tosca (1956 film),2,0,0,"{""Franco Corelli"":5,""Tosca (1956 film)"":10}","{""Franco Corelli"":1,""Tosca (1956 film)"":3}",stable_miss
per_question,5a87c13f5542996e4f30890c,bridge,hard,"In what city did the ""Prince of tenors"" star in a film based on an opera by Giacomo Puccini?",Franco Corelli | Tosca (1956 film),5,0,1,"{""Franco Corelli"":5,""Tosca (1956 film)"":10}","{""Franco Corelli"":1,""Tosca (1956 film)"":3}",rescue
per_question,5a87d8215542994775f60800,bridge,hard,"This American crime film set in South Los Angeles was written and directed by the same director and writer of screenwriter of ""Street Kings"", ""End of Watch"", ""Sabotage"", ""Fury"" and what other film? ",David Ayer | Harsh Times,2,0,0,"{""David Ayer"":4,""Harsh Times"":5}","{""David Ayer"":4,""Harsh Times"":1}",stable_miss
per_question,5a87d8215542994775f60800,bridge,hard,"This American crime film set in South Los Angeles was written and directed by the same director and writer of screenwriter of ""Street Kings"", ""End of Watch"", ""Sabotage"", ""Fury"" and what other film? ",David Ayer | Harsh Times,5,1,1,"{""David Ayer"":4,""Harsh Times"":5}","{""David Ayer"":4,""Harsh Times"":1}",stable_hit
per_question,5a88658955429938390d3f47,bridge,hard,Rostker v. Goldberg held that the practice of what way of filling armed forces vacancies was consitutional?,Conscription in the United States | Rostker v. Goldberg,2,0,1,"{""Conscription in the United States"":6,""Rostker v. Goldberg"":1}","{""Conscription in the United States"":2,""Rostker v. Goldberg"":1}",rescue
per_question,5a88658955429938390d3f47,bridge,hard,Rostker v. Goldberg held that the practice of what way of filling armed forces vacancies was consitutional?,Conscription in the United States | Rostker v. Goldberg,5,0,1,"{""Conscription in the United States"":6,""Rostker v. Goldberg"":1}","{""Conscription in the United States"":2,""Rostker v. Goldberg"":1}",rescue
per_question,5a886886554299206df2b258,bridge,hard,"What is the international football competition for women that Liu Ailing played in the 1991,1995, 1999 editions?",FIFA Women's World Cup | Liu Ailing,2,0,1,"{""FIFA Women's World Cup"":4,""Liu Ailing"":1}","{""FIFA Women's World Cup"":2,""Liu Ailing"":1}",rescue
per_question,5a886886554299206df2b258,bridge,hard,"What is the international football competition for women that Liu Ailing played in the 1991,1995, 1999 editions?",FIFA Women's World Cup | Liu Ailing,5,1,1,"{""FIFA Women's World Cup"":4,""Liu Ailing"":1}","{""FIFA Women's World Cup"":2,""Liu Ailing"":1}",stable_hit
per_question,5a887bc0554299206df2b2b6,bridge,hard,The Argentine PGA Championship record holder has won how many tournaments worldwide?,Argentine PGA Championship | Roberto De Vicenzo,2,1,1,"{""Argentine PGA Championship"":1,""Roberto De Vicenzo"":2}","{""Argentine PGA Championship"":1,""Roberto De Vicenzo"":2}",stable_hit
per_question,5a887bc0554299206df2b2b6,bridge,hard,The Argentine PGA Championship record holder has won how many tournaments worldwide?,Argentine PGA Championship | Roberto De Vicenzo,5,1,1,"{""Argentine PGA Championship"":1,""Roberto De Vicenzo"":2}","{""Argentine PGA Championship"":1,""Roberto De Vicenzo"":2}",stable_hit
per_question,5a88a4245542997e5c09a668,bridge,hard,What company did Roscoe Channing form with the owner of a leading stable of thoroughbred racehorses?,Cornelius Vanderbilt Whitney | Roscoe Channing,2,1,1,"{""Cornelius Vanderbilt Whitney"":2,""Roscoe Channing"":1}","{""Cornelius Vanderbilt Whitney"":2,""Roscoe Channing"":1}",stable_hit
per_question,5a88a4245542997e5c09a668,bridge,hard,What company did Roscoe Channing form with the owner of a leading stable of thoroughbred racehorses?,Cornelius Vanderbilt Whitney | Roscoe Channing,5,1,1,"{""Cornelius Vanderbilt Whitney"":2,""Roscoe Channing"":1}","{""Cornelius Vanderbilt Whitney"":2,""Roscoe Channing"":1}",stable_hit
per_question,5a88d745554299206df2b378,comparison,hard,What occupation was shared by David Yates and Pietro Germi?,David Yates | Pietro Germi,2,1,1,"{""David Yates"":2,""Pietro Germi"":1}","{""David Yates"":2,""Pietro Germi"":1}",stable_hit
per_question,5a88d745554299206df2b378,comparison,hard,What occupation was shared by David Yates and Pietro Germi?,David Yates | Pietro Germi,5,1,1,"{""David Yates"":2,""Pietro Germi"":1}","{""David Yates"":2,""Pietro Germi"":1}",stable_hit
per_question,5a88dcf9554299206df2b383,bridge,hard,"What country does Hatton Hill and Hatton Castle, Angus have in common?","Hatton Castle, Angus | Hatton Hill",2,1,1,"{""Hatton Castle, Angus"":2,""Hatton Hill"":1}","{""Hatton Castle, Angus"":2,""Hatton Hill"":1}",stable_hit
per_question,5a88dcf9554299206df2b383,bridge,hard,"What country does Hatton Hill and Hatton Castle, Angus have in common?","Hatton Castle, Angus | Hatton Hill",5,1,1,"{""Hatton Castle, Angus"":2,""Hatton Hill"":1}","{""Hatton Castle, Angus"":2,""Hatton Hill"":1}",stable_hit
per_question,5a88e605554299206df2b39c,bridge,hard,What is the population of the town at the intersection of Interstate Highways 77 and  the longest Interstate highway within the borders of Virginia?,"Interstate 81 in Virginia | Wytheville, Virginia",2,0,1,"{""Interstate 81 in Virginia"":1,""Wytheville, Virginia"":8}","{""Interstate 81 in Virginia"":2,""Wytheville, Virginia"":1}",rescue
per_question,5a88e605554299206df2b39c,bridge,hard,What is the population of the town at the intersection of Interstate Highways 77 and  the longest Interstate highway within the borders of Virginia?,"Interstate 81 in Virginia | Wytheville, Virginia",5,0,1,"{""Interstate 81 in Virginia"":1,""Wytheville, Virginia"":8}","{""Interstate 81 in Virginia"":2,""Wytheville, Virginia"":1}",rescue
per_question,5a88f9555542995153361214,bridge,hard,The Jeep Cherokee was originally sold as a variant of a Jeep model produced during what years?,Jeep Cherokee | Jeep Wagoneer (SJ),2,0,0,"{""Jeep Cherokee"":1,""Jeep Wagoneer (SJ)"":3}","{""Jeep Cherokee"":3,""Jeep Wagoneer (SJ)"":4}",stable_miss
per_question,5a88f9555542995153361214,bridge,hard,The Jeep Cherokee was originally sold as a variant of a Jeep model produced during what years?,Jeep Cherokee | Jeep Wagoneer (SJ),5,1,1,"{""Jeep Cherokee"":1,""Jeep Wagoneer (SJ)"":3}","{""Jeep Cherokee"":3,""Jeep Wagoneer (SJ)"":4}",stable_hit
per_question,5a895d305542993b751ca931,bridge,hard,"Which football team does Lewis Young's older brother, Ashley Young, play for?",Ashley Young | Lewis Young,2,1,0,"{""Ashley Young"":2,""Lewis Young"":1}","{""Ashley Young"":3,""Lewis Young"":1}",damage
per_question,5a895d305542993b751ca931,bridge,hard,"Which football team does Lewis Young's older brother, Ashley Young, play for?",Ashley Young | Lewis Young,5,1,1,"{""Ashley Young"":2,""Lewis Young"":1}","{""Ashley Young"":3,""Lewis Young"":1}",stable_hit
per_question,5a89706055429951533612f9,bridge,hard,Scott Sandelin grew up in a town in what Minnesota county?,"Hibbing, Minnesota | Scott Sandelin",2,0,0,"{""Hibbing, Minnesota"":7,""Scott Sandelin"":1}","{""Hibbing, Minnesota"":8,""Scott Sandelin"":1}",stable_miss
per_question,5a89706055429951533612f9,bridge,hard,Scott Sandelin grew up in a town in what Minnesota county?,"Hibbing, Minnesota | Scott Sandelin",5,0,0,"{""Hibbing, Minnesota"":7,""Scott Sandelin"":1}","{""Hibbing, Minnesota"":8,""Scott Sandelin"":1}",stable_miss
per_question,5a8979f4554299669944a52e,bridge,hard,What is the middle name of the actress who plays Bobbi Bacha in Suburban Madness?,Bobbi Bacha | Sela Ward,2,0,0,"{""Bobbi Bacha"":1,""Sela Ward"":3}","{""Bobbi Bacha"":1,""Sela Ward"":3}",stable_miss
per_question,5a8979f4554299669944a52e,bridge,hard,What is the middle name of the actress who plays Bobbi Bacha in Suburban Madness?,Bobbi Bacha | Sela Ward,5,1,1,"{""Bobbi Bacha"":1,""Sela Ward"":3}","{""Bobbi Bacha"":1,""Sela Ward"":3}",stable_hit
per_question,5a89f5815542993b751ca9c5,bridge,hard,In which role did Caroline Carver played in a 1999 Hallmark Entertainment made-for-TV fantasy movie?,Caroline Carver (actress) | The Magical Legend of the Leprechauns,2,0,1,"{""Caroline Carver (actress)"":1,""The Magical Legend of the Leprechauns"":8}","{""Caroline Carver (actress)"":2,""The Magical Legend of the Leprechauns"":1}",rescue
per_question,5a89f5815542993b751ca9c5,bridge,hard,In which role did Caroline Carver played in a 1999 Hallmark Entertainment made-for-TV fantasy movie?,Caroline Carver (actress) | The Magical Legend of the Leprechauns,5,0,1,"{""Caroline Carver (actress)"":1,""The Magical Legend of the Leprechauns"":8}","{""Caroline Carver (actress)"":2,""The Magical Legend of the Leprechauns"":1}",rescue
per_question,5a89fb525542993b751ca9d6,bridge,hard,Which composer created Night Ferry first performed in 2012 at Symphony Center in Chicago?,Night Ferry (composition) | Symphony Center,2,1,0,"{""Night Ferry (composition)"":1,""Symphony Center"":2}","{""Night Ferry (composition)"":1,""Symphony Center"":10}",damage
per_question,5a89fb525542993b751ca9d6,bridge,hard,Which composer created Night Ferry first performed in 2012 at Symphony Center in Chicago?,Night Ferry (composition) | Symphony Center,5,1,0,"{""Night Ferry (composition)"":1,""Symphony Center"":2}","{""Night Ferry (composition)"":1,""Symphony Center"":10}",damage
per_question,5a8a3e745542996c9b8d5e70,bridge,hard,"What is the name for the adventure in ""Tunnels and Trolls"", a game designed by Ken St. Andre?",Arena of Khazan | Tunnels &amp; Trolls,2,0,0,"{""Arena of Khazan"":3,""Tunnels &amp; Trolls"":1}","{""Arena of Khazan"":3,""Tunnels &amp; Trolls"":1}",stable_miss
per_question,5a8a3e745542996c9b8d5e70,bridge,hard,"What is the name for the adventure in ""Tunnels and Trolls"", a game designed by Ken St. Andre?",Arena of Khazan | Tunnels &amp; Trolls,5,1,1,"{""Arena of Khazan"":3,""Tunnels &amp; Trolls"":1}","{""Arena of Khazan"":3,""Tunnels &amp; Trolls"":1}",stable_hit
per_question,5a8a43eb5542996c9b8d5e82,bridge,hard,Which Australian city founded in 1838 contains a boarding school opened by a Prime Minister of Australia and named after a school in London of the same name.,"Marion, South Australia | Westminster School, Adelaide",2,0,0,"{""Marion, South Australia"":3,""Westminster School, Adelaide"":1}","{""Marion, South Australia"":10,""Westminster School, Adelaide"":1}",stable_miss
per_question,5a8a43eb5542996c9b8d5e82,bridge,hard,Which Australian city founded in 1838 contains a boarding school opened by a Prime Minister of Australia and named after a school in London of the same name.,"Marion, South Australia | Westminster School, Adelaide",5,1,0,"{""Marion, South Australia"":3,""Westminster School, Adelaide"":1}","{""Marion, South Australia"":10,""Westminster School, Adelaide"":1}",damage
per_question,5a8af28555429951533613b5,bridge,hard,1956 Night Series Cup games were played at what inner suburb of Melbourne that is 3km south of Melbourne's central business district?,"1956 Night Series Cup | Albert Park, Victoria",2,0,1,"{""1956 Night Series Cup"":1,""Albert Park, Victoria"":10}","{""1956 Night Series Cup"":1,""Albert Park, Victoria"":2}",rescue
per_question,5a8af28555429951533613b5,bridge,hard,1956 Night Series Cup games were played at what inner suburb of Melbourne that is 3km south of Melbourne's central business district?,"1956 Night Series Cup | Albert Park, Victoria",5,0,1,"{""1956 Night Series Cup"":1,""Albert Park, Victoria"":10}","{""1956 Night Series Cup"":1,""Albert Park, Victoria"":2}",rescue
per_question,5a8b20335542996c9b8d5fb3,bridge,hard,What distinction is held by the former NBA player who was a member of the Charlotte Hornets during their 1992-93 season and was head coach for the WNBA team Charlotte Sting?,1992–93 Charlotte Hornets season | Muggsy Bogues,2,0,0,"{""1992–93 Charlotte Hornets season"":9,""Muggsy Bogues"":4}","{""1992–93 Charlotte Hornets season"":3,""Muggsy Bogues"":2}",stable_miss
per_question,5a8b20335542996c9b8d5fb3,bridge,hard,What distinction is held by the former NBA player who was a member of the Charlotte Hornets during their 1992-93 season and was head coach for the WNBA team Charlotte Sting?,1992–93 Charlotte Hornets season | Muggsy Bogues,5,0,1,"{""1992–93 Charlotte Hornets season"":9,""Muggsy Bogues"":4}","{""1992–93 Charlotte Hornets season"":3,""Muggsy Bogues"":2}",rescue
per_question,5a8b3af455429971feec467b,bridge,hard,Blinding Edge Pictures produced which 2000 film starring Bruce Willis?,Blinding Edge Pictures | Unbreakable (film),2,1,0,"{""Blinding Edge Pictures"":1,""Unbreakable (film)"":2}","{""Blinding Edge Pictures"":1,""Unbreakable (film)"":3}",damage
per_question,5a8b3af455429971feec467b,bridge,hard,Blinding Edge Pictures produced which 2000 film starring Bruce Willis?,Blinding Edge Pictures | Unbreakable (film),5,1,1,"{""Blinding Edge Pictures"":1,""Unbreakable (film)"":2}","{""Blinding Edge Pictures"":1,""Unbreakable (film)"":3}",stable_hit
per_question,5a8b452655429971feec468e,bridge,hard,Which close friend of an American former basketball player was signed for to play for the Timberwolves?,2000–01 Minnesota Timberwolves season | Kevin Garnett,2,1,1,"{""2000–01 Minnesota Timberwolves season"":1,""Kevin Garnett"":2}","{""2000–01 Minnesota Timberwolves season"":1,""Kevin Garnett"":2}",stable_hit
per_question,5a8b452655429971feec468e,bridge,hard,Which close friend of an American former basketball player was signed for to play for the Timberwolves?,2000–01 Minnesota Timberwolves season | Kevin Garnett,5,1,1,"{""2000–01 Minnesota Timberwolves season"":1,""Kevin Garnett"":2}","{""2000–01 Minnesota Timberwolves season"":1,""Kevin Garnett"":2}",stable_hit
per_question,5a8b57f25542995d1e6f1371,comparison,hard,Were Scott Derrickson and Ed Wood of the same nationality?,Ed Wood | Scott Derrickson,2,0,0,"{""Ed Wood"":2,""Scott Derrickson"":6}","{""Ed Wood"":3,""Scott Derrickson"":1}",stable_miss
per_question,5a8b57f25542995d1e6f1371,comparison,hard,Were Scott Derrickson and Ed Wood of the same nationality?,Ed Wood | Scott Derrickson,5,0,1,"{""Ed Wood"":2,""Scott Derrickson"":6}","{""Ed Wood"":3,""Scott Derrickson"":1}",rescue
per_question,5a8b63fa55429950cd6afcd7,bridge,hard,What is the nickname of the city where Darling's Waterfront Pavilion is located?,"Bangor, Maine | Darling's Waterfront Pavilion",2,0,0,"{""Bangor, Maine"":10,""Darling's Waterfront Pavilion"":1}","{""Bangor, Maine"":10,""Darling's Waterfront Pavilion"":1}",stable_miss
per_question,5a8b63fa55429950cd6afcd7,bridge,hard,What is the nickname of the city where Darling's Waterfront Pavilion is located?,"Bangor, Maine | Darling's Waterfront Pavilion",5,0,0,"{""Bangor, Maine"":10,""Darling's Waterfront Pavilion"":1}","{""Bangor, Maine"":10,""Darling's Waterfront Pavilion"":1}",stable_miss
per_question,5a8b770f5542995d1e6f13a7,bridge,hard,"Where is the singer of ""B Boy"" raised?",B Boy (song) | Meek Mill,2,0,0,"{""B Boy (song)"":2,""Meek Mill"":10}","{""B Boy (song)"":1,""Meek Mill"":10}",stable_miss
per_question,5a8b770f5542995d1e6f13a7,bridge,hard,"Where is the singer of ""B Boy"" raised?",B Boy (song) | Meek Mill,5,0,0,"{""B Boy (song)"":2,""Meek Mill"":10}","{""B Boy (song)"":1,""Meek Mill"":10}",stable_miss
per_question,5a8b78775542997f31a41d3d,bridge,hard,"Chimaja Appawas the younger brother of a general of the Maratha Empire in India, who served as what to the fifth Maratha Chhatrapati Shahu from 1720 until his death?",Baji Rao I | Chimaji Appa,2,1,1,"{""Baji Rao I"":2,""Chimaji Appa"":1}","{""Baji Rao I"":2,""Chimaji Appa"":1}",stable_hit
per_question,5a8b78775542997f31a41d3d,bridge,hard,"Chimaja Appawas the younger brother of a general of the Maratha Empire in India, who served as what to the fifth Maratha Chhatrapati Shahu from 1720 until his death?",Baji Rao I | Chimaji Appa,5,1,1,"{""Baji Rao I"":2,""Chimaji Appa"":1}","{""Baji Rao I"":2,""Chimaji Appa"":1}",stable_hit
per_question,5a8b8b3155429949d91db5d7,bridge,hard,What type of activity does Owner earnings and Warren Buffett have in common?,Owner earnings | Warren Buffett,2,1,1,"{""Owner earnings"":1,""Warren Buffett"":2}","{""Owner earnings"":1,""Warren Buffett"":2}",stable_hit
per_question,5a8b8b3155429949d91db5d7,bridge,hard,What type of activity does Owner earnings and Warren Buffett have in common?,Owner earnings | Warren Buffett,5,1,1,"{""Owner earnings"":1,""Warren Buffett"":2}","{""Owner earnings"":1,""Warren Buffett"":2}",stable_hit
per_question,5a8b987f5542997f31a41d7a,bridge,hard,"What is the name of the detective novelist parent of the author of '""Q"" Is for Quarry'?",&quot;Q&quot; Is for Quarry | Sue Grafton,2,1,1,"{""&quot;Q&quot; Is for Quarry"":1,""Sue Grafton"":2}","{""&quot;Q&quot; Is for Quarry"":1,""Sue Grafton"":2}",stable_hit
per_question,5a8b987f5542997f31a41d7a,bridge,hard,"What is the name of the detective novelist parent of the author of '""Q"" Is for Quarry'?",&quot;Q&quot; Is for Quarry | Sue Grafton,5,1,1,"{""&quot;Q&quot; Is for Quarry"":1,""Sue Grafton"":2}","{""&quot;Q&quot; Is for Quarry"":1,""Sue Grafton"":2}",stable_hit
per_question,5a8bb29b554299240d9c2089,bridge,hard,Which American film actor and dancer starred in the 1945 film Johnny Angel?,George Raft | Johnny Angel,2,0,0,"{""George Raft"":4,""Johnny Angel"":1}","{""George Raft"":3,""Johnny Angel"":1}",stable_miss
per_question,5a8bb29b554299240d9c2089,bridge,hard,Which American film actor and dancer starred in the 1945 film Johnny Angel?,George Raft | Johnny Angel,5,1,1,"{""George Raft"":4,""Johnny Angel"":1}","{""George Raft"":3,""Johnny Angel"":1}",stable_hit
per_question,5a8c4c625542995e66a475a1,bridge,hard,"Which airplane was this Major test-flying after whom the base, that 514th Flight Test Squadron is stated at, is named?",514th Flight Test Squadron | Hill Air Force Base,2,0,0,"{""514th Flight Test Squadron"":1,""Hill Air Force Base"":10}","{""514th Flight Test Squadron"":1,""Hill Air Force Base"":10}",stable_miss
per_question,5a8c4c625542995e66a475a1,bridge,hard,"Which airplane was this Major test-flying after whom the base, that 514th Flight Test Squadron is stated at, is named?",514th Flight Test Squadron | Hill Air Force Base,5,0,0,"{""514th Flight Test Squadron"":1,""Hill Air Force Base"":10}","{""514th Flight Test Squadron"":1,""Hill Air Force Base"":10}",stable_miss
per_question,5a8c5569554299240d9c2126,comparison,hard,Are Daryl Hall and Gerry Marsden both musicians?,Daryl Hall | Gerry Marsden,2,0,0,"{""Daryl Hall"":3,""Gerry Marsden"":2}","{""Daryl Hall"":2,""Gerry Marsden"":3}",stable_miss
per_question,5a8c5569554299240d9c2126,comparison,hard,Are Daryl Hall and Gerry Marsden both musicians?,Daryl Hall | Gerry Marsden,5,1,1,"{""Daryl Hall"":3,""Gerry Marsden"":2}","{""Daryl Hall"":2,""Gerry Marsden"":3}",stable_hit
per_question,5a8c65a1554299585d9e3680,bridge,hard,What is the name of the ethnic group who settled in Canada in the 17th century that participated in a conflict with Irish Catholic immigrants in the Shiners' War?,French Canadians | Shiners' War,2,0,1,"{""French Canadians"":3,""Shiners' War"":1}","{""French Canadians"":2,""Shiners' War"":1}",rescue
per_question,5a8c65a1554299585d9e3680,bridge,hard,What is the name of the ethnic group who settled in Canada in the 17th century that participated in a conflict with Irish Catholic immigrants in the Shiners' War?,French Canadians | Shiners' War,5,1,1,"{""French Canadians"":3,""Shiners' War"":1}","{""French Canadians"":2,""Shiners' War"":1}",stable_hit
per_question,5a8c66db554299585d9e3683,bridge,hard,"What year was the film ""Mom"" released, starring the voice of Shashaa Tirupati?",Mom (film) | Shashaa Tirupati,2,1,1,"{""Mom (film)"":1,""Shashaa Tirupati"":2}","{""Mom (film)"":1,""Shashaa Tirupati"":2}",stable_hit
per_question,5a8c66db554299585d9e3683,bridge,hard,"What year was the film ""Mom"" released, starring the voice of Shashaa Tirupati?",Mom (film) | Shashaa Tirupati,5,1,1,"{""Mom (film)"":1,""Shashaa Tirupati"":2}","{""Mom (film)"":1,""Shashaa Tirupati"":2}",stable_hit
per_question,5a8c7595554299585d9e36b6,bridge,hard,What government position was held by the woman who portrayed Corliss Archer in the film Kiss and Tell?,Kiss and Tell (1945 film) | Shirley Temple,2,0,0,"{""Kiss and Tell (1945 film)"":1,""Shirley Temple"":5}","{""Kiss and Tell (1945 film)"":1,""Shirley Temple"":8}",stable_miss
per_question,5a8c7595554299585d9e36b6,bridge,hard,What government position was held by the woman who portrayed Corliss Archer in the film Kiss and Tell?,Kiss and Tell (1945 film) | Shirley Temple,5,1,0,"{""Kiss and Tell (1945 film)"":1,""Shirley Temple"":5}","{""Kiss and Tell (1945 film)"":1,""Shirley Temple"":8}",damage
per_question,5a8cb288554299585d9e3726,bridge,hard,"The mass killing that took place at Oakland, California on April 2, 2012 was less deadly than the one that took place on October 1, 2015 in which state?",Oikos University shooting | Umpqua Community College shooting,2,1,1,"{""Oikos University shooting"":1,""Umpqua Community College shooting"":2}","{""Oikos University shooting"":1,""Umpqua Community College shooting"":2}",stable_hit
per_question,5a8cb288554299585d9e3726,bridge,hard,"The mass killing that took place at Oakland, California on April 2, 2012 was less deadly than the one that took place on October 1, 2015 in which state?",Oikos University shooting | Umpqua Community College shooting,5,1,1,"{""Oikos University shooting"":1,""Umpqua Community College shooting"":2}","{""Oikos University shooting"":1,""Umpqua Community College shooting"":2}",stable_hit
per_question,5a8cfee555429941ae14df5c,bridge,hard,How are elephants connected to Gajabrishta?,Elephant | Gajabrishta,2,1,1,"{""Elephant"":2,""Gajabrishta"":1}","{""Elephant"":2,""Gajabrishta"":1}",stable_hit
per_question,5a8cfee555429941ae14df5c,bridge,hard,How are elephants connected to Gajabrishta?,Elephant | Gajabrishta,5,1,1,"{""Elephant"":2,""Gajabrishta"":1}","{""Elephant"":2,""Gajabrishta"":1}",stable_hit
per_question,5a8d02cc554299441c6b9fb6,bridge,hard,"John MacGregor, Baron MacGregor of Pulham Market was educated at the University of St Andrews and another university established by what monach?","John MacGregor, Baron MacGregor of Pulham Market | King's College London",2,0,0,"{""John MacGregor, Baron MacGregor of Pulham Market"":1,""King's College London"":10}","{""John MacGregor, Baron MacGregor of Pulham Market"":1,""King's College London"":7}",stable_miss
per_question,5a8d02cc554299441c6b9fb6,bridge,hard,"John MacGregor, Baron MacGregor of Pulham Market was educated at the University of St Andrews and another university established by what monach?","John MacGregor, Baron MacGregor of Pulham Market | King's College London",5,0,0,"{""John MacGregor, Baron MacGregor of Pulham Market"":1,""King's College London"":10}","{""John MacGregor, Baron MacGregor of Pulham Market"":1,""King's College London"":7}",stable_miss
per_question,5a8d5fc6554299585d9e37c6,bridge,hard,"What's the name of the fantasy film starring Sarah Bolger, featuring a New England family who discover magical creatures around their estate?",Sarah Bolger | The Spiderwick Chronicles (film),2,0,1,"{""Sarah Bolger"":3,""The Spiderwick Chronicles (film)"":1}","{""Sarah Bolger"":2,""The Spiderwick Chronicles (film)"":1}",rescue
per_question,5a8d5fc6554299585d9e37c6,bridge,hard,"What's the name of the fantasy film starring Sarah Bolger, featuring a New England family who discover magical creatures around their estate?",Sarah Bolger | The Spiderwick Chronicles (film),5,1,1,"{""Sarah Bolger"":3,""The Spiderwick Chronicles (film)"":1}","{""Sarah Bolger"":2,""The Spiderwick Chronicles (film)"":1}",stable_hit
per_question,5a8d7b1755429941ae14dfc6,bridge,hard,What is the 2010 population of the city 2.1 miles southwest of Marietta Air Force Station?,"Marietta Air Force Station | Smyrna, Georgia",2,0,0,"{""Marietta Air Force Station"":1,""Smyrna, Georgia"":9}","{""Marietta Air Force Station"":1,""Smyrna, Georgia"":3}",stable_miss
per_question,5a8d7b1755429941ae14dfc6,bridge,hard,What is the 2010 population of the city 2.1 miles southwest of Marietta Air Force Station?,"Marietta Air Force Station | Smyrna, Georgia",5,0,1,"{""Marietta Air Force Station"":1,""Smyrna, Georgia"":9}","{""Marietta Air Force Station"":1,""Smyrna, Georgia"":3}",rescue
per_question,5a8d93ad554299653c1aa13d,comparison,hard,"Who was also an actor, Serri or John Fogerty?",John Fogerty | Serri (singer),2,0,0,"{""John Fogerty"":4,""Serri (singer)"":5}","{""John Fogerty"":2,""Serri (singer)"":5}",stable_miss
per_question,5a8d93ad554299653c1aa13d,comparison,hard,"Who was also an actor, Serri or John Fogerty?",John Fogerty | Serri (singer),5,1,1,"{""John Fogerty"":4,""Serri (singer)"":5}","{""John Fogerty"":2,""Serri (singer)"":5}",stable_hit
per_question,5a8da81e554299068b959d7e,bridge,hard,"Vanessa Bley is what person who organizes and often finances concerts, plays, or operas, performing a role?",Impresario | Vanessa Bley,2,0,1,"{""Impresario"":3,""Vanessa Bley"":1}","{""Impresario"":1,""Vanessa Bley"":2}",rescue
per_question,5a8da81e554299068b959d7e,bridge,hard,"Vanessa Bley is what person who organizes and often finances concerts, plays, or operas, performing a role?",Impresario | Vanessa Bley,5,1,1,"{""Impresario"":3,""Vanessa Bley"":1}","{""Impresario"":1,""Vanessa Bley"":2}",stable_hit
per_question,5a8db19d5542994ba4e3dd00,comparison,hard,Are Local H and For Against both from the United States?,For Against | Local H,2,0,1,"{""For Against"":3,""Local H"":1}","{""For Against"":1,""Local H"":2}",rescue
per_question,5a8db19d5542994ba4e3dd00,comparison,hard,Are Local H and For Against both from the United States?,For Against | Local H,5,1,1,"{""For Against"":3,""Local H"":1}","{""For Against"":1,""Local H"":2}",stable_hit
per_question,5a8dd5f955429917b4a5bcc7,bridge,hard,"Other than racing, what sport does the 1998 champion of the Toyota GRand Prix practice?",1998 Toyota Grand Prix of Long Beach | Alex Zanardi,2,0,0,"{""1998 Toyota Grand Prix of Long Beach"":1,""Alex Zanardi"":10}","{""1998 Toyota Grand Prix of Long Beach"":1,""Alex Zanardi"":10}",stable_miss
per_question,5a8dd5f955429917b4a5bcc7,bridge,hard,"Other than racing, what sport does the 1998 champion of the Toyota GRand Prix practice?",1998 Toyota Grand Prix of Long Beach | Alex Zanardi,5,0,0,"{""1998 Toyota Grand Prix of Long Beach"":1,""Alex Zanardi"":10}","{""1998 Toyota Grand Prix of Long Beach"":1,""Alex Zanardi"":10}",stable_miss
per_question,5a8e068b5542995085b37384,comparison,hard,Are Ferocactus and Silene both types of plant?,Ferocactus | Silene,2,1,1,"{""Ferocactus"":1,""Silene"":2}","{""Ferocactus"":2,""Silene"":1}",stable_hit
per_question,5a8e068b5542995085b37384,comparison,hard,Are Ferocactus and Silene both types of plant?,Ferocactus | Silene,5,1,1,"{""Ferocactus"":1,""Silene"":2}","{""Ferocactus"":2,""Silene"":1}",stable_hit
per_question,5a8e0a005542995085b373a1,bridge,hard,Bordan Tkachuk was the CEO of a company that provides what sort of products?,Bordan Tkachuk | Viglen,2,0,0,"{""Bordan Tkachuk"":1,""Viglen"":4}","{""Bordan Tkachuk"":1,""Viglen"":4}",stable_miss
per_question,5a8e0a005542995085b373a1,bridge,hard,Bordan Tkachuk was the CEO of a company that provides what sort of products?,Bordan Tkachuk | Viglen,5,1,1,"{""Bordan Tkachuk"":1,""Viglen"":4}","{""Bordan Tkachuk"":1,""Viglen"":4}",stable_hit
per_question,5a8e1027554299653c1aa15f,bridge,hard,Which year and which conference was the 14th season for this conference as part of the NCAA Division that the Colorado Buffaloes played in with a record of 2-6 in conference play?,2009 Big 12 Conference football season | 2009 Colorado Buffaloes football team,2,0,0,"{""2009 Big 12 Conference football season"":10,""2009 Colorado Buffaloes football team"":5}","{""2009 Big 12 Conference football season"":10,""2009 Colorado Buffaloes football team"":9}",stable_miss
per_question,5a8e1027554299653c1aa15f,bridge,hard,Which year and which conference was the 14th season for this conference as part of the NCAA Division that the Colorado Buffaloes played in with a record of 2-6 in conference play?,2009 Big 12 Conference football season | 2009 Colorado Buffaloes football team,5,0,0,"{""2009 Big 12 Conference football season"":10,""2009 Colorado Buffaloes football team"":5}","{""2009 Big 12 Conference football season"":10,""2009 Colorado Buffaloes football team"":9}",stable_miss
per_question,5a8e3dc05542995085b37401,comparison,hard,"Which case was decided first, Selle v. Gibb or Reynolds v. Sims?",Reynolds v. Sims | Selle v. Gibb,2,1,1,"{""Reynolds v. Sims"":1,""Selle v. Gibb"":2}","{""Reynolds v. Sims"":1,""Selle v. Gibb"":2}",stable_hit
per_question,5a8e3dc05542995085b37401,comparison,hard,"Which case was decided first, Selle v. Gibb or Reynolds v. Sims?",Reynolds v. Sims | Selle v. Gibb,5,1,1,"{""Reynolds v. Sims"":1,""Selle v. Gibb"":2}","{""Reynolds v. Sims"":1,""Selle v. Gibb"":2}",stable_hit
per_question,5a8e3ea95542995a26add48d,bridge,hard,"The director of the romantic comedy ""Big Stone Gap"" is based in what New York city?",Adriana Trigiani | Big Stone Gap (film),2,0,0,"{""Adriana Trigiani"":8,""Big Stone Gap (film)"":1}","{""Adriana Trigiani"":7,""Big Stone Gap (film)"":1}",stable_miss
per_question,5a8e3ea95542995a26add48d,bridge,hard,"The director of the romantic comedy ""Big Stone Gap"" is based in what New York city?",Adriana Trigiani | Big Stone Gap (film),5,0,0,"{""Adriana Trigiani"":8,""Big Stone Gap (film)"":1}","{""Adriana Trigiani"":7,""Big Stone Gap (film)"":1}",stable_miss
per_question,5a8eb4d65542990e94052b82,bridge,hard,"Jacques Mathou starred in Delicatessen, the 1991 French movie in the style of which celebrated American animator?",Delicatessen (film) | Jacques Mathou,2,1,1,"{""Delicatessen (film)"":2,""Jacques Mathou"":1}","{""Delicatessen (film)"":2,""Jacques Mathou"":1}",stable_hit
per_question,5a8eb4d65542990e94052b82,bridge,hard,"Jacques Mathou starred in Delicatessen, the 1991 French movie in the style of which celebrated American animator?",Delicatessen (film) | Jacques Mathou,5,1,1,"{""Delicatessen (film)"":2,""Jacques Mathou"":1}","{""Delicatessen (film)"":2,""Jacques Mathou"":1}",stable_hit
per_question,5a8ee4315542990e94052ba7,bridge,hard,What officially ended the first phase of the military conflict between the British Raj and the Emirate of Afghanistan from 1878 to 1880?,Second Anglo-Afghan War | Treaty of Gandamak,2,0,1,"{""Second Anglo-Afghan War"":1,""Treaty of Gandamak"":3}","{""Second Anglo-Afghan War"":1,""Treaty of Gandamak"":2}",rescue
per_question,5a8ee4315542990e94052ba7,bridge,hard,What officially ended the first phase of the military conflict between the British Raj and the Emirate of Afghanistan from 1878 to 1880?,Second Anglo-Afghan War | Treaty of Gandamak,5,1,1,"{""Second Anglo-Afghan War"":1,""Treaty of Gandamak"":3}","{""Second Anglo-Afghan War"":1,""Treaty of Gandamak"":2}",stable_hit
per_question,5a8ee6915542990e94052bad,bridge,hard,"What season was the character introduced that becomes the main antagonist in the  following season, from the animated television series created by Bryan Konietzko and Michael Dante DiMartino as a sequel to """", which aired from 2005 to 2008? ",Kuvira | The Legend of Korra,2,0,0,"{""Kuvira"":4,""The Legend of Korra"":7}","{""Kuvira"":1,""The Legend of Korra"":9}",stable_miss
per_question,5a8ee6915542990e94052bad,bridge,hard,"What season was the character introduced that becomes the main antagonist in the  following season, from the animated television series created by Bryan Konietzko and Michael Dante DiMartino as a sequel to """", which aired from 2005 to 2008? ",Kuvira | The Legend of Korra,5,0,0,"{""Kuvira"":4,""The Legend of Korra"":7}","{""Kuvira"":1,""The Legend of Korra"":9}",stable_miss
per_question,5a8eea4a5542990e94052bb7,bridge,hard,When was the Western Germanic language spoken from which the small settlement situated on the river Leda opposite Leer derives its name?,Leda (river) | Old Frisian,2,0,0,"{""Leda (river)"":2,""Old Frisian"":5}","{""Leda (river)"":1,""Old Frisian"":3}",stable_miss
per_question,5a8eea4a5542990e94052bb7,bridge,hard,When was the Western Germanic language spoken from which the small settlement situated on the river Leda opposite Leer derives its name?,Leda (river) | Old Frisian,5,1,1,"{""Leda (river)"":2,""Old Frisian"":5}","{""Leda (river)"":1,""Old Frisian"":3}",stable_hit
per_question,5a8ef2a75542995a26add583,bridge,hard,Seven Brief Lessons on Physics was written by an Italian physicist that has worked in France since what year?,Carlo Rovelli | Seven Brief Lessons on Physics,2,0,1,"{""Carlo Rovelli"":3,""Seven Brief Lessons on Physics"":1}","{""Carlo Rovelli"":2,""Seven Brief Lessons on Physics"":1}",rescue
per_question,5a8ef2a75542995a26add583,bridge,hard,Seven Brief Lessons on Physics was written by an Italian physicist that has worked in France since what year?,Carlo Rovelli | Seven Brief Lessons on Physics,5,1,1,"{""Carlo Rovelli"":3,""Seven Brief Lessons on Physics"":1}","{""Carlo Rovelli"":2,""Seven Brief Lessons on Physics"":1}",stable_hit
per_question,5a8f05b1554299458435d517,bridge,hard,William Pery served as Captain of the Yeomen of the Guard under the lord who served in what position from 1865 to 1868?,"Robert Gascoyne-Cecil, 3rd Marquess of Salisbury | William Pery, 3rd Earl of Limerick",2,0,0,"{""Robert Gascoyne-Cecil, 3rd Marquess of Salisbury"":8,""William Pery, 3rd Earl of Limerick"":1}","{""Robert Gascoyne-Cecil, 3rd Marquess of Salisbury"":7,""William Pery, 3rd Earl of Limerick"":1}",stable_miss
per_question,5a8f05b1554299458435d517,bridge,hard,William Pery served as Captain of the Yeomen of the Guard under the lord who served in what position from 1865 to 1868?,"Robert Gascoyne-Cecil, 3rd Marquess of Salisbury | William Pery, 3rd Earl of Limerick",5,0,0,"{""Robert Gascoyne-Cecil, 3rd Marquess of Salisbury"":8,""William Pery, 3rd Earl of Limerick"":1}","{""Robert Gascoyne-Cecil, 3rd Marquess of Salisbury"":7,""William Pery, 3rd Earl of Limerick"":1}",stable_miss
per_question,5a8f45ca5542997ba9cb320e,comparison,hard,"What type of film are both ""500 Years Later"" and ""Manson""?",500 Years Later | Manson (film),2,1,1,"{""500 Years Later"":2,""Manson (film)"":1}","{""500 Years Later"":1,""Manson (film)"":2}",stable_hit
per_question,5a8f45ca5542997ba9cb320e,comparison,hard,"What type of film are both ""500 Years Later"" and ""Manson""?",500 Years Later | Manson (film),5,1,1,"{""500 Years Later"":2,""Manson (film)"":1}","{""500 Years Later"":1,""Manson (film)"":2}",stable_hit
per_question,5a8f4c8d554299458435d5a3,bridge,hard,Scott Parkin has been a vocal critic of Exxonmobil and another corporation that has operations in how many countries ?,Halliburton | Scott Parkin,2,1,1,"{""Halliburton"":2,""Scott Parkin"":1}","{""Halliburton"":2,""Scott Parkin"":1}",stable_hit
per_question,5a8f4c8d554299458435d5a3,bridge,hard,Scott Parkin has been a vocal critic of Exxonmobil and another corporation that has operations in how many countries ?,Halliburton | Scott Parkin,5,1,1,"{""Halliburton"":2,""Scott Parkin"":1}","{""Halliburton"":2,""Scott Parkin"":1}",stable_hit
per_question,5a8f69b55542997ba9cb324f,bridge,hard,"What national historic district is located near a village in the town of Philipstown, New York?","Cold Spring, New York | Valhalla Highlands Historic District",2,1,0,"{""Cold Spring, New York"":1,""Valhalla Highlands Historic District"":2}","{""Cold Spring, New York"":1,""Valhalla Highlands Historic District"":5}",damage
per_question,5a8f69b55542997ba9cb324f,bridge,hard,"What national historic district is located near a village in the town of Philipstown, New York?","Cold Spring, New York | Valhalla Highlands Historic District",5,1,1,"{""Cold Spring, New York"":1,""Valhalla Highlands Historic District"":2}","{""Cold Spring, New York"":1,""Valhalla Highlands Historic District"":5}",stable_hit
per_question,5a8f9b8c5542997ba9cb32e6,comparison,hard,"Which band is from England, Fireflight or Dirty Pretty Things?",Dirty Pretty Things (band) | Fireflight,2,0,0,"{""Dirty Pretty Things (band)"":1,""Fireflight"":3}","{""Dirty Pretty Things (band)"":1,""Fireflight"":3}",stable_miss
per_question,5a8f9b8c5542997ba9cb32e6,comparison,hard,"Which band is from England, Fireflight or Dirty Pretty Things?",Dirty Pretty Things (band) | Fireflight,5,1,1,"{""Dirty Pretty Things (band)"":1,""Fireflight"":3}","{""Dirty Pretty Things (band)"":1,""Fireflight"":3}",stable_hit
per_question,5a90580655429933b8a204ef,bridge,hard,What record did the Super Bowl XXXIV champions finish the regular-season with in 1999?,1999 St. Louis Rams season | 2000 Tennessee Titans season,2,0,0,"{""1999 St. Louis Rams season"":3,""2000 Tennessee Titans season"":4}","{""1999 St. Louis Rams season"":3,""2000 Tennessee Titans season"":6}",stable_miss
per_question,5a90580655429933b8a204ef,bridge,hard,What record did the Super Bowl XXXIV champions finish the regular-season with in 1999?,1999 St. Louis Rams season | 2000 Tennessee Titans season,5,1,0,"{""1999 St. Louis Rams season"":3,""2000 Tennessee Titans season"":4}","{""1999 St. Louis Rams season"":3,""2000 Tennessee Titans season"":6}",damage
per_question,5a90605d5542995651fb514d,bridge,hard,What are the names of the members of the Detroit-based hip hop duo who has worked with Jason Gilbert?,Bad Meets Evil | Jason Gilbert,2,0,0,"{""Bad Meets Evil"":5,""Jason Gilbert"":1}","{""Bad Meets Evil"":7,""Jason Gilbert"":2}",stable_miss
per_question,5a90605d5542995651fb514d,bridge,hard,What are the names of the members of the Detroit-based hip hop duo who has worked with Jason Gilbert?,Bad Meets Evil | Jason Gilbert,5,1,0,"{""Bad Meets Evil"":5,""Jason Gilbert"":1}","{""Bad Meets Evil"":7,""Jason Gilbert"":2}",damage
per_question,5a9068a95542990a98493621,bridge,hard,"on 16 January 1995 ""First Knight"" was being filmed at a studio located how far from Windsor ?",Filming of James Bond in the 1990s | Pinewood Studios,2,1,1,"{""Filming of James Bond in the 1990s"":1,""Pinewood Studios"":2}","{""Filming of James Bond in the 1990s"":1,""Pinewood Studios"":2}",stable_hit
per_question,5a9068a95542990a98493621,bridge,hard,"on 16 January 1995 ""First Knight"" was being filmed at a studio located how far from Windsor ?",Filming of James Bond in the 1990s | Pinewood Studios,5,1,1,"{""Filming of James Bond in the 1990s"":1,""Pinewood Studios"":2}","{""Filming of James Bond in the 1990s"":1,""Pinewood Studios"":2}",stable_hit
per_question,5a90692f5542990a98493625,bridge,hard,In what 1997 American mystery crime film did Johnny Galecki start in?,Johnny Galecki | Suicide Kings,2,1,1,"{""Johnny Galecki"":2,""Suicide Kings"":1}","{""Johnny Galecki"":2,""Suicide Kings"":1}",stable_hit
per_question,5a90692f5542990a98493625,bridge,hard,In what 1997 American mystery crime film did Johnny Galecki start in?,Johnny Galecki | Suicide Kings,5,1,1,"{""Johnny Galecki"":2,""Suicide Kings"":1}","{""Johnny Galecki"":2,""Suicide Kings"":1}",stable_hit
per_question,5a906a685542990a9849362e,bridge,hard,Where was the world cup hosted that Algeria qualified for the first time into the round of 16?,2014 FIFA World Cup | Algeria at the FIFA World Cup,2,0,0,"{""2014 FIFA World Cup"":4,""Algeria at the FIFA World Cup"":1}","{""2014 FIFA World Cup"":4,""Algeria at the FIFA World Cup"":1}",stable_miss
per_question,5a906a685542990a9849362e,bridge,hard,Where was the world cup hosted that Algeria qualified for the first time into the round of 16?,2014 FIFA World Cup | Algeria at the FIFA World Cup,5,1,1,"{""2014 FIFA World Cup"":4,""Algeria at the FIFA World Cup"":1}","{""2014 FIFA World Cup"":4,""Algeria at the FIFA World Cup"":1}",stable_hit
per_question,5a90843c5542995651fb517e,bridge,hard,Francisco Jose Hernandez was a participant in an invasion that took place in what year?,Bay of Pigs Invasion | Francisco Jose Hernandez,2,1,0,"{""Bay of Pigs Invasion"":2,""Francisco Jose Hernandez"":1}","{""Bay of Pigs Invasion"":4,""Francisco Jose Hernandez"":1}",damage
per_question,5a90843c5542995651fb517e,bridge,hard,Francisco Jose Hernandez was a participant in an invasion that took place in what year?,Bay of Pigs Invasion | Francisco Jose Hernandez,5,1,1,"{""Bay of Pigs Invasion"":2,""Francisco Jose Hernandez"":1}","{""Bay of Pigs Invasion"":4,""Francisco Jose Hernandez"":1}",stable_hit
per_question,5a90b43455429916514e7523,bridge,hard,What town host an annual media finance conference that has featured an Australian-born American media mogul?,Allen &amp; Company Sun Valley Conference | Rupert Murdoch,2,1,1,"{""Allen &amp; Company Sun Valley Conference"":2,""Rupert Murdoch"":1}","{""Allen &amp; Company Sun Valley Conference"":1,""Rupert Murdoch"":2}",stable_hit
per_question,5a90b43455429916514e7523,bridge,hard,What town host an annual media finance conference that has featured an Australian-born American media mogul?,Allen &amp; Company Sun Valley Conference | Rupert Murdoch,5,1,1,"{""Allen &amp; Company Sun Valley Conference"":2,""Rupert Murdoch"":1}","{""Allen &amp; Company Sun Valley Conference"":1,""Rupert Murdoch"":2}",stable_hit
per_question,5ab1d7ac554299449642c7e6,comparison,hard,"Which genus has more species, Xanthoceras or Ehretia?",Ehretia | Xanthoceras,2,1,1,"{""Ehretia"":2,""Xanthoceras"":1}","{""Ehretia"":1,""Xanthoceras"":2}",stable_hit
per_question,5ab1d7ac554299449642c7e6,comparison,hard,"Which genus has more species, Xanthoceras or Ehretia?",Ehretia | Xanthoceras,5,1,1,"{""Ehretia"":2,""Xanthoceras"":1}","{""Ehretia"":1,""Xanthoceras"":2}",stable_hit
per_question,5ab1e984554299340b525428,comparison,hard,which is larger Asante Traditional Buildings or Gulangyu?,Asante Traditional Buildings | Gulangyu,2,1,1,"{""Asante Traditional Buildings"":1,""Gulangyu"":2}","{""Asante Traditional Buildings"":1,""Gulangyu"":2}",stable_hit
per_question,5ab1e984554299340b525428,comparison,hard,which is larger Asante Traditional Buildings or Gulangyu?,Asante Traditional Buildings | Gulangyu,5,1,1,"{""Asante Traditional Buildings"":1,""Gulangyu"":2}","{""Asante Traditional Buildings"":1,""Gulangyu"":2}",stable_hit
per_question,5ab1eac95542993be8fa987f,bridge,hard,How many Senate seats will be contested during the midterm elections that Nancy Soderberg has filed to run for Congress in?,"Nancy Soderberg | United States elections, 2018",2,0,1,"{""Nancy Soderberg"":9,""United States elections, 2018"":2}","{""Nancy Soderberg"":2,""United States elections, 2018"":1}",rescue
per_question,5ab1eac95542993be8fa987f,bridge,hard,How many Senate seats will be contested during the midterm elections that Nancy Soderberg has filed to run for Congress in?,"Nancy Soderberg | United States elections, 2018",5,0,1,"{""Nancy Soderberg"":9,""United States elections, 2018"":2}","{""Nancy Soderberg"":2,""United States elections, 2018"":1}",rescue
per_question,5ab25004554299722f9b4cd7,comparison,hard,Were both the Battle of Stones River and the Battle of the Ch'ongch'on River fought in the 19th century?,Battle of Stones River | Battle of the Ch'ongch'on River,2,1,1,"{""Battle of Stones River"":1,""Battle of the Ch'ongch'on River"":2}","{""Battle of Stones River"":1,""Battle of the Ch'ongch'on River"":2}",stable_hit
per_question,5ab25004554299722f9b4cd7,comparison,hard,Were both the Battle of Stones River and the Battle of the Ch'ongch'on River fought in the 19th century?,Battle of Stones River | Battle of the Ch'ongch'on River,5,1,1,"{""Battle of Stones River"":1,""Battle of the Ch'ongch'on River"":2}","{""Battle of Stones River"":1,""Battle of the Ch'ongch'on River"":2}",stable_hit
per_question,5ab2659e554299340b5254b2,bridge,hard,"From March 631 to April 631, Farrukhzad Khosrau V was the king of an empire that succeeded which empire?",Farrukhzad Khosrow V | Sasanian Empire,2,0,0,"{""Farrukhzad Khosrow V"":1,""Sasanian Empire"":7}","{""Farrukhzad Khosrow V"":1,""Sasanian Empire"":7}",stable_miss
per_question,5ab2659e554299340b5254b2,bridge,hard,"From March 631 to April 631, Farrukhzad Khosrau V was the king of an empire that succeeded which empire?",Farrukhzad Khosrow V | Sasanian Empire,5,0,0,"{""Farrukhzad Khosrow V"":1,""Sasanian Empire"":7}","{""Farrukhzad Khosrow V"":1,""Sasanian Empire"":7}",stable_miss
per_question,5ab271fe554299449642c8a6,comparison,hard,Do The Importance of Being Icelandic and The Five Obstructions belong to different film genres ?,The Five Obstructions | The Importance of Being Icelandic,2,0,1,"{""The Five Obstructions"":3,""The Importance of Being Icelandic"":1}","{""The Five Obstructions"":2,""The Importance of Being Icelandic"":1}",rescue
per_question,5ab271fe554299449642c8a6,comparison,hard,Do The Importance of Being Icelandic and The Five Obstructions belong to different film genres ?,The Five Obstructions | The Importance of Being Icelandic,5,1,1,"{""The Five Obstructions"":3,""The Importance of Being Icelandic"":1}","{""The Five Obstructions"":2,""The Importance of Being Icelandic"":1}",stable_hit
per_question,5ab28019554299722f9b4d51,bridge,hard,What amount was the settlement that the character from the Son of al Quada got in 2017?,Omar Khadr | Son of al Qaeda,2,0,0,"{""Omar Khadr"":6,""Son of al Qaeda"":1}","{""Omar Khadr"":1,""Son of al Qaeda"":6}",stable_miss
per_question,5ab28019554299722f9b4d51,bridge,hard,What amount was the settlement that the character from the Son of al Quada got in 2017?,Omar Khadr | Son of al Qaeda,5,0,0,"{""Omar Khadr"":6,""Son of al Qaeda"":1}","{""Omar Khadr"":1,""Son of al Qaeda"":6}",stable_miss
per_question,5ab28b12554299449642c8ee,bridge,hard,The northern English anglian Kingdom in the Humber estuary spoke what dialect of english?,Kingdom of Northumbria | Northumbrian dialect,2,0,1,"{""Kingdom of Northumbria"":2,""Northumbrian dialect"":3}","{""Kingdom of Northumbria"":1,""Northumbrian dialect"":2}",rescue
per_question,5ab28b12554299449642c8ee,bridge,hard,The northern English anglian Kingdom in the Humber estuary spoke what dialect of english?,Kingdom of Northumbria | Northumbrian dialect,5,1,1,"{""Kingdom of Northumbria"":2,""Northumbrian dialect"":3}","{""Kingdom of Northumbria"":1,""Northumbrian dialect"":2}",stable_hit
per_question,5ab29c24554299449642c932,comparison,hard,Are Giuseppe Verdi and Ambroise Thomas both Opera composers ?,Ambroise Thomas | Giuseppe Verdi,2,1,1,"{""Ambroise Thomas"":2,""Giuseppe Verdi"":1}","{""Ambroise Thomas"":2,""Giuseppe Verdi"":1}",stable_hit
per_question,5ab29c24554299449642c932,comparison,hard,Are Giuseppe Verdi and Ambroise Thomas both Opera composers ?,Ambroise Thomas | Giuseppe Verdi,5,1,1,"{""Ambroise Thomas"":2,""Giuseppe Verdi"":1}","{""Ambroise Thomas"":2,""Giuseppe Verdi"":1}",stable_hit
per_question,5ab2a186554299295394677b,bridge,hard,"When did the English local newspaper, featuring the sculpture and war memorial in the Forbury gardens, change names?",Maiwand Lion | Reading Post,2,0,1,"{""Maiwand Lion"":3,""Reading Post"":5}","{""Maiwand Lion"":1,""Reading Post"":2}",rescue
per_question,5ab2a186554299295394677b,bridge,hard,"When did the English local newspaper, featuring the sculpture and war memorial in the Forbury gardens, change names?",Maiwand Lion | Reading Post,5,1,1,"{""Maiwand Lion"":3,""Reading Post"":5}","{""Maiwand Lion"":1,""Reading Post"":2}",stable_hit
per_question,5ab2c5e255429916697740ba,bridge,hard,"Which professional ice hockey position does the Captain of the National Hockey League All-Star Game ""Away Team"" play?",60th National Hockey League All-Star Game | Jonathan Toews,2,0,1,"{""60th National Hockey League All-Star Game"":1,""Jonathan Toews"":4}","{""60th National Hockey League All-Star Game"":1,""Jonathan Toews"":2}",rescue
per_question,5ab2c5e255429916697740ba,bridge,hard,"Which professional ice hockey position does the Captain of the National Hockey League All-Star Game ""Away Team"" play?",60th National Hockey League All-Star Game | Jonathan Toews,5,1,1,"{""60th National Hockey League All-Star Game"":1,""Jonathan Toews"":4}","{""60th National Hockey League All-Star Game"":1,""Jonathan Toews"":2}",stable_hit
per_question,5ab2d3df554299194fa9352c,bridge,hard,The battle in which Giuseppe Arimondi lost his life secured what for Ethiopia?,Battle of Adwa | Giuseppe Arimondi,2,0,1,"{""Battle of Adwa"":3,""Giuseppe Arimondi"":1}","{""Battle of Adwa"":2,""Giuseppe Arimondi"":1}",rescue
per_question,5ab2d3df554299194fa9352c,bridge,hard,The battle in which Giuseppe Arimondi lost his life secured what for Ethiopia?,Battle of Adwa | Giuseppe Arimondi,5,1,1,"{""Battle of Adwa"":3,""Giuseppe Arimondi"":1}","{""Battle of Adwa"":2,""Giuseppe Arimondi"":1}",stable_hit
per_question,5ab31864554299233954ff06,bridge,hard,What class of instrument does Apatim Majumdar play?,Apratim Majumdar | Sarod,2,1,0,"{""Apratim Majumdar"":1,""Sarod"":2}","{""Apratim Majumdar"":1,""Sarod"":4}",damage
per_question,5ab31864554299233954ff06,bridge,hard,What class of instrument does Apatim Majumdar play?,Apratim Majumdar | Sarod,5,1,1,"{""Apratim Majumdar"":1,""Sarod"":2}","{""Apratim Majumdar"":1,""Sarod"":4}",stable_hit
per_question,5ab3306a55429969a97a80fd,comparison,hard,The movies The Boatniks and The Great Locomotive Chase were both made by which production company?,The Boatniks | The Great Locomotive Chase,2,1,1,"{""The Boatniks"":1,""The Great Locomotive Chase"":2}","{""The Boatniks"":1,""The Great Locomotive Chase"":2}",stable_hit
per_question,5ab3306a55429969a97a80fd,comparison,hard,The movies The Boatniks and The Great Locomotive Chase were both made by which production company?,The Boatniks | The Great Locomotive Chase,5,1,1,"{""The Boatniks"":1,""The Great Locomotive Chase"":2}","{""The Boatniks"":1,""The Great Locomotive Chase"":2}",stable_hit
per_question,5ab341f755429969a97a8114,bridge,hard,"The song ""Chim Chim Cher-ee"" can be heard  in the ""Mary Poppins"" scene of a Disney ride that debuted in what year?",Chim Chim Cher-ee | The Great Movie Ride,2,0,0,"{""Chim Chim Cher-ee"":1,""The Great Movie Ride"":9}","{""Chim Chim Cher-ee"":1,""The Great Movie Ride"":9}",stable_miss
per_question,5ab341f755429969a97a8114,bridge,hard,"The song ""Chim Chim Cher-ee"" can be heard  in the ""Mary Poppins"" scene of a Disney ride that debuted in what year?",Chim Chim Cher-ee | The Great Movie Ride,5,0,0,"{""Chim Chim Cher-ee"":1,""The Great Movie Ride"":9}","{""Chim Chim Cher-ee"":1,""The Great Movie Ride"":9}",stable_miss
per_question,5ab3b0bf5542992ade7c6e39,bridge,hard,What year did Guns N Roses perform a promo for a movie starring Arnold Schwarzenegger as a former New York Police detective?,End of Days (film) | Oh My God (Guns N' Roses song),2,0,0,"{""End of Days (film)"":7,""Oh My God (Guns N' Roses song)"":4}","{""End of Days (film)"":1,""Oh My God (Guns N' Roses song)"":3}",stable_miss
per_question,5ab3b0bf5542992ade7c6e39,bridge,hard,What year did Guns N Roses perform a promo for a movie starring Arnold Schwarzenegger as a former New York Police detective?,End of Days (film) | Oh My God (Guns N' Roses song),5,0,1,"{""End of Days (film)"":7,""Oh My God (Guns N' Roses song)"":4}","{""End of Days (film)"":1,""Oh My God (Guns N' Roses song)"":3}",rescue
per_question,5ab3d69255429969a97a81c9,bridge,hard,To which aircraft carrier was the VMF-213 Marine Fighting Squadron assigned to durning World War II?,USS Essex (CV-9) | VMF-213,2,0,0,"{""USS Essex (CV-9)"":10,""VMF-213"":1}","{""USS Essex (CV-9)"":10,""VMF-213"":1}",stable_miss
per_question,5ab3d69255429969a97a81c9,bridge,hard,To which aircraft carrier was the VMF-213 Marine Fighting Squadron assigned to durning World War II?,USS Essex (CV-9) | VMF-213,5,0,0,"{""USS Essex (CV-9)"":10,""VMF-213"":1}","{""USS Essex (CV-9)"":10,""VMF-213"":1}",stable_miss
per_question,5ab3e45655429976abd1bcd4,bridge,hard,The Vermont Catamounts men's soccer team currently competes in a conference that was formerly known as what from 1988 to 1996?,America East Conference | Vermont Catamounts men's soccer,2,0,0,"{""America East Conference"":10,""Vermont Catamounts men's soccer"":1}","{""America East Conference"":10,""Vermont Catamounts men's soccer"":1}",stable_miss
per_question,5ab3e45655429976abd1bcd4,bridge,hard,The Vermont Catamounts men's soccer team currently competes in a conference that was formerly known as what from 1988 to 1996?,America East Conference | Vermont Catamounts men's soccer,5,0,0,"{""America East Conference"":10,""Vermont Catamounts men's soccer"":1}","{""America East Conference"":10,""Vermont Catamounts men's soccer"":1}",stable_miss
per_question,5ab41d855542996a3a969f4b,bridge,hard,"Is the Pakistan fast bowler who joined the Kent County Cricket Club in June, 2011 a left-hand or right-hand batsmans?",Kent County Cricket Club in 2011 | Wahab Riaz,2,0,0,"{""Kent County Cricket Club in 2011"":1,""Wahab Riaz"":4}","{""Kent County Cricket Club in 2011"":1,""Wahab Riaz"":5}",stable_miss
per_question,5ab41d855542996a3a969f4b,bridge,hard,"Is the Pakistan fast bowler who joined the Kent County Cricket Club in June, 2011 a left-hand or right-hand batsmans?",Kent County Cricket Club in 2011 | Wahab Riaz,5,1,1,"{""Kent County Cricket Club in 2011"":1,""Wahab Riaz"":4}","{""Kent County Cricket Club in 2011"":1,""Wahab Riaz"":5}",stable_hit
per_question,5ab446d455429942dd415f07,bridge,hard,What city did the characters from Gargoyles the Movie: The Heroes Awaken wake up in after being in an enchantedly petrified state for a thousand years?,Gargoyles (TV series) | Gargoyles the Movie: The Heroes Awaken,2,1,1,"{""Gargoyles (TV series)"":1,""Gargoyles the Movie: The Heroes Awaken"":2}","{""Gargoyles (TV series)"":1,""Gargoyles the Movie: The Heroes Awaken"":2}",stable_hit
per_question,5ab446d455429942dd415f07,bridge,hard,What city did the characters from Gargoyles the Movie: The Heroes Awaken wake up in after being in an enchantedly petrified state for a thousand years?,Gargoyles (TV series) | Gargoyles the Movie: The Heroes Awaken,5,1,1,"{""Gargoyles (TV series)"":1,""Gargoyles the Movie: The Heroes Awaken"":2}","{""Gargoyles (TV series)"":1,""Gargoyles the Movie: The Heroes Awaken"":2}",stable_hit
per_question,5ab45a0b5542991779162c7e,bridge,hard,"Which mall, Wilton Mall or Viaport Rotterdam, has had more owners?",Viaport Rotterdam | Wilton Mall,2,1,1,"{""Viaport Rotterdam"":1,""Wilton Mall"":2}","{""Viaport Rotterdam"":1,""Wilton Mall"":2}",stable_hit
per_question,5ab45a0b5542991779162c7e,bridge,hard,"Which mall, Wilton Mall or Viaport Rotterdam, has had more owners?",Viaport Rotterdam | Wilton Mall,5,1,1,"{""Viaport Rotterdam"":1,""Wilton Mall"":2}","{""Viaport Rotterdam"":1,""Wilton Mall"":2}",stable_hit
per_question,5ab47cd75542991751b4d78d,bridge,hard,"In which year did this division, where Cleveland Browns placed fourth in 2009, adopt its current name?",2009 Cleveland Browns season | AFC North,2,0,0,"{""2009 Cleveland Browns season"":4,""AFC North"":7}","{""2009 Cleveland Browns season"":1,""AFC North"":4}",stable_miss
per_question,5ab47cd75542991751b4d78d,bridge,hard,"In which year did this division, where Cleveland Browns placed fourth in 2009, adopt its current name?",2009 Cleveland Browns season | AFC North,5,0,1,"{""2009 Cleveland Browns season"":4,""AFC North"":7}","{""2009 Cleveland Browns season"":1,""AFC North"":4}",rescue
per_question,5ab47d765542991751b4d78f,bridge,hard,Who designed the hotel that held the IFBB professional bodybuilding competition in September 1991?,1991 Mr. Olympia | Walt Disney World Dolphin,2,0,0,"{""1991 Mr. Olympia"":1,""Walt Disney World Dolphin"":10}","{""1991 Mr. Olympia"":1,""Walt Disney World Dolphin"":10}",stable_miss
per_question,5ab47d765542991751b4d78f,bridge,hard,Who designed the hotel that held the IFBB professional bodybuilding competition in September 1991?,1991 Mr. Olympia | Walt Disney World Dolphin,5,0,0,"{""1991 Mr. Olympia"":1,""Walt Disney World Dolphin"":10}","{""1991 Mr. Olympia"":1,""Walt Disney World Dolphin"":10}",stable_miss
per_question,5ab48c325542996a3a969f93,bridge,hard,In which county is the English king Harold Godwinson buried?,Edith Walks | Waltham Abbey Church,2,0,0,"{""Edith Walks"":9,""Waltham Abbey Church"":10}","{""Edith Walks"":1,""Waltham Abbey Church"":10}",stable_miss
per_question,5ab48c325542996a3a969f93,bridge,hard,In which county is the English king Harold Godwinson buried?,Edith Walks | Waltham Abbey Church,5,0,0,"{""Edith Walks"":9,""Waltham Abbey Church"":10}","{""Edith Walks"":1,""Waltham Abbey Church"":10}",stable_miss
per_question,5ab4e3065542990594ba9cb4,bridge,hard,Both Truth in Science and Discovery embrace what campaign?,Discovery Institute | Truth in Science,2,1,0,"{""Discovery Institute"":2,""Truth in Science"":1}","{""Discovery Institute"":3,""Truth in Science"":1}",damage
per_question,5ab4e3065542990594ba9cb4,bridge,hard,Both Truth in Science and Discovery embrace what campaign?,Discovery Institute | Truth in Science,5,1,1,"{""Discovery Institute"":2,""Truth in Science"":1}","{""Discovery Institute"":3,""Truth in Science"":1}",stable_hit
per_question,5ab5057b5542991779162d56,bridge,hard,What type of movie are Wishing Stairs and Voice?,Voice (film) | Wishing Stairs,2,1,0,"{""Voice (film)"":2,""Wishing Stairs"":1}","{""Voice (film)"":3,""Wishing Stairs"":1}",damage
per_question,5ab5057b5542991779162d56,bridge,hard,What type of movie are Wishing Stairs and Voice?,Voice (film) | Wishing Stairs,5,1,1,"{""Voice (film)"":2,""Wishing Stairs"":1}","{""Voice (film)"":3,""Wishing Stairs"":1}",stable_hit
per_question,5ab51dae5542991779162d82,comparison,hard,Are both Elko Regional Airport and Gerald R. Ford International Airport located in Michigan?,Elko Regional Airport | Gerald R. Ford International Airport,2,1,1,"{""Elko Regional Airport"":2,""Gerald R. Ford International Airport"":1}","{""Elko Regional Airport"":2,""Gerald R. Ford International Airport"":1}",stable_hit
per_question,5ab51dae5542991779162d82,comparison,hard,Are both Elko Regional Airport and Gerald R. Ford International Airport located in Michigan?,Elko Regional Airport | Gerald R. Ford International Airport,5,1,1,"{""Elko Regional Airport"":2,""Gerald R. Ford International Airport"":1}","{""Elko Regional Airport"":2,""Gerald R. Ford International Airport"":1}",stable_hit
per_question,5ab531cc5542990594ba9d23,bridge,hard,How large is the shopping mall where KGOT radio station has its studios ?,Dimond Center | KGOT,2,0,0,"{""Dimond Center"":5,""KGOT"":2}","{""Dimond Center"":3,""KGOT"":1}",stable_miss
per_question,5ab531cc5542990594ba9d23,bridge,hard,How large is the shopping mall where KGOT radio station has its studios ?,Dimond Center | KGOT,5,1,1,"{""Dimond Center"":5,""KGOT"":2}","{""Dimond Center"":3,""KGOT"":1}",stable_hit
per_question,5ab5499e5542992aa134a295,bridge,hard,In what year was the team that Luke Clark plays either right back or central midfielder for founded?,Curzon Ashton F.C. | Luke Clark,2,0,0,"{""Curzon Ashton F.C."":8,""Luke Clark"":1}","{""Curzon Ashton F.C."":10,""Luke Clark"":1}",stable_miss
per_question,5ab5499e5542992aa134a295,bridge,hard,In what year was the team that Luke Clark plays either right back or central midfielder for founded?,Curzon Ashton F.C. | Luke Clark,5,0,0,"{""Curzon Ashton F.C."":8,""Luke Clark"":1}","{""Curzon Ashton F.C."":10,""Luke Clark"":1}",stable_miss
per_question,5ab56e32554299637185c594,comparison,hard,Are Random House Tower and 888 7th Avenue both used for real estate?,888 7th Avenue | Random House Tower,2,1,1,"{""888 7th Avenue"":2,""Random House Tower"":1}","{""888 7th Avenue"":2,""Random House Tower"":1}",stable_hit
per_question,5ab56e32554299637185c594,comparison,hard,Are Random House Tower and 888 7th Avenue both used for real estate?,888 7th Avenue | Random House Tower,5,1,1,"{""888 7th Avenue"":2,""Random House Tower"":1}","{""888 7th Avenue"":2,""Random House Tower"":1}",stable_hit
per_question,5ab5b6c1554299637185c5e5,comparison,hard,Did Franki Valli sing with Hellogoodbye or The Four Seasons?,Hellogoodbye | The Four Seasons (band),2,0,0,"{""Hellogoodbye"":8,""The Four Seasons (band)"":2}","{""Hellogoodbye"":8,""The Four Seasons (band)"":1}",stable_miss
per_question,5ab5b6c1554299637185c5e5,comparison,hard,Did Franki Valli sing with Hellogoodbye or The Four Seasons?,Hellogoodbye | The Four Seasons (band),5,0,0,"{""Hellogoodbye"":8,""The Four Seasons (band)"":2}","{""Hellogoodbye"":8,""The Four Seasons (band)"":1}",stable_miss
per_question,5ab5ed505542997d4ad1f255,bridge,hard,"Who is Bruce Spizer an expert on, known as the most influential act of the rock era?",Bruce Spizer | The Beatles,2,0,0,"{""Bruce Spizer"":1,""The Beatles"":4}","{""Bruce Spizer"":1,""The Beatles"":3}",stable_miss
per_question,5ab5ed505542997d4ad1f255,bridge,hard,"Who is Bruce Spizer an expert on, known as the most influential act of the rock era?",Bruce Spizer | The Beatles,5,1,1,"{""Bruce Spizer"":1,""The Beatles"":4}","{""Bruce Spizer"":1,""The Beatles"":3}",stable_hit
per_question,5ab5f854554299637185c64e,bridge,hard,What country do both Adnan Akmal and Kamran Akmal represent in cricket?,Adnan Akmal | Kamran Akmal,2,1,1,"{""Adnan Akmal"":1,""Kamran Akmal"":2}","{""Adnan Akmal"":1,""Kamran Akmal"":2}",stable_hit
per_question,5ab5f854554299637185c64e,bridge,hard,What country do both Adnan Akmal and Kamran Akmal represent in cricket?,Adnan Akmal | Kamran Akmal,5,1,1,"{""Adnan Akmal"":1,""Kamran Akmal"":2}","{""Adnan Akmal"":1,""Kamran Akmal"":2}",stable_hit
per_question,5ab626d555429953192ad279,bridge,hard,Anthony Avent played basketball fo a High School that is located in a city approcimately 8 mi west of where?,"Anthony Avent | Newark, New Jersey",2,0,0,"{""Anthony Avent"":1,""Newark, New Jersey"":7}","{""Anthony Avent"":1,""Newark, New Jersey"":7}",stable_miss
per_question,5ab626d555429953192ad279,bridge,hard,Anthony Avent played basketball fo a High School that is located in a city approcimately 8 mi west of where?,"Anthony Avent | Newark, New Jersey",5,0,0,"{""Anthony Avent"":1,""Newark, New Jersey"":7}","{""Anthony Avent"":1,""Newark, New Jersey"":7}",stable_miss
per_question,5ab6369655429953192ad2a1,comparison,hard,Which Genus has more species Eucryphia or Lepidozamia ?,Eucryphia | Lepidozamia,2,1,1,"{""Eucryphia"":1,""Lepidozamia"":2}","{""Eucryphia"":1,""Lepidozamia"":2}",stable_hit
per_question,5ab6369655429953192ad2a1,comparison,hard,Which Genus has more species Eucryphia or Lepidozamia ?,Eucryphia | Lepidozamia,5,1,1,"{""Eucryphia"":1,""Lepidozamia"":2}","{""Eucryphia"":1,""Lepidozamia"":2}",stable_hit
per_question,5ab642845542995eadeeff8e,comparison,hard,Are Broughtonia and Laeliocattleya both orchids?,Broughtonia | Laeliocattleya,2,1,0,"{""Broughtonia"":2,""Laeliocattleya"":1}","{""Broughtonia"":1,""Laeliocattleya"":4}",damage
per_question,5ab642845542995eadeeff8e,comparison,hard,Are Broughtonia and Laeliocattleya both orchids?,Broughtonia | Laeliocattleya,5,1,1,"{""Broughtonia"":2,""Laeliocattleya"":1}","{""Broughtonia"":1,""Laeliocattleya"":4}",stable_hit
per_question,5ab659e355429954757d324e,bridge,hard,hree Men on a Horse is a play by a playwright born in which year ?,George Abbott | Three Men on a Horse,2,0,0,"{""George Abbott"":7,""Three Men on a Horse"":1}","{""George Abbott"":10,""Three Men on a Horse"":1}",stable_miss
per_question,5ab659e355429954757d324e,bridge,hard,hree Men on a Horse is a play by a playwright born in which year ?,George Abbott | Three Men on a Horse,5,0,0,"{""George Abbott"":7,""Three Men on a Horse"":1}","{""George Abbott"":10,""Three Men on a Horse"":1}",stable_miss
per_question,5ab67772554299110f219a12,bridge,hard,What type of media does J. T. Petty and Outlast have in common?,J. T. Petty | Outlast,2,0,1,"{""J. T. Petty"":1,""Outlast"":4}","{""J. T. Petty"":1,""Outlast"":2}",rescue
per_question,5ab67772554299110f219a12,bridge,hard,What type of media does J. T. Petty and Outlast have in common?,J. T. Petty | Outlast,5,1,1,"{""J. T. Petty"":1,""Outlast"":4}","{""J. T. Petty"":1,""Outlast"":2}",stable_hit
per_question,5ab67bd355429954757d32f2,bridge,hard,Curt Menefee is the host of the Fox network's NFL show with co-host Michael Anthony Strahan who spent his entire 15-year career with what team?,Curt Menefee | Michael Strahan,2,1,1,"{""Curt Menefee"":1,""Michael Strahan"":2}","{""Curt Menefee"":1,""Michael Strahan"":2}",stable_hit
per_question,5ab67bd355429954757d32f2,bridge,hard,Curt Menefee is the host of the Fox network's NFL show with co-host Michael Anthony Strahan who spent his entire 15-year career with what team?,Curt Menefee | Michael Strahan,5,1,1,"{""Curt Menefee"":1,""Michael Strahan"":2}","{""Curt Menefee"":1,""Michael Strahan"":2}",stable_hit
per_question,5ab69c25554299110f219a39,bridge,hard,"Which American audio engineer and clandestine chemist, who was a key figure in the San Francisco Bay Area hippie movement during the 1960s recorded the album ""Old and in the Way?""",Old and in the Way (album) | Owsley Stanley,2,1,0,"{""Old and in the Way (album)"":2,""Owsley Stanley"":1}","{""Old and in the Way (album)"":5,""Owsley Stanley"":1}",damage
per_question,5ab69c25554299110f219a39,bridge,hard,"Which American audio engineer and clandestine chemist, who was a key figure in the San Francisco Bay Area hippie movement during the 1960s recorded the album ""Old and in the Way?""",Old and in the Way (album) | Owsley Stanley,5,1,1,"{""Old and in the Way (album)"":2,""Owsley Stanley"":1}","{""Old and in the Way (album)"":5,""Owsley Stanley"":1}",stable_hit
per_question,5ab6a2be554299710c8d1f08,bridge,hard,The movies Queen of Blood and Battle Beyond the Sun both contained scenes from what 1959 Soviet feature?,Battle Beyond the Sun | Queen of Blood,2,0,1,"{""Battle Beyond the Sun"":1,""Queen of Blood"":3}","{""Battle Beyond the Sun"":1,""Queen of Blood"":2}",rescue
per_question,5ab6a2be554299710c8d1f08,bridge,hard,The movies Queen of Blood and Battle Beyond the Sun both contained scenes from what 1959 Soviet feature?,Battle Beyond the Sun | Queen of Blood,5,1,1,"{""Battle Beyond the Sun"":1,""Queen of Blood"":3}","{""Battle Beyond the Sun"":1,""Queen of Blood"":2}",stable_hit
per_question,5ab6aaff55429953192ad35b,bridge,hard,What Cayman Islands registered Mandarin and Cantonese-language television broadcaster launched Phoenix Hong Kong Channel on 28 March 2011?,Phoenix Hong Kong Channel | Phoenix Television,2,1,1,"{""Phoenix Hong Kong Channel"":1,""Phoenix Television"":2}","{""Phoenix Hong Kong Channel"":1,""Phoenix Television"":2}",stable_hit
per_question,5ab6aaff55429953192ad35b,bridge,hard,What Cayman Islands registered Mandarin and Cantonese-language television broadcaster launched Phoenix Hong Kong Channel on 28 March 2011?,Phoenix Hong Kong Channel | Phoenix Television,5,1,1,"{""Phoenix Hong Kong Channel"":1,""Phoenix Television"":2}","{""Phoenix Hong Kong Channel"":1,""Phoenix Television"":2}",stable_hit
per_question,5ab6ba245542995eadef007f,comparison,hard,Are Bamboo Mañalac and Danny Jones both musicians?,Bamboo Mañalac | Danny Jones,2,0,1,"{""Bamboo Mañalac"":1,""Danny Jones"":4}","{""Bamboo Mañalac"":1,""Danny Jones"":2}",rescue
per_question,5ab6ba245542995eadef007f,comparison,hard,Are Bamboo Mañalac and Danny Jones both musicians?,Bamboo Mañalac | Danny Jones,5,1,1,"{""Bamboo Mañalac"":1,""Danny Jones"":4}","{""Bamboo Mañalac"":1,""Danny Jones"":2}",stable_hit
per_question,5ab6bf6d55429953192ad372,comparison,hard,Are Phlebodium and Pieris both species of ferns?,Phlebodium | Pieris (plant),2,0,0,"{""Phlebodium"":1,""Pieris (plant)"":5}","{""Phlebodium"":1,""Pieris (plant)"":3}",stable_miss
per_question,5ab6bf6d55429953192ad372,comparison,hard,Are Phlebodium and Pieris both species of ferns?,Phlebodium | Pieris (plant),5,1,1,"{""Phlebodium"":1,""Pieris (plant)"":5}","{""Phlebodium"":1,""Pieris (plant)"":3}",stable_hit
per_question,5ab6d09255429954757d337d,bridge,hard,The football manager who recruited David Beckham managed Manchester United during what timeframe?,1995–96 Manchester United F.C. season | Alex Ferguson,2,0,0,"{""1995–96 Manchester United F.C. season"":7,""Alex Ferguson"":3}","{""1995–96 Manchester United F.C. season"":7,""Alex Ferguson"":3}",stable_miss
per_question,5ab6d09255429954757d337d,bridge,hard,The football manager who recruited David Beckham managed Manchester United during what timeframe?,1995–96 Manchester United F.C. season | Alex Ferguson,5,0,0,"{""1995–96 Manchester United F.C. season"":7,""Alex Ferguson"":3}","{""1995–96 Manchester United F.C. season"":7,""Alex Ferguson"":3}",stable_miss
per_question,5ab6f0c25542995eadef00ea,comparison,hard,Are Buried Country and South of the Border both films turned into stage performances?,Buried Country | South of the Border (2009 film),2,1,1,"{""Buried Country"":1,""South of the Border (2009 film)"":2}","{""Buried Country"":1,""South of the Border (2009 film)"":2}",stable_hit
per_question,5ab6f0c25542995eadef00ea,comparison,hard,Are Buried Country and South of the Border both films turned into stage performances?,Buried Country | South of the Border (2009 film),5,1,1,"{""Buried Country"":1,""South of the Border (2009 film)"":2}","{""Buried Country"":1,""South of the Border (2009 film)"":2}",stable_hit
per_question,5ab6ff3a5542991d3222372a,bridge,hard,James Fieser received his B.A. from what liberal arts work college that was founded in 1855?,Berea College | James Fieser,2,0,1,"{""Berea College"":8,""James Fieser"":1}","{""Berea College"":2,""James Fieser"":1}",rescue
per_question,5ab6ff3a5542991d3222372a,bridge,hard,James Fieser received his B.A. from what liberal arts work college that was founded in 1855?,Berea College | James Fieser,5,0,1,"{""Berea College"":8,""James Fieser"":1}","{""Berea College"":2,""James Fieser"":1}",rescue
per_question,5ab72a025542992aa3b8c7b8,comparison,hard,"""A Summer in the Cage"" and ""American Hardcore"" are both what kind of film?",A Summer in the Cage | American Hardcore (film),2,1,1,"{""A Summer in the Cage"":1,""American Hardcore (film)"":2}","{""A Summer in the Cage"":1,""American Hardcore (film)"":2}",stable_hit
per_question,5ab72a025542992aa3b8c7b8,comparison,hard,"""A Summer in the Cage"" and ""American Hardcore"" are both what kind of film?",A Summer in the Cage | American Hardcore (film),5,1,1,"{""A Summer in the Cage"":1,""American Hardcore (film)"":2}","{""A Summer in the Cage"":1,""American Hardcore (film)"":2}",stable_hit
per_question,5ab78edc5542995dae37e95c,bridge,hard,Where is the school that Tyler Kalinoski went to located?,Olathe East High School | Tyler Kalinoski,2,0,0,"{""Olathe East High School"":7,""Tyler Kalinoski"":1}","{""Olathe East High School"":10,""Tyler Kalinoski"":1}",stable_miss
per_question,5ab78edc5542995dae37e95c,bridge,hard,Where is the school that Tyler Kalinoski went to located?,Olathe East High School | Tyler Kalinoski,5,0,0,"{""Olathe East High School"":7,""Tyler Kalinoski"":1}","{""Olathe East High School"":10,""Tyler Kalinoski"":1}",stable_miss
per_question,5ab7bae95542993667793ff4,bridge,hard,Who did the Doncaster Belles play in the 1994 FA Women's Cup Final held at Glanford Park? ,1994 FA Women's Cup Final | Glanford Park,2,0,0,"{""1994 FA Women's Cup Final"":1,""Glanford Park"":9}","{""1994 FA Women's Cup Final"":1,""Glanford Park"":10}",stable_miss
per_question,5ab7bae95542993667793ff4,bridge,hard,Who did the Doncaster Belles play in the 1994 FA Women's Cup Final held at Glanford Park? ,1994 FA Women's Cup Final | Glanford Park,5,0,0,"{""1994 FA Women's Cup Final"":1,""Glanford Park"":9}","{""1994 FA Women's Cup Final"":1,""Glanford Park"":10}",stable_miss
per_question,5ab7bbbf55429928e1fe38bf,bridge,hard, William Cammisano was part of which Mafia family?,Kansas City crime family | William Cammisano,2,0,0,"{""Kansas City crime family"":6,""William Cammisano"":1}","{""Kansas City crime family"":10,""William Cammisano"":1}",stable_miss
per_question,5ab7bbbf55429928e1fe38bf,bridge,hard, William Cammisano was part of which Mafia family?,Kansas City crime family | William Cammisano,5,0,0,"{""Kansas City crime family"":6,""William Cammisano"":1}","{""Kansas City crime family"":10,""William Cammisano"":1}",stable_miss
per_question,5ab7c1a955429928e1fe38c8,bridge,hard,The youngest daughter of Lady Mary-Gaye Curzon stars with Douglas Smith and Lucien Laviscount  in what 2017 film?,Cressida Bonas | The Bye Bye Man,2,0,1,"{""Cressida Bonas"":1,""The Bye Bye Man"":6}","{""Cressida Bonas"":1,""The Bye Bye Man"":2}",rescue
per_question,5ab7c1a955429928e1fe38c8,bridge,hard,The youngest daughter of Lady Mary-Gaye Curzon stars with Douglas Smith and Lucien Laviscount  in what 2017 film?,Cressida Bonas | The Bye Bye Man,5,0,1,"{""Cressida Bonas"":1,""The Bye Bye Man"":6}","{""Cressida Bonas"":1,""The Bye Bye Man"":2}",rescue
per_question,5ab7da6f55429928e1fe3928,bridge,hard,Patrick Kennedy is known for his collections of Irish  folktales from a province situated in which part of Ireland ?,Leinster | Patrick Kennedy (folklorist),2,0,0,"{""Leinster"":8,""Patrick Kennedy (folklorist)"":1}","{""Leinster"":8,""Patrick Kennedy (folklorist)"":1}",stable_miss
per_question,5ab7da6f55429928e1fe3928,bridge,hard,Patrick Kennedy is known for his collections of Irish  folktales from a province situated in which part of Ireland ?,Leinster | Patrick Kennedy (folklorist),5,0,0,"{""Leinster"":8,""Patrick Kennedy (folklorist)"":1}","{""Leinster"":8,""Patrick Kennedy (folklorist)"":1}",stable_miss
per_question,5ab7e4dc5542995dae37e9df,bridge,hard,"The Polar Bears featuring the voice of Armie Hammer, is also the same voice actor for which character in Cars 3?",Armie Hammer | The Polar Bears,2,1,1,"{""Armie Hammer"":2,""The Polar Bears"":1}","{""Armie Hammer"":2,""The Polar Bears"":1}",stable_hit
per_question,5ab7e4dc5542995dae37e9df,bridge,hard,"The Polar Bears featuring the voice of Armie Hammer, is also the same voice actor for which character in Cars 3?",Armie Hammer | The Polar Bears,5,1,1,"{""Armie Hammer"":2,""The Polar Bears"":1}","{""Armie Hammer"":2,""The Polar Bears"":1}",stable_hit
per_question,5ab7f0015542992aa3b8c88b,bridge,hard,Who did the Star and Dagger bass player marry?,Sean Yseult | Supagroup,2,1,0,"{""Sean Yseult"":1,""Supagroup"":2}","{""Sean Yseult"":1,""Supagroup"":5}",damage
per_question,5ab7f0015542992aa3b8c88b,bridge,hard,Who did the Star and Dagger bass player marry?,Sean Yseult | Supagroup,5,1,1,"{""Sean Yseult"":1,""Supagroup"":2}","{""Sean Yseult"":1,""Supagroup"":5}",stable_hit
per_question,5ab7f97a5542991d322237ef,bridge,hard,"What is Opry Mills in Nashville, Tennessee?",Music City Queen | Opry Mills,2,0,0,"{""Music City Queen"":4,""Opry Mills"":1}","{""Music City Queen"":4,""Opry Mills"":1}",stable_miss
per_question,5ab7f97a5542991d322237ef,bridge,hard,"What is Opry Mills in Nashville, Tennessee?",Music City Queen | Opry Mills,5,1,1,"{""Music City Queen"":4,""Opry Mills"":1}","{""Music City Queen"":4,""Opry Mills"":1}",stable_hit
per_question,5ab802085542990e739ec7ca,bridge,hard,What is the uppermost age range for the sort of fiction written by Alexander Gordon Smith?,Alexander Gordon Smith | Young adult fiction,2,1,1,"{""Alexander Gordon Smith"":1,""Young adult fiction"":2}","{""Alexander Gordon Smith"":1,""Young adult fiction"":2}",stable_hit
per_question,5ab802085542990e739ec7ca,bridge,hard,What is the uppermost age range for the sort of fiction written by Alexander Gordon Smith?,Alexander Gordon Smith | Young adult fiction,5,1,1,"{""Alexander Gordon Smith"":1,""Young adult fiction"":2}","{""Alexander Gordon Smith"":1,""Young adult fiction"":2}",stable_hit
per_question,5ab808ea5542991d3222380e,bridge,hard,"What is the capacity of the Stadium, other than Kauffman Stadium, designed by Charles Deaton ? ",Arrowhead Stadium | Charles Deaton,2,0,0,"{""Arrowhead Stadium"":3,""Charles Deaton"":2}","{""Arrowhead Stadium"":3,""Charles Deaton"":1}",stable_miss
per_question,5ab808ea5542991d3222380e,bridge,hard,"What is the capacity of the Stadium, other than Kauffman Stadium, designed by Charles Deaton ? ",Arrowhead Stadium | Charles Deaton,5,1,1,"{""Arrowhead Stadium"":3,""Charles Deaton"":2}","{""Arrowhead Stadium"":3,""Charles Deaton"":1}",stable_hit
per_question,5ab83d595542990e739ec886,bridge,hard,The VMAQT-1 logo is a female spirit in Irish mythology who heralds the death of what?,Banshee | VMAQT-1,2,1,1,"{""Banshee"":1,""VMAQT-1"":2}","{""Banshee"":1,""VMAQT-1"":2}",stable_hit
per_question,5ab83d595542990e739ec886,bridge,hard,The VMAQT-1 logo is a female spirit in Irish mythology who heralds the death of what?,Banshee | VMAQT-1,5,1,1,"{""Banshee"":1,""VMAQT-1"":2}","{""Banshee"":1,""VMAQT-1"":2}",stable_hit
per_question,5ab84bf555429916710eb01f,bridge,hard,In 1991 Euromarché was bought by a chain that operated how any hypermarkets at the end of 2016?,Carrefour | Euromarché,2,1,1,"{""Carrefour"":2,""Euromarché"":1}","{""Carrefour"":2,""Euromarché"":1}",stable_hit
per_question,5ab84bf555429916710eb01f,bridge,hard,In 1991 Euromarché was bought by a chain that operated how any hypermarkets at the end of 2016?,Carrefour | Euromarché,5,1,1,"{""Carrefour"":2,""Euromarché"":1}","{""Carrefour"":2,""Euromarché"":1}",stable_hit
per_question,5ab859a955429934fafe6d7b,bridge,hard,Who is the writer of this song that was inspired by words on a tombstone and was the first track on the box set Back to Mono?,Back to Mono (1958–1969) | To Know Him Is to Love Him,2,0,1,"{""Back to Mono (1958–1969)"":1,""To Know Him Is to Love Him"":6}","{""Back to Mono (1958–1969)"":2,""To Know Him Is to Love Him"":1}",rescue
per_question,5ab859a955429934fafe6d7b,bridge,hard,Who is the writer of this song that was inspired by words on a tombstone and was the first track on the box set Back to Mono?,Back to Mono (1958–1969) | To Know Him Is to Love Him,5,0,1,"{""Back to Mono (1958–1969)"":1,""To Know Him Is to Love Him"":6}","{""Back to Mono (1958–1969)"":2,""To Know Him Is to Love Him"":1}",rescue
per_question,5ab85a1155429934fafe6d7c,comparison,hard,Are both Rutgers University and Carnegie Mellon University located in America?,Carnegie Mellon University | Rutgers University,2,1,1,"{""Carnegie Mellon University"":1,""Rutgers University"":2}","{""Carnegie Mellon University"":1,""Rutgers University"":2}",stable_hit
per_question,5ab85a1155429934fafe6d7c,comparison,hard,Are both Rutgers University and Carnegie Mellon University located in America?,Carnegie Mellon University | Rutgers University,5,1,1,"{""Carnegie Mellon University"":1,""Rutgers University"":2}","{""Carnegie Mellon University"":1,""Rutgers University"":2}",stable_hit
per_question,5ab8688b55429934fafe6daa,bridge,hard,"What material did a hairdresser from Yorkshire, England invent that was named by his granddaughter?",Maurice Ward | Starlite,2,0,1,"{""Maurice Ward"":1,""Starlite"":5}","{""Maurice Ward"":1,""Starlite"":2}",rescue
per_question,5ab8688b55429934fafe6daa,bridge,hard,"What material did a hairdresser from Yorkshire, England invent that was named by his granddaughter?",Maurice Ward | Starlite,5,1,1,"{""Maurice Ward"":1,""Starlite"":5}","{""Maurice Ward"":1,""Starlite"":2}",stable_hit
per_question,5ab8854555429934fafe6e0c,bridge,hard,"Works by Hanna Leena Kristiina Varis are part of a collection in a museum that houses approximately 65,000 what?",Albertina | Hanna Varis,2,1,1,"{""Albertina"":2,""Hanna Varis"":1}","{""Albertina"":2,""Hanna Varis"":1}",stable_hit
per_question,5ab8854555429934fafe6e0c,bridge,hard,"Works by Hanna Leena Kristiina Varis are part of a collection in a museum that houses approximately 65,000 what?",Albertina | Hanna Varis,5,1,1,"{""Albertina"":2,""Hanna Varis"":1}","{""Albertina"":2,""Hanna Varis"":1}",stable_hit
per_question,5ab8ee035542991b5579f04b,comparison,hard,Are Hot Rod and The Memory of Our People both magazines?,Hot Rod (magazine) | The Memory of Our People,2,1,1,"{""Hot Rod (magazine)"":1,""The Memory of Our People"":2}","{""Hot Rod (magazine)"":2,""The Memory of Our People"":1}",stable_hit
per_question,5ab8ee035542991b5579f04b,comparison,hard,Are Hot Rod and The Memory of Our People both magazines?,Hot Rod (magazine) | The Memory of Our People,5,1,1,"{""Hot Rod (magazine)"":1,""The Memory of Our People"":2}","{""Hot Rod (magazine)"":2,""The Memory of Our People"":1}",stable_hit
per_question,5ab8f57b5542991b5579f097,comparison,hard,Were Thomas H. Ince and Joseph McGrath of the same nationality?,Joseph McGrath (film director) | Thomas H. Ince,2,0,0,"{""Joseph McGrath (film director)"":1,""Thomas H. Ince"":4}","{""Joseph McGrath (film director)"":1,""Thomas H. Ince"":3}",stable_miss
per_question,5ab8f57b5542991b5579f097,comparison,hard,Were Thomas H. Ince and Joseph McGrath of the same nationality?,Joseph McGrath (film director) | Thomas H. Ince,5,1,1,"{""Joseph McGrath (film director)"":1,""Thomas H. Ince"":4}","{""Joseph McGrath (film director)"":1,""Thomas H. Ince"":3}",stable_hit
per_question,5ab8f7535542991b5579f0a7,comparison,hard,Which film was released first: Sacred Planet or Oz the Great and Powerful?,Oz the Great and Powerful | Sacred Planet,2,1,1,"{""Oz the Great and Powerful"":2,""Sacred Planet"":1}","{""Oz the Great and Powerful"":1,""Sacred Planet"":2}",stable_hit
per_question,5ab8f7535542991b5579f0a7,comparison,hard,Which film was released first: Sacred Planet or Oz the Great and Powerful?,Oz the Great and Powerful | Sacred Planet,5,1,1,"{""Oz the Great and Powerful"":2,""Sacred Planet"":1}","{""Oz the Great and Powerful"":1,""Sacred Planet"":2}",stable_hit
per_question,5ab9374b554299131ca422c6,bridge,hard,"Which man who presented the Australia 2022 FIFA World Cup bid was born on October 22, 1930?",Australia 2022 FIFA World Cup bid | Frank Lowy,2,0,0,"{""Australia 2022 FIFA World Cup bid"":1,""Frank Lowy"":10}","{""Australia 2022 FIFA World Cup bid"":1,""Frank Lowy"":10}",stable_miss
per_question,5ab9374b554299131ca422c6,bridge,hard,"Which man who presented the Australia 2022 FIFA World Cup bid was born on October 22, 1930?",Australia 2022 FIFA World Cup bid | Frank Lowy,5,0,0,"{""Australia 2022 FIFA World Cup bid"":1,""Frank Lowy"":10}","{""Australia 2022 FIFA World Cup bid"":1,""Frank Lowy"":10}",stable_miss
per_question,5ab96ab755429970cfb8eacd,bridge,hard,"Ellie Goulding worked with what other writers on her third studio album, Delirium?",Delirium (Ellie Goulding album) | On My Mind (Ellie Goulding song),2,0,1,"{""Delirium (Ellie Goulding album)"":1,""On My Mind (Ellie Goulding song)"":8}","{""Delirium (Ellie Goulding album)"":2,""On My Mind (Ellie Goulding song)"":1}",rescue
per_question,5ab96ab755429970cfb8eacd,bridge,hard,"Ellie Goulding worked with what other writers on her third studio album, Delirium?",Delirium (Ellie Goulding album) | On My Mind (Ellie Goulding song),5,0,1,"{""Delirium (Ellie Goulding album)"":1,""On My Mind (Ellie Goulding song)"":8}","{""Delirium (Ellie Goulding album)"":2,""On My Mind (Ellie Goulding song)"":1}",rescue
per_question,5ab978855542996be2020512,bridge,hard,"Over how many centuries were the ""dwelling place of the dead"" built?",Flaming Feather | Montezuma Castle National Monument,2,0,0,"{""Flaming Feather"":9,""Montezuma Castle National Monument"":6}","{""Flaming Feather"":2,""Montezuma Castle National Monument"":5}",stable_miss
per_question,5ab978855542996be2020512,bridge,hard,"Over how many centuries were the ""dwelling place of the dead"" built?",Flaming Feather | Montezuma Castle National Monument,5,0,1,"{""Flaming Feather"":9,""Montezuma Castle National Monument"":6}","{""Flaming Feather"":2,""Montezuma Castle National Monument"":5}",rescue
per_question,5ab9b29c554299743d22ebae,comparison,hard,"Which case came first, Craig v. Boren or United States v. Paramount Pictures, Inc.?","Craig v. Boren | United States v. Paramount Pictures, Inc.",2,1,1,"{""Craig v. Boren"":2,""United States v. Paramount Pictures, Inc."":1}","{""Craig v. Boren"":1,""United States v. Paramount Pictures, Inc."":2}",stable_hit
per_question,5ab9b29c554299743d22ebae,comparison,hard,"Which case came first, Craig v. Boren or United States v. Paramount Pictures, Inc.?","Craig v. Boren | United States v. Paramount Pictures, Inc.",5,1,1,"{""Craig v. Boren"":2,""United States v. Paramount Pictures, Inc."":1}","{""Craig v. Boren"":1,""United States v. Paramount Pictures, Inc."":2}",stable_hit
per_question,5ab9debb55429955dce3ed97,bridge,hard,"The English actor Kris Marshall played which character in the highly rated comedy-drama television series ""Death in Paradise""?",Death in Paradise (TV series) | Kris Marshall,2,0,0,"{""Death in Paradise (TV series)"":1,""Kris Marshall"":3}","{""Death in Paradise (TV series)"":3,""Kris Marshall"":1}",stable_miss
per_question,5ab9debb55429955dce3ed97,bridge,hard,"The English actor Kris Marshall played which character in the highly rated comedy-drama television series ""Death in Paradise""?",Death in Paradise (TV series) | Kris Marshall,5,1,1,"{""Death in Paradise (TV series)"":1,""Kris Marshall"":3}","{""Death in Paradise (TV series)"":3,""Kris Marshall"":1}",stable_hit
per_question,5aba5d2e55429901930fa799,bridge,hard,"What was the name of a woman from the book titled ""Their Lives: The Women Targeted by the Clinton Machine "" and was also a former white house intern?",Monica Lewinsky | Their Lives,2,1,0,"{""Monica Lewinsky"":2,""Their Lives"":1}","{""Monica Lewinsky"":6,""Their Lives"":1}",damage
per_question,5aba5d2e55429901930fa799,bridge,hard,"What was the name of a woman from the book titled ""Their Lives: The Women Targeted by the Clinton Machine "" and was also a former white house intern?",Monica Lewinsky | Their Lives,5,1,0,"{""Monica Lewinsky"":2,""Their Lives"":1}","{""Monica Lewinsky"":6,""Their Lives"":1}",damage
per_question,5aba65a055429939ce03dcd2,bridge,hard,Georges-Henri Bousquet translated the work of a historian who is of what heritage?,Georges-Henri Bousquet | Ibn Khaldun,2,0,0,"{""Georges-Henri Bousquet"":1,""Ibn Khaldun"":8}","{""Georges-Henri Bousquet"":1,""Ibn Khaldun"":9}",stable_miss
per_question,5aba65a055429939ce03dcd2,bridge,hard,Georges-Henri Bousquet translated the work of a historian who is of what heritage?,Georges-Henri Bousquet | Ibn Khaldun,5,0,0,"{""Georges-Henri Bousquet"":1,""Ibn Khaldun"":8}","{""Georges-Henri Bousquet"":1,""Ibn Khaldun"":9}",stable_miss
per_question,5aba749055429901930fa7d8,comparison,hard,What occupation do Chris Menges and Aram Avakian share?,Aram Avakian | Chris Menges,2,1,1,"{""Aram Avakian"":2,""Chris Menges"":1}","{""Aram Avakian"":1,""Chris Menges"":2}",stable_hit
per_question,5aba749055429901930fa7d8,comparison,hard,What occupation do Chris Menges and Aram Avakian share?,Aram Avakian | Chris Menges,5,1,1,"{""Aram Avakian"":2,""Chris Menges"":1}","{""Aram Avakian"":1,""Chris Menges"":2}",stable_hit
per_question,5aba7cfe554299232ef4a2fd,bridge,hard,The 2017–18 Wigan Athletic F.C. season will be a year in which the team competes in the league cup known as what for sponsorship reasons?,2017–18 Wigan Athletic F.C. season | EFL Cup,2,0,0,"{""2017–18 Wigan Athletic F.C. season"":1,""EFL Cup"":7}","{""2017–18 Wigan Athletic F.C. season"":1,""EFL Cup"":7}",stable_miss
per_question,5aba7cfe554299232ef4a2fd,bridge,hard,The 2017–18 Wigan Athletic F.C. season will be a year in which the team competes in the league cup known as what for sponsorship reasons?,2017–18 Wigan Athletic F.C. season | EFL Cup,5,0,0,"{""2017–18 Wigan Athletic F.C. season"":1,""EFL Cup"":7}","{""2017–18 Wigan Athletic F.C. season"":1,""EFL Cup"":7}",stable_miss
per_question,5aba9e2455429939ce03dd3a,bridge,hard,"Rejuvelac is kind of grain water invented and promoted by a ""holistic health"" practitioner born in which year ?",Ann Wigmore | Rejuvelac,2,0,1,"{""Ann Wigmore"":5,""Rejuvelac"":1}","{""Ann Wigmore"":2,""Rejuvelac"":1}",rescue
per_question,5aba9e2455429939ce03dd3a,bridge,hard,"Rejuvelac is kind of grain water invented and promoted by a ""holistic health"" practitioner born in which year ?",Ann Wigmore | Rejuvelac,5,1,1,"{""Ann Wigmore"":5,""Rejuvelac"":1}","{""Ann Wigmore"":2,""Rejuvelac"":1}",stable_hit
per_question,5abaf3195542996cc5e49f2c,bridge,hard,Which country did the Falkland Islands beat in the 2010 Commonwealth games that has eleven administrative divisions?,Gerald Reive | Samoa,2,0,0,"{""Gerald Reive"":4,""Samoa"":9}","{""Gerald Reive"":3,""Samoa"":9}",stable_miss
per_question,5abaf3195542996cc5e49f2c,bridge,hard,Which country did the Falkland Islands beat in the 2010 Commonwealth games that has eleven administrative divisions?,Gerald Reive | Samoa,5,0,0,"{""Gerald Reive"":4,""Samoa"":9}","{""Gerald Reive"":3,""Samoa"":9}",stable_miss
per_question,5abb30755542996cc5e49fd8,bridge,hard,Ronald Reagan and George H. W. Bush both held which position in office?,George H. W. Bush | Presidency of Ronald Reagan,2,0,0,"{""George H. W. Bush"":7,""Presidency of Ronald Reagan"":1}","{""George H. W. Bush"":8,""Presidency of Ronald Reagan"":1}",stable_miss
per_question,5abb30755542996cc5e49fd8,bridge,hard,Ronald Reagan and George H. W. Bush both held which position in office?,George H. W. Bush | Presidency of Ronald Reagan,5,0,0,"{""George H. W. Bush"":7,""Presidency of Ronald Reagan"":1}","{""George H. W. Bush"":8,""Presidency of Ronald Reagan"":1}",stable_miss
per_question,5abba4855542993f40c73b68,bridge,hard,"Who were the directors of the 2009 American science fiction film starring the actor who played Dexter Morgan in the Showtime TV Network series ""Dexter""?",Gamer (film) | Michael C. Hall,2,0,0,"{""Gamer (film)"":10,""Michael C. Hall"":3}","{""Gamer (film)"":10,""Michael C. Hall"":1}",stable_miss
per_question,5abba4855542993f40c73b68,bridge,hard,"Who were the directors of the 2009 American science fiction film starring the actor who played Dexter Morgan in the Showtime TV Network series ""Dexter""?",Gamer (film) | Michael C. Hall,5,0,0,"{""Gamer (film)"":10,""Michael C. Hall"":3}","{""Gamer (film)"":10,""Michael C. Hall"":1}",stable_miss
per_question,5abbd3ac55429931dba1458b,comparison,hard,Are both Duke Energy and Affiliated Managers Group based in Massachusetts?,Affiliated Managers Group | Duke Energy,2,1,1,"{""Affiliated Managers Group"":2,""Duke Energy"":1}","{""Affiliated Managers Group"":1,""Duke Energy"":2}",stable_hit
per_question,5abbd3ac55429931dba1458b,comparison,hard,Are both Duke Energy and Affiliated Managers Group based in Massachusetts?,Affiliated Managers Group | Duke Energy,5,1,1,"{""Affiliated Managers Group"":2,""Duke Energy"":1}","{""Affiliated Managers Group"":1,""Duke Energy"":2}",stable_hit
per_question,5abbf698554299114383a0b5,bridge,hard,Which British first-generation jet-powered medium bomber was used in the South West Pacific theatre of World War II?,English Electric Canberra | No. 2 Squadron RAAF,2,0,0,"{""English Electric Canberra"":1,""No. 2 Squadron RAAF"":3}","{""English Electric Canberra"":1,""No. 2 Squadron RAAF"":5}",stable_miss
per_question,5abbf698554299114383a0b5,bridge,hard,Which British first-generation jet-powered medium bomber was used in the South West Pacific theatre of World War II?,English Electric Canberra | No. 2 Squadron RAAF,5,1,1,"{""English Electric Canberra"":1,""No. 2 Squadron RAAF"":3}","{""English Electric Canberra"":1,""No. 2 Squadron RAAF"":5}",stable_hit
per_question,5abc0a5d5542993f40c73c64,comparison,hard,Are Freakonomics and In the Realm of the Hackers both American documentaries?,Freakonomics (film) | In the Realm of the Hackers,2,0,1,"{""Freakonomics (film)"":1,""In the Realm of the Hackers"":3}","{""Freakonomics (film)"":2,""In the Realm of the Hackers"":1}",rescue
per_question,5abc0a5d5542993f40c73c64,comparison,hard,Are Freakonomics and In the Realm of the Hackers both American documentaries?,Freakonomics (film) | In the Realm of the Hackers,5,1,1,"{""Freakonomics (film)"":1,""In the Realm of the Hackers"":3}","{""Freakonomics (film)"":2,""In the Realm of the Hackers"":1}",stable_hit
per_question,5abc3a65554299700f9d782d,bridge,hard,Candy Coburn has shared the stage with an American country music group with who playing guitar?,Candy Coburn | Lady Antebellum,2,1,0,"{""Candy Coburn"":1,""Lady Antebellum"":2}","{""Candy Coburn"":1,""Lady Antebellum"":7}",damage
per_question,5abc3a65554299700f9d782d,bridge,hard,Candy Coburn has shared the stage with an American country music group with who playing guitar?,Candy Coburn | Lady Antebellum,5,1,0,"{""Candy Coburn"":1,""Lady Antebellum"":2}","{""Candy Coburn"":1,""Lady Antebellum"":7}",damage
per_question,5abc5951554299114383a116,bridge,hard,"Which Argentine telenovela broadcast by Telefe from March 12 to December 19, 2012 starred Isabel Macedo as Jimena Benitez?",Graduados | Patricia Longo,2,0,1,"{""Graduados"":7,""Patricia Longo"":1}","{""Graduados"":2,""Patricia Longo"":1}",rescue
per_question,5abc5951554299114383a116,bridge,hard,"Which Argentine telenovela broadcast by Telefe from March 12 to December 19, 2012 starred Isabel Macedo as Jimena Benitez?",Graduados | Patricia Longo,5,0,1,"{""Graduados"":7,""Patricia Longo"":1}","{""Graduados"":2,""Patricia Longo"":1}",rescue
per_question,5abc8620554299700f9d78e2,comparison,hard,What type of media does Bitter Jester and Sicko have in common?,Bitter Jester | Sicko,2,0,0,"{""Bitter Jester"":1,""Sicko"":4}","{""Bitter Jester"":1,""Sicko"":3}",stable_miss
per_question,5abc8620554299700f9d78e2,comparison,hard,What type of media does Bitter Jester and Sicko have in common?,Bitter Jester | Sicko,5,1,1,"{""Bitter Jester"":1,""Sicko"":4}","{""Bitter Jester"":1,""Sicko"":3}",stable_hit
per_question,5abc8d75554299700f9d7900,bridge,hard,"Since 2 June 2017, The Leader of Fine Gael had been held by which Irish Fine Gael politician who has served as Taoiseach and Minister for Defence?",Leader of Fine Gael | Leo Varadkar,2,0,0,"{""Leader of Fine Gael"":1,""Leo Varadkar"":5}","{""Leader of Fine Gael"":3,""Leo Varadkar"":1}",stable_miss
per_question,5abc8d75554299700f9d7900,bridge,hard,"Since 2 June 2017, The Leader of Fine Gael had been held by which Irish Fine Gael politician who has served as Taoiseach and Minister for Defence?",Leader of Fine Gael | Leo Varadkar,5,1,1,"{""Leader of Fine Gael"":1,""Leo Varadkar"":5}","{""Leader of Fine Gael"":3,""Leo Varadkar"":1}",stable_hit
per_question,5abcc96c5542996583600492,bridge,hard,What is the name of the film starring Rose McGowan and features the character Earl McGraw's daughter?,Earl and Edgar McGraw | Planet Terror,2,0,0,"{""Earl and Edgar McGraw"":1,""Planet Terror"":6}","{""Earl and Edgar McGraw"":1,""Planet Terror"":7}",stable_miss
per_question,5abcc96c5542996583600492,bridge,hard,What is the name of the film starring Rose McGowan and features the character Earl McGraw's daughter?,Earl and Edgar McGraw | Planet Terror,5,0,0,"{""Earl and Edgar McGraw"":1,""Planet Terror"":6}","{""Earl and Edgar McGraw"":1,""Planet Terror"":7}",stable_miss
per_question,5abcfc365542993a06baf9d6,bridge,hard,"What year did the series on CBS, starring the actor who known for his role in ""Rebel Without a Cause,"" air?",CBS Television Workshop | James Dean,2,0,0,"{""CBS Television Workshop"":6,""James Dean"":4}","{""CBS Television Workshop"":8,""James Dean"":1}",stable_miss
per_question,5abcfc365542993a06baf9d6,bridge,hard,"What year did the series on CBS, starring the actor who known for his role in ""Rebel Without a Cause,"" air?",CBS Television Workshop | James Dean,5,0,0,"{""CBS Television Workshop"":6,""James Dean"":4}","{""CBS Television Workshop"":8,""James Dean"":1}",stable_miss
per_question,5abd01205542992ac4f3819b,bridge,hard,Mummulgum is a stop on the Bruxner Highway before reaching the town on the banks of which river?,"Casino, New South Wales | Mummulgum",2,0,0,"{""Casino, New South Wales"":10,""Mummulgum"":1}","{""Casino, New South Wales"":3,""Mummulgum"":1}",stable_miss
per_question,5abd01205542992ac4f3819b,bridge,hard,Mummulgum is a stop on the Bruxner Highway before reaching the town on the banks of which river?,"Casino, New South Wales | Mummulgum",5,0,1,"{""Casino, New South Wales"":10,""Mummulgum"":1}","{""Casino, New South Wales"":3,""Mummulgum"":1}",rescue
per_question,5abd0d635542992ac4f381b8,bridge,hard,How many days did it take the Best New Artist of 2009 to sell 2 million copies of an album in the UK and break a twenty year old record?,Adele | Robson &amp; Jerome (album),2,0,0,"{""Adele"":5,""Robson &amp; Jerome (album)"":2}","{""Adele"":6,""Robson &amp; Jerome (album)"":1}",stable_miss
per_question,5abd0d635542992ac4f381b8,bridge,hard,How many days did it take the Best New Artist of 2009 to sell 2 million copies of an album in the UK and break a twenty year old record?,Adele | Robson &amp; Jerome (album),5,1,0,"{""Adele"":5,""Robson &amp; Jerome (album)"":2}","{""Adele"":6,""Robson &amp; Jerome (album)"":1}",damage
per_question,5abd1529554299114383a1e3,bridge,hard,What type of magazine is Eugene Habecker the chairman of?,Christianity Today | Eugene Habecker,2,1,0,"{""Christianity Today"":2,""Eugene Habecker"":1}","{""Christianity Today"":7,""Eugene Habecker"":1}",damage
per_question,5abd1529554299114383a1e3,bridge,hard,What type of magazine is Eugene Habecker the chairman of?,Christianity Today | Eugene Habecker,5,1,0,"{""Christianity Today"":2,""Eugene Habecker"":1}","{""Christianity Today"":7,""Eugene Habecker"":1}",damage
per_question,5abd259d55429924427fcf1a,comparison,hard,"Are both Dictyosperma, and Huernia described as a genus?",Dictyosperma | Huernia,2,1,1,"{""Dictyosperma"":1,""Huernia"":2}","{""Dictyosperma"":2,""Huernia"":1}",stable_hit
per_question,5abd259d55429924427fcf1a,comparison,hard,"Are both Dictyosperma, and Huernia described as a genus?",Dictyosperma | Huernia,5,1,1,"{""Dictyosperma"":1,""Huernia"":2}","{""Dictyosperma"":2,""Huernia"":1}",stable_hit
per_question,5abd2eab5542992ac4f38210,bridge,hard,Which suburb is a soap opera featuring a character named Beverly Marshall set in?,Beverly Marshall | Ramsay Street,2,0,0,"{""Beverly Marshall"":1,""Ramsay Street"":5}","{""Beverly Marshall"":1,""Ramsay Street"":4}",stable_miss
per_question,5abd2eab5542992ac4f38210,bridge,hard,Which suburb is a soap opera featuring a character named Beverly Marshall set in?,Beverly Marshall | Ramsay Street,5,1,1,"{""Beverly Marshall"":1,""Ramsay Street"":5}","{""Beverly Marshall"":1,""Ramsay Street"":4}",stable_hit
per_question,5abd6bf055429933744ab7c8,bridge,hard,"What Division was the college footbal team that fired their head coach on November 24, 2006?",2006 Miami Hurricanes football team | Larry Coker,2,0,0,"{""2006 Miami Hurricanes football team"":1,""Larry Coker"":3}","{""2006 Miami Hurricanes football team"":5,""Larry Coker"":1}",stable_miss
per_question,5abd6bf055429933744ab7c8,bridge,hard,"What Division was the college footbal team that fired their head coach on November 24, 2006?",2006 Miami Hurricanes football team | Larry Coker,5,1,1,"{""2006 Miami Hurricanes football team"":1,""Larry Coker"":3}","{""2006 Miami Hurricanes football team"":5,""Larry Coker"":1}",stable_hit
per_question,5abd94525542992ac4f382d2,bridge,hard,2014 S/S is the debut album of a South Korean boy group that was formed by who?,2014 S/S | Winner (band),2,0,0,"{""2014 S/S"":1,""Winner (band)"":9}","{""2014 S/S"":1,""Winner (band)"":3}",stable_miss
per_question,5abd94525542992ac4f382d2,bridge,hard,2014 S/S is the debut album of a South Korean boy group that was formed by who?,2014 S/S | Winner (band),5,0,1,"{""2014 S/S"":1,""Winner (band)"":9}","{""2014 S/S"":1,""Winner (band)"":3}",rescue
per_question,5abdf12255429976d4830a2f,bridge,hard,The Album Against the Wind was the 11th Album of a Rock singer Robert C Seger born may 6 1945. What was the Rock singers stage name ?,Against the Wind (album) | Bob Seger,2,1,1,"{""Against the Wind (album)"":1,""Bob Seger"":2}","{""Against the Wind (album)"":1,""Bob Seger"":2}",stable_hit
per_question,5abdf12255429976d4830a2f,bridge,hard,The Album Against the Wind was the 11th Album of a Rock singer Robert C Seger born may 6 1945. What was the Rock singers stage name ?,Against the Wind (album) | Bob Seger,5,1,1,"{""Against the Wind (album)"":1,""Bob Seger"":2}","{""Against the Wind (album)"":1,""Bob Seger"":2}",stable_hit
per_question,5abe239355429976d4830a7d,bridge,hard,Jamie Harris is best known for his role as The Hook-Handed Man in a movie directed by who ?,Jamie Harris (actor) | Lemony Snicket's A Series of Unfortunate Events,2,0,0,"{""Jamie Harris (actor)"":1,""Lemony Snicket's A Series of Unfortunate Events"":8}","{""Jamie Harris (actor)"":1,""Lemony Snicket's A Series of Unfortunate Events"":8}",stable_miss
per_question,5abe239355429976d4830a7d,bridge,hard,Jamie Harris is best known for his role as The Hook-Handed Man in a movie directed by who ?,Jamie Harris (actor) | Lemony Snicket's A Series of Unfortunate Events,5,0,0,"{""Jamie Harris (actor)"":1,""Lemony Snicket's A Series of Unfortunate Events"":8}","{""Jamie Harris (actor)"":1,""Lemony Snicket's A Series of Unfortunate Events"":8}",stable_miss
per_question,5abe689a55429976d4830b16,comparison,hard,Which Grand Slam singles tournament have Francesca Schiavone and Olga Morozova both been finalists in?,Francesca Schiavone | Olga Morozova,2,0,0,"{""Francesca Schiavone"":1,""Olga Morozova"":3}","{""Francesca Schiavone"":2,""Olga Morozova"":3}",stable_miss
per_question,5abe689a55429976d4830b16,comparison,hard,Which Grand Slam singles tournament have Francesca Schiavone and Olga Morozova both been finalists in?,Francesca Schiavone | Olga Morozova,5,1,1,"{""Francesca Schiavone"":1,""Olga Morozova"":3}","{""Francesca Schiavone"":2,""Olga Morozova"":3}",stable_hit
per_question,5abf10b75542997719eab659,bridge,hard,What is the height of the player who won the 2015 AFL Rising Star award?,2015 AFL Rising Star | Jesse Hogan,2,0,1,"{""2015 AFL Rising Star"":1,""Jesse Hogan"":3}","{""2015 AFL Rising Star"":1,""Jesse Hogan"":2}",rescue
per_question,5abf10b75542997719eab659,bridge,hard,What is the height of the player who won the 2015 AFL Rising Star award?,2015 AFL Rising Star | Jesse Hogan,5,1,1,"{""2015 AFL Rising Star"":1,""Jesse Hogan"":3}","{""2015 AFL Rising Star"":1,""Jesse Hogan"":2}",stable_hit
per_question,5abf44025542993fe9a41def,comparison,hard,which writer has the highest number of skill  Langston Hughes or  Ian McEwan,Ian McEwan | Langston Hughes,2,0,1,"{""Ian McEwan"":4,""Langston Hughes"":1}","{""Ian McEwan"":1,""Langston Hughes"":2}",rescue
per_question,5abf44025542993fe9a41def,comparison,hard,which writer has the highest number of skill  Langston Hughes or  Ian McEwan,Ian McEwan | Langston Hughes,5,1,1,"{""Ian McEwan"":4,""Langston Hughes"":1}","{""Ian McEwan"":1,""Langston Hughes"":2}",stable_hit
per_question,5abf63f15542997ec76fd3ea,bridge,hard,Alexander Kerensky was defeated and destroyed by the Bolsheviks in the course of a civil war that ended when ?,Russian Civil War | Socialist Revolutionary Party,2,0,0,"{""Russian Civil War"":3,""Socialist Revolutionary Party"":5}","{""Russian Civil War"":3,""Socialist Revolutionary Party"":7}",stable_miss
per_question,5abf63f15542997ec76fd3ea,bridge,hard,Alexander Kerensky was defeated and destroyed by the Bolsheviks in the course of a civil war that ended when ?,Russian Civil War | Socialist Revolutionary Party,5,1,0,"{""Russian Civil War"":3,""Socialist Revolutionary Party"":5}","{""Russian Civil War"":3,""Socialist Revolutionary Party"":7}",damage
per_question,5abfb3425542990832d3a1c0,bridge,hard,Andrew Jaspan was the co-founder of what not-for-profit media outlet?,Andrew Jaspan | The Conversation (website),2,0,0,"{""Andrew Jaspan"":1,""The Conversation (website)"":8}","{""Andrew Jaspan"":1,""The Conversation (website)"":4}",stable_miss
per_question,5abfb3425542990832d3a1c0,bridge,hard,Andrew Jaspan was the co-founder of what not-for-profit media outlet?,Andrew Jaspan | The Conversation (website),5,0,1,"{""Andrew Jaspan"":1,""The Conversation (website)"":8}","{""Andrew Jaspan"":1,""The Conversation (website)"":4}",rescue
per_question,5abffc41554299012d1db551,bridge,hard,"The 1984 film ""Marlene"" is a documentary about an actress born in what year?",Marlene (1984 film) | Marlene Dietrich,2,1,1,"{""Marlene (1984 film)"":1,""Marlene Dietrich"":2}","{""Marlene (1984 film)"":1,""Marlene Dietrich"":2}",stable_hit
per_question,5abffc41554299012d1db551,bridge,hard,"The 1984 film ""Marlene"" is a documentary about an actress born in what year?",Marlene (1984 film) | Marlene Dietrich,5,1,1,"{""Marlene (1984 film)"":1,""Marlene Dietrich"":2}","{""Marlene (1984 film)"":1,""Marlene Dietrich"":2}",stable_hit
per_question,5ac01bb8554299012d1db5a6,bridge,hard,"Which American character actor who starred on the television series ""Stargate SG-1"" (1997–2007) and appeared in ""Episode 8"" of ""Twin Peaks"" as a guest star?",Don S. Davis | Episode 8 (Twin Peaks),2,0,0,"{""Don S. Davis"":1,""Episode 8 (Twin Peaks)"":10}","{""Don S. Davis"":1,""Episode 8 (Twin Peaks)"":9}",stable_miss
per_question,5ac01bb8554299012d1db5a6,bridge,hard,"Which American character actor who starred on the television series ""Stargate SG-1"" (1997–2007) and appeared in ""Episode 8"" of ""Twin Peaks"" as a guest star?",Don S. Davis | Episode 8 (Twin Peaks),5,0,0,"{""Don S. Davis"":1,""Episode 8 (Twin Peaks)"":10}","{""Don S. Davis"":1,""Episode 8 (Twin Peaks)"":9}",stable_miss
per_question,5ac01bca5542992a796dec8d,bridge,hard,What 2017 Christopher B. Landon directed American slasher film is Jessica Rothe starring in?,Happy Death Day | Jessica Rothe,2,0,1,"{""Happy Death Day"":2,""Jessica Rothe"":3}","{""Happy Death Day"":1,""Jessica Rothe"":2}",rescue
per_question,5ac01bca5542992a796dec8d,bridge,hard,What 2017 Christopher B. Landon directed American slasher film is Jessica Rothe starring in?,Happy Death Day | Jessica Rothe,5,1,1,"{""Happy Death Day"":2,""Jessica Rothe"":3}","{""Happy Death Day"":1,""Jessica Rothe"":2}",stable_hit
per_question,5ac02e31554299294b218f3f,bridge,hard,Which post DC Extended Universe actress will also play a role in what is intended to be the fifth installment of the DC Extended Universe?,Gal Gadot | Justice League (film),2,0,0,"{""Gal Gadot"":4,""Justice League (film)"":3}","{""Gal Gadot"":3,""Justice League (film)"":1}",stable_miss
per_question,5ac02e31554299294b218f3f,bridge,hard,Which post DC Extended Universe actress will also play a role in what is intended to be the fifth installment of the DC Extended Universe?,Gal Gadot | Justice League (film),5,1,1,"{""Gal Gadot"":4,""Justice League (film)"":3}","{""Gal Gadot"":3,""Justice League (film)"":1}",stable_hit
per_question,5ac02edb554299294b218f41,bridge,hard,The 37th Disney animated feature film Tarzan features You'll be in my heart by which artist?,Tarzan (1999 film) | You'll Be in My Heart,2,1,1,"{""Tarzan (1999 film)"":2,""You'll Be in My Heart"":1}","{""Tarzan (1999 film)"":2,""You'll Be in My Heart"":1}",stable_hit
per_question,5ac02edb554299294b218f41,bridge,hard,The 37th Disney animated feature film Tarzan features You'll be in my heart by which artist?,Tarzan (1999 film) | You'll Be in My Heart,5,1,1,"{""Tarzan (1999 film)"":2,""You'll Be in My Heart"":1}","{""Tarzan (1999 film)"":2,""You'll Be in My Heart"":1}",stable_hit
per_question,5ac038db554299294b218f57,bridge,hard,Which of the movie which has Rich Lee 3-D previsualizations was directed by Francis Lawrence?,Constantine (film) | Rich Lee,2,0,0,"{""Constantine (film)"":5,""Rich Lee"":1}","{""Constantine (film)"":5,""Rich Lee"":1}",stable_miss
per_question,5ac038db554299294b218f57,bridge,hard,Which of the movie which has Rich Lee 3-D previsualizations was directed by Francis Lawrence?,Constantine (film) | Rich Lee,5,1,1,"{""Constantine (film)"":5,""Rich Lee"":1}","{""Constantine (film)"":5,""Rich Lee"":1}",stable_hit
per_question,5ac056385542997d64295a08,bridge,hard,Ambrose Mendy has managed and/or advised a British professional boxer that as of July 2017 is ranked the world's seventh best super middleweight by who?,Ambrose Mendy | Chris Eubank Jr.,2,1,1,"{""Ambrose Mendy"":1,""Chris Eubank Jr."":2}","{""Ambrose Mendy"":1,""Chris Eubank Jr."":2}",stable_hit
per_question,5ac056385542997d64295a08,bridge,hard,Ambrose Mendy has managed and/or advised a British professional boxer that as of July 2017 is ranked the world's seventh best super middleweight by who?,Ambrose Mendy | Chris Eubank Jr.,5,1,1,"{""Ambrose Mendy"":1,""Chris Eubank Jr."":2}","{""Ambrose Mendy"":1,""Chris Eubank Jr."":2}",stable_hit
per_question,5ac0cf0f554299294b219018,comparison,hard,"Which band has more members, Test Icicles or X Ambassadors?",Test Icicles | X Ambassadors,2,1,1,"{""Test Icicles"":1,""X Ambassadors"":2}","{""Test Icicles"":2,""X Ambassadors"":1}",stable_hit
per_question,5ac0cf0f554299294b219018,comparison,hard,"Which band has more members, Test Icicles or X Ambassadors?",Test Icicles | X Ambassadors,5,1,1,"{""Test Icicles"":1,""X Ambassadors"":2}","{""Test Icicles"":2,""X Ambassadors"":1}",stable_hit
per_question,5ac0d83a554299294b219038,bridge,hard,Randall Cunningham II was a multi-sport athlete at the high school located in what Nevada city?,Bishop Gorman High School | Randall Cunningham II,2,0,0,"{""Bishop Gorman High School"":4,""Randall Cunningham II"":1}","{""Bishop Gorman High School"":10,""Randall Cunningham II"":1}",stable_miss
per_question,5ac0d83a554299294b219038,bridge,hard,Randall Cunningham II was a multi-sport athlete at the high school located in what Nevada city?,Bishop Gorman High School | Randall Cunningham II,5,1,0,"{""Bishop Gorman High School"":4,""Randall Cunningham II"":1}","{""Bishop Gorman High School"":10,""Randall Cunningham II"":1}",damage
per_question,5ac119335542992a796dede4,bridge,hard,I'd Come for You is a single by the band formed in what Alberta city?,I'd Come for You | Nickelback,2,0,0,"{""I'd Come for You"":1,""Nickelback"":9}","{""I'd Come for You"":1,""Nickelback"":9}",stable_miss
per_question,5ac119335542992a796dede4,bridge,hard,I'd Come for You is a single by the band formed in what Alberta city?,I'd Come for You | Nickelback,5,0,0,"{""I'd Come for You"":1,""Nickelback"":9}","{""I'd Come for You"":1,""Nickelback"":9}",stable_miss
per_question,5ac120c55542992a796dedfc,bridge,hard,Maxeda has been owned since 2004 by which American multinational equity firm?,Kohlberg Kravis Roberts | Maxeda,2,0,1,"{""Kohlberg Kravis Roberts"":9,""Maxeda"":1}","{""Kohlberg Kravis Roberts"":2,""Maxeda"":1}",rescue
per_question,5ac120c55542992a796dedfc,bridge,hard,Maxeda has been owned since 2004 by which American multinational equity firm?,Kohlberg Kravis Roberts | Maxeda,5,0,1,"{""Kohlberg Kravis Roberts"":9,""Maxeda"":1}","{""Kohlberg Kravis Roberts"":2,""Maxeda"":1}",rescue
per_question,5ac1795f5542994ab5c67d5f,bridge,hard,Who is known for producing the documentary television series based on the book by science historian James Burke?,Connections (TV series) | James Burke (science historian),2,0,1,"{""Connections (TV series)"":3,""James Burke (science historian)"":2}","{""Connections (TV series)"":2,""James Burke (science historian)"":1}",rescue
per_question,5ac1795f5542994ab5c67d5f,bridge,hard,Who is known for producing the documentary television series based on the book by science historian James Burke?,Connections (TV series) | James Burke (science historian),5,1,1,"{""Connections (TV series)"":3,""James Burke (science historian)"":2}","{""Connections (TV series)"":2,""James Burke (science historian)"":1}",stable_hit
per_question,5ac1a3665542994ab5c67daf,bridge,hard,What was position of the man who served Prince Andrew from 1990-2001? ,"Neil Blair | Prince Andrew, Duke of York",2,1,1,"{""Neil Blair"":2,""Prince Andrew, Duke of York"":1}","{""Neil Blair"":1,""Prince Andrew, Duke of York"":2}",stable_hit
per_question,5ac1a3665542994ab5c67daf,bridge,hard,What was position of the man who served Prince Andrew from 1990-2001? ,"Neil Blair | Prince Andrew, Duke of York",5,1,1,"{""Neil Blair"":2,""Prince Andrew, Duke of York"":1}","{""Neil Blair"":1,""Prince Andrew, Duke of York"":2}",stable_hit
per_question,5ac1b8ee5542994d76dccedc,comparison,hard,"Which filmmaker was known for animation, Lev Yilmaz or Pamela B. Green?",Lev Yilmaz | Pamela B. Green,2,1,1,"{""Lev Yilmaz"":2,""Pamela B. Green"":1}","{""Lev Yilmaz"":2,""Pamela B. Green"":1}",stable_hit
per_question,5ac1b8ee5542994d76dccedc,comparison,hard,"Which filmmaker was known for animation, Lev Yilmaz or Pamela B. Green?",Lev Yilmaz | Pamela B. Green,5,1,1,"{""Lev Yilmaz"":2,""Pamela B. Green"":1}","{""Lev Yilmaz"":2,""Pamela B. Green"":1}",stable_hit
per_question,5ac1c6805542994ab5c67e11,bridge,hard,For what type of work is the production company for The Year Without a Santa Claus best known?,Rankin/Bass Productions | The Year Without a Santa Claus,2,0,0,"{""Rankin/Bass Productions"":10,""The Year Without a Santa Claus"":1}","{""Rankin/Bass Productions"":10,""The Year Without a Santa Claus"":1}",stable_miss
per_question,5ac1c6805542994ab5c67e11,bridge,hard,For what type of work is the production company for The Year Without a Santa Claus best known?,Rankin/Bass Productions | The Year Without a Santa Claus,5,0,0,"{""Rankin/Bass Productions"":10,""The Year Without a Santa Claus"":1}","{""Rankin/Bass Productions"":10,""The Year Without a Santa Claus"":1}",stable_miss
per_question,5ac1f4495542991316484bd2,comparison,hard,"Who has more scope of profession, Phil Rosen or  Delmer Daves?",Delmer Daves | Phil Rosen,2,1,1,"{""Delmer Daves"":2,""Phil Rosen"":1}","{""Delmer Daves"":2,""Phil Rosen"":1}",stable_hit
per_question,5ac1f4495542991316484bd2,comparison,hard,"Who has more scope of profession, Phil Rosen or  Delmer Daves?",Delmer Daves | Phil Rosen,5,1,1,"{""Delmer Daves"":2,""Phil Rosen"":1}","{""Delmer Daves"":2,""Phil Rosen"":1}",stable_hit
per_question,5ac23ff0554299636651994d,bridge,hard,"When was Poison's album ""Shut Up, Make Love"" released?","Poison (American band) | Shut Up, Make Love",2,1,0,"{""Poison (American band)"":2,""Shut Up, Make Love"":1}","{""Poison (American band)"":3,""Shut Up, Make Love"":1}",damage
per_question,5ac23ff0554299636651994d,bridge,hard,"When was Poison's album ""Shut Up, Make Love"" released?","Poison (American band) | Shut Up, Make Love",5,1,1,"{""Poison (American band)"":2,""Shut Up, Make Love"":1}","{""Poison (American band)"":3,""Shut Up, Make Love"":1}",stable_hit
per_question,5ac2659b55429963665199a1,bridge,hard,"How many laps did Harry Prowell run during the 10,000 metres race at the 1967 Pan American Games?","10,000 metres | Harry Prowell",2,0,1,"{""10,000 metres"":4,""Harry Prowell"":1}","{""10,000 metres"":2,""Harry Prowell"":1}",rescue
per_question,5ac2659b55429963665199a1,bridge,hard,"How many laps did Harry Prowell run during the 10,000 metres race at the 1967 Pan American Games?","10,000 metres | Harry Prowell",5,1,1,"{""10,000 metres"":4,""Harry Prowell"":1}","{""10,000 metres"":2,""Harry Prowell"":1}",stable_hit
per_question,5ac289ff5542996366519a02,comparison,hard,Is the Marsilea or the Brabejum the genus of more individual species of plants?,Brabejum | Marsilea,2,0,1,"{""Brabejum"":3,""Marsilea"":1}","{""Brabejum"":2,""Marsilea"":1}",rescue
per_question,5ac289ff5542996366519a02,comparison,hard,Is the Marsilea or the Brabejum the genus of more individual species of plants?,Brabejum | Marsilea,5,1,1,"{""Brabejum"":3,""Marsilea"":1}","{""Brabejum"":2,""Marsilea"":1}",stable_hit
per_question,5ac298f9554299657fa28fc9,comparison,hard,"Josey Scott and Ian Watkins were both promising musicians. Which of these talented men was incarcerated, impacting his career with a rock band?",Ian Watkins (Lostprophets) | Josey Scott,2,1,1,"{""Ian Watkins (Lostprophets)"":1,""Josey Scott"":2}","{""Ian Watkins (Lostprophets)"":1,""Josey Scott"":2}",stable_hit
per_question,5ac298f9554299657fa28fc9,comparison,hard,"Josey Scott and Ian Watkins were both promising musicians. Which of these talented men was incarcerated, impacting his career with a rock band?",Ian Watkins (Lostprophets) | Josey Scott,5,1,1,"{""Ian Watkins (Lostprophets)"":1,""Josey Scott"":2}","{""Ian Watkins (Lostprophets)"":1,""Josey Scott"":2}",stable_hit
per_question,5ac2a399554299218029dada,bridge,hard,Who programmed a cartridge-based development system made by a company noted for authoring Atari's BASIC?,Atari Assembler Editor | Shepardson Microsystems,2,0,1,"{""Atari Assembler Editor"":1,""Shepardson Microsystems"":6}","{""Atari Assembler Editor"":1,""Shepardson Microsystems"":2}",rescue
per_question,5ac2a399554299218029dada,bridge,hard,Who programmed a cartridge-based development system made by a company noted for authoring Atari's BASIC?,Atari Assembler Editor | Shepardson Microsystems,5,0,1,"{""Atari Assembler Editor"":1,""Shepardson Microsystems"":6}","{""Atari Assembler Editor"":1,""Shepardson Microsystems"":2}",rescue
per_question,5ac2acff55429921a00ab02b,bridge,hard,who is the younger brother of The episode guest stars of The Hard Easy ,Brian Doyle-Murray | The Hard Easy (Adventure Time),2,0,0,"{""Brian Doyle-Murray"":10,""The Hard Easy (Adventure Time)"":2}","{""Brian Doyle-Murray"":10,""The Hard Easy (Adventure Time)"":1}",stable_miss
per_question,5ac2acff55429921a00ab02b,bridge,hard,who is the younger brother of The episode guest stars of The Hard Easy ,Brian Doyle-Murray | The Hard Easy (Adventure Time),5,0,0,"{""Brian Doyle-Murray"":10,""The Hard Easy (Adventure Time)"":2}","{""Brian Doyle-Murray"":10,""The Hard Easy (Adventure Time)"":1}",stable_miss
per_question,5ac2bbd0554299218029db09,bridge,hard,The author of The Thing of It Is... is what Nationality?,The Thing of It Is... | William Goldman,2,0,0,"{""The Thing of It Is..."":1,""William Goldman"":10}","{""The Thing of It Is..."":1,""William Goldman"":9}",stable_miss
per_question,5ac2bbd0554299218029db09,bridge,hard,The author of The Thing of It Is... is what Nationality?,The Thing of It Is... | William Goldman,5,0,0,"{""The Thing of It Is..."":1,""William Goldman"":10}","{""The Thing of It Is..."":1,""William Goldman"":9}",stable_miss
per_question,5ac2d1d755429921a00ab053,comparison,hard,"Who had the best singles ranking, Roberta Vinci or Jorge Lozano?",Jorge Lozano | Roberta Vinci,2,0,1,"{""Jorge Lozano"":6,""Roberta Vinci"":1}","{""Jorge Lozano"":1,""Roberta Vinci"":2}",rescue
per_question,5ac2d1d755429921a00ab053,comparison,hard,"Who had the best singles ranking, Roberta Vinci or Jorge Lozano?",Jorge Lozano | Roberta Vinci,5,0,1,"{""Jorge Lozano"":6,""Roberta Vinci"":1}","{""Jorge Lozano"":1,""Roberta Vinci"":2}",rescue
per_question,5ac2ffbd554299677310267b,bridge,hard,SuperMansion starred the actress who had a recurring role as whom on Workaholics?,Jillian Bell | SuperMansion,2,1,1,"{""Jillian Bell"":2,""SuperMansion"":1}","{""Jillian Bell"":2,""SuperMansion"":1}",stable_hit
per_question,5ac2ffbd554299677310267b,bridge,hard,SuperMansion starred the actress who had a recurring role as whom on Workaholics?,Jillian Bell | SuperMansion,5,1,1,"{""Jillian Bell"":2,""SuperMansion"":1}","{""Jillian Bell"":2,""SuperMansion"":1}",stable_hit
per_question,5ac3165c5542995ef918c10a,bridge,hard,Which American film director hosted the 18th Independent Spirit Awards in 2002?,18th Independent Spirit Awards | John Waters,2,0,0,"{""18th Independent Spirit Awards"":1,""John Waters"":9}","{""18th Independent Spirit Awards"":1,""John Waters"":10}",stable_miss
per_question,5ac3165c5542995ef918c10a,bridge,hard,Which American film director hosted the 18th Independent Spirit Awards in 2002?,18th Independent Spirit Awards | John Waters,5,0,0,"{""18th Independent Spirit Awards"":1,""John Waters"":9}","{""18th Independent Spirit Awards"":1,""John Waters"":10}",stable_miss
per_question,5ac32b565542995ef918c154,bridge,hard,Where is the stadium at which 1964 Georgia Tech Yellow Jackets football team played their home game located? ,1964 Georgia Tech Yellow Jackets football team | Bobby Dodd Stadium,2,0,0,"{""1964 Georgia Tech Yellow Jackets football team"":1,""Bobby Dodd Stadium"":6}","{""1964 Georgia Tech Yellow Jackets football team"":1,""Bobby Dodd Stadium"":4}",stable_miss
per_question,5ac32b565542995ef918c154,bridge,hard,Where is the stadium at which 1964 Georgia Tech Yellow Jackets football team played their home game located? ,1964 Georgia Tech Yellow Jackets football team | Bobby Dodd Stadium,5,0,1,"{""1964 Georgia Tech Yellow Jackets football team"":1,""Bobby Dodd Stadium"":6}","{""1964 Georgia Tech Yellow Jackets football team"":1,""Bobby Dodd Stadium"":4}",rescue
per_question,5ac3ae475542995ef918c1e5,comparison,hard,Are Skeptical Inquirer and The Progressive Populist both tabloid-style magazines?,Skeptical Inquirer | The Progressive Populist,2,1,1,"{""Skeptical Inquirer"":2,""The Progressive Populist"":1}","{""Skeptical Inquirer"":2,""The Progressive Populist"":1}",stable_hit
per_question,5ac3ae475542995ef918c1e5,comparison,hard,Are Skeptical Inquirer and The Progressive Populist both tabloid-style magazines?,Skeptical Inquirer | The Progressive Populist,5,1,1,"{""Skeptical Inquirer"":2,""The Progressive Populist"":1}","{""Skeptical Inquirer"":2,""The Progressive Populist"":1}",stable_hit
per_question,5ac3d9c9554299204fd21ea3,bridge,hard,Erica Packer was the second wife of what Australian businessman?,Erica Packer | James Packer,2,1,1,"{""Erica Packer"":1,""James Packer"":2}","{""Erica Packer"":1,""James Packer"":2}",stable_hit
per_question,5ac3d9c9554299204fd21ea3,bridge,hard,Erica Packer was the second wife of what Australian businessman?,Erica Packer | James Packer,5,1,1,"{""Erica Packer"":1,""James Packer"":2}","{""Erica Packer"":1,""James Packer"":2}",stable_hit
per_question,5ac3e0f7554299194317388b,bridge,hard,Which actor does American Beauty and American Beauty have in common?,American Beauty (1999 film) | American Beauty (soundtrack),2,0,0,"{""American Beauty (1999 film)"":1,""American Beauty (soundtrack)"":6}","{""American Beauty (1999 film)"":1,""American Beauty (soundtrack)"":5}",stable_miss
per_question,5ac3e0f7554299194317388b,bridge,hard,Which actor does American Beauty and American Beauty have in common?,American Beauty (1999 film) | American Beauty (soundtrack),5,0,1,"{""American Beauty (1999 film)"":1,""American Beauty (soundtrack)"":6}","{""American Beauty (1999 film)"":1,""American Beauty (soundtrack)"":5}",rescue
per_question,5ac4392e5542997ea680ca32,comparison,hard,Were Enrique Carreras and Lionel Ngakane both filmakers during the 20th century? ,Enrique Carreras | Lionel Ngakane,2,1,1,"{""Enrique Carreras"":1,""Lionel Ngakane"":2}","{""Enrique Carreras"":1,""Lionel Ngakane"":2}",stable_hit
per_question,5ac4392e5542997ea680ca32,comparison,hard,Were Enrique Carreras and Lionel Ngakane both filmakers during the 20th century? ,Enrique Carreras | Lionel Ngakane,5,1,1,"{""Enrique Carreras"":1,""Lionel Ngakane"":2}","{""Enrique Carreras"":1,""Lionel Ngakane"":2}",stable_hit
per_question,5ac45b58554299076e296dad,comparison,hard,"Which has the larger population, Shanghai or Hanggin Rear Banner?",Hanggin Rear Banner | Shanghai,2,0,0,"{""Hanggin Rear Banner"":1,""Shanghai"":4}","{""Hanggin Rear Banner"":1,""Shanghai"":4}",stable_miss
per_question,5ac45b58554299076e296dad,comparison,hard,"Which has the larger population, Shanghai or Hanggin Rear Banner?",Hanggin Rear Banner | Shanghai,5,1,1,"{""Hanggin Rear Banner"":1,""Shanghai"":4}","{""Hanggin Rear Banner"":1,""Shanghai"":4}",stable_hit
per_question,5ac497025542997ea680ca8d,bridge,hard,Who were the producers of the show for which Chris McKay made his feature film directorial debut?,Chris McKay | The Lego Batman Movie,2,0,1,"{""Chris McKay"":1,""The Lego Batman Movie"":3}","{""Chris McKay"":1,""The Lego Batman Movie"":2}",rescue
per_question,5ac497025542997ea680ca8d,bridge,hard,Who were the producers of the show for which Chris McKay made his feature film directorial debut?,Chris McKay | The Lego Batman Movie,5,1,1,"{""Chris McKay"":1,""The Lego Batman Movie"":3}","{""Chris McKay"":1,""The Lego Batman Movie"":2}",stable_hit
per_question,5ac5199a5542994611c8b38a,comparison,hard,Can Stenocereus and Pachypodium both include tree like plants?,Pachypodium | Stenocereus,2,1,0,"{""Pachypodium"":1,""Stenocereus"":2}","{""Pachypodium"":3,""Stenocereus"":1}",damage
per_question,5ac5199a5542994611c8b38a,comparison,hard,Can Stenocereus and Pachypodium both include tree like plants?,Pachypodium | Stenocereus,5,1,1,"{""Pachypodium"":1,""Stenocereus"":2}","{""Pachypodium"":3,""Stenocereus"":1}",stable_hit
per_question,5ac52fc35542994611c8b403,bridge,hard,"Which ""Official Ireland"" group comprises about  78.3% of the population of Ireland? ",Catholic Church in Ireland | Official Ireland,2,1,1,"{""Catholic Church in Ireland"":1,""Official Ireland"":2}","{""Catholic Church in Ireland"":1,""Official Ireland"":2}",stable_hit
per_question,5ac52fc35542994611c8b403,bridge,hard,"Which ""Official Ireland"" group comprises about  78.3% of the population of Ireland? ",Catholic Church in Ireland | Official Ireland,5,1,1,"{""Catholic Church in Ireland"":1,""Official Ireland"":2}","{""Catholic Church in Ireland"":1,""Official Ireland"":2}",stable_hit
per_question,5ac537975542996feb3fea3c,bridge,hard,Walt Zeboski photographed which 40th President during his campaign in 1980?,Ronald Reagan | Walt Zeboski,2,1,1,"{""Ronald Reagan"":2,""Walt Zeboski"":1}","{""Ronald Reagan"":2,""Walt Zeboski"":1}",stable_hit
per_question,5ac537975542996feb3fea3c,bridge,hard,Walt Zeboski photographed which 40th President during his campaign in 1980?,Ronald Reagan | Walt Zeboski,5,1,1,"{""Ronald Reagan"":2,""Walt Zeboski"":1}","{""Ronald Reagan"":2,""Walt Zeboski"":1}",stable_hit
per_question,5ac547525542993e66e822a3,bridge,hard,"In 2017, what was 3/4th of the organization that also has a Center for Veterinary Medicine as well as part of the U.S. Department of Health and Human Services, spent on?",Food and Drug Administration | Melarsomine,2,0,0,"{""Food and Drug Administration"":3,""Melarsomine"":10}","{""Food and Drug Administration"":1,""Melarsomine"":8}",stable_miss
per_question,5ac547525542993e66e822a3,bridge,hard,"In 2017, what was 3/4th of the organization that also has a Center for Veterinary Medicine as well as part of the U.S. Department of Health and Human Services, spent on?",Food and Drug Administration | Melarsomine,5,0,0,"{""Food and Drug Administration"":3,""Melarsomine"":10}","{""Food and Drug Administration"":1,""Melarsomine"":8}",stable_miss
per_question,5adbda2755429944faac2385,bridge,hard,Which American writer wrote both The Ganymede Takeover (1967) and The Man in the High Castle (1962)?,The Ganymede Takeover | The Man in the High Castle,2,1,1,"{""The Ganymede Takeover"":1,""The Man in the High Castle"":2}","{""The Ganymede Takeover"":1,""The Man in the High Castle"":2}",stable_hit
per_question,5adbda2755429944faac2385,bridge,hard,Which American writer wrote both The Ganymede Takeover (1967) and The Man in the High Castle (1962)?,The Ganymede Takeover | The Man in the High Castle,5,1,1,"{""The Ganymede Takeover"":1,""The Man in the High Castle"":2}","{""The Ganymede Takeover"":1,""The Man in the High Castle"":2}",stable_hit
per_question,5adbe1a7554299438c868cc3,bridge,hard,What is the name of this Fortune 500 American company that operates a chain of retail home improvement stores that sponsored House Rules?,House Rules (2003 TV series) | Lowe's,2,0,0,"{""House Rules (2003 TV series)"":8,""Lowe's"":1}","{""House Rules (2003 TV series)"":7,""Lowe's"":1}",stable_miss
per_question,5adbe1a7554299438c868cc3,bridge,hard,What is the name of this Fortune 500 American company that operates a chain of retail home improvement stores that sponsored House Rules?,House Rules (2003 TV series) | Lowe's,5,0,0,"{""House Rules (2003 TV series)"":8,""Lowe's"":1}","{""House Rules (2003 TV series)"":7,""Lowe's"":1}",stable_miss
per_question,5adbf0a255429947ff17385a,comparison,hard,Are the Laleli Mosque and Esma Sultan Mansion located in the same neighborhood?,Esma Sultan Mansion | Laleli Mosque,2,1,1,"{""Esma Sultan Mansion"":1,""Laleli Mosque"":2}","{""Esma Sultan Mansion"":1,""Laleli Mosque"":2}",stable_hit
per_question,5adbf0a255429947ff17385a,comparison,hard,Are the Laleli Mosque and Esma Sultan Mansion located in the same neighborhood?,Esma Sultan Mansion | Laleli Mosque,5,1,1,"{""Esma Sultan Mansion"":1,""Laleli Mosque"":2}","{""Esma Sultan Mansion"":1,""Laleli Mosque"":2}",stable_hit
per_question,5adbfbd555429947ff173893,bridge,hard,What British singer-songwriter hosted the 16th Annual Young Hollywood Awards?,2014 Young Hollywood Awards | Kelly Osbourne,2,0,0,"{""2014 Young Hollywood Awards"":2,""Kelly Osbourne"":9}","{""2014 Young Hollywood Awards"":1,""Kelly Osbourne"":7}",stable_miss
per_question,5adbfbd555429947ff173893,bridge,hard,What British singer-songwriter hosted the 16th Annual Young Hollywood Awards?,2014 Young Hollywood Awards | Kelly Osbourne,5,0,0,"{""2014 Young Hollywood Awards"":2,""Kelly Osbourne"":9}","{""2014 Young Hollywood Awards"":1,""Kelly Osbourne"":7}",stable_miss
per_question,5adc094a55429947ff1738c0,bridge,hard,American Blues included the drummer from which American rock band?,American Blues | Frank Beard (musician),2,0,0,"{""American Blues"":1,""Frank Beard (musician)"":5}","{""American Blues"":3,""Frank Beard (musician)"":2}",stable_miss
per_question,5adc094a55429947ff1738c0,bridge,hard,American Blues included the drummer from which American rock band?,American Blues | Frank Beard (musician),5,1,1,"{""American Blues"":1,""Frank Beard (musician)"":5}","{""American Blues"":3,""Frank Beard (musician)"":2}",stable_hit
per_question,5adc0c2b55429947ff1738db,comparison,hard,Are Agee and To Shoot an Elephant both documentaries about war?,Agee (film) | To Shoot an Elephant,2,0,1,"{""Agee (film)"":6,""To Shoot an Elephant"":1}","{""Agee (film)"":2,""To Shoot an Elephant"":1}",rescue
per_question,5adc0c2b55429947ff1738db,comparison,hard,Are Agee and To Shoot an Elephant both documentaries about war?,Agee (film) | To Shoot an Elephant,5,0,1,"{""Agee (film)"":6,""To Shoot an Elephant"":1}","{""Agee (film)"":2,""To Shoot an Elephant"":1}",rescue
per_question,5adc1ae5554299438c868d5c,bridge,hard,Hate Them is the ninth album by a band likened to who?,Darkthrone | Hate Them,2,0,0,"{""Darkthrone"":3,""Hate Them"":1}","{""Darkthrone"":9,""Hate Them"":1}",stable_miss
per_question,5adc1ae5554299438c868d5c,bridge,hard,Hate Them is the ninth album by a band likened to who?,Darkthrone | Hate Them,5,1,0,"{""Darkthrone"":3,""Hate Them"":1}","{""Darkthrone"":9,""Hate Them"":1}",damage
per_question,5adc53f75542996e6852530a,comparison,hard,Are both Cypress and Ajuga genera?,Ajuga | Cypress,2,0,0,"{""Ajuga"":5,""Cypress"":3}","{""Ajuga"":2,""Cypress"":7}",stable_miss
per_question,5adc53f75542996e6852530a,comparison,hard,Are both Cypress and Ajuga genera?,Ajuga | Cypress,5,1,0,"{""Ajuga"":5,""Cypress"":3}","{""Ajuga"":2,""Cypress"":7}",damage
per_question,5adc65e85542996e68525350,comparison,hard,Are both Dafeng District and Dazhou located in the same province?,Dafeng District | Dazhou,2,1,1,"{""Dafeng District"":1,""Dazhou"":2}","{""Dafeng District"":1,""Dazhou"":2}",stable_hit
per_question,5adc65e85542996e68525350,comparison,hard,Are both Dafeng District and Dazhou located in the same province?,Dafeng District | Dazhou,5,1,1,"{""Dafeng District"":1,""Dazhou"":2}","{""Dafeng District"":1,""Dazhou"":2}",stable_hit
per_question,5adc8977554299438c868de2,bridge,hard,What does the goddess associated with the goddess frigg  consists of what tales?,Hlín | Norse mythology,2,0,0,"{""Hlín"":1,""Norse mythology"":6}","{""Hlín"":1,""Norse mythology"":10}",stable_miss
per_question,5adc8977554299438c868de2,bridge,hard,What does the goddess associated with the goddess frigg  consists of what tales?,Hlín | Norse mythology,5,0,0,"{""Hlín"":1,""Norse mythology"":6}","{""Hlín"":1,""Norse mythology"":10}",stable_miss
per_question,5adccd795542990d50227d2c,bridge,hard,In which city is the ambassador of the Rabat-Salé-Kénitra administrative region to China based?,Moroccan Ambassador to China | Rabat,2,1,1,"{""Moroccan Ambassador to China"":1,""Rabat"":2}","{""Moroccan Ambassador to China"":1,""Rabat"":2}",stable_hit
per_question,5adccd795542990d50227d2c,bridge,hard,In which city is the ambassador of the Rabat-Salé-Kénitra administrative region to China based?,Moroccan Ambassador to China | Rabat,5,1,1,"{""Moroccan Ambassador to China"":1,""Rabat"":2}","{""Moroccan Ambassador to China"":1,""Rabat"":2}",stable_hit
per_question,5adccdd55542992c1e3a2408,bridge,hard,"Meaning ""reddish water"" in Hawaiian, which location was Butch Van Artsdalen known for surfing 25-foot waves at?","Butch Van Artsdalen | Waimea Bay, Hawaii",2,1,1,"{""Butch Van Artsdalen"":1,""Waimea Bay, Hawaii"":2}","{""Butch Van Artsdalen"":1,""Waimea Bay, Hawaii"":2}",stable_hit
per_question,5adccdd55542992c1e3a2408,bridge,hard,"Meaning ""reddish water"" in Hawaiian, which location was Butch Van Artsdalen known for surfing 25-foot waves at?","Butch Van Artsdalen | Waimea Bay, Hawaii",5,1,1,"{""Butch Van Artsdalen"":1,""Waimea Bay, Hawaii"":2}","{""Butch Van Artsdalen"":1,""Waimea Bay, Hawaii"":2}",stable_hit
per_question,5add11935542994734353827,comparison,hard,Were the bands Skin Yard and Ostava from the U.S.?,Ostava | Skin Yard,2,1,1,"{""Ostava"":2,""Skin Yard"":1}","{""Ostava"":2,""Skin Yard"":1}",stable_hit
per_question,5add11935542994734353827,comparison,hard,Were the bands Skin Yard and Ostava from the U.S.?,Ostava | Skin Yard,5,1,1,"{""Ostava"":2,""Skin Yard"":1}","{""Ostava"":2,""Skin Yard"":1}",stable_hit
per_question,5add311b5542994ed6169cc5,bridge,hard,"What kind of dinosaur does Raymond Ochoa voice in the Pixar film ""The Good Dinosaur""?",Raymond Ochoa | The Good Dinosaur,2,1,1,"{""Raymond Ochoa"":1,""The Good Dinosaur"":2}","{""Raymond Ochoa"":2,""The Good Dinosaur"":1}",stable_hit
per_question,5add311b5542994ed6169cc5,bridge,hard,"What kind of dinosaur does Raymond Ochoa voice in the Pixar film ""The Good Dinosaur""?",Raymond Ochoa | The Good Dinosaur,5,1,1,"{""Raymond Ochoa"":1,""The Good Dinosaur"":2}","{""Raymond Ochoa"":2,""The Good Dinosaur"":1}",stable_hit
per_question,5add405f5542992c1e3a2581,bridge,hard,What book provided the foundation for Masters and Johnson's research team?,Masters and Johnson | Patterns of Sexual Behavior,2,0,1,"{""Masters and Johnson"":1,""Patterns of Sexual Behavior"":4}","{""Masters and Johnson"":2,""Patterns of Sexual Behavior"":1}",rescue
per_question,5add405f5542992c1e3a2581,bridge,hard,What book provided the foundation for Masters and Johnson's research team?,Masters and Johnson | Patterns of Sexual Behavior,5,1,1,"{""Masters and Johnson"":1,""Patterns of Sexual Behavior"":4}","{""Masters and Johnson"":2,""Patterns of Sexual Behavior"":1}",stable_hit
per_question,5add564a5542990dbb2f7e38,bridge,hard,Las Vegas Festival Grounds is north of the hotel that is owned by which company?,Circus Circus Las Vegas | Las Vegas Festival Grounds,2,1,0,"{""Circus Circus Las Vegas"":2,""Las Vegas Festival Grounds"":1}","{""Circus Circus Las Vegas"":3,""Las Vegas Festival Grounds"":1}",damage
per_question,5add564a5542990dbb2f7e38,bridge,hard,Las Vegas Festival Grounds is north of the hotel that is owned by which company?,Circus Circus Las Vegas | Las Vegas Festival Grounds,5,1,1,"{""Circus Circus Las Vegas"":2,""Las Vegas Festival Grounds"":1}","{""Circus Circus Las Vegas"":3,""Las Vegas Festival Grounds"":1}",stable_hit
per_question,5add61d65542995b365fab21,bridge,hard,What type of forum did a former Soviet statesman initiate?,Mikhail Gorbachev | World Summit of Nobel Peace Laureates,2,0,0,"{""Mikhail Gorbachev"":4,""World Summit of Nobel Peace Laureates"":10}","{""Mikhail Gorbachev"":1,""World Summit of Nobel Peace Laureates"":8}",stable_miss
per_question,5add61d65542995b365fab21,bridge,hard,What type of forum did a former Soviet statesman initiate?,Mikhail Gorbachev | World Summit of Nobel Peace Laureates,5,0,0,"{""Mikhail Gorbachev"":4,""World Summit of Nobel Peace Laureates"":10}","{""Mikhail Gorbachev"":1,""World Summit of Nobel Peace Laureates"":8}",stable_miss
per_question,5add673e5542992ae4cec54d,bridge,hard,Joe Walker played for which team that ends their regular season with the Civil War rivalry game?,Joe Walker (American football) | Oregon Ducks football,2,0,0,"{""Joe Walker (American football)"":1,""Oregon Ducks football"":9}","{""Joe Walker (American football)"":1,""Oregon Ducks football"":4}",stable_miss
per_question,5add673e5542992ae4cec54d,bridge,hard,Joe Walker played for which team that ends their regular season with the Civil War rivalry game?,Joe Walker (American football) | Oregon Ducks football,5,0,1,"{""Joe Walker (American football)"":1,""Oregon Ducks football"":9}","{""Joe Walker (American football)"":1,""Oregon Ducks football"":4}",rescue
per_question,5add67555542992ae4cec54e,comparison,hard,Which of these battles occurred earlier--the Battle of Peleliu or the Battle of Belleau Wood?,Battle of Belleau Wood | Battle of Peleliu,2,1,1,"{""Battle of Belleau Wood"":1,""Battle of Peleliu"":2}","{""Battle of Belleau Wood"":1,""Battle of Peleliu"":2}",stable_hit
per_question,5add67555542992ae4cec54e,comparison,hard,Which of these battles occurred earlier--the Battle of Peleliu or the Battle of Belleau Wood?,Battle of Belleau Wood | Battle of Peleliu,5,1,1,"{""Battle of Belleau Wood"":1,""Battle of Peleliu"":2}","{""Battle of Belleau Wood"":1,""Battle of Peleliu"":2}",stable_hit
per_question,5add67915542992200553af8,bridge,hard,What was the nickname of the hitman hired by an Italian American Criminal Organization?,Philadelphia crime family | Salvatore Testa,2,0,0,"{""Philadelphia crime family"":2,""Salvatore Testa"":6}","{""Philadelphia crime family"":3,""Salvatore Testa"":1}",stable_miss
per_question,5add67915542992200553af8,bridge,hard,What was the nickname of the hitman hired by an Italian American Criminal Organization?,Philadelphia crime family | Salvatore Testa,5,0,1,"{""Philadelphia crime family"":2,""Salvatore Testa"":6}","{""Philadelphia crime family"":3,""Salvatore Testa"":1}",rescue
per_question,5adda7585542997dc790700c,bridge,hard,Where was the telefilm shot that was based on the 1977 Katherine Paterson book?,Bridge to Terabithia (1985 film) | Bridge to Terabithia (novel),2,0,0,"{""Bridge to Terabithia (1985 film)"":1,""Bridge to Terabithia (novel)"":4}","{""Bridge to Terabithia (1985 film)"":1,""Bridge to Terabithia (novel)"":4}",stable_miss
per_question,5adda7585542997dc790700c,bridge,hard,Where was the telefilm shot that was based on the 1977 Katherine Paterson book?,Bridge to Terabithia (1985 film) | Bridge to Terabithia (novel),5,1,1,"{""Bridge to Terabithia (1985 film)"":1,""Bridge to Terabithia (novel)"":4}","{""Bridge to Terabithia (1985 film)"":1,""Bridge to Terabithia (novel)"":4}",stable_hit
per_question,5adddccd5542997dc7907069,bridge,hard,"Aside from the Apple Remote, what other device can control the program Apple Remote was originally designed to interact with?",Apple Remote | Front Row (software),2,0,0,"{""Apple Remote"":1,""Front Row (software)"":7}","{""Apple Remote"":1,""Front Row (software)"":8}",stable_miss
per_question,5adddccd5542997dc7907069,bridge,hard,"Aside from the Apple Remote, what other device can control the program Apple Remote was originally designed to interact with?",Apple Remote | Front Row (software),5,0,0,"{""Apple Remote"":1,""Front Row (software)"":7}","{""Apple Remote"":1,""Front Row (software)"":8}",stable_miss
per_question,5adddd075542992200553b71,bridge,hard,Season 2 of Rick and Morty began with the episode directed by whom?,A Rickle in Time | Rick and Morty (season 2),2,1,0,"{""A Rickle in Time"":2,""Rick and Morty (season 2)"":1}","{""A Rickle in Time"":1,""Rick and Morty (season 2)"":8}",damage
per_question,5adddd075542992200553b71,bridge,hard,Season 2 of Rick and Morty began with the episode directed by whom?,A Rickle in Time | Rick and Morty (season 2),5,1,0,"{""A Rickle in Time"":2,""Rick and Morty (season 2)"":1}","{""A Rickle in Time"":1,""Rick and Morty (season 2)"":8}",damage
per_question,5ade0fb95542997545bbbe39,bridge,hard,How long is the river for which Frenchmans Creek is a tributary?,Darling River | Frenchmans Creek (New South Wales),2,0,0,"{""Darling River"":3,""Frenchmans Creek (New South Wales)"":1}","{""Darling River"":9,""Frenchmans Creek (New South Wales)"":1}",stable_miss
per_question,5ade0fb95542997545bbbe39,bridge,hard,How long is the river for which Frenchmans Creek is a tributary?,Darling River | Frenchmans Creek (New South Wales),5,1,0,"{""Darling River"":3,""Frenchmans Creek (New South Wales)"":1}","{""Darling River"":9,""Frenchmans Creek (New South Wales)"":1}",damage
per_question,5ade15f35542997545bbbe47,bridge,hard,Katherine Waterston and Chrisann Brennan has what in common?,Chrisann Brennan | Katherine Waterston,2,0,1,"{""Chrisann Brennan"":1,""Katherine Waterston"":3}","{""Chrisann Brennan"":2,""Katherine Waterston"":1}",rescue
per_question,5ade15f35542997545bbbe47,bridge,hard,Katherine Waterston and Chrisann Brennan has what in common?,Chrisann Brennan | Katherine Waterston,5,1,1,"{""Chrisann Brennan"":1,""Katherine Waterston"":3}","{""Chrisann Brennan"":2,""Katherine Waterston"":1}",stable_hit
per_question,5ade24e35542992fa25da6e6,bridge,hard,Mamie Gummer played the role of Nancy Crozier on the TV series airing on what network?,Mamie Gummer | The Good Wife,2,0,0,"{""Mamie Gummer"":1,""The Good Wife"":3}","{""Mamie Gummer"":1,""The Good Wife"":4}",stable_miss
per_question,5ade24e35542992fa25da6e6,bridge,hard,Mamie Gummer played the role of Nancy Crozier on the TV series airing on what network?,Mamie Gummer | The Good Wife,5,1,1,"{""Mamie Gummer"":1,""The Good Wife"":3}","{""Mamie Gummer"":1,""The Good Wife"":4}",stable_hit
per_question,5ade42b55542992fa25da717,bridge,hard,How many novels are there in the series of novels of which Shadows in Flight is the tenth novel ?,Ender's Game (series) | Shadows in Flight,2,0,0,"{""Ender's Game (series)"":7,""Shadows in Flight"":1}","{""Ender's Game (series)"":8,""Shadows in Flight"":1}",stable_miss
per_question,5ade42b55542992fa25da717,bridge,hard,How many novels are there in the series of novels of which Shadows in Flight is the tenth novel ?,Ender's Game (series) | Shadows in Flight,5,0,0,"{""Ender's Game (series)"":7,""Shadows in Flight"":1}","{""Ender's Game (series)"":8,""Shadows in Flight"":1}",stable_miss
per_question,5ade51b45542997c77adedf4,bridge,hard,The Kansas City Wizards have had three home venues in Kansas City in their time.  Which was their first?,Children's Mercy Park | CommunityAmerica Ballpark,2,0,0,"{""Children's Mercy Park"":5,""CommunityAmerica Ballpark"":6}","{""Children's Mercy Park"":2,""CommunityAmerica Ballpark"":8}",stable_miss
per_question,5ade51b45542997c77adedf4,bridge,hard,The Kansas City Wizards have had three home venues in Kansas City in their time.  Which was their first?,Children's Mercy Park | CommunityAmerica Ballpark,5,0,0,"{""Children's Mercy Park"":5,""CommunityAmerica Ballpark"":6}","{""Children's Mercy Park"":2,""CommunityAmerica Ballpark"":8}",stable_miss
per_question,5ade69e455429975fa854ec5,bridge,hard,What director worked with Vikram Bhatt on a film starring actors Rajneesh Duggal and Adah Sharma?,1920 (film series) | 1920 (film),2,0,0,"{""1920 (film series)"":4,""1920 (film)"":6}","{""1920 (film series)"":7,""1920 (film)"":1}",stable_miss
per_question,5ade69e455429975fa854ec5,bridge,hard,What director worked with Vikram Bhatt on a film starring actors Rajneesh Duggal and Adah Sharma?,1920 (film series) | 1920 (film),5,0,0,"{""1920 (film series)"":4,""1920 (film)"":6}","{""1920 (film series)"":7,""1920 (film)"":1}",stable_miss
per_question,5ade7a435542997c77adee3a,bridge,hard," The name ""Mountbatten-Windsor"" applies to male-line descendants of the Queen without royal styles and titles which is a Eurpean dynasty resulting in what family?",Mountbatten family | Mountbatten-Windsor,2,0,0,"{""Mountbatten family"":3,""Mountbatten-Windsor"":1}","{""Mountbatten family"":3,""Mountbatten-Windsor"":1}",stable_miss
per_question,5ade7a435542997c77adee3a,bridge,hard," The name ""Mountbatten-Windsor"" applies to male-line descendants of the Queen without royal styles and titles which is a Eurpean dynasty resulting in what family?",Mountbatten family | Mountbatten-Windsor,5,1,1,"{""Mountbatten family"":3,""Mountbatten-Windsor"":1}","{""Mountbatten family"":3,""Mountbatten-Windsor"":1}",stable_hit
per_question,5ade908b55429975fa854f13,bridge,hard,"After he was contracted by the team that is headquartered in Affalterbach, Baden-Württemberg, Germany, Dario Franchitti competed in what series?",Dario Franchitti | Mercedes-AMG,2,0,0,"{""Dario Franchitti"":1,""Mercedes-AMG"":10}","{""Dario Franchitti"":1,""Mercedes-AMG"":3}",stable_miss
per_question,5ade908b55429975fa854f13,bridge,hard,"After he was contracted by the team that is headquartered in Affalterbach, Baden-Württemberg, Germany, Dario Franchitti competed in what series?",Dario Franchitti | Mercedes-AMG,5,0,1,"{""Dario Franchitti"":1,""Mercedes-AMG"":10}","{""Dario Franchitti"":1,""Mercedes-AMG"":3}",rescue
per_question,5ade9545554299728e26c740,bridge,hard,What team did the recipient of the 2007 Brownlow Medal play for?,2007 Brownlow Medal | Jimmy Bartel,2,0,0,"{""2007 Brownlow Medal"":1,""Jimmy Bartel"":10}","{""2007 Brownlow Medal"":1,""Jimmy Bartel"":10}",stable_miss
per_question,5ade9545554299728e26c740,bridge,hard,What team did the recipient of the 2007 Brownlow Medal play for?,2007 Brownlow Medal | Jimmy Bartel,5,0,0,"{""2007 Brownlow Medal"":1,""Jimmy Bartel"":10}","{""2007 Brownlow Medal"":1,""Jimmy Bartel"":10}",stable_miss
per_question,5adea9ea55429939a52fe934,bridge,hard,"What was the name of the fanzine that interviewed the Sex Pistols bassist when he was in the band ""The Flowers of Romance?""",Sid Vicious | The Flowers of Romance (band),2,1,0,"{""Sid Vicious"":2,""The Flowers of Romance (band)"":1}","{""Sid Vicious"":3,""The Flowers of Romance (band)"":1}",damage
per_question,5adea9ea55429939a52fe934,bridge,hard,"What was the name of the fanzine that interviewed the Sex Pistols bassist when he was in the band ""The Flowers of Romance?""",Sid Vicious | The Flowers of Romance (band),5,1,1,"{""Sid Vicious"":2,""The Flowers of Romance (band)"":1}","{""Sid Vicious"":3,""The Flowers of Romance (band)"":1}",stable_hit
per_question,5adef80b5542993a75d263c4,bridge,hard,The 2000 British film Snatch was later adapted into a television series for what streaming service?,Snatch (TV series) | Snatch (film),2,1,1,"{""Snatch (TV series)"":1,""Snatch (film)"":2}","{""Snatch (TV series)"":2,""Snatch (film)"":1}",stable_hit
per_question,5adef80b5542993a75d263c4,bridge,hard,The 2000 British film Snatch was later adapted into a television series for what streaming service?,Snatch (TV series) | Snatch (film),5,1,1,"{""Snatch (TV series)"":1,""Snatch (film)"":2}","{""Snatch (TV series)"":2,""Snatch (film)"":1}",stable_hit
per_question,5adeffa85542992d7e9f926f,comparison,hard,What genre of music was played by both Tappi Tíkarrass and INXS?,INXS | Tappi Tíkarrass,2,0,0,"{""INXS"":6,""Tappi Tíkarrass"":1}","{""INXS"":4,""Tappi Tíkarrass"":1}",stable_miss
per_question,5adeffa85542992d7e9f926f,comparison,hard,What genre of music was played by both Tappi Tíkarrass and INXS?,INXS | Tappi Tíkarrass,5,0,1,"{""INXS"":6,""Tappi Tíkarrass"":1}","{""INXS"":4,""Tappi Tíkarrass"":1}",rescue
per_question,5adf043b5542993a75d263d4,bridge,hard,Which American cable news and talk radio host was the former GOP representative,Joe Scarborough | Morning Joe,2,0,1,"{""Joe Scarborough"":1,""Morning Joe"":4}","{""Joe Scarborough"":2,""Morning Joe"":1}",rescue
per_question,5adf043b5542993a75d263d4,bridge,hard,Which American cable news and talk radio host was the former GOP representative,Joe Scarborough | Morning Joe,5,1,1,"{""Joe Scarborough"":1,""Morning Joe"":4}","{""Joe Scarborough"":2,""Morning Joe"":1}",stable_hit
per_question,5adf34d35542993a75d26425,bridge,hard,Who was the president of the Sinn Fein political party during the Hume-Adams Dialogue?,Gerry Adams | Hume–Adams dialogue,2,0,0,"{""Gerry Adams"":5,""Hume–Adams dialogue"":1}","{""Gerry Adams"":3,""Hume–Adams dialogue"":1}",stable_miss
per_question,5adf34d35542993a75d26425,bridge,hard,Who was the president of the Sinn Fein political party during the Hume-Adams Dialogue?,Gerry Adams | Hume–Adams dialogue,5,1,1,"{""Gerry Adams"":5,""Hume–Adams dialogue"":1}","{""Gerry Adams"":3,""Hume–Adams dialogue"":1}",stable_hit
per_question,5adf37a95542995ec70e8f97,bridge,hard,"The 2011–12 VCU Rams men's basketball team, led by third year head coach Shaka Smart, represented Virginia Commonwealth University which was founded in what year?",2011–12 VCU Rams men's basketball team | Virginia Commonwealth University,2,0,0,"{""2011–12 VCU Rams men's basketball team"":2,""Virginia Commonwealth University"":10}","{""2011–12 VCU Rams men's basketball team"":1,""Virginia Commonwealth University"":10}",stable_miss
per_question,5adf37a95542995ec70e8f97,bridge,hard,"The 2011–12 VCU Rams men's basketball team, led by third year head coach Shaka Smart, represented Virginia Commonwealth University which was founded in what year?",2011–12 VCU Rams men's basketball team | Virginia Commonwealth University,5,0,0,"{""2011–12 VCU Rams men's basketball team"":2,""Virginia Commonwealth University"":10}","{""2011–12 VCU Rams men's basketball team"":1,""Virginia Commonwealth University"":10}",stable_miss
per_question,5adf3e355542993a75d26440,bridge,hard,"How long is the bridge in the Öresund Region that connect Copenhagen, Denmark and Malmo, Sweden?",Øresund Bridge | Øresund Region,2,1,1,"{""Øresund Bridge"":2,""Øresund Region"":1}","{""Øresund Bridge"":1,""Øresund Region"":2}",stable_hit
per_question,5adf3e355542993a75d26440,bridge,hard,"How long is the bridge in the Öresund Region that connect Copenhagen, Denmark and Malmo, Sweden?",Øresund Bridge | Øresund Region,5,1,1,"{""Øresund Bridge"":2,""Øresund Region"":1}","{""Øresund Bridge"":1,""Øresund Region"":2}",stable_hit
per_question,5adf4a275542993a75d26498,bridge,hard,"The man, who the award in which ""Summer of the Monkeys"" won, was a spokesman for white sector of America?",Summer of the Monkeys | William Allen White,2,1,1,"{""Summer of the Monkeys"":1,""William Allen White"":2}","{""Summer of the Monkeys"":1,""William Allen White"":2}",stable_hit
per_question,5adf4a275542993a75d26498,bridge,hard,"The man, who the award in which ""Summer of the Monkeys"" won, was a spokesman for white sector of America?",Summer of the Monkeys | William Allen White,5,1,1,"{""Summer of the Monkeys"":1,""William Allen White"":2}","{""Summer of the Monkeys"":1,""William Allen White"":2}",stable_hit
per_question,5adf58f15542993a75d264d2,bridge,hard,"Which television series featured an actor who also performed in ""The Young Ones""?",Ade Edmondson | Bad News (band),2,0,0,"{""Ade Edmondson"":4,""Bad News (band)"":10}","{""Ade Edmondson"":3,""Bad News (band)"":10}",stable_miss
per_question,5adf58f15542993a75d264d2,bridge,hard,"Which television series featured an actor who also performed in ""The Young Ones""?",Ade Edmondson | Bad News (band),5,0,0,"{""Ade Edmondson"":4,""Bad News (band)"":10}","{""Ade Edmondson"":3,""Bad News (band)"":10}",stable_miss
per_question,5adf65555542992d7e9f9334,bridge,hard,Which Kentucky Writers Hall of Fame author has had works published by Dim Gray Bar Press?,Dim Gray Bar Press | Wendell Berry,2,0,1,"{""Dim Gray Bar Press"":3,""Wendell Berry"":1}","{""Dim Gray Bar Press"":1,""Wendell Berry"":2}",rescue
per_question,5adf65555542992d7e9f9334,bridge,hard,Which Kentucky Writers Hall of Fame author has had works published by Dim Gray Bar Press?,Dim Gray Bar Press | Wendell Berry,5,1,1,"{""Dim Gray Bar Press"":3,""Wendell Berry"":1}","{""Dim Gray Bar Press"":1,""Wendell Berry"":2}",stable_hit
per_question,5adf8fe55542993344016d0f,bridge,hard,"Which fantasy film from 1971 featured the song ""The Age of Not Believing""?",Bedknobs and Broomsticks | The Age of Not Believing,2,0,1,"{""Bedknobs and Broomsticks"":4,""The Age of Not Believing"":1}","{""Bedknobs and Broomsticks"":2,""The Age of Not Believing"":1}",rescue
per_question,5adf8fe55542993344016d0f,bridge,hard,"Which fantasy film from 1971 featured the song ""The Age of Not Believing""?",Bedknobs and Broomsticks | The Age of Not Believing,5,1,1,"{""Bedknobs and Broomsticks"":4,""The Age of Not Believing"":1}","{""Bedknobs and Broomsticks"":2,""The Age of Not Believing"":1}",stable_hit
per_question,5adf9dc3554299025d62a2e6,bridge,hard,"What is the name of the actress who has received a Drama Desk award and was part of the cast album for the 2007 Broadway production of the hit musical, ""Grease""?",Grease: The New Broadway Cast Recording | Laura Osnes,2,1,1,"{""Grease: The New Broadway Cast Recording"":1,""Laura Osnes"":2}","{""Grease: The New Broadway Cast Recording"":1,""Laura Osnes"":2}",stable_hit
per_question,5adf9dc3554299025d62a2e6,bridge,hard,"What is the name of the actress who has received a Drama Desk award and was part of the cast album for the 2007 Broadway production of the hit musical, ""Grease""?",Grease: The New Broadway Cast Recording | Laura Osnes,5,1,1,"{""Grease: The New Broadway Cast Recording"":1,""Laura Osnes"":2}","{""Grease: The New Broadway Cast Recording"":1,""Laura Osnes"":2}",stable_hit
per_question,5adfa3da554299025d62a317,bridge,hard,"What is the birthday of the actress who was the Duchess in ""The Revengers Tragedy""?",Diana Quick | Revengers Tragedy,2,0,0,"{""Diana Quick"":7,""Revengers Tragedy"":1}","{""Diana Quick"":9,""Revengers Tragedy"":1}",stable_miss
per_question,5adfa3da554299025d62a317,bridge,hard,"What is the birthday of the actress who was the Duchess in ""The Revengers Tragedy""?",Diana Quick | Revengers Tragedy,5,0,0,"{""Diana Quick"":7,""Revengers Tragedy"":1}","{""Diana Quick"":9,""Revengers Tragedy"":1}",stable_miss
per_question,5adfbca255429942ec259b2c,bridge,hard,"When did the rock band that sang ""All Join Hands"" rise to prominence? ",All Join Hands | Slade,2,0,0,"{""All Join Hands"":1,""Slade"":6}","{""All Join Hands"":1,""Slade"":5}",stable_miss
per_question,5adfbca255429942ec259b2c,bridge,hard,"When did the rock band that sang ""All Join Hands"" rise to prominence? ",All Join Hands | Slade,5,0,1,"{""All Join Hands"":1,""Slade"":6}","{""All Join Hands"":1,""Slade"":5}",rescue
per_question,5adfd2f255429925eb1afaa5,bridge,hard,A puzzle-platform video game developed by the Valve Corporation is part of what 2012 action-adventure game?,Gateways (video game) | Portal (video game),2,1,0,"{""Gateways (video game)"":2,""Portal (video game)"":1}","{""Gateways (video game)"":5,""Portal (video game)"":2}",damage
per_question,5adfd2f255429925eb1afaa5,bridge,hard,A puzzle-platform video game developed by the Valve Corporation is part of what 2012 action-adventure game?,Gateways (video game) | Portal (video game),5,1,1,"{""Gateways (video game)"":2,""Portal (video game)"":1}","{""Gateways (video game)"":5,""Portal (video game)"":2}",stable_hit
per_question,5adfeb0555429942ec259b88,bridge,hard,The Detroit mayoral elections of 2009 took place to fill the vacancy created by a politician who was sentenced to what?,"Detroit mayoral election, 2009 | Kwame Kilpatrick",2,1,1,"{""Detroit mayoral election, 2009"":1,""Kwame Kilpatrick"":2}","{""Detroit mayoral election, 2009"":1,""Kwame Kilpatrick"":2}",stable_hit
per_question,5adfeb0555429942ec259b88,bridge,hard,The Detroit mayoral elections of 2009 took place to fill the vacancy created by a politician who was sentenced to what?,"Detroit mayoral election, 2009 | Kwame Kilpatrick",5,1,1,"{""Detroit mayoral election, 2009"":1,""Kwame Kilpatrick"":2}","{""Detroit mayoral election, 2009"":1,""Kwame Kilpatrick"":2}",stable_hit
per_question,5adffe7155429906c02daa9e,bridge,hard,"The songs from the sountrack to ""When Harry Met Sally"" are performed by a singer that has had how many top 20 US albums?",Harry Connick Jr. | When Harry Met Sally... (soundtrack),2,0,0,"{""Harry Connick Jr."":7,""When Harry Met Sally... (soundtrack)"":1}","{""Harry Connick Jr."":9,""When Harry Met Sally... (soundtrack)"":1}",stable_miss
per_question,5adffe7155429906c02daa9e,bridge,hard,"The songs from the sountrack to ""When Harry Met Sally"" are performed by a singer that has had how many top 20 US albums?",Harry Connick Jr. | When Harry Met Sally... (soundtrack),5,0,0,"{""Harry Connick Jr."":7,""When Harry Met Sally... (soundtrack)"":1}","{""Harry Connick Jr."":9,""When Harry Met Sally... (soundtrack)"":1}",stable_miss
per_question,5ae0006755429925eb1afbd3,bridge,hard,"Where is the Bubblegum Alley, that is similar to Gum Wall, located in California?","Gum Wall | San Luis Obispo, California",2,0,0,"{""Gum Wall"":2,""San Luis Obispo, California"":10}","{""Gum Wall"":1,""San Luis Obispo, California"":9}",stable_miss
per_question,5ae0006755429925eb1afbd3,bridge,hard,"Where is the Bubblegum Alley, that is similar to Gum Wall, located in California?","Gum Wall | San Luis Obispo, California",5,0,0,"{""Gum Wall"":2,""San Luis Obispo, California"":10}","{""Gum Wall"":1,""San Luis Obispo, California"":9}",stable_miss
per_question,5ae0038655429925eb1afbe0,comparison,hard,"Which is a Macedonian weekly, Hänt Extra or Tea Moderna?",Hänt Extra | Tea Moderna (magazine),2,0,1,"{""Hänt Extra"":3,""Tea Moderna (magazine)"":1}","{""Hänt Extra"":2,""Tea Moderna (magazine)"":1}",rescue
per_question,5ae0038655429925eb1afbe0,comparison,hard,"Which is a Macedonian weekly, Hänt Extra or Tea Moderna?",Hänt Extra | Tea Moderna (magazine),5,1,1,"{""Hänt Extra"":3,""Tea Moderna (magazine)"":1}","{""Hänt Extra"":2,""Tea Moderna (magazine)"":1}",stable_hit
per_question,5ae005b555429942ec259bec,bridge,hard,"In what year was the novel that Lourenço Mutarelli based ""Nina"" on based first published?",Crime and Punishment | Lourenço Mutarelli,2,0,0,"{""Crime and Punishment"":6,""Lourenço Mutarelli"":1}","{""Crime and Punishment"":10,""Lourenço Mutarelli"":1}",stable_miss
per_question,5ae005b555429942ec259bec,bridge,hard,"In what year was the novel that Lourenço Mutarelli based ""Nina"" on based first published?",Crime and Punishment | Lourenço Mutarelli,5,0,0,"{""Crime and Punishment"":6,""Lourenço Mutarelli"":1}","{""Crime and Punishment"":10,""Lourenço Mutarelli"":1}",stable_miss
per_question,5ae0361155429925eb1afc2c,bridge,hard,Which  French ace pilot and adventurer fly L'Oiseau Blanc,Charles Nungesser | L'Oiseau Blanc,2,0,0,"{""Charles Nungesser"":6,""L'Oiseau Blanc"":1}","{""Charles Nungesser"":3,""L'Oiseau Blanc"":2}",stable_miss
per_question,5ae0361155429925eb1afc2c,bridge,hard,Which  French ace pilot and adventurer fly L'Oiseau Blanc,Charles Nungesser | L'Oiseau Blanc,5,0,1,"{""Charles Nungesser"":6,""L'Oiseau Blanc"":1}","{""Charles Nungesser"":3,""L'Oiseau Blanc"":2}",rescue
per_question,5ae048a255429924de1b708e,bridge,hard,What movie did Pitof direct which had an action-adventure tie-in video game based off of it in 2004?,Catwoman (film) | Catwoman (video game),2,0,1,"{""Catwoman (film)"":10,""Catwoman (video game)"":7}","{""Catwoman (film)"":1,""Catwoman (video game)"":2}",rescue
per_question,5ae048a255429924de1b708e,bridge,hard,What movie did Pitof direct which had an action-adventure tie-in video game based off of it in 2004?,Catwoman (film) | Catwoman (video game),5,0,1,"{""Catwoman (film)"":10,""Catwoman (video game)"":7}","{""Catwoman (film)"":1,""Catwoman (video game)"":2}",rescue
per_question,5ae057fd55429945ae959328,bridge,hard, Robert Smith founded the multinational company headquartered in what city?,General Mills | Robert Smith (Illinois politician),2,0,0,"{""General Mills"":6,""Robert Smith (Illinois politician)"":1}","{""General Mills"":9,""Robert Smith (Illinois politician)"":1}",stable_miss
per_question,5ae057fd55429945ae959328,bridge,hard, Robert Smith founded the multinational company headquartered in what city?,General Mills | Robert Smith (Illinois politician),5,0,0,"{""General Mills"":6,""Robert Smith (Illinois politician)"":1}","{""General Mills"":9,""Robert Smith (Illinois politician)"":1}",stable_miss
per_question,5ae058e855429945ae959331,comparison,hard,Are  Chrysalis and Look both women's magazines?,Chrysalis (magazine) | Look (UK magazine),2,1,1,"{""Chrysalis (magazine)"":1,""Look (UK magazine)"":2}","{""Chrysalis (magazine)"":1,""Look (UK magazine)"":2}",stable_hit
per_question,5ae058e855429945ae959331,comparison,hard,Are  Chrysalis and Look both women's magazines?,Chrysalis (magazine) | Look (UK magazine),5,1,1,"{""Chrysalis (magazine)"":1,""Look (UK magazine)"":2}","{""Chrysalis (magazine)"":1,""Look (UK magazine)"":2}",stable_hit
per_question,5ae0a59a55429945ae9593e2,bridge,hard,This Celtic ruler who was born in AD 43 ruled southeastern Britain prior to conquest by which empire?,Catuvellauni | Togodumnus,2,0,0,"{""Catuvellauni"":5,""Togodumnus"":8}","{""Catuvellauni"":2,""Togodumnus"":3}",stable_miss
per_question,5ae0a59a55429945ae9593e2,bridge,hard,This Celtic ruler who was born in AD 43 ruled southeastern Britain prior to conquest by which empire?,Catuvellauni | Togodumnus,5,0,1,"{""Catuvellauni"":5,""Togodumnus"":8}","{""Catuvellauni"":2,""Togodumnus"":3}",rescue
per_question,5ae0aaf455429945ae959401,bridge,hard,Chris Williams last played for which football club from the National League North?,Chris Williams (English footballer) | Salford City F.C.,2,0,0,"{""Chris Williams (English footballer)"":1,""Salford City F.C."":6}","{""Chris Williams (English footballer)"":1,""Salford City F.C."":4}",stable_miss
per_question,5ae0aaf455429945ae959401,bridge,hard,Chris Williams last played for which football club from the National League North?,Chris Williams (English footballer) | Salford City F.C.,5,0,1,"{""Chris Williams (English footballer)"":1,""Salford City F.C."":6}","{""Chris Williams (English footballer)"":1,""Salford City F.C."":4}",rescue
per_question,5ae0bae555429906c02dab08,bridge,hard,"Which travel parody series featured American actor, comedian, and radio host best known as the host of ""The Joe Schmo Show""?",Hidden America with Jonah Ray | Ralph Garman,2,0,0,"{""Hidden America with Jonah Ray"":6,""Ralph Garman"":1}","{""Hidden America with Jonah Ray"":3,""Ralph Garman"":1}",stable_miss
per_question,5ae0bae555429906c02dab08,bridge,hard,"Which travel parody series featured American actor, comedian, and radio host best known as the host of ""The Joe Schmo Show""?",Hidden America with Jonah Ray | Ralph Garman,5,0,1,"{""Hidden America with Jonah Ray"":6,""Ralph Garman"":1}","{""Hidden America with Jonah Ray"":3,""Ralph Garman"":1}",rescue
per_question,5ae0d4c9554299603e418468,bridge,hard,Roger O. Egeberg was Assistant Secretary for Health and Scientific Affairs during the administration of a president that served during what years?,Richard Nixon | Roger O. Egeberg,2,0,0,"{""Richard Nixon"":10,""Roger O. Egeberg"":1}","{""Richard Nixon"":9,""Roger O. Egeberg"":1}",stable_miss
per_question,5ae0d4c9554299603e418468,bridge,hard,Roger O. Egeberg was Assistant Secretary for Health and Scientific Affairs during the administration of a president that served during what years?,Richard Nixon | Roger O. Egeberg,5,0,0,"{""Richard Nixon"":10,""Roger O. Egeberg"":1}","{""Richard Nixon"":9,""Roger O. Egeberg"":1}",stable_miss
per_question,5ae0d52e554299603e418469,bridge,hard,"The actress that played the leading role in the independent film ""A Perfect Ending"" also stars with John Bregar in a 2008 film directed by who?",Barbara Niven | Dead at 17,2,0,1,"{""Barbara Niven"":1,""Dead at 17"":6}","{""Barbara Niven"":1,""Dead at 17"":2}",rescue
per_question,5ae0d52e554299603e418469,bridge,hard,"The actress that played the leading role in the independent film ""A Perfect Ending"" also stars with John Bregar in a 2008 film directed by who?",Barbara Niven | Dead at 17,5,0,1,"{""Barbara Niven"":1,""Dead at 17"":6}","{""Barbara Niven"":1,""Dead at 17"":2}",rescue
per_question,5ae0f6f5554299422ee99583,bridge,hard,"Which record label released Van Morrison's ""I've Been Working"" on the album ""His Band and the Street Choir""?",His Band and the Street Choir | I've Been Working,2,1,1,"{""His Band and the Street Choir"":2,""I've Been Working"":1}","{""His Band and the Street Choir"":2,""I've Been Working"":1}",stable_hit
per_question,5ae0f6f5554299422ee99583,bridge,hard,"Which record label released Van Morrison's ""I've Been Working"" on the album ""His Band and the Street Choir""?",His Band and the Street Choir | I've Been Working,5,1,1,"{""His Band and the Street Choir"":2,""I've Been Working"":1}","{""His Band and the Street Choir"":2,""I've Been Working"":1}",stable_hit
per_question,5ae1316555429901ffe4adda,comparison,hard,Were Goo Goo Dolls and Echosmith formed in the same city?,Echosmith | Goo Goo Dolls,2,0,1,"{""Echosmith"":5,""Goo Goo Dolls"":1}","{""Echosmith"":2,""Goo Goo Dolls"":1}",rescue
per_question,5ae1316555429901ffe4adda,comparison,hard,Were Goo Goo Dolls and Echosmith formed in the same city?,Echosmith | Goo Goo Dolls,5,1,1,"{""Echosmith"":5,""Goo Goo Dolls"":1}","{""Echosmith"":2,""Goo Goo Dolls"":1}",stable_hit
per_question,5ae15e125542990adbacf773,comparison,hard,In between Berghuis v. Thompkins and Mississippi University for Women v. Hogan which one was a  case decided 5-4 by the Supreme Court of the United States?,Berghuis v. Thompkins | Mississippi University for Women v. Hogan,2,0,1,"{""Berghuis v. Thompkins"":3,""Mississippi University for Women v. Hogan"":1}","{""Berghuis v. Thompkins"":2,""Mississippi University for Women v. Hogan"":1}",rescue
per_question,5ae15e125542990adbacf773,comparison,hard,In between Berghuis v. Thompkins and Mississippi University for Women v. Hogan which one was a  case decided 5-4 by the Supreme Court of the United States?,Berghuis v. Thompkins | Mississippi University for Women v. Hogan,5,1,1,"{""Berghuis v. Thompkins"":3,""Mississippi University for Women v. Hogan"":1}","{""Berghuis v. Thompkins"":2,""Mississippi University for Women v. Hogan"":1}",stable_hit
per_question,5ae1801955429901ffe4aec4,bridge,hard,Where is the Cocoa Krispies and former Superman sponsor located?,Adventures of Superman (TV series) | Kellogg's,2,0,0,"{""Adventures of Superman (TV series)"":6,""Kellogg's"":3}","{""Adventures of Superman (TV series)"":5,""Kellogg's"":3}",stable_miss
per_question,5ae1801955429901ffe4aec4,bridge,hard,Where is the Cocoa Krispies and former Superman sponsor located?,Adventures of Superman (TV series) | Kellogg's,5,0,1,"{""Adventures of Superman (TV series)"":6,""Kellogg's"":3}","{""Adventures of Superman (TV series)"":5,""Kellogg's"":3}",rescue
per_question,5ae1f4cb554299234fd0436d,bridge,hard,What is the inhabitant of the city where  122nd SS-Standarte was formed in2014,122nd SS-Standarte | Strasbourg,2,0,0,"{""122nd SS-Standarte"":1,""Strasbourg"":3}","{""122nd SS-Standarte"":1,""Strasbourg"":10}",stable_miss
per_question,5ae1f4cb554299234fd0436d,bridge,hard,What is the inhabitant of the city where  122nd SS-Standarte was formed in2014,122nd SS-Standarte | Strasbourg,5,1,0,"{""122nd SS-Standarte"":1,""Strasbourg"":3}","{""122nd SS-Standarte"":1,""Strasbourg"":10}",damage
per_question,5ae1f596554299234fd04372,bridge,hard,When did the game which held three times in  in East Asia first held ,2008 Summer Olympics | Summer Olympic Games,2,0,0,"{""2008 Summer Olympics"":2,""Summer Olympic Games"":3}","{""2008 Summer Olympics"":1,""Summer Olympic Games"":5}",stable_miss
per_question,5ae1f596554299234fd04372,bridge,hard,When did the game which held three times in  in East Asia first held ,2008 Summer Olympics | Summer Olympic Games,5,1,1,"{""2008 Summer Olympics"":2,""Summer Olympic Games"":3}","{""2008 Summer Olympics"":1,""Summer Olympic Games"":5}",stable_hit
per_question,5ae1f5a15542997f29b3c1b5,bridge,hard,The actor who appeared on Charlotte's Shorts and Weeds was born in what year?,Charlotte's Shorts | Gary Anthony Williams,2,0,1,"{""Charlotte's Shorts"":1,""Gary Anthony Williams"":3}","{""Charlotte's Shorts"":1,""Gary Anthony Williams"":2}",rescue
per_question,5ae1f5a15542997f29b3c1b5,bridge,hard,The actor who appeared on Charlotte's Shorts and Weeds was born in what year?,Charlotte's Shorts | Gary Anthony Williams,5,1,1,"{""Charlotte's Shorts"":1,""Gary Anthony Williams"":3}","{""Charlotte's Shorts"":1,""Gary Anthony Williams"":2}",stable_hit
per_question,5ae2070a5542994d89d5b313,comparison,hard,"Which performance act has a higher instrument to person ratio, Badly Drawn Boy or Wolf Alice? ",Badly Drawn Boy | Wolf Alice,2,0,0,"{""Badly Drawn Boy"":5,""Wolf Alice"":1}","{""Badly Drawn Boy"":3,""Wolf Alice"":2}",stable_miss
per_question,5ae2070a5542994d89d5b313,comparison,hard,"Which performance act has a higher instrument to person ratio, Badly Drawn Boy or Wolf Alice? ",Badly Drawn Boy | Wolf Alice,5,1,1,"{""Badly Drawn Boy"":5,""Wolf Alice"":1}","{""Badly Drawn Boy"":3,""Wolf Alice"":2}",stable_hit
per_question,5ae224da554299234fd043ee,comparison,hard,Do the drinks Gibson and Zurracapote both contain gin?,Gibson (cocktail) | Zurracapote,2,0,1,"{""Gibson (cocktail)"":2,""Zurracapote"":3}","{""Gibson (cocktail)"":1,""Zurracapote"":2}",rescue
per_question,5ae224da554299234fd043ee,comparison,hard,Do the drinks Gibson and Zurracapote both contain gin?,Gibson (cocktail) | Zurracapote,5,1,1,"{""Gibson (cocktail)"":2,""Zurracapote"":3}","{""Gibson (cocktail)"":1,""Zurracapote"":2}",stable_hit
per_question,5ae22b8d554299234fd0440f,bridge,hard,What was the father of Kasper Schmeichel voted to be by the IFFHS in 1992?,Kasper Schmeichel | Peter Schmeichel,2,0,1,"{""Kasper Schmeichel"":1,""Peter Schmeichel"":4}","{""Kasper Schmeichel"":2,""Peter Schmeichel"":1}",rescue
per_question,5ae22b8d554299234fd0440f,bridge,hard,What was the father of Kasper Schmeichel voted to be by the IFFHS in 1992?,Kasper Schmeichel | Peter Schmeichel,5,1,1,"{""Kasper Schmeichel"":1,""Peter Schmeichel"":4}","{""Kasper Schmeichel"":2,""Peter Schmeichel"":1}",stable_hit
per_question,5ae24abc5542994d89d5b3c3,bridge,hard,Where is the company that owns thanKing Horse pub restaurant chain based ?,Greene King | Hungry Horse,2,1,1,"{""Greene King"":2,""Hungry Horse"":1}","{""Greene King"":2,""Hungry Horse"":1}",stable_hit
per_question,5ae24abc5542994d89d5b3c3,bridge,hard,Where is the company that owns thanKing Horse pub restaurant chain based ?,Greene King | Hungry Horse,5,1,1,"{""Greene King"":2,""Hungry Horse"":1}","{""Greene King"":2,""Hungry Horse"":1}",stable_hit
per_question,5ae25ed15542992decbdccd2,comparison,hard,Both Sorbaria and Goldenrod are a genus of more than 50 flowering plants?,Goldenrod | Sorbaria,2,1,1,"{""Goldenrod"":2,""Sorbaria"":1}","{""Goldenrod"":2,""Sorbaria"":1}",stable_hit
per_question,5ae25ed15542992decbdccd2,comparison,hard,Both Sorbaria and Goldenrod are a genus of more than 50 flowering plants?,Goldenrod | Sorbaria,5,1,1,"{""Goldenrod"":2,""Sorbaria"":1}","{""Goldenrod"":2,""Sorbaria"":1}",stable_hit
per_question,5ae2b770554299495565db0f,bridge,hard,"In what month is the annual documentary film festival, that is presented by the fortnightly published British journal of literary essays, held? ",London International Documentary Festival | London Review of Books,2,0,0,"{""London International Documentary Festival"":1,""London Review of Books"":8}","{""London International Documentary Festival"":1,""London Review of Books"":3}",stable_miss
per_question,5ae2b770554299495565db0f,bridge,hard,"In what month is the annual documentary film festival, that is presented by the fortnightly published British journal of literary essays, held? ",London International Documentary Festival | London Review of Books,5,0,1,"{""London International Documentary Festival"":1,""London Review of Books"":8}","{""London International Documentary Festival"":1,""London Review of Books"":3}",rescue
per_question,5ae2dd2055429928c423950d,bridge,hard,"What is the county seat of the county where East Lempster, New Hampshire is located?","East Lempster, New Hampshire | Sullivan County, New Hampshire",2,0,0,"{""East Lempster, New Hampshire"":1,""Sullivan County, New Hampshire"":4}","{""East Lempster, New Hampshire"":1,""Sullivan County, New Hampshire"":6}",stable_miss
per_question,5ae2dd2055429928c423950d,bridge,hard,"What is the county seat of the county where East Lempster, New Hampshire is located?","East Lempster, New Hampshire | Sullivan County, New Hampshire",5,1,0,"{""East Lempster, New Hampshire"":1,""Sullivan County, New Hampshire"":4}","{""East Lempster, New Hampshire"":1,""Sullivan County, New Hampshire"":6}",damage
per_question,5ae2dfd155429928c423951b,bridge,hard,"Which of the city at the south of Shelly Beach, New South Wales is a local government area in the Hunter region of New South Wales, Australia?","City of Newcastle | Shelly Beach, New South Wales",2,0,1,"{""City of Newcastle"":3,""Shelly Beach, New South Wales"":1}","{""City of Newcastle"":2,""Shelly Beach, New South Wales"":1}",rescue
per_question,5ae2dfd155429928c423951b,bridge,hard,"Which of the city at the south of Shelly Beach, New South Wales is a local government area in the Hunter region of New South Wales, Australia?","City of Newcastle | Shelly Beach, New South Wales",5,1,1,"{""City of Newcastle"":3,""Shelly Beach, New South Wales"":1}","{""City of Newcastle"":2,""Shelly Beach, New South Wales"":1}",stable_hit
per_question,5ae2ee5e5542991a06ce990a,bridge,hard,The 1st Virginia Regiment saw action at a battle that led to the departure of what Royal Governor?,1st Virginia Regiment | Battle of Great Bridge,2,0,1,"{""1st Virginia Regiment"":1,""Battle of Great Bridge"":10}","{""1st Virginia Regiment"":2,""Battle of Great Bridge"":1}",rescue
per_question,5ae2ee5e5542991a06ce990a,bridge,hard,The 1st Virginia Regiment saw action at a battle that led to the departure of what Royal Governor?,1st Virginia Regiment | Battle of Great Bridge,5,0,1,"{""1st Virginia Regiment"":1,""Battle of Great Bridge"":10}","{""1st Virginia Regiment"":2,""Battle of Great Bridge"":1}",rescue
per_question,5ae305df5542992decbdcdc3,bridge,hard,"At what venue was the January 2, 2012 game featured the University of Louisville team?",2012 Louisville Cardinals football team | 2013 Sugar Bowl,2,0,1,"{""2012 Louisville Cardinals football team"":1,""2013 Sugar Bowl"":3}","{""2012 Louisville Cardinals football team"":2,""2013 Sugar Bowl"":1}",rescue
per_question,5ae305df5542992decbdcdc3,bridge,hard,"At what venue was the January 2, 2012 game featured the University of Louisville team?",2012 Louisville Cardinals football team | 2013 Sugar Bowl,5,1,1,"{""2012 Louisville Cardinals football team"":1,""2013 Sugar Bowl"":3}","{""2012 Louisville Cardinals football team"":2,""2013 Sugar Bowl"":1}",stable_hit
per_question,5ae32b6755429928c4239644,bridge,hard,Wendy Ayche was featured in 2016 in an annual production created by Youtube and what other organization?,Wengie | YouTube Rewind,2,1,1,"{""Wengie"":1,""YouTube Rewind"":2}","{""Wengie"":1,""YouTube Rewind"":2}",stable_hit
per_question,5ae32b6755429928c4239644,bridge,hard,Wendy Ayche was featured in 2016 in an annual production created by Youtube and what other organization?,Wengie | YouTube Rewind,5,1,1,"{""Wengie"":1,""YouTube Rewind"":2}","{""Wengie"":1,""YouTube Rewind"":2}",stable_hit
per_question,5ae32e125542991a06ce9946,bridge,hard,"According to the 2001 census, what was the population of the city in which Kirton End is located?","Boston, Lincolnshire | Kirton End",2,0,0,"{""Boston, Lincolnshire"":8,""Kirton End"":2}","{""Boston, Lincolnshire"":9,""Kirton End"":3}",stable_miss
per_question,5ae32e125542991a06ce9946,bridge,hard,"According to the 2001 census, what was the population of the city in which Kirton End is located?","Boston, Lincolnshire | Kirton End",5,0,0,"{""Boston, Lincolnshire"":8,""Kirton End"":2}","{""Boston, Lincolnshire"":9,""Kirton End"":3}",stable_miss
per_question,5ae33c4d5542992f92d82262,bridge,hard,Robert Suettinger was the national intelligence officer under which former Governor of Arkansas?,Bill Clinton | Robert Suettinger,2,0,1,"{""Bill Clinton"":4,""Robert Suettinger"":1}","{""Bill Clinton"":2,""Robert Suettinger"":1}",rescue
per_question,5ae33c4d5542992f92d82262,bridge,hard,Robert Suettinger was the national intelligence officer under which former Governor of Arkansas?,Bill Clinton | Robert Suettinger,5,1,1,"{""Bill Clinton"":4,""Robert Suettinger"":1}","{""Bill Clinton"":2,""Robert Suettinger"":1}",stable_hit
per_question,5ae37c765542992f92d822d4,bridge,hard,"What was the name of the 1996 loose adaptation of William Shakespeare's ""Romeo & Juliet"" written by James Gunn?",James Gunn | Tromeo and Juliet,2,0,0,"{""James Gunn"":9,""Tromeo and Juliet"":2}","{""James Gunn"":4,""Tromeo and Juliet"":1}",stable_miss
per_question,5ae37c765542992f92d822d4,bridge,hard,"What was the name of the 1996 loose adaptation of William Shakespeare's ""Romeo & Juliet"" written by James Gunn?",James Gunn | Tromeo and Juliet,5,0,1,"{""James Gunn"":9,""Tromeo and Juliet"":2}","{""James Gunn"":4,""Tromeo and Juliet"":1}",rescue
per_question,5ae3dc205542992f92d823a1,bridge,hard,The Column of Saint Zanobi  is a monumental marble column located just north of religious building with the status of what?,"Colonna di San Zanobi, Florence | Florence Baptistery",2,0,0,"{""Colonna di San Zanobi, Florence"":1,""Florence Baptistery"":5}","{""Colonna di San Zanobi, Florence"":1,""Florence Baptistery"":6}",stable_miss
per_question,5ae3dc205542992f92d823a1,bridge,hard,The Column of Saint Zanobi  is a monumental marble column located just north of religious building with the status of what?,"Colonna di San Zanobi, Florence | Florence Baptistery",5,1,0,"{""Colonna di San Zanobi, Florence"":1,""Florence Baptistery"":5}","{""Colonna di San Zanobi, Florence"":1,""Florence Baptistery"":6}",damage
per_question,5ae3ff575542995dadf242aa,bridge,hard,What is the population according to the 2007 population census of the city in which the National Archives and Library of Ethiopia is located?,Addis Ababa | National Archives and Library of Ethiopia,2,1,1,"{""Addis Ababa"":2,""National Archives and Library of Ethiopia"":1}","{""Addis Ababa"":1,""National Archives and Library of Ethiopia"":2}",stable_hit
per_question,5ae3ff575542995dadf242aa,bridge,hard,What is the population according to the 2007 population census of the city in which the National Archives and Library of Ethiopia is located?,Addis Ababa | National Archives and Library of Ethiopia,5,1,1,"{""Addis Ababa"":2,""National Archives and Library of Ethiopia"":1}","{""Addis Ababa"":1,""National Archives and Library of Ethiopia"":2}",stable_hit
per_question,5ae406245542995dadf242e2,bridge,hard,"Marion Greene was a health policy analyst for St. Judt Medical company, which had how many principal operations worldwide?",Marion Greene | St. Jude Medical,2,0,1,"{""Marion Greene"":2,""St. Jude Medical"":8}","{""Marion Greene"":1,""St. Jude Medical"":2}",rescue
per_question,5ae406245542995dadf242e2,bridge,hard,"Marion Greene was a health policy analyst for St. Judt Medical company, which had how many principal operations worldwide?",Marion Greene | St. Jude Medical,5,0,1,"{""Marion Greene"":2,""St. Jude Medical"":8}","{""Marion Greene"":1,""St. Jude Medical"":2}",rescue
per_question,5ae4563e5542996836b02c7f,bridge,hard,"in 1999, Spirit Halloween LLC was purchased by a mall retailer that has how many stores in the United States and Canada ?",Spencer Gifts | Spirit Halloween,2,0,1,"{""Spencer Gifts"":3,""Spirit Halloween"":1}","{""Spencer Gifts"":2,""Spirit Halloween"":1}",rescue
per_question,5ae4563e5542996836b02c7f,bridge,hard,"in 1999, Spirit Halloween LLC was purchased by a mall retailer that has how many stores in the United States and Canada ?",Spencer Gifts | Spirit Halloween,5,1,1,"{""Spencer Gifts"":3,""Spirit Halloween"":1}","{""Spencer Gifts"":2,""Spirit Halloween"":1}",stable_hit
per_question,5ae4627d5542991a06ce9a4d,bridge,hard,The author of Sexual Politics attended which British University?,Kate Millett | Sexual Politics,2,0,1,"{""Kate Millett"":3,""Sexual Politics"":1}","{""Kate Millett"":2,""Sexual Politics"":1}",rescue
per_question,5ae4627d5542991a06ce9a4d,bridge,hard,The author of Sexual Politics attended which British University?,Kate Millett | Sexual Politics,5,1,1,"{""Kate Millett"":3,""Sexual Politics"":1}","{""Kate Millett"":2,""Sexual Politics"":1}",stable_hit
per_question,5ae4890a5542995ad6573d60,bridge,hard,In what field does the firm at which Claudio Fernández-Aráoz was a currently a senior adviser offers services?,Claudio Fernández-Aráoz | Egon Zehnder,2,0,1,"{""Claudio Fernández-Aráoz"":1,""Egon Zehnder"":6}","{""Claudio Fernández-Aráoz"":1,""Egon Zehnder"":2}",rescue
per_question,5ae4890a5542995ad6573d60,bridge,hard,In what field does the firm at which Claudio Fernández-Aráoz was a currently a senior adviser offers services?,Claudio Fernández-Aráoz | Egon Zehnder,5,0,1,"{""Claudio Fernández-Aráoz"":1,""Egon Zehnder"":6}","{""Claudio Fernández-Aráoz"":1,""Egon Zehnder"":2}",rescue
per_question,5ae497f15542995ad6573db8,bridge,hard,What NIFL Premier Intermediate League team did Sean Connor play for?,Lisburn Distillery F.C. | Sean Connor,2,0,0,"{""Lisburn Distillery F.C."":10,""Sean Connor"":1}","{""Lisburn Distillery F.C."":10,""Sean Connor"":2}",stable_miss
per_question,5ae497f15542995ad6573db8,bridge,hard,What NIFL Premier Intermediate League team did Sean Connor play for?,Lisburn Distillery F.C. | Sean Connor,5,0,0,"{""Lisburn Distillery F.C."":10,""Sean Connor"":1}","{""Lisburn Distillery F.C."":10,""Sean Connor"":2}",stable_miss
per_question,5ae4a3265542995ad6573de5,comparison,hard,"Hayden is a singer-songwriter from Canada, but where does Buck-Tick hail from?",Buck-Tick | Hayden (musician),2,0,0,"{""Buck-Tick"":3,""Hayden (musician)"":1}","{""Buck-Tick"":5,""Hayden (musician)"":1}",stable_miss
per_question,5ae4a3265542995ad6573de5,comparison,hard,"Hayden is a singer-songwriter from Canada, but where does Buck-Tick hail from?",Buck-Tick | Hayden (musician),5,1,1,"{""Buck-Tick"":3,""Hayden (musician)"":1}","{""Buck-Tick"":5,""Hayden (musician)"":1}",stable_hit
per_question,5ae4c2b95542995dadf243ef,bridge,hard,One of the coaches of Southern Methodist University also played what role at the Arizona State Sun Devils?,Phil Bennett (American football) | SMU Mustangs football under Mike Cavan,2,0,0,"{""Phil Bennett (American football)"":9,""SMU Mustangs football under Mike Cavan"":10}","{""Phil Bennett (American football)"":2,""SMU Mustangs football under Mike Cavan"":10}",stable_miss
per_question,5ae4c2b95542995dadf243ef,bridge,hard,One of the coaches of Southern Methodist University also played what role at the Arizona State Sun Devils?,Phil Bennett (American football) | SMU Mustangs football under Mike Cavan,5,0,0,"{""Phil Bennett (American football)"":9,""SMU Mustangs football under Mike Cavan"":10}","{""Phil Bennett (American football)"":2,""SMU Mustangs football under Mike Cavan"":10}",stable_miss
per_question,5ae4c39f5542995dadf243fb,bridge,hard,Which former mill town is near Rivington Hall Barn?,Bolton | Rivington Hall Barn,2,0,0,"{""Bolton"":6,""Rivington Hall Barn"":1}","{""Bolton"":9,""Rivington Hall Barn"":1}",stable_miss
per_question,5ae4c39f5542995dadf243fb,bridge,hard,Which former mill town is near Rivington Hall Barn?,Bolton | Rivington Hall Barn,5,0,0,"{""Bolton"":6,""Rivington Hall Barn"":1}","{""Bolton"":9,""Rivington Hall Barn"":1}",stable_miss
per_question,5ae4c49a5542995dadf24400,bridge,hard,"Henry Hall is known for fighting in the Revolutionary War, and for being the first to successfully cultivate this food found in what type of bogs?",Cranberry | Henry Hall (American revolution),2,0,0,"{""Cranberry"":5,""Henry Hall (American revolution)"":1}","{""Cranberry"":6,""Henry Hall (American revolution)"":1}",stable_miss
per_question,5ae4c49a5542995dadf24400,bridge,hard,"Henry Hall is known for fighting in the Revolutionary War, and for being the first to successfully cultivate this food found in what type of bogs?",Cranberry | Henry Hall (American revolution),5,1,0,"{""Cranberry"":5,""Henry Hall (American revolution)"":1}","{""Cranberry"":6,""Henry Hall (American revolution)"":1}",damage
per_question,5ae4c5595542990ba0bbb123,bridge,hard,Which lead actor/actress in War Chhod Na Yaar has also acted in Bengali and English-language films?,Soha Ali Khan | War Chhod Na Yaar,2,0,0,"{""Soha Ali Khan"":6,""War Chhod Na Yaar"":1}","{""Soha Ali Khan"":3,""War Chhod Na Yaar"":1}",stable_miss
per_question,5ae4c5595542990ba0bbb123,bridge,hard,Which lead actor/actress in War Chhod Na Yaar has also acted in Bengali and English-language films?,Soha Ali Khan | War Chhod Na Yaar,5,0,1,"{""Soha Ali Khan"":6,""War Chhod Na Yaar"":1}","{""Soha Ali Khan"":3,""War Chhod Na Yaar"":1}",rescue
per_question,5ae4d3c95542990ba0bbb165,comparison,hard,In what city can a person find both the Nusretiye Clock Tower and the Eski Imaret Mosque be found?,Eski Imaret Mosque | Nusretiye Clock Tower,2,0,0,"{""Eski Imaret Mosque"":6,""Nusretiye Clock Tower"":1}","{""Eski Imaret Mosque"":3,""Nusretiye Clock Tower"":1}",stable_miss
per_question,5ae4d3c95542990ba0bbb165,comparison,hard,In what city can a person find both the Nusretiye Clock Tower and the Eski Imaret Mosque be found?,Eski Imaret Mosque | Nusretiye Clock Tower,5,0,1,"{""Eski Imaret Mosque"":6,""Nusretiye Clock Tower"":1}","{""Eski Imaret Mosque"":3,""Nusretiye Clock Tower"":1}",rescue
per_question,5ae4ec1e5542990ba0bbb19b,comparison,hard,"In between The Bears and I and Oceans which was released on July 31, 1974, by Buena Vista Distribution?",Oceans (film) | The Bears and I,2,0,0,"{""Oceans (film)"":4,""The Bears and I"":1}","{""Oceans (film)"":6,""The Bears and I"":1}",stable_miss
per_question,5ae4ec1e5542990ba0bbb19b,comparison,hard,"In between The Bears and I and Oceans which was released on July 31, 1974, by Buena Vista Distribution?",Oceans (film) | The Bears and I,5,1,0,"{""Oceans (film)"":4,""The Bears and I"":1}","{""Oceans (film)"":6,""The Bears and I"":1}",damage
per_question,5ae4f2c75542993aec5ec0fb,bridge,hard,"What airport serviced by American Airlines Shuttle, is also the largest airport in the New England region and 17th busiest in the U.S?",American Airlines Shuttle | Logan International Airport,2,1,1,"{""American Airlines Shuttle"":1,""Logan International Airport"":2}","{""American Airlines Shuttle"":1,""Logan International Airport"":2}",stable_hit
per_question,5ae4f2c75542993aec5ec0fb,bridge,hard,"What airport serviced by American Airlines Shuttle, is also the largest airport in the New England region and 17th busiest in the U.S?",American Airlines Shuttle | Logan International Airport,5,1,1,"{""American Airlines Shuttle"":1,""Logan International Airport"":2}","{""American Airlines Shuttle"":1,""Logan International Airport"":2}",stable_hit
per_question,5ae5072e55429960a22e0246,bridge,hard,"Who is the current drummer of the band who did the song ""What Lovers Do""?",Maroon 5 | What Lovers Do,2,0,0,"{""Maroon 5"":10,""What Lovers Do"":2}","{""Maroon 5"":10,""What Lovers Do"":1}",stable_miss
per_question,5ae5072e55429960a22e0246,bridge,hard,"Who is the current drummer of the band who did the song ""What Lovers Do""?",Maroon 5 | What Lovers Do,5,0,0,"{""Maroon 5"":10,""What Lovers Do"":2}","{""Maroon 5"":10,""What Lovers Do"":1}",stable_miss
per_question,5ae52c0f5542992663a4f12e,bridge,hard,What major city is the Faith Lutheran Middle School and High School located by?,"Faith Lutheran Middle School &amp; High School | Summerlin, Nevada",2,0,0,"{""Faith Lutheran Middle School &amp; High School"":1,""Summerlin, Nevada"":9}","{""Faith Lutheran Middle School &amp; High School"":1,""Summerlin, Nevada"":10}",stable_miss
per_question,5ae52c0f5542992663a4f12e,bridge,hard,What major city is the Faith Lutheran Middle School and High School located by?,"Faith Lutheran Middle School &amp; High School | Summerlin, Nevada",5,0,0,"{""Faith Lutheran Middle School &amp; High School"":1,""Summerlin, Nevada"":9}","{""Faith Lutheran Middle School &amp; High School"":1,""Summerlin, Nevada"":10}",stable_miss
per_question,5ae53b545542990ba0bbb23c,bridge,hard,Where does the hotel and casino located in which Bill Cosby's third album was recorded?,Flamingo Las Vegas | Why Is There Air?,2,0,0,"{""Flamingo Las Vegas"":10,""Why Is There Air?"":3}","{""Flamingo Las Vegas"":9,""Why Is There Air?"":1}",stable_miss
per_question,5ae53b545542990ba0bbb23c,bridge,hard,Where does the hotel and casino located in which Bill Cosby's third album was recorded?,Flamingo Las Vegas | Why Is There Air?,5,0,0,"{""Flamingo Las Vegas"":10,""Why Is There Air?"":3}","{""Flamingo Las Vegas"":9,""Why Is There Air?"":1}",stable_miss
per_question,5ae5736e5542990ba0bbb2b3,bridge,hard,"When was the American lawyer, lobbyist and political consultant who was a senior member of the presidential campaign of Donald Trump born?",Paul Manafort | Trump campaign–Russian meeting,2,1,0,"{""Paul Manafort"":1,""Trump campaign–Russian meeting"":2}","{""Paul Manafort"":1,""Trump campaign–Russian meeting"":3}",damage
per_question,5ae5736e5542990ba0bbb2b3,bridge,hard,"When was the American lawyer, lobbyist and political consultant who was a senior member of the presidential campaign of Donald Trump born?",Paul Manafort | Trump campaign–Russian meeting,5,1,1,"{""Paul Manafort"":1,""Trump campaign–Russian meeting"":2}","{""Paul Manafort"":1,""Trump campaign–Russian meeting"":3}",stable_hit
per_question,5ae5aba0554299546bf82f17,bridge,hard,"Which of Tara Strong major voice role in animated series is an American animated television series based on the DC Comics fictional superhero team, the ""Teen Titans""?",Tara Strong | Teen Titans Go! (TV series),2,0,0,"{""Tara Strong"":1,""Teen Titans Go! (TV series)"":7}","{""Tara Strong"":1,""Teen Titans Go! (TV series)"":7}",stable_miss
per_question,5ae5aba0554299546bf82f17,bridge,hard,"Which of Tara Strong major voice role in animated series is an American animated television series based on the DC Comics fictional superhero team, the ""Teen Titans""?",Tara Strong | Teen Titans Go! (TV series),5,0,0,"{""Tara Strong"":1,""Teen Titans Go! (TV series)"":7}","{""Tara Strong"":1,""Teen Titans Go! (TV series)"":7}",stable_miss
per_question,5ae5b301554299546bf82f2d,bridge,hard,What produces the hormone that promotes sodium retention in the distal nephron?,Aldosterone | Angiotensin,2,1,1,"{""Aldosterone"":1,""Angiotensin"":2}","{""Aldosterone"":2,""Angiotensin"":1}",stable_hit
per_question,5ae5b301554299546bf82f2d,bridge,hard,What produces the hormone that promotes sodium retention in the distal nephron?,Aldosterone | Angiotensin,5,1,1,"{""Aldosterone"":1,""Angiotensin"":2}","{""Aldosterone"":2,""Angiotensin"":1}",stable_hit
per_question,5ae5e1345542996de7b71a50,bridge,hard,What fictional character created by Tom Clancy was turned into a film in 2002?,Jack Ryan (character) | The Sum of All Fears,2,0,1,"{""Jack Ryan (character)"":1,""The Sum of All Fears"":3}","{""Jack Ryan (character)"":2,""The Sum of All Fears"":1}",rescue
per_question,5ae5e1345542996de7b71a50,bridge,hard,What fictional character created by Tom Clancy was turned into a film in 2002?,Jack Ryan (character) | The Sum of All Fears,5,1,1,"{""Jack Ryan (character)"":1,""The Sum of All Fears"":3}","{""Jack Ryan (character)"":2,""The Sum of All Fears"":1}",stable_hit
per_question,5ae60426554299546bf83019,bridge,hard,Which American Space Western animated series did Celebrity Home Entertainment released ,BraveStarr | Celebrity Home Entertainment,2,1,0,"{""BraveStarr"":2,""Celebrity Home Entertainment"":1}","{""BraveStarr"":1,""Celebrity Home Entertainment"":3}",damage
per_question,5ae60426554299546bf83019,bridge,hard,Which American Space Western animated series did Celebrity Home Entertainment released ,BraveStarr | Celebrity Home Entertainment,5,1,1,"{""BraveStarr"":2,""Celebrity Home Entertainment"":1}","{""BraveStarr"":1,""Celebrity Home Entertainment"":3}",stable_hit
per_question,5ae6050f55429929b0807a5e,bridge,hard,This singer of A Rather Blustery Day also voiced what hedgehog?,A Rather Blustery Day | Jim Cummings,2,0,1,"{""A Rather Blustery Day"":3,""Jim Cummings"":1}","{""A Rather Blustery Day"":1,""Jim Cummings"":2}",rescue
per_question,5ae6050f55429929b0807a5e,bridge,hard,This singer of A Rather Blustery Day also voiced what hedgehog?,A Rather Blustery Day | Jim Cummings,5,1,1,"{""A Rather Blustery Day"":3,""Jim Cummings"":1}","{""A Rather Blustery Day"":1,""Jim Cummings"":2}",stable_hit
per_question,5ae628f55542995703ce8b32,bridge,hard,"In what city was the Italian Baroque composer who composed a set of sonatas, titled Op. 5, born?","Antonio Vivaldi | Six Violin Sonatas, Op. 5 (Vivaldi)",2,0,1,"{""Antonio Vivaldi"":3,""Six Violin Sonatas, Op. 5 (Vivaldi)"":1}","{""Antonio Vivaldi"":2,""Six Violin Sonatas, Op. 5 (Vivaldi)"":1}",rescue
per_question,5ae628f55542995703ce8b32,bridge,hard,"In what city was the Italian Baroque composer who composed a set of sonatas, titled Op. 5, born?","Antonio Vivaldi | Six Violin Sonatas, Op. 5 (Vivaldi)",5,1,1,"{""Antonio Vivaldi"":3,""Six Violin Sonatas, Op. 5 (Vivaldi)"":1}","{""Antonio Vivaldi"":2,""Six Violin Sonatas, Op. 5 (Vivaldi)"":1}",stable_hit
per_question,5ae63dad55429929b0807afe,bridge,hard,"When was the British author who wrote the novel on which ""Here We Go Round the Mulberry Bush"" was based born? ",Here We Go Round the Mulberry Bush (film) | Hunter Davies,2,0,0,"{""Here We Go Round the Mulberry Bush (film)"":1,""Hunter Davies"":10}","{""Here We Go Round the Mulberry Bush (film)"":1,""Hunter Davies"":10}",stable_miss
per_question,5ae63dad55429929b0807afe,bridge,hard,"When was the British author who wrote the novel on which ""Here We Go Round the Mulberry Bush"" was based born? ",Here We Go Round the Mulberry Bush (film) | Hunter Davies,5,0,0,"{""Here We Go Round the Mulberry Bush (film)"":1,""Hunter Davies"":10}","{""Here We Go Round the Mulberry Bush (film)"":1,""Hunter Davies"":10}",stable_miss
per_question,5ae67dba55429908198fa5f0,bridge,hard,The Memphis Hustle are based in a suburb of a city with a population of what in 2010?,"Memphis Hustle | Southaven, Mississippi",2,0,1,"{""Memphis Hustle"":1,""Southaven, Mississippi"":6}","{""Memphis Hustle"":1,""Southaven, Mississippi"":2}",rescue
per_question,5ae67dba55429908198fa5f0,bridge,hard,The Memphis Hustle are based in a suburb of a city with a population of what in 2010?,"Memphis Hustle | Southaven, Mississippi",5,0,1,"{""Memphis Hustle"":1,""Southaven, Mississippi"":6}","{""Memphis Hustle"":1,""Southaven, Mississippi"":2}",rescue
per_question,5ae6828f5542996d980e7bb9,bridge,hard,Salisbury Woodland Gardens links a zoo with a park designed and built under the watchful eye of who?,"Salisbury Woodland Gardens, Blackpool | Stanley Park, Blackpool",2,1,1,"{""Salisbury Woodland Gardens, Blackpool"":1,""Stanley Park, Blackpool"":2}","{""Salisbury Woodland Gardens, Blackpool"":1,""Stanley Park, Blackpool"":2}",stable_hit
per_question,5ae6828f5542996d980e7bb9,bridge,hard,Salisbury Woodland Gardens links a zoo with a park designed and built under the watchful eye of who?,"Salisbury Woodland Gardens, Blackpool | Stanley Park, Blackpool",5,1,1,"{""Salisbury Woodland Gardens, Blackpool"":1,""Stanley Park, Blackpool"":2}","{""Salisbury Woodland Gardens, Blackpool"":1,""Stanley Park, Blackpool"":2}",stable_hit
per_question,5ae6860e5542991bbc976112,bridge,hard,"How did Emilie du Chatelet, Voltaire's love, contribute to the basic laws of physics?",Voltaire in Love | Émilie du Châtelet,2,1,1,"{""Voltaire in Love"":1,""Émilie du Châtelet"":2}","{""Voltaire in Love"":2,""Émilie du Châtelet"":1}",stable_hit
per_question,5ae6860e5542991bbc976112,bridge,hard,"How did Emilie du Chatelet, Voltaire's love, contribute to the basic laws of physics?",Voltaire in Love | Émilie du Châtelet,5,1,1,"{""Voltaire in Love"":1,""Émilie du Châtelet"":2}","{""Voltaire in Love"":2,""Émilie du Châtelet"":1}",stable_hit
per_question,5ae68fcb5542992ae0d1635b,bridge,hard,"""Ew!"" is a song by a television host born where?",Ew! | Jimmy Fallon,2,0,0,"{""Ew!"":1,""Jimmy Fallon"":4}","{""Ew!"":1,""Jimmy Fallon"":5}",stable_miss
per_question,5ae68fcb5542992ae0d1635b,bridge,hard,"""Ew!"" is a song by a television host born where?",Ew! | Jimmy Fallon,5,1,1,"{""Ew!"":1,""Jimmy Fallon"":4}","{""Ew!"":1,""Jimmy Fallon"":5}",stable_hit
per_question,5ae6f2a7554299572ea5464a,bridge,hard,"Which character does this protagonist, who secretly loves and marries a member of the rival house, of William Shakespeare's tragedy that has a fictional character Benvolio slay?",Benvolio | Romeo,2,1,0,"{""Benvolio"":1,""Romeo"":2}","{""Benvolio"":3,""Romeo"":1}",damage
per_question,5ae6f2a7554299572ea5464a,bridge,hard,"Which character does this protagonist, who secretly loves and marries a member of the rival house, of William Shakespeare's tragedy that has a fictional character Benvolio slay?",Benvolio | Romeo,5,1,1,"{""Benvolio"":1,""Romeo"":2}","{""Benvolio"":3,""Romeo"":1}",stable_hit
per_question,5ae7385d5542992ae0d163da,bridge,hard,Bartlett's Bridge was built by the engineer who worked for the county seat of which Massachusetts county?,"Bartlett's Bridge | Worcester, Massachusetts",2,0,0,"{""Bartlett's Bridge"":1,""Worcester, Massachusetts"":6}","{""Bartlett's Bridge"":1,""Worcester, Massachusetts"":7}",stable_miss
per_question,5ae7385d5542992ae0d163da,bridge,hard,Bartlett's Bridge was built by the engineer who worked for the county seat of which Massachusetts county?,"Bartlett's Bridge | Worcester, Massachusetts",5,0,0,"{""Bartlett's Bridge"":1,""Worcester, Massachusetts"":6}","{""Bartlett's Bridge"":1,""Worcester, Massachusetts"":7}",stable_miss
per_question,5ae738f75542991bbc9761c4,bridge,hard,What year was the brother of this first round draft pick by the Washington Redskins drafted?,Boss Bailey | Champ Bailey,2,0,0,"{""Boss Bailey"":5,""Champ Bailey"":3}","{""Boss Bailey"":6,""Champ Bailey"":1}",stable_miss
per_question,5ae738f75542991bbc9761c4,bridge,hard,What year was the brother of this first round draft pick by the Washington Redskins drafted?,Boss Bailey | Champ Bailey,5,1,0,"{""Boss Bailey"":5,""Champ Bailey"":3}","{""Boss Bailey"":6,""Champ Bailey"":1}",damage
per_question,5ae73acb5542991e8301cc07,bridge,hard,D1NZ is a series based on what oversteering technique?,D1NZ | Drifting (motorsport),2,1,1,"{""D1NZ"":1,""Drifting (motorsport)"":2}","{""D1NZ"":1,""Drifting (motorsport)"":2}",stable_hit
per_question,5ae73acb5542991e8301cc07,bridge,hard,D1NZ is a series based on what oversteering technique?,D1NZ | Drifting (motorsport),5,1,1,"{""D1NZ"":1,""Drifting (motorsport)"":2}","{""D1NZ"":1,""Drifting (motorsport)"":2}",stable_hit
per_question,5ae73c065542991e8301cc18,bridge,hard,"Which Eminem album included vocals from a singer who had an album titled ""Unapologetic""?",Numb (Rihanna song) | The Monster (song),2,0,1,"{""Numb (Rihanna song)"":4,""The Monster (song)"":3}","{""Numb (Rihanna song)"":1,""The Monster (song)"":2}",rescue
per_question,5ae73c065542991e8301cc18,bridge,hard,"Which Eminem album included vocals from a singer who had an album titled ""Unapologetic""?",Numb (Rihanna song) | The Monster (song),5,1,1,"{""Numb (Rihanna song)"":4,""The Monster (song)"":3}","{""Numb (Rihanna song)"":1,""The Monster (song)"":2}",stable_hit
per_question,5ae74890554299572ea547af,bridge,hard,"Haruki Murakami said that writing ""Dance Dance Dance"" had been a healing act after his unexpected fame following the publication of a novel published in which year ?",Dance Dance Dance (novel) | Norwegian Wood (novel),2,0,0,"{""Dance Dance Dance (novel)"":1,""Norwegian Wood (novel)"":4}","{""Dance Dance Dance (novel)"":1,""Norwegian Wood (novel)"":4}",stable_miss
per_question,5ae74890554299572ea547af,bridge,hard,"Haruki Murakami said that writing ""Dance Dance Dance"" had been a healing act after his unexpected fame following the publication of a novel published in which year ?",Dance Dance Dance (novel) | Norwegian Wood (novel),5,1,1,"{""Dance Dance Dance (novel)"":1,""Norwegian Wood (novel)"":4}","{""Dance Dance Dance (novel)"":1,""Norwegian Wood (novel)"":4}",stable_hit
per_question,5ae748d1554299572ea547b0,bridge,hard,"Marcus Wayne Garland spent nine seasons with an American professional baseball team that is based in Baltimore, Maryland, and was one of the AMerican League's original eight charter franchises when the league was established in what year?",Baltimore Orioles | Wayne Garland,2,1,1,"{""Baltimore Orioles"":2,""Wayne Garland"":1}","{""Baltimore Orioles"":2,""Wayne Garland"":1}",stable_hit
per_question,5ae748d1554299572ea547b0,bridge,hard,"Marcus Wayne Garland spent nine seasons with an American professional baseball team that is based in Baltimore, Maryland, and was one of the AMerican League's original eight charter franchises when the league was established in what year?",Baltimore Orioles | Wayne Garland,5,1,1,"{""Baltimore Orioles"":2,""Wayne Garland"":1}","{""Baltimore Orioles"":2,""Wayne Garland"":1}",stable_hit
per_question,5ae74fc45542997b22f6a6b4,bridge,hard,What is the full name of the viral respiratory disease in which Yi Guan's research helped to prevent the outbreak of?,Timeline of the SARS outbreak | Yi Guan,2,0,0,"{""Timeline of the SARS outbreak"":3,""Yi Guan"":1}","{""Timeline of the SARS outbreak"":3,""Yi Guan"":1}",stable_miss
per_question,5ae74fc45542997b22f6a6b4,bridge,hard,What is the full name of the viral respiratory disease in which Yi Guan's research helped to prevent the outbreak of?,Timeline of the SARS outbreak | Yi Guan,5,1,1,"{""Timeline of the SARS outbreak"":3,""Yi Guan"":1}","{""Timeline of the SARS outbreak"":3,""Yi Guan"":1}",stable_hit
per_question,5ae75a4c5542997b22f6a6f1,bridge,hard,"The Bart the Fink episode of The Simpsons aired in February of 1996, and involves the host of which kiddie show?",Bart the Fink | Krusty the Clown,2,0,0,"{""Bart the Fink"":1,""Krusty the Clown"":4}","{""Bart the Fink"":1,""Krusty the Clown"":4}",stable_miss
per_question,5ae75a4c5542997b22f6a6f1,bridge,hard,"The Bart the Fink episode of The Simpsons aired in February of 1996, and involves the host of which kiddie show?",Bart the Fink | Krusty the Clown,5,1,1,"{""Bart the Fink"":1,""Krusty the Clown"":4}","{""Bart the Fink"":1,""Krusty the Clown"":4}",stable_hit
per_question,5ae77c245542997b22f6a795,bridge,hard,"The Indian actor and philanthropist, who starred in ""Mera Damad,"" entered the film industry in what year?",Farooq Sheikh | Mera Damad,2,0,0,"{""Farooq Sheikh"":4,""Mera Damad"":1}","{""Farooq Sheikh"":3,""Mera Damad"":1}",stable_miss
per_question,5ae77c245542997b22f6a795,bridge,hard,"The Indian actor and philanthropist, who starred in ""Mera Damad,"" entered the film industry in what year?",Farooq Sheikh | Mera Damad,5,1,1,"{""Farooq Sheikh"":4,""Mera Damad"":1}","{""Farooq Sheikh"":3,""Mera Damad"":1}",stable_hit
per_question,5ae789615542997ec2727695,bridge,hard,Kam Heskin plays Paige Morgan in a 2004 film directed by who?,Kam Heskin | The Prince and Me,2,1,0,"{""Kam Heskin"":1,""The Prince and Me"":2}","{""Kam Heskin"":2,""The Prince and Me"":3}",damage
per_question,5ae789615542997ec2727695,bridge,hard,Kam Heskin plays Paige Morgan in a 2004 film directed by who?,Kam Heskin | The Prince and Me,5,1,1,"{""Kam Heskin"":1,""The Prince and Me"":2}","{""Kam Heskin"":2,""The Prince and Me"":3}",stable_hit
per_question,5ae791ef55429952e35ea979,bridge,hard,In what month was the relief first officer of the flight that crashed on its way to Cairo with a stop in New York Born?,EgyptAir Flight 990 | Gameel Al-Batouti,2,1,1,"{""EgyptAir Flight 990"":1,""Gameel Al-Batouti"":2}","{""EgyptAir Flight 990"":1,""Gameel Al-Batouti"":2}",stable_hit
per_question,5ae791ef55429952e35ea979,bridge,hard,In what month was the relief first officer of the flight that crashed on its way to Cairo with a stop in New York Born?,EgyptAir Flight 990 | Gameel Al-Batouti,5,1,1,"{""EgyptAir Flight 990"":1,""Gameel Al-Batouti"":2}","{""EgyptAir Flight 990"":1,""Gameel Al-Batouti"":2}",stable_hit
per_question,5ae7a8175542993210983ed8,bridge,hard,Which other Mexican Formula One race car driver has held the podium besides the Force India driver born in 1990?,Formula One drivers from Mexico | Sergio Pérez,2,1,1,"{""Formula One drivers from Mexico"":1,""Sergio Pérez"":2}","{""Formula One drivers from Mexico"":1,""Sergio Pérez"":2}",stable_hit
per_question,5ae7a8175542993210983ed8,bridge,hard,Which other Mexican Formula One race car driver has held the podium besides the Force India driver born in 1990?,Formula One drivers from Mexico | Sergio Pérez,5,1,1,"{""Formula One drivers from Mexico"":1,""Sergio Pérez"":2}","{""Formula One drivers from Mexico"":1,""Sergio Pérez"":2}",stable_hit
per_question,5ae7ba7a5542993210983f12,bridge,hard,"What is the name of the singer who's song was released as the lead single from the album ""Confessions"", and that had popular song stuck behind for eight consecutive weeks?",I Don't Wanna Know | Yeah! (Usher song),2,1,0,"{""I Don't Wanna Know"":2,""Yeah! (Usher song)"":1}","{""I Don't Wanna Know"":8,""Yeah! (Usher song)"":1}",damage
per_question,5ae7ba7a5542993210983f12,bridge,hard,"What is the name of the singer who's song was released as the lead single from the album ""Confessions"", and that had popular song stuck behind for eight consecutive weeks?",I Don't Wanna Know | Yeah! (Usher song),5,1,0,"{""I Don't Wanna Know"":2,""Yeah! (Usher song)"":1}","{""I Don't Wanna Know"":8,""Yeah! (Usher song)"":1}",damage
per_question,5ae7e1fc55429952e35ea9cc,bridge,hard,What color clothing do people of the Netherlands wear during Oranjegekte or to celebrate the national holiday Koningsdag? ,Koningsdag | Oranjegekte,2,1,1,"{""Koningsdag"":2,""Oranjegekte"":1}","{""Koningsdag"":2,""Oranjegekte"":1}",stable_hit
per_question,5ae7e1fc55429952e35ea9cc,bridge,hard,What color clothing do people of the Netherlands wear during Oranjegekte or to celebrate the national holiday Koningsdag? ,Koningsdag | Oranjegekte,5,1,1,"{""Koningsdag"":2,""Oranjegekte"":1}","{""Koningsdag"":2,""Oranjegekte"":1}",stable_hit
per_question,5ae7eaf65542994a481bbe1d,bridge,hard,When was the  former Indian cricketer who made his ODI debuts during the 2000 ICC KnockOut Trophy born? ,2000 ICC KnockOut Trophy | Zaheer Khan,2,0,0,"{""2000 ICC KnockOut Trophy"":2,""Zaheer Khan"":6}","{""2000 ICC KnockOut Trophy"":1,""Zaheer Khan"":3}",stable_miss
per_question,5ae7eaf65542994a481bbe1d,bridge,hard,When was the  former Indian cricketer who made his ODI debuts during the 2000 ICC KnockOut Trophy born? ,2000 ICC KnockOut Trophy | Zaheer Khan,5,0,1,"{""2000 ICC KnockOut Trophy"":2,""Zaheer Khan"":6}","{""2000 ICC KnockOut Trophy"":1,""Zaheer Khan"":3}",rescue
per_question,5ae7ed17554299540e5a56a3,bridge,hard,Ernest Foot was the best friend of the fighter pilot who had how many victories?,Albert Ball | Ernest Foot,2,0,1,"{""Albert Ball"":3,""Ernest Foot"":1}","{""Albert Ball"":2,""Ernest Foot"":1}",rescue
per_question,5ae7ed17554299540e5a56a3,bridge,hard,Ernest Foot was the best friend of the fighter pilot who had how many victories?,Albert Ball | Ernest Foot,5,1,1,"{""Albert Ball"":3,""Ernest Foot"":1}","{""Albert Ball"":2,""Ernest Foot"":1}",stable_hit
per_question,5ae7edee554299540e5a56ad,bridge,hard,The Church of the Guanche People was founded in the city that is on the most populated island of what larger area?,Church of the Guanche People | Tenerife,2,0,0,"{""Church of the Guanche People"":1,""Tenerife"":3}","{""Church of the Guanche People"":1,""Tenerife"":4}",stable_miss
per_question,5ae7edee554299540e5a56ad,bridge,hard,The Church of the Guanche People was founded in the city that is on the most populated island of what larger area?,Church of the Guanche People | Tenerife,5,1,1,"{""Church of the Guanche People"":1,""Tenerife"":3}","{""Church of the Guanche People"":1,""Tenerife"":4}",stable_hit
per_question,5ae819ac55429952e35eaa16,bridge,hard,"What station broadcast the episode ""Marry Me a Little, Marry Me a Little More"" , of the series created by Max Mutchnick and David Kohan?","Marry Me a Little, Marry Me a Little More | Will &amp; Grace",2,0,0,"{""Marry Me a Little, Marry Me a Little More"":1,""Will &amp; Grace"":9}","{""Marry Me a Little, Marry Me a Little More"":1,""Will &amp; Grace"":5}",stable_miss
per_question,5ae819ac55429952e35eaa16,bridge,hard,"What station broadcast the episode ""Marry Me a Little, Marry Me a Little More"" , of the series created by Max Mutchnick and David Kohan?","Marry Me a Little, Marry Me a Little More | Will &amp; Grace",5,0,1,"{""Marry Me a Little, Marry Me a Little More"":1,""Will &amp; Grace"":9}","{""Marry Me a Little, Marry Me a Little More"":1,""Will &amp; Grace"":5}",rescue
per_question,5ae82ae555429952e35eaa71,bridge,hard,"Martin Patterson ""Pat"" Hingle was a close friend of an actor who achieved success in what Western TV series? ",Clint Eastwood | Pat Hingle,2,0,1,"{""Clint Eastwood"":5,""Pat Hingle"":1}","{""Clint Eastwood"":2,""Pat Hingle"":1}",rescue
per_question,5ae82ae555429952e35eaa71,bridge,hard,"Martin Patterson ""Pat"" Hingle was a close friend of an actor who achieved success in what Western TV series? ",Clint Eastwood | Pat Hingle,5,1,1,"{""Clint Eastwood"":5,""Pat Hingle"":1}","{""Clint Eastwood"":2,""Pat Hingle"":1}",stable_hit
