retrieval_run_id,method,setting,example_id,rank,title,score
dense_per_question_n500_d10_20260726_r01,dense,per_question,5a71166d5542994082a3e576,1,Battle of Guam (1944),0.67972123622894287
dense_per_question_n500_d10_20260726_r01,dense,per_question,5a71166d5542994082a3e576,2,Battle of Manila (1945),0.63578176498413086
dense_per_question_n500_d10_20260726_r01,dense,per_question,5a71166d5542994082a3e576,3,Battle of Manila (1574),0.6170116662979126
dense_per_question_n500_d10_20260726_r01,dense,per_question,5a71166d5542994082a3e576,4,Battle of Yao (Japan),0.46772617101669312
dense_per_question_n500_d10_20260726_r01,dense,per_question,5a71166d5542994082a3e576,5,Battle of Alhandic,0.42558377981185913
dense_per_question_n500_d10_20260726_r01,dense,per_question,5a71166d5542994082a3e576,6,Battle of Calabria,0.39499983191490173
dense_per_question_n500_d10_20260726_r01,dense,per_question,5a71166d5542994082a3e576,7,Battle of Silda,0.32663527131080627
dense_per_question_n500_d10_20260726_r01,dense,per_question,5a71166d5542994082a3e576,8,Battle of Aspromonte,0.32115554809570312
dense_per_question_n500_d10_20260726_r01,dense,per_question,5a71166d5542994082a3e576,9,Battle of the Burbia River,0.31110143661499023
dense_per_question_n500_d10_20260726_r01,dense,per_question,5a71166d5542994082a3e576,10,Battle of Klushino,0.29542532563209534
dense_per_question_n500_d10_20260726_r01,dense,per_question,5a7133565542994082a3e65c,1,"Lake Louisvilla, Louisville",0.76149141788482666
dense_per_question_n500_d10_20260726_r01,dense,per_question,5a7133565542994082a3e65c,2,"Kentucky County, Virginia",0.55288219451904297
dense_per_question_n500_d10_20260726_r01,dense,per_question,5a7133565542994082a3e65c,3,"Oldham County, Kentucky",0.46832859516143799
dense_per_question_n500_d10_20260726_r01,dense,per_question,5a7133565542994082a3e65c,4,"Casey County, Kentucky",0.44950008392333984
dense_per_question_n500_d10_20260726_r01,dense,per_question,5a7133565542994082a3e65c,5,Benjamin Logan,0.32006433606147766
dense_per_question_n500_d10_20260726_r01,dense,per_question,5a7133565542994082a3e65c,6,John Logan (pioneer),0.31155860424041748
dense_per_question_n500_d10_20260726_r01,dense,per_question,5a7133565542994082a3e65c,7,John Bowman (pioneer),0.30719202756881714
dense_per_question_n500_d10_20260726_r01,dense,per_question,5a7133565542994082a3e65c,8,Battle of Blue Licks,0.22984801232814789
dense_per_question_n500_d10_20260726_r01,dense,per_question,5a7133565542994082a3e65c,9,Westervelt massacre,0.21365094184875488
dense_per_question_n500_d10_20260726_r01,dense,per_question,5a7133565542994082a3e65c,10,Tara Conner,0.18432033061981201
dense_per_question_n500_d10_20260726_r01,dense,per_question,5a713a5a5542994082a3e6a9,1,"Old Trafford, Greater Manchester",0.62104964256286621
dense_per_question_n500_d10_20260726_r01,dense,per_question,5a713a5a5542994082a3e6a9,2,Trafford Bar tram stop,0.60798299312591553
dense_per_question_n500_d10_20260726_r01,dense,per_question,5a713a5a5542994082a3e6a9,3,Gorse Hill,0.50241577625274658
dense_per_question_n500_d10_20260726_r01,dense,per_question,5a713a5a5542994082a3e6a9,4,Manchester United F.C.,0.44193810224533081
dense_per_question_n500_d10_20260726_r01,dense,per_question,5a713a5a5542994082a3e6a9,5,Manchester United F.C. in European football,0.43069326877593994
dense_per_question_n500_d10_20260726_r01,dense,per_question,5a713a5a5542994082a3e6a9,6,Ragbi Klub Mornar Bar,0.36150139570236206
dense_per_question_n500_d10_20260726_r01,dense,per_question,5a713a5a5542994082a3e6a9,7,Aquinas Old Collegians Football Club,0.35135450959205627
dense_per_question_n500_d10_20260726_r01,dense,per_question,5a713a5a5542994082a3e6a9,8,Maxine's Tap Room,0.27378195524215698
dense_per_question_n500_d10_20260726_r01,dense,per_question,5a713a5a5542994082a3e6a9,9,Trojans Rugby Football Club,0.21872633695602417
dense_per_question_n500_d10_20260726_r01,dense,per_question,5a713a5a5542994082a3e6a9,10,ŠNK Radgona,0.19698253273963928
dense_per_question_n500_d10_20260726_r01,dense,per_question,5a713ea95542994082a3e6e4,1,Alvaro Mexia,0.7604791522026062
dense_per_question_n500_d10_20260726_r01,dense,per_question,5a713ea95542994082a3e6e4,2,Indigenous peoples of Florida,0.30591076612472534
dense_per_question_n500_d10_20260726_r01,dense,per_question,5a713ea95542994082a3e6e4,3,Diplomatic mission,0.27847617864608765
dense_per_question_n500_d10_20260726_r01,dense,per_question,5a713ea95542994082a3e6e4,4,United States Mission to the European Union,0.21451815962791443
dense_per_question_n500_d10_20260726_r01,dense,per_question,5a713ea95542994082a3e6e4,5,Diplomatic bag,0.18777552247047424
dense_per_question_n500_d10_20260726_r01,dense,per_question,5a713ea95542994082a3e6e4,6,"Embassy of the United States, Nairobi",0.17121963202953339
dense_per_question_n500_d10_20260726_r01,dense,per_question,5a713ea95542994082a3e6e4,7,Head of mission,0.15344361960887909
dense_per_question_n500_d10_20260726_r01,dense,per_question,5a713ea95542994082a3e6e4,8,"High Commission of Australia, London",0.14411169290542603
dense_per_question_n500_d10_20260726_r01,dense,per_question,5a713ea95542994082a3e6e4,9,List of diplomatic missions of Azerbaijan,0.12797358632087708
dense_per_question_n500_d10_20260726_r01,dense,per_question,5a713ea95542994082a3e6e4,10,"Embassy of China, London",0.085166797041893005
dense_per_question_n500_d10_20260726_r01,dense,per_question,5a7166395542994082a3e814,1,Kansas Song,0.76356172561645508
dense_per_question_n500_d10_20260726_r01,dense,per_question,5a7166395542994082a3e814,2,University of Kansas,0.61656612157821655
dense_per_question_n500_d10_20260726_r01,dense,per_question,5a7166395542994082a3e814,3,Downtown Kansas City,0.43078392744064331
dense_per_question_n500_d10_20260726_r01,dense,per_question,5a7166395542994082a3e814,4,University of Missouri–Kansas City,0.43046441674232483
dense_per_question_n500_d10_20260726_r01,dense,per_question,5a7166395542994082a3e814,5,Kansas City jazz,0.40384617447853088
dense_per_question_n500_d10_20260726_r01,dense,per_question,5a7166395542994082a3e814,6,"North Kansas City, Missouri",0.4003635048866272
dense_per_question_n500_d10_20260726_r01,dense,per_question,5a7166395542994082a3e814,7,Kansas City metropolitan area,0.38416695594787598
dense_per_question_n500_d10_20260726_r01,dense,per_question,5a7166395542994082a3e814,8,University of the Incarnate Word,0.38180431723594666
dense_per_question_n500_d10_20260726_r01,dense,per_question,5a7166395542994082a3e814,9,History of the Kansas City metropolitan area,0.36347088217735291
dense_per_question_n500_d10_20260726_r01,dense,per_question,5a7166395542994082a3e814,10,Kansas City Scout,0.25776362419128418
dense_per_question_n500_d10_20260726_r01,dense,per_question,5a71717d5542994082a3e834,1,Larry Drake,0.57189571857452393
dense_per_question_n500_d10_20260726_r01,dense,per_question,5a71717d5542994082a3e834,2,Gryphon (film),0.54597878456115723
dense_per_question_n500_d10_20260726_r01,dense,per_question,5a71717d5542994082a3e834,3,Van Partible,0.53763318061828613
dense_per_question_n500_d10_20260726_r01,dense,per_question,5a71717d5542994082a3e834,4,List of Johnny Bravo episodes,0.49014192819595337
dense_per_question_n500_d10_20260726_r01,dense,per_question,5a71717d5542994082a3e834,5,Jeff Bennett,0.45038023591041565
dense_per_question_n500_d10_20260726_r01,dense,per_question,5a71717d5542994082a3e834,6,Sherry Gunther,0.37111860513687134
dense_per_question_n500_d10_20260726_r01,dense,per_question,5a71717d5542994082a3e834,7,Steve Nallon,0.33349043130874634
dense_per_question_n500_d10_20260726_r01,dense,per_question,5a71717d5542994082a3e834,8,Brian A. Miller,0.26632088422775269
dense_per_question_n500_d10_20260726_r01,dense,per_question,5a71717d5542994082a3e834,9,Rumen Petkov,0.25132459402084351
dense_per_question_n500_d10_20260726_r01,dense,per_question,5a71717d5542994082a3e834,10,Festival of New Songs,0.09963177889585495
dense_per_question_n500_d10_20260726_r01,dense,per_question,5a717d4c5542994082a3e854,1,Pavel Alexandrov,0.51952576637268066
dense_per_question_n500_d10_20260726_r01,dense,per_question,5a717d4c5542994082a3e854,2,Semyon Aranovich Gershgorin,0.42044824361801147
dense_per_question_n500_d10_20260726_r01,dense,per_question,5a717d4c5542994082a3e854,3,Semyon Aranovich,0.38743960857391357
dense_per_question_n500_d10_20260726_r01,dense,per_question,5a717d4c5542994082a3e854,4,Gershgorin circle theorem,0.31350815296173096
dense_per_question_n500_d10_20260726_r01,dense,per_question,5a717d4c5542994082a3e854,5,Pavel Urysohn,0.27335542440414429
dense_per_question_n500_d10_20260726_r01,dense,per_question,5a717d4c5542994082a3e854,6,Confrontation (TV series),0.25047579407691956
dense_per_question_n500_d10_20260726_r01,dense,per_question,5a717d4c5542994082a3e854,7,Rafferty (1980 TV series),0.20771455764770508
dense_per_question_n500_d10_20260726_r01,dense,per_question,5a717d4c5542994082a3e854,8,Alexandroff extension,0.18789711594581604
dense_per_question_n500_d10_20260726_r01,dense,per_question,5a717d4c5542994082a3e854,9,The Year of the Dog (film),0.15826299786567688
dense_per_question_n500_d10_20260726_r01,dense,per_question,5a717d4c5542994082a3e854,10,Nerve of a covering,0.14197161793708801
dense_per_question_n500_d10_20260726_r01,dense,per_question,5a722b8655429971e9dc9329,1,These Boots Are Made for Walkin',0.69934189319610596
dense_per_question_n500_d10_20260726_r01,dense,per_question,5a722b8655429971e9dc9329,2,Boots (EP),0.68722975254058838
dense_per_question_n500_d10_20260726_r01,dense,per_question,5a722b8655429971e9dc9329,3,Boots (album),0.64491426944732666
dense_per_question_n500_d10_20260726_r01,dense,per_question,5a722b8655429971e9dc9329,4,Nancy Sinatra,0.57286339998245239
dense_per_question_n500_d10_20260726_r01,dense,per_question,5a722b8655429971e9dc9329,5,The Twenty-fifth Anniversary Anthology,0.53235828876495361
dense_per_question_n500_d10_20260726_r01,dense,per_question,5a722b8655429971e9dc9329,6,Puss N' Boots/These Boots Are Made for Walkin',0.51954877376556396
dense_per_question_n500_d10_20260726_r01,dense,per_question,5a722b8655429971e9dc9329,7,Kon Kan,0.41012623906135559
dense_per_question_n500_d10_20260726_r01,dense,per_question,5a722b8655429971e9dc9329,8,Jim Shoulders,0.25820848345756531
dense_per_question_n500_d10_20260726_r01,dense,per_question,5a722b8655429971e9dc9329,9,Lee Hazlewood,0.19534812867641449
dense_per_question_n500_d10_20260726_r01,dense,per_question,5a722b8655429971e9dc9329,10,Death of Abdul Wali,0.19126449525356293
dense_per_question_n500_d10_20260726_r01,dense,per_question,5a7252db5542990c210a4104,1,Trump campaign–Russian meeting,0.57664608955383301
dense_per_question_n500_d10_20260726_r01,dense,per_question,5a7252db5542990c210a4104,2,Donald Trump Jr.,0.53563344478607178
dense_per_question_n500_d10_20260726_r01,dense,per_question,5a7252db5542990c210a4104,3,Jessica Mulroney,0.37486281991004944
dense_per_question_n500_d10_20260726_r01,dense,per_question,5a7252db5542990c210a4104,4,John Ingram McMorran,0.35925748944282532
dense_per_question_n500_d10_20260726_r01,dense,per_question,5a7252db5542990c210a4104,5,Clayton Fountain,0.2668728232383728
dense_per_question_n500_d10_20260726_r01,dense,per_question,5a7252db5542990c210a4104,6,Domitia Lepida the Elder,0.24703656136989594
dense_per_question_n500_d10_20260726_r01,dense,per_question,5a7252db5542990c210a4104,7,Clear Creek Meeting House,0.19829358160495758
dense_per_question_n500_d10_20260726_r01,dense,per_question,5a7252db5542990c210a4104,8,Zeresenay Alemseged,0.19068679213523865
dense_per_question_n500_d10_20260726_r01,dense,per_question,5a7252db5542990c210a4104,9,Child Welfare League of America,0.1289176344871521
dense_per_question_n500_d10_20260726_r01,dense,per_question,5a7252db5542990c210a4104,10,Mary Elizabeth Day Nursery,0.11770501732826233
dense_per_question_n500_d10_20260726_r01,dense,per_question,5a729e7b5542992359bc313d,1,Longhunter,0.59722006320953369
dense_per_question_n500_d10_20260726_r01,dense,per_question,5a729e7b5542992359bc313d,2,Thái Bình river system,0.32014364004135132
dense_per_question_n500_d10_20260726_r01,dense,per_question,5a729e7b5542992359bc313d,3,Pearl River (China),0.31684830784797668
dense_per_question_n500_d10_20260726_r01,dense,per_question,5a729e7b5542992359bc313d,4,Cotter River System,0.30134913325309753
dense_per_question_n500_d10_20260726_r01,dense,per_question,5a729e7b5542992359bc313d,5,Blackback barb,0.29651588201522827
dense_per_question_n500_d10_20260726_r01,dense,per_question,5a729e7b5542992359bc313d,6,Red River system,0.28559774160385132
dense_per_question_n500_d10_20260726_r01,dense,per_question,5a729e7b5542992359bc313d,7,Eastern freshwater cod,0.27815017104148865
dense_per_question_n500_d10_20260726_r01,dense,per_question,5a729e7b5542992359bc313d,8,Holston River,0.27499949932098389
dense_per_question_n500_d10_20260726_r01,dense,per_question,5a729e7b5542992359bc313d,9,Thái Bình River,0.25719171762466431
dense_per_question_n500_d10_20260726_r01,dense,per_question,5a729e7b5542992359bc313d,10,Zambezi River System Action Plan,0.24720072746276855
dense_per_question_n500_d10_20260726_r01,dense,per_question,5a72a0be5542992359bc3143,1,Oedipus Rex,0.56475222110748291
dense_per_question_n500_d10_20260726_r01,dense,per_question,5a72a0be5542992359bc3143,2,The Interpretation of Dreams,0.53316080570220947
dense_per_question_n500_d10_20260726_r01,dense,per_question,5a72a0be5542992359bc3143,3,The Life and Work of Sigmund Freud,0.52545338869094849
dense_per_question_n500_d10_20260726_r01,dense,per_question,5a72a0be5542992359bc3143,4,Freud: A Life for Our Time,0.51260507106781006
dense_per_question_n500_d10_20260726_r01,dense,per_question,5a72a0be5542992359bc3143,5,Dostoevsky and Parricide,0.50411748886108398
dense_per_question_n500_d10_20260726_r01,dense,per_question,5a72a0be5542992359bc3143,6,Critical approaches to Hamlet,0.49433386325836182
dense_per_question_n500_d10_20260726_r01,dense,per_question,5a72a0be5542992359bc3143,7,Freud and Philosophy,0.48212483525276184
dense_per_question_n500_d10_20260726_r01,dense,per_question,5a72a0be5542992359bc3143,8,Why Freud Was Wrong,0.42683231830596924
dense_per_question_n500_d10_20260726_r01,dense,per_question,5a72a0be5542992359bc3143,9,The Assault on Truth,0.41062870621681213
dense_per_question_n500_d10_20260726_r01,dense,per_question,5a72a0be5542992359bc3143,10,Peter Swales (historian),0.38536590337753296
dense_per_question_n500_d10_20260726_r01,dense,per_question,5a72c6f65542994cef4bc402,1,Wheat salad,0.67711448669433594
dense_per_question_n500_d10_20260726_r01,dense,per_question,5a72c6f65542994cef4bc402,2,Fruit salad,0.58770591020584106
dense_per_question_n500_d10_20260726_r01,dense,per_question,5a72c6f65542994cef4bc402,3,Jello salad,0.54758155345916748
dense_per_question_n500_d10_20260726_r01,dense,per_question,5a72c6f65542994cef4bc402,4,Candle salad,0.5457453727722168
dense_per_question_n500_d10_20260726_r01,dense,per_question,5a72c6f65542994cef4bc402,5,Bean salad,0.53523492813110352
dense_per_question_n500_d10_20260726_r01,dense,per_question,5a72c6f65542994cef4bc402,6,Salad bar,0.49843057990074158
dense_per_question_n500_d10_20260726_r01,dense,per_question,5a72c6f65542994cef4bc402,7,Tomato,0.46416196227073669
dense_per_question_n500_d10_20260726_r01,dense,per_question,5a72c6f65542994cef4bc402,8,Crataegus pinnatifida,0.30524057149887085
dense_per_question_n500_d10_20260726_r01,dense,per_question,5a72c6f65542994cef4bc402,9,Pandanus conoideus,0.22907260060310364
dense_per_question_n500_d10_20260726_r01,dense,per_question,5a72c6f65542994cef4bc402,10,Wheat allergy,0.22656580805778503
dense_per_question_n500_d10_20260726_r01,dense,per_question,5a7320565542991f9a20c61d,1,Keith Bostic (American football),0.51406455039978027
dense_per_question_n500_d10_20260726_r01,dense,per_question,5a7320565542991f9a20c61d,2,Keith Bostic,0.45210319757461548
dense_per_question_n500_d10_20260726_r01,dense,per_question,5a7320565542991f9a20c61d,3,Jerry Glanville,0.43254131078720093
dense_per_question_n500_d10_20260726_r01,dense,per_question,5a7320565542991f9a20c61d,4,Portland State Vikings football under Jerry Glanville,0.42612624168395996
dense_per_question_n500_d10_20260726_r01,dense,per_question,5a7320565542991f9a20c61d,5,1987 Pittsburgh Steelers season,0.30288833379745483
dense_per_question_n500_d10_20260726_r01,dense,per_question,5a7320565542991f9a20c61d,6,Mouse Davis,0.28508484363555908
dense_per_question_n500_d10_20260726_r01,dense,per_question,5a7320565542991f9a20c61d,7,Ken Herock,0.23185430467128754
dense_per_question_n500_d10_20260726_r01,dense,per_question,5a7320565542991f9a20c61d,8,1990 Atlanta Falcons season,0.19422805309295654
dense_per_question_n500_d10_20260726_r01,dense,per_question,5a7320565542991f9a20c61d,9,1989 Houston Oilers season,0.12534782290458679
dense_per_question_n500_d10_20260726_r01,dense,per_question,5a7320565542991f9a20c61d,10,Lucky to Be Alive (Confederate Railroad album),0.087041884660720825
dense_per_question_n500_d10_20260726_r01,dense,per_question,5a7332935542991f9a20c67d,1,Pirate's Cove,0.67813050746917725
dense_per_question_n500_d10_20260726_r01,dense,per_question,5a7332935542991f9a20c67d,2,Catan: Seafarers,0.60307395458221436
dense_per_question_n500_d10_20260726_r01,dense,per_question,5a7332935542991f9a20c67d,3,Catan Card Game,0.55132174491882324
dense_per_question_n500_d10_20260726_r01,dense,per_question,5a7332935542991f9a20c67d,4,Catan,0.53076159954071045
dense_per_question_n500_d10_20260726_r01,dense,per_question,5a7332935542991f9a20c67d,5,The Kids of Catan,0.51870584487915039
dense_per_question_n500_d10_20260726_r01,dense,per_question,5a7332935542991f9a20c67d,6,The Rivals for Catan,0.50822240114212036
dense_per_question_n500_d10_20260726_r01,dense,per_question,5a7332935542991f9a20c67d,7,Struggle for Rome (board game),0.48977518081665039
dense_per_question_n500_d10_20260726_r01,dense,per_question,5a7332935542991f9a20c67d,8,Catan Dice Game,0.48886770009994507
dense_per_question_n500_d10_20260726_r01,dense,per_question,5a7332935542991f9a20c67d,9,Elasund,0.43757948279380798
dense_per_question_n500_d10_20260726_r01,dense,per_question,5a7332935542991f9a20c67d,10,Catan: Cities &amp; Knights,0.41992443799972534
dense_per_question_n500_d10_20260726_r01,dense,per_question,5a738225554299623ed4abc3,1,The Muppet Christmas Carol,0.63270902633666992
dense_per_question_n500_d10_20260726_r01,dense,per_question,5a738225554299623ed4abc3,2,List of The Muppets productions,0.56226539611816406
dense_per_question_n500_d10_20260726_r01,dense,per_question,5a738225554299623ed4abc3,3,Bedknobs and Broomsticks,0.53021824359893799
dense_per_question_n500_d10_20260726_r01,dense,per_question,5a738225554299623ed4abc3,4,Gonzo (Muppet),0.50003838539123535
dense_per_question_n500_d10_20260726_r01,dense,per_question,5a738225554299623ed4abc3,5,Rizzo the Rat,0.43986865878105164
dense_per_question_n500_d10_20260726_r01,dense,per_question,5a738225554299623ed4abc3,6,Bill Barretta,0.43865105509757996
dense_per_question_n500_d10_20260726_r01,dense,per_question,5a738225554299623ed4abc3,7,The Sword in the Stone (film),0.4315529465675354
dense_per_question_n500_d10_20260726_r01,dense,per_question,5a738225554299623ed4abc3,8,A Christmas Carol,0.40729096531867981
dense_per_question_n500_d10_20260726_r01,dense,per_question,5a738225554299623ed4abc3,9,Sam Eagle,0.3524901270866394
dense_per_question_n500_d10_20260726_r01,dense,per_question,5a738225554299623ed4abc3,10,Kalanta Xristougenon,0.25946938991546631
dense_per_question_n500_d10_20260726_r01,dense,per_question,5a738d27554299623ed4abf3,1,Erika Jayne,0.44202804565429688
dense_per_question_n500_d10_20260726_r01,dense,per_question,5a738d27554299623ed4abf3,2,Marisa Letícia Lula da Silva,0.39757055044174194
dense_per_question_n500_d10_20260726_r01,dense,per_question,5a738d27554299623ed4abf3,3,Marco Da Silva (dancer),0.33419770002365112
dense_per_question_n500_d10_20260726_r01,dense,per_question,5a738d27554299623ed4abf3,4,Emílio da Silva,0.32954525947570801
dense_per_question_n500_d10_20260726_r01,dense,per_question,5a738d27554299623ed4abf3,5,Marco da Silva (French footballer),0.30370771884918213
dense_per_question_n500_d10_20260726_r01,dense,per_question,5a738d27554299623ed4abf3,6,Viscount of Cardoso da Silva,0.30036085844039917
dense_per_question_n500_d10_20260726_r01,dense,per_question,5a738d27554299623ed4abf3,7,"Marquinhos (footballer, born June 1989)",0.29635986685752869
dense_per_question_n500_d10_20260726_r01,dense,per_question,5a738d27554299623ed4abf3,8,Café (musician),0.26521781086921692
dense_per_question_n500_d10_20260726_r01,dense,per_question,5a738d27554299623ed4abf3,9,José Graziano da Silva,0.18804448843002319
dense_per_question_n500_d10_20260726_r01,dense,per_question,5a738d27554299623ed4abf3,10,Fortaleza Metro,-0.023135457187891006
dense_per_question_n500_d10_20260726_r01,dense,per_question,5a738fe855429908901be2fb,1,Samuel Sim,0.50941681861877441
dense_per_question_n500_d10_20260726_r01,dense,per_question,5a738fe855429908901be2fb,2,Blog Wars,0.3193010687828064
dense_per_question_n500_d10_20260726_r01,dense,per_question,5a738fe855429908901be2fb,3,Joby Talbot,0.2970697283744812
dense_per_question_n500_d10_20260726_r01,dense,per_question,5a738fe855429908901be2fb,4,By the Beautiful Sea (song),0.29688391089439392
dense_per_question_n500_d10_20260726_r01,dense,per_question,5a738fe855429908901be2fb,5,King Arthur: Legend of the Sword,0.28433531522750854
dense_per_question_n500_d10_20260726_r01,dense,per_question,5a738fe855429908901be2fb,6,Robin Hood (2018 film),0.27649563550949097
dense_per_question_n500_d10_20260726_r01,dense,per_question,5a738fe855429908901be2fb,7,Beautiful Young Minds,0.24942567944526672
dense_per_question_n500_d10_20260726_r01,dense,per_question,5a738fe855429908901be2fb,8,Awake (film),0.20347981154918671
dense_per_question_n500_d10_20260726_r01,dense,per_question,5a738fe855429908901be2fb,9,Here (1954 song),0.20264679193496704
dense_per_question_n500_d10_20260726_r01,dense,per_question,5a738fe855429908901be2fb,10,Gidget Goes to Rome,0.17560480535030365
dense_per_question_n500_d10_20260726_r01,dense,per_question,5a73977d554299623ed4ac08,1,Scout Tufankjian,0.56326842308044434
dense_per_question_n500_d10_20260726_r01,dense,per_question,5a73977d554299623ed4ac08,2,Art Laboe,0.36821961402893066
dense_per_question_n500_d10_20260726_r01,dense,per_question,5a73977d554299623ed4ac08,3,Interamerican Scout Jamboree,0.34791961312294006
dense_per_question_n500_d10_20260726_r01,dense,per_question,5a73977d554299623ed4ac08,4,KOKO-FM,0.32794404029846191
dense_per_question_n500_d10_20260726_r01,dense,per_question,5a73977d554299623ed4ac08,5,Chinese Australians,0.26615411043167114
dense_per_question_n500_d10_20260726_r01,dense,per_question,5a73977d554299623ed4ac08,6,Arabs in India,0.24785700440406799
dense_per_question_n500_d10_20260726_r01,dense,per_question,5a73977d554299623ed4ac08,7,Indian Scout (motorcycle),0.19645921885967255
dense_per_question_n500_d10_20260726_r01,dense,per_question,5a73977d554299623ed4ac08,8,Original Sound,0.18749833106994629
dense_per_question_n500_d10_20260726_r01,dense,per_question,5a73977d554299623ed4ac08,9,Destinations,0.15608552098274231
dense_per_question_n500_d10_20260726_r01,dense,per_question,5a73977d554299623ed4ac08,10,Scout Promise,0.08893992006778717
dense_per_question_n500_d10_20260726_r01,dense,per_question,5a73a7c755429978a71e9068,1,Something There,0.60947030782699585
dense_per_question_n500_d10_20260726_r01,dense,per_question,5a73a7c755429978a71e9068,2,Paige O'Hara,0.54512971639633179
dense_per_question_n500_d10_20260726_r01,dense,per_question,5a73a7c755429978a71e9068,3,Anna Simpson,0.4983481764793396
dense_per_question_n500_d10_20260726_r01,dense,per_question,5a73a7c755429978a71e9068,4,Evermore (Beauty and the Beast song),0.49140089750289917
dense_per_question_n500_d10_20260726_r01,dense,per_question,5a73a7c755429978a71e9068,5,Beauty and the Beast (Disney song),0.48937708139419556
dense_per_question_n500_d10_20260726_r01,dense,per_question,5a73a7c755429978a71e9068,6,Belle (Disney song),0.48736998438835144
dense_per_question_n500_d10_20260726_r01,dense,per_question,5a73a7c755429978a71e9068,7,Robby Benson,0.46868982911109924
dense_per_question_n500_d10_20260726_r01,dense,per_question,5a73a7c755429978a71e9068,8,Marissa Perry,0.45070672035217285
dense_per_question_n500_d10_20260726_r01,dense,per_question,5a73a7c755429978a71e9068,9,Be Our Guest,0.42133587598800659
dense_per_question_n500_d10_20260726_r01,dense,per_question,5a73a7c755429978a71e9068,10,Belle (Disney),0.40650135278701782
dense_per_question_n500_d10_20260726_r01,dense,per_question,5a74106b55429979e288289e,1,Sachin Bansal,0.5352407693862915
dense_per_question_n500_d10_20260726_r01,dense,per_question,5a74106b55429979e288289e,2,Sachin Warrier,0.4982965886592865
dense_per_question_n500_d10_20260726_r01,dense,per_question,5a74106b55429979e288289e,3,Alec Muffett,0.28786057233810425
dense_per_question_n500_d10_20260726_r01,dense,per_question,5a74106b55429979e288289e,4,Tata Consultancy Services,0.26577574014663696
dense_per_question_n500_d10_20260726_r01,dense,per_question,5a74106b55429979e288289e,5,Lead programmer,0.25199884176254272
dense_per_question_n500_d10_20260726_r01,dense,per_question,5a74106b55429979e288289e,6,Divya S. Menon,0.23180763423442841
dense_per_question_n500_d10_20260726_r01,dense,per_question,5a74106b55429979e288289e,7,Wes McKinney,0.22334897518157959
dense_per_question_n500_d10_20260726_r01,dense,per_question,5a74106b55429979e288289e,8,William Connolley,0.19821001589298248
dense_per_question_n500_d10_20260726_r01,dense,per_question,5a74106b55429979e288289e,9,Muthuchippi Poloru,0.19133761525154114
dense_per_question_n500_d10_20260726_r01,dense,per_question,5a74106b55429979e288289e,10,Kanave Kalayathe,0.18412473797798157
dense_per_question_n500_d10_20260726_r01,dense,per_question,5a74684655429929fddd8410,1,"Back Up, Dancer",0.79594123363494873
dense_per_question_n500_d10_20260726_r01,dense,per_question,5a74684655429929fddd8410,2,Emily Bowker,0.36368942260742188
dense_per_question_n500_d10_20260726_r01,dense,per_question,5a74684655429929fddd8410,3,Janet Jackson,0.31880271434783936
dense_per_question_n500_d10_20260726_r01,dense,per_question,5a74684655429929fddd8410,4,"Glee: The Music, The Power of Madonna",0.31097924709320068
dense_per_question_n500_d10_20260726_r01,dense,per_question,5a74684655429929fddd8410,5,Joey Miyashima,0.26691687107086182
dense_per_question_n500_d10_20260726_r01,dense,per_question,5a74684655429929fddd8410,6,My Generation (talk show),0.243557408452034
dense_per_question_n500_d10_20260726_r01,dense,per_question,5a74684655429929fddd8410,7,It's Always Sunny in Philadelphia (season 6),0.16255336999893188
dense_per_question_n500_d10_20260726_r01,dense,per_question,5a74684655429929fddd8410,8,Old 8×10,0.14313003420829773
dense_per_question_n500_d10_20260726_r01,dense,per_question,5a74684655429929fddd8410,9,The Surreal Life: Fame Games,0.13729414343833923
dense_per_question_n500_d10_20260726_r01,dense,per_question,5a74684655429929fddd8410,10,Let That Be Your Last Battlefield,0.076015152037143707
dense_per_question_n500_d10_20260726_r01,dense,per_question,5a74c85055429916b0164218,1,British people,0.38314193487167358
dense_per_question_n500_d10_20260726_r01,dense,per_question,5a74c85055429916b0164218,2,"Australian referendum, 1937",0.37114167213439941
dense_per_question_n500_d10_20260726_r01,dense,per_question,5a74c85055429916b0164218,3,Alistair Grant,0.30209654569625854
dense_per_question_n500_d10_20260726_r01,dense,per_question,5a74c85055429916b0164218,4,Paul Méfano,0.28633636236190796
dense_per_question_n500_d10_20260726_r01,dense,per_question,5a74c85055429916b0164218,5,Robin Bailie,0.25402432680130005
dense_per_question_n500_d10_20260726_r01,dense,per_question,5a74c85055429916b0164218,6,Vatroslav Rožić,0.18994492292404175
dense_per_question_n500_d10_20260726_r01,dense,per_question,5a74c85055429916b0164218,7,William Bonfield,0.16983044147491455
dense_per_question_n500_d10_20260726_r01,dense,per_question,5a74c85055429916b0164218,8,Arild Nyquist,0.13389028608798981
dense_per_question_n500_d10_20260726_r01,dense,per_question,5a74c85055429916b0164218,9,Valentina Tereshkova,0.12938271462917328
dense_per_question_n500_d10_20260726_r01,dense,per_question,5a74c85055429916b0164218,10,Chawalit Kamutchati,0.097610309720039368
dense_per_question_n500_d10_20260726_r01,dense,per_question,5a74ce9655429974ef308c6c,1,ABQ Uptown,0.65251338481903076
dense_per_question_n500_d10_20260726_r01,dense,per_question,5a74ce9655429974ef308c6c,2,Canford Cliffs,0.44567880034446716
dense_per_question_n500_d10_20260726_r01,dense,per_question,5a74ce9655429974ef308c6c,3,List of cider producers in Dorset,0.42439290881156921
dense_per_question_n500_d10_20260726_r01,dense,per_question,5a74ce9655429974ef308c6c,4,Poole Methodist Church,0.41162475943565369
dense_per_question_n500_d10_20260726_r01,dense,per_question,5a74ce9655429974ef308c6c,5,Lush (company),0.30808043479919434
dense_per_question_n500_d10_20260726_r01,dense,per_question,5a74ce9655429974ef308c6c,6,Fire Radio,0.26579505205154419
dense_per_question_n500_d10_20260726_r01,dense,per_question,5a74ce9655429974ef308c6c,7,Viscount Trenchard,0.22670000791549683
dense_per_question_n500_d10_20260726_r01,dense,per_question,5a74ce9655429974ef308c6c,8,Baron de Mauley,0.2254737913608551
dense_per_question_n500_d10_20260726_r01,dense,per_question,5a74ce9655429974ef308c6c,9,"Dorset County Council election, 2013",0.22335290908813477
dense_per_question_n500_d10_20260726_r01,dense,per_question,5a74ce9655429974ef308c6c,10,Viscount Wimborne,0.17221942543983459
dense_per_question_n500_d10_20260726_r01,dense,per_question,5a7555215542996c70cfaee1,1,Hey Pa! There's a Goat on the Roof,0.59581905603408813
dense_per_question_n500_d10_20260726_r01,dense,per_question,5a7555215542996c70cfaee1,2,Rove goat,0.33881238102912903
dense_per_question_n500_d10_20260726_r01,dense,per_question,5a7555215542996c70cfaee1,3,Poleconomy,0.28787717223167419
dense_per_question_n500_d10_20260726_r01,dense,per_question,5a7555215542996c70cfaee1,4,Chatta Bazaar,0.20694743096828461
dense_per_question_n500_d10_20260726_r01,dense,per_question,5a7555215542996c70cfaee1,5,Pashmina,0.14060315489768982
dense_per_question_n500_d10_20260726_r01,dense,per_question,5a7555215542996c70cfaee1,6,VELUX,0.13109329342842102
dense_per_question_n500_d10_20260726_r01,dense,per_question,5a7555215542996c70cfaee1,7,Friendship Hall,0.09725458174943924
dense_per_question_n500_d10_20260726_r01,dense,per_question,5a7555215542996c70cfaee1,8,Ford flathead V8 engine,0.065324969589710236
dense_per_question_n500_d10_20260726_r01,dense,per_question,5a7555215542996c70cfaee1,9,Vetigel,0.013552917167544365
dense_per_question_n500_d10_20260726_r01,dense,per_question,5a7555215542996c70cfaee1,10,Verão Vermelho,0.0079549755901098251
dense_per_question_n500_d10_20260726_r01,dense,per_question,5a756fa15542996c70cfaefb,1,Július Satinský,0.60354989767074585
dense_per_question_n500_d10_20260726_r01,dense,per_question,5a756fa15542996c70cfaefb,2,Chernivtsi,0.30864283442497253
dense_per_question_n500_d10_20260726_r01,dense,per_question,5a756fa15542996c70cfaefb,3,Orbis Pictus (film),0.28043019771575928
dense_per_question_n500_d10_20260726_r01,dense,per_question,5a756fa15542996c70cfaefb,4,Bratislava,0.25674769282341003
dense_per_question_n500_d10_20260726_r01,dense,per_question,5a756fa15542996c70cfaefb,5,"Orlinda, Tennessee",0.24001532793045044
dense_per_question_n500_d10_20260726_r01,dense,per_question,5a756fa15542996c70cfaefb,6,Pune district,0.20667029917240143
dense_per_question_n500_d10_20260726_r01,dense,per_question,5a756fa15542996c70cfaefb,7,Gorontalo,0.18256279826164246
dense_per_question_n500_d10_20260726_r01,dense,per_question,5a756fa15542996c70cfaefb,8,Biratnagar,0.17828325927257538
dense_per_question_n500_d10_20260726_r01,dense,per_question,5a756fa15542996c70cfaefb,9,Sabaa Al Bour,0.13744890689849854
dense_per_question_n500_d10_20260726_r01,dense,per_question,5a756fa15542996c70cfaefb,10,Centro de Congresos Queretaro,0.10567088425159454
dense_per_question_n500_d10_20260726_r01,dense,per_question,5a7571135542992d0ec05f98,1,Ralph Hefferline,0.88061380386352539
dense_per_question_n500_d10_20260726_r01,dense,per_question,5a7571135542992d0ec05f98,2,E. Mavis Hetherington,0.43026471138000488
dense_per_question_n500_d10_20260726_r01,dense,per_question,5a7571135542992d0ec05f98,3,Columbia University,0.39064371585845947
dense_per_question_n500_d10_20260726_r01,dense,per_question,5a7571135542992d0ec05f98,4,Stanley Coren,0.35385978221893311
dense_per_question_n500_d10_20260726_r01,dense,per_question,5a7571135542992d0ec05f98,5,Frank L. Schmidt,0.34231790900230408
dense_per_question_n500_d10_20260726_r01,dense,per_question,5a7571135542992d0ec05f98,6,David C. Funder,0.33902978897094727
dense_per_question_n500_d10_20260726_r01,dense,per_question,5a7571135542992d0ec05f98,7,Princeton Neuroscience Institute,0.32887160778045654
dense_per_question_n500_d10_20260726_r01,dense,per_question,5a7571135542992d0ec05f98,8,Abraham Maslow,0.3204808235168457
dense_per_question_n500_d10_20260726_r01,dense,per_question,5a7571135542992d0ec05f98,9,Kimberly Young,0.30550366640090942
dense_per_question_n500_d10_20260726_r01,dense,per_question,5a7571135542992d0ec05f98,10,Mathematically Alive,0.19253167510032654
dense_per_question_n500_d10_20260726_r01,dense,per_question,5a7574e25542996c70cfaf01,1,Mahbub ul Haq,0.66448116302490234
dense_per_question_n500_d10_20260726_r01,dense,per_question,5a7574e25542996c70cfaf01,2,Sami ul Haq,0.56059587001800537
dense_per_question_n500_d10_20260726_r01,dense,per_question,5a7574e25542996c70cfaf01,3,Ibn Arabi,0.48504120111465454
dense_per_question_n500_d10_20260726_r01,dense,per_question,5a7574e25542996c70cfaf01,4,Idrees Ul Haq,0.45124900341033936
dense_per_question_n500_d10_20260726_r01,dense,per_question,5a7574e25542996c70cfaf01,5,Akbariyya,0.42471933364868164
dense_per_question_n500_d10_20260726_r01,dense,per_question,5a7574e25542996c70cfaf01,6,Chak 86/6.R Sahiwal,0.38969078660011292
dense_per_question_n500_d10_20260726_r01,dense,per_question,5a7574e25542996c70cfaf01,7,Fazle Hasan Abed,0.31268909573554993
dense_per_question_n500_d10_20260726_r01,dense,per_question,5a7574e25542996c70cfaf01,8,Human Development Index,0.26517763733863831
dense_per_question_n500_d10_20260726_r01,dense,per_question,5a7574e25542996c70cfaf01,9,Inge Kaul,0.19241589307785034
dense_per_question_n500_d10_20260726_r01,dense,per_question,5a7574e25542996c70cfaf01,10,Journal of Human Development and Capabilities,0.18431255221366882
dense_per_question_n500_d10_20260726_r01,dense,per_question,5a75e05c55429976ec32bc5f,1,Brown State Fishing Lake,0.66110843420028687
dense_per_question_n500_d10_20260726_r01,dense,per_question,5a75e05c55429976ec32bc5f,2,Fishing Lake,0.54409092664718628
dense_per_question_n500_d10_20260726_r01,dense,per_question,5a75e05c55429976ec32bc5f,3,Neosho State Fishing Lake,0.47852188348770142
dense_per_question_n500_d10_20260726_r01,dense,per_question,5a75e05c55429976ec32bc5f,4,Shawnee State Fishing Lake,0.4668692946434021
dense_per_question_n500_d10_20260726_r01,dense,per_question,5a75e05c55429976ec32bc5f,5,Commanda Lake,0.45039492845535278
dense_per_question_n500_d10_20260726_r01,dense,per_question,5a75e05c55429976ec32bc5f,6,Osage State Fishing Lake,0.44672125577926636
dense_per_question_n500_d10_20260726_r01,dense,per_question,5a75e05c55429976ec32bc5f,7,Higgins Lake,0.43080025911331177
dense_per_question_n500_d10_20260726_r01,dense,per_question,5a75e05c55429976ec32bc5f,8,"Brown County, Kansas",0.43043696880340576
dense_per_question_n500_d10_20260726_r01,dense,per_question,5a75e05c55429976ec32bc5f,9,"Higgins Lake, Michigan",0.3481181263923645
dense_per_question_n500_d10_20260726_r01,dense,per_question,5a75e05c55429976ec32bc5f,10,Narrow Hills Provincial Park,0.26875114440917969
dense_per_question_n500_d10_20260726_r01,dense,per_question,5a75f0ea5542994ccc91866c,1,Backford Cross,0.61780798435211182
dense_per_question_n500_d10_20260726_r01,dense,per_question,5a75f0ea5542994ccc91866c,2,U.S. Route 287,0.45111852884292603
dense_per_question_n500_d10_20260726_r01,dense,per_question,5a75f0ea5542994ccc91866c,3,A5117 road,0.44617828726768494
dense_per_question_n500_d10_20260726_r01,dense,per_question,5a75f0ea5542994ccc91866c,4,U.S. Route 19 Truck (Pittsburgh),0.41613200306892395
dense_per_question_n500_d10_20260726_r01,dense,per_question,5a75f0ea5542994ccc91866c,5,A41 road,0.36902493238449097
dense_per_question_n500_d10_20260726_r01,dense,per_question,5a75f0ea5542994ccc91866c,6,"Strawberry Park, Cheshire",0.35215902328491211
dense_per_question_n500_d10_20260726_r01,dense,per_question,5a75f0ea5542994ccc91866c,7,Al Haj FAW motors,0.3170885443687439
dense_per_question_n500_d10_20260726_r01,dense,per_question,5a75f0ea5542994ccc91866c,8,"Param, Rampur",0.25564241409301758
dense_per_question_n500_d10_20260726_r01,dense,per_question,5a75f0ea5542994ccc91866c,9,Pureland Industrial Complex,0.25014114379882812
dense_per_question_n500_d10_20260726_r01,dense,per_question,5a75f0ea5542994ccc91866c,10,Portland and Southwestern Railroad Tunnel,0.13819248974323273
dense_per_question_n500_d10_20260726_r01,dense,per_question,5a75f79555429976ec32bcca,1,2002–03 Australian region cyclone season,0.58732748031616211
dense_per_question_n500_d10_20260726_r01,dense,per_question,5a75f79555429976ec32bcca,2,Cyclone Kesiny,0.57250583171844482
dense_per_question_n500_d10_20260726_r01,dense,per_question,5a75f79555429976ec32bcca,3,Cyclone Donna,0.52816122770309448
dense_per_question_n500_d10_20260726_r01,dense,per_question,5a75f79555429976ec32bcca,4,1999 Odisha cyclone,0.52060401439666748
dense_per_question_n500_d10_20260726_r01,dense,per_question,5a75f79555429976ec32bcca,5,Cyclone Gonu,0.50731378793716431
dense_per_question_n500_d10_20260726_r01,dense,per_question,5a75f79555429976ec32bcca,6,2011–12 South Pacific cyclone season,0.4944484531879425
dense_per_question_n500_d10_20260726_r01,dense,per_question,5a75f79555429976ec32bcca,7,Cyclone Anne,0.49217206239700317
dense_per_question_n500_d10_20260726_r01,dense,per_question,5a75f79555429976ec32bcca,8,Cyclone Hondo,0.44473671913146973
dense_per_question_n500_d10_20260726_r01,dense,per_question,5a75f79555429976ec32bcca,9,Cyclone Esau,0.41751587390899658
dense_per_question_n500_d10_20260726_r01,dense,per_question,5a75f79555429976ec32bcca,10,Kathantara,0.32273805141448975
dense_per_question_n500_d10_20260726_r01,dense,per_question,5a760ab65542994ccc918697,1,Alfred Balk,0.66862189769744873
dense_per_question_n500_d10_20260726_r01,dense,per_question,5a760ab65542994ccc918697,2,Cynthia Hogan,0.38774460554122925
dense_per_question_n500_d10_20260726_r01,dense,per_question,5a760ab65542994ccc918697,3,Executive Order 10925,0.37477785348892212
dense_per_question_n500_d10_20260726_r01,dense,per_question,5a760ab65542994ccc918697,4,Gerald Ford,0.34379932284355164
dense_per_question_n500_d10_20260726_r01,dense,per_question,5a760ab65542994ccc918697,5,Gordon Johndroe,0.30541282892227173
dense_per_question_n500_d10_20260726_r01,dense,per_question,5a760ab65542994ccc918697,6,Nelson Rockefeller,0.29745429754257202
dense_per_question_n500_d10_20260726_r01,dense,per_question,5a760ab65542994ccc918697,7,President pro tempore of the United States Senate,0.24686659872531891
dense_per_question_n500_d10_20260726_r01,dense,per_question,5a760ab65542994ccc918697,8,Gore-Chernomyrdin Commission,0.2257152795791626
dense_per_question_n500_d10_20260726_r01,dense,per_question,5a760ab65542994ccc918697,9,Jim Lentz,0.12437459081411362
dense_per_question_n500_d10_20260726_r01,dense,per_question,5a760ab65542994ccc918697,10,Robert Nyce,0.090748712420463562
dense_per_question_n500_d10_20260726_r01,dense,per_question,5a760faa5542994ccc9186a8,1,Radio Amor,0.6808631420135498
dense_per_question_n500_d10_20260726_r01,dense,per_question,5a760faa5542994ccc9186a8,2,"Ravedeath, 1972",0.64521920680999756
dense_per_question_n500_d10_20260726_r01,dense,per_question,5a760faa5542994ccc9186a8,3,Tim Hecker,0.61492836475372314
dense_per_question_n500_d10_20260726_r01,dense,per_question,5a760faa5542994ccc9186a8,4,Harmony in Ultraviolet,0.5968894362449646
dense_per_question_n500_d10_20260726_r01,dense,per_question,5a760faa5542994ccc9186a8,5,Love Streams (album),0.59131073951721191
dense_per_question_n500_d10_20260726_r01,dense,per_question,5a760faa5542994ccc9186a8,6,An Imaginary Country,0.58553457260131836
dense_per_question_n500_d10_20260726_r01,dense,per_question,5a760faa5542994ccc9186a8,7,Virgins (Tim Hecker album),0.55102390050888062
dense_per_question_n500_d10_20260726_r01,dense,per_question,5a760faa5542994ccc9186a8,8,"Haunt Me, Haunt Me Do It Again",0.49121451377868652
dense_per_question_n500_d10_20260726_r01,dense,per_question,5a760faa5542994ccc9186a8,9,Mirages (album),0.48261895775794983
dense_per_question_n500_d10_20260726_r01,dense,per_question,5a760faa5542994ccc9186a8,10,Music Maker (label),0.35785523056983948
dense_per_question_n500_d10_20260726_r01,dense,per_question,5a7625c7554299109176e668,1,Nerdist Industries,0.67457771301269531
dense_per_question_n500_d10_20260726_r01,dense,per_question,5a7625c7554299109176e668,2,The Nerdist Podcast,0.61993634700775146
dense_per_question_n500_d10_20260726_r01,dense,per_question,5a7625c7554299109176e668,3,Comedy Film Nerds,0.60800457000732422
dense_per_question_n500_d10_20260726_r01,dense,per_question,5a7625c7554299109176e668,4,The Drop-In (podcast),0.55395156145095825
dense_per_question_n500_d10_20260726_r01,dense,per_question,5a7625c7554299109176e668,5,Nerdist News,0.53741568326950073
dense_per_question_n500_d10_20260726_r01,dense,per_question,5a7625c7554299109176e668,6,Jessica Chobot,0.47817310690879822
dense_per_question_n500_d10_20260726_r01,dense,per_question,5a7625c7554299109176e668,7,Maltin on Movies,0.47616225481033325
dense_per_question_n500_d10_20260726_r01,dense,per_question,5a7625c7554299109176e668,8,Chris Hardwick,0.40379077196121216
dense_per_question_n500_d10_20260726_r01,dense,per_question,5a7625c7554299109176e668,9,Chloe Dykstra,0.2768300473690033
dense_per_question_n500_d10_20260726_r01,dense,per_question,5a7625c7554299109176e668,10,Bobby Mehta,0.17243632674217224
dense_per_question_n500_d10_20260726_r01,dense,per_question,5a7625e8554299109176e66a,1,1925 Birthday Honours,0.83085715770721436
dense_per_question_n500_d10_20260726_r01,dense,per_question,5a7625e8554299109176e66a,2,1951 Birthday Honours,0.64683240652084351
dense_per_question_n500_d10_20260726_r01,dense,per_question,5a7625e8554299109176e66a,3,Birthday Honours,0.60694009065628052
dense_per_question_n500_d10_20260726_r01,dense,per_question,5a7625e8554299109176e66a,4,2017 Birthday Honours,0.56723272800445557
dense_per_question_n500_d10_20260726_r01,dense,per_question,5a7625e8554299109176e66a,5,2014 Birthday Honours,0.55528354644775391
dense_per_question_n500_d10_20260726_r01,dense,per_question,5a7625e8554299109176e66a,6,2016 Birthday Honours,0.54635357856750488
dense_per_question_n500_d10_20260726_r01,dense,per_question,5a7625e8554299109176e66a,7,1965 Birthday Honours,0.53180849552154541
dense_per_question_n500_d10_20260726_r01,dense,per_question,5a7625e8554299109176e66a,8,2013 Birthday Honours,0.52524948120117188
dense_per_question_n500_d10_20260726_r01,dense,per_question,5a7625e8554299109176e66a,9,2015 Birthday Honours,0.52042138576507568
dense_per_question_n500_d10_20260726_r01,dense,per_question,5a7625e8554299109176e66a,10,George V,0.4062190055847168
dense_per_question_n500_d10_20260726_r01,dense,per_question,5a7633ad5542992db9473741,1,Battle of Manila (1945),0.65377128124237061
dense_per_question_n500_d10_20260726_r01,dense,per_question,5a7633ad5542992db9473741,2,Seven Days Battles,0.56080842018127441
dense_per_question_n500_d10_20260726_r01,dense,per_question,5a7633ad5542992db9473741,3,Seven Days Union order of battle,0.51119136810302734
dense_per_question_n500_d10_20260726_r01,dense,per_question,5a7633ad5542992db9473741,4,Seven Days Confederate order of battle,0.47671359777450562
dense_per_question_n500_d10_20260726_r01,dense,per_question,5a7633ad5542992db9473741,5,Battle of Port Republic,0.37060514092445374
dense_per_question_n500_d10_20260726_r01,dense,per_question,5a7633ad5542992db9473741,6,Battle of Gaines's Mill,0.33054453134536743
dense_per_question_n500_d10_20260726_r01,dense,per_question,5a7633ad5542992db9473741,7,Battle of Cross Keys,0.32381454110145569
dense_per_question_n500_d10_20260726_r01,dense,per_question,5a7633ad5542992db9473741,8,Battle of Malvern Hill,0.30571436882019043
dense_per_question_n500_d10_20260726_r01,dense,per_question,5a7633ad5542992db9473741,9,Northern Virginia Campaign,0.26669061183929443
dense_per_question_n500_d10_20260726_r01,dense,per_question,5a7633ad5542992db9473741,10,"Savage's Station, Virginia",0.0857233926653862
dense_per_question_n500_d10_20260726_r01,dense,per_question,5a7634f155429976ec32bd6b,1,Ogallala Aquifer,0.55632680654525757
dense_per_question_n500_d10_20260726_r01,dense,per_question,5a7634f155429976ec32bd6b,2,"Keith County, Nebraska",0.46094685792922974
dense_per_question_n500_d10_20260726_r01,dense,per_question,5a7634f155429976ec32bd6b,3,Kingsley Dam,0.42012172937393188
dense_per_question_n500_d10_20260726_r01,dense,per_question,5a7634f155429976ec32bd6b,4,"Lemoyne, Nebraska",0.37545046210289001
dense_per_question_n500_d10_20260726_r01,dense,per_question,5a7634f155429976ec32bd6b,5,"Keystone, Nebraska",0.36074501276016235
dense_per_question_n500_d10_20260726_r01,dense,per_question,5a7634f155429976ec32bd6b,6,"Ogallala, Nebraska",0.35127201676368713
dense_per_question_n500_d10_20260726_r01,dense,per_question,5a7634f155429976ec32bd6b,7,Flatwood,0.33629205822944641
dense_per_question_n500_d10_20260726_r01,dense,per_question,5a7634f155429976ec32bd6b,8,Dune Dam,0.24243299663066864
dense_per_question_n500_d10_20260726_r01,dense,per_question,5a7634f155429976ec32bd6b,9,Souris Beach Provincial Park,0.18133336305618286
dense_per_question_n500_d10_20260726_r01,dense,per_question,5a7634f155429976ec32bd6b,10,Ingram–Schipper Farm,0.14196068048477173
dense_per_question_n500_d10_20260726_r01,dense,per_question,5a76387d554299109176e6ba,1,Emayatzy Corinealdi,0.36106854677200317
dense_per_question_n500_d10_20260726_r01,dense,per_question,5a76387d554299109176e6ba,2,Am Rong,0.30557864904403687
dense_per_question_n500_d10_20260726_r01,dense,per_question,5a76387d554299109176e6ba,3,Ava DuVernay,0.30471944808959961
dense_per_question_n500_d10_20260726_r01,dense,per_question,5a76387d554299109176e6ba,4,This Is the Life (2008 film),0.29891866445541382
dense_per_question_n500_d10_20260726_r01,dense,per_question,5a76387d554299109176e6ba,5,♯JusticeForFlint,0.18279349803924561
dense_per_question_n500_d10_20260726_r01,dense,per_question,5a76387d554299109176e6ba,6,Selma (film),0.14539605379104614
dense_per_question_n500_d10_20260726_r01,dense,per_question,5a76387d554299109176e6ba,7,Takeshi Fukunaga,0.13763797283172607
dense_per_question_n500_d10_20260726_r01,dense,per_question,5a76387d554299109176e6ba,8,Howard Barish,0.13103705644607544
dense_per_question_n500_d10_20260726_r01,dense,per_question,5a76387d554299109176e6ba,9,Spencer Averick,0.11602590978145599
dense_per_question_n500_d10_20260726_r01,dense,per_question,5a76387d554299109176e6ba,10,Robert Glasper,0.043029669672250748
dense_per_question_n500_d10_20260726_r01,dense,per_question,5a764c0b55429976ec32bd89,1,Eighth Wonder of the World,0.64113032817840576
dense_per_question_n500_d10_20260726_r01,dense,per_question,5a764c0b55429976ec32bd89,2,Astrodome,0.60247248411178589
dense_per_question_n500_d10_20260726_r01,dense,per_question,5a764c0b55429976ec32bd89,3,For the Last Time: Live from the Astrodome,0.34028506278991699
dense_per_question_n500_d10_20260726_r01,dense,per_question,5a764c0b55429976ec32bd89,4,1965 Houston Astros season,0.32736432552337646
dense_per_question_n500_d10_20260726_r01,dense,per_question,5a764c0b55429976ec32bd89,5,1973 Astro-Bluebonnet Bowl,0.32264846563339233
dense_per_question_n500_d10_20260726_r01,dense,per_question,5a764c0b55429976ec32bd89,6,Fearless (Eighth Wonder album),0.25588428974151611
dense_per_question_n500_d10_20260726_r01,dense,per_question,5a764c0b55429976ec32bd89,7,Shreveport Steamer,0.24481576681137085
dense_per_question_n500_d10_20260726_r01,dense,per_question,5a764c0b55429976ec32bd89,8,Brewster McCloud,0.18405431509017944
dense_per_question_n500_d10_20260726_r01,dense,per_question,5a764c0b55429976ec32bd89,9,Walter Suggs,0.12316066026687622
dense_per_question_n500_d10_20260726_r01,dense,per_question,5a764c0b55429976ec32bd89,10,Live! The Last Concert,0.092966325581073761
dense_per_question_n500_d10_20260726_r01,dense,per_question,5a76e88555429972597f13f4,1,Njan Steve Lopez,0.46686363220214844
dense_per_question_n500_d10_20260726_r01,dense,per_question,5a76e88555429972597f13f4,2,Third and Indiana,0.39717066287994385
dense_per_question_n500_d10_20260726_r01,dense,per_question,5a76e88555429972597f13f4,3,Patrick Tatten,0.37684541940689087
dense_per_question_n500_d10_20260726_r01,dense,per_question,5a76e88555429972597f13f4,4,True Love (book),0.32044148445129395
dense_per_question_n500_d10_20260726_r01,dense,per_question,5a76e88555429972597f13f4,5,Alencier Ley Lopez,0.31275594234466553
dense_per_question_n500_d10_20260726_r01,dense,per_question,5a76e88555429972597f13f4,6,Can't Buy Me Love (film),0.3032321035861969
dense_per_question_n500_d10_20260726_r01,dense,per_question,5a76e88555429972597f13f4,7,Farhaan Faasil,0.29833495616912842
dense_per_question_n500_d10_20260726_r01,dense,per_question,5a76e88555429972597f13f4,8,The Soloist,0.28729388117790222
dense_per_question_n500_d10_20260726_r01,dense,per_question,5a76e88555429972597f13f4,9,The Three Lives of Thomasina,0.28398421406745911
dense_per_question_n500_d10_20260726_r01,dense,per_question,5a76e88555429972597f13f4,10,The Fear Merchants,0.24133831262588501
dense_per_question_n500_d10_20260726_r01,dense,per_question,5a77152355429966f1a36c2e,1,What Are Little Boys Made Of?,0.81365633010864258
dense_per_question_n500_d10_20260726_r01,dense,per_question,5a77152355429966f1a36c2e,2,Pretty Little Dutch Girl,0.67277169227600098
dense_per_question_n500_d10_20260726_r01,dense,per_question,5a77152355429966f1a36c2e,3,Three Little Kittens,0.62309247255325317
dense_per_question_n500_d10_20260726_r01,dense,per_question,5a77152355429966f1a36c2e,4,"Row, Row, Row Your Boat",0.57734543085098267
dense_per_question_n500_d10_20260726_r01,dense,per_question,5a77152355429966f1a36c2e,5,Did You Ever See a Lassie?,0.56927227973937988
dense_per_question_n500_d10_20260726_r01,dense,per_question,5a77152355429966f1a36c2e,6,Aiken Drum,0.54615771770477295
dense_per_question_n500_d10_20260726_r01,dense,per_question,5a77152355429966f1a36c2e,7,A Wise Old Owl,0.54075908660888672
dense_per_question_n500_d10_20260726_r01,dense,per_question,5a77152355429966f1a36c2e,8,Billy Boy,0.51301229000091553
dense_per_question_n500_d10_20260726_r01,dense,per_question,5a77152355429966f1a36c2e,9,Tweedledum and Tweedledee,0.51291465759277344
dense_per_question_n500_d10_20260726_r01,dense,per_question,5a77152355429966f1a36c2e,10,What Are Little Girls Made Of?,0.45137113332748413
dense_per_question_n500_d10_20260726_r01,dense,per_question,5a77309d55429972597f1487,1,José Echegaray,0.49644100666046143
dense_per_question_n500_d10_20260726_r01,dense,per_question,5a77309d55429972597f1487,2,Patricio Echegaray,0.49218842387199402
dense_per_question_n500_d10_20260726_r01,dense,per_question,5a77309d55429972597f1487,3,Republican Party Reptile,0.32312861084938049
dense_per_question_n500_d10_20260726_r01,dense,per_question,5a77309d55429972597f1487,4,P. J. O'Rourke,0.27750042080879211
dense_per_question_n500_d10_20260726_r01,dense,per_question,5a77309d55429972597f1487,5,Paddy O'Rourke (Meath footballer),0.23422402143478394
dense_per_question_n500_d10_20260726_r01,dense,per_question,5a77309d55429972597f1487,6,Wale Adebanwi,0.2066321074962616
dense_per_question_n500_d10_20260726_r01,dense,per_question,5a77309d55429972597f1487,7,Despoina,0.20581978559494019
dense_per_question_n500_d10_20260726_r01,dense,per_question,5a77309d55429972597f1487,8,Give War a Chance,0.19990846514701843
dense_per_question_n500_d10_20260726_r01,dense,per_question,5a77309d55429972597f1487,9,Augustine of Canterbury,0.16132444143295288
dense_per_question_n500_d10_20260726_r01,dense,per_question,5a77309d55429972597f1487,10,National Lampoon 1964 High School Yearbook Parody,0.012143096886575222
dense_per_question_n500_d10_20260726_r01,dense,per_question,5a774e9c55429972597f14f3,1,David Huntsinger,0.45990228652954102
dense_per_question_n500_d10_20260726_r01,dense,per_question,5a774e9c55429972597f14f3,2,Karen Clark Sheard,0.4262927770614624
dense_per_question_n500_d10_20260726_r01,dense,per_question,5a774e9c55429972597f14f3,3,Larnelle Harris,0.40393126010894775
dense_per_question_n500_d10_20260726_r01,dense,per_question,5a774e9c55429972597f14f3,4,Muyiwa Olarewaju,0.39022952318191528
dense_per_question_n500_d10_20260726_r01,dense,per_question,5a774e9c55429972597f14f3,5,Just as I Am (Yolanda Adams album),0.38231968879699707
dense_per_question_n500_d10_20260726_r01,dense,per_question,5a774e9c55429972597f14f3,6,Latice Crawford,0.37334978580474854
dense_per_question_n500_d10_20260726_r01,dense,per_question,5a774e9c55429972597f14f3,7,Kierra Sheard,0.32205331325531006
dense_per_question_n500_d10_20260726_r01,dense,per_question,5a774e9c55429972597f14f3,8,Charles Charamba,0.31714192032814026
dense_per_question_n500_d10_20260726_r01,dense,per_question,5a774e9c55429972597f14f3,9,Andraé Crouch,0.29577428102493286
dense_per_question_n500_d10_20260726_r01,dense,per_question,5a774e9c55429972597f14f3,10,J-Shin,0.23871698975563049
dense_per_question_n500_d10_20260726_r01,dense,per_question,5a7757215542993569682d58,1,Vampire Academy (film),0.57257145643234253
dense_per_question_n500_d10_20260726_r01,dense,per_question,5a7757215542993569682d58,2,Lucy Fry,0.55886369943618774
dense_per_question_n500_d10_20260726_r01,dense,per_question,5a7757215542993569682d58,3,Vampire Academy,0.44816380739212036
dense_per_question_n500_d10_20260726_r01,dense,per_question,5a7757215542993569682d58,4,Frostbite (Mead novel),0.36565926671028137
dense_per_question_n500_d10_20260726_r01,dense,per_question,5a7757215542993569682d58,5,Healing (film),0.35082754492759705
dense_per_question_n500_d10_20260726_r01,dense,per_question,5a7757215542993569682d58,6,Spin Out (2016 film),0.34800267219543457
dense_per_question_n500_d10_20260726_r01,dense,per_question,5a7757215542993569682d58,7,Plush (film),0.33408737182617188
dense_per_question_n500_d10_20260726_r01,dense,per_question,5a7757215542993569682d58,8,A Few Best Men,0.27549910545349121
dense_per_question_n500_d10_20260726_r01,dense,per_question,5a7757215542993569682d58,9,Mr. Church,0.26327577233314514
dense_per_question_n500_d10_20260726_r01,dense,per_question,5a7757215542993569682d58,10,Love &amp; Friendship,0.19396603107452393
dense_per_question_n500_d10_20260726_r01,dense,per_question,5a7759fc5542993569682d60,1,Garajonay National Park,0.65986919403076172
dense_per_question_n500_d10_20260726_r01,dense,per_question,5a7759fc5542993569682d60,2,Teide National Park,0.62991559505462646
dense_per_question_n500_d10_20260726_r01,dense,per_question,5a7759fc5542993569682d60,3,Crater Lake National Park,0.40544700622558594
dense_per_question_n500_d10_20260726_r01,dense,per_question,5a7759fc5542993569682d60,4,Alpine National Park,0.39701330661773682
dense_per_question_n500_d10_20260726_r01,dense,per_question,5a7759fc5542993569682d60,5,Roque Cinchado,0.38680672645568848
dense_per_question_n500_d10_20260726_r01,dense,per_question,5a7759fc5542993569682d60,6,North Cascades National Park,0.38276278972625732
dense_per_question_n500_d10_20260726_r01,dense,per_question,5a7759fc5542993569682d60,7,Glacier National Park Fund,0.32124978303909302
dense_per_question_n500_d10_20260726_r01,dense,per_question,5a7759fc5542993569682d60,8,Adenocarpus viscosus,0.25300708413124084
dense_per_question_n500_d10_20260726_r01,dense,per_question,5a7759fc5542993569682d60,9,Hermigua,0.24123719334602356
dense_per_question_n500_d10_20260726_r01,dense,per_question,5a7759fc5542993569682d60,10,Training centre for release of the Atma-energy,0.19013530015945435
dense_per_question_n500_d10_20260726_r01,dense,per_question,5a77724455429972597f153e,1,1957 Indianapolis 500,0.56727701425552368
dense_per_question_n500_d10_20260726_r01,dense,per_question,5a77724455429972597f153e,2,Indianapolis Motor Speedway,0.53210735321044922
dense_per_question_n500_d10_20260726_r01,dense,per_question,5a77724455429972597f153e,3,Lean Horse Ultramarathon,0.51051592826843262
dense_per_question_n500_d10_20260726_r01,dense,per_question,5a77724455429972597f153e,4,Subway 400,0.47299063205718994
dense_per_question_n500_d10_20260726_r01,dense,per_question,5a77724455429972597f153e,5,Carolina Dodge Dealers 400,0.46663883328437805
dense_per_question_n500_d10_20260726_r01,dense,per_question,5a77724455429972597f153e,6,Orange County Fair Speedway,0.45935291051864624
dense_per_question_n500_d10_20260726_r01,dense,per_question,5a77724455429972597f153e,7,Allison Transmission,0.42812773585319519
dense_per_question_n500_d10_20260726_r01,dense,per_question,5a77724455429972597f153e,8,Louis Schwitzer Award,0.40137863159179688
dense_per_question_n500_d10_20260726_r01,dense,per_question,5a77724455429972597f153e,9,Johnny Rutherford,0.37424254417419434
dense_per_question_n500_d10_20260726_r01,dense,per_question,5a77724455429972597f153e,10,1964 Armstrong 500,0.35621684789657593
dense_per_question_n500_d10_20260726_r01,dense,per_question,5a77a65b5542992a6e59df57,1,Dustin Lynch (album),0.68483293056488037
dense_per_question_n500_d10_20260726_r01,dense,per_question,5a77a65b5542992a6e59df57,2,Current Mood,0.58718419075012207
dense_per_question_n500_d10_20260726_r01,dense,per_question,5a77a65b5542992a6e59df57,3,Small Town Boy (song),0.58491557836532593
dense_per_question_n500_d10_20260726_r01,dense,per_question,5a77a65b5542992a6e59df57,4,Mind Reader (Dustin Lynch song),0.58063775300979614
dense_per_question_n500_d10_20260726_r01,dense,per_question,5a77a65b5542992a6e59df57,5,Where It's At (album),0.55511057376861572
dense_per_question_n500_d10_20260726_r01,dense,per_question,5a77a65b5542992a6e59df57,6,Seein' Red (Dustin Lynch song),0.52588105201721191
dense_per_question_n500_d10_20260726_r01,dense,per_question,5a77a65b5542992a6e59df57,7,"Where It's At (Yep, Yep)",0.50803279876708984
dense_per_question_n500_d10_20260726_r01,dense,per_question,5a77a65b5542992a6e59df57,8,Cowboys and Angels (Dustin Lynch song),0.49741905927658081
dense_per_question_n500_d10_20260726_r01,dense,per_question,5a77a65b5542992a6e59df57,9,Kill the Lights (Luke Bryan album),0.43797045946121216
dense_per_question_n500_d10_20260726_r01,dense,per_question,5a77a65b5542992a6e59df57,10,Adam Craig (singer-songwriter),0.43407627940177917
dense_per_question_n500_d10_20260726_r01,dense,per_question,5a77beae5542992a6e59dfae,1,The Boy Next Door (album),0.76128840446472168
dense_per_question_n500_d10_20260726_r01,dense,per_question,5a77beae5542992a6e59dfae,2,'Tis Autumn,0.75940394401550293
dense_per_question_n500_d10_20260726_r01,dense,per_question,5a77beae5542992a6e59dfae,3,Not the Boy Next Door,0.61564469337463379
dense_per_question_n500_d10_20260726_r01,dense,per_question,5a77beae5542992a6e59dfae,4,Boy Next Door (song),0.56988084316253662
dense_per_question_n500_d10_20260726_r01,dense,per_question,5a77beae5542992a6e59dfae,5,Boy next door,0.46322238445281982
dense_per_question_n500_d10_20260726_r01,dense,per_question,5a77beae5542992a6e59dfae,6,Superstar – The Hits,0.38783338665962219
dense_per_question_n500_d10_20260726_r01,dense,per_question,5a77beae5542992a6e59dfae,7,Hold Me in Your Arms (album),0.35802289843559265
dense_per_question_n500_d10_20260726_r01,dense,per_question,5a77beae5542992a6e59dfae,8,Boy Meets Girl (novel),0.29287132620811462
dense_per_question_n500_d10_20260726_r01,dense,per_question,5a77beae5542992a6e59dfae,9,Stacey Kent,0.27498820424079895
dense_per_question_n500_d10_20260726_r01,dense,per_question,5a77beae5542992a6e59dfae,10,Fire! (manga),0.17991113662719727
dense_per_question_n500_d10_20260726_r01,dense,per_question,5a77c1505542997042120b1b,1,A Lot About Livin' (And a Little 'bout Love),0.70775812864303589
dense_per_question_n500_d10_20260726_r01,dense,per_question,5a77c1505542997042120b1b,2,She's Got the Rhythm (And I Got the Blues),0.53532826900482178
dense_per_question_n500_d10_20260726_r01,dense,per_question,5a77c1505542997042120b1b,3,High Lonesome (Randy Travis album),0.53497159481048584
dense_per_question_n500_d10_20260726_r01,dense,per_question,5a77c1505542997042120b1b,4,Holler Back,0.53244912624359131
dense_per_question_n500_d10_20260726_r01,dense,per_question,5a77c1505542997042120b1b,5,Chattahoochee (song),0.52544307708740234
dense_per_question_n500_d10_20260726_r01,dense,per_question,5a77c1505542997042120b1b,6,Steers &amp; Stripes,0.48752200603485107
dense_per_question_n500_d10_20260726_r01,dense,per_question,5a77c1505542997042120b1b,7,Alan Jackson albums discography,0.47329652309417725
dense_per_question_n500_d10_20260726_r01,dense,per_question,5a77c1505542997042120b1b,8,Tonight I Climbed the Wall,0.46031254529953003
dense_per_question_n500_d10_20260726_r01,dense,per_question,5a77c1505542997042120b1b,9,(Who Says) You Can't Have It All,0.42857873439788818
dense_per_question_n500_d10_20260726_r01,dense,per_question,5a77c1505542997042120b1b,10,We'll Burn That Bridge,0.29689249396324158
dense_per_question_n500_d10_20260726_r01,dense,per_question,5a77cb335542997042120b3a,1,MEO Rip Curl Pro Portugal,0.64880460500717163
dense_per_question_n500_d10_20260726_r01,dense,per_question,5a77cb335542997042120b3a,2,John John Florence,0.63415074348449707
dense_per_question_n500_d10_20260726_r01,dense,per_question,5a77cb335542997042120b3a,3,MEO Rip Curl Pro Portugal 2016,0.63300114870071411
dense_per_question_n500_d10_20260726_r01,dense,per_question,5a77cb335542997042120b3a,4,MEO Rip Curl Pro Portugal 2017,0.62144190073013306
dense_per_question_n500_d10_20260726_r01,dense,per_question,5a77cb335542997042120b3a,5,Andy Irons,0.61182183027267456
dense_per_question_n500_d10_20260726_r01,dense,per_question,5a77cb335542997042120b3a,6,Coco Ho,0.60869240760803223
dense_per_question_n500_d10_20260726_r01,dense,per_question,5a77cb335542997042120b3a,7,Moche Rip Curl Pro Portugal 2015,0.6048392653465271
dense_per_question_n500_d10_20260726_r01,dense,per_question,5a77cb335542997042120b3a,8,Barton Lynch,0.57827305793762207
dense_per_question_n500_d10_20260726_r01,dense,per_question,5a77cb335542997042120b3a,9,Moche Rip Curl Pro Portugal 2014,0.57811272144317627
dense_per_question_n500_d10_20260726_r01,dense,per_question,5a77cb335542997042120b3a,10,Supertubos,0.4814903736114502
dense_per_question_n500_d10_20260726_r01,dense,per_question,5a77cb5e55429967ab1052a7,1,Dan Castellaneta,0.75797700881958008
dense_per_question_n500_d10_20260726_r01,dense,per_question,5a77cb5e55429967ab1052a7,2,Hubert Gagnon,0.6289135217666626
dense_per_question_n500_d10_20260726_r01,dense,per_question,5a77cb5e55429967ab1052a7,3,Ned Flanders,0.57228547334671021
dense_per_question_n500_d10_20260726_r01,dense,per_question,5a77cb5e55429967ab1052a7,4,Kang and Kodos,0.54609829187393188
dense_per_question_n500_d10_20260726_r01,dense,per_question,5a77cb5e55429967ab1052a7,5,Grampa Simpson,0.51774853467941284
dense_per_question_n500_d10_20260726_r01,dense,per_question,5a77cb5e55429967ab1052a7,6,Homer to the Max,0.4955025315284729
dense_per_question_n500_d10_20260726_r01,dense,per_question,5a77cb5e55429967ab1052a7,7,Do the Bartman,0.49005657434463501
dense_per_question_n500_d10_20260726_r01,dense,per_question,5a77cb5e55429967ab1052a7,8,Santa's Little Helper,0.47144389152526855
dense_per_question_n500_d10_20260726_r01,dense,per_question,5a77cb5e55429967ab1052a7,9,Patty and Selma,0.46961098909378052
dense_per_question_n500_d10_20260726_r01,dense,per_question,5a77cb5e55429967ab1052a7,10,Damon Dark,0.2183322012424469
dense_per_question_n500_d10_20260726_r01,dense,per_question,5a78b209554299148911f93e,1,Reed A. Albee,0.63088572025299072
dense_per_question_n500_d10_20260726_r01,dense,per_question,5a78b209554299148911f93e,2,Finding the Sun,0.59746575355529785
dense_per_question_n500_d10_20260726_r01,dense,per_question,5a78b209554299148911f93e,3,Edward F. Albee Foundation,0.56780105829238892
dense_per_question_n500_d10_20260726_r01,dense,per_question,5a78b209554299148911f93e,4,Edward Albee's At Home at the Zoo,0.54210221767425537
dense_per_question_n500_d10_20260726_r01,dense,per_question,5a78b209554299148911f93e,5,The Zoo Story,0.53855639696121216
dense_per_question_n500_d10_20260726_r01,dense,per_question,5a78b209554299148911f93e,6,Three Tall Women,0.51997363567352295
dense_per_question_n500_d10_20260726_r01,dense,per_question,5a78b209554299148911f93e,7,J. M. Barrie,0.43434205651283264
dense_per_question_n500_d10_20260726_r01,dense,per_question,5a78b209554299148911f93e,8,Edward Albee,0.43245437741279602
dense_per_question_n500_d10_20260726_r01,dense,per_question,5a78b209554299148911f93e,9,Jack Gelber,0.41646867990493774
dense_per_question_n500_d10_20260726_r01,dense,per_question,5a78b209554299148911f93e,10,Oppenheimer Award,0.26638320088386536
dense_per_question_n500_d10_20260726_r01,dense,per_question,5a78bd9b554299078472774a,1,Edmund Leach,0.76062870025634766
dense_per_question_n500_d10_20260726_r01,dense,per_question,5a78bd9b554299078472774a,2,Alfred Gell,0.61733603477478027
dense_per_question_n500_d10_20260726_r01,dense,per_question,5a78bd9b554299078472774a,3,Thomas Hylland Eriksen,0.50777804851531982
dense_per_question_n500_d10_20260726_r01,dense,per_question,5a78bd9b554299078472774a,4,Social Anthropology (journal),0.44405949115753174
dense_per_question_n500_d10_20260726_r01,dense,per_question,5a78bd9b554299078472774a,5,Aleksandar Bošković,0.39021587371826172
dense_per_question_n500_d10_20260726_r01,dense,per_question,5a78bd9b554299078472774a,6,Network Analysis and Ethnographic Problems,0.37052345275878906
dense_per_question_n500_d10_20260726_r01,dense,per_question,5a78bd9b554299078472774a,7,Association of Social Anthropologists,0.36642637848854065
dense_per_question_n500_d10_20260726_r01,dense,per_question,5a78bd9b554299078472774a,8,Coral Gardens and Their Magic,0.33290195465087891
dense_per_question_n500_d10_20260726_r01,dense,per_question,5a78bd9b554299078472774a,9,Participant observation,0.26552587747573853
dense_per_question_n500_d10_20260726_r01,dense,per_question,5a78bd9b554299078472774a,10,Muted group theory,0.20548713207244873
dense_per_question_n500_d10_20260726_r01,dense,per_question,5a78daf855429970f5fffdae,1,Kill Doctor Lucky,0.65979582071304321
dense_per_question_n500_d10_20260726_r01,dense,per_question,5a78daf855429970f5fffdae,2,Icehouse pieces,0.37750807404518127
dense_per_question_n500_d10_20260726_r01,dense,per_question,5a78daf855429970f5fffdae,3,Treehouse (game),0.36082777380943298
dense_per_question_n500_d10_20260726_r01,dense,per_question,5a78daf855429970f5fffdae,4,No Promises (Icehouse song),0.35804712772369385
dense_per_question_n500_d10_20260726_r01,dense,per_question,5a78daf855429970f5fffdae,5,Icehouse (song),0.3502514660358429
dense_per_question_n500_d10_20260726_r01,dense,per_question,5a78daf855429970f5fffdae,6,Love in Motion (song),0.31316903233528137
dense_per_question_n500_d10_20260726_r01,dense,per_question,5a78daf855429970f5fffdae,7,Boxes (Icehouse album),0.26555582880973816
dense_per_question_n500_d10_20260726_r01,dense,per_question,5a78daf855429970f5fffdae,8,We Can Get Together,0.25649267435073853
dense_per_question_n500_d10_20260726_r01,dense,per_question,5a78daf855429970f5fffdae,9,Can't Help Myself,0.22461096942424774
dense_per_question_n500_d10_20260726_r01,dense,per_question,5a78daf855429970f5fffdae,10,List of Marvel Comics characters: N,0.20091897249221802
dense_per_question_n500_d10_20260726_r01,dense,per_question,5a78db8055429970f5fffdb2,1,Flyboys (film),0.5850142240524292
dense_per_question_n500_d10_20260726_r01,dense,per_question,5a78db8055429970f5fffdb2,2,127 Hours,0.44421914219856262
dense_per_question_n500_d10_20260726_r01,dense,per_question,5a78db8055429970f5fffdb2,3,List of accolades received by 127 Hours,0.41257113218307495
dense_per_question_n500_d10_20260726_r01,dense,per_question,5a78db8055429970f5fffdb2,4,Danny Boyle,0.38495326042175293
dense_per_question_n500_d10_20260726_r01,dense,per_question,5a78db8055429970f5fffdb2,5,Academy Award for Best Film Editing,0.37702906131744385
dense_per_question_n500_d10_20260726_r01,dense,per_question,5a78db8055429970f5fffdb2,6,Treat Williams,0.35804516077041626
dense_per_question_n500_d10_20260726_r01,dense,per_question,5a78db8055429970f5fffdb2,7,127 Hours (soundtrack),0.34858280420303345
dense_per_question_n500_d10_20260726_r01,dense,per_question,5a78db8055429970f5fffdb2,8,James Franco,0.34034055471420288
dense_per_question_n500_d10_20260726_r01,dense,per_question,5a78db8055429970f5fffdb2,9,People Like Us (soundtrack),0.21777461469173431
dense_per_question_n500_d10_20260726_r01,dense,per_question,5a78db8055429970f5fffdb2,10,Silicon Imaging,0.075988411903381348
dense_per_question_n500_d10_20260726_r01,dense,per_question,5a78f59755429970f5fffdf7,1,Mick Carter,0.42290425300598145
dense_per_question_n500_d10_20260726_r01,dense,per_question,5a78f59755429970f5fffdf7,2,"Shakespeare Public House, Bristol",0.35079914331436157
dense_per_question_n500_d10_20260726_r01,dense,per_question,5a78f59755429970f5fffdf7,3,"The Gatehouse, Monmouth",0.34737181663513184
dense_per_question_n500_d10_20260726_r01,dense,per_question,5a78f59755429970f5fffdf7,4,"Square and Compass, Worth Matravers",0.26119741797447205
dense_per_question_n500_d10_20260726_r01,dense,per_question,5a78f59755429970f5fffdf7,5,Nancy Carter,0.24740003049373627
dense_per_question_n500_d10_20260726_r01,dense,per_question,5a78f59755429970f5fffdf7,6,"Adam &amp; Eve, Birmingham",0.22603447735309601
dense_per_question_n500_d10_20260726_r01,dense,per_question,5a78f59755429970f5fffdf7,7,Whitney Dean,0.2144157886505127
dense_per_question_n500_d10_20260726_r01,dense,per_question,5a78f59755429970f5fffdf7,8,The Queen Victoria,0.1883062869310379
dense_per_question_n500_d10_20260726_r01,dense,per_question,5a78f59755429970f5fffdf7,9,Linda Carter,0.1849466860294342
dense_per_question_n500_d10_20260726_r01,dense,per_question,5a78f59755429970f5fffdf7,10,Fat Cat Brewery,0.17516951262950897
dense_per_question_n500_d10_20260726_r01,dense,per_question,5a790d8f554299029c4b5eec,1,See Yourself,0.58660578727722168
dense_per_question_n500_d10_20260726_r01,dense,per_question,5a790d8f554299029c4b5eec,2,Within You Without You,0.47622764110565186
dense_per_question_n500_d10_20260726_r01,dense,per_question,5a790d8f554299029c4b5eec,3,Who Can See It,0.39544618129730225
dense_per_question_n500_d10_20260726_r01,dense,per_question,5a790d8f554299029c4b5eec,4,List of songs recorded by Syd Barrett,0.29596489667892456
dense_per_question_n500_d10_20260726_r01,dense,per_question,5a790d8f554299029c4b5eec,5,No Plan (EP),0.28294458985328674
dense_per_question_n500_d10_20260726_r01,dense,per_question,5a790d8f554299029c4b5eec,6,Gem Archer,0.25064247846603394
dense_per_question_n500_d10_20260726_r01,dense,per_question,5a790d8f554299029c4b5eec,7,5:55,0.24535158276557922
dense_per_question_n500_d10_20260726_r01,dense,per_question,5a790d8f554299029c4b5eec,8,Love Songs: A Compilation... Old and New,0.20627737045288086
dense_per_question_n500_d10_20260726_r01,dense,per_question,5a790d8f554299029c4b5eec,9,We Laughed,0.17677189409732819
dense_per_question_n500_d10_20260726_r01,dense,per_question,5a790d8f554299029c4b5eec,10,Sharon Gannon,0.059637084603309631
dense_per_question_n500_d10_20260726_r01,dense,per_question,5a791a97554299148911f9f2,1,Unbreakable Kimmy Schmidt,0.61550909280776978
dense_per_question_n500_d10_20260726_r01,dense,per_question,5a791a97554299148911f9f2,2,List of Unbreakable Kimmy Schmidt episodes,0.60354965925216675
dense_per_question_n500_d10_20260726_r01,dense,per_question,5a791a97554299148911f9f2,3,Ellie Kemper,0.58346372842788696
dense_per_question_n500_d10_20260726_r01,dense,per_question,5a791a97554299148911f9f2,4,Kimmy Schmidt,0.52973461151123047
dense_per_question_n500_d10_20260726_r01,dense,per_question,5a791a97554299148911f9f2,5,Azie Mira Dungey,0.45526367425918579
dense_per_question_n500_d10_20260726_r01,dense,per_question,5a791a97554299148911f9f2,6,Claire Temple (Marvel Cinematic Universe),0.45165854692459106
dense_per_question_n500_d10_20260726_r01,dense,per_question,5a791a97554299148911f9f2,7,Claire Liddell,0.35995274782180786
dense_per_question_n500_d10_20260726_r01,dense,per_question,5a791a97554299148911f9f2,8,Sam Means,0.29709735512733459
dense_per_question_n500_d10_20260726_r01,dense,per_question,5a791a97554299148911f9f2,9,Wet Hot American Summer (series),0.291736900806427
dense_per_question_n500_d10_20260726_r01,dense,per_question,5a791a97554299148911f9f2,10,Brenda Bennett,0.12814997136592865
dense_per_question_n500_d10_20260726_r01,dense,per_question,5a79311755429970f5fffe67,1,I&quot;s,0.59433823823928833
dense_per_question_n500_d10_20260726_r01,dense,per_question,5a79311755429970f5fffe67,2,The Kindaichi Case Files,0.47239005565643311
dense_per_question_n500_d10_20260726_r01,dense,per_question,5a79311755429970f5fffe67,3,Manga Bible (series),0.43421941995620728
dense_per_question_n500_d10_20260726_r01,dense,per_question,5a79311755429970f5fffe67,4,Haven't You Heard? I'm Sakamoto,0.40524929761886597
dense_per_question_n500_d10_20260726_r01,dense,per_question,5a79311755429970f5fffe67,5,My Bride is a Mermaid,0.38827288150787354
dense_per_question_n500_d10_20260726_r01,dense,per_question,5a79311755429970f5fffe67,6,Silver Spoon (manga),0.385467529296875
dense_per_question_n500_d10_20260726_r01,dense,per_question,5a79311755429970f5fffe67,7,Clear Skies!,0.36013329029083252
dense_per_question_n500_d10_20260726_r01,dense,per_question,5a79311755429970f5fffe67,8,Masakazu Katsura,0.35810399055480957
dense_per_question_n500_d10_20260726_r01,dense,per_question,5a79311755429970f5fffe67,9,The Prince of Tennis,0.30979794263839722
dense_per_question_n500_d10_20260726_r01,dense,per_question,5a79311755429970f5fffe67,10,Neuro: Supernatural Detective,0.30591171979904175
dense_per_question_n500_d10_20260726_r01,dense,per_question,5a7997a2554299029c4b5f59,1,Tefik Mborja,0.7676243782043457
dense_per_question_n500_d10_20260726_r01,dense,per_question,5a7997a2554299029c4b5f59,2,Albanian Fascist Party,0.59590041637420654
dense_per_question_n500_d10_20260726_r01,dense,per_question,5a7997a2554299029c4b5f59,3,People's Socialist Republic of Albania,0.51775193214416504
dense_per_question_n500_d10_20260726_r01,dense,per_question,5a7997a2554299029c4b5f59,4,"Swedish general election, 1982",0.36218911409378052
dense_per_question_n500_d10_20260726_r01,dense,per_question,5a7997a2554299029c4b5f59,5,Hungarian Communist Party,0.34504669904708862
dense_per_question_n500_d10_20260726_r01,dense,per_question,5a7997a2554299029c4b5f59,6,Confederation of Mexican Workers,0.28696316480636597
dense_per_question_n500_d10_20260726_r01,dense,per_question,5a7997a2554299029c4b5f59,7,Bal'arab bin Himyar,0.27820408344268799
dense_per_question_n500_d10_20260726_r01,dense,per_question,5a7997a2554299029c4b5f59,8,"Madras Legislative Assembly election, 1967",0.26152253150939941
dense_per_question_n500_d10_20260726_r01,dense,per_question,5a7997a2554299029c4b5f59,9,"Australian federal election, 1972",0.19395019114017487
dense_per_question_n500_d10_20260726_r01,dense,per_question,5a7997a2554299029c4b5f59,10,United Bermuda Party,0.18703547120094299
dense_per_question_n500_d10_20260726_r01,dense,per_question,5a79b7f6554299029c4b5f6f,1,Fast food restaurant,0.54835659265518188
dense_per_question_n500_d10_20260726_r01,dense,per_question,5a79b7f6554299029c4b5f6f,2,Ron Joyce,0.4676365852355957
dense_per_question_n500_d10_20260726_r01,dense,per_question,5a79b7f6554299029c4b5f6f,3,Toddle House,0.44237226247787476
dense_per_question_n500_d10_20260726_r01,dense,per_question,5a79b7f6554299029c4b5f6f,4,Leeann Chin,0.42319747805595398
dense_per_question_n500_d10_20260726_r01,dense,per_question,5a79b7f6554299029c4b5f6f,5,Arcos Dorados Holdings,0.40732604265213013
dense_per_question_n500_d10_20260726_r01,dense,per_question,5a79b7f6554299029c4b5f6f,6,Tim Hortons,0.38409358263015747
dense_per_question_n500_d10_20260726_r01,dense,per_question,5a79b7f6554299029c4b5f6f,7,Hero Certified Burgers,0.36633408069610596
dense_per_question_n500_d10_20260726_r01,dense,per_question,5a79b7f6554299029c4b5f6f,8,Shawarmer,0.33106043934822083
dense_per_question_n500_d10_20260726_r01,dense,per_question,5a79b7f6554299029c4b5f6f,9,Lion's Choice,0.31884878873825073
dense_per_question_n500_d10_20260726_r01,dense,per_question,5a79b7f6554299029c4b5f6f,10,Noodle Box,0.29574310779571533
dense_per_question_n500_d10_20260726_r01,dense,per_question,5a79c1335542994bb9457066,1,Eric Ambler,0.49705007672309875
dense_per_question_n500_d10_20260726_r01,dense,per_question,5a79c1335542994bb9457066,2,Carol Shields,0.33964943885803223
dense_per_question_n500_d10_20260726_r01,dense,per_question,5a79c1335542994bb9457066,3,W. F. Morris,0.28461575508117676
dense_per_question_n500_d10_20260726_r01,dense,per_question,5a79c1335542994bb9457066,4,David Coderre,0.25093227624893188
dense_per_question_n500_d10_20260726_r01,dense,per_question,5a79c1335542994bb9457066,5,Kevin Shields,0.24227577447891235
dense_per_question_n500_d10_20260726_r01,dense,per_question,5a79c1335542994bb9457066,6,The Mask of Dimitrios,0.21980904042720795
dense_per_question_n500_d10_20260726_r01,dense,per_question,5a79c1335542994bb9457066,7,The Card (1952 film),0.19822783768177032
dense_per_question_n500_d10_20260726_r01,dense,per_question,5a79c1335542994bb9457066,8,The New Lot,0.13727156817913055
dense_per_question_n500_d10_20260726_r01,dense,per_question,5a79c1335542994bb9457066,9,Rough Shoot,0.059183340519666672
dense_per_question_n500_d10_20260726_r01,dense,per_question,5a79c1335542994bb9457066,10,The Cruel Sea (1953 film),0.057602636516094208
dense_per_question_n500_d10_20260726_r01,dense,per_question,5a79c6a55542994bb9457091,1,Hot air engine,0.50094568729400635
dense_per_question_n500_d10_20260726_r01,dense,per_question,5a79c6a55542994bb9457091,2,Stoddard engine,0.43916952610015869
dense_per_question_n500_d10_20260726_r01,dense,per_question,5a79c6a55542994bb9457091,3,George Cayley,0.40706935524940491
dense_per_question_n500_d10_20260726_r01,dense,per_question,5a79c6a55542994bb9457091,4,External combustion engine,0.33124077320098877
dense_per_question_n500_d10_20260726_r01,dense,per_question,5a79c6a55542994bb9457091,5,Stephen Boreham,0.27322176098823547
dense_per_question_n500_d10_20260726_r01,dense,per_question,5a79c6a55542994bb9457091,6,Gas-generator cycle,0.27292954921722412
dense_per_question_n500_d10_20260726_r01,dense,per_question,5a79c6a55542994bb9457091,7,Piccard Balloons,0.27109771966934204
dense_per_question_n500_d10_20260726_r01,dense,per_question,5a79c6a55542994bb9457091,8,Manson-Guise Engine,0.23541039228439331
dense_per_question_n500_d10_20260726_r01,dense,per_question,5a79c6a55542994bb9457091,9,Daboll trumpet,0.19078400731086731
dense_per_question_n500_d10_20260726_r01,dense,per_question,5a79c6a55542994bb9457091,10,Working fluid,0.17157700657844543
dense_per_question_n500_d10_20260726_r01,dense,per_question,5a79ea435542996c55b2dc9e,1,J. Edward Snyder,0.55621165037155151
dense_per_question_n500_d10_20260726_r01,dense,per_question,5a79ea435542996c55b2dc9e,2,Tonkin Gulf Yacht Club,0.46790969371795654
dense_per_question_n500_d10_20260726_r01,dense,per_question,5a79ea435542996c55b2dc9e,3,USS New Jersey (BB-62),0.4423367977142334
dense_per_question_n500_d10_20260726_r01,dense,per_question,5a79ea435542996c55b2dc9e,4,Naval gunfire support,0.44170355796813965
dense_per_question_n500_d10_20260726_r01,dense,per_question,5a79ea435542996c55b2dc9e,5,USS Trippe (FF-1075),0.433868408203125
dense_per_question_n500_d10_20260726_r01,dense,per_question,5a79ea435542996c55b2dc9e,6,United States naval gunfire support debate,0.42447197437286377
dense_per_question_n500_d10_20260726_r01,dense,per_question,5a79ea435542996c55b2dc9e,7,Operation Market Time,0.42101037502288818
dense_per_question_n500_d10_20260726_r01,dense,per_question,5a79ea435542996c55b2dc9e,8,French battleship Jean Bart (1911),0.39975175261497498
dense_per_question_n500_d10_20260726_r01,dense,per_question,5a79ea435542996c55b2dc9e,9,Soviet cruiser Kirov,0.37647303938865662
dense_per_question_n500_d10_20260726_r01,dense,per_question,5a79ea435542996c55b2dc9e,10,List of battleships of Italy,0.36423510313034058
dense_per_question_n500_d10_20260726_r01,dense,per_question,5a79f6ca554299029c4b5f90,1,Aqua (band),0.61407530307769775
dense_per_question_n500_d10_20260726_r01,dense,per_question,5a79f6ca554299029c4b5f90,2,Lollipop (Candyman),0.4781341552734375
dense_per_question_n500_d10_20260726_r01,dense,per_question,5a79f6ca554299029c4b5f90,3,"Mattel, Inc. v. MCA Records, Inc.",0.45991095900535583
dense_per_question_n500_d10_20260726_r01,dense,per_question,5a79f6ca554299029c4b5f90,4,Doctor Jones,0.45233410596847534
dense_per_question_n500_d10_20260726_r01,dense,per_question,5a79f6ca554299029c4b5f90,5,Daze (band),0.41246572136878967
dense_per_question_n500_d10_20260726_r01,dense,per_question,5a79f6ca554299029c4b5f90,6,Aquarium (Aqua album),0.39998733997344971
dense_per_question_n500_d10_20260726_r01,dense,per_question,5a79f6ca554299029c4b5f90,7,René Dif,0.3828728199005127
dense_per_question_n500_d10_20260726_r01,dense,per_question,5a79f6ca554299029c4b5f90,8,Søren Rasted,0.36809703707695007
dense_per_question_n500_d10_20260726_r01,dense,per_question,5a79f6ca554299029c4b5f90,9,Lene Nystrøm,0.32065826654434204
dense_per_question_n500_d10_20260726_r01,dense,per_question,5a79f6ca554299029c4b5f90,10,Perfect Day (Cascada album),0.29099535942077637
dense_per_question_n500_d10_20260726_r01,dense,per_question,5a7a014a5542996c55b2dccf,1,Ernst Lindemann,0.75219011306762695
dense_per_question_n500_d10_20260726_r01,dense,per_question,5a7a014a5542996c55b2dccf,2,Ernst Heinrich Lindemann,0.73287785053253174
dense_per_question_n500_d10_20260726_r01,dense,per_question,5a7a014a5542996c55b2dccf,3,Hans Jenisch,0.63202536106109619
dense_per_question_n500_d10_20260726_r01,dense,per_question,5a7a014a5542996c55b2dccf,4,German battleship Bismarck,0.59351694583892822
dense_per_question_n500_d10_20260726_r01,dense,per_question,5a7a014a5542996c55b2dccf,5,Hansjürgen Reinicke,0.58059203624725342
dense_per_question_n500_d10_20260726_r01,dense,per_question,5a7a014a5542996c55b2dccf,6,21st U-boat Flotilla,0.57934325933456421
dense_per_question_n500_d10_20260726_r01,dense,per_question,5a7a014a5542996c55b2dccf,7,German destroyer Z43,0.52932310104370117
dense_per_question_n500_d10_20260726_r01,dense,per_question,5a7a014a5542996c55b2dccf,8,Ernst Kals,0.51287603378295898
dense_per_question_n500_d10_20260726_r01,dense,per_question,5a7a014a5542996c55b2dccf,9,German auxiliary cruiser Widder,0.49570426344871521
dense_per_question_n500_d10_20260726_r01,dense,per_question,5a7a014a5542996c55b2dccf,10,Wolf Junge,0.49259865283966064
dense_per_question_n500_d10_20260726_r01,dense,per_question,5a7a0e1e5542990783324e1a,1,Scotch Collie,0.72717869281768799
dense_per_question_n500_d10_20260726_r01,dense,per_question,5a7a0e1e5542990783324e1a,2,English Setter,0.58935898542404175
dense_per_question_n500_d10_20260726_r01,dense,per_question,5a7a0e1e5542990783324e1a,3,Manchester Terrier,0.57641810178756714
dense_per_question_n500_d10_20260726_r01,dense,per_question,5a7a0e1e5542990783324e1a,4,Toy Manchester Terrier,0.51378774642944336
dense_per_question_n500_d10_20260726_r01,dense,per_question,5a7a0e1e5542990783324e1a,5,Florence Nagle,0.47618269920349121
dense_per_question_n500_d10_20260726_r01,dense,per_question,5a7a0e1e5542990783324e1a,6,Collie,0.45088523626327515
dense_per_question_n500_d10_20260726_r01,dense,per_question,5a7a0e1e5542990783324e1a,7,Teddy Roosevelt Terrier,0.41382411122322083
dense_per_question_n500_d10_20260726_r01,dense,per_question,5a7a0e1e5542990783324e1a,8,Russkiy Toy,0.39564961194992065
dense_per_question_n500_d10_20260726_r01,dense,per_question,5a7a0e1e5542990783324e1a,9,Feist (dog),0.37454831600189209
dense_per_question_n500_d10_20260726_r01,dense,per_question,5a7a0e1e5542990783324e1a,10,Viol,0.057385958731174469
dense_per_question_n500_d10_20260726_r01,dense,per_question,5a7a1cd85542990783324e65,1,"Michigan Democratic primary, 2016",0.70164942741394043
dense_per_question_n500_d10_20260726_r01,dense,per_question,5a7a1cd85542990783324e65,2,"United States presidential election, 1892",0.55945515632629395
dense_per_question_n500_d10_20260726_r01,dense,per_question,5a7a1cd85542990783324e65,3,"United States presidential election, 1960",0.52803254127502441
dense_per_question_n500_d10_20260726_r01,dense,per_question,5a7a1cd85542990783324e65,4,"United States presidential election, 2016",0.52134644985198975
dense_per_question_n500_d10_20260726_r01,dense,per_question,5a7a1cd85542990783324e65,5,"United States presidential election, 2012",0.50997698307037354
dense_per_question_n500_d10_20260726_r01,dense,per_question,5a7a1cd85542990783324e65,6,2044 election,0.50679755210876465
dense_per_question_n500_d10_20260726_r01,dense,per_question,5a7a1cd85542990783324e65,7,"United States presidential election, 1964",0.49213707447052002
dense_per_question_n500_d10_20260726_r01,dense,per_question,5a7a1cd85542990783324e65,8,"United States presidential election, 1968",0.48382556438446045
dense_per_question_n500_d10_20260726_r01,dense,per_question,5a7a1cd85542990783324e65,9,"United States presidential election, 1976",0.45996987819671631
dense_per_question_n500_d10_20260726_r01,dense,per_question,5a7a1cd85542990783324e65,10,"United States presidential election, 2020",0.45659732818603516
dense_per_question_n500_d10_20260726_r01,dense,per_question,5a7a230e5542996a35c170ee,1,The Naked Brothers Band (album),0.67760300636291504
dense_per_question_n500_d10_20260726_r01,dense,per_question,5a7a230e5542996a35c170ee,2,The Naked Brothers Band: Music from the Movie,0.66063201427459717
dense_per_question_n500_d10_20260726_r01,dense,per_question,5a7a230e5542996a35c170ee,3,Alex Wolff,0.59267449378967285
dense_per_question_n500_d10_20260726_r01,dense,per_question,5a7a230e5542996a35c170ee,4,Nat Wolff,0.56410312652587891
dense_per_question_n500_d10_20260726_r01,dense,per_question,5a7a230e5542996a35c170ee,5,Nat and Alex Wolff,0.53811740875244141
dense_per_question_n500_d10_20260726_r01,dense,per_question,5a7a230e5542996a35c170ee,6,The Premiere (film),0.53695487976074219
dense_per_question_n500_d10_20260726_r01,dense,per_question,5a7a230e5542996a35c170ee,7,Operation Mojo,0.46108895540237427
dense_per_question_n500_d10_20260726_r01,dense,per_question,5a7a230e5542996a35c170ee,8,I Don't Want to Go to School,0.43642020225524902
dense_per_question_n500_d10_20260726_r01,dense,per_question,5a7a230e5542996a35c170ee,9,Mystery Girl (film),0.34246894717216492
dense_per_question_n500_d10_20260726_r01,dense,per_question,5a7a230e5542996a35c170ee,10,The Fault in Our Stars (film),0.12868568301200867
dense_per_question_n500_d10_20260726_r01,dense,per_question,5a7a276d5542996c55b2dd27,1,Charles Hastings Judd,0.488922119140625
dense_per_question_n500_d10_20260726_r01,dense,per_question,5a7a276d5542996c55b2dd27,2,George W. Macfarlane,0.44837924838066101
dense_per_question_n500_d10_20260726_r01,dense,per_question,5a7a276d5542996c55b2dd27,3,Staff (military),0.37023568153381348
dense_per_question_n500_d10_20260726_r01,dense,per_question,5a7a276d5542996c55b2dd27,4,James A. Winnefeld Jr.,0.34198719263076782
dense_per_question_n500_d10_20260726_r01,dense,per_question,5a7a276d5542996c55b2dd27,5,Corps of Military Staff Clerks,0.27757930755615234
dense_per_question_n500_d10_20260726_r01,dense,per_question,5a7a276d5542996c55b2dd27,6,Merrie Monarch Festival,0.23388448357582092
dense_per_question_n500_d10_20260726_r01,dense,per_question,5a7a276d5542996c55b2dd27,7,Ottoman Military College,0.23256056010723114
dense_per_question_n500_d10_20260726_r01,dense,per_question,5a7a276d5542996c55b2dd27,8,Aloha Dalire,0.14989612996578217
dense_per_question_n500_d10_20260726_r01,dense,per_question,5a7a276d5542996c55b2dd27,9,Kalākaua,0.14278766512870789
dense_per_question_n500_d10_20260726_r01,dense,per_question,5a7a276d5542996c55b2dd27,10,Muumuu,-0.027517005801200867
dense_per_question_n500_d10_20260726_r01,dense,per_question,5a7a3a945542996a35c17147,1,One Raffles Place,0.75588881969451904
dense_per_question_n500_d10_20260726_r01,dense,per_question,5a7a3a945542996a35c17147,2,One Raffles Link,0.67882037162780762
dense_per_question_n500_d10_20260726_r01,dense,per_question,5a7a3a945542996a35c17147,3,Republic Plaza (Singapore),0.6586337685585022
dense_per_question_n500_d10_20260726_r01,dense,per_question,5a7a3a945542996a35c17147,4,Raffles Place,0.65054583549499512
dense_per_question_n500_d10_20260726_r01,dense,per_question,5a7a3a945542996a35c17147,5,One Marina Boulevard,0.62945008277893066
dense_per_question_n500_d10_20260726_r01,dense,per_question,5a7a3a945542996a35c17147,6,Chevron House,0.59650892019271851
dense_per_question_n500_d10_20260726_r01,dense,per_question,5a7a3a945542996a35c17147,7,CapitaGreen,0.5893670916557312
dense_per_question_n500_d10_20260726_r01,dense,per_question,5a7a3a945542996a35c17147,8,Raffles Place MRT Station,0.53244459629058838
dense_per_question_n500_d10_20260726_r01,dense,per_question,5a7a3a945542996a35c17147,9,List of tallest buildings in São Paulo,0.43967330455780029
dense_per_question_n500_d10_20260726_r01,dense,per_question,5a7a3a945542996a35c17147,10,Bank of China Tower (Hong Kong),0.43099990487098694
dense_per_question_n500_d10_20260726_r01,dense,per_question,5a7a455c5542994f819ef1a7,1,George Archainbaud,0.51237225532531738
dense_per_question_n500_d10_20260726_r01,dense,per_question,5a7a455c5542994f819ef1a7,2,Ralph Murphy,0.37863484025001526
dense_per_question_n500_d10_20260726_r01,dense,per_question,5a7a455c5542994f819ef1a7,3,Arthur Roberts (editor),0.24338744580745697
dense_per_question_n500_d10_20260726_r01,dense,per_question,5a7a455c5542994f819ef1a7,4,The Big Brain,0.19051535427570343
dense_per_question_n500_d10_20260726_r01,dense,per_question,5a7a455c5542994f819ef1a7,5,Campus Confessions,0.18261034786701202
dense_per_question_n500_d10_20260726_r01,dense,per_question,5a7a455c5542994f819ef1a7,6,Hoppy Serves a Writ,0.18217673897743225
dense_per_question_n500_d10_20260726_r01,dense,per_question,5a7a455c5542994f819ef1a7,7,Flying with Music,0.12381470203399658
dense_per_question_n500_d10_20260726_r01,dense,per_question,5a7a455c5542994f819ef1a7,8,Thrill of a Lifetime (film),0.11637087166309357
dense_per_question_n500_d10_20260726_r01,dense,per_question,5a7a455c5542994f819ef1a7,9,Alias French Gertie,0.11536702513694763
dense_per_question_n500_d10_20260726_r01,dense,per_question,5a7a455c5542994f819ef1a7,10,Criminal Lawyer,0.077945701777935028
dense_per_question_n500_d10_20260726_r01,dense,per_question,5a7a46605542994f819ef1ad,1,Frank McDonald (director),0.68646347522735596
dense_per_question_n500_d10_20260726_r01,dense,per_question,5a7a46605542994f819ef1ad,2,Dale Evans,0.58243286609649658
dense_per_question_n500_d10_20260726_r01,dense,per_question,5a7a46605542994f819ef1ad,3,Song of Arizona,0.54005253314971924
dense_per_question_n500_d10_20260726_r01,dense,per_question,5a7a46605542994f819ef1ad,4,San Fernando Valley (film),0.51196587085723877
dense_per_question_n500_d10_20260726_r01,dense,per_question,5a7a46605542994f819ef1ad,5,Rainbow Over Texas,0.4975261390209198
dense_per_question_n500_d10_20260726_r01,dense,per_question,5a7a46605542994f819ef1ad,6,Lights of Old Santa Fe,0.40744304656982422
dense_per_question_n500_d10_20260726_r01,dense,per_question,5a7a46605542994f819ef1ad,7,Sons of the Pioneers (film),0.39193946123123169
dense_per_question_n500_d10_20260726_r01,dense,per_question,5a7a46605542994f819ef1ad,8,My Pal Trigger,0.32542911171913147
dense_per_question_n500_d10_20260726_r01,dense,per_question,5a7a46605542994f819ef1ad,9,Don't Fence Me In (film),0.30552151799201965
dense_per_question_n500_d10_20260726_r01,dense,per_question,5a7a46605542994f819ef1ad,10,Along the Navajo Trail (film),0.25593322515487671
dense_per_question_n500_d10_20260726_r01,dense,per_question,5a7a5b3a5542996c55b2dd71,1,Accession Council,0.61768817901611328
dense_per_question_n500_d10_20260726_r01,dense,per_question,5a7a5b3a5542996c55b2dd71,2,St James's Palace,0.54622668027877808
dense_per_question_n500_d10_20260726_r01,dense,per_question,5a7a5b3a5542996c55b2dd71,3,President of the Queen's Privy Council for Canada,0.46952587366104126
dense_per_question_n500_d10_20260726_r01,dense,per_question,5a7a5b3a5542996c55b2dd71,4,"Mark Masons' Hall, London",0.44132000207901001
dense_per_question_n500_d10_20260726_r01,dense,per_question,5a7a5b3a5542996c55b2dd71,5,Great Hall of the People,0.36835843324661255
dense_per_question_n500_d10_20260726_r01,dense,per_question,5a7a5b3a5542996c55b2dd71,6,Crowther Masonic Hall,0.32652267813682556
dense_per_question_n500_d10_20260726_r01,dense,per_question,5a7a5b3a5542996c55b2dd71,7,Pollokshields Burgh Hall,0.30386537313461304
dense_per_question_n500_d10_20260726_r01,dense,per_question,5a7a5b3a5542996c55b2dd71,8,Warriparinga,0.21083837747573853
dense_per_question_n500_d10_20260726_r01,dense,per_question,5a7a5b3a5542996c55b2dd71,9,"Grange Hall (Murphysboro, Illinois)",0.13525772094726562
dense_per_question_n500_d10_20260726_r01,dense,per_question,5a7a5b3a5542996c55b2dd71,10,Blackman-Bosworth Store,0.10386276245117188
dense_per_question_n500_d10_20260726_r01,dense,per_question,5a7a8a9c554299042af8f666,1,Lewis lamp,0.71804535388946533
dense_per_question_n500_d10_20260726_r01,dense,per_question,5a7a8a9c554299042af8f666,2,Argand lamp,0.66797113418579102
dense_per_question_n500_d10_20260726_r01,dense,per_question,5a7a8a9c554299042af8f666,3,Kerosene lamp,0.5031733512878418
dense_per_question_n500_d10_20260726_r01,dense,per_question,5a7a8a9c554299042af8f666,4,Hefner lamp,0.46243894100189209
dense_per_question_n500_d10_20260726_r01,dense,per_question,5a7a8a9c554299042af8f666,5,Carbon button lamp,0.4460146427154541
dense_per_question_n500_d10_20260726_r01,dense,per_question,5a7a8a9c554299042af8f666,6,Trouble light,0.40352383255958557
dense_per_question_n500_d10_20260726_r01,dense,per_question,5a7a8a9c554299042af8f666,7,Hollow-cathode lamp,0.348926842212677
dense_per_question_n500_d10_20260726_r01,dense,per_question,5a7a8a9c554299042af8f666,8,Glow switch starter,0.32121145725250244
dense_per_question_n500_d10_20260726_r01,dense,per_question,5a7a8a9c554299042af8f666,9,Kudlik,0.30156713724136353
dense_per_question_n500_d10_20260726_r01,dense,per_question,5a7a8a9c554299042af8f666,10,Antoine Quinquet,0.092299014329910278
dense_per_question_n500_d10_20260726_r01,dense,per_question,5a7b12a355429927d897bf2a,1,Columba de Dunbar,0.69297385215759277
dense_per_question_n500_d10_20260726_r01,dense,per_question,5a7b12a355429927d897bf2a,2,"George II, Earl of March",0.53436017036437988
dense_per_question_n500_d10_20260726_r01,dense,per_question,5a7b12a355429927d897bf2a,3,"George I, Earl of March",0.5132109522819519
dense_per_question_n500_d10_20260726_r01,dense,per_question,5a7b12a355429927d897bf2a,4,Bishop Dunbar's Hospital,0.46134638786315918
dense_per_question_n500_d10_20260726_r01,dense,per_question,5a7b12a355429927d897bf2a,5,"Gospatric, Earl of Northumbria",0.38437342643737793
dense_per_question_n500_d10_20260726_r01,dense,per_question,5a7b12a355429927d897bf2a,6,Earl of Dunbar,0.36154907941818237
dense_per_question_n500_d10_20260726_r01,dense,per_question,5a7b12a355429927d897bf2a,7,Mike Dunbar,0.32094424962997437
dense_per_question_n500_d10_20260726_r01,dense,per_question,5a7b12a355429927d897bf2a,8,"Patrick IV, Earl of March",0.29669445753097534
dense_per_question_n500_d10_20260726_r01,dense,per_question,5a7b12a355429927d897bf2a,9,Haripur Barabari,0.26805561780929565
dense_per_question_n500_d10_20260726_r01,dense,per_question,5a7b12a355429927d897bf2a,10,Spynie Palace,0.24288523197174072
dense_per_question_n500_d10_20260726_r01,dense,per_question,5a7b3f4d5542992d025e67bb,1,List of accolades received by La La Land,0.59909164905548096
dense_per_question_n500_d10_20260726_r01,dense,per_question,5a7b3f4d5542992d025e67bb,2,La La Land (Demi Lovato song),0.50915223360061646
dense_per_question_n500_d10_20260726_r01,dense,per_question,5a7b3f4d5542992d025e67bb,3,La La Land (soundtrack),0.50595289468765259
dense_per_question_n500_d10_20260726_r01,dense,per_question,5a7b3f4d5542992d025e67bb,4,Pasek and Paul,0.49162742495536804
dense_per_question_n500_d10_20260726_r01,dense,per_question,5a7b3f4d5542992d025e67bb,5,A Christmas Story: The Musical,0.48394238948822021
dense_per_question_n500_d10_20260726_r01,dense,per_question,5a7b3f4d5542992d025e67bb,6,City of Stars,0.467222660779953
dense_per_question_n500_d10_20260726_r01,dense,per_question,5a7b3f4d5542992d025e67bb,7,Audition (The Fools Who Dream),0.41536259651184082
dense_per_question_n500_d10_20260726_r01,dense,per_question,5a7b3f4d5542992d025e67bb,8,Another Day of Sun,0.39667612314224243
dense_per_question_n500_d10_20260726_r01,dense,per_question,5a7b3f4d5542992d025e67bb,9,David and Sandy Reynolds-Wasco,0.28826645016670227
dense_per_question_n500_d10_20260726_r01,dense,per_question,5a7b3f4d5542992d025e67bb,10,Mary Zophres,0.16141262650489807
dense_per_question_n500_d10_20260726_r01,dense,per_question,5a7b46e55542995eb53be8e5,1,Inner Mongolia First Machinery Group Corporation,0.58413159847259521
dense_per_question_n500_d10_20260726_r01,dense,per_question,5a7b46e55542995eb53be8e5,2,Spaceware Sky Vision II,0.53947937488555908
dense_per_question_n500_d10_20260726_r01,dense,per_question,5a7b46e55542995eb53be8e5,3,Inner Mongolia Medical University,0.41914492845535278
dense_per_question_n500_d10_20260726_r01,dense,per_question,5a7b46e55542995eb53be8e5,4,Inner Mongolia University of Technology,0.39908871054649353
dense_per_question_n500_d10_20260726_r01,dense,per_question,5a7b46e55542995eb53be8e5,5,Ejin–Hami Railway,0.38118872046470642
dense_per_question_n500_d10_20260726_r01,dense,per_question,5a7b46e55542995eb53be8e5,6,G5511 Jining–Arun Expressway,0.30426663160324097
dense_per_question_n500_d10_20260726_r01,dense,per_question,5a7b46e55542995eb53be8e5,7,Bu Xiaolin,0.29735708236694336
dense_per_question_n500_d10_20260726_r01,dense,per_question,5a7b46e55542995eb53be8e5,8,Ordos City,0.28586924076080322
dense_per_question_n500_d10_20260726_r01,dense,per_question,5a7b46e55542995eb53be8e5,9,2011 Inner Mongolia unrest,0.25430908799171448
dense_per_question_n500_d10_20260726_r01,dense,per_question,5a7b46e55542995eb53be8e5,10,Zhukaigou culture,0.236148402094841
dense_per_question_n500_d10_20260726_r01,dense,per_question,5a7b4bc35542992d025e67e0,1,"Eccles, Greater Manchester",0.580413818359375
dense_per_question_n500_d10_20260726_r01,dense,per_question,5a7b4bc35542992d025e67e0,2,Eccles Interchange,0.49790036678314209
dense_per_question_n500_d10_20260726_r01,dense,per_question,5a7b4bc35542992d025e67e0,3,Eric A. Sykes,0.42663362622261047
dense_per_question_n500_d10_20260726_r01,dense,per_question,5a7b4bc35542992d025e67e0,4,"Church of St Mary the Virgin, Eccles",0.33940282464027405
dense_per_question_n500_d10_20260726_r01,dense,per_question,5a7b4bc35542992d025e67e0,5,Transport for Greater Manchester,0.25886827707290649
dense_per_question_n500_d10_20260726_r01,dense,per_question,5a7b4bc35542992d025e67e0,6,Demography of Greater Manchester,0.23748627305030823
dense_per_question_n500_d10_20260726_r01,dense,per_question,5a7b4bc35542992d025e67e0,7,Mayor of Greater Manchester,0.23413959145545959
dense_per_question_n500_d10_20260726_r01,dense,per_question,5a7b4bc35542992d025e67e0,8,Greater Manchester Integrated Transport Authority,0.23223859071731567
dense_per_question_n500_d10_20260726_r01,dense,per_question,5a7b4bc35542992d025e67e0,9,Greater Manchester County Council,0.21921724081039429
dense_per_question_n500_d10_20260726_r01,dense,per_question,5a7b4bc35542992d025e67e0,10,Greater Manchester Police and Crime Commissioner,0.20406396687030792
dense_per_question_n500_d10_20260726_r01,dense,per_question,5a7b65ab5542997c3ec97144,1,"Governor's House, Knutsford",0.65968024730682373
dense_per_question_n500_d10_20260726_r01,dense,per_question,5a7b65ab5542997c3ec97144,2,Farr House,0.46626371145248413
dense_per_question_n500_d10_20260726_r01,dense,per_question,5a7b65ab5542997c3ec97144,3,Dukenfield Hall,0.41070079803466797
dense_per_question_n500_d10_20260726_r01,dense,per_question,5a7b65ab5542997c3ec97144,4,Edmund Sharpe,0.36657094955444336
dense_per_question_n500_d10_20260726_r01,dense,per_question,5a7b65ab5542997c3ec97144,5,Thomas H. Gale House,0.28388720750808716
dense_per_question_n500_d10_20260726_r01,dense,per_question,5a7b65ab5542997c3ec97144,6,Gateway College of Architecture and Design,0.28232818841934204
dense_per_question_n500_d10_20260726_r01,dense,per_question,5a7b65ab5542997c3ec97144,7,Charles T. Holt House,0.27853411436080933
dense_per_question_n500_d10_20260726_r01,dense,per_question,5a7b65ab5542997c3ec97144,8,Julia Morgan School for Girls,0.25518715381622314
dense_per_question_n500_d10_20260726_r01,dense,per_question,5a7b65ab5542997c3ec97144,9,Feirstein Graduate School of Cinema,0.20793905854225159
dense_per_question_n500_d10_20260726_r01,dense,per_question,5a7b65ab5542997c3ec97144,10,Jeff Hoover,0.18462234735488892
dense_per_question_n500_d10_20260726_r01,dense,per_question,5a7b76735542997c3ec9719f,1,Hot toddy (disambiguation),0.59641051292419434
dense_per_question_n500_d10_20260726_r01,dense,per_question,5a7b76735542997c3ec9719f,2,Hot toddy,0.5676267147064209
dense_per_question_n500_d10_20260726_r01,dense,per_question,5a7b76735542997c3ec9719f,3,Kir (cocktail),0.46412056684494019
dense_per_question_n500_d10_20260726_r01,dense,per_question,5a7b76735542997c3ec9719f,4,Wassail,0.28668457269668579
dense_per_question_n500_d10_20260726_r01,dense,per_question,5a7b76735542997c3ec9719f,5,Blueberry Tea,0.26756501197814941
dense_per_question_n500_d10_20260726_r01,dense,per_question,5a7b76735542997c3ec9719f,6,Submarino (beverage),0.20533904433250427
dense_per_question_n500_d10_20260726_r01,dense,per_question,5a7b76735542997c3ec9719f,7,Nadar climber,0.18308080732822418
dense_per_question_n500_d10_20260726_r01,dense,per_question,5a7b76735542997c3ec9719f,8,Vino cotto,0.17452636361122131
dense_per_question_n500_d10_20260726_r01,dense,per_question,5a7b76735542997c3ec9719f,9,Ralph Giannini,0.11054950207471848
dense_per_question_n500_d10_20260726_r01,dense,per_question,5a7b76735542997c3ec9719f,10,Om Records,0.039567239582538605
dense_per_question_n500_d10_20260726_r01,dense,per_question,5a7b7bed5542997c3ec971bc,1,Waterloo Vase,0.75510996580123901
dense_per_question_n500_d10_20260726_r01,dense,per_question,5a7b7bed5542997c3ec971bc,2,Borghese Vase,0.51773214340209961
dense_per_question_n500_d10_20260726_r01,dense,per_question,5a7b7bed5542997c3ec971bc,3,Medici Vase,0.49981546401977539
dense_per_question_n500_d10_20260726_r01,dense,per_question,5a7b7bed5542997c3ec971bc,4,Garden ornament,0.45722091197967529
dense_per_question_n500_d10_20260726_r01,dense,per_question,5a7b7bed5542997c3ec971bc,5,Buckingham Palace,0.35806876420974731
dense_per_question_n500_d10_20260726_r01,dense,per_question,5a7b7bed5542997c3ec971bc,6,Suikinkutsu,0.24111618101596832
dense_per_question_n500_d10_20260726_r01,dense,per_question,5a7b7bed5542997c3ec971bc,7,Whirligig,0.16200657188892365
dense_per_question_n500_d10_20260726_r01,dense,per_question,5a7b7bed5542997c3ec971bc,8,Bird bath,0.14516717195510864
dense_per_question_n500_d10_20260726_r01,dense,per_question,5a7b7bed5542997c3ec971bc,9,Wind chime,0.10781722515821457
dense_per_question_n500_d10_20260726_r01,dense,per_question,5a7b7bed5542997c3ec971bc,10,Achalla,0.062753193080425262
dense_per_question_n500_d10_20260726_r01,dense,per_question,5a7b7ff75542995eb53be93d,1,Adrian Conan Doyle,0.61448228359222412
dense_per_question_n500_d10_20260726_r01,dense,per_question,5a7b7ff75542995eb53be93d,2,Sherlock Holmes (1916 film),0.4784320592880249
dense_per_question_n500_d10_20260726_r01,dense,per_question,5a7b7ff75542995eb53be93d,3,Arthur Conan Doyle,0.46346455812454224
dense_per_question_n500_d10_20260726_r01,dense,per_question,5a7b7ff75542995eb53be93d,4,Sherlock Holmes (2010 film),0.45453613996505737
dense_per_question_n500_d10_20260726_r01,dense,per_question,5a7b7ff75542995eb53be93d,5,Douglas Ainslie,0.43083888292312622
dense_per_question_n500_d10_20260726_r01,dense,per_question,5a7b7ff75542995eb53be93d,6,Penelope Lively,0.42071431875228882
dense_per_question_n500_d10_20260726_r01,dense,per_question,5a7b7ff75542995eb53be93d,7,The Lost World (TV series),0.41532066464424133
dense_per_question_n500_d10_20260726_r01,dense,per_question,5a7b7ff75542995eb53be93d,8,The Adventure of the Empty House,0.38999283313751221
dense_per_question_n500_d10_20260726_r01,dense,per_question,5a7b7ff75542995eb53be93d,9,Dead Man's Land,0.34468013048171997
dense_per_question_n500_d10_20260726_r01,dense,per_question,5a7b7ff75542995eb53be93d,10,The Return of Sherlock Holmes (1929 film),0.30055993795394897
dense_per_question_n500_d10_20260726_r01,dense,per_question,5a7b8749554299294a54a9db,1,Thomas Friedman,0.72035598754882812
dense_per_question_n500_d10_20260726_r01,dense,per_question,5a7b8749554299294a54a9db,2,2011 Pulitzer Prize,0.52806532382965088
dense_per_question_n500_d10_20260726_r01,dense,per_question,5a7b8749554299294a54a9db,3,Henri Bergson,0.41472730040550232
dense_per_question_n500_d10_20260726_r01,dense,per_question,5a7b8749554299294a54a9db,4,Samuel Eliot Morison,0.39519226551055908
dense_per_question_n500_d10_20260726_r01,dense,per_question,5a7b8749554299294a54a9db,5,Moina Mathers,0.35193324089050293
dense_per_question_n500_d10_20260726_r01,dense,per_question,5a7b8749554299294a54a9db,6,Introduction to Metaphysics (Bergson),0.31079867482185364
dense_per_question_n500_d10_20260726_r01,dense,per_question,5a7b8749554299294a54a9db,7,Élan vital,0.30146238207817078
dense_per_question_n500_d10_20260726_r01,dense,per_question,5a7b8749554299294a54a9db,8,Time and Free Will,0.26814949512481689
dense_per_question_n500_d10_20260726_r01,dense,per_question,5a7b8749554299294a54a9db,9,Duration (philosophy),0.22036144137382507
dense_per_question_n500_d10_20260726_r01,dense,per_question,5a7b8749554299294a54a9db,10,Matter and Memory,0.15053434669971466
dense_per_question_n500_d10_20260726_r01,dense,per_question,5a7bae20554299294a54aa96,1,Nicki Minaj,0.51579087972640991
dense_per_question_n500_d10_20260726_r01,dense,per_question,5a7bae20554299294a54aa96,2,Freedom Watch with Judge Napolitano,0.50353240966796875
dense_per_question_n500_d10_20260726_r01,dense,per_question,5a7bae20554299294a54aa96,3,Sarah Palin's Alaska,0.34284022450447083
dense_per_question_n500_d10_20260726_r01,dense,per_question,5a7bae20554299294a54aa96,4,Rewrapped,0.31513479351997375
dense_per_question_n500_d10_20260726_r01,dense,per_question,5a7bae20554299294a54aa96,5,American Idol (season 12),0.31030219793319702
dense_per_question_n500_d10_20260726_r01,dense,per_question,5a7bae20554299294a54aa96,6,The Sarah Millican Television Programme,0.29214435815811157
dense_per_question_n500_d10_20260726_r01,dense,per_question,5a7bae20554299294a54aa96,7,The House of Tiny Tearaways,0.27576944231987
dense_per_question_n500_d10_20260726_r01,dense,per_question,5a7bae20554299294a54aa96,8,Tómbola (TV series),0.26527711749076843
dense_per_question_n500_d10_20260726_r01,dense,per_question,5a7bae20554299294a54aa96,9,On the Ball (ITV television show),0.23380561172962189
dense_per_question_n500_d10_20260726_r01,dense,per_question,5a7bae20554299294a54aa96,10,The Apartment - Design Your Destiny,0.19973824918270111
dense_per_question_n500_d10_20260726_r01,dense,per_question,5a7bbb64554299042af8f7cc,1,Kenton Richardson,0.45098057389259338
dense_per_question_n500_d10_20260726_r01,dense,per_question,5a7bbb64554299042af8f7cc,2,Annie Morton,0.38596448302268982
dense_per_question_n500_d10_20260726_r01,dense,per_question,5a7bbb64554299042af8f7cc,3,Lady Gaga x Terry Richardson,0.33290615677833557
dense_per_question_n500_d10_20260726_r01,dense,per_question,5a7bbb64554299042af8f7cc,4,Madonna (book),0.27929145097732544
dense_per_question_n500_d10_20260726_r01,dense,per_question,5a7bbb64554299042af8f7cc,5,Amanda Lepore,0.24115732312202454
dense_per_question_n500_d10_20260726_r01,dense,per_question,5a7bbb64554299042af8f7cc,6,Gumbo (PJ Morton album),0.22576004266738892
dense_per_question_n500_d10_20260726_r01,dense,per_question,5a7bbb64554299042af8f7cc,7,Terry Richardson,0.16456125676631927
dense_per_question_n500_d10_20260726_r01,dense,per_question,5a7bbb64554299042af8f7cc,8,Index Magazine,0.12618277966976166
dense_per_question_n500_d10_20260726_r01,dense,per_question,5a7bbb64554299042af8f7cc,9,Piano Girl,0.11263211816549301
dense_per_question_n500_d10_20260726_r01,dense,per_question,5a7bbb64554299042af8f7cc,10,Snoecks,0.074739448726177216
dense_per_question_n500_d10_20260726_r01,dense,per_question,5a7be2595542997c3ec972ac,1,Virginia Woolf,0.52000534534454346
dense_per_question_n500_d10_20260726_r01,dense,per_question,5a7be2595542997c3ec972ac,2,Orlando: A Biography,0.42928117513656616
dense_per_question_n500_d10_20260726_r01,dense,per_question,5a7be2595542997c3ec972ac,3,Emma Bull,0.40167498588562012
dense_per_question_n500_d10_20260726_r01,dense,per_question,5a7be2595542997c3ec972ac,4,Jane Marcus,0.39769276976585388
dense_per_question_n500_d10_20260726_r01,dense,per_question,5a7be2595542997c3ec972ac,5,Jane de Gay,0.3855445384979248
dense_per_question_n500_d10_20260726_r01,dense,per_question,5a7be2595542997c3ec972ac,6,Moments of Being,0.37968885898590088
dense_per_question_n500_d10_20260726_r01,dense,per_question,5a7be2595542997c3ec972ac,7,The Mark on the Wall,0.35860687494277954
dense_per_question_n500_d10_20260726_r01,dense,per_question,5a7be2595542997c3ec972ac,8,Me! I'm Afraid of Virginia Woolf,0.32277131080627441
dense_per_question_n500_d10_20260726_r01,dense,per_question,5a7be2595542997c3ec972ac,9,The Duchess and the Jeweller,0.28047811985015869
dense_per_question_n500_d10_20260726_r01,dense,per_question,5a7be2595542997c3ec972ac,10,Freshwater (opera),0.19306536018848419
dense_per_question_n500_d10_20260726_r01,dense,per_question,5a7be5bd5542997c3ec972ba,1,Leonberger,0.71904850006103516
dense_per_question_n500_d10_20260726_r01,dense,per_question,5a7be5bd5542997c3ec972ba,2,Basset Hound,0.60952568054199219
dense_per_question_n500_d10_20260726_r01,dense,per_question,5a7be5bd5542997c3ec972ba,3,Giant dog breed,0.58963191509246826
dense_per_question_n500_d10_20260726_r01,dense,per_question,5a7be5bd5542997c3ec972ba,4,Bulldog,0.47548729181289673
dense_per_question_n500_d10_20260726_r01,dense,per_question,5a7be5bd5542997c3ec972ba,5,Dog Tales (1958 film),0.4488007128238678
dense_per_question_n500_d10_20260726_r01,dense,per_question,5a7be5bd5542997c3ec972ba,6,Barnyard Dawg,0.4341772198677063
dense_per_question_n500_d10_20260726_r01,dense,per_question,5a7be5bd5542997c3ec972ba,7,List of U.S. state dogs,0.42660528421401978
dense_per_question_n500_d10_20260726_r01,dense,per_question,5a7be5bd5542997c3ec972ba,8,Cão de Gado Transmontano,0.42461091279983521
dense_per_question_n500_d10_20260726_r01,dense,per_question,5a7be5bd5542997c3ec972ba,9,Fred Basset,0.40313044190406799
dense_per_question_n500_d10_20260726_r01,dense,per_question,5a7be5bd5542997c3ec972ba,10,Breed standard (dogs),0.40175366401672363
dense_per_question_n500_d10_20260726_r01,dense,per_question,5a7c6bcc55429935c91b519c,1,Rock Springs (short story collection),0.7875664234161377
dense_per_question_n500_d10_20260726_r01,dense,per_question,5a7c6bcc55429935c91b519c,2,Richard Ford,0.50326508283615112
dense_per_question_n500_d10_20260726_r01,dense,per_question,5a7c6bcc55429935c91b519c,3,Richard Marsh (author),0.30630373954772949
dense_per_question_n500_d10_20260726_r01,dense,per_question,5a7c6bcc55429935c91b519c,4,A Good Man Is Hard to Find and Other Stories,0.30568999052047729
dense_per_question_n500_d10_20260726_r01,dense,per_question,5a7c6bcc55429935c91b519c,5,Mai Al-Nakib,0.26470488309860229
dense_per_question_n500_d10_20260726_r01,dense,per_question,5a7c6bcc55429935c91b519c,6,Ambulanse,0.26068681478500366
dense_per_question_n500_d10_20260726_r01,dense,per_question,5a7c6bcc55429935c91b519c,7,Vacuum Diagrams,0.25197944045066833
dense_per_question_n500_d10_20260726_r01,dense,per_question,5a7c6bcc55429935c91b519c,8,The Rest of the Robots,0.2189098596572876
dense_per_question_n500_d10_20260726_r01,dense,per_question,5a7c6bcc55429935c91b519c,9,J. J. Syvrud,0.10837093740701675
dense_per_question_n500_d10_20260726_r01,dense,per_question,5a7c6bcc55429935c91b519c,10,Richard Honaker,0.097027286887168884
dense_per_question_n500_d10_20260726_r01,dense,per_question,5a7c960655429935c91b5244,1,1974 Texas Tech Red Raiders football team,0.72655332088470459
dense_per_question_n500_d10_20260726_r01,dense,per_question,5a7c960655429935c91b5244,2,2016 Texas Tech Red Raiders football team,0.63468241691589355
dense_per_question_n500_d10_20260726_r01,dense,per_question,5a7c960655429935c91b5244,3,2013 Texas Tech Red Raiders football team,0.60673058032989502
dense_per_question_n500_d10_20260726_r01,dense,per_question,5a7c960655429935c91b5244,4,1986 Texas Tech Red Raiders football team,0.58855772018432617
dense_per_question_n500_d10_20260726_r01,dense,per_question,5a7c960655429935c91b5244,5,2015 Texas Tech Red Raiders football team,0.57248252630233765
dense_per_question_n500_d10_20260726_r01,dense,per_question,5a7c960655429935c91b5244,6,2009 Texas Tech Red Raiders football team,0.56988400220870972
dense_per_question_n500_d10_20260726_r01,dense,per_question,5a7c960655429935c91b5244,7,Texas Tech University,0.56789427995681763
dense_per_question_n500_d10_20260726_r01,dense,per_question,5a7c960655429935c91b5244,8,2014 Texas Tech Red Raiders football team,0.56258797645568848
dense_per_question_n500_d10_20260726_r01,dense,per_question,5a7c960655429935c91b5244,9,Texas A&amp;M–Texas Tech football rivalry,0.47119364142417908
dense_per_question_n500_d10_20260726_r01,dense,per_question,5a7c960655429935c91b5244,10,2012 Texas Tech Red Raiders football team,0.45305079221725464
dense_per_question_n500_d10_20260726_r01,dense,per_question,5a7c9f325542990527d554e6,1,RGB color model,0.47111287713050842
dense_per_question_n500_d10_20260726_r01,dense,per_question,5a7c9f325542990527d554e6,2,ProPhoto RGB color space,0.42236316204071045
dense_per_question_n500_d10_20260726_r01,dense,per_question,5a7c9f325542990527d554e6,3,RGB color space,0.40562447905540466
dense_per_question_n500_d10_20260726_r01,dense,per_question,5a7c9f325542990527d554e6,4,Innocent Records,0.40490236878395081
dense_per_question_n500_d10_20260726_r01,dense,per_question,5a7c9f325542990527d554e6,5,Color space,0.36606952548027039
dense_per_question_n500_d10_20260726_r01,dense,per_question,5a7c9f325542990527d554e6,6,RGBA color space,0.35987856984138489
dense_per_question_n500_d10_20260726_r01,dense,per_question,5a7c9f325542990527d554e6,7,Blue,0.345722496509552
dense_per_question_n500_d10_20260726_r01,dense,per_question,5a7c9f325542990527d554e6,8,YCoCg,0.33740234375
dense_per_question_n500_d10_20260726_r01,dense,per_question,5a7c9f325542990527d554e6,9,HCL color space,0.29497313499450684
dense_per_question_n500_d10_20260726_r01,dense,per_question,5a7c9f325542990527d554e6,10,Brown,0.28264635801315308
dense_per_question_n500_d10_20260726_r01,dense,per_question,5a7caae75542996dd594b971,1,Anabolic steroid,0.53334331512451172
dense_per_question_n500_d10_20260726_r01,dense,per_question,5a7caae75542996dd594b971,2,Methyltestosterone,0.48559248447418213
dense_per_question_n500_d10_20260726_r01,dense,per_question,5a7caae75542996dd594b971,3,Steroid use in Australia,0.46032577753067017
dense_per_question_n500_d10_20260726_r01,dense,per_question,5a7caae75542996dd594b971,4,Metandienone,0.40359950065612793
dense_per_question_n500_d10_20260726_r01,dense,per_question,5a7caae75542996dd594b971,5,Tensile testing,0.13167470693588257
dense_per_question_n500_d10_20260726_r01,dense,per_question,5a7caae75542996dd594b971,6,Trickle valve,0.1177692785859108
dense_per_question_n500_d10_20260726_r01,dense,per_question,5a7caae75542996dd594b971,7,Pox (drink),0.10862025618553162
dense_per_question_n500_d10_20260726_r01,dense,per_question,5a7caae75542996dd594b971,8,STOLport,0.084154419600963593
dense_per_question_n500_d10_20260726_r01,dense,per_question,5a7caae75542996dd594b971,9,Belling-Lee connector,0.072550341486930847
dense_per_question_n500_d10_20260726_r01,dense,per_question,5a7caae75542996dd594b971,10,Docking (animal),0.047460019588470459
dense_per_question_n500_d10_20260726_r01,dense,per_question,5a7cb9b95542990527d55515,1,Making Today a Perfect Day,0.52064228057861328
dense_per_question_n500_d10_20260726_r01,dense,per_question,5a7cb9b95542990527d55515,2,Perfect Day (Jim Jones song),0.37571653723716736
dense_per_question_n500_d10_20260726_r01,dense,per_question,5a7cb9b95542990527d55515,3,One Perfect Day (Lydia Denker song),0.32998722791671753
dense_per_question_n500_d10_20260726_r01,dense,per_question,5a7cb9b95542990527d55515,4,New Scandinavian Cooking,0.30950072407722473
dense_per_question_n500_d10_20260726_r01,dense,per_question,5a7cb9b95542990527d55515,5,A Perfect Day (song),0.30102840065956116
dense_per_question_n500_d10_20260726_r01,dense,per_question,5a7cb9b95542990527d55515,6,Frozen Fever,0.25419750809669495
dense_per_question_n500_d10_20260726_r01,dense,per_question,5a7cb9b95542990527d55515,7,Shaggy Dog Story (TV),0.24717050790786743
dense_per_question_n500_d10_20260726_r01,dense,per_question,5a7cb9b95542990527d55515,8,Naruto: Shippuden (season 21),0.21351724863052368
dense_per_question_n500_d10_20260726_r01,dense,per_question,5a7cb9b95542990527d55515,9,A Young Girl in 1941 with No Waist at All,0.14506091177463531
dense_per_question_n500_d10_20260726_r01,dense,per_question,5a7cb9b95542990527d55515,10,Walk on the Wild Side (Lou Reed song),0.094609767198562622
dense_per_question_n500_d10_20260726_r01,dense,per_question,5a7cbf8c554299452d57b9f4,1,"McFarland, USA",0.52479058504104614
dense_per_question_n500_d10_20260726_r01,dense,per_question,5a7cbf8c554299452d57b9f4,2,Dinosaur (film),0.4923701286315918
dense_per_question_n500_d10_20260726_r01,dense,per_question,5a7cbf8c554299452d57b9f4,3,Oryctodromeus,0.45480063557624817
dense_per_question_n500_d10_20260726_r01,dense,per_question,5a7cbf8c554299452d57b9f4,4,Comanchesaurus,0.44849562644958496
dense_per_question_n500_d10_20260726_r01,dense,per_question,5a7cbf8c554299452d57b9f4,5,Cinizasaurus,0.43582639098167419
dense_per_question_n500_d10_20260726_r01,dense,per_question,5a7cbf8c554299452d57b9f4,6,Cryptoraptor,0.41130825877189636
dense_per_question_n500_d10_20260726_r01,dense,per_question,5a7cbf8c554299452d57b9f4,7,Dakotadon,0.40873444080352783
dense_per_question_n500_d10_20260726_r01,dense,per_question,5a7cbf8c554299452d57b9f4,8,Sphaerotholus,0.4035833477973938
dense_per_question_n500_d10_20260726_r01,dense,per_question,5a7cbf8c554299452d57b9f4,9,Fruitadens,0.37053212523460388
dense_per_question_n500_d10_20260726_r01,dense,per_question,5a7cbf8c554299452d57b9f4,10,Mark Ciardi,0.21532809734344482
dense_per_question_n500_d10_20260726_r01,dense,per_question,5a7cc50e554299452d57ba3e,1,Screaming Trees,0.61884617805480957
dense_per_question_n500_d10_20260726_r01,dense,per_question,5a7cc50e554299452d57ba3e,2,Screaming Trees discography,0.59973740577697754
dense_per_question_n500_d10_20260726_r01,dense,per_question,5a7cc50e554299452d57ba3e,3,Letters to Cleo,0.54579681158065796
dense_per_question_n500_d10_20260726_r01,dense,per_question,5a7cc50e554299452d57ba3e,4,Change Has Come,0.51367688179016113
dense_per_question_n500_d10_20260726_r01,dense,per_question,5a7cc50e554299452d57ba3e,5,Truly,0.46708762645721436
dense_per_question_n500_d10_20260726_r01,dense,per_question,5a7cc50e554299452d57ba3e,6,Van Conner,0.39569038152694702
dense_per_question_n500_d10_20260726_r01,dense,per_question,5a7cc50e554299452d57ba3e,7,Beat Happening/Screaming Trees,0.39480489492416382
dense_per_question_n500_d10_20260726_r01,dense,per_question,5a7cc50e554299452d57ba3e,8,Jamboree (Beat Happening album),0.37227451801300049
dense_per_question_n500_d10_20260726_r01,dense,per_question,5a7cc50e554299452d57ba3e,9,Gary Lee Conner,0.33737963438034058
dense_per_question_n500_d10_20260726_r01,dense,per_question,5a7cc50e554299452d57ba3e,10,Mad Season (band),0.32378238439559937
dense_per_question_n500_d10_20260726_r01,dense,per_question,5a7cf29255429909bec768b8,1,Ingerophrynus gollum,0.64145636558532715
dense_per_question_n500_d10_20260726_r01,dense,per_question,5a7cf29255429909bec768b8,2,Ingerophrynus,0.59647244215011597
dense_per_question_n500_d10_20260726_r01,dense,per_question,5a7cf29255429909bec768b8,3,Gollum,0.5902942419052124
dense_per_question_n500_d10_20260726_r01,dense,per_question,5a7cf29255429909bec768b8,4,Gollum (genus),0.55043816566467285
dense_per_question_n500_d10_20260726_r01,dense,per_question,5a7cf29255429909bec768b8,5,Gollum: How We Made Movie Magic,0.54526692628860474
dense_per_question_n500_d10_20260726_r01,dense,per_question,5a7cf29255429909bec768b8,6,The Lord of the Rings,0.41225126385688782
dense_per_question_n500_d10_20260726_r01,dense,per_question,5a7cf29255429909bec768b8,7,Suanfa tongzong,0.29313981533050537
dense_per_question_n500_d10_20260726_r01,dense,per_question,5a7cf29255429909bec768b8,8,From Unknown Worlds,0.26963135600090027
dense_per_question_n500_d10_20260726_r01,dense,per_question,5a7cf29255429909bec768b8,9,The Burning Red,0.10479923337697983
dense_per_question_n500_d10_20260726_r01,dense,per_question,5a7cf29255429909bec768b8,10,Cosmological interpretation of quantum mechanics,0.018252519890666008
dense_per_question_n500_d10_20260726_r01,dense,per_question,5a7d19d85542995ed0d165e8,1,1891 Tennessee Volunteers football team,0.70226824283599854
dense_per_question_n500_d10_20260726_r01,dense,per_question,5a7d19d85542995ed0d165e8,2,1899 Tennessee Volunteers football team,0.67149603366851807
dense_per_question_n500_d10_20260726_r01,dense,per_question,5a7d19d85542995ed0d165e8,3,1938 Tennessee Volunteers football team,0.65097355842590332
dense_per_question_n500_d10_20260726_r01,dense,per_question,5a7d19d85542995ed0d165e8,4,1983 Tennessee Volunteers football team,0.63662487268447876
dense_per_question_n500_d10_20260726_r01,dense,per_question,5a7d19d85542995ed0d165e8,5,1896 Tennessee Volunteers football team,0.63446497917175293
dense_per_question_n500_d10_20260726_r01,dense,per_question,5a7d19d85542995ed0d165e8,6,Tennessee Volunteers football statistical leaders,0.63212323188781738
dense_per_question_n500_d10_20260726_r01,dense,per_question,5a7d19d85542995ed0d165e8,7,1985 Tennessee Volunteers football team,0.61336493492126465
dense_per_question_n500_d10_20260726_r01,dense,per_question,5a7d19d85542995ed0d165e8,8,1984 Tennessee Volunteers football team,0.58473688364028931
dense_per_question_n500_d10_20260726_r01,dense,per_question,5a7d19d85542995ed0d165e8,9,1930 Tennessee Volunteers football team,0.53296101093292236
dense_per_question_n500_d10_20260726_r01,dense,per_question,5a7d19d85542995ed0d165e8,10,Southeastern Conference,0.49142652750015259
dense_per_question_n500_d10_20260726_r01,dense,per_question,5a7d2afd5542995f4f402221,1,Ferdi Taygan,0.59736281633377075
dense_per_question_n500_d10_20260726_r01,dense,per_question,5a7d2afd5542995f4f402221,2,Mahesh Bhupathi Tennis Academy,0.36225828528404236
dense_per_question_n500_d10_20260726_r01,dense,per_question,5a7d2afd5542995f4f402221,3,Mahesh Bhupathi,0.33883112668991089
dense_per_question_n500_d10_20260726_r01,dense,per_question,5a7d2afd5542995f4f402221,4,2000 Wimbledon Championships – Men's Doubles,0.32983750104904175
dense_per_question_n500_d10_20260726_r01,dense,per_question,5a7d2afd5542995f4f402221,5,1983 Volvo International – Doubles,0.26327258348464966
dense_per_question_n500_d10_20260726_r01,dense,per_question,5a7d2afd5542995f4f402221,6,1982 U.S. Pro Indoor – Doubles,0.15944831073284149
dense_per_question_n500_d10_20260726_r01,dense,per_question,5a7d2afd5542995f4f402221,7,1982 US Open – Mixed Doubles,0.12685102224349976
dense_per_question_n500_d10_20260726_r01,dense,per_question,5a7d2afd5542995f4f402221,8,1983 Donnay Indoor Championships – Doubles,0.10022294521331787
dense_per_question_n500_d10_20260726_r01,dense,per_question,5a7d2afd5542995f4f402221,9,1982 Volvo Masters – Doubles,0.089722782373428345
dense_per_question_n500_d10_20260726_r01,dense,per_question,5a7d2afd5542995f4f402221,10,1982 French Open – Men's Doubles,0.031982313841581345
dense_per_question_n500_d10_20260726_r01,dense,per_question,5a7d3470554299452d57bb56,1,Strip search phone call scam,0.71822077035903931
dense_per_question_n500_d10_20260726_r01,dense,per_question,5a7d3470554299452d57bb56,2,Compliance (film),0.49725514650344849
dense_per_question_n500_d10_20260726_r01,dense,per_question,5a7d3470554299452d57bb56,3,Part-time job terrorism,0.38198208808898926
dense_per_question_n500_d10_20260726_r01,dense,per_question,5a7d3470554299452d57bb56,4,Jacob D. Robida,0.31177887320518494
dense_per_question_n500_d10_20260726_r01,dense,per_question,5a7d3470554299452d57bb56,5,Devyani Khobragade,0.27112782001495361
dense_per_question_n500_d10_20260726_r01,dense,per_question,5a7d3470554299452d57bb56,6,Police perjury,0.21993771195411682
dense_per_question_n500_d10_20260726_r01,dense,per_question,5a7d3470554299452d57bb56,7,A&amp;W Restaurants,0.21308624744415283
dense_per_question_n500_d10_20260726_r01,dense,per_question,5a7d3470554299452d57bb56,8,Ringer Hut,0.17851811647415161
dense_per_question_n500_d10_20260726_r01,dense,per_question,5a7d3470554299452d57bb56,9,Body cavity search,0.14839676022529602
dense_per_question_n500_d10_20260726_r01,dense,per_question,5a7d3470554299452d57bb56,10,"Coronado, Panama",0.051610808819532394
dense_per_question_n500_d10_20260726_r01,dense,per_question,5a7d54165542995f4f402256,1,Dirleton Castle,0.75777506828308105
dense_per_question_n500_d10_20260726_r01,dense,per_question,5a7d54165542995f4f402256,2,Lothian and Borders,0.70687377452850342
dense_per_question_n500_d10_20260726_r01,dense,per_question,5a7d54165542995f4f402256,3,Scottish Borders,0.68734431266784668
dense_per_question_n500_d10_20260726_r01,dense,per_question,5a7d54165542995f4f402256,4,Dirleton,0.61141544580459595
dense_per_question_n500_d10_20260726_r01,dense,per_question,5a7d54165542995f4f402256,5,Dirleton Kirk,0.61104923486709595
dense_per_question_n500_d10_20260726_r01,dense,per_question,5a7d54165542995f4f402256,6,Lord Haliburton of Dirleton,0.53219223022460938
dense_per_question_n500_d10_20260726_r01,dense,per_question,5a7d54165542995f4f402256,7,"Haddington, East Lothian",0.53215175867080688
dense_per_question_n500_d10_20260726_r01,dense,per_question,5a7d54165542995f4f402256,8,Yellowcraigs,0.47815707325935364
dense_per_question_n500_d10_20260726_r01,dense,per_question,5a7d54165542995f4f402256,9,St. Mary's Priory (Lothian),0.36410212516784668
dense_per_question_n500_d10_20260726_r01,dense,per_question,5a7d54165542995f4f402256,10,John Home Robertson,0.20959915220737457
dense_per_question_n500_d10_20260726_r01,dense,per_question,5a7d61775542991319bc93b9,1,Siege of Bharatpur,0.6217724084854126
dense_per_question_n500_d10_20260726_r01,dense,per_question,5a7d61775542991319bc93b9,2,Siege of Bharatpur (1805),0.61089366674423218
dense_per_question_n500_d10_20260726_r01,dense,per_question,5a7d61775542991319bc93b9,3,"Stapleton Cotton, 1st Viscount Combermere",0.45712345838546753
dense_per_question_n500_d10_20260726_r01,dense,per_question,5a7d61775542991319bc93b9,4,Lohagarh Fort,0.43867585062980652
dense_per_question_n500_d10_20260726_r01,dense,per_question,5a7d61775542991319bc93b9,5,"Commander-in-Chief, India",0.42031669616699219
dense_per_question_n500_d10_20260726_r01,dense,per_question,5a7d61775542991319bc93b9,6,Claude Auchinleck,0.39401257038116455
dense_per_question_n500_d10_20260726_r01,dense,per_question,5a7d61775542991319bc93b9,7,Bharatpur district,0.37419041991233826
dense_per_question_n500_d10_20260726_r01,dense,per_question,5a7d61775542991319bc93b9,8,"Bharatpur, Rajasthan",0.35881549119949341
dense_per_question_n500_d10_20260726_r01,dense,per_question,5a7d61775542991319bc93b9,9,Vishvendra Singh,0.35578429698944092
dense_per_question_n500_d10_20260726_r01,dense,per_question,5a7d61775542991319bc93b9,10,"Maharaja Surajmal Brij University, Bharatpur",0.15031497180461884
dense_per_question_n500_d10_20260726_r01,dense,per_question,5a7dc2495542997cc2c4749a,1,Mr. Nepal,0.56825733184814453
dense_per_question_n500_d10_20260726_r01,dense,per_question,5a7dc2495542997cc2c4749a,2,Julian Bolling,0.51997458934783936
dense_per_question_n500_d10_20260726_r01,dense,per_question,5a7dc2495542997cc2c4749a,3,2015 Nepal Premier League,0.4632125198841095
dense_per_question_n500_d10_20260726_r01,dense,per_question,5a7dc2495542997cc2c4749a,4,Miss Nepal 2010,0.39046043157577515
dense_per_question_n500_d10_20260726_r01,dense,per_question,5a7dc2495542997cc2c4749a,5,1984 South Asian Games,0.38480395078659058
dense_per_question_n500_d10_20260726_r01,dense,per_question,5a7dc2495542997cc2c4749a,6,Miss Nepal 2014,0.38425391912460327
dense_per_question_n500_d10_20260726_r01,dense,per_question,5a7dc2495542997cc2c4749a,7,Miss Nepal 2013,0.37483689188957214
dense_per_question_n500_d10_20260726_r01,dense,per_question,5a7dc2495542997cc2c4749a,8,Miss Nepal 2015,0.36215090751647949
dense_per_question_n500_d10_20260726_r01,dense,per_question,5a7dc2495542997cc2c4749a,9,Miss Nepal 2012,0.33234664797782898
dense_per_question_n500_d10_20260726_r01,dense,per_question,5a7dc2495542997cc2c4749a,10,Bhadrabas,0.31174629926681519
dense_per_question_n500_d10_20260726_r01,dense,per_question,5a7dcc775542990b8f503ab5,1,Shellite (explosive),0.58796781301498413
dense_per_question_n500_d10_20260726_r01,dense,per_question,5a7dcc775542990b8f503ab5,2,Isopropyl alcohol,0.38517484068870544
dense_per_question_n500_d10_20260726_r01,dense,per_question,5a7dcc775542990b8f503ab5,3,Aldonic acid,0.32855528593063354
dense_per_question_n500_d10_20260726_r01,dense,per_question,5a7dcc775542990b8f503ab5,4,1-Hexanol,0.32689392566680908
dense_per_question_n500_d10_20260726_r01,dense,per_question,5a7dcc775542990b8f503ab5,5,Index of alcohol-related articles,0.31627297401428223
dense_per_question_n500_d10_20260726_r01,dense,per_question,5a7dcc775542990b8f503ab5,6,Tetrakis(hydroxymethyl)phosphonium chloride,0.3080781102180481
dense_per_question_n500_d10_20260726_r01,dense,per_question,5a7dcc775542990b8f503ab5,7,1-Pentanol,0.29931017756462097
dense_per_question_n500_d10_20260726_r01,dense,per_question,5a7dcc775542990b8f503ab5,8,Picric acid,0.27164679765701294
dense_per_question_n500_d10_20260726_r01,dense,per_question,5a7dcc775542990b8f503ab5,9,Xylitol,0.22655218839645386
dense_per_question_n500_d10_20260726_r01,dense,per_question,5a7dcc775542990b8f503ab5,10,Conductivity near the percolation threshold,0.085505999624729156
dense_per_question_n500_d10_20260726_r01,dense,per_question,5a7dd9445542997cc2c474ac,1,J. G. Farrell,0.51830732822418213
dense_per_question_n500_d10_20260726_r01,dense,per_question,5a7dd9445542997cc2c474ac,2,Louis Aragon,0.38990288972854614
dense_per_question_n500_d10_20260726_r01,dense,per_question,5a7dd9445542997cc2c474ac,3,Les Chansons d'Aragon,0.33328625559806824
dense_per_question_n500_d10_20260726_r01,dense,per_question,5a7dd9445542997cc2c474ac,4,L'affiche rouge,0.31902396678924561
dense_per_question_n500_d10_20260726_r01,dense,per_question,5a7dd9445542997cc2c474ac,5,Origins of the Sri Lankan civil war,0.29723969101905823
dense_per_question_n500_d10_20260726_r01,dense,per_question,5a7dd9445542997cc2c474ac,6,Human rights in Niger,0.1963542252779007
dense_per_question_n500_d10_20260726_r01,dense,per_question,5a7dd9445542997cc2c474ac,7,Murree rebellion of 1857,0.11703270673751831
dense_per_question_n500_d10_20260726_r01,dense,per_question,5a7dd9445542997cc2c474ac,8,1985 Hong Kong electoral reform,0.10355289280414581
dense_per_question_n500_d10_20260726_r01,dense,per_question,5a7dd9445542997cc2c474ac,9,Mwambutsa IV of Burundi,0.091544762253761292
dense_per_question_n500_d10_20260726_r01,dense,per_question,5a7dd9445542997cc2c474ac,10,Fort Diu,0.026195298880338669
dense_per_question_n500_d10_20260726_r01,dense,per_question,5a7ddc5a5542995f4f4022da,1,Bishop Carroll Catholic High School,0.88840842247009277
dense_per_question_n500_d10_20260726_r01,dense,per_question,5a7ddc5a5542995f4f4022da,2,Kapaun Mt. Carmel Catholic High School,0.82213497161865234
dense_per_question_n500_d10_20260726_r01,dense,per_question,5a7ddc5a5542995f4f4022da,3,"Carmel High School (Mundelein, Illinois)",0.62723755836486816
dense_per_question_n500_d10_20260726_r01,dense,per_question,5a7ddc5a5542995f4f4022da,4,Spalding Catholic High School,0.49220353364944458
dense_per_question_n500_d10_20260726_r01,dense,per_question,5a7ddc5a5542995f4f4022da,5,Bishop Sullivan Catholic High School,0.49139770865440369
dense_per_question_n500_d10_20260726_r01,dense,per_question,5a7ddc5a5542995f4f4022da,6,Bishop Manogue High School,0.4485049843788147
dense_per_question_n500_d10_20260726_r01,dense,per_question,5a7ddc5a5542995f4f4022da,7,St. Petersburg Catholic High School,0.43945586681365967
dense_per_question_n500_d10_20260726_r01,dense,per_question,5a7ddc5a5542995f4f4022da,8,Monroe Catholic High School,0.4346756637096405
dense_per_question_n500_d10_20260726_r01,dense,per_question,5a7ddc5a5542995f4f4022da,9,Fremont School District 79,0.37283667922019958
dense_per_question_n500_d10_20260726_r01,dense,per_question,5a7ddc5a5542995f4f4022da,10,John S. Burke Catholic High School,0.34173798561096191
dense_per_question_n500_d10_20260726_r01,dense,per_question,5a7e05ba5542995f4f402392,1,One Night Only (TV series),0.66876065731048584
dense_per_question_n500_d10_20260726_r01,dense,per_question,5a7e05ba5542995f4f402392,2,For One Night Only (Irish TV series),0.62198233604431152
dense_per_question_n500_d10_20260726_r01,dense,per_question,5a7e05ba5542995f4f402392,3,One Night (ELO Part II album),0.4977988600730896
dense_per_question_n500_d10_20260726_r01,dense,per_question,5a7e05ba5542995f4f402392,4,Elton John One Night Only – The Greatest Hits,0.43147069215774536
dense_per_question_n500_d10_20260726_r01,dense,per_question,5a7e05ba5542995f4f402392,5,Gay Byrne,0.42763793468475342
dense_per_question_n500_d10_20260726_r01,dense,per_question,5a7e05ba5542995f4f402392,6,WWE One Night Stand,0.41078764200210571
dense_per_question_n500_d10_20260726_r01,dense,per_question,5a7e05ba5542995f4f402392,7,One Night Stand (video game),0.3880297839641571
dense_per_question_n500_d10_20260726_r01,dense,per_question,5a7e05ba5542995f4f402392,8,One Night in One City,0.37813931703567505
dense_per_question_n500_d10_20260726_r01,dense,per_question,5a7e05ba5542995f4f402392,9,You and Me (One Night Only song),0.33823299407958984
dense_per_question_n500_d10_20260726_r01,dense,per_question,5a7e05ba5542995f4f402392,10,WWE Extreme Rules,0.3057781457901001
dense_per_question_n500_d10_20260726_r01,dense,per_question,5a7e7ed05542991319bc94c2,1,Gallery (magazine),0.6754525899887085
dense_per_question_n500_d10_20260726_r01,dense,per_question,5a7e7ed05542991319bc94c2,2,Dime Magazine,0.548786461353302
dense_per_question_n500_d10_20260726_r01,dense,per_question,5a7e7ed05542991319bc94c2,3,The Little Review Gallery,0.52043259143829346
dense_per_question_n500_d10_20260726_r01,dense,per_question,5a7e7ed05542991319bc94c2,4,Jessica Todd Harper,0.49042779207229614
dense_per_question_n500_d10_20260726_r01,dense,per_question,5a7e7ed05542991319bc94c2,5,Vanguard (magazine),0.4410024881362915
dense_per_question_n500_d10_20260726_r01,dense,per_question,5a7e7ed05542991319bc94c2,6,Dime novel,0.43341785669326782
dense_per_question_n500_d10_20260726_r01,dense,per_question,5a7e7ed05542991319bc94c2,7,C24 Gallery,0.40295314788818359
dense_per_question_n500_d10_20260726_r01,dense,per_question,5a7e7ed05542991319bc94c2,8,Linda Duvall,0.38766783475875854
dense_per_question_n500_d10_20260726_r01,dense,per_question,5a7e7ed05542991319bc94c2,9,Pluck and Luck,0.3704565167427063
dense_per_question_n500_d10_20260726_r01,dense,per_question,5a7e7ed05542991319bc94c2,10,H. Bedford-Jones,0.16483092308044434
dense_per_question_n500_d10_20260726_r01,dense,per_question,5a7ec61a55429934daa2fc5f,1,Staten Island Catapult,0.67351549863815308
dense_per_question_n500_d10_20260726_r01,dense,per_question,5a7ec61a55429934daa2fc5f,2,Brian C. Bialiy,0.50664776563644409
dense_per_question_n500_d10_20260726_r01,dense,per_question,5a7ec61a55429934daa2fc5f,3,Staten Island Register,0.35964411497116089
dense_per_question_n500_d10_20260726_r01,dense,per_question,5a7ec61a55429934daa2fc5f,4,This Is Elvis,0.33945846557617188
dense_per_question_n500_d10_20260726_r01,dense,per_question,5a7ec61a55429934daa2fc5f,5,"St. George, Staten Island",0.29804769158363342
dense_per_question_n500_d10_20260726_r01,dense,per_question,5a7ec61a55429934daa2fc5f,6,College of Staten Island Baseball Complex,0.29615151882171631
dense_per_question_n500_d10_20260726_r01,dense,per_question,5a7ec61a55429934daa2fc5f,7,Staten Island,0.29098570346832275
dense_per_question_n500_d10_20260726_r01,dense,per_question,5a7ec61a55429934daa2fc5f,8,Staten Island Borough Hall,0.27850455045700073
dense_per_question_n500_d10_20260726_r01,dense,per_question,5a7ec61a55429934daa2fc5f,9,Staten Island Technical High School,0.23474389314651489
dense_per_question_n500_d10_20260726_r01,dense,per_question,5a7ec61a55429934daa2fc5f,10,Staten Island Community Board 1,0.20374512672424316
dense_per_question_n500_d10_20260726_r01,dense,per_question,5a7ed2c655429930675135e5,1,71st Golden Globe Awards,0.55554467439651489
dense_per_question_n500_d10_20260726_r01,dense,per_question,5a7ed2c655429930675135e5,2,51st Golden Globe Awards,0.43329310417175293
dense_per_question_n500_d10_20260726_r01,dense,per_question,5a7ed2c655429930675135e5,3,61st Golden Globe Awards,0.41544994711875916
dense_per_question_n500_d10_20260726_r01,dense,per_question,5a7ed2c655429930675135e5,4,Breaking Bad,0.39638513326644897
dense_per_question_n500_d10_20260726_r01,dense,per_question,5a7ed2c655429930675135e5,5,Brooklyn Nine-Nine,0.36876404285430908
dense_per_question_n500_d10_20260726_r01,dense,per_question,5a7ed2c655429930675135e5,6,31st Golden Globe Awards,0.34924536943435669
dense_per_question_n500_d10_20260726_r01,dense,per_question,5a7ed2c655429930675135e5,7,Golden Globe Award for Best Animated Feature Film,0.30007019639015198
dense_per_question_n500_d10_20260726_r01,dense,per_question,5a7ed2c655429930675135e5,8,Dancing on the Edge (TV series),0.25021982192993164
dense_per_question_n500_d10_20260726_r01,dense,per_question,5a7ed2c655429930675135e5,9,Scarface (soundtrack),0.1928895115852356
dense_per_question_n500_d10_20260726_r01,dense,per_question,5a7ed2c655429930675135e5,10,Flight of the Innocent,0.18738760054111481
dense_per_question_n500_d10_20260726_r01,dense,per_question,5a7f113d55429934daa2fcbe,1,Mickey Mantle,0.58493781089782715
dense_per_question_n500_d10_20260726_r01,dense,per_question,5a7f113d55429934daa2fcbe,2,Babe Ruth,0.552604079246521
dense_per_question_n500_d10_20260726_r01,dense,per_question,5a7f113d55429934daa2fcbe,3,Greatest Sports Legends,0.53982818126678467
dense_per_question_n500_d10_20260726_r01,dense,per_question,5a7f113d55429934daa2fcbe,4,Charles Teague (baseball),0.48772209882736206
dense_per_question_n500_d10_20260726_r01,dense,per_question,5a7f113d55429934daa2fcbe,5,Dizzy Dean,0.48729607462882996
dense_per_question_n500_d10_20260726_r01,dense,per_question,5a7f113d55429934daa2fcbe,6,Tim Jorgensen,0.46817448735237122
dense_per_question_n500_d10_20260726_r01,dense,per_question,5a7f113d55429934daa2fcbe,7,Reggie Jackson,0.44579634070396423
dense_per_question_n500_d10_20260726_r01,dense,per_question,5a7f113d55429934daa2fcbe,8,Eddy Furniss,0.42658346891403198
dense_per_question_n500_d10_20260726_r01,dense,per_question,5a7f113d55429934daa2fcbe,9,Robin Ventura,0.36568403244018555
dense_per_question_n500_d10_20260726_r01,dense,per_question,5a7f113d55429934daa2fcbe,10,Emma Carney,0.22558213770389557
dense_per_question_n500_d10_20260726_r01,dense,per_question,5a7f5c9f55429969796c1a0f,1,Yunnan Provincial Museum,0.75478363037109375
dense_per_question_n500_d10_20260726_r01,dense,per_question,5a7f5c9f55429969796c1a0f,2,Kunming Museum,0.667807936668396
dense_per_question_n500_d10_20260726_r01,dense,per_question,5a7f5c9f55429969796c1a0f,3,Kunming,0.51675546169281006
dense_per_question_n500_d10_20260726_r01,dense,per_question,5a7f5c9f55429969796c1a0f,4,Dian Lake,0.46453759074211121
dense_per_question_n500_d10_20260726_r01,dense,per_question,5a7f5c9f55429969796c1a0f,5,Luang Namtha Museum,0.45798677206039429
dense_per_question_n500_d10_20260726_r01,dense,per_question,5a7f5c9f55429969796c1a0f,6,Yangzong Lake,0.44722211360931396
dense_per_question_n500_d10_20260726_r01,dense,per_question,5a7f5c9f55429969796c1a0f,7,Xin Zhui,0.43833485245704651
dense_per_question_n500_d10_20260726_r01,dense,per_question,5a7f5c9f55429969796c1a0f,8,Dali–Ruili Railway,0.3922542929649353
dense_per_question_n500_d10_20260726_r01,dense,per_question,5a7f5c9f55429969796c1a0f,9,Flores Island Marine Provincial Park,0.2443632036447525
dense_per_question_n500_d10_20260726_r01,dense,per_question,5a7f5c9f55429969796c1a0f,10,Karel Dežman,0.17156258225440979
dense_per_question_n500_d10_20260726_r01,dense,per_question,5a7f6eab5542992097ad2f66,1,Hudson Highlands State Park,0.42533063888549805
dense_per_question_n500_d10_20260726_r01,dense,per_question,5a7f6eab5542992097ad2f66,2,"Jones Point, New York",0.41988539695739746
dense_per_question_n500_d10_20260726_r01,dense,per_question,5a7f6eab5542992097ad2f66,3,"Cold Spring, New York",0.38513782620429993
dense_per_question_n500_d10_20260726_r01,dense,per_question,5a7f6eab5542992097ad2f66,4,Breakneck Brook,0.37468713521957397
dense_per_question_n500_d10_20260726_r01,dense,per_question,5a7f6eab5542992097ad2f66,5,Robert Parker Parrott,0.3737713098526001
dense_per_question_n500_d10_20260726_r01,dense,per_question,5a7f6eab5542992097ad2f66,6,Hudson River Valley Greenway,0.35184168815612793
dense_per_question_n500_d10_20260726_r01,dense,per_question,5a7f6eab5542992097ad2f66,7,"Garrison, New York",0.3066900372505188
dense_per_question_n500_d10_20260726_r01,dense,per_question,5a7f6eab5542992097ad2f66,8,Bull Hill,0.28459936380386353
dense_per_question_n500_d10_20260726_r01,dense,per_question,5a7f6eab5542992097ad2f66,9,New York State Route 121,0.25161135196685791
dense_per_question_n500_d10_20260726_r01,dense,per_question,5a7f6eab5542992097ad2f66,10,Cortland Condit House,0.23216274380683899
dense_per_question_n500_d10_20260726_r01,dense,per_question,5a80071f5542992bc0c4a684,1,Alice David,0.81906789541244507
dense_per_question_n500_d10_20260726_r01,dense,per_question,5a80071f5542992bc0c4a684,2,Lara Croft,0.66791296005249023
dense_per_question_n500_d10_20260726_r01,dense,per_question,5a80071f5542992bc0c4a684,3,List of Tomb Raider media,0.60563069581985474
dense_per_question_n500_d10_20260726_r01,dense,per_question,5a80071f5542992bc0c4a684,4,Lara Croft and the Temple of Osiris,0.57664906978607178
dense_per_question_n500_d10_20260726_r01,dense,per_question,5a80071f5542992bc0c4a684,5,Lara Croft Go,0.5723874568939209
dense_per_question_n500_d10_20260726_r01,dense,per_question,5a80071f5542992bc0c4a684,6,Lara Croft and the Guardian of Light,0.5722230076789856
dense_per_question_n500_d10_20260726_r01,dense,per_question,5a80071f5542992bc0c4a684,7,Tomb Raider,0.56724840402603149
dense_per_question_n500_d10_20260726_r01,dense,per_question,5a80071f5542992bc0c4a684,8,Lara Croft: Tomb Raider,0.56408905982971191
dense_per_question_n500_d10_20260726_r01,dense,per_question,5a80071f5542992bc0c4a684,9,Tomb Raider III,0.47429701685905457
dense_per_question_n500_d10_20260726_r01,dense,per_question,5a80071f5542992bc0c4a684,10,Tomb Raider (2013 video game),0.47192978858947754
dense_per_question_n500_d10_20260726_r01,dense,per_question,5a8038b55542996402f6a485,1,Jacques Sernas,0.74730253219604492
dense_per_question_n500_d10_20260726_r01,dense,per_question,5a8038b55542996402f6a485,2,Fugitive in Trieste,0.70569682121276855
dense_per_question_n500_d10_20260726_r01,dense,per_question,5a8038b55542996402f6a485,3,Jump into Hell,0.40900719165802002
dense_per_question_n500_d10_20260726_r01,dense,per_question,5a8038b55542996402f6a485,4,Altair (film),0.37157541513442993
dense_per_question_n500_d10_20260726_r01,dense,per_question,5a8038b55542996402f6a485,5,Balearic Caper,0.31889510154724121
dense_per_question_n500_d10_20260726_r01,dense,per_question,5a8038b55542996402f6a485,6,Dieci canzoni d'amore da salvare,0.25620740652084351
dense_per_question_n500_d10_20260726_r01,dense,per_question,5a8038b55542996402f6a485,7,Loving You Is My Sin,0.21996970474720001
dense_per_question_n500_d10_20260726_r01,dense,per_question,5a8038b55542996402f6a485,8,Finishing School (1953 film),0.21897399425506592
dense_per_question_n500_d10_20260726_r01,dense,per_question,5a8038b55542996402f6a485,9,Man from 1997,0.19052617251873016
dense_per_question_n500_d10_20260726_r01,dense,per_question,5a8038b55542996402f6a485,10,It's All Adam's Fault,0.12089613825082779
dense_per_question_n500_d10_20260726_r01,dense,per_question,5a80721b554299485f5985ef,1,Livesey Hall War Memorial,0.6980329155921936
dense_per_question_n500_d10_20260726_r01,dense,per_question,5a80721b554299485f5985ef,2,Alamein Memorial,0.54642009735107422
dense_per_question_n500_d10_20260726_r01,dense,per_question,5a80721b554299485f5985ef,3,"Vietnam War Memorial, Hanoi",0.53589457273483276
dense_per_question_n500_d10_20260726_r01,dense,per_question,5a80721b554299485f5985ef,4,Rainham War Memorial,0.53491926193237305
dense_per_question_n500_d10_20260726_r01,dense,per_question,5a80721b554299485f5985ef,5,Freetown Memorial,0.48439040780067444
dense_per_question_n500_d10_20260726_r01,dense,per_question,5a80721b554299485f5985ef,6,Tower Hill Memorial,0.47249990701675415
dense_per_question_n500_d10_20260726_r01,dense,per_question,5a80721b554299485f5985ef,7,Portsmouth Naval Memorial,0.45983907580375671
dense_per_question_n500_d10_20260726_r01,dense,per_question,5a80721b554299485f5985ef,8,Arras Flying Services Memorial,0.44872874021530151
dense_per_question_n500_d10_20260726_r01,dense,per_question,5a80721b554299485f5985ef,9,Masnières Newfoundland Memorial,0.4387248158454895
dense_per_question_n500_d10_20260726_r01,dense,per_question,5a80721b554299485f5985ef,10,World War II casualties,0.35432186722755432
dense_per_question_n500_d10_20260726_r01,dense,per_question,5a80840f554299485f59863b,1,Jawbreaker (film),0.52549546957015991
dense_per_question_n500_d10_20260726_r01,dense,per_question,5a80840f554299485f59863b,2,Rose McGowan,0.46012634038925171
dense_per_question_n500_d10_20260726_r01,dense,per_question,5a80840f554299485f59863b,3,Kerr Smith,0.36267644166946411
dense_per_question_n500_d10_20260726_r01,dense,per_question,5a80840f554299485f59863b,4,Charmed (season 4),0.34306448698043823
dense_per_question_n500_d10_20260726_r01,dense,per_question,5a80840f554299485f59863b,5,Kay Tagal Kang Hinintay,0.32109826803207397
dense_per_question_n500_d10_20260726_r01,dense,per_question,5a80840f554299485f59863b,6,List of Charmed characters,0.28031754493713379
dense_per_question_n500_d10_20260726_r01,dense,per_question,5a80840f554299485f59863b,7,Sarah Drew,0.25083732604980469
dense_per_question_n500_d10_20260726_r01,dense,per_question,5a80840f554299485f59863b,8,Charmed,0.24650759994983673
dense_per_question_n500_d10_20260726_r01,dense,per_question,5a80840f554299485f59863b,9,Power of Three (Charmed),0.2085268497467041
dense_per_question_n500_d10_20260726_r01,dense,per_question,5a80840f554299485f59863b,10,Safe Harbor (TV series),0.18371754884719849
dense_per_question_n500_d10_20260726_r01,dense,per_question,5a8085705542992bc0c4a74b,1,Garden Island Naval Chapel,0.813088059425354
dense_per_question_n500_d10_20260726_r01,dense,per_question,5a8085705542992bc0c4a74b,2,Royal Australian Navy Heritage Centre,0.41362416744232178
dense_per_question_n500_d10_20260726_r01,dense,per_question,5a8085705542992bc0c4a74b,3,Royal Bahamas Defence Force,0.35856848955154419
dense_per_question_n500_d10_20260726_r01,dense,per_question,5a8085705542992bc0c4a74b,4,Royal Australian Navy,0.31625106930732727
dense_per_question_n500_d10_20260726_r01,dense,per_question,5a8085705542992bc0c4a74b,5,Vietnam People's Navy,0.30980870127677917
dense_per_question_n500_d10_20260726_r01,dense,per_question,5a8085705542992bc0c4a74b,6,Defence Long Service Medal,0.28626060485839844
dense_per_question_n500_d10_20260726_r01,dense,per_question,5a8085705542992bc0c4a74b,7,Defence Force Service Medal,0.2788703441619873
dense_per_question_n500_d10_20260726_r01,dense,per_question,5a8085705542992bc0c4a74b,8,List of ships of the Yugoslav Navy,0.26674702763557434
dense_per_question_n500_d10_20260726_r01,dense,per_question,5a8085705542992bc0c4a74b,9,Mohammad Anwar Mohammad Nor,0.24509108066558838
dense_per_question_n500_d10_20260726_r01,dense,per_question,5a8085705542992bc0c4a74b,10,Australian Transformation and Innovation Centre,0.20036506652832031
dense_per_question_n500_d10_20260726_r01,dense,per_question,5a8099935542996402f6a58b,1,List of awards and nominations received by Lost,0.49044138193130493
dense_per_question_n500_d10_20260726_r01,dense,per_question,5a8099935542996402f6a58b,2,Al Pacino,0.41158950328826904
dense_per_question_n500_d10_20260726_r01,dense,per_question,5a8099935542996402f6a58b,3,Darkroom (TV series),0.35400509834289551
dense_per_question_n500_d10_20260726_r01,dense,per_question,5a8099935542996402f6a58b,4,John Lithgow,0.34100514650344849
dense_per_question_n500_d10_20260726_r01,dense,per_question,5a8099935542996402f6a58b,5,Al Pacino on stage and screen,0.31569492816925049
dense_per_question_n500_d10_20260726_r01,dense,per_question,5a8099935542996402f6a58b,6,Brian Dennehy,0.29251274466514587
dense_per_question_n500_d10_20260726_r01,dense,per_question,5a8099935542996402f6a58b,7,Laura Linney,0.29008206725120544
dense_per_question_n500_d10_20260726_r01,dense,per_question,5a8099935542996402f6a58b,8,Blythe Danner,0.24887490272521973
dense_per_question_n500_d10_20260726_r01,dense,per_question,5a8099935542996402f6a58b,9,Elisabeth Moss,0.22483116388320923
dense_per_question_n500_d10_20260726_r01,dense,per_question,5a8099935542996402f6a58b,10,Betty Suarez,0.20193016529083252
dense_per_question_n500_d10_20260726_r01,dense,per_question,5a80ad7c5542992097ad3018,1,Schizopolis,0.45699504017829895
dense_per_question_n500_d10_20260726_r01,dense,per_question,5a80ad7c5542992097ad3018,2,The Informant!,0.41999724507331848
dense_per_question_n500_d10_20260726_r01,dense,per_question,5a80ad7c5542992097ad3018,3,Out of Sight,0.39266151189804077
dense_per_question_n500_d10_20260726_r01,dense,per_question,5a80ad7c5542992097ad3018,4,Bubble (film),0.39213168621063232
dense_per_question_n500_d10_20260726_r01,dense,per_question,5a80ad7c5542992097ad3018,5,Mark Whitacre,0.39184966683387756
dense_per_question_n500_d10_20260726_r01,dense,per_question,5a80ad7c5542992097ad3018,6,Gray's Anatomy (film),0.33176827430725098
dense_per_question_n500_d10_20260726_r01,dense,per_question,5a80ad7c5542992097ad3018,7,And Everything Is Going Fine,0.29234808683395386
dense_per_question_n500_d10_20260726_r01,dense,per_question,5a80ad7c5542992097ad3018,8,The Knick,0.27851390838623047
dense_per_question_n500_d10_20260726_r01,dense,per_question,5a80ad7c5542992097ad3018,9,Contagion (film),0.2729688286781311
dense_per_question_n500_d10_20260726_r01,dense,per_question,5a80ad7c5542992097ad3018,10,Logan Lucky,0.2574259340763092
dense_per_question_n500_d10_20260726_r01,dense,per_question,5a80aeff5542996402f6a5eb,1,Ivory Lee Brown,0.64428138732910156
dense_per_question_n500_d10_20260726_r01,dense,per_question,5a80aeff5542996402f6a5eb,2,Reds Bagnell,0.45717674493789673
dense_per_question_n500_d10_20260726_r01,dense,per_question,5a80aeff5542996402f6a5eb,3,Casey Weldon,0.43663662672042847
dense_per_question_n500_d10_20260726_r01,dense,per_question,5a80aeff5542996402f6a5eb,4,Heisman curse,0.42966526746749878
dense_per_question_n500_d10_20260726_r01,dense,per_question,5a80aeff5542996402f6a5eb,5,Darnell Autry,0.4156319797039032
dense_per_question_n500_d10_20260726_r01,dense,per_question,5a80aeff5542996402f6a5eb,6,Bobby Humphrey,0.41367799043655396
dense_per_question_n500_d10_20260726_r01,dense,per_question,5a80aeff5542996402f6a5eb,7,Kurt Burris,0.40697082877159119
dense_per_question_n500_d10_20260726_r01,dense,per_question,5a80aeff5542996402f6a5eb,8,Adrian Peterson,0.40150237083435059
dense_per_question_n500_d10_20260726_r01,dense,per_question,5a80aeff5542996402f6a5eb,9,1964 Illinois Fighting Illini football team,0.37239515781402588
dense_per_question_n500_d10_20260726_r01,dense,per_question,5a80aeff5542996402f6a5eb,10,Nick Eddy,0.36070382595062256
dense_per_question_n500_d10_20260726_r01,dense,per_question,5a80b3a9554299485f5986cc,1,Tysons Galleria,0.71136677265167236
dense_per_question_n500_d10_20260726_r01,dense,per_question,5a80b3a9554299485f5986cc,2,"Tysons, Virginia",0.66371786594390869
dense_per_question_n500_d10_20260726_r01,dense,per_question,5a80b3a9554299485f5986cc,3,Tysons Corner Center,0.61735069751739502
dense_per_question_n500_d10_20260726_r01,dense,per_question,5a80b3a9554299485f5986cc,4,Poughkeepsie Galleria,0.50136905908584595
dense_per_question_n500_d10_20260726_r01,dense,per_question,5a80b3a9554299485f5986cc,5,Spring Hill station,0.45963427424430847
dense_per_question_n500_d10_20260726_r01,dense,per_question,5a80b3a9554299485f5986cc,6,McLean station,0.40580260753631592
dense_per_question_n500_d10_20260726_r01,dense,per_question,5a80b3a9554299485f5986cc,7,Cobb Galleria Centre,0.34662416577339172
dense_per_question_n500_d10_20260726_r01,dense,per_question,5a80b3a9554299485f5986cc,8,"McLean, Virginia",0.3303849995136261
dense_per_question_n500_d10_20260726_r01,dense,per_question,5a80b3a9554299485f5986cc,9,"West McLean, Virginia",0.24437317252159119
dense_per_question_n500_d10_20260726_r01,dense,per_question,5a80b3a9554299485f5986cc,10,Scott's Run Nature Preserve,0.19351941347122192
dense_per_question_n500_d10_20260726_r01,dense,per_question,5a811152554299260e20a22e,1,Congleton (UK Parliament constituency),0.73263752460479736
dense_per_question_n500_d10_20260726_r01,dense,per_question,5a811152554299260e20a22e,2,Fiona Bruce (politician),0.57916754484176636
dense_per_question_n500_d10_20260726_r01,dense,per_question,5a811152554299260e20a22e,3,Dean of the House (Canada),0.43899741768836975
dense_per_question_n500_d10_20260726_r01,dense,per_question,5a811152554299260e20a22e,4,Prosper Boulanger,0.42791169881820679
dense_per_question_n500_d10_20260726_r01,dense,per_question,5a811152554299260e20a22e,5,"Canadian federal election, 1926",0.42664754390716553
dense_per_question_n500_d10_20260726_r01,dense,per_question,5a811152554299260e20a22e,6,Jean-Marie Boisvert,0.40496012568473816
dense_per_question_n500_d10_20260726_r01,dense,per_question,5a811152554299260e20a22e,7,"Glasgow North East by-election, 2009",0.35513269901275635
dense_per_question_n500_d10_20260726_r01,dense,per_question,5a811152554299260e20a22e,8,Earl of Lanesborough,0.28169062733650208
dense_per_question_n500_d10_20260726_r01,dense,per_question,5a811152554299260e20a22e,9,Earl Belmore,0.25270605087280273
dense_per_question_n500_d10_20260726_r01,dense,per_question,5a811152554299260e20a22e,10,Baron Dunalley,0.22772537171840668
dense_per_question_n500_d10_20260726_r01,dense,per_question,5a8133725542995ce29dcbdb,1,Robert Erskine Childers,0.6320573091506958
dense_per_question_n500_d10_20260726_r01,dense,per_question,5a8133725542995ce29dcbdb,2,Erskine Barton Childers,0.62709200382232666
dense_per_question_n500_d10_20260726_r01,dense,per_question,5a8133725542995ce29dcbdb,3,Henry Roth,0.56416404247283936
dense_per_question_n500_d10_20260726_r01,dense,per_question,5a8133725542995ce29dcbdb,4,Robert Caesar Childers,0.51952069997787476
dense_per_question_n500_d10_20260726_r01,dense,per_question,5a8133725542995ce29dcbdb,5,Robert Barton,0.48423284292221069
dense_per_question_n500_d10_20260726_r01,dense,per_question,5a8133725542995ce29dcbdb,6,Molly Childers,0.43430793285369873
dense_per_question_n500_d10_20260726_r01,dense,per_question,5a8133725542995ce29dcbdb,7,Gretchen Osgood Warren,0.32031521201133728
dense_per_question_n500_d10_20260726_r01,dense,per_question,5a8133725542995ce29dcbdb,8,R509 road (Ireland),0.31969791650772095
dense_per_question_n500_d10_20260726_r01,dense,per_question,5a8133725542995ce29dcbdb,9,Irish Bulletin,0.25735634565353394
dense_per_question_n500_d10_20260726_r01,dense,per_question,5a8133725542995ce29dcbdb,10,Asgard (yacht),0.22596544027328491
dense_per_question_n500_d10_20260726_r01,dense,per_question,5a818387554299260e20a291,1,My Eyes (Blake Shelton song),0.6687171459197998
dense_per_question_n500_d10_20260726_r01,dense,per_question,5a818387554299260e20a291,2,Country Music Star No. 1,0.48887145519256592
dense_per_question_n500_d10_20260726_r01,dense,per_question,5a818387554299260e20a291,3,Based on a True Story...,0.46707797050476074
dense_per_question_n500_d10_20260726_r01,dense,per_question,5a818387554299260e20a291,4,Old 8×10,0.3765336275100708
dense_per_question_n500_d10_20260726_r01,dense,per_question,5a818387554299260e20a291,5,Randy Travis,0.36785706877708435
dense_per_question_n500_d10_20260726_r01,dense,per_question,5a818387554299260e20a291,6,This Is Me (Randy Travis album),0.34303706884384155
dense_per_question_n500_d10_20260726_r01,dense,per_question,5a818387554299260e20a291,7,Stranger in the House (song),0.31597727537155151
dense_per_question_n500_d10_20260726_r01,dense,per_question,5a818387554299260e20a291,8,Christy Sutherland,0.27954718470573425
dense_per_question_n500_d10_20260726_r01,dense,per_question,5a818387554299260e20a291,9,Keyed Up,0.26496005058288574
dense_per_question_n500_d10_20260726_r01,dense,per_question,5a818387554299260e20a291,10,Gruhn Guitars,0.18725863099098206
dense_per_question_n500_d10_20260726_r01,dense,per_question,5a81ebee554299676cceb16d,1,Janine Gutierrez,0.46829012036323547
dense_per_question_n500_d10_20260726_r01,dense,per_question,5a81ebee554299676cceb16d,2,Eva Riccobono,0.36825782060623169
dense_per_question_n500_d10_20260726_r01,dense,per_question,5a81ebee554299676cceb16d,3,Matilda Lutz,0.36530923843383789
dense_per_question_n500_d10_20260726_r01,dense,per_question,5a81ebee554299676cceb16d,4,Eleonora Pedron,0.34826499223709106
dense_per_question_n500_d10_20260726_r01,dense,per_question,5a81ebee554299676cceb16d,5,Rings (2017 film),0.33239066600799561
dense_per_question_n500_d10_20260726_r01,dense,per_question,5a81ebee554299676cceb16d,6,Alex Belli,0.29322588443756104
dense_per_question_n500_d10_20260726_r01,dense,per_question,5a81ebee554299676cceb16d,7,Margareth Madè,0.29268211126327515
dense_per_question_n500_d10_20260726_r01,dense,per_question,5a81ebee554299676cceb16d,8,Marta Ribera,0.15759101510047913
dense_per_question_n500_d10_20260726_r01,dense,per_question,5a81ebee554299676cceb16d,9,Basaglia Law,0.048258338123559952
dense_per_question_n500_d10_20260726_r01,dense,per_question,5a81ebee554299676cceb16d,10,Astrophel and Stella,0.047950178384780884
dense_per_question_n500_d10_20260726_r01,dense,per_question,5a81ff62554299676cceb1c4,1,Ithu Engal Neethi,0.61539220809936523
dense_per_question_n500_d10_20260726_r01,dense,per_question,5a81ff62554299676cceb1c4,2,Shoba Chandrasekhar,0.57179713249206543
dense_per_question_n500_d10_20260726_r01,dense,per_question,5a81ff62554299676cceb1c4,3,Neethikku Thandanai,0.39208060503005981
dense_per_question_n500_d10_20260726_r01,dense,per_question,5a81ff62554299676cceb1c4,4,Neethiyin Marupakkam,0.35446175932884216
dense_per_question_n500_d10_20260726_r01,dense,per_question,5a81ff62554299676cceb1c4,5,Sattam Oru Vilayaattu,0.33742433786392212
dense_per_question_n500_d10_20260726_r01,dense,per_question,5a81ff62554299676cceb1c4,6,V. V. Creations,0.31430995464324951
dense_per_question_n500_d10_20260726_r01,dense,per_question,5a81ff62554299676cceb1c4,7,Naalaiya Theerpu,0.28326928615570068
dense_per_question_n500_d10_20260726_r01,dense,per_question,5a81ff62554299676cceb1c4,8,Palaivana Solai (1981 film),0.21488872170448303
dense_per_question_n500_d10_20260726_r01,dense,per_question,5a81ff62554299676cceb1c4,9,Pudhu Yugam,0.21355199813842773
dense_per_question_n500_d10_20260726_r01,dense,per_question,5a81ff62554299676cceb1c4,10,Rajanadai,0.14362835884094238
dense_per_question_n500_d10_20260726_r01,dense,per_question,5a825bb455429940e5e1a874,1,Folie à Deux (album),0.74193072319030762
dense_per_question_n500_d10_20260726_r01,dense,per_question,5a825bb455429940e5e1a874,2,Welcome to the New Administration,0.48059502243995667
dense_per_question_n500_d10_20260726_r01,dense,per_question,5a825bb455429940e5e1a874,3,Believers Never Die Tour Part Deux,0.41152060031890869
dense_per_question_n500_d10_20260726_r01,dense,per_question,5a825bb455429940e5e1a874,4,America's Suitehearts,0.40273088216781616
dense_per_question_n500_d10_20260726_r01,dense,per_question,5a825bb455429940e5e1a874,5,I Don't Care (Fall Out Boy song),0.31123483180999756
dense_per_question_n500_d10_20260726_r01,dense,per_question,5a825bb455429940e5e1a874,6,"What a Catch, Donnie",0.30643007159233093
dense_per_question_n500_d10_20260726_r01,dense,per_question,5a825bb455429940e5e1a874,7,Daughtry (album),0.29352027177810669
dense_per_question_n500_d10_20260726_r01,dense,per_question,5a825bb455429940e5e1a874,8,Headfirst Slide into Cooperstown on a Bad Bet,0.27793776988983154
dense_per_question_n500_d10_20260726_r01,dense,per_question,5a825bb455429940e5e1a874,9,Steve Miller Band,0.24681092798709869
dense_per_question_n500_d10_20260726_r01,dense,per_question,5a825bb455429940e5e1a874,10,Fall Out Boy,0.23793616890907288
dense_per_question_n500_d10_20260726_r01,dense,per_question,5a828c8355429966c78a6a50,1,Henry J. Kaiser,0.75881791114807129
dense_per_question_n500_d10_20260726_r01,dense,per_question,5a828c8355429966c78a6a50,2,Kaiser Shipyards,0.74664437770843506
dense_per_question_n500_d10_20260726_r01,dense,per_question,5a828c8355429966c78a6a50,3,Kaiser Ventures,0.66754353046417236
dense_per_question_n500_d10_20260726_r01,dense,per_question,5a828c8355429966c78a6a50,4,Edgar Kaiser Sr.,0.59774786233901978
dense_per_question_n500_d10_20260726_r01,dense,per_question,5a828c8355429966c78a6a50,5,John Roach &amp; Sons,0.52181839942932129
dense_per_question_n500_d10_20260726_r01,dense,per_question,5a828c8355429966c78a6a50,6,Neafie &amp; Levy,0.4610094428062439
dense_per_question_n500_d10_20260726_r01,dense,per_question,5a828c8355429966c78a6a50,7,New York Shipbuilding Corporation,0.43232613801956177
dense_per_question_n500_d10_20260726_r01,dense,per_question,5a828c8355429966c78a6a50,8,Edgar Kaiser Jr.,0.43036556243896484
dense_per_question_n500_d10_20260726_r01,dense,per_question,5a828c8355429966c78a6a50,9,Eagle Mountain Railroad,0.37546196579933167
dense_per_question_n500_d10_20260726_r01,dense,per_question,5a828c8355429966c78a6a50,10,Nutri Ventures – The Quest for the 7 Kingdoms,0.283530592918396
dense_per_question_n500_d10_20260726_r01,dense,per_question,5a8324815542990548d0b184,1,Dead but Rising,0.60215598344802856
dense_per_question_n500_d10_20260726_r01,dense,per_question,5a8324815542990548d0b184,2,Dancin' (on a Saturday Night),0.45880293846130371
dense_per_question_n500_d10_20260726_r01,dense,per_question,5a8324815542990548d0b184,3,The Danish Way to Rock,0.44796392321586609
dense_per_question_n500_d10_20260726_r01,dense,per_question,5a8324815542990548d0b184,4,Home Dead (album),0.43385246396064758
dense_per_question_n500_d10_20260726_r01,dense,per_question,5a8324815542990548d0b184,5,Re-Sepp-Ten,0.4232877790927887
dense_per_question_n500_d10_20260726_r01,dense,per_question,5a8324815542990548d0b184,6,Volbeat,0.35440331697463989
dense_per_question_n500_d10_20260726_r01,dense,per_question,5a8324815542990548d0b184,7,Life of a Ghost,0.34585863351821899
dense_per_question_n500_d10_20260726_r01,dense,per_question,5a8324815542990548d0b184,8,Søndagsbarn,0.31136846542358398
dense_per_question_n500_d10_20260726_r01,dense,per_question,5a8324815542990548d0b184,9,Claess &amp; Willumsen,0.28765904903411865
dense_per_question_n500_d10_20260726_r01,dense,per_question,5a8324815542990548d0b184,10,Better Than Yourself (Criminal Mind Pt 2),0.14810574054718018
dense_per_question_n500_d10_20260726_r01,dense,per_question,5a8325b35542990548d0b18f,1,Kathy Sullivan (Australian politician),0.81609159708023071
dense_per_question_n500_d10_20260726_r01,dense,per_question,5a8325b35542990548d0b18f,2,Carol Martin,0.52660375833511353
dense_per_question_n500_d10_20260726_r01,dense,per_question,5a8325b35542990548d0b18f,3,Roslyn Dundas,0.49188113212585449
dense_per_question_n500_d10_20260726_r01,dense,per_question,5a8325b35542990548d0b18f,4,Philip Ruddock,0.45465433597564697
dense_per_question_n500_d10_20260726_r01,dense,per_question,5a8325b35542990548d0b18f,5,Bronwyn Bishop,0.4442020058631897
dense_per_question_n500_d10_20260726_r01,dense,per_question,5a8325b35542990548d0b18f,6,Bob Debus,0.42498719692230225
dense_per_question_n500_d10_20260726_r01,dense,per_question,5a8325b35542990548d0b18f,7,Michael Atkinson,0.40813121199607849
dense_per_question_n500_d10_20260726_r01,dense,per_question,5a8325b35542990548d0b18f,8,Peter Blacker,0.39076367020606995
dense_per_question_n500_d10_20260726_r01,dense,per_question,5a8325b35542990548d0b18f,9,Mehmet Tillem,0.3794465959072113
dense_per_question_n500_d10_20260726_r01,dense,per_question,5a8325b35542990548d0b18f,10,Richard Torbay,0.37071967124938965
dense_per_question_n500_d10_20260726_r01,dense,per_question,5a834ed95542990548d0b1ca,1,Manhattan Life Insurance Building,0.6997186541557312
dense_per_question_n500_d10_20260726_r01,dense,per_question,5a834ed95542990548d0b1ca,2,New York Life Building,0.66979372501373291
dense_per_question_n500_d10_20260726_r01,dense,per_question,5a834ed95542990548d0b1ca,3,Flatiron Building,0.63845038414001465
dense_per_question_n500_d10_20260726_r01,dense,per_question,5a834ed95542990548d0b1ca,4,712 Fifth Avenue,0.63451170921325684
dense_per_question_n500_d10_20260726_r01,dense,per_question,5a834ed95542990548d0b1ca,5,New York Life Insurance Building (Montreal),0.54372471570968628
dense_per_question_n500_d10_20260726_r01,dense,per_question,5a834ed95542990548d0b1ca,6,Manhattan Life Insurance Company,0.50586330890655518
dense_per_question_n500_d10_20260726_r01,dense,per_question,5a834ed95542990548d0b1ca,7,Supreme Life Building,0.44335675239562988
dense_per_question_n500_d10_20260726_r01,dense,per_question,5a834ed95542990548d0b1ca,8,Francis H. Kimball,0.40716508030891418
dense_per_question_n500_d10_20260726_r01,dense,per_question,5a834ed95542990548d0b1ca,9,Whole life insurance,0.23843947052955627
dense_per_question_n500_d10_20260726_r01,dense,per_question,5a834ed95542990548d0b1ca,10,Physicians Mutual,0.15473827719688416
dense_per_question_n500_d10_20260726_r01,dense,per_question,5a835478554299123d8c20ed,1,Roald Dahl,0.69015610218048096
dense_per_question_n500_d10_20260726_r01,dense,per_question,5a835478554299123d8c20ed,2,The Best of Roald Dahl,0.67851805686950684
dense_per_question_n500_d10_20260726_r01,dense,per_question,5a835478554299123d8c20ed,3,Roald Dahl: Collected Stories,0.65046060085296631
dense_per_question_n500_d10_20260726_r01,dense,per_question,5a835478554299123d8c20ed,4,Roald Dahl short stories bibliography,0.64741992950439453
dense_per_question_n500_d10_20260726_r01,dense,per_question,5a835478554299123d8c20ed,5,The Roald Dahl Treasury,0.64345794916152954
dense_per_question_n500_d10_20260726_r01,dense,per_question,5a835478554299123d8c20ed,6,The Collected Short Stories of Roald Dahl,0.59209203720092773
dense_per_question_n500_d10_20260726_r01,dense,per_question,5a835478554299123d8c20ed,7,Mrs. Bixby and the Colonel's Coat,0.40153059363365173
dense_per_question_n500_d10_20260726_r01,dense,per_question,5a835478554299123d8c20ed,8,Roald Dahl Children's Gallery,0.36699032783508301
dense_per_question_n500_d10_20260726_r01,dense,per_question,5a835478554299123d8c20ed,9,Roald Dahl's Willy Wonka (musical),0.35995572805404663
dense_per_question_n500_d10_20260726_r01,dense,per_question,5a835478554299123d8c20ed,10,Roald Dahl Plass,0.2871319055557251
dense_per_question_n500_d10_20260726_r01,dense,per_question,5a835c9f5542992ef85e228a,1,SS General von Steuben,0.57012319564819336
dense_per_question_n500_d10_20260726_r01,dense,per_question,5a835c9f5542992ef85e228a,2,MV Empire Windrush,0.39124536514282227
dense_per_question_n500_d10_20260726_r01,dense,per_question,5a835c9f5542992ef85e228a,3,HMS Vulture (1776),0.38262283802032471
dense_per_question_n500_d10_20260726_r01,dense,per_question,5a835c9f5542992ef85e228a,4,Friedrich Wilhelm von Steuben,0.37030327320098877
dense_per_question_n500_d10_20260726_r01,dense,per_question,5a835c9f5542992ef85e228a,5,USS Zeilin (APA-3),0.36550787091255188
dense_per_question_n500_d10_20260726_r01,dense,per_question,5a835c9f5542992ef85e228a,6,HMS Swan (1767),0.3619377613067627
dense_per_question_n500_d10_20260726_r01,dense,per_question,5a835c9f5542992ef85e228a,7,USS Proton (AG-147),0.33144450187683105
dense_per_question_n500_d10_20260726_r01,dense,per_question,5a835c9f5542992ef85e228a,8,Robert Plampin,0.3202783465385437
dense_per_question_n500_d10_20260726_r01,dense,per_question,5a835c9f5542992ef85e228a,9,United States Army,0.31889733672142029
dense_per_question_n500_d10_20260726_r01,dense,per_question,5a835c9f5542992ef85e228a,10,Tobago (1793 ship),0.15073621273040771
dense_per_question_n500_d10_20260726_r01,dense,per_question,5a8361b65542992ef85e22a0,1,Vince Phillips,0.67899954319000244
dense_per_question_n500_d10_20260726_r01,dense,per_question,5a8361b65542992ef85e22a0,2,Jeff Malcolm,0.43710407614707947
dense_per_question_n500_d10_20260726_r01,dense,per_question,5a8361b65542992ef85e22a0,3,Fatai Onikeke,0.43296393752098083
dense_per_question_n500_d10_20260726_r01,dense,per_question,5a8361b65542992ef85e22a0,4,Andrew Murray (Guyanese boxer),0.4235154390335083
dense_per_question_n500_d10_20260726_r01,dense,per_question,5a8361b65542992ef85e22a0,5,Bunny Grant,0.41329681873321533
dense_per_question_n500_d10_20260726_r01,dense,per_question,5a8361b65542992ef85e22a0,6,Lawrence Austin,0.41131234169006348
dense_per_question_n500_d10_20260726_r01,dense,per_question,5a8361b65542992ef85e22a0,7,Julian Holland (boxer),0.39562362432479858
dense_per_question_n500_d10_20260726_r01,dense,per_question,5a8361b65542992ef85e22a0,8,Ralph Charles,0.38379797339439392
dense_per_question_n500_d10_20260726_r01,dense,per_question,5a8361b65542992ef85e22a0,9,International Boxing Federation,0.35591045022010803
dense_per_question_n500_d10_20260726_r01,dense,per_question,5a8361b65542992ef85e22a0,10,Zab Judah,0.3229641318321228
dense_per_question_n500_d10_20260726_r01,dense,per_question,5a837d9a554299123d8c213e,1,Alice Upside Down,0.64490997791290283
dense_per_question_n500_d10_20260726_r01,dense,per_question,5a837d9a554299123d8c213e,2,Switched at Birth (season 4),0.62691694498062134
dense_per_question_n500_d10_20260726_r01,dense,per_question,5a837d9a554299123d8c213e,3,Switched at Birth (TV series),0.60938596725463867
dense_per_question_n500_d10_20260726_r01,dense,per_question,5a837d9a554299123d8c213e,4,Switched at Birth (season 3),0.5993884801864624
dense_per_question_n500_d10_20260726_r01,dense,per_question,5a837d9a554299123d8c213e,5,Switched at Birth (season 2),0.59560585021972656
dense_per_question_n500_d10_20260726_r01,dense,per_question,5a837d9a554299123d8c213e,6,List of Switched at Birth episodes,0.58496463298797607
dense_per_question_n500_d10_20260726_r01,dense,per_question,5a837d9a554299123d8c213e,7,Lea Thompson,0.52143049240112305
dense_per_question_n500_d10_20260726_r01,dense,per_question,5a837d9a554299123d8c213e,8,Constance Marie,0.3592337965965271
dense_per_question_n500_d10_20260726_r01,dense,per_question,5a837d9a554299123d8c213e,9,Lucas Grabeel,0.34485775232315063
dense_per_question_n500_d10_20260726_r01,dense,per_question,5a837d9a554299123d8c213e,10,General Hospital cast members,0.26097401976585388
dense_per_question_n500_d10_20260726_r01,dense,per_question,5a83880e554299123d8c214e,1,Suicide (1977 album),0.69879531860351562
dense_per_question_n500_d10_20260726_r01,dense,per_question,5a83880e554299123d8c214e,2,Ghost Rider (Suicide song),0.49074751138687134
dense_per_question_n500_d10_20260726_r01,dense,per_question,5a83880e554299123d8c214e,3,Levolution (album),0.32408297061920166
dense_per_question_n500_d10_20260726_r01,dense,per_question,5a83880e554299123d8c214e,4,In My Country There Is Problem,0.27240467071533203
dense_per_question_n500_d10_20260726_r01,dense,per_question,5a83880e554299123d8c214e,5,A Boy in a Man's World,0.25987416505813599
dense_per_question_n500_d10_20260726_r01,dense,per_question,5a83880e554299123d8c214e,6,A Week of Garfield,0.20247647166252136
dense_per_question_n500_d10_20260726_r01,dense,per_question,5a83880e554299123d8c214e,7,Deceit (Doctor Who novel),0.19717952609062195
dense_per_question_n500_d10_20260726_r01,dense,per_question,5a83880e554299123d8c214e,8,Impossible Dream,0.19585360586643219
dense_per_question_n500_d10_20260726_r01,dense,per_question,5a83880e554299123d8c214e,9,Kiss (Carly Rae Jepsen album),0.17161101102828979
dense_per_question_n500_d10_20260726_r01,dense,per_question,5a83880e554299123d8c214e,10,Nagaram (2010 film),0.11642659455537796
dense_per_question_n500_d10_20260726_r01,dense,per_question,5a83a532554299334474606f,1,Ian Harland,0.68003368377685547
dense_per_question_n500_d10_20260726_r01,dense,per_question,5a83a532554299334474606f,2,"Peterhouse, Cambridge",0.44625705480575562
dense_per_question_n500_d10_20260726_r01,dense,per_question,5a83a532554299334474606f,3,"Wolfson College, Cambridge",0.34123343229293823
dense_per_question_n500_d10_20260726_r01,dense,per_question,5a83a532554299334474606f,4,UC Berkeley College of Natural Resources,0.3117586076259613
dense_per_question_n500_d10_20260726_r01,dense,per_question,5a83a532554299334474606f,5,Trinity Hall Boat Club,0.30698591470718384
dense_per_question_n500_d10_20260726_r01,dense,per_question,5a83a532554299334474606f,6,College of Charleston,0.30313730239868164
dense_per_question_n500_d10_20260726_r01,dense,per_question,5a83a532554299334474606f,7,Scott Christian College,0.2953999936580658
dense_per_question_n500_d10_20260726_r01,dense,per_question,5a83a532554299334474606f,8,Ismail Yusuf College,0.20800164341926575
dense_per_question_n500_d10_20260726_r01,dense,per_question,5a83a532554299334474606f,9,Doehling–Heselton Memorial Trophy,0.12082534283399582
dense_per_question_n500_d10_20260726_r01,dense,per_question,5a83a532554299334474606f,10,Campbell Field (Colorado),0.08897380530834198
dense_per_question_n500_d10_20260726_r01,dense,per_question,5a83aaeb5542996488c2e483,1,Graduation (album),0.64848023653030396
dense_per_question_n500_d10_20260726_r01,dense,per_question,5a83aaeb5542996488c2e483,2,Late Registration,0.64732086658477783
dense_per_question_n500_d10_20260726_r01,dense,per_question,5a83aaeb5542996488c2e483,3,The College Dropout,0.62346071004867554
dense_per_question_n500_d10_20260726_r01,dense,per_question,5a83aaeb5542996488c2e483,4,Hip Hop Since 1978,0.59270000457763672
dense_per_question_n500_d10_20260726_r01,dense,per_question,5a83aaeb5542996488c2e483,5,Watch the Throne,0.53991180658340454
dense_per_question_n500_d10_20260726_r01,dense,per_question,5a83aaeb5542996488c2e483,6,My Beautiful Dark Twisted Fantasy,0.52095043659210205
dense_per_question_n500_d10_20260726_r01,dense,per_question,5a83aaeb5542996488c2e483,7,Power (Kanye West song),0.51679384708404541
dense_per_question_n500_d10_20260726_r01,dense,per_question,5a83aaeb5542996488c2e483,8,Flashing Lights (Kanye West song),0.43700447678565979
dense_per_question_n500_d10_20260726_r01,dense,per_question,5a83aaeb5542996488c2e483,9,PRhyme,0.41831982135772705
dense_per_question_n500_d10_20260726_r01,dense,per_question,5a83aaeb5542996488c2e483,10,The People (Common song),0.38157561421394348
dense_per_question_n500_d10_20260726_r01,dense,per_question,5a8463545542990548d0b2a3,1,Jacques Androuet II du Cerceau,0.64011842012405396
dense_per_question_n500_d10_20260726_r01,dense,per_question,5a8463545542990548d0b2a3,2,Jean Androuet du Cerceau,0.60160166025161743
dense_per_question_n500_d10_20260726_r01,dense,per_question,5a8463545542990548d0b2a3,3,Paul Androuet du Cerceau,0.56205683946609497
dense_per_question_n500_d10_20260726_r01,dense,per_question,5a8463545542990548d0b2a3,4,Androuet du Cerceau,0.55657684803009033
dense_per_question_n500_d10_20260726_r01,dense,per_question,5a8463545542990548d0b2a3,5,Jacques I Androuet du Cerceau,0.51518988609313965
dense_per_question_n500_d10_20260726_r01,dense,per_question,5a8463545542990548d0b2a3,6,Henry III of France,0.46117383241653442
dense_per_question_n500_d10_20260726_r01,dense,per_question,5a8463545542990548d0b2a3,7,Jean Baptiste Androuet du Cerceau,0.43509361147880554
dense_per_question_n500_d10_20260726_r01,dense,per_question,5a8463545542990548d0b2a3,8,Warsaw Confederation,0.41452589631080627
dense_per_question_n500_d10_20260726_r01,dense,per_question,5a8463545542990548d0b2a3,9,Jean Baptiste Assenede,0.37415981292724609
dense_per_question_n500_d10_20260726_r01,dense,per_question,5a8463545542990548d0b2a3,10,Salomon de Brosse,0.33965647220611572
dense_per_question_n500_d10_20260726_r01,dense,per_question,5a84873e5542997175ce1eec,1,2017 US Open (tennis),0.73428577184677124
dense_per_question_n500_d10_20260726_r01,dense,per_question,5a84873e5542997175ce1eec,2,2017 US Open Series,0.69108104705810547
dense_per_question_n500_d10_20260726_r01,dense,per_question,5a84873e5542997175ce1eec,3,Petra Kvitová career statistics,0.68062353134155273
dense_per_question_n500_d10_20260726_r01,dense,per_question,5a84873e5542997175ce1eec,4,2017 Connecticut Open,0.61681449413299561
dense_per_question_n500_d10_20260726_r01,dense,per_question,5a84873e5542997175ce1eec,5,2013 US Open Series,0.60434621572494507
dense_per_question_n500_d10_20260726_r01,dense,per_question,5a84873e5542997175ce1eec,6,2014 US Open Series,0.60136187076568604
dense_per_question_n500_d10_20260726_r01,dense,per_question,5a84873e5542997175ce1eec,7,2017 BB&amp;T Atlanta Open,0.56882631778717041
dense_per_question_n500_d10_20260726_r01,dense,per_question,5a84873e5542997175ce1eec,8,2017 Winston-Salem Open,0.51958012580871582
dense_per_question_n500_d10_20260726_r01,dense,per_question,5a84873e5542997175ce1eec,9,Caroline Wozniacki career statistics,0.47011250257492065
dense_per_question_n500_d10_20260726_r01,dense,per_question,5a84873e5542997175ce1eec,10,Jamie Murray career statistics,0.33989560604095459
dense_per_question_n500_d10_20260726_r01,dense,per_question,5a8488f45542992a431d1a47,1,The Devils (play),0.66709625720977783
dense_per_question_n500_d10_20260726_r01,dense,per_question,5a8488f45542992a431d1a47,2,4 Devils,0.46353238821029663
dense_per_question_n500_d10_20260726_r01,dense,per_question,5a8488f45542992a431d1a47,3,Peter Hall (director),0.37681388854980469
dense_per_question_n500_d10_20260726_r01,dense,per_question,5a8488f45542992a431d1a47,4,Julien Nitzberg,0.32817280292510986
dense_per_question_n500_d10_20260726_r01,dense,per_question,5a8488f45542992a431d1a47,5,David Alden,0.32433122396469116
dense_per_question_n500_d10_20260726_r01,dense,per_question,5a8488f45542992a431d1a47,6,Alexis Soriano,0.31617683172225952
dense_per_question_n500_d10_20260726_r01,dense,per_question,5a8488f45542992a431d1a47,7,Brett C. Leonard,0.27500104904174805
dense_per_question_n500_d10_20260726_r01,dense,per_question,5a8488f45542992a431d1a47,8,Phillip Boykin,0.2577609121799469
dense_per_question_n500_d10_20260726_r01,dense,per_question,5a8488f45542992a431d1a47,9,Lord Byron (opera),0.2538914680480957
dense_per_question_n500_d10_20260726_r01,dense,per_question,5a8488f45542992a431d1a47,10,Bum Phillips (opera),0.22983507812023163
dense_per_question_n500_d10_20260726_r01,dense,per_question,5a84c4135542994c784dda31,1,Yingkou,0.67394250631332397
dense_per_question_n500_d10_20260726_r01,dense,per_question,5a84c4135542994c784dda31,2,Roman Catholic Diocese of Yingkou,0.52904516458511353
dense_per_question_n500_d10_20260726_r01,dense,per_question,5a84c4135542994c784dda31,3,"Tongcheng Subdistrict, Fuding",0.52059614658355713
dense_per_question_n500_d10_20260726_r01,dense,per_question,5a84c4135542994c784dda31,4,Yingkou Lanqi Airport,0.46870929002761841
dense_per_question_n500_d10_20260726_r01,dense,per_question,5a84c4135542994c784dda31,5,Yingkou East Railway Station,0.45754891633987427
dense_per_question_n500_d10_20260726_r01,dense,per_question,5a84c4135542994c784dda31,6,Fuding Railway Station,0.38771283626556396
dense_per_question_n500_d10_20260726_r01,dense,per_question,5a84c4135542994c784dda31,7,Fuding,0.3714020848274231
dense_per_question_n500_d10_20260726_r01,dense,per_question,5a84c4135542994c784dda31,8,Xiapu County,0.37109535932540894
dense_per_question_n500_d10_20260726_r01,dense,per_question,5a84c4135542994c784dda31,9,Taimushan Railway Station,0.32630699872970581
dense_per_question_n500_d10_20260726_r01,dense,per_question,5a84c4135542994c784dda31,10,Bayuquan Railway Station,0.27978634834289551
dense_per_question_n500_d10_20260726_r01,dense,per_question,5a8574945542997b5ce3fffb,1,LaLee's Kin: The Legacy of Cotton,0.66082090139389038
dense_per_question_n500_d10_20260726_r01,dense,per_question,5a8574945542997b5ce3fffb,2,Gimme Shelter (1970 film),0.62277507781982422
dense_per_question_n500_d10_20260726_r01,dense,per_question,5a8574945542997b5ce3fffb,3,Gimme Shelter (album),0.48775506019592285
dense_per_question_n500_d10_20260726_r01,dense,per_question,5a8574945542997b5ce3fffb,4,Baird Bryant,0.47267746925354004
dense_per_question_n500_d10_20260726_r01,dense,per_question,5a8574945542997b5ce3fffb,5,Gimme Shelter (disambiguation),0.44045230746269226
dense_per_question_n500_d10_20260726_r01,dense,per_question,5a8574945542997b5ce3fffb,6,Gimme Shelter,0.39566785097122192
dense_per_question_n500_d10_20260726_r01,dense,per_question,5a8574945542997b5ce3fffb,7,Merry Clayton,0.38893294334411621
dense_per_question_n500_d10_20260726_r01,dense,per_question,5a8574945542997b5ce3fffb,8,Altamont Diary,0.28381991386413574
dense_per_question_n500_d10_20260726_r01,dense,per_question,5a8574945542997b5ce3fffb,9,Stanton Y. Hill,0.25837874412536621
dense_per_question_n500_d10_20260726_r01,dense,per_question,5a8574945542997b5ce3fffb,10,Keith Richards,0.22660055756568909
dense_per_question_n500_d10_20260726_r01,dense,per_question,5a85ab905542994c784ddb35,1,The Voice of Ireland (series 4),0.66579276323318481
dense_per_question_n500_d10_20260726_r01,dense,per_question,5a85ab905542994c784ddb35,2,List of Girls Aloud concert tours,0.54640138149261475
dense_per_question_n500_d10_20260726_r01,dense,per_question,5a85ab905542994c784ddb35,3,The Saturdays,0.44802117347717285
dense_per_question_n500_d10_20260726_r01,dense,per_question,5a85ab905542994c784ddb35,4,Headlines!,0.35069853067398071
dense_per_question_n500_d10_20260726_r01,dense,per_question,5a85ab905542994c784ddb35,5,On Your Radar,0.34202349185943604
dense_per_question_n500_d10_20260726_r01,dense,per_question,5a85ab905542994c784ddb35,6,Vanessa White,0.30891305208206177
dense_per_question_n500_d10_20260726_r01,dense,per_question,5a85ab905542994c784ddb35,7,Higher (The Saturdays song),0.30087772011756897
dense_per_question_n500_d10_20260726_r01,dense,per_question,5a85ab905542994c784ddb35,8,Issues (The Saturdays song),0.29168128967285156
dense_per_question_n500_d10_20260726_r01,dense,per_question,5a85ab905542994c784ddb35,9,Forever Is Over,0.24367162585258484
dense_per_question_n500_d10_20260726_r01,dense,per_question,5a85ab905542994c784ddb35,10,Notorious (The Saturdays song),0.2189791202545166
dense_per_question_n500_d10_20260726_r01,dense,per_question,5a85b2d95542997b5ce40028,1,Eenasul Fateh,0.5239982008934021
dense_per_question_n500_d10_20260726_r01,dense,per_question,5a85b2d95542997b5ce40028,2,Management consulting,0.39753815531730652
dense_per_question_n500_d10_20260726_r01,dense,per_question,5a85b2d95542997b5ce40028,3,ELDee,0.31629353761672974
dense_per_question_n500_d10_20260726_r01,dense,per_question,5a85b2d95542997b5ce40028,4,Amaruk Kayshapanta,0.30614161491394043
dense_per_question_n500_d10_20260726_r01,dense,per_question,5a85b2d95542997b5ce40028,5,Criss Angel,0.23180696368217468
dense_per_question_n500_d10_20260726_r01,dense,per_question,5a85b2d95542997b5ce40028,6,Lil Ru,0.22024255990982056
dense_per_question_n500_d10_20260726_r01,dense,per_question,5a85b2d95542997b5ce40028,7,Method Man,0.2019912451505661
dense_per_question_n500_d10_20260726_r01,dense,per_question,5a85b2d95542997b5ce40028,8,James P. Comer,0.17182409763336182
dense_per_question_n500_d10_20260726_r01,dense,per_question,5a85b2d95542997b5ce40028,9,Indriati Iskak,0.14251083135604858
dense_per_question_n500_d10_20260726_r01,dense,per_question,5a85b2d95542997b5ce40028,10,Mick (DJ),0.11410103738307953
dense_per_question_n500_d10_20260726_r01,dense,per_question,5a85c3a15542992a431d1b97,1,Snowdrop (game engine),0.8132011890411377
dense_per_question_n500_d10_20260726_r01,dense,per_question,5a85c3a15542992a431d1b97,2,Amen: The Awakening,0.41904741525650024
dense_per_question_n500_d10_20260726_r01,dense,per_question,5a85c3a15542992a431d1b97,3,Id Tech 5,0.40337365865707397
dense_per_question_n500_d10_20260726_r01,dense,per_question,5a85c3a15542992a431d1b97,4,ParaEngine,0.40332168340682983
dense_per_question_n500_d10_20260726_r01,dense,per_question,5a85c3a15542992a431d1b97,5,Rockstar Advanced Game Engine,0.39211982488632202
dense_per_question_n500_d10_20260726_r01,dense,per_question,5a85c3a15542992a431d1b97,6,Tom Clancy's The Division,0.364219069480896
dense_per_question_n500_d10_20260726_r01,dense,per_question,5a85c3a15542992a431d1b97,7,Zero (game engine),0.35489600896835327
dense_per_question_n500_d10_20260726_r01,dense,per_question,5a85c3a15542992a431d1b97,8,Project I.G.I.: I'm Going In,0.29388314485549927
dense_per_question_n500_d10_20260726_r01,dense,per_question,5a85c3a15542992a431d1b97,9,Call of Duty 4: Modern Warfare,0.28832164406776428
dense_per_question_n500_d10_20260726_r01,dense,per_question,5a85c3a15542992a431d1b97,10,Charlie Murder,0.26407995820045471
dense_per_question_n500_d10_20260726_r01,dense,per_question,5a85cead5542991dd0999ea9,1,List of Major League Baseball batting champions,0.54558110237121582
dense_per_question_n500_d10_20260726_r01,dense,per_question,5a85cead5542991dd0999ea9,2,Dick Kauffman,0.50783824920654297
dense_per_question_n500_d10_20260726_r01,dense,per_question,5a85cead5542991dd0999ea9,3,Frank Crossin,0.45095729827880859
dense_per_question_n500_d10_20260726_r01,dense,per_question,5a85cead5542991dd0999ea9,4,Ron Herbel,0.43578517436981201
dense_per_question_n500_d10_20260726_r01,dense,per_question,5a85cead5542991dd0999ea9,5,1921 Detroit Tigers season,0.42591512203216553
dense_per_question_n500_d10_20260726_r01,dense,per_question,5a85cead5542991dd0999ea9,6,Frank Thomas (designated hitter),0.38791093230247498
dense_per_question_n500_d10_20260726_r01,dense,per_question,5a85cead5542991dd0999ea9,7,Jack Fox (baseball),0.37030315399169922
dense_per_question_n500_d10_20260726_r01,dense,per_question,5a85cead5542991dd0999ea9,8,Chick Shorten,0.33305186033248901
dense_per_question_n500_d10_20260726_r01,dense,per_question,5a85cead5542991dd0999ea9,9,Germán Barranca,0.32294189929962158
dense_per_question_n500_d10_20260726_r01,dense,per_question,5a85cead5542991dd0999ea9,10,Frank Thomas' Big Hurt,0.29594248533248901
dense_per_question_n500_d10_20260726_r01,dense,per_question,5a85dfcc5542994775f60673,1,List of TVXQ concert tours,0.64071190357208252
dense_per_question_n500_d10_20260726_r01,dense,per_question,5a85dfcc5542994775f60673,2,List of songs recorded by TVXQ,0.58347439765930176
dense_per_question_n500_d10_20260726_r01,dense,per_question,5a85dfcc5542994775f60673,3,Yunho,0.57008117437362671
dense_per_question_n500_d10_20260726_r01,dense,per_question,5a85dfcc5542994775f60673,4,Changmin,0.54269719123840332
dense_per_question_n500_d10_20260726_r01,dense,per_question,5a85dfcc5542994775f60673,5,Catch Me (album),0.50918769836425781
dense_per_question_n500_d10_20260726_r01,dense,per_question,5a85dfcc5542994775f60673,6,Live World Tour: Catch Me in Seoul,0.50242757797241211
dense_per_question_n500_d10_20260726_r01,dense,per_question,5a85dfcc5542994775f60673,7,Something (TVXQ song),0.48374167084693909
dense_per_question_n500_d10_20260726_r01,dense,per_question,5a85dfcc5542994775f60673,8,Catch Me (TVXQ song),0.42029398679733276
dense_per_question_n500_d10_20260726_r01,dense,per_question,5a85dfcc5542994775f60673,9,Spellbound (TVXQ album),0.38443756103515625
dense_per_question_n500_d10_20260726_r01,dense,per_question,5a85dfcc5542994775f60673,10,Heading to the Ground,0.37345105409622192
dense_per_question_n500_d10_20260726_r01,dense,per_question,5a85ea095542994775f606a8,1,Victoria Hanley,0.46887063980102539
dense_per_question_n500_d10_20260726_r01,dense,per_question,5a85ea095542994775f606a8,2,Animorphs,0.44345337152481079
dense_per_question_n500_d10_20260726_r01,dense,per_question,5a85ea095542994775f606a8,3,The Hork-Bajir Chronicles,0.44009226560592651
dense_per_question_n500_d10_20260726_r01,dense,per_question,5a85ea095542994775f606a8,4,The Divide trilogy,0.42267578840255737
dense_per_question_n500_d10_20260726_r01,dense,per_question,5a85ea095542994775f606a8,5,Andre Norton Award,0.39424598217010498
dense_per_question_n500_d10_20260726_r01,dense,per_question,5a85ea095542994775f606a8,6,List of Square Enix companion books,0.3309205174446106
dense_per_question_n500_d10_20260726_r01,dense,per_question,5a85ea095542994775f606a8,7,Left Behind: The Kids,0.3203490674495697
dense_per_question_n500_d10_20260726_r01,dense,per_question,5a85ea095542994775f606a8,8,Etiquette &amp; Espionage,0.3024258017539978
dense_per_question_n500_d10_20260726_r01,dense,per_question,5a85ea095542994775f606a8,9,Science Fantasy (magazine),0.25109332799911499
dense_per_question_n500_d10_20260726_r01,dense,per_question,5a85ea095542994775f606a8,10,Shadowshaper,0.23878815770149231
dense_per_question_n500_d10_20260726_r01,dense,per_question,5a85eed75542996432c5713b,1,Black Seminoles,0.78802645206451416
dense_per_question_n500_d10_20260726_r01,dense,per_question,5a85eed75542996432c5713b,2,Seminole,0.66666138172149658
dense_per_question_n500_d10_20260726_r01,dense,per_question,5a85eed75542996432c5713b,3,Seminole music,0.61498039960861206
dense_per_question_n500_d10_20260726_r01,dense,per_question,5a85eed75542996432c5713b,4,Seminole Nation of Oklahoma,0.52533209323883057
dense_per_question_n500_d10_20260726_r01,dense,per_question,5a85eed75542996432c5713b,5,Mascogos,0.45380198955535889
dense_per_question_n500_d10_20260726_r01,dense,per_question,5a85eed75542996432c5713b,6,Muscogee language,0.42270207405090332
dense_per_question_n500_d10_20260726_r01,dense,per_question,5a85eed75542996432c5713b,7,"Seminole County, Oklahoma",0.40686941146850586
dense_per_question_n500_d10_20260726_r01,dense,per_question,5a85eed75542996432c5713b,8,Draining and development of the Everglades,0.3449990451335907
dense_per_question_n500_d10_20260726_r01,dense,per_question,5a85eed75542996432c5713b,9,Battle of Jupiter Inlet,0.31993454694747925
dense_per_question_n500_d10_20260726_r01,dense,per_question,5a85eed75542996432c5713b,10,Dhoolpet,0.12193651497364044
dense_per_question_n500_d10_20260726_r01,dense,per_question,5a85fb085542994775f606de,1,Legend (film score),0.73594540357589722
dense_per_question_n500_d10_20260726_r01,dense,per_question,5a85fb085542994775f606de,2,Alien (soundtrack),0.56831276416778564
dense_per_question_n500_d10_20260726_r01,dense,per_question,5a85fb085542994775f606de,3,Aliens (soundtrack),0.45346766710281372
dense_per_question_n500_d10_20260726_r01,dense,per_question,5a85fb085542994775f606de,4,Total Recall (1990 film),0.3833906352519989
dense_per_question_n500_d10_20260726_r01,dense,per_question,5a85fb085542994775f606de,5,Innerspace,0.37128081917762756
dense_per_question_n500_d10_20260726_r01,dense,per_question,5a85fb085542994775f606de,6,Mulan (soundtrack),0.28085315227508545
dense_per_question_n500_d10_20260726_r01,dense,per_question,5a85fb085542994775f606de,7,Christus Apollo,0.27081713080406189
dense_per_question_n500_d10_20260726_r01,dense,per_question,5a85fb085542994775f606de,8,L.A. Confidential (soundtrack),0.25506657361984253
dense_per_question_n500_d10_20260726_r01,dense,per_question,5a85fb085542994775f606de,9,Alien (film),0.24483087658882141
dense_per_question_n500_d10_20260726_r01,dense,per_question,5a85fb085542994775f606de,10,Lionheart (1987 film),0.19873911142349243
dense_per_question_n500_d10_20260726_r01,dense,per_question,5a864ff7554299211dda2af2,1,Yoann Lemoine,0.75494098663330078
dense_per_question_n500_d10_20260726_r01,dense,per_question,5a864ff7554299211dda2af2,2,Yayo (Lana Del Rey song),0.51483041048049927
dense_per_question_n500_d10_20260726_r01,dense,per_question,5a864ff7554299211dda2af2,3,Blue Jeans (Lana Del Rey song),0.45738863945007324
dense_per_question_n500_d10_20260726_r01,dense,per_question,5a864ff7554299211dda2af2,4,Lana Del Rey videography,0.44396311044692993
dense_per_question_n500_d10_20260726_r01,dense,per_question,5a864ff7554299211dda2af2,5,Lana Del Rey (EP),0.43805617094039917
dense_per_question_n500_d10_20260726_r01,dense,per_question,5a864ff7554299211dda2af2,6,Video Games (song),0.43739360570907593
dense_per_question_n500_d10_20260726_r01,dense,per_question,5a864ff7554299211dda2af2,7,Lana Del Rey discography,0.43094950914382935
dense_per_question_n500_d10_20260726_r01,dense,per_question,5a864ff7554299211dda2af2,8,Lana Del Ray (album),0.41097038984298706
dense_per_question_n500_d10_20260726_r01,dense,per_question,5a864ff7554299211dda2af2,9,Kill Kill (song),0.39181017875671387
dense_per_question_n500_d10_20260726_r01,dense,per_question,5a864ff7554299211dda2af2,10,Back to December,0.22576819360256195
dense_per_question_n500_d10_20260726_r01,dense,per_question,5a867089554299211dda2b30,1,Shonen Jump (magazine),0.65587782859802246
dense_per_question_n500_d10_20260726_r01,dense,per_question,5a867089554299211dda2b30,2,Weekly Shonen Jump (American magazine),0.61021804809570312
dense_per_question_n500_d10_20260726_r01,dense,per_question,5a867089554299211dda2b30,3,Rolling Stone,0.58678531646728516
dense_per_question_n500_d10_20260726_r01,dense,per_question,5a867089554299211dda2b30,4,Cross Manage,0.36824128031730652
dense_per_question_n500_d10_20260726_r01,dense,per_question,5a867089554299211dda2b30,5,Kyosuke Usuta,0.35227936506271362
dense_per_question_n500_d10_20260726_r01,dense,per_question,5a867089554299211dda2b30,6,Nisekoi,0.32603111863136292
dense_per_question_n500_d10_20260726_r01,dense,per_question,5a867089554299211dda2b30,7,List of Bobobo-bo Bo-bobo chapters,0.29239186644554138
dense_per_question_n500_d10_20260726_r01,dense,per_question,5a867089554299211dda2b30,8,List of Naruto chapters (Part I),0.29163667559623718
dense_per_question_n500_d10_20260726_r01,dense,per_question,5a867089554299211dda2b30,9,Black Clover,0.25682294368743896
dense_per_question_n500_d10_20260726_r01,dense,per_question,5a867089554299211dda2b30,10,Rosario + Vampire,0.17681415379047394
dense_per_question_n500_d10_20260726_r01,dense,per_question,5a86769c5542994775f60776,1,Armageddon in Retrospect,0.71452200412750244
dense_per_question_n500_d10_20260726_r01,dense,per_question,5a86769c5542994775f60776,2,Kurt Vonnegut,0.3475012481212616
dense_per_question_n500_d10_20260726_r01,dense,per_question,5a86769c5542994775f60776,3,Satyricon,0.32694071531295776
dense_per_question_n500_d10_20260726_r01,dense,per_question,5a86769c5542994775f60776,4,Claudia Durst Johnson,0.31207817792892456
dense_per_question_n500_d10_20260726_r01,dense,per_question,5a86769c5542994775f60776,5,Little Big Man (novel),0.28299203515052795
dense_per_question_n500_d10_20260726_r01,dense,per_question,5a86769c5542994775f60776,6,Joanna Russ,0.28272494673728943
dense_per_question_n500_d10_20260726_r01,dense,per_question,5a86769c5542994775f60776,7,Hugh Gallagher (humorist),0.27653348445892334
dense_per_question_n500_d10_20260726_r01,dense,per_question,5a86769c5542994775f60776,8,Jaroslav Hašek,0.25011229515075684
dense_per_question_n500_d10_20260726_r01,dense,per_question,5a86769c5542994775f60776,9,The Magic Christian (novel),0.21240037679672241
dense_per_question_n500_d10_20260726_r01,dense,per_question,5a86769c5542994775f60776,10,José María Gironella,0.20756876468658447
dense_per_question_n500_d10_20260726_r01,dense,per_question,5a86ebac55429960ec39b6d6,1,Handi-Snacks,0.73705875873565674
dense_per_question_n500_d10_20260726_r01,dense,per_question,5a86ebac55429960ec39b6d6,2,Mondelez International,0.5138058066368103
dense_per_question_n500_d10_20260726_r01,dense,per_question,5a86ebac55429960ec39b6d6,3,Snack Foods Limited,0.48669615387916565
dense_per_question_n500_d10_20260726_r01,dense,per_question,5a86ebac55429960ec39b6d6,4,Snackbox Food Holdings,0.47930631041526794
dense_per_question_n500_d10_20260726_r01,dense,per_question,5a86ebac55429960ec39b6d6,5,Robert's American Gourmet Food,0.45050930976867676
dense_per_question_n500_d10_20260726_r01,dense,per_question,5a86ebac55429960ec39b6d6,6,Twisties,0.45035973191261292
dense_per_question_n500_d10_20260726_r01,dense,per_question,5a86ebac55429960ec39b6d6,7,PepsiCo,0.4321114718914032
dense_per_question_n500_d10_20260726_r01,dense,per_question,5a86ebac55429960ec39b6d6,8,Deep-fried peanuts,0.32274225354194641
dense_per_question_n500_d10_20260726_r01,dense,per_question,5a86ebac55429960ec39b6d6,9,Canyon Creek Food Company,0.3103807270526886
dense_per_question_n500_d10_20260726_r01,dense,per_question,5a86ebac55429960ec39b6d6,10,Rewrapped,0.30294117331504822
dense_per_question_n500_d10_20260726_r01,dense,per_question,5a8704f8554299211dda2ba4,1,Kingdom of the Isles,0.53579163551330566
dense_per_question_n500_d10_20260726_r01,dense,per_question,5a8704f8554299211dda2ba4,2,List of rulers of the Kingdom of the Isles,0.53445559740066528
dense_per_question_n500_d10_20260726_r01,dense,per_question,5a8704f8554299211dda2ba4,3,Aonghus Mór,0.50167983770370483
dense_per_question_n500_d10_20260726_r01,dense,per_question,5a8704f8554299211dda2ba4,4,Lord of Islay,0.41286227107048035
dense_per_question_n500_d10_20260726_r01,dense,per_question,5a8704f8554299211dda2ba4,5,Geography of the Philippines,0.31244614720344543
dense_per_question_n500_d10_20260726_r01,dense,per_question,5a8704f8554299211dda2ba4,6,Jaluit Atoll,0.31188324093818665
dense_per_question_n500_d10_20260726_r01,dense,per_question,5a8704f8554299211dda2ba4,7,Protected areas of Himachal Pradesh,0.28447377681732178
dense_per_question_n500_d10_20260726_r01,dense,per_question,5a8704f8554299211dda2ba4,8,List of islands of Tasmania,0.21655996143817902
dense_per_question_n500_d10_20260726_r01,dense,per_question,5a8704f8554299211dda2ba4,9,National parks of Taiwan,0.20137998461723328
dense_per_question_n500_d10_20260726_r01,dense,per_question,5a8704f8554299211dda2ba4,10,Ashanti Region,0.16271403431892395
dense_per_question_n500_d10_20260726_r01,dense,per_question,5a8739a05542994775f607ab,1,New York's 1st State Senate district,0.57160115242004395
dense_per_question_n500_d10_20260726_r01,dense,per_question,5a8739a05542994775f607ab,2,New York's 2nd State Senate district,0.53256362676620483
dense_per_question_n500_d10_20260726_r01,dense,per_question,5a8739a05542994775f607ab,3,New York's 3rd State Senate district,0.53205382823944092
dense_per_question_n500_d10_20260726_r01,dense,per_question,5a8739a05542994775f607ab,4,New York's 4th State Senate district,0.53193765878677368
dense_per_question_n500_d10_20260726_r01,dense,per_question,5a8739a05542994775f607ab,5,Steven Bradford,0.46910354495048523
dense_per_question_n500_d10_20260726_r01,dense,per_question,5a8739a05542994775f607ab,6,Kenneth LaValle,0.45194229483604431
dense_per_question_n500_d10_20260726_r01,dense,per_question,5a8739a05542994775f607ab,7,Andrea Stewart-Cousins,0.39569789171218872
dense_per_question_n500_d10_20260726_r01,dense,per_question,5a8739a05542994775f607ab,8,Nesting (voting districts),0.39184880256652832
dense_per_question_n500_d10_20260726_r01,dense,per_question,5a8739a05542994775f607ab,9,Hawaii Senate,0.37645184993743896
dense_per_question_n500_d10_20260726_r01,dense,per_question,5a8739a05542994775f607ab,10,California State Senate,0.37182885408401489
dense_per_question_n500_d10_20260726_r01,dense,per_question,5a874ce15542996432c57256,1,Leontyne Price,0.57025593519210815
dense_per_question_n500_d10_20260726_r01,dense,per_question,5a874ce15542996432c57256,2,Myrna Sharlow,0.48133912682533264
dense_per_question_n500_d10_20260726_r01,dense,per_question,5a874ce15542996432c57256,3,Camille Zamora,0.44069275259971619
dense_per_question_n500_d10_20260726_r01,dense,per_question,5a874ce15542996432c57256,4,Edwin L. Mechem,0.31226158142089844
dense_per_question_n500_d10_20260726_r01,dense,per_question,5a874ce15542996432c57256,5,Mississippi Institute of Arts and Letters,0.28799313306808472
dense_per_question_n500_d10_20260726_r01,dense,per_question,5a874ce15542996432c57256,6,Nabi Tajima,0.2343442291021347
dense_per_question_n500_d10_20260726_r01,dense,per_question,5a874ce15542996432c57256,7,Fred H. Hale Sr.,0.21156290173530579
dense_per_question_n500_d10_20260726_r01,dense,per_question,5a874ce15542996432c57256,8,Mamzer,0.12538212537765503
dense_per_question_n500_d10_20260726_r01,dense,per_question,5a874ce15542996432c57256,9,Les Irwin,0.10803011059761047
dense_per_question_n500_d10_20260726_r01,dense,per_question,5a874ce15542996432c57256,10,Apprentice Adept,0.078553557395935059
dense_per_question_n500_d10_20260726_r01,dense,per_question,5a877e5d5542993e715abf7d,1,David Weissman,0.60447406768798828
dense_per_question_n500_d10_20260726_r01,dense,per_question,5a877e5d5542993e715abf7d,2,The Family Man,0.51050972938537598
dense_per_question_n500_d10_20260726_r01,dense,per_question,5a877e5d5542993e715abf7d,3,Time to Kill (1989 film),0.40840429067611694
dense_per_question_n500_d10_20260726_r01,dense,per_question,5a877e5d5542993e715abf7d,4,Deadfall (1993 film),0.38972282409667969
dense_per_question_n500_d10_20260726_r01,dense,per_question,5a877e5d5542993e715abf7d,5,Drive Angry,0.35939019918441772
dense_per_question_n500_d10_20260726_r01,dense,per_question,5a877e5d5542993e715abf7d,6,Gone in 60 Seconds (2000 film),0.34413051605224609
dense_per_question_n500_d10_20260726_r01,dense,per_question,5a877e5d5542993e715abf7d,7,Season of the Witch (2011 film),0.28095963597297668
dense_per_question_n500_d10_20260726_r01,dense,per_question,5a877e5d5542993e715abf7d,8,City of Angels (film),0.23930627107620239
dense_per_question_n500_d10_20260726_r01,dense,per_question,5a877e5d5542993e715abf7d,9,It Could Happen to You (1994 film),0.23149807751178741
dense_per_question_n500_d10_20260726_r01,dense,per_question,5a877e5d5542993e715abf7d,10,Ungod,0.17974190413951874
dense_per_question_n500_d10_20260726_r01,dense,per_question,5a8799c55542996e4f308877,1,Jens Risom,0.62745475769042969
dense_per_question_n500_d10_20260726_r01,dense,per_question,5a8799c55542996e4f308877,2,Scandinavian design,0.40954545140266418
dense_per_question_n500_d10_20260726_r01,dense,per_question,5a8799c55542996e4f308877,3,Workflow Resource Planning,0.36736679077148438
dense_per_question_n500_d10_20260726_r01,dense,per_question,5a8799c55542996e4f308877,4,Functionality doctrine,0.35144677758216858
dense_per_question_n500_d10_20260726_r01,dense,per_question,5a8799c55542996e4f308877,5,Extensibility,0.32984280586242676
dense_per_question_n500_d10_20260726_r01,dense,per_question,5a8799c55542996e4f308877,6,Jacqueline Winsor,0.30501735210418701
dense_per_question_n500_d10_20260726_r01,dense,per_question,5a8799c55542996e4f308877,7,Bio-inspired robotics,0.26568415760993958
dense_per_question_n500_d10_20260726_r01,dense,per_question,5a8799c55542996e4f308877,8,Jens Ritter Instruments,0.20407451689243317
dense_per_question_n500_d10_20260726_r01,dense,per_question,5a8799c55542996e4f308877,9,NTFS symbolic link,0.082379765808582306
dense_per_question_n500_d10_20260726_r01,dense,per_question,5a8799c55542996e4f308877,10,HTML attribute,0.069055274128913879
dense_per_question_n500_d10_20260726_r01,dense,per_question,5a879adb5542996e4f30887f,1,DISCLOSE Act,0.62528353929519653
dense_per_question_n500_d10_20260726_r01,dense,per_question,5a879adb5542996e4f30887f,2,Public Law 113-167,0.40060332417488098
dense_per_question_n500_d10_20260726_r01,dense,per_question,5a879adb5542996e4f30887f,3,Campaign finance reform in the United States,0.3836798369884491
dense_per_question_n500_d10_20260726_r01,dense,per_question,5a879adb5542996e4f30887f,4,Modernization of Investigative Techniques Act,0.36916074156761169
dense_per_question_n500_d10_20260726_r01,dense,per_question,5a879adb5542996e4f30887f,5,Attorney misconduct,0.22299860417842865
dense_per_question_n500_d10_20260726_r01,dense,per_question,5a879adb5542996e4f30887f,6,Hannah Gale,0.15994821488857269
dense_per_question_n500_d10_20260726_r01,dense,per_question,5a879adb5542996e4f30887f,7,Abteilungsleiter (NSDAP),0.15304581820964813
dense_per_question_n500_d10_20260726_r01,dense,per_question,5a879adb5542996e4f30887f,8,Chris Van Hollen,0.11953098326921463
dense_per_question_n500_d10_20260726_r01,dense,per_question,5a879adb5542996e4f30887f,9,State Secretary (Norway),0.10947419703006744
dense_per_question_n500_d10_20260726_r01,dense,per_question,5a879adb5542996e4f30887f,10,Vice President of Panama,0.077084116637706757
dense_per_question_n500_d10_20260726_r01,dense,per_question,5a879ba55542993e715abfc3,1,Scott Sidney,0.5790824294090271
dense_per_question_n500_d10_20260726_r01,dense,per_question,5a879ba55542993e715abfc3,2,Alain Resnais,0.4837791919708252
dense_per_question_n500_d10_20260726_r01,dense,per_question,5a879ba55542993e715abfc3,3,Life of Riley (2014 film),0.40513747930526733
dense_per_question_n500_d10_20260726_r01,dense,per_question,5a879ba55542993e715abfc3,4,Muriel (film),0.39081406593322754
dense_per_question_n500_d10_20260726_r01,dense,per_question,5a879ba55542993e715abfc3,5,Hiroshima mon amour,0.30309540033340454
dense_per_question_n500_d10_20260726_r01,dense,per_question,5a879ba55542993e715abfc3,6,Last Year at Marienbad,0.29158484935760498
dense_per_question_n500_d10_20260726_r01,dense,per_question,5a879ba55542993e715abfc3,7,Chris Marker,0.2673003077507019
dense_per_question_n500_d10_20260726_r01,dense,per_question,5a879ba55542993e715abfc3,8,Julián Hernández (filmmaker),0.23982709646224976
dense_per_question_n500_d10_20260726_r01,dense,per_question,5a879ba55542993e715abfc3,9,The War Is Over (film),0.17201521992683411
dense_per_question_n500_d10_20260726_r01,dense,per_question,5a879ba55542993e715abfc3,10,Isle of Flowers,0.048060394823551178
dense_per_question_n500_d10_20260726_r01,dense,per_question,5a87ab905542996e4f3088c1,1,Lewiston Maineiacs,0.58467972278594971
dense_per_question_n500_d10_20260726_r01,dense,per_question,5a87ab905542996e4f3088c1,2,Dwyer Arena,0.50092548131942749
dense_per_question_n500_d10_20260726_r01,dense,per_question,5a87ab905542996e4f3088c1,3,Androscoggin Bank Colisée,0.44815102219581604
dense_per_question_n500_d10_20260726_r01,dense,per_question,5a87ab905542996e4f3088c1,4,Case Gym,0.38810339570045471
dense_per_question_n500_d10_20260726_r01,dense,per_question,5a87ab905542996e4f3088c1,5,2006–07 QMJHL season,0.38240534067153931
dense_per_question_n500_d10_20260726_r01,dense,per_question,5a87ab905542996e4f3088c1,6,Billings Bulls,0.37984016537666321
dense_per_question_n500_d10_20260726_r01,dense,per_question,5a87ab905542996e4f3088c1,7,Robins Center,0.37113499641418457
dense_per_question_n500_d10_20260726_r01,dense,per_question,5a87ab905542996e4f3088c1,8,2011–12 QMJHL season,0.30987247824668884
dense_per_question_n500_d10_20260726_r01,dense,per_question,5a87ab905542996e4f3088c1,9,2007 Memorial Cup,0.26033461093902588
dense_per_question_n500_d10_20260726_r01,dense,per_question,5a87ab905542996e4f3088c1,10,Loan modification in the United States,-0.016333399340510368
dense_per_question_n500_d10_20260726_r01,dense,per_question,5a87ab9b5542996e4f3088c2,1,Tippecanoe order of battle,0.71037745475769043
dense_per_question_n500_d10_20260726_r01,dense,per_question,5a87ab9b5542996e4f3088c2,2,Battle of Tippecanoe,0.69988495111465454
dense_per_question_n500_d10_20260726_r01,dense,per_question,5a87ab9b5542996e4f3088c2,3,Tecumseh's Confederacy,0.59755003452301025
dense_per_question_n500_d10_20260726_r01,dense,per_question,5a87ab9b5542996e4f3088c2,4,Tecumseh,0.54853665828704834
dense_per_question_n500_d10_20260726_r01,dense,per_question,5a87ab9b5542996e4f3088c2,5,Tenskwatawa,0.52737295627593994
dense_per_question_n500_d10_20260726_r01,dense,per_question,5a87ab9b5542996e4f3088c2,6,Prophetstown State Park,0.47789454460144043
dense_per_question_n500_d10_20260726_r01,dense,per_question,5a87ab9b5542996e4f3088c2,7,Battle of Fallen Timbers,0.47038334608078003
dense_per_question_n500_d10_20260726_r01,dense,per_question,5a87ab9b5542996e4f3088c2,8,Ziri ibn Atiyya,0.37677058577537537
dense_per_question_n500_d10_20260726_r01,dense,per_question,5a87ab9b5542996e4f3088c2,9,Kasi (Pashtun tribe),0.32816329598426819
dense_per_question_n500_d10_20260726_r01,dense,per_question,5a87ab9b5542996e4f3088c2,10,"Zafar, Yemen",0.15516430139541626
dense_per_question_n500_d10_20260726_r01,dense,per_question,5a87bada5542994846c1cddc,1,Ravi Sethi,0.52404600381851196
dense_per_question_n500_d10_20260726_r01,dense,per_question,5a87bada5542994846c1cddc,2,David H. Bailey,0.40403944253921509
dense_per_question_n500_d10_20260726_r01,dense,per_question,5a87bada5542994846c1cddc,3,Nuria Oliver,0.39834994077682495
dense_per_question_n500_d10_20260726_r01,dense,per_question,5a87bada5542994846c1cddc,4,Sethi–Ullman algorithm,0.34951415657997131
dense_per_question_n500_d10_20260726_r01,dense,per_question,5a87bada5542994846c1cddc,5,Franz Josef Och,0.32213857769966125
dense_per_question_n500_d10_20260726_r01,dense,per_question,5a87bada5542994846c1cddc,6,Bell Labs,0.3188633918762207
dense_per_question_n500_d10_20260726_r01,dense,per_question,5a87bada5542994846c1cddc,7,Pharma Medica,0.26587212085723877
dense_per_question_n500_d10_20260726_r01,dense,per_question,5a87bada5542994846c1cddc,8,Annie Easley,0.25602224469184875
dense_per_question_n500_d10_20260726_r01,dense,per_question,5a87bada5542994846c1cddc,9,"Compilers: Principles, Techniques, and Tools",0.1834418773651123
dense_per_question_n500_d10_20260726_r01,dense,per_question,5a87bada5542994846c1cddc,10,Albanian University in Berat,0.15204808115959167
dense_per_question_n500_d10_20260726_r01,dense,per_question,5a87c13f5542996e4f30890c,1,Festival Puccini,0.6447223424911499
dense_per_question_n500_d10_20260726_r01,dense,per_question,5a87c13f5542996e4f30890c,2,Gianni Schicchi,0.5698663592338562
dense_per_question_n500_d10_20260726_r01,dense,per_question,5a87c13f5542996e4f30890c,3,Cesira Ferrani,0.56405800580978394
dense_per_question_n500_d10_20260726_r01,dense,per_question,5a87c13f5542996e4f30890c,4,La Bohème (1988 film),0.53292065858840942
dense_per_question_n500_d10_20260726_r01,dense,per_question,5a87c13f5542996e4f30890c,5,Franco Corelli,0.52026271820068359
dense_per_question_n500_d10_20260726_r01,dense,per_question,5a87c13f5542996e4f30890c,6,Jacopo Puccini,0.49171638488769531
dense_per_question_n500_d10_20260726_r01,dense,per_question,5a87c13f5542996e4f30890c,7,O mio babbino caro,0.48181444406509399
dense_per_question_n500_d10_20260726_r01,dense,per_question,5a87c13f5542996e4f30890c,8,La fanciulla del West,0.46800386905670166
dense_per_question_n500_d10_20260726_r01,dense,per_question,5a87c13f5542996e4f30890c,9,Ron Bottcher,0.4421197772026062
dense_per_question_n500_d10_20260726_r01,dense,per_question,5a87c13f5542996e4f30890c,10,Tosca (1956 film),0.43665206432342529
dense_per_question_n500_d10_20260726_r01,dense,per_question,5a87d8215542994775f60800,1,South of 8,0.56522911787033081
dense_per_question_n500_d10_20260726_r01,dense,per_question,5a87d8215542994775f60800,2,Street Kings 2: Motor City,0.54507648944854736
dense_per_question_n500_d10_20260726_r01,dense,per_question,5a87d8215542994775f60800,3,End of Watch,0.5285491943359375
dense_per_question_n500_d10_20260726_r01,dense,per_question,5a87d8215542994775f60800,4,David Ayer,0.52257907390594482
dense_per_question_n500_d10_20260726_r01,dense,per_question,5a87d8215542994775f60800,5,Harsh Times,0.40829592943191528
dense_per_question_n500_d10_20260726_r01,dense,per_question,5a87d8215542994775f60800,6,Bonsallo Avenue,0.29133754968643188
dense_per_question_n500_d10_20260726_r01,dense,per_question,5a87d8215542994775f60800,7,Central Avenue (Los Angeles),0.21073460578918457
dense_per_question_n500_d10_20260726_r01,dense,per_question,5a87d8215542994775f60800,8,Barriox13,0.1974140852689743
dense_per_question_n500_d10_20260726_r01,dense,per_question,5a87d8215542994775f60800,9,DoubleTree by Hilton Hotel Los Angeles Downtown,0.16531036794185638
dense_per_question_n500_d10_20260726_r01,dense,per_question,5a87d8215542994775f60800,10,"West Athens, California",0.13358721137046814
dense_per_question_n500_d10_20260726_r01,dense,per_question,5a88658955429938390d3f47,1,Rostker v. Goldberg,0.60903799533843994
dense_per_question_n500_d10_20260726_r01,dense,per_question,5a88658955429938390d3f47,2,Franklin D. Roosevelt's record on civil rights,0.26035735011100769
dense_per_question_n500_d10_20260726_r01,dense,per_question,5a88658955429938390d3f47,3,"One Rank, One Pension",0.25965523719787598
dense_per_question_n500_d10_20260726_r01,dense,per_question,5a88658955429938390d3f47,4,Armed Forces Covenant,0.24354800581932068
dense_per_question_n500_d10_20260726_r01,dense,per_question,5a88658955429938390d3f47,5,Armed Forces Day (Poland),0.24103257060050964
dense_per_question_n500_d10_20260726_r01,dense,per_question,5a88658955429938390d3f47,6,Conscription in the United States,0.21758747100830078
dense_per_question_n500_d10_20260726_r01,dense,per_question,5a88658955429938390d3f47,7,2010 Kiev Victory Day Parade,0.18884623050689697
dense_per_question_n500_d10_20260726_r01,dense,per_question,5a88658955429938390d3f47,8,September 16 military parade,0.11605557799339294
dense_per_question_n500_d10_20260726_r01,dense,per_question,5a88658955429938390d3f47,9,Chief of the Defence Staff (Canada),0.10874535143375397
dense_per_question_n500_d10_20260726_r01,dense,per_question,5a88658955429938390d3f47,10,Fernando Tapias Stahelin,0.07684335857629776
dense_per_question_n500_d10_20260726_r01,dense,per_question,5a886886554299206df2b258,1,Liu Ailing,0.79422831535339355
dense_per_question_n500_d10_20260726_r01,dense,per_question,5a886886554299206df2b258,2,EAFF E-1 Football Championship (women),0.54249894618988037
dense_per_question_n500_d10_20260726_r01,dense,per_question,5a886886554299206df2b258,3,EAFF E-1 Football Championship,0.51153695583343506
dense_per_question_n500_d10_20260726_r01,dense,per_question,5a886886554299206df2b258,4,FIFA Women's World Cup,0.49062716960906982
dense_per_question_n500_d10_20260726_r01,dense,per_question,5a886886554299206df2b258,5,Women's Nordic Football Championship,0.45642489194869995
dense_per_question_n500_d10_20260726_r01,dense,per_question,5a886886554299206df2b258,6,2016 COTIF Tournament,0.43330514430999756
dense_per_question_n500_d10_20260726_r01,dense,per_question,5a886886554299206df2b258,7,Gambia women's national football team,0.35881870985031128
dense_per_question_n500_d10_20260726_r01,dense,per_question,5a886886554299206df2b258,8,Geri Donnelly,0.35825377702713013
dense_per_question_n500_d10_20260726_r01,dense,per_question,5a886886554299206df2b258,9,Togo women's national football team,0.29431277513504028
dense_per_question_n500_d10_20260726_r01,dense,per_question,5a886886554299206df2b258,10,1929–30 British Home Championship,0.22031226754188538
dense_per_question_n500_d10_20260726_r01,dense,per_question,5a887bc0554299206df2b2b6,1,Argentine PGA Championship,0.80990290641784668
dense_per_question_n500_d10_20260726_r01,dense,per_question,5a887bc0554299206df2b2b6,2,Roberto De Vicenzo,0.62740075588226318
dense_per_question_n500_d10_20260726_r01,dense,per_question,5a887bc0554299206df2b2b6,3,2006 PGA Championship,0.59366768598556519
dense_per_question_n500_d10_20260726_r01,dense,per_question,5a887bc0554299206df2b2b6,4,Middle Atlantic PGA Championship,0.59348011016845703
dense_per_question_n500_d10_20260726_r01,dense,per_question,5a887bc0554299206df2b2b6,5,Northern California PGA Championship,0.58291995525360107
dense_per_question_n500_d10_20260726_r01,dense,per_question,5a887bc0554299206df2b2b6,6,1939 PGA Championship,0.5752255916595459
dense_per_question_n500_d10_20260726_r01,dense,per_question,5a887bc0554299206df2b2b6,7,1940 PGA Championship,0.56881123781204224
dense_per_question_n500_d10_20260726_r01,dense,per_question,5a887bc0554299206df2b2b6,8,2018 PGA Championship,0.51513791084289551
dense_per_question_n500_d10_20260726_r01,dense,per_question,5a887bc0554299206df2b2b6,9,2000 PGA Championship,0.51468789577484131
dense_per_question_n500_d10_20260726_r01,dense,per_question,5a887bc0554299206df2b2b6,10,1977 PGA Championship,0.48762241005897522
dense_per_question_n500_d10_20260726_r01,dense,per_question,5a88a4245542997e5c09a668,1,Roscoe Channing,0.48599538207054138
dense_per_question_n500_d10_20260726_r01,dense,per_question,5a88a4245542997e5c09a668,2,Cornelius Vanderbilt Whitney,0.45034998655319214
dense_per_question_n500_d10_20260726_r01,dense,per_question,5a88a4245542997e5c09a668,3,List of leading Thoroughbred racehorses,0.41169479489326477
dense_per_question_n500_d10_20260726_r01,dense,per_question,5a88a4245542997e5c09a668,4,2009 World Thoroughbred Rankings,0.31603133678436279
dense_per_question_n500_d10_20260726_r01,dense,per_question,5a88a4245542997e5c09a668,5,2012 World Thoroughbred Rankings,0.30748766660690308
dense_per_question_n500_d10_20260726_r01,dense,per_question,5a88a4245542997e5c09a668,6,2011 World Thoroughbred Rankings,0.2905382513999939
dense_per_question_n500_d10_20260726_r01,dense,per_question,5a88a4245542997e5c09a668,7,Palm Meadows Thoroughbred Training Center,0.28420495986938477
dense_per_question_n500_d10_20260726_r01,dense,per_question,5a88a4245542997e5c09a668,8,2008 World Thoroughbred Rankings,0.27373343706130981
dense_per_question_n500_d10_20260726_r01,dense,per_question,5a88a4245542997e5c09a668,9,Night Raid,0.27357998490333557
dense_per_question_n500_d10_20260726_r01,dense,per_question,5a88a4245542997e5c09a668,10,Equix,0.11442103236913681
dense_per_question_n500_d10_20260726_r01,dense,per_question,5a88d745554299206df2b378,1,Pietro Germi,0.52357584238052368
dense_per_question_n500_d10_20260726_r01,dense,per_question,5a88d745554299206df2b378,2,David Yates,0.51587855815887451
dense_per_question_n500_d10_20260726_r01,dense,per_question,5a88d745554299206df2b378,3,Ottavio Alessi,0.30752623081207275
dense_per_question_n500_d10_20260726_r01,dense,per_question,5a88d745554299206df2b378,4,Lipstick (1960 film),0.22997467219829559
dense_per_question_n500_d10_20260726_r01,dense,per_question,5a88d745554299206df2b378,5,Cineriz,0.20612478256225586
dense_per_question_n500_d10_20260726_r01,dense,per_question,5a88d745554299206df2b378,6,Commedia all'italiana,0.19105111062526703
dense_per_question_n500_d10_20260726_r01,dense,per_question,5a88d745554299206df2b378,7,The Testimony (1946 film),0.17788699269294739
dense_per_question_n500_d10_20260726_r01,dense,per_question,5a88d745554299206df2b378,8,Divorce Italian Style,0.16694179177284241
dense_per_question_n500_d10_20260726_r01,dense,per_question,5a88d745554299206df2b378,9,Serafino (film),0.10100192576646805
dense_per_question_n500_d10_20260726_r01,dense,per_question,5a88d745554299206df2b378,10,Black 13,0.084015533328056335
dense_per_question_n500_d10_20260726_r01,dense,per_question,5a88dcf9554299206df2b383,1,Hatton Hill,0.78615766763687134
dense_per_question_n500_d10_20260726_r01,dense,per_question,5a88dcf9554299206df2b383,2,"Hatton Castle, Angus",0.72859358787536621
dense_per_question_n500_d10_20260726_r01,dense,per_question,5a88dcf9554299206df2b383,3,"Hatton Castle, Aberdeenshire",0.63525962829589844
dense_per_question_n500_d10_20260726_r01,dense,per_question,5a88dcf9554299206df2b383,4,"Hatton, Warwickshire",0.58427166938781738
dense_per_question_n500_d10_20260726_r01,dense,per_question,5a88dcf9554299206df2b383,5,Hatton baronets,0.53061437606811523
dense_per_question_n500_d10_20260726_r01,dense,per_question,5a88dcf9554299206df2b383,6,Hutton Castle,0.52076590061187744
dense_per_question_n500_d10_20260726_r01,dense,per_question,5a88dcf9554299206df2b383,7,Auchterhouse Castle,0.43707585334777832
dense_per_question_n500_d10_20260726_r01,dense,per_question,5a88dcf9554299206df2b383,8,Broughty Castle,0.43272989988327026
dense_per_question_n500_d10_20260726_r01,dense,per_question,5a88dcf9554299206df2b383,9,Angus cattle,0.31347590684890747
dense_per_question_n500_d10_20260726_r01,dense,per_question,5a88dcf9554299206df2b383,10,Lung Fu Shan Country Park,0.25437495112419128
dense_per_question_n500_d10_20260726_r01,dense,per_question,5a88e605554299206df2b39c,1,Interstate 81 in Virginia,0.59704530239105225
dense_per_question_n500_d10_20260726_r01,dense,per_question,5a88e605554299206df2b39c,2,Interstate 85 in Virginia,0.53478461503982544
dense_per_question_n500_d10_20260726_r01,dense,per_question,5a88e605554299206df2b39c,3,Interstate 40 in North Carolina,0.47543877363204956
dense_per_question_n500_d10_20260726_r01,dense,per_question,5a88e605554299206df2b39c,4,List of Interstate Highways in Maryland,0.43683439493179321
dense_per_question_n500_d10_20260726_r01,dense,per_question,5a88e605554299206df2b39c,5,List of Interstate Highways in Illinois,0.42434227466583252
dense_per_question_n500_d10_20260726_r01,dense,per_question,5a88e605554299206df2b39c,6,List of Interstate Highways in Texas,0.39717158675193787
dense_per_question_n500_d10_20260726_r01,dense,per_question,5a88e605554299206df2b39c,7,List of Interstate Highways in New York,0.37319213151931763
dense_per_question_n500_d10_20260726_r01,dense,per_question,5a88e605554299206df2b39c,8,"Wytheville, Virginia",0.36670404672622681
dense_per_question_n500_d10_20260726_r01,dense,per_question,5a88e605554299206df2b39c,9,List of auxiliary Interstate Highways,0.33385872840881348
dense_per_question_n500_d10_20260726_r01,dense,per_question,5a88e605554299206df2b39c,10,1962 Utah state route renumbering,0.28792575001716614
dense_per_question_n500_d10_20260726_r01,dense,per_question,5a88f9555542995153361214,1,Jeep Cherokee,0.77324998378753662
dense_per_question_n500_d10_20260726_r01,dense,per_question,5a88f9555542995153361214,2,Jeep Cherokee (SJ),0.73469257354736328
dense_per_question_n500_d10_20260726_r01,dense,per_question,5a88f9555542995153361214,3,Jeep Wagoneer (SJ),0.71452945470809937
dense_per_question_n500_d10_20260726_r01,dense,per_question,5a88f9555542995153361214,4,Jeep Cherokee (KL),0.70061737298965454
dense_per_question_n500_d10_20260726_r01,dense,per_question,5a88f9555542995153361214,5,Jeep Cherokee (XJ),0.69284749031066895
dense_per_question_n500_d10_20260726_r01,dense,per_question,5a88f9555542995153361214,6,Jeep Liberty,0.68306547403335571
dense_per_question_n500_d10_20260726_r01,dense,per_question,5a88f9555542995153361214,7,Jeep Liberty (KK),0.66388368606567383
dense_per_question_n500_d10_20260726_r01,dense,per_question,5a88f9555542995153361214,8,Jeep Liberty (KJ),0.65471279621124268
dense_per_question_n500_d10_20260726_r01,dense,per_question,5a88f9555542995153361214,9,Jeep Grand Cherokee (WK2),0.5929100513458252
dense_per_question_n500_d10_20260726_r01,dense,per_question,5a88f9555542995153361214,10,Richard A. Teague,0.36772632598876953
dense_per_question_n500_d10_20260726_r01,dense,per_question,5a895d305542993b751ca931,1,Lewis Young,0.81319522857666016
dense_per_question_n500_d10_20260726_r01,dense,per_question,5a895d305542993b751ca931,2,Ashley Young,0.7145315408706665
dense_per_question_n500_d10_20260726_r01,dense,per_question,5a895d305542993b751ca931,3,Lewis Young (Australian footballer),0.70345664024353027
dense_per_question_n500_d10_20260726_r01,dense,per_question,5a895d305542993b751ca931,4,Scott Young (American football),0.65779381990432739
dense_per_question_n500_d10_20260726_r01,dense,per_question,5a895d305542993b751ca931,5,George Young (Scottish footballer),0.54164576530456543
dense_per_question_n500_d10_20260726_r01,dense,per_question,5a895d305542993b751ca931,6,Bob Young (American football),0.46973139047622681
dense_per_question_n500_d10_20260726_r01,dense,per_question,5a895d305542993b751ca931,7,William T. Van de Graaff,0.40321442484855652
dense_per_question_n500_d10_20260726_r01,dense,per_question,5a895d305542993b751ca931,8,Rick Clausen,0.40174689888954163
dense_per_question_n500_d10_20260726_r01,dense,per_question,5a895d305542993b751ca931,9,Yasuhito Endō,0.27548903226852417
dense_per_question_n500_d10_20260726_r01,dense,per_question,5a895d305542993b751ca931,10,Vanda &amp; Young,0.22557494044303894
dense_per_question_n500_d10_20260726_r01,dense,per_question,5a89706055429951533612f9,1,Scott Sandelin,0.53544914722442627
dense_per_question_n500_d10_20260726_r01,dense,per_question,5a89706055429951533612f9,2,"Lewiston, Dakota County, Minnesota",0.43876022100448608
dense_per_question_n500_d10_20260726_r01,dense,per_question,5a89706055429951533612f9,3,John Scott (ice hockey),0.43492007255554199
dense_per_question_n500_d10_20260726_r01,dense,per_question,5a89706055429951533612f9,4,Mike Beard (politician),0.42907074093818665
dense_per_question_n500_d10_20260726_r01,dense,per_question,5a89706055429951533612f9,5,Scott County Transit,0.40457528829574585
dense_per_question_n500_d10_20260726_r01,dense,per_question,5a89706055429951533612f9,6,"Mankato, Minnesota",0.30137383937835693
dense_per_question_n500_d10_20260726_r01,dense,per_question,5a89706055429951533612f9,7,"Hibbing, Minnesota",0.3002103865146637
dense_per_question_n500_d10_20260726_r01,dense,per_question,5a89706055429951533612f9,8,Martin Mahoney,0.24907989799976349
dense_per_question_n500_d10_20260726_r01,dense,per_question,5a89706055429951533612f9,9,Scottsburg Courthouse Square Historic District,0.23674587905406952
dense_per_question_n500_d10_20260726_r01,dense,per_question,5a89706055429951533612f9,10,"Audra, Texas",0.23394574224948883
dense_per_question_n500_d10_20260726_r01,dense,per_question,5a8979f4554299669944a52e,1,Bobbi Bacha,0.79211807250976562
dense_per_question_n500_d10_20260726_r01,dense,per_question,5a8979f4554299669944a52e,2,Suburban Madness,0.70658642053604126
dense_per_question_n500_d10_20260726_r01,dense,per_question,5a8979f4554299669944a52e,3,Sela Ward,0.37397098541259766
dense_per_question_n500_d10_20260726_r01,dense,per_question,5a8979f4554299669944a52e,4,Jeff Strabone,0.19110804796218872
dense_per_question_n500_d10_20260726_r01,dense,per_question,5a8979f4554299669944a52e,5,Marion Christopher Barry,0.17458400130271912
dense_per_question_n500_d10_20260726_r01,dense,per_question,5a8979f4554299669944a52e,6,Chris Funk,0.14630711078643799
dense_per_question_n500_d10_20260726_r01,dense,per_question,5a8979f4554299669944a52e,7,Middle name,0.070903144776821136
dense_per_question_n500_d10_20260726_r01,dense,per_question,5a8979f4554299669944a52e,8,Singh,0.060920603573322296
dense_per_question_n500_d10_20260726_r01,dense,per_question,5a8979f4554299669944a52e,9,Latvian name,0.043439827859401703
dense_per_question_n500_d10_20260726_r01,dense,per_question,5a8979f4554299669944a52e,10,Barend,0.029172647744417191
dense_per_question_n500_d10_20260726_r01,dense,per_question,5a89f5815542993b751ca9c5,1,Caroline Carver (actress),0.4340231716632843
dense_per_question_n500_d10_20260726_r01,dense,per_question,5a89f5815542993b751ca9c5,2,The Boys Next Door (1996 film),0.33332803845405579
dense_per_question_n500_d10_20260726_r01,dense,per_question,5a89f5815542993b751ca9c5,3,Donald J. Hall Jr.,0.32088363170623779
dense_per_question_n500_d10_20260726_r01,dense,per_question,5a89f5815542993b751ca9c5,4,La Femme Musketeer,0.31981474161148071
dense_per_question_n500_d10_20260726_r01,dense,per_question,5a89f5815542993b751ca9c5,5,Silver Bells (film),0.3113139271736145
dense_per_question_n500_d10_20260726_r01,dense,per_question,5a89f5815542993b751ca9c5,6,Snow Queen (2002 film),0.30687823891639709
dense_per_question_n500_d10_20260726_r01,dense,per_question,5a89f5815542993b751ca9c5,7,Family Plan,0.26712185144424438
dense_per_question_n500_d10_20260726_r01,dense,per_question,5a89f5815542993b751ca9c5,8,The Magical Legend of the Leprechauns,0.24508681893348694
dense_per_question_n500_d10_20260726_r01,dense,per_question,5a89f5815542993b751ca9c5,9,Snow White: The Fairest of Them All,0.13764144480228424
dense_per_question_n500_d10_20260726_r01,dense,per_question,5a89f5815542993b751ca9c5,10,You Me and Captain Longbridge,0.084976404905319214
dense_per_question_n500_d10_20260726_r01,dense,per_question,5a89fb525542993b751ca9d6,1,Night Ferry (composition),0.73788046836853027
dense_per_question_n500_d10_20260726_r01,dense,per_question,5a89fb525542993b751ca9d6,2,Symphony Center,0.46212908625602722
dense_per_question_n500_d10_20260726_r01,dense,per_question,5a89fb525542993b751ca9d6,3,"Proceed, Moon",0.44553440809249878
dense_per_question_n500_d10_20260726_r01,dense,per_question,5a89fb525542993b751ca9d6,4,Symphony No. 5 (Rouse),0.42747527360916138
dense_per_question_n500_d10_20260726_r01,dense,per_question,5a89fb525542993b751ca9d6,5,Clarinet Concerto (Rouse),0.42368626594543457
dense_per_question_n500_d10_20260726_r01,dense,per_question,5a89fb525542993b751ca9d6,6,Soundings (Carter),0.4056658148765564
dense_per_question_n500_d10_20260726_r01,dense,per_question,5a89fb525542993b751ca9d6,7,The Seamstress (Clyne),0.34030413627624512
dense_per_question_n500_d10_20260726_r01,dense,per_question,5a89fb525542993b751ca9d6,8,Spangled Unicorn,0.3369176983833313
dense_per_question_n500_d10_20260726_r01,dense,per_question,5a89fb525542993b751ca9d6,9,Alternative Energy (composition),0.27270188927650452
dense_per_question_n500_d10_20260726_r01,dense,per_question,5a89fb525542993b751ca9d6,10,Anthology of Fantastic Zoology,0.19310817122459412
dense_per_question_n500_d10_20260726_r01,dense,per_question,5a8a3e745542996c9b8d5e70,1,Tunnels &amp; Trolls,0.77025318145751953
dense_per_question_n500_d10_20260726_r01,dense,per_question,5a8a3e745542996c9b8d5e70,2,Ken St. Andre,0.69798493385314941
dense_per_question_n500_d10_20260726_r01,dense,per_question,5a8a3e745542996c9b8d5e70,3,Arena of Khazan,0.61921095848083496
dense_per_question_n500_d10_20260726_r01,dense,per_question,5a8a3e745542996c9b8d5e70,4,Tunnels &amp; Trolls: Crusaders of Khazan,0.58480721712112427
dense_per_question_n500_d10_20260726_r01,dense,per_question,5a8a3e745542996c9b8d5e70,5,"Mercenaries, Spies and Private Eyes",0.3437463641166687
dense_per_question_n500_d10_20260726_r01,dense,per_question,5a8a3e745542996c9b8d5e70,6,Starfaring,0.33636572957038879
dense_per_question_n500_d10_20260726_r01,dense,per_question,5a8a3e745542996c9b8d5e70,7,Jon St. Andre,0.32239919900894165
dense_per_question_n500_d10_20260726_r01,dense,per_question,5a8a3e745542996c9b8d5e70,8,Crank Caverns,0.28914961218833923
dense_per_question_n500_d10_20260726_r01,dense,per_question,5a8a3e745542996c9b8d5e70,9,St. Andre (Goa Assembly constituency),0.10315889865159988
dense_per_question_n500_d10_20260726_r01,dense,per_question,5a8a3e745542996c9b8d5e70,10,St. Andre's Parish,0.051329411566257477
dense_per_question_n500_d10_20260726_r01,dense,per_question,5a8a43eb5542996c9b8d5e82,1,"Westminster School, Adelaide",0.62196707725524902
dense_per_question_n500_d10_20260726_r01,dense,per_question,5a8a43eb5542996c9b8d5e82,2,PNG solution,0.34988534450531006
dense_per_question_n500_d10_20260726_r01,dense,per_question,5a8a43eb5542996c9b8d5e82,3,"Marion, South Australia",0.30660834908485413
dense_per_question_n500_d10_20260726_r01,dense,per_question,5a8a43eb5542996c9b8d5e82,4,"Sainik School Balachadi, Jamnagar",0.28593626618385315
dense_per_question_n500_d10_20260726_r01,dense,per_question,5a8a43eb5542996c9b8d5e82,5,Grace Church School,0.28494542837142944
dense_per_question_n500_d10_20260726_r01,dense,per_question,5a8a43eb5542996c9b8d5e82,6,Grennaskolan,0.28090870380401611
dense_per_question_n500_d10_20260726_r01,dense,per_question,5a8a43eb5542996c9b8d5e82,7,Princeton High School (Illinois),0.25452762842178345
dense_per_question_n500_d10_20260726_r01,dense,per_question,5a8a43eb5542996c9b8d5e82,8,Vishwajyoti Higher Secondary School,0.2411973625421524
dense_per_question_n500_d10_20260726_r01,dense,per_question,5a8a43eb5542996c9b8d5e82,9,"Cotter High School (Winona, Minnesota)",0.23538887500762939
dense_per_question_n500_d10_20260726_r01,dense,per_question,5a8a43eb5542996c9b8d5e82,10,Concho Indian Boarding School,0.22474288940429688
dense_per_question_n500_d10_20260726_r01,dense,per_question,5a8af28555429951533613b5,1,1956 Night Series Cup,0.72523784637451172
dense_per_question_n500_d10_20260726_r01,dense,per_question,5a8af28555429951533613b5,2,1957 Night Series Cup,0.63401007652282715
dense_per_question_n500_d10_20260726_r01,dense,per_question,5a8af28555429951533613b5,3,1958 Night Series Cup,0.61501228809356689
dense_per_question_n500_d10_20260726_r01,dense,per_question,5a8af28555429951533613b5,4,1961 Night Series Cup,0.55344784259796143
dense_per_question_n500_d10_20260726_r01,dense,per_question,5a8af28555429951533613b5,5,1960 Night Series Cup,0.54697757959365845
dense_per_question_n500_d10_20260726_r01,dense,per_question,5a8af28555429951533613b5,6,1966 Golden Fleece Cup,0.52988481521606445
dense_per_question_n500_d10_20260726_r01,dense,per_question,5a8af28555429951533613b5,7,1971 Heinz Cup,0.50141346454620361
dense_per_question_n500_d10_20260726_r01,dense,per_question,5a8af28555429951533613b5,8,1965 Golden Fleece Cup,0.48703292012214661
dense_per_question_n500_d10_20260726_r01,dense,per_question,5a8af28555429951533613b5,9,1967 Golden Fleece Cup,0.47349655628204346
dense_per_question_n500_d10_20260726_r01,dense,per_question,5a8af28555429951533613b5,10,"Albert Park, Victoria",0.40780854225158691
dense_per_question_n500_d10_20260726_r01,dense,per_question,5a8b20335542996c9b8d5fb3,1,2014–15 Charlotte Hornets season,0.62159538269042969
dense_per_question_n500_d10_20260726_r01,dense,per_question,5a8b20335542996c9b8d5fb3,2,Charlotte Hornets,0.61244648694992065
dense_per_question_n500_d10_20260726_r01,dense,per_question,5a8b20335542996c9b8d5fb3,3,Ayana Walker,0.60873186588287354
dense_per_question_n500_d10_20260726_r01,dense,per_question,5a8b20335542996c9b8d5fb3,4,Muggsy Bogues,0.59925436973571777
dense_per_question_n500_d10_20260726_r01,dense,per_question,5a8b20335542996c9b8d5fb3,5,2003 WNBA season,0.59451621770858765
dense_per_question_n500_d10_20260726_r01,dense,per_question,5a8b20335542996c9b8d5fb3,6,List of Charlotte Hornets seasons,0.57668042182922363
dense_per_question_n500_d10_20260726_r01,dense,per_question,5a8b20335542996c9b8d5fb3,7,Charlotte Hornets all-time roster,0.57300460338592529
dense_per_question_n500_d10_20260726_r01,dense,per_question,5a8b20335542996c9b8d5fb3,8,Charlotte Hornets draft history,0.56469964981079102
dense_per_question_n500_d10_20260726_r01,dense,per_question,5a8b20335542996c9b8d5fb3,9,1992–93 Charlotte Hornets season,0.56372654438018799
dense_per_question_n500_d10_20260726_r01,dense,per_question,5a8b20335542996c9b8d5fb3,10,List of Texas Tech Lady Raiders in the WNBA Draft,0.47980257868766785
dense_per_question_n500_d10_20260726_r01,dense,per_question,5a8b3af455429971feec467b,1,Blinding Edge Pictures,0.55780422687530518
dense_per_question_n500_d10_20260726_r01,dense,per_question,5a8b3af455429971feec467b,2,Unbreakable (film),0.45598411560058594
dense_per_question_n500_d10_20260726_r01,dense,per_question,5a8b3af455429971feec467b,3,Lay the Favorite,0.43030619621276855
dense_per_question_n500_d10_20260726_r01,dense,per_question,5a8b3af455429971feec467b,4,The Whole Nine Yards (film),0.41113930940628052
dense_per_question_n500_d10_20260726_r01,dense,per_question,5a8b3af455429971feec467b,5,Striking Distance,0.38779553771018982
dense_per_question_n500_d10_20260726_r01,dense,per_question,5a8b3af455429971feec467b,6,Mercury Rising,0.38073170185089111
dense_per_question_n500_d10_20260726_r01,dense,per_question,5a8b3af455429971feec467b,7,Cop Out (2010 film),0.37689608335494995
dense_per_question_n500_d10_20260726_r01,dense,per_question,5a8b3af455429971feec467b,8,In Country,0.35516965389251709
dense_per_question_n500_d10_20260726_r01,dense,per_question,5a8b3af455429971feec467b,9,Last Man Standing (1996 film),0.32339575886726379
dense_per_question_n500_d10_20260726_r01,dense,per_question,5a8b3af455429971feec467b,10,Signs (film),0.20685714483261108
dense_per_question_n500_d10_20260726_r01,dense,per_question,5a8b452655429971feec468e,1,2000–01 Minnesota Timberwolves season,0.63575708866119385
dense_per_question_n500_d10_20260726_r01,dense,per_question,5a8b452655429971feec468e,2,Kevin Garnett,0.47861656546592712
dense_per_question_n500_d10_20260726_r01,dense,per_question,5a8b452655429971feec468e,3,Curt Smith (basketball),0.45881476998329163
dense_per_question_n500_d10_20260726_r01,dense,per_question,5a8b452655429971feec468e,4,Ricky Rubio,0.44554004073143005
dense_per_question_n500_d10_20260726_r01,dense,per_question,5a8b452655429971feec468e,5,Von McDade,0.42522585391998291
dense_per_question_n500_d10_20260726_r01,dense,per_question,5a8b452655429971feec468e,6,Jerry Lucas,0.40986388921737671
dense_per_question_n500_d10_20260726_r01,dense,per_question,5a8b452655429971feec468e,7,Richie Garner,0.39948630332946777
dense_per_question_n500_d10_20260726_r01,dense,per_question,5a8b452655429971feec468e,8,Mike Edwards (basketball),0.38544830679893494
dense_per_question_n500_d10_20260726_r01,dense,per_question,5a8b452655429971feec468e,9,Delray Brooks,0.3800625205039978
dense_per_question_n500_d10_20260726_r01,dense,per_question,5a8b452655429971feec468e,10,Eduardo Portela,0.36833763122558594
dense_per_question_n500_d10_20260726_r01,dense,per_question,5a8b57f25542995d1e6f1371,1,Ed Wood (film),0.49413385987281799
dense_per_question_n500_d10_20260726_r01,dense,per_question,5a8b57f25542995d1e6f1371,2,Ed Wood,0.48634153604507446
dense_per_question_n500_d10_20260726_r01,dense,per_question,5a8b57f25542995d1e6f1371,3,Adam Collis,0.32386124134063721
dense_per_question_n500_d10_20260726_r01,dense,per_question,5a8b57f25542995d1e6f1371,4,"Woodson, Arkansas",0.31407558917999268
dense_per_question_n500_d10_20260726_r01,dense,per_question,5a8b57f25542995d1e6f1371,5,Conrad Brooks,0.29546713829040527
dense_per_question_n500_d10_20260726_r01,dense,per_question,5a8b57f25542995d1e6f1371,6,Scott Derrickson,0.23942312598228455
dense_per_question_n500_d10_20260726_r01,dense,per_question,5a8b57f25542995d1e6f1371,7,Sinister (film),0.12557105720043182
dense_per_question_n500_d10_20260726_r01,dense,per_question,5a8b57f25542995d1e6f1371,8,Tyler Bates,0.12537528574466705
dense_per_question_n500_d10_20260726_r01,dense,per_question,5a8b57f25542995d1e6f1371,9,Deliver Us from Evil (2014 film),0.095168411731719971
dense_per_question_n500_d10_20260726_r01,dense,per_question,5a8b57f25542995d1e6f1371,10,Doctor Strange (2016 film),0.059189684689044952
dense_per_question_n500_d10_20260726_r01,dense,per_question,5a8b63fa55429950cd6afcd7,1,Darling's Waterfront Pavilion,0.70806783437728882
dense_per_question_n500_d10_20260726_r01,dense,per_question,5a8b63fa55429950cd6afcd7,2,Oleson Park Music Pavilion,0.39491188526153564
dense_per_question_n500_d10_20260726_r01,dense,per_question,5a8b63fa55429950cd6afcd7,3,Corus Quay,0.34380784630775452
dense_per_question_n500_d10_20260726_r01,dense,per_question,5a8b63fa55429950cd6afcd7,4,Concord Pavilion,0.3046690821647644
dense_per_question_n500_d10_20260726_r01,dense,per_question,5a8b63fa55429950cd6afcd7,5,"Paulus Hook, Jersey City",0.24196946620941162
dense_per_question_n500_d10_20260726_r01,dense,per_question,5a8b63fa55429950cd6afcd7,6,Grandview Park Music Pavilion,0.22801059484481812
dense_per_question_n500_d10_20260726_r01,dense,per_question,5a8b63fa55429950cd6afcd7,7,Kertha Gosa Pavilion,0.22273474931716919
dense_per_question_n500_d10_20260726_r01,dense,per_question,5a8b63fa55429950cd6afcd7,8,Sala (architecture),0.20720712840557098
dense_per_question_n500_d10_20260726_r01,dense,per_question,5a8b63fa55429950cd6afcd7,9,Silver Line Way (MBTA station),0.20103029906749725
dense_per_question_n500_d10_20260726_r01,dense,per_question,5a8b63fa55429950cd6afcd7,10,"Bangor, Maine",0.023713614791631699
dense_per_question_n500_d10_20260726_r01,dense,per_question,5a8b770f5542995d1e6f13a7,1,B Boy Baby,0.5718008279800415
dense_per_question_n500_d10_20260726_r01,dense,per_question,5a8b770f5542995d1e6f13a7,2,B Boy (song),0.55709409713745117
dense_per_question_n500_d10_20260726_r01,dense,per_question,5a8b770f5542995d1e6f13a7,3,Raz-B,0.54100465774536133
dense_per_question_n500_d10_20260726_r01,dense,per_question,5a8b770f5542995d1e6f13a7,4,B2K,0.45368498563766479
dense_per_question_n500_d10_20260726_r01,dense,per_question,5a8b770f5542995d1e6f13a7,5,Omarion,0.44895869493484497
dense_per_question_n500_d10_20260726_r01,dense,per_question,5a8b770f5542995d1e6f13a7,6,Imajin,0.38714379072189331
dense_per_question_n500_d10_20260726_r01,dense,per_question,5a8b770f5542995d1e6f13a7,7,The Journey (Immature album),0.37119936943054199
dense_per_question_n500_d10_20260726_r01,dense,per_question,5a8b770f5542995d1e6f13a7,8,Dr. Freeze,0.33957338333129883
dense_per_question_n500_d10_20260726_r01,dense,per_question,5a8b770f5542995d1e6f13a7,9,Under the Blue Moon,0.33788833022117615
dense_per_question_n500_d10_20260726_r01,dense,per_question,5a8b770f5542995d1e6f13a7,10,Meek Mill,0.21612396836280823
dense_per_question_n500_d10_20260726_r01,dense,per_question,5a8b78775542997f31a41d3d,1,Chimaji Appa,0.65058159828186035
dense_per_question_n500_d10_20260726_r01,dense,per_question,5a8b78775542997f31a41d3d,2,Baji Rao I,0.62838566303253174
dense_per_question_n500_d10_20260726_r01,dense,per_question,5a8b78775542997f31a41d3d,3,Shahu I,0.61510151624679565
dense_per_question_n500_d10_20260726_r01,dense,per_question,5a8b78775542997f31a41d3d,4,Maratha emperors,0.55465155839920044
dense_per_question_n500_d10_20260726_r01,dense,per_question,5a8b78775542997f31a41d3d,5,Balaji Kunjar,0.53983253240585327
dense_per_question_n500_d10_20260726_r01,dense,per_question,5a8b78775542997f31a41d3d,6,Maratha Navy,0.53147029876708984
dense_per_question_n500_d10_20260726_r01,dense,per_question,5a8b78775542997f31a41d3d,7,Rajaram II of Satara,0.51071751117706299
dense_per_question_n500_d10_20260726_r01,dense,per_question,5a8b78775542997f31a41d3d,8,Balaji Vishwanath,0.50580346584320068
dense_per_question_n500_d10_20260726_r01,dense,per_question,5a8b78775542997f31a41d3d,9,Maynak Bhandari,0.48327264189720154
dense_per_question_n500_d10_20260726_r01,dense,per_question,5a8b78775542997f31a41d3d,10,"New Palace, Kolhapur",0.41534841060638428
dense_per_question_n500_d10_20260726_r01,dense,per_question,5a8b8b3155429949d91db5d7,1,Owner earnings,0.69171953201293945
dense_per_question_n500_d10_20260726_r01,dense,per_question,5a8b8b3155429949d91db5d7,2,Warren Buffett,0.67414510250091553
dense_per_question_n500_d10_20260726_r01,dense,per_question,5a8b8b3155429949d91db5d7,3,The Warren Buffett Way,0.58119070529937744
dense_per_question_n500_d10_20260726_r01,dense,per_question,5a8b8b3155429949d91db5d7,4,Susan Buffett,0.55522596836090088
dense_per_question_n500_d10_20260726_r01,dense,per_question,5a8b8b3155429949d91db5d7,5,Buffett Foundation,0.52048963308334351
dense_per_question_n500_d10_20260726_r01,dense,per_question,5a8b8b3155429949d91db5d7,6,Howard Warren Buffett,0.4995359480381012
dense_per_question_n500_d10_20260726_r01,dense,per_question,5a8b8b3155429949d91db5d7,7,Howard Graham Buffett,0.49903970956802368
dense_per_question_n500_d10_20260726_r01,dense,per_question,5a8b8b3155429949d91db5d7,8,Susan Alice Buffett,0.45948159694671631
dense_per_question_n500_d10_20260726_r01,dense,per_question,5a8b8b3155429949d91db5d7,9,George D. Buffett,0.42508226633071899
dense_per_question_n500_d10_20260726_r01,dense,per_question,5a8b8b3155429949d91db5d7,10,TaeguTec,0.27307403087615967
dense_per_question_n500_d10_20260726_r01,dense,per_question,5a8b987f5542997f31a41d7a,1,&quot;Q&quot; Is for Quarry,0.73006200790405273
dense_per_question_n500_d10_20260726_r01,dense,per_question,5a8b987f5542997f31a41d7a,2,Sue Grafton,0.51159965991973877
dense_per_question_n500_d10_20260726_r01,dense,per_question,5a8b987f5542997f31a41d7a,3,Andy Straka,0.44560417532920837
dense_per_question_n500_d10_20260726_r01,dense,per_question,5a8b987f5542997f31a41d7a,4,He Who Whispers,0.35409358143806458
dense_per_question_n500_d10_20260726_r01,dense,per_question,5a8b987f5542997f31a41d7a,5,Lake District Mysteries,0.33799654245376587
dense_per_question_n500_d10_20260726_r01,dense,per_question,5a8b987f5542997f31a41d7a,6,The Crooked Hinge,0.32788389921188354
dense_per_question_n500_d10_20260726_r01,dense,per_question,5a8b987f5542997f31a41d7a,7,June Thomson,0.30682128667831421
dense_per_question_n500_d10_20260726_r01,dense,per_question,5a8b987f5542997f31a41d7a,8,Rupaye Dus Karod,0.28301945328712463
dense_per_question_n500_d10_20260726_r01,dense,per_question,5a8b987f5542997f31a41d7a,9,Rubislaw quarry,0.26165318489074707
dense_per_question_n500_d10_20260726_r01,dense,per_question,5a8b987f5542997f31a41d7a,10,C. Hugh Holman,0.22783467173576355
dense_per_question_n500_d10_20260726_r01,dense,per_question,5a8bb29b554299240d9c2089,1,Johnny Angel,0.70246696472167969
dense_per_question_n500_d10_20260726_r01,dense,per_question,5a8bb29b554299240d9c2089,2,Johnny Angel (song),0.46692800521850586
dense_per_question_n500_d10_20260726_r01,dense,per_question,5a8bb29b554299240d9c2089,3,Shelley Fabares,0.46367475390434265
dense_per_question_n500_d10_20260726_r01,dense,per_question,5a8bb29b554299240d9c2089,4,George Raft,0.41550597548484802
dense_per_question_n500_d10_20260726_r01,dense,per_question,5a8bb29b554299240d9c2089,5,Johnny Angel Wendell,0.35433891415596008
dense_per_question_n500_d10_20260726_r01,dense,per_question,5a8bb29b554299240d9c2089,6,Johnny Lee Clary,0.34402349591255188
dense_per_question_n500_d10_20260726_r01,dense,per_question,5a8bb29b554299240d9c2089,7,Claudia Drake,0.26647394895553589
dense_per_question_n500_d10_20260726_r01,dense,per_question,5a8bb29b554299240d9c2089,8,William D. Russell (director),0.22051283717155457
dense_per_question_n500_d10_20260726_r01,dense,per_question,5a8bb29b554299240d9c2089,9,Cool from the Wire,0.19732749462127686
dense_per_question_n500_d10_20260726_r01,dense,per_question,5a8bb29b554299240d9c2089,10,Gösta Prüzelius,0.15546157956123352
dense_per_question_n500_d10_20260726_r01,dense,per_question,5a8c4c625542995e66a475a1,1,514th Flight Test Squadron,0.78792619705200195
dense_per_question_n500_d10_20260726_r01,dense,per_question,5a8c4c625542995e66a475a1,2,413th Flight Test Squadron,0.72811859846115112
dense_per_question_n500_d10_20260726_r01,dense,per_question,5a8c4c625542995e66a475a1,3,419th Flight Test Squadron,0.71089327335357666
dense_per_question_n500_d10_20260726_r01,dense,per_question,5a8c4c625542995e66a475a1,4,415th Flight Test Flight,0.70931708812713623
dense_per_question_n500_d10_20260726_r01,dense,per_question,5a8c4c625542995e66a475a1,5,370th Flight Test Squadron,0.69670480489730835
dense_per_question_n500_d10_20260726_r01,dense,per_question,5a8c4c625542995e66a475a1,6,417th Flight Test Squadron,0.67530143260955811
dense_per_question_n500_d10_20260726_r01,dense,per_question,5a8c4c625542995e66a475a1,7,10th Flight Test Squadron,0.66174018383026123
dense_per_question_n500_d10_20260726_r01,dense,per_question,5a8c4c625542995e66a475a1,8,339th Flight Test Squadron,0.65723156929016113
dense_per_question_n500_d10_20260726_r01,dense,per_question,5a8c4c625542995e66a475a1,9,486th Flight Test Squadron,0.63037467002868652
dense_per_question_n500_d10_20260726_r01,dense,per_question,5a8c4c625542995e66a475a1,10,Hill Air Force Base,0.43754452466964722
dense_per_question_n500_d10_20260726_r01,dense,per_question,5a8c5569554299240d9c2126,1,Hall &amp; Oates,0.69510531425476074
dense_per_question_n500_d10_20260726_r01,dense,per_question,5a8c5569554299240d9c2126,2,Gerry Marsden,0.68365263938903809
dense_per_question_n500_d10_20260726_r01,dense,per_question,5a8c5569554299240d9c2126,3,Daryl Hall,0.638435959815979
dense_per_question_n500_d10_20260726_r01,dense,per_question,5a8c5569554299240d9c2126,4,Jonathan Wolfson,0.61790060997009277
dense_per_question_n500_d10_20260726_r01,dense,per_question,5a8c5569554299240d9c2126,5,Live from Daryl's House,0.45635238289833069
dense_per_question_n500_d10_20260726_r01,dense,per_question,5a8c5569554299240d9c2126,6,Did It in a Minute,0.41590002179145813
dense_per_question_n500_d10_20260726_r01,dense,per_question,5a8c5569554299240d9c2126,7,Janna Allen,0.39839932322502136
dense_per_question_n500_d10_20260726_r01,dense,per_question,5a8c5569554299240d9c2126,8,One on One (song),0.37362980842590332
dense_per_question_n500_d10_20260726_r01,dense,per_question,5a8c5569554299240d9c2126,9,Ferry Cross the Mersey,0.36831575632095337
dense_per_question_n500_d10_20260726_r01,dense,per_question,5a8c5569554299240d9c2126,10,Don't Let the Sun Catch You Crying,0.27470511198043823
dense_per_question_n500_d10_20260726_r01,dense,per_question,5a8c65a1554299585d9e3680,1,Shiners' War,0.76495325565338135
dense_per_question_n500_d10_20260726_r01,dense,per_question,5a8c65a1554299585d9e3680,2,History of Irish Americans in Boston,0.51761996746063232
dense_per_question_n500_d10_20260726_r01,dense,per_question,5a8c65a1554299585d9e3680,3,French Canadians,0.48841452598571777
dense_per_question_n500_d10_20260726_r01,dense,per_question,5a8c65a1554299585d9e3680,4,History of the Irish Americans in Philadelphia,0.46741005778312683
dense_per_question_n500_d10_20260726_r01,dense,per_question,5a8c65a1554299585d9e3680,5,Ancient Order of Hibernians,0.38617250323295593
dense_per_question_n500_d10_20260726_r01,dense,per_question,5a8c65a1554299585d9e3680,6,Czechs in Ukraine,0.33785822987556458
dense_per_question_n500_d10_20260726_r01,dense,per_question,5a8c65a1554299585d9e3680,7,Black Bermudian,0.3254072368144989
dense_per_question_n500_d10_20260726_r01,dense,per_question,5a8c65a1554299585d9e3680,8,Pingpu peoples,0.29896789789199829
dense_per_question_n500_d10_20260726_r01,dense,per_question,5a8c65a1554299585d9e3680,9,Oku people (Sierra Leone),0.26190474629402161
dense_per_question_n500_d10_20260726_r01,dense,per_question,5a8c65a1554299585d9e3680,10,Americo-Liberians,0.24075743556022644
dense_per_question_n500_d10_20260726_r01,dense,per_question,5a8c66db554299585d9e3683,1,Mom (film),0.66023647785186768
dense_per_question_n500_d10_20260726_r01,dense,per_question,5a8c66db554299585d9e3683,2,Shashaa Tirupati,0.60115015506744385
dense_per_question_n500_d10_20260726_r01,dense,per_question,5a8c66db554299585d9e3683,3,Trading Mom,0.5127711296081543
dense_per_question_n500_d10_20260726_r01,dense,per_question,5a8c66db554299585d9e3683,4,Valentina (2008 film),0.47461119294166565
dense_per_question_n500_d10_20260726_r01,dense,per_question,5a8c66db554299585d9e3683,5,Eleventh Mom,0.46671956777572632
dense_per_question_n500_d10_20260726_r01,dense,per_question,5a8c66db554299585d9e3683,6,Chinatown Nights (1929 film),0.39261758327484131
dense_per_question_n500_d10_20260726_r01,dense,per_question,5a8c66db554299585d9e3683,7,Gidget Goes to Rome,0.27717733383178711
dense_per_question_n500_d10_20260726_r01,dense,per_question,5a8c66db554299585d9e3683,8,Phir Bhi Tumko Chaahunga,0.22517308592796326
dense_per_question_n500_d10_20260726_r01,dense,per_question,5a8c66db554299585d9e3683,9,Christian Bale filmography,0.22144059836864471
dense_per_question_n500_d10_20260726_r01,dense,per_question,5a8c66db554299585d9e3683,10,Garfield Gets Real,0.21035091578960419
dense_per_question_n500_d10_20260726_r01,dense,per_question,5a8c7595554299585d9e36b6,1,Kiss and Tell (1945 film),0.70053112506866455
dense_per_question_n500_d10_20260726_r01,dense,per_question,5a8c7595554299585d9e36b6,2,A Kiss for Corliss,0.57782900333404541
dense_per_question_n500_d10_20260726_r01,dense,per_question,5a8c7595554299585d9e36b6,3,Meet Corliss Archer (TV series),0.55052947998046875
dense_per_question_n500_d10_20260726_r01,dense,per_question,5a8c7595554299585d9e36b6,4,Janet Waldo,0.40248078107833862
dense_per_question_n500_d10_20260726_r01,dense,per_question,5a8c7595554299585d9e36b6,5,Shirley Temple,0.31028854846954346
dense_per_question_n500_d10_20260726_r01,dense,per_question,5a8c7595554299585d9e36b6,6,Meet Corliss Archer,0.30021196603775024
dense_per_question_n500_d10_20260726_r01,dense,per_question,5a8c7595554299585d9e36b6,7,Charles Craft,0.22361813485622406
dense_per_question_n500_d10_20260726_r01,dense,per_question,5a8c7595554299585d9e36b6,8,Secretary of State for Constitutional Affairs,0.12329034507274628
dense_per_question_n500_d10_20260726_r01,dense,per_question,5a8c7595554299585d9e36b6,9,Village accountant,0.10582339763641357
dense_per_question_n500_d10_20260726_r01,dense,per_question,5a8c7595554299585d9e36b6,10,Lord High Treasurer,0.07813495397567749
dense_per_question_n500_d10_20260726_r01,dense,per_question,5a8cb288554299585d9e3726,1,Oikos University shooting,0.51427257061004639
dense_per_question_n500_d10_20260726_r01,dense,per_question,5a8cb288554299585d9e3726,2,Umpqua Community College shooting,0.46406996250152588
dense_per_question_n500_d10_20260726_r01,dense,per_question,5a8cb288554299585d9e3726,3,April 2007 Mosul massacre,0.40679335594177246
dense_per_question_n500_d10_20260726_r01,dense,per_question,5a8cb288554299585d9e3726,4,Early-April 1957 tornado outbreak sequence,0.36199897527694702
dense_per_question_n500_d10_20260726_r01,dense,per_question,5a8cb288554299585d9e3726,5,Račak massacre,0.33628618717193604
dense_per_question_n500_d10_20260726_r01,dense,per_question,5a8cb288554299585d9e3726,6,Tezno massacre,0.31909584999084473
dense_per_question_n500_d10_20260726_r01,dense,per_question,5a8cb288554299585d9e3726,7,Los Cabos International Film Festival,0.16129642724990845
dense_per_question_n500_d10_20260726_r01,dense,per_question,5a8cb288554299585d9e3726,8,1972 American League Championship Series,0.093959592282772064
dense_per_question_n500_d10_20260726_r01,dense,per_question,5a8cb288554299585d9e3726,9,Gymnastics at the 2002 Asian Games,0.065703272819519043
dense_per_question_n500_d10_20260726_r01,dense,per_question,5a8cb288554299585d9e3726,10,Robinson Ekspeditionen 2008,0.050577171146869659
dense_per_question_n500_d10_20260726_r01,dense,per_question,5a8cfee555429941ae14df5c,1,Gajabrishta,0.52214622497558594
dense_per_question_n500_d10_20260726_r01,dense,per_question,5a8cfee555429941ae14df5c,2,Elephant,0.49248653650283813
dense_per_question_n500_d10_20260726_r01,dense,per_question,5a8d02cc554299441c6b9fb6,1,"John MacGregor, Baron MacGregor of Pulham Market",0.67706596851348877
dense_per_question_n500_d10_20260726_r01,dense,per_question,5a8d02cc554299441c6b9fb6,2,John MacGregor,0.58902955055236816
dense_per_question_n500_d10_20260726_r01,dense,per_question,5a8d02cc554299441c6b9fb6,3,John MacGregor (VC),0.55013102293014526
dense_per_question_n500_d10_20260726_r01,dense,per_question,5a8d02cc554299441c6b9fb6,4,University of St Andrews,0.54709470272064209
dense_per_question_n500_d10_20260726_r01,dense,per_question,5a8d02cc554299441c6b9fb6,5,Prior of St Andrews,0.40551364421844482
dense_per_question_n500_d10_20260726_r01,dense,per_question,5a8d02cc554299441c6b9fb6,6,University of St Andrews Boat Club,0.39418348670005798
dense_per_question_n500_d10_20260726_r01,dense,per_question,5a8d02cc554299441c6b9fb6,7,Pulham Market,0.38360148668289185
dense_per_question_n500_d10_20260726_r01,dense,per_question,5a8d02cc554299441c6b9fb6,8,St Andrews Links,0.37595826387405396
dense_per_question_n500_d10_20260726_r01,dense,per_question,5a8d02cc554299441c6b9fb6,9,Archdeaconry of St Andrews,0.32082748413085938
dense_per_question_n500_d10_20260726_r01,dense,per_question,5a8d02cc554299441c6b9fb6,10,King's College London,0.23553930222988129
dense_per_question_n500_d10_20260726_r01,dense,per_question,5a8d5fc6554299585d9e37c6,1,The Spiderwick Chronicles (film),0.41206461191177368
dense_per_question_n500_d10_20260726_r01,dense,per_question,5a8d5fc6554299585d9e37c6,2,The Moth Diaries (film),0.3866603672504425
dense_per_question_n500_d10_20260726_r01,dense,per_question,5a8d5fc6554299585d9e37c6,3,Sarah Bolger,0.38190767168998718
dense_per_question_n500_d10_20260726_r01,dense,per_question,5a8d5fc6554299585d9e37c6,4,Barbie and the Secret Door,0.32481983304023743
dense_per_question_n500_d10_20260726_r01,dense,per_question,5a8d5fc6554299585d9e37c6,5,Identity Films,0.31782194972038269
dense_per_question_n500_d10_20260726_r01,dense,per_question,5a8d5fc6554299585d9e37c6,6,Magic in Harry Potter,0.28765296936035156
dense_per_question_n500_d10_20260726_r01,dense,per_question,5a8d5fc6554299585d9e37c6,7,As Cool as I Am (film),0.26972410082817078
dense_per_question_n500_d10_20260726_r01,dense,per_question,5a8d5fc6554299585d9e37c6,8,Sinbad of the Seven Seas,0.20211625099182129
dense_per_question_n500_d10_20260726_r01,dense,per_question,5a8d5fc6554299585d9e37c6,9,John Ridge,0.14782768487930298
dense_per_question_n500_d10_20260726_r01,dense,per_question,5a8d5fc6554299585d9e37c6,10,Stormbreaker (film),0.10068467259407043
dense_per_question_n500_d10_20260726_r01,dense,per_question,5a8d7b1755429941ae14dfc6,1,Marietta Air Force Station,0.58976626396179199
dense_per_question_n500_d10_20260726_r01,dense,per_question,5a8d7b1755429941ae14dfc6,2,Eldorado Air Force Station,0.37769320607185364
dense_per_question_n500_d10_20260726_r01,dense,per_question,5a8d7b1755429941ae14dfc6,3,Topsham Air Force Station,0.34987467527389526
dense_per_question_n500_d10_20260726_r01,dense,per_question,5a8d7b1755429941ae14dfc6,4,302d Air Division,0.33536478877067566
dense_per_question_n500_d10_20260726_r01,dense,per_question,5a8d7b1755429941ae14dfc6,5,RAF Warmwell,0.32802858948707581
dense_per_question_n500_d10_20260726_r01,dense,per_question,5a8d7b1755429941ae14dfc6,6,RAF Cottesmore,0.31715470552444458
dense_per_question_n500_d10_20260726_r01,dense,per_question,5a8d7b1755429941ae14dfc6,7,Camp Pedricktown radar station,0.28556615114212036
dense_per_question_n500_d10_20260726_r01,dense,per_question,5a8d7b1755429941ae14dfc6,8,410th Bombardment Squadron,0.2824338972568512
dense_per_question_n500_d10_20260726_r01,dense,per_question,5a8d7b1755429941ae14dfc6,9,"Smyrna, Georgia",0.25703728199005127
dense_per_question_n500_d10_20260726_r01,dense,per_question,5a8d7b1755429941ae14dfc6,10,Stramshall,0.11416301131248474
dense_per_question_n500_d10_20260726_r01,dense,per_question,5a8d93ad554299653c1aa13d,1,John Fogerty (engineer),0.54246991872787476
dense_per_question_n500_d10_20260726_r01,dense,per_question,5a8d93ad554299653c1aa13d,2,Joseph Fogerty Sr.,0.49525195360183716
dense_per_question_n500_d10_20260726_r01,dense,per_question,5a8d93ad554299653c1aa13d,3,John Frederick Fogerty,0.46763467788696289
dense_per_question_n500_d10_20260726_r01,dense,per_question,5a8d93ad554299653c1aa13d,4,John Fogerty,0.43538019061088562
dense_per_question_n500_d10_20260726_r01,dense,per_question,5a8d93ad554299653c1aa13d,5,Serri (singer),0.41200089454650879
dense_per_question_n500_d10_20260726_r01,dense,per_question,5a8d93ad554299653c1aa13d,6,John Fogerty (album),0.39031568169593811
dense_per_question_n500_d10_20260726_r01,dense,per_question,5a8d93ad554299653c1aa13d,7,The Long Road Home,0.32996976375579834
dense_per_question_n500_d10_20260726_r01,dense,per_question,5a8d93ad554299653c1aa13d,8,Rockin' All Over the World,0.26760634779930115
dense_per_question_n500_d10_20260726_r01,dense,per_question,5a8d93ad554299653c1aa13d,9,Almost Saturday Night,0.22852802276611328
dense_per_question_n500_d10_20260726_r01,dense,per_question,5a8d93ad554299653c1aa13d,10,Duke Tumatoe,0.088508307933807373
dense_per_question_n500_d10_20260726_r01,dense,per_question,5a8da81e554299068b959d7e,1,Vanessa Bley,0.64915251731872559
dense_per_question_n500_d10_20260726_r01,dense,per_question,5a8da81e554299068b959d7e,2,Audra McDonald,0.409168541431427
dense_per_question_n500_d10_20260726_r01,dense,per_question,5a8da81e554299068b959d7e,3,Impresario,0.37984403967857361
dense_per_question_n500_d10_20260726_r01,dense,per_question,5a8da81e554299068b959d7e,4,Mozarteum Argentino,0.29421299695968628
dense_per_question_n500_d10_20260726_r01,dense,per_question,5a8da81e554299068b959d7e,5,Robert Nagy (tenor),0.23027712106704712
dense_per_question_n500_d10_20260726_r01,dense,per_question,5a8da81e554299068b959d7e,6,Joseph Anderer,0.22431792318820953
dense_per_question_n500_d10_20260726_r01,dense,per_question,5a8da81e554299068b959d7e,7,Theater Erfurt,0.19417259097099304
dense_per_question_n500_d10_20260726_r01,dense,per_question,5a8da81e554299068b959d7e,8,Shanghai Grand Theatre,0.16121786832809448
dense_per_question_n500_d10_20260726_r01,dense,per_question,5a8da81e554299068b959d7e,9,Freight forwarder,0.10291355848312378
dense_per_question_n500_d10_20260726_r01,dense,per_question,5a8da81e554299068b959d7e,10,Financial plan,0.083028413355350494
dense_per_question_n500_d10_20260726_r01,dense,per_question,5a8db19d5542994ba4e3dd00,1,Local H,0.44425493478775024
dense_per_question_n500_d10_20260726_r01,dense,per_question,5a8db19d5542994ba4e3dd00,2,Mendocino County GMO Ban,0.35787317156791687
dense_per_question_n500_d10_20260726_r01,dense,per_question,5a8db19d5542994ba4e3dd00,3,For Against,0.2292216420173645
dense_per_question_n500_d10_20260726_r01,dense,per_question,5a8db19d5542994ba4e3dd00,4,Hallelujah! I'm a Bum (album),0.22906526923179626
dense_per_question_n500_d10_20260726_r01,dense,per_question,5a8db19d5542994ba4e3dd00,5,Wilford H. Fawcett House,0.15928938984870911
dense_per_question_n500_d10_20260726_r01,dense,per_question,5a8db19d5542994ba4e3dd00,6,William H. Cook Water Tank House,0.15755391120910645
dense_per_question_n500_d10_20260726_r01,dense,per_question,5a8db19d5542994ba4e3dd00,7,Ophur,0.12130677700042725
dense_per_question_n500_d10_20260726_r01,dense,per_question,5a8db19d5542994ba4e3dd00,8,"Amherst, Massachusetts",0.12122245132923126
dense_per_question_n500_d10_20260726_r01,dense,per_question,5a8db19d5542994ba4e3dd00,9,"United States Senate election in Illinois, 1978",0.071901783347129822
dense_per_question_n500_d10_20260726_r01,dense,per_question,5a8db19d5542994ba4e3dd00,10,Suffrajett,0.068464279174804688
dense_per_question_n500_d10_20260726_r01,dense,per_question,5a8dd5f955429917b4a5bcc7,1,1998 Toyota Grand Prix of Long Beach,0.5451279878616333
dense_per_question_n500_d10_20260726_r01,dense,per_question,5a8dd5f955429917b4a5bcc7,2,2006 Toyota Grand Prix of Long Beach,0.50568073987960815
dense_per_question_n500_d10_20260726_r01,dense,per_question,5a8dd5f955429917b4a5bcc7,3,2014 Toyota Grand Prix of Long Beach,0.47221630811691284
dense_per_question_n500_d10_20260726_r01,dense,per_question,5a8dd5f955429917b4a5bcc7,4,Toyota Pro/Celebrity Race,0.46516478061676025
dense_per_question_n500_d10_20260726_r01,dense,per_question,5a8dd5f955429917b4a5bcc7,5,2017 Toyota Grand Prix of Long Beach,0.44057470560073853
dense_per_question_n500_d10_20260726_r01,dense,per_question,5a8dd5f955429917b4a5bcc7,6,2013 Toyota Grand Prix of Long Beach,0.43414676189422607
dense_per_question_n500_d10_20260726_r01,dense,per_question,5a8dd5f955429917b4a5bcc7,7,2015 Toyota Grand Prix of Long Beach,0.38116797804832458
dense_per_question_n500_d10_20260726_r01,dense,per_question,5a8dd5f955429917b4a5bcc7,8,2016 Toyota Grand Prix of Long Beach,0.37859588861465454
dense_per_question_n500_d10_20260726_r01,dense,per_question,5a8dd5f955429917b4a5bcc7,9,Ryan Hunter-Reay,0.35346651077270508
dense_per_question_n500_d10_20260726_r01,dense,per_question,5a8dd5f955429917b4a5bcc7,10,Alex Zanardi,0.33423671126365662
dense_per_question_n500_d10_20260726_r01,dense,per_question,5a8e068b5542995085b37384,1,Ferocactus,0.59338730573654175
dense_per_question_n500_d10_20260726_r01,dense,per_question,5a8e068b5542995085b37384,2,Silene,0.58333313465118408
dense_per_question_n500_d10_20260726_r01,dense,per_question,5a8e068b5542995085b37384,3,Silene stenophylla,0.56651699542999268
dense_per_question_n500_d10_20260726_r01,dense,per_question,5a8e068b5542995085b37384,4,Silene menziesii,0.54985189437866211
dense_per_question_n500_d10_20260726_r01,dense,per_question,5a8e068b5542995085b37384,5,Silene suksdorfii,0.54514157772064209
dense_per_question_n500_d10_20260726_r01,dense,per_question,5a8e068b5542995085b37384,6,Silene antirrhina,0.53589451313018799
dense_per_question_n500_d10_20260726_r01,dense,per_question,5a8e068b5542995085b37384,7,Silene conoidea,0.5331307053565979
dense_per_question_n500_d10_20260726_r01,dense,per_question,5a8e068b5542995085b37384,8,Silene tomentosa,0.52368044853210449
dense_per_question_n500_d10_20260726_r01,dense,per_question,5a8e068b5542995085b37384,9,Sex determination in Silene,0.49248340725898743
dense_per_question_n500_d10_20260726_r01,dense,per_question,5a8e068b5542995085b37384,10,Silene latifolia,0.42956125736236572
dense_per_question_n500_d10_20260726_r01,dense,per_question,5a8e0a005542995085b373a1,1,Bordan Tkachuk,0.6075025200843811
dense_per_question_n500_d10_20260726_r01,dense,per_question,5a8e0a005542995085b373a1,2,Jonathan Michael Ansell,0.36255085468292236
dense_per_question_n500_d10_20260726_r01,dense,per_question,5a8e0a005542995085b373a1,3,Terren Peizer,0.33381694555282593
dense_per_question_n500_d10_20260726_r01,dense,per_question,5a8e0a005542995085b373a1,4,Viglen,0.25642836093902588
dense_per_question_n500_d10_20260726_r01,dense,per_question,5a8e0a005542995085b373a1,5,Kingstone Companies,0.21992915868759155
dense_per_question_n500_d10_20260726_r01,dense,per_question,5a8e0a005542995085b373a1,6,Cardinal Health,0.18265692889690399
dense_per_question_n500_d10_20260726_r01,dense,per_question,5a8e0a005542995085b373a1,7,Clean Power Finance,0.17811322212219238
dense_per_question_n500_d10_20260726_r01,dense,per_question,5a8e0a005542995085b373a1,8,Owens &amp; Minor,0.16218502819538116
dense_per_question_n500_d10_20260726_r01,dense,per_question,5a8e0a005542995085b373a1,9,Compass Minerals,0.15505824983119965
dense_per_question_n500_d10_20260726_r01,dense,per_question,5a8e0a005542995085b373a1,10,BankUnited,0.108102947473526
dense_per_question_n500_d10_20260726_r01,dense,per_question,5a8e1027554299653c1aa15f,1,2011 Colorado Buffaloes football team,0.74030029773712158
dense_per_question_n500_d10_20260726_r01,dense,per_question,5a8e1027554299653c1aa15f,2,2014–15 Colorado Buffaloes men's basketball team,0.73566877841949463
dense_per_question_n500_d10_20260726_r01,dense,per_question,5a8e1027554299653c1aa15f,3,2015–16 Colorado Buffaloes men's basketball team,0.73242592811584473
dense_per_question_n500_d10_20260726_r01,dense,per_question,5a8e1027554299653c1aa15f,4,2016–17 Colorado Buffaloes men's basketball team,0.72603517770767212
dense_per_question_n500_d10_20260726_r01,dense,per_question,5a8e1027554299653c1aa15f,5,2009 Colorado Buffaloes football team,0.72039788961410522
dense_per_question_n500_d10_20260726_r01,dense,per_question,5a8e1027554299653c1aa15f,6,2014 Colorado Buffaloes football team,0.70694589614868164
dense_per_question_n500_d10_20260726_r01,dense,per_question,5a8e1027554299653c1aa15f,7,2015 Colorado Buffaloes football team,0.69553422927856445
dense_per_question_n500_d10_20260726_r01,dense,per_question,5a8e1027554299653c1aa15f,8,2012 Colorado Buffaloes football team,0.67874670028686523
dense_per_question_n500_d10_20260726_r01,dense,per_question,5a8e1027554299653c1aa15f,9,1989 Colorado Buffaloes football team,0.67476004362106323
dense_per_question_n500_d10_20260726_r01,dense,per_question,5a8e1027554299653c1aa15f,10,2009 Big 12 Conference football season,0.4596845805644989
dense_per_question_n500_d10_20260726_r01,dense,per_question,5a8e3dc05542995085b37401,1,Reynolds v. Sims,0.56309831142425537
dense_per_question_n500_d10_20260726_r01,dense,per_question,5a8e3dc05542995085b37401,2,Selle v. Gibb,0.47471699118614197
dense_per_question_n500_d10_20260726_r01,dense,per_question,5a8e3dc05542995085b37401,3,Charles Morgan Jr.,0.43835139274597168
dense_per_question_n500_d10_20260726_r01,dense,per_question,5a8e3dc05542995085b37401,4,Reynolds v. Pegler,0.42568656802177429
dense_per_question_n500_d10_20260726_r01,dense,per_question,5a8e3dc05542995085b37401,5,Reynolds v. United States,0.42525953054428101
dense_per_question_n500_d10_20260726_r01,dense,per_question,5a8e3dc05542995085b37401,6,Criminal law in the Waite Court,0.37231811881065369
dense_per_question_n500_d10_20260726_r01,dense,per_question,5a8e3dc05542995085b37401,7,George Reynolds (Mormon),0.34341475367546082
dense_per_question_n500_d10_20260726_r01,dense,per_question,5a8e3dc05542995085b37401,8,Jameel v Wall Street Journal Europe Sprl,0.33415663242340088
dense_per_question_n500_d10_20260726_r01,dense,per_question,5a8e3dc05542995085b37401,9,West v. Barnes,0.30722832679748535
dense_per_question_n500_d10_20260726_r01,dense,per_question,5a8e3dc05542995085b37401,10,Reynolds v Times Newspapers Ltd,0.30125457048416138
dense_per_question_n500_d10_20260726_r01,dense,per_question,5a8e3ea95542995a26add48d,1,Big Stone Gap (film),0.7497057318687439
dense_per_question_n500_d10_20260726_r01,dense,per_question,5a8e3ea95542995a26add48d,2,I Love NY (2015 film),0.35519108176231384
dense_per_question_n500_d10_20260726_r01,dense,per_question,5a8e3ea95542995a26add48d,3,Great Eastern Conventions,0.29685112833976746
dense_per_question_n500_d10_20260726_r01,dense,per_question,5a8e3ea95542995a26add48d,4,Nola (film),0.28829285502433777
dense_per_question_n500_d10_20260726_r01,dense,per_question,5a8e3ea95542995a26add48d,5,Kingston Morning,0.27845406532287598
dense_per_question_n500_d10_20260726_r01,dense,per_question,5a8e3ea95542995a26add48d,6,Just Another Romantic Wrestling Comedy,0.25537377595901489
dense_per_question_n500_d10_20260726_r01,dense,per_question,5a8e3ea95542995a26add48d,7,Hamish and Andy's Gap Year,0.25089871883392334
dense_per_question_n500_d10_20260726_r01,dense,per_question,5a8e3ea95542995a26add48d,8,Adriana Trigiani,0.18639308214187622
dense_per_question_n500_d10_20260726_r01,dense,per_question,5a8e3ea95542995a26add48d,9,"Clinton, Minnesota",0.17506004869937897
dense_per_question_n500_d10_20260726_r01,dense,per_question,5a8e3ea95542995a26add48d,10,New York Society of Model Engineers,0.14288118481636047
dense_per_question_n500_d10_20260726_r01,dense,per_question,5a8eb4d65542990e94052b82,1,Jacques Mathou,0.78089606761932373
dense_per_question_n500_d10_20260726_r01,dense,per_question,5a8eb4d65542990e94052b82,2,Delicatessen (film),0.52636122703552246
dense_per_question_n500_d10_20260726_r01,dense,per_question,5a8eb4d65542990e94052b82,3,Paris Awakens,0.37792763113975525
dense_per_question_n500_d10_20260726_r01,dense,per_question,5a8eb4d65542990e94052b82,4,Van Gogh (1991 film),0.31751182675361633
dense_per_question_n500_d10_20260726_r01,dense,per_question,5a8eb4d65542990e94052b82,5,Schwartz's,0.29229480028152466
dense_per_question_n500_d10_20260726_r01,dense,per_question,5a8eb4d65542990e94052b82,6,Tahar Rahim,0.28384014964103699
dense_per_question_n500_d10_20260726_r01,dense,per_question,5a8eb4d65542990e94052b82,7,Mariette Leslie Cotton,0.2566128671169281
dense_per_question_n500_d10_20260726_r01,dense,per_question,5a8eb4d65542990e94052b82,8,James Gamble Rogers II,0.20626293122768402
dense_per_question_n500_d10_20260726_r01,dense,per_question,5a8eb4d65542990e94052b82,9,Mark T. Smith,0.16559559106826782
dense_per_question_n500_d10_20260726_r01,dense,per_question,5a8eb4d65542990e94052b82,10,Samuel Poe,0.024452049285173416
dense_per_question_n500_d10_20260726_r01,dense,per_question,5a8ee4315542990e94052ba7,1,Second Anglo-Afghan War,0.70922011137008667
dense_per_question_n500_d10_20260726_r01,dense,per_question,5a8ee4315542990e94052ba7,2,Emirate of Afghanistan,0.63060212135314941
dense_per_question_n500_d10_20260726_r01,dense,per_question,5a8ee4315542990e94052ba7,3,Treaty of Gandamak,0.57275968790054321
dense_per_question_n500_d10_20260726_r01,dense,per_question,5a8ee4315542990e94052ba7,4,Afghan Civil War (1996–2001),0.53513181209564209
dense_per_question_n500_d10_20260726_r01,dense,per_question,5a8ee4315542990e94052ba7,5,Shagai Plateau,0.51625996828079224
dense_per_question_n500_d10_20260726_r01,dense,per_question,5a8ee4315542990e94052ba7,6,Bukhara operation (1920),0.41957935690879822
dense_per_question_n500_d10_20260726_r01,dense,per_question,5a8ee4315542990e94052ba7,7,Edict of Amboise,0.1305135041475296
dense_per_question_n500_d10_20260726_r01,dense,per_question,5a8ee4315542990e94052ba7,8,2010 Northern Hemisphere summer heat waves,0.12365718930959702
dense_per_question_n500_d10_20260726_r01,dense,per_question,5a8ee4315542990e94052ba7,9,Working Group on Internet Governance,0.11936336755752563
dense_per_question_n500_d10_20260726_r01,dense,per_question,5a8ee4315542990e94052ba7,10,"Line 2, Suzhou Rail Transit",0.094377234578132629
dense_per_question_n500_d10_20260726_r01,dense,per_question,5a8ee6915542990e94052bad,1,Avatar: The Last Airbender (season 2),0.50938284397125244
dense_per_question_n500_d10_20260726_r01,dense,per_question,5a8ee6915542990e94052bad,2,Iroh,0.50746780633926392
dense_per_question_n500_d10_20260726_r01,dense,per_question,5a8ee6915542990e94052bad,3,List of Avatar: The Last Airbender episodes,0.45501291751861572
dense_per_question_n500_d10_20260726_r01,dense,per_question,5a8ee6915542990e94052bad,4,Kuvira,0.43443834781646729
dense_per_question_n500_d10_20260726_r01,dense,per_question,5a8ee6915542990e94052bad,5,List of The Legend of Korra episodes,0.4340980052947998
dense_per_question_n500_d10_20260726_r01,dense,per_question,5a8ee6915542990e94052bad,6,Avatar: The Last Airbender (season 3),0.4205363392829895
dense_per_question_n500_d10_20260726_r01,dense,per_question,5a8ee6915542990e94052bad,7,The Legend of Korra,0.40125957131385803
dense_per_question_n500_d10_20260726_r01,dense,per_question,5a8ee6915542990e94052bad,8,Avatar: The Last Airbender (season 1),0.39888733625411987
dense_per_question_n500_d10_20260726_r01,dense,per_question,5a8ee6915542990e94052bad,9,Zaheer,0.39826172590255737
dense_per_question_n500_d10_20260726_r01,dense,per_question,5a8ee6915542990e94052bad,10,Bolin (The Legend of Korra),0.38022032380104065
dense_per_question_n500_d10_20260726_r01,dense,per_question,5a8eea4a5542990e94052bb7,1,Leer,0.62751370668411255
dense_per_question_n500_d10_20260726_r01,dense,per_question,5a8eea4a5542990e94052bb7,2,Leda (river),0.58324193954467773
dense_per_question_n500_d10_20260726_r01,dense,per_question,5a8eea4a5542990e94052bb7,3,English language,0.5660560131072998
dense_per_question_n500_d10_20260726_r01,dense,per_question,5a8eea4a5542990e94052bb7,4,Old Saxon,0.55643725395202637
dense_per_question_n500_d10_20260726_r01,dense,per_question,5a8eea4a5542990e94052bb7,5,Old Frisian,0.49196666479110718
dense_per_question_n500_d10_20260726_r01,dense,per_question,5a8eea4a5542990e94052bb7,6,German language,0.48153629899024963
dense_per_question_n500_d10_20260726_r01,dense,per_question,5a8eea4a5542990e94052bb7,7,Proto-Norse language,0.46286556124687195
dense_per_question_n500_d10_20260726_r01,dense,per_question,5a8eea4a5542990e94052bb7,8,Dutch language,0.4396839439868927
dense_per_question_n500_d10_20260726_r01,dense,per_question,5a8eea4a5542990e94052bb7,9,Afrikaans,0.38527926802635193
dense_per_question_n500_d10_20260726_r01,dense,per_question,5a8eea4a5542990e94052bb7,10,Suorva,0.22274935245513916
dense_per_question_n500_d10_20260726_r01,dense,per_question,5a8ef2a75542995a26add583,1,Seven Brief Lessons on Physics,0.78498435020446777
dense_per_question_n500_d10_20260726_r01,dense,per_question,5a8ef2a75542995a26add583,2,Chiara Nappi,0.56776690483093262
dense_per_question_n500_d10_20260726_r01,dense,per_question,5a8ef2a75542995a26add583,3,Carlo Rovelli,0.54656386375427246
dense_per_question_n500_d10_20260726_r01,dense,per_question,5a8ef2a75542995a26add583,4,Guido Caldarelli,0.48264801502227783
dense_per_question_n500_d10_20260726_r01,dense,per_question,5a8ef2a75542995a26add583,5,Aldo Pontremoli,0.48171436786651611
dense_per_question_n500_d10_20260726_r01,dense,per_question,5a8ef2a75542995a26add583,6,Claudio Pellegrini,0.47641807794570923
dense_per_question_n500_d10_20260726_r01,dense,per_question,5a8ef2a75542995a26add583,7,Sergio Ferrara,0.46812647581100464
dense_per_question_n500_d10_20260726_r01,dense,per_question,5a8ef2a75542995a26add583,8,Antonino Lo Surdo,0.46257799863815308
dense_per_question_n500_d10_20260726_r01,dense,per_question,5a8ef2a75542995a26add583,9,Micropædia,0.27610427141189575
dense_per_question_n500_d10_20260726_r01,dense,per_question,5a8ef2a75542995a26add583,10,Enrico Fermi,0.24065801501274109
dense_per_question_n500_d10_20260726_r01,dense,per_question,5a8f05b1554299458435d517,1,"William Pery, 3rd Earl of Limerick",0.71916979551315308
dense_per_question_n500_d10_20260726_r01,dense,per_question,5a8f05b1554299458435d517,2,"William Monson, 1st Viscount Oxenbridge",0.58545792102813721
dense_per_question_n500_d10_20260726_r01,dense,per_question,5a8f05b1554299458435d517,3,"Henry Fox-Strangways, 3rd Earl of Ilchester",0.5623248815536499
dense_per_question_n500_d10_20260726_r01,dense,per_question,5a8f05b1554299458435d517,4,Yeomen of the Guard,0.55938023328781128
dense_per_question_n500_d10_20260726_r01,dense,per_question,5a8f05b1554299458435d517,5,"Henry Cadogan, 4th Earl Cadogan",0.52876508235931396
dense_per_question_n500_d10_20260726_r01,dense,per_question,5a8f05b1554299458435d517,6,"George Percy, 5th Duke of Northumberland",0.48625853657722473
dense_per_question_n500_d10_20260726_r01,dense,per_question,5a8f05b1554299458435d517,7,Earl of Aylesford,0.4074702262878418
dense_per_question_n500_d10_20260726_r01,dense,per_question,5a8f05b1554299458435d517,8,"Robert Gascoyne-Cecil, 3rd Marquess of Salisbury",0.37246537208557129
dense_per_question_n500_d10_20260726_r01,dense,per_question,5a8f05b1554299458435d517,9,Baron Berkeley of Stratton,0.34230667352676392
dense_per_question_n500_d10_20260726_r01,dense,per_question,5a8f05b1554299458435d517,10,"William Street, Limerick",0.30980753898620605
dense_per_question_n500_d10_20260726_r01,dense,per_question,5a8f45ca5542997ba9cb320e,1,Manson (film),0.65592032670974731
dense_per_question_n500_d10_20260726_r01,dense,per_question,5a8f45ca5542997ba9cb320e,2,500 Years Later,0.55235612392425537
dense_per_question_n500_d10_20260726_r01,dense,per_question,5a8f45ca5542997ba9cb320e,3,Idiocracy,0.32928499579429626
dense_per_question_n500_d10_20260726_r01,dense,per_question,5a8f45ca5542997ba9cb320e,4,Motherland (2010 film),0.28595495223999023
dense_per_question_n500_d10_20260726_r01,dense,per_question,5a8f45ca5542997ba9cb320e,5,Elizabeth Martínez,0.26856362819671631
dense_per_question_n500_d10_20260726_r01,dense,per_question,5a8f45ca5542997ba9cb320e,6,Tukufu Zuberi,0.2540251612663269
dense_per_question_n500_d10_20260726_r01,dense,per_question,5a8f45ca5542997ba9cb320e,7,Ako Mitchell,0.15711367130279541
dense_per_question_n500_d10_20260726_r01,dense,per_question,5a8f45ca5542997ba9cb320e,8,Kyokusui-no-en,0.09602925181388855
dense_per_question_n500_d10_20260726_r01,dense,per_question,5a8f45ca5542997ba9cb320e,9,Ife Piankhi,0.091730430722236633
dense_per_question_n500_d10_20260726_r01,dense,per_question,5a8f45ca5542997ba9cb320e,10,Ruakuri Cave,0.064632132649421692
dense_per_question_n500_d10_20260726_r01,dense,per_question,5a8f4c8d554299458435d5a3,1,Scott Parkin,0.65499413013458252
dense_per_question_n500_d10_20260726_r01,dense,per_question,5a8f4c8d554299458435d5a3,2,Halliburton,0.3939531147480011
dense_per_question_n500_d10_20260726_r01,dense,per_question,5a8f4c8d554299458435d5a3,3,Mobil Producing Nigeria,0.36497321724891663
dense_per_question_n500_d10_20260726_r01,dense,per_question,5a8f4c8d554299458435d5a3,4,Exxon,0.35251981019973755
dense_per_question_n500_d10_20260726_r01,dense,per_question,5a8f4c8d554299458435d5a3,5,PRX-07034,0.20300808548927307
dense_per_question_n500_d10_20260726_r01,dense,per_question,5a8f4c8d554299458435d5a3,6,Corporate synergy,0.156584233045578
dense_per_question_n500_d10_20260726_r01,dense,per_question,5a8f4c8d554299458435d5a3,7,Dummy corporation,0.15255443751811981
dense_per_question_n500_d10_20260726_r01,dense,per_question,5a8f4c8d554299458435d5a3,8,Religious Technology Center,0.12827011942863464
dense_per_question_n500_d10_20260726_r01,dense,per_question,5a8f4c8d554299458435d5a3,9,Oregon and Transcontinental Company,0.12737585604190826
dense_per_question_n500_d10_20260726_r01,dense,per_question,5a8f4c8d554299458435d5a3,10,Yvonne Ridley,0.097410470247268677
dense_per_question_n500_d10_20260726_r01,dense,per_question,5a8f69b55542997ba9cb324f,1,"Cold Spring, New York",0.52639549970626831
dense_per_question_n500_d10_20260726_r01,dense,per_question,5a8f69b55542997ba9cb324f,2,Valhalla Highlands Historic District,0.45642325282096863
dense_per_question_n500_d10_20260726_r01,dense,per_question,5a8f69b55542997ba9cb324f,3,Elmwood Historic District–East,0.42330437898635864
dense_per_question_n500_d10_20260726_r01,dense,per_question,5a8f69b55542997ba9cb324f,4,Elmwood Historic District–West,0.41759681701660156
dense_per_question_n500_d10_20260726_r01,dense,per_question,5a8f69b55542997ba9cb324f,5,Glimmerglass Historic District,0.39457014203071594
dense_per_question_n500_d10_20260726_r01,dense,per_question,5a8f69b55542997ba9cb324f,6,Cromwell's Run Rural Historic District,0.39168006181716919
dense_per_question_n500_d10_20260726_r01,dense,per_question,5a8f69b55542997ba9cb324f,7,Calumet Downtown Historic District,0.35463589429855347
dense_per_question_n500_d10_20260726_r01,dense,per_question,5a8f69b55542997ba9cb324f,8,Gilbert Town Historic District,0.33051410317420959
dense_per_question_n500_d10_20260726_r01,dense,per_question,5a8f69b55542997ba9cb324f,9,"Arrow Rock, Missouri",0.2203107625246048
dense_per_question_n500_d10_20260726_r01,dense,per_question,5a8f69b55542997ba9cb324f,10,Greater Newport Rural Historic District,0.17399771511554718
dense_per_question_n500_d10_20260726_r01,dense,per_question,5a8f9b8c5542997ba9cb32e6,1,Dirty Pretty Things (band),0.53720009326934814
dense_per_question_n500_d10_20260726_r01,dense,per_question,5a8f9b8c5542997ba9cb32e6,2,Carl Barât,0.53395968675613403
dense_per_question_n500_d10_20260726_r01,dense,per_question,5a8f9b8c5542997ba9cb32e6,3,Fireflight,0.52828580141067505
dense_per_question_n500_d10_20260726_r01,dense,per_question,5a8f9b8c5542997ba9cb32e6,4,Bang Bang You're Dead (song),0.50695192813873291
dense_per_question_n500_d10_20260726_r01,dense,per_question,5a8f9b8c5542997ba9cb32e6,5,Deadwood (song),0.47043386101722717
dense_per_question_n500_d10_20260726_r01,dense,per_question,5a8f9b8c5542997ba9cb32e6,6,Mirage (Digitalism album),0.45654389262199402
dense_per_question_n500_d10_20260726_r01,dense,per_question,5a8f9b8c5542997ba9cb32e6,7,Anthony Rossomando,0.449421226978302
dense_per_question_n500_d10_20260726_r01,dense,per_question,5a8f9b8c5542997ba9cb32e6,8,Johanna Bennett,0.37825369834899902
dense_per_question_n500_d10_20260726_r01,dense,per_question,5a8f9b8c5542997ba9cb32e6,9,Wondering (Dirty Pretty Things song),0.3496435284614563
dense_per_question_n500_d10_20260726_r01,dense,per_question,5a8f9b8c5542997ba9cb32e6,10,Didz Hammond,0.31374365091323853
dense_per_question_n500_d10_20260726_r01,dense,per_question,5a90580655429933b8a204ef,1,Super Bowl XXXIV,0.62204974889755249
dense_per_question_n500_d10_20260726_r01,dense,per_question,5a90580655429933b8a204ef,2,Super Bowl XXXVII,0.60015785694122314
dense_per_question_n500_d10_20260726_r01,dense,per_question,5a90580655429933b8a204ef,3,1999 St. Louis Rams season,0.48973095417022705
dense_per_question_n500_d10_20260726_r01,dense,per_question,5a90580655429933b8a204ef,4,2000 Tennessee Titans season,0.42606174945831299
dense_per_question_n500_d10_20260726_r01,dense,per_question,5a90580655429933b8a204ef,5,List of Tennessee Titans seasons,0.38924011588096619
dense_per_question_n500_d10_20260726_r01,dense,per_question,5a90580655429933b8a204ef,6,Ted Plumb,0.38601458072662354
dense_per_question_n500_d10_20260726_r01,dense,per_question,5a90580655429933b8a204ef,7,Super Bowl LIII,0.36914438009262085
dense_per_question_n500_d10_20260726_r01,dense,per_question,5a90580655429933b8a204ef,8,Dré Bly,0.30429595708847046
dense_per_question_n500_d10_20260726_r01,dense,per_question,5a90580655429933b8a204ef,9,Bill Leavy,0.28871852159500122
dense_per_question_n500_d10_20260726_r01,dense,per_question,5a90580655429933b8a204ef,10,Ricky Proehl,0.28807002305984497
dense_per_question_n500_d10_20260726_r01,dense,per_question,5a90605d5542995651fb514d,1,Jason Gilbert,0.63811123371124268
dense_per_question_n500_d10_20260726_r01,dense,per_question,5a90605d5542995651fb514d,2,Bizarre (rapper),0.39474958181381226
dense_per_question_n500_d10_20260726_r01,dense,per_question,5a90605d5542995651fb514d,3,Uptown 3000,0.38102716207504272
dense_per_question_n500_d10_20260726_r01,dense,per_question,5a90605d5542995651fb514d,4,Platinum Pied Pipers,0.33716553449630737
dense_per_question_n500_d10_20260726_r01,dense,per_question,5a90605d5542995651fb514d,5,Bad Meets Evil,0.29666146636009216
dense_per_question_n500_d10_20260726_r01,dense,per_question,5a90605d5542995651fb514d,6,Swifty McVay,0.28162544965744019
dense_per_question_n500_d10_20260726_r01,dense,per_question,5a90605d5542995651fb514d,7,Thirty Eight (album),0.28143602609634399
dense_per_question_n500_d10_20260726_r01,dense,per_question,5a90605d5542995651fb514d,8,Clouds (Apollo Brown album),0.27818763256072998
dense_per_question_n500_d10_20260726_r01,dense,per_question,5a90605d5542995651fb514d,9,Xtended Play Version 3.13,0.26001539826393127
dense_per_question_n500_d10_20260726_r01,dense,per_question,5a90605d5542995651fb514d,10,Sunset Blvd. (Yancey Boys album),0.25052285194396973
dense_per_question_n500_d10_20260726_r01,dense,per_question,5a9068a95542990a98493621,1,Filming of James Bond in the 1990s,0.59229451417922974
dense_per_question_n500_d10_20260726_r01,dense,per_question,5a9068a95542990a98493621,2,Pinewood Studios,0.43297749757766724
dense_per_question_n500_d10_20260726_r01,dense,per_question,5a9068a95542990a98493621,3,Julia Ormond,0.21631652116775513
dense_per_question_n500_d10_20260726_r01,dense,per_question,5a9068a95542990a98493621,4,1995 Benson and Hedges Open,0.17102853953838348
dense_per_question_n500_d10_20260726_r01,dense,per_question,5a9068a95542990a98493621,5,List of Home and Away characters (1995),0.079165667295455933
dense_per_question_n500_d10_20260726_r01,dense,per_question,5a9068a95542990a98493621,6,BBC World News,0.072883665561676025
dense_per_question_n500_d10_20260726_r01,dense,per_question,5a9068a95542990a98493621,7,Sam Long,0.065834514796733856
dense_per_question_n500_d10_20260726_r01,dense,per_question,5a9068a95542990a98493621,8,Donald Duffy,0.038731314241886139
dense_per_question_n500_d10_20260726_r01,dense,per_question,5a9068a95542990a98493621,9,"Danny Bakker (footballer, born 16 January 1995)",0.028226114809513092
dense_per_question_n500_d10_20260726_r01,dense,per_question,5a9068a95542990a98493621,10,Kurama Tatsuya,-0.075698830187320709
dense_per_question_n500_d10_20260726_r01,dense,per_question,5a90692f5542990a98493625,1,Suicide Kings,0.40786194801330566
dense_per_question_n500_d10_20260726_r01,dense,per_question,5a90692f5542990a98493625,2,Johnny Galecki,0.32101345062255859
dense_per_question_n500_d10_20260726_r01,dense,per_question,5a90692f5542990a98493625,3,The Mystery of the Yellow Room (1919 film),0.29885870218276978
dense_per_question_n500_d10_20260726_r01,dense,per_question,5a90692f5542990a98493625,4,Kingston: Confidential,0.29039120674133301
dense_per_question_n500_d10_20260726_r01,dense,per_question,5a90692f5542990a98493625,5,The Law &amp; Harry McGraw,0.28184634447097778
dense_per_question_n500_d10_20260726_r01,dense,per_question,5a90692f5542990a98493625,6,Herbert Brean,0.27787712216377258
dense_per_question_n500_d10_20260726_r01,dense,per_question,5a90692f5542990a98493625,7,Mystic River (film),0.26485800743103027
dense_per_question_n500_d10_20260726_r01,dense,per_question,5a90692f5542990a98493625,8,The Renegades,0.21778610348701477
dense_per_question_n500_d10_20260726_r01,dense,per_question,5a90692f5542990a98493625,9,Morgan's Ferry,0.20309334993362427
dense_per_question_n500_d10_20260726_r01,dense,per_question,5a90692f5542990a98493625,10,Penny (The Big Bang Theory),0.14935635030269623
dense_per_question_n500_d10_20260726_r01,dense,per_question,5a906a685542990a9849362e,1,Algeria at the FIFA World Cup,0.76716971397399902
dense_per_question_n500_d10_20260726_r01,dense,per_question,5a906a685542990a9849362e,2,2002 FIFA World Cup,0.49467295408248901
dense_per_question_n500_d10_20260726_r01,dense,per_question,5a906a685542990a9849362e,3,Tertiary Student Rugby League World Cup,0.47525650262832642
dense_per_question_n500_d10_20260726_r01,dense,per_question,5a906a685542990a9849362e,4,2014 FIFA World Cup,0.454581618309021
dense_per_question_n500_d10_20260726_r01,dense,per_question,5a906a685542990a9849362e,5,1968–69 in Belgian football,0.39347726106643677
dense_per_question_n500_d10_20260726_r01,dense,per_question,5a906a685542990a9849362e,6,Ukraine national football team,0.38098761439323425
dense_per_question_n500_d10_20260726_r01,dense,per_question,5a906a685542990a9849362e,7,Switzerland women's national football team,0.3735995888710022
dense_per_question_n500_d10_20260726_r01,dense,per_question,5a906a685542990a9849362e,8,Orvar Bergmark,0.36581581830978394
dense_per_question_n500_d10_20260726_r01,dense,per_question,5a906a685542990a9849362e,9,2015 Cricket World Cup opening ceremony,0.34774202108383179
dense_per_question_n500_d10_20260726_r01,dense,per_question,5a906a685542990a9849362e,10,1991 Rugby World Cup,0.34703615307807922
dense_per_question_n500_d10_20260726_r01,dense,per_question,5a90843c5542995651fb517e,1,Francisco Jose Hernandez,0.66203212738037109
dense_per_question_n500_d10_20260726_r01,dense,per_question,5a90843c5542995651fb517e,2,Bay of Pigs Invasion,0.40484529733657837
dense_per_question_n500_d10_20260726_r01,dense,per_question,5a90843c5542995651fb517e,3,Treaty of Taipei,0.29269257187843323
dense_per_question_n500_d10_20260726_r01,dense,per_question,5a90843c5542995651fb517e,4,WWF Invasion,0.27471286058425903
dense_per_question_n500_d10_20260726_r01,dense,per_question,5a90843c5542995651fb517e,5,Ted Kubiak,0.25096464157104492
dense_per_question_n500_d10_20260726_r01,dense,per_question,5a90843c5542995651fb517e,6,MLS Cup 2003,0.2411084771156311
dense_per_question_n500_d10_20260726_r01,dense,per_question,5a90843c5542995651fb517e,7,Allied invasion of Italy,0.20318788290023804
dense_per_question_n500_d10_20260726_r01,dense,per_question,5a90843c5542995651fb517e,8,Michael Lunin,0.17067420482635498
dense_per_question_n500_d10_20260726_r01,dense,per_question,5a90843c5542995651fb517e,9,Battle of Clitheroe,0.10487168282270432
dense_per_question_n500_d10_20260726_r01,dense,per_question,5a90843c5542995651fb517e,10,Frank Martin (basketball),0.094181135296821594
dense_per_question_n500_d10_20260726_r01,dense,per_question,5a90b43455429916514e7523,1,Rupert Murdoch,0.537239670753479
dense_per_question_n500_d10_20260726_r01,dense,per_question,5a90b43455429916514e7523,2,Allen &amp; Company Sun Valley Conference,0.4465327262878418
dense_per_question_n500_d10_20260726_r01,dense,per_question,5a90b43455429916514e7523,3,Turner,0.38807392120361328
dense_per_question_n500_d10_20260726_r01,dense,per_question,5a90b43455429916514e7523,4,Pat Robertson,0.37720364332199097
dense_per_question_n500_d10_20260726_r01,dense,per_question,5a90b43455429916514e7523,5,Media proprietor,0.37604698538780212
dense_per_question_n500_d10_20260726_r01,dense,per_question,5a90b43455429916514e7523,6,Elisabeth Murdoch (businesswoman),0.33938902616500854
dense_per_question_n500_d10_20260726_r01,dense,per_question,5a90b43455429916514e7523,7,Mona Scott-Young,0.30985599756240845
dense_per_question_n500_d10_20260726_r01,dense,per_question,5a90b43455429916514e7523,8,Merv Griffin Entertainment,0.24855175614356995
dense_per_question_n500_d10_20260726_r01,dense,per_question,5a90b43455429916514e7523,9,A Girl like Me (film),0.21567109227180481
dense_per_question_n500_d10_20260726_r01,dense,per_question,5a90b43455429916514e7523,10,Caroline Spencer,0.1370469331741333
dense_per_question_n500_d10_20260726_r01,dense,per_question,5ab1d7ac554299449642c7e6,1,Xanthoceras,0.60214602947235107
dense_per_question_n500_d10_20260726_r01,dense,per_question,5ab1d7ac554299449642c7e6,2,Ehretia,0.58899366855621338
dense_per_question_n500_d10_20260726_r01,dense,per_question,5ab1e984554299340b525428,1,Asante Traditional Buildings,0.58193647861480713
dense_per_question_n500_d10_20260726_r01,dense,per_question,5ab1e984554299340b525428,2,Gulangyu,0.4486963152885437
dense_per_question_n500_d10_20260726_r01,dense,per_question,5ab1e984554299340b525428,3,Imanishi family's House,0.39639511704444885
dense_per_question_n500_d10_20260726_r01,dense,per_question,5ab1e984554299340b525428,4,Groups of Traditional Buildings,0.39379507303237915
dense_per_question_n500_d10_20260726_r01,dense,per_question,5ab1e984554299340b525428,5,Jeonju Hanok Village,0.33151194453239441
dense_per_question_n500_d10_20260726_r01,dense,per_question,5ab1e984554299340b525428,6,Cultural Property (Japan),0.32987076044082642
dense_per_question_n500_d10_20260726_r01,dense,per_question,5ab1e984554299340b525428,7,Open-air museums in Slovakia,0.27202844619750977
dense_per_question_n500_d10_20260726_r01,dense,per_question,5ab1e984554299340b525428,8,Omodos,0.24673321843147278
dense_per_question_n500_d10_20260726_r01,dense,per_question,5ab1e984554299340b525428,9,Ballenberg,0.19701781868934631
dense_per_question_n500_d10_20260726_r01,dense,per_question,5ab1e984554299340b525428,10,Museumsdorf Niedersulz,0.19643831253051758
dense_per_question_n500_d10_20260726_r01,dense,per_question,5ab1eac95542993be8fa987f,1,"United States Senate elections, 2008",0.5578082799911499
dense_per_question_n500_d10_20260726_r01,dense,per_question,5ab1eac95542993be8fa987f,2,"United States elections, 2018",0.53765392303466797
dense_per_question_n500_d10_20260726_r01,dense,per_question,5ab1eac95542993be8fa987f,3,United States midterm election,0.5318979024887085
dense_per_question_n500_d10_20260726_r01,dense,per_question,5ab1eac95542993be8fa987f,4,Classes of United States Senators,0.4744640588760376
dense_per_question_n500_d10_20260726_r01,dense,per_question,5ab1eac95542993be8fa987f,5,"United States Senate elections, 2002",0.47112041711807251
dense_per_question_n500_d10_20260726_r01,dense,per_question,5ab1eac95542993be8fa987f,6,"Wisconsin elections, 2016",0.41427749395370483
dense_per_question_n500_d10_20260726_r01,dense,per_question,5ab1eac95542993be8fa987f,7,80th United States Congress,0.41194123029708862
dense_per_question_n500_d10_20260726_r01,dense,per_question,5ab1eac95542993be8fa987f,8,"United States elections, 2002",0.34332442283630371
dense_per_question_n500_d10_20260726_r01,dense,per_question,5ab1eac95542993be8fa987f,9,Nancy Soderberg,0.31064802408218384
dense_per_question_n500_d10_20260726_r01,dense,per_question,5ab1eac95542993be8fa987f,10,TEAM Unity,0.27990993857383728
dense_per_question_n500_d10_20260726_r01,dense,per_question,5ab25004554299722f9b4cd7,1,Battle of Stones River,0.60351812839508057
dense_per_question_n500_d10_20260726_r01,dense,per_question,5ab25004554299722f9b4cd7,2,Battle of the Ch'ongch'on River,0.48985004425048828
dense_per_question_n500_d10_20260726_r01,dense,per_question,5ab25004554299722f9b4cd7,3,Battle of Berestechko,0.38374388217926025
dense_per_question_n500_d10_20260726_r01,dense,per_question,5ab25004554299722f9b4cd7,4,Military history of Mexico,0.35755160450935364
dense_per_question_n500_d10_20260726_r01,dense,per_question,5ab25004554299722f9b4cd7,5,Battle of Glendale (Skye),0.3545956015586853
dense_per_question_n500_d10_20260726_r01,dense,per_question,5ab25004554299722f9b4cd7,6,Joseph L. Follett,0.30527445673942566
dense_per_question_n500_d10_20260726_r01,dense,per_question,5ab25004554299722f9b4cd7,7,Collins Ferry Historic District,0.21439774334430695
dense_per_question_n500_d10_20260726_r01,dense,per_question,5ab25004554299722f9b4cd7,8,Umba River (Tanzania),0.20583228766918182
dense_per_question_n500_d10_20260726_r01,dense,per_question,5ab25004554299722f9b4cd7,9,"Savage's Station, Virginia",0.19921159744262695
dense_per_question_n500_d10_20260726_r01,dense,per_question,5ab25004554299722f9b4cd7,10,Register Cliff,0.16922749578952789
dense_per_question_n500_d10_20260726_r01,dense,per_question,5ab2659e554299340b5254b2,1,Farrukhzad Khosrow V,0.81788367033004761
dense_per_question_n500_d10_20260726_r01,dense,per_question,5ab2659e554299340b5254b2,2,Hormizd VI,0.50873076915740967
dense_per_question_n500_d10_20260726_r01,dense,per_question,5ab2659e554299340b5254b2,3,Khosrow IV,0.48300397396087646
dense_per_question_n500_d10_20260726_r01,dense,per_question,5ab2659e554299340b5254b2,4,Duchy of Thuringia,0.43570750951766968
dense_per_question_n500_d10_20260726_r01,dense,per_question,5ab2659e554299340b5254b2,5,Samo,0.40500405430793762
dense_per_question_n500_d10_20260726_r01,dense,per_question,5ab2659e554299340b5254b2,6,Suintila,0.34008699655532837
dense_per_question_n500_d10_20260726_r01,dense,per_question,5ab2659e554299340b5254b2,7,Sasanian Empire,0.33834794163703918
dense_per_question_n500_d10_20260726_r01,dense,per_question,5ab2659e554299340b5254b2,8,Chach of Alor,0.33174195885658264
dense_per_question_n500_d10_20260726_r01,dense,per_question,5ab2659e554299340b5254b2,9,Ashur-etil-ilani,0.31848257780075073
dense_per_question_n500_d10_20260726_r01,dense,per_question,5ab2659e554299340b5254b2,10,Samo's Empire,0.30372580885887146
dense_per_question_n500_d10_20260726_r01,dense,per_question,5ab271fe554299449642c8a6,1,The Importance of Being Icelandic,0.52182847261428833
dense_per_question_n500_d10_20260726_r01,dense,per_question,5ab271fe554299449642c8a6,2,Music composition and composers in Pristina,0.41515213251113892
dense_per_question_n500_d10_20260726_r01,dense,per_question,5ab271fe554299449642c8a6,3,The Five Obstructions,0.41212838888168335
dense_per_question_n500_d10_20260726_r01,dense,per_question,5ab271fe554299449642c8a6,4,Parody film,0.2968413233757019
dense_per_question_n500_d10_20260726_r01,dense,per_question,5ab271fe554299449642c8a6,5,Three are Three,0.25673073530197144
dense_per_question_n500_d10_20260726_r01,dense,per_question,5ab271fe554299449642c8a6,6,Buddy film,0.25179290771484375
dense_per_question_n500_d10_20260726_r01,dense,per_question,5ab271fe554299449642c8a6,7,Poetical Refugee,0.21376241743564606
dense_per_question_n500_d10_20260726_r01,dense,per_question,5ab271fe554299449642c8a6,8,Take 21,0.19229796528816223
dense_per_question_n500_d10_20260726_r01,dense,per_question,5ab271fe554299449642c8a6,9,Film laboratory,0.1764644980430603
dense_per_question_n500_d10_20260726_r01,dense,per_question,5ab271fe554299449642c8a6,10,Jackie Lou Blanco,0.07110334187746048
dense_per_question_n500_d10_20260726_r01,dense,per_question,5ab28019554299722f9b4d51,1,Son of al Qaeda,0.39908149838447571
dense_per_question_n500_d10_20260726_r01,dense,per_question,5ab28019554299722f9b4d51,2,Al Utouriya,0.38298124074935913
dense_per_question_n500_d10_20260726_r01,dense,per_question,5ab28019554299722f9b4d51,3,Kasia Al Thani,0.37507030367851257
dense_per_question_n500_d10_20260726_r01,dense,per_question,5ab28019554299722f9b4d51,4,List of largest pharmaceutical settlements,0.33910953998565674
dense_per_question_n500_d10_20260726_r01,dense,per_question,5ab28019554299722f9b4d51,5,"Fraley v. Facebook, Inc.",0.31741440296173096
dense_per_question_n500_d10_20260726_r01,dense,per_question,5ab28019554299722f9b4d51,6,Omar Khadr,0.31401348114013672
dense_per_question_n500_d10_20260726_r01,dense,per_question,5ab28019554299722f9b4d51,7,Mana Al Otaiba,0.30354538559913635
dense_per_question_n500_d10_20260726_r01,dense,per_question,5ab28019554299722f9b4d51,8,Damian Wayne,0.25219637155532837
dense_per_question_n500_d10_20260726_r01,dense,per_question,5ab28019554299722f9b4d51,9,Duty to settle,0.19143852591514587
dense_per_question_n500_d10_20260726_r01,dense,per_question,5ab28019554299722f9b4d51,10,Tell El Sakan,0.18421302735805511
dense_per_question_n500_d10_20260726_r01,dense,per_question,5ab28b12554299449642c8ee,1,Essex dialect,0.67555838823318481
dense_per_question_n500_d10_20260726_r01,dense,per_question,5ab28b12554299449642c8ee,2,Kingdom of Northumbria,0.66551673412322998
dense_per_question_n500_d10_20260726_r01,dense,per_question,5ab28b12554299449642c8ee,3,Northumbrian dialect,0.64797097444534302
dense_per_question_n500_d10_20260726_r01,dense,per_question,5ab28b12554299449642c8ee,4,Cumbrian dialect,0.60848820209503174
dense_per_question_n500_d10_20260726_r01,dense,per_question,5ab28b12554299449642c8ee,5,Humber Forts,0.55178225040435791
dense_per_question_n500_d10_20260726_r01,dense,per_question,5ab28b12554299449642c8ee,6,Humberside,0.5502287745475769
dense_per_question_n500_d10_20260726_r01,dense,per_question,5ab28b12554299449642c8ee,7,Humberhead Levels,0.53538906574249268
dense_per_question_n500_d10_20260726_r01,dense,per_question,5ab28b12554299449642c8ee,8,South Ferriby,0.42007380723953247
dense_per_question_n500_d10_20260726_r01,dense,per_question,5ab28b12554299449642c8ee,9,M180 motorway,0.36061915755271912
dense_per_question_n500_d10_20260726_r01,dense,per_question,5ab28b12554299449642c8ee,10,Humber Warhawks,0.34824350476264954
dense_per_question_n500_d10_20260726_r01,dense,per_question,5ab29c24554299449642c932,1,Giuseppe Verdi,0.66415643692016602
dense_per_question_n500_d10_20260726_r01,dense,per_question,5ab29c24554299449642c932,2,Ambroise Thomas,0.55313569307327271
dense_per_question_n500_d10_20260726_r01,dense,per_question,5ab29c24554299449642c932,3,Giuseppe Verdi (film),0.5376473069190979
dense_per_question_n500_d10_20260726_r01,dense,per_question,5ab29c24554299449642c932,4,"Verdi, the King of Melody",0.53319793939590454
dense_per_question_n500_d10_20260726_r01,dense,per_question,5ab29c24554299449642c932,5,List of major opera composers,0.52077531814575195
dense_per_question_n500_d10_20260726_r01,dense,per_question,5ab29c24554299449642c932,6,Ferdinando Provesi,0.51283186674118042
dense_per_question_n500_d10_20260726_r01,dense,per_question,5ab29c24554299449642c932,7,Teatro Giuseppe Verdi,0.43634867668151855
dense_per_question_n500_d10_20260726_r01,dense,per_question,5ab29c24554299449642c932,8,Bernhard Bötel,0.42661231756210327
dense_per_question_n500_d10_20260726_r01,dense,per_question,5ab29c24554299449642c932,9,Armand Castelmary,0.42487010359764099
dense_per_question_n500_d10_20260726_r01,dense,per_question,5ab29c24554299449642c932,10,Parma Airport,0.27926909923553467
dense_per_question_n500_d10_20260726_r01,dense,per_question,5ab2a186554299295394677b,1,Forbury Gardens,0.54706990718841553
dense_per_question_n500_d10_20260726_r01,dense,per_question,5ab2a186554299295394677b,2,Spalding War Memorial,0.54531049728393555
dense_per_question_n500_d10_20260726_r01,dense,per_question,5ab2a186554299295394677b,3,Maiwand Lion,0.47096118330955505
dense_per_question_n500_d10_20260726_r01,dense,per_question,5ab2a186554299295394677b,4,Devon County War Memorial,0.44467014074325562
dense_per_question_n500_d10_20260726_r01,dense,per_question,5ab2a186554299295394677b,5,Reading Post,0.44370752573013306
dense_per_question_n500_d10_20260726_r01,dense,per_question,5ab2a186554299295394677b,6,The Forbury Hotel,0.43303951621055603
dense_per_question_n500_d10_20260726_r01,dense,per_question,5ab2a186554299295394677b,7,Manchester Cenotaph,0.42063844203948975
dense_per_question_n500_d10_20260726_r01,dense,per_question,5ab2a186554299295394677b,8,York City War Memorial,0.3972821831703186
dense_per_question_n500_d10_20260726_r01,dense,per_question,5ab2a186554299295394677b,9,Dras War Memorial,0.25969028472900391
dense_per_question_n500_d10_20260726_r01,dense,per_question,5ab2a186554299295394677b,10,"St James's Church, Reading",0.23127672076225281
dense_per_question_n500_d10_20260726_r01,dense,per_question,5ab2c5e255429916697740ba,1,60th National Hockey League All-Star Game,0.60861289501190186
dense_per_question_n500_d10_20260726_r01,dense,per_question,5ab2c5e255429916697740ba,2,Ryan Johansen,0.57478880882263184
dense_per_question_n500_d10_20260726_r01,dense,per_question,5ab2c5e255429916697740ba,3,National Hockey League All-Star Game,0.56051135063171387
dense_per_question_n500_d10_20260726_r01,dense,per_question,5ab2c5e255429916697740ba,4,Jonathan Toews,0.55516457557678223
dense_per_question_n500_d10_20260726_r01,dense,per_question,5ab2c5e255429916697740ba,5,Fred Doherty,0.50069701671600342
dense_per_question_n500_d10_20260726_r01,dense,per_question,5ab2c5e255429916697740ba,6,57th National Hockey League All-Star Game,0.49169278144836426
dense_per_question_n500_d10_20260726_r01,dense,per_question,5ab2c5e255429916697740ba,7,NHL All-Star Skills Competition,0.48122590780258179
dense_per_question_n500_d10_20260726_r01,dense,per_question,5ab2c5e255429916697740ba,8,20th National Hockey League All-Star Game,0.47928014397621155
dense_per_question_n500_d10_20260726_r01,dense,per_question,5ab2c5e255429916697740ba,9,Travis Richards,0.44852858781814575
dense_per_question_n500_d10_20260726_r01,dense,per_question,5ab2c5e255429916697740ba,10,List of Stanley Cup champions,0.42716240882873535
dense_per_question_n500_d10_20260726_r01,dense,per_question,5ab2d3df554299194fa9352c,1,Giuseppe Arimondi,0.64316439628601074
dense_per_question_n500_d10_20260726_r01,dense,per_question,5ab2d3df554299194fa9352c,2,First Italo-Ethiopian War,0.56849271059036255
dense_per_question_n500_d10_20260726_r01,dense,per_question,5ab2d3df554299194fa9352c,3,Battle of Adwa,0.56031143665313721
dense_per_question_n500_d10_20260726_r01,dense,per_question,5ab2d3df554299194fa9352c,4,Treaty of Addis Ababa,0.54378443956375122
dense_per_question_n500_d10_20260726_r01,dense,per_question,5ab2d3df554299194fa9352c,5,Second Battle of Agordat,0.48340630531311035
dense_per_question_n500_d10_20260726_r01,dense,per_question,5ab2d3df554299194fa9352c,6,Outline of Ethiopia,0.38605523109436035
dense_per_question_n500_d10_20260726_r01,dense,per_question,5ab2d3df554299194fa9352c,7,Herbert S. Lewis,0.37259820103645325
dense_per_question_n500_d10_20260726_r01,dense,per_question,5ab2d3df554299194fa9352c,8,Ephigenia of Ethiopia,0.34631806612014771
dense_per_question_n500_d10_20260726_r01,dense,per_question,5ab2d3df554299194fa9352c,9,Ethiopia–Japan relations,0.34461337327957153
dense_per_question_n500_d10_20260726_r01,dense,per_question,5ab2d3df554299194fa9352c,10,P'ent'ay,0.16075804829597473
dense_per_question_n500_d10_20260726_r01,dense,per_question,5ab31864554299233954ff06,1,Apratim Majumdar,0.55190372467041016
dense_per_question_n500_d10_20260726_r01,dense,per_question,5ab31864554299233954ff06,2,Sarod,0.44093078374862671
dense_per_question_n500_d10_20260726_r01,dense,per_question,5ab31864554299233954ff06,3,Keyboard glockenspiel,0.35705453157424927
dense_per_question_n500_d10_20260726_r01,dense,per_question,5ab31864554299233954ff06,4,Experimental musical instrument,0.32217389345169067
dense_per_question_n500_d10_20260726_r01,dense,per_question,5ab31864554299233954ff06,5,Udaka vadya,0.31935852766036987
dense_per_question_n500_d10_20260726_r01,dense,per_question,5ab31864554299233954ff06,6,Sousaphone,0.31624540686607361
dense_per_question_n500_d10_20260726_r01,dense,per_question,5ab31864554299233954ff06,7,Bukkehorn,0.27872675657272339
dense_per_question_n500_d10_20260726_r01,dense,per_question,5ab31864554299233954ff06,8,Accompaniment,0.25406041741371155
dense_per_question_n500_d10_20260726_r01,dense,per_question,5ab31864554299233954ff06,9,Asset classes,0.2290090024471283
dense_per_question_n500_d10_20260726_r01,dense,per_question,5ab31864554299233954ff06,10,Chander Bari,0.14261063933372498
dense_per_question_n500_d10_20260726_r01,dense,per_question,5ab3306a55429969a97a80fd,1,The Boatniks,0.65738403797149658
dense_per_question_n500_d10_20260726_r01,dense,per_question,5ab3306a55429969a97a80fd,2,The Great Locomotive Chase,0.62798351049423218
dense_per_question_n500_d10_20260726_r01,dense,per_question,5ab3306a55429969a97a80fd,3,The General (1926 film),0.49394583702087402
dense_per_question_n500_d10_20260726_r01,dense,per_question,5ab3306a55429969a97a80fd,4,The General (locomotive),0.49031856656074524
dense_per_question_n500_d10_20260726_r01,dense,per_question,5ab3306a55429969a97a80fd,5,Rogers Locomotive and Machine Works,0.46880561113357544
dense_per_question_n500_d10_20260726_r01,dense,per_question,5ab3306a55429969a97a80fd,6,The Texas (locomotive),0.46151602268218994
dense_per_question_n500_d10_20260726_r01,dense,per_question,5ab3306a55429969a97a80fd,7,The Yonah (locomotive),0.44081684947013855
dense_per_question_n500_d10_20260726_r01,dense,per_question,5ab3306a55429969a97a80fd,8,The Great Locomotive Chase Festival,0.43567138910293579
dense_per_question_n500_d10_20260726_r01,dense,per_question,5ab3306a55429969a97a80fd,9,Henry P. Haney,0.35410445928573608
dense_per_question_n500_d10_20260726_r01,dense,per_question,5ab3306a55429969a97a80fd,10,"Cornelia, Georgia",0.33598846197128296
dense_per_question_n500_d10_20260726_r01,dense,per_question,5ab341f755429969a97a8114,1,Chim Chim Cher-ee,0.83963477611541748
dense_per_question_n500_d10_20260726_r01,dense,per_question,5ab341f755429969a97a8114,2,My Kind of Town,0.5163198709487915
dense_per_question_n500_d10_20260726_r01,dense,per_question,5ab341f755429969a97a8114,3,Mary Poppins (song),0.49659258127212524
dense_per_question_n500_d10_20260726_r01,dense,per_question,5ab341f755429969a97a8114,4,Mary Poppins (film),0.47795292735099792
dense_per_question_n500_d10_20260726_r01,dense,per_question,5ab341f755429969a97a8114,5,A Man Has Dreams,0.4688604474067688
dense_per_question_n500_d10_20260726_r01,dense,per_question,5ab341f755429969a97a8114,6,I Love to Laugh,0.44936740398406982
dense_per_question_n500_d10_20260726_r01,dense,per_question,5ab341f755429969a97a8114,7,Step in Time,0.43720823526382446
dense_per_question_n500_d10_20260726_r01,dense,per_question,5ab341f755429969a97a8114,8,Mary Poppins Returns,0.36508584022521973
dense_per_question_n500_d10_20260726_r01,dense,per_question,5ab341f755429969a97a8114,9,The Great Movie Ride,0.3418070375919342
dense_per_question_n500_d10_20260726_r01,dense,per_question,5ab341f755429969a97a8114,10,Mary Poppins Opens the Door,0.3063509464263916
dense_per_question_n500_d10_20260726_r01,dense,per_question,5ab3b0bf5542992ade7c6e39,1,Arnold Schwarzenegger filmography,0.52803218364715576
dense_per_question_n500_d10_20260726_r01,dense,per_question,5ab3b0bf5542992ade7c6e39,2,Guns N' Roses discography,0.52594834566116333
dense_per_question_n500_d10_20260726_r01,dense,per_question,5ab3b0bf5542992ade7c6e39,3,Steven Adler,0.45419907569885254
dense_per_question_n500_d10_20260726_r01,dense,per_question,5ab3b0bf5542992ade7c6e39,4,Oh My God (Guns N' Roses song),0.4509662389755249
dense_per_question_n500_d10_20260726_r01,dense,per_question,5ab3b0bf5542992ade7c6e39,5,Last Action Hero,0.37790399789810181
dense_per_question_n500_d10_20260726_r01,dense,per_question,5ab3b0bf5542992ade7c6e39,6,True Lies,0.33154594898223877
dense_per_question_n500_d10_20260726_r01,dense,per_question,5ab3b0bf5542992ade7c6e39,7,End of Days (film),0.29182007908821106
dense_per_question_n500_d10_20260726_r01,dense,per_question,5ab3b0bf5542992ade7c6e39,8,Hammerjack's,0.1948525607585907
dense_per_question_n500_d10_20260726_r01,dense,per_question,5ab3b0bf5542992ade7c6e39,9,Get Christie Love!,0.18438717722892761
dense_per_question_n500_d10_20260726_r01,dense,per_question,5ab3b0bf5542992ade7c6e39,10,Faction Punk,0.18190333247184753
dense_per_question_n500_d10_20260726_r01,dense,per_question,5ab3d69255429969a97a81c9,1,VMF-213,0.8106691837310791
dense_per_question_n500_d10_20260726_r01,dense,per_question,5ab3d69255429969a97a81c9,2,VMF-512,0.77156960964202881
dense_per_question_n500_d10_20260726_r01,dense,per_question,5ab3d69255429969a97a81c9,3,VMF-222,0.73757994174957275
dense_per_question_n500_d10_20260726_r01,dense,per_question,5ab3d69255429969a97a81c9,4,VMF-221,0.73153674602508545
dense_per_question_n500_d10_20260726_r01,dense,per_question,5ab3d69255429969a97a81c9,5,VMF-452,0.70797735452651978
dense_per_question_n500_d10_20260726_r01,dense,per_question,5ab3d69255429969a97a81c9,6,VMF-511,0.69483482837677002
dense_per_question_n500_d10_20260726_r01,dense,per_question,5ab3d69255429969a97a81c9,7,VMF-111,0.68390941619873047
dense_per_question_n500_d10_20260726_r01,dense,per_question,5ab3d69255429969a97a81c9,8,VMF-215,0.67164731025695801
dense_per_question_n500_d10_20260726_r01,dense,per_question,5ab3d69255429969a97a81c9,9,VMF-236,0.66920226812362671
dense_per_question_n500_d10_20260726_r01,dense,per_question,5ab3d69255429969a97a81c9,10,USS Essex (CV-9),0.4711838960647583
dense_per_question_n500_d10_20260726_r01,dense,per_question,5ab3e45655429976abd1bcd4,1,Vermont Catamounts men's soccer,0.85190832614898682
dense_per_question_n500_d10_20260726_r01,dense,per_question,5ab3e45655429976abd1bcd4,2,Vermont Catamounts men's ice hockey,0.77734357118606567
dense_per_question_n500_d10_20260726_r01,dense,per_question,5ab3e45655429976abd1bcd4,3,Vermont Catamounts men's basketball,0.75643348693847656
dense_per_question_n500_d10_20260726_r01,dense,per_question,5ab3e45655429976abd1bcd4,4,2010–11 Vermont Catamounts men's basketball team,0.71950149536132812
dense_per_question_n500_d10_20260726_r01,dense,per_question,5ab3e45655429976abd1bcd4,5,2016–17 Vermont Catamounts men's basketball team,0.69823503494262695
dense_per_question_n500_d10_20260726_r01,dense,per_question,5ab3e45655429976abd1bcd4,6,2013–14 Vermont Catamounts men's basketball team,0.69569450616836548
dense_per_question_n500_d10_20260726_r01,dense,per_question,5ab3e45655429976abd1bcd4,7,2012–13 Vermont Catamounts men's basketball team,0.69551438093185425
dense_per_question_n500_d10_20260726_r01,dense,per_question,5ab3e45655429976abd1bcd4,8,2015–16 Vermont Catamounts men's basketball team,0.69361293315887451
dense_per_question_n500_d10_20260726_r01,dense,per_question,5ab3e45655429976abd1bcd4,9,2011–12 Vermont Catamounts men's basketball team,0.68121910095214844
dense_per_question_n500_d10_20260726_r01,dense,per_question,5ab3e45655429976abd1bcd4,10,America East Conference,0.4293636679649353
dense_per_question_n500_d10_20260726_r01,dense,per_question,5ab41d855542996a3a969f4b,1,Kent County Cricket Club in 2011,0.5916939377784729
dense_per_question_n500_d10_20260726_r01,dense,per_question,5ab41d855542996a3a969f4b,2,Kent County Cricket Club in 2013,0.57627439498901367
dense_per_question_n500_d10_20260726_r01,dense,per_question,5ab41d855542996a3a969f4b,3,Kent County Cricket Club in 2010,0.55080562829971313
dense_per_question_n500_d10_20260726_r01,dense,per_question,5ab41d855542996a3a969f4b,4,Wahab Riaz,0.53802341222763062
dense_per_question_n500_d10_20260726_r01,dense,per_question,5ab41d855542996a3a969f4b,5,Tom Caplen,0.50311213731765747
dense_per_question_n500_d10_20260726_r01,dense,per_question,5ab41d855542996a3a969f4b,6,Arthur Fielder,0.50258439779281616
dense_per_question_n500_d10_20260726_r01,dense,per_question,5ab41d855542996a3a969f4b,7,Doug Bollinger,0.49941462278366089
dense_per_question_n500_d10_20260726_r01,dense,per_question,5ab41d855542996a3a969f4b,8,List of Kent County Cricket Club captains,0.47494947910308838
dense_per_question_n500_d10_20260726_r01,dense,per_question,5ab41d855542996a3a969f4b,9,Wayne Parnell,0.45804563164710999
dense_per_question_n500_d10_20260726_r01,dense,per_question,5ab41d855542996a3a969f4b,10,Jack Mason,0.41106876730918884
dense_per_question_n500_d10_20260726_r01,dense,per_question,5ab446d455429942dd415f07,1,Gargoyles (TV series),0.60746514797210693
dense_per_question_n500_d10_20260726_r01,dense,per_question,5ab446d455429942dd415f07,2,Gargoyles the Movie: The Heroes Awaken,0.58973300457000732
dense_per_question_n500_d10_20260726_r01,dense,per_question,5ab446d455429942dd415f07,3,Escalante Petrified Forest State Park,0.25001221895217896
dense_per_question_n500_d10_20260726_r01,dense,per_question,5ab446d455429942dd415f07,4,Shadow War,0.13461269438266754
dense_per_question_n500_d10_20260726_r01,dense,per_question,5ab446d455429942dd415f07,5,A Million Miles in a Thousand Years,0.12408480048179626
dense_per_question_n500_d10_20260726_r01,dense,per_question,5ab446d455429942dd415f07,6,Rainbow Girl,0.0946483314037323
dense_per_question_n500_d10_20260726_r01,dense,per_question,5ab446d455429942dd415f07,7,Race of a Thousand Years,0.079116381704807281
dense_per_question_n500_d10_20260726_r01,dense,per_question,5ab446d455429942dd415f07,8,Beer in Hungary,0.064513690769672394
dense_per_question_n500_d10_20260726_r01,dense,per_question,5ab446d455429942dd415f07,9,Quaternary,0.063944548368453979
dense_per_question_n500_d10_20260726_r01,dense,per_question,5ab446d455429942dd415f07,10,Desert kite,0.063368245959281921
dense_per_question_n500_d10_20260726_r01,dense,per_question,5ab45a0b5542991779162c7e,1,Viaport Rotterdam,0.81444531679153442
dense_per_question_n500_d10_20260726_r01,dense,per_question,5ab45a0b5542991779162c7e,2,Wilton Mall,0.5587993860244751
dense_per_question_n500_d10_20260726_r01,dense,per_question,5ab45a0b5542991779162c7e,3,ViaPort Florida,0.45619964599609375
dense_per_question_n500_d10_20260726_r01,dense,per_question,5ab45a0b5542991779162c7e,4,Karcher Mall,0.42670783400535583
dense_per_question_n500_d10_20260726_r01,dense,per_question,5ab45a0b5542991779162c7e,5,Original Outlet Mall,0.41249430179595947
dense_per_question_n500_d10_20260726_r01,dense,per_question,5ab45a0b5542991779162c7e,6,Pierre Bossier Mall,0.40746808052062988
dense_per_question_n500_d10_20260726_r01,dense,per_question,5ab45a0b5542991779162c7e,7,Saratoga Mall,0.40456598997116089
dense_per_question_n500_d10_20260726_r01,dense,per_question,5ab45a0b5542991779162c7e,8,Birchwood Mall,0.39863878488540649
dense_per_question_n500_d10_20260726_r01,dense,per_question,5ab45a0b5542991779162c7e,9,"Eastland Mall (Charlotte, North Carolina)",0.38114696741104126
dense_per_question_n500_d10_20260726_r01,dense,per_question,5ab45a0b5542991779162c7e,10,Hubert Wilton,0.29372650384902954
dense_per_question_n500_d10_20260726_r01,dense,per_question,5ab47cd75542991751b4d78d,1,2007 Cleveland Browns season,0.73065674304962158
dense_per_question_n500_d10_20260726_r01,dense,per_question,5ab47cd75542991751b4d78d,2,2011 Cleveland Browns season,0.72636711597442627
dense_per_question_n500_d10_20260726_r01,dense,per_question,5ab47cd75542991751b4d78d,3,2012 Cleveland Browns season,0.72524368762969971
dense_per_question_n500_d10_20260726_r01,dense,per_question,5ab47cd75542991751b4d78d,4,2009 Cleveland Browns season,0.72322666645050049
dense_per_question_n500_d10_20260726_r01,dense,per_question,5ab47cd75542991751b4d78d,5,2010 Cleveland Browns season,0.71270185708999634
dense_per_question_n500_d10_20260726_r01,dense,per_question,5ab47cd75542991751b4d78d,6,2008 Cleveland Browns season,0.68700814247131348
dense_per_question_n500_d10_20260726_r01,dense,per_question,5ab47cd75542991751b4d78d,7,AFC North,0.58813470602035522
dense_per_question_n500_d10_20260726_r01,dense,per_question,5ab47cd75542991751b4d78d,8,Lamar Chapman,0.43279692530632019
dense_per_question_n500_d10_20260726_r01,dense,per_question,5ab47cd75542991751b4d78d,9,Ron Snidow,0.29204672574996948
dense_per_question_n500_d10_20260726_r01,dense,per_question,5ab47cd75542991751b4d78d,10,Freddie Summers,0.28681829571723938
dense_per_question_n500_d10_20260726_r01,dense,per_question,5ab47d765542991751b4d78f,1,1991 Mr. Olympia,0.71064352989196777
dense_per_question_n500_d10_20260726_r01,dense,per_question,5ab47d765542991751b4d78f,2,1991 Ms. Olympia,0.65995007753372192
dense_per_question_n500_d10_20260726_r01,dense,per_question,5ab47d765542991751b4d78f,3,1980 Ms. Olympia,0.63406044244766235
dense_per_question_n500_d10_20260726_r01,dense,per_question,5ab47d765542991751b4d78f,4,1981 Ms. Olympia,0.62163102626800537
dense_per_question_n500_d10_20260726_r01,dense,per_question,5ab47d765542991751b4d78f,5,1975 Mr. Olympia,0.60340714454650879
dense_per_question_n500_d10_20260726_r01,dense,per_question,5ab47d765542991751b4d78f,6,2010 Ms. Olympia,0.59117376804351807
dense_per_question_n500_d10_20260726_r01,dense,per_question,5ab47d765542991751b4d78f,7,2011 Ms. Olympia,0.58000248670578003
dense_per_question_n500_d10_20260726_r01,dense,per_question,5ab47d765542991751b4d78f,8,2012 Ms. Olympia,0.56087863445281982
dense_per_question_n500_d10_20260726_r01,dense,per_question,5ab47d765542991751b4d78f,9,2017 Mr. Olympia,0.53270280361175537
dense_per_question_n500_d10_20260726_r01,dense,per_question,5ab47d765542991751b4d78f,10,Walt Disney World Dolphin,0.25186565518379211
dense_per_question_n500_d10_20260726_r01,dense,per_question,5ab48c325542996a3a969f93,1,Tostig Godwinson,0.61242151260375977
dense_per_question_n500_d10_20260726_r01,dense,per_question,5ab48c325542996a3a969f93,2,Leofwine Godwinson,0.60930657386779785
dense_per_question_n500_d10_20260726_r01,dense,per_question,5ab48c325542996a3a969f93,3,"Godwin, Earl of Wessex",0.56431877613067627
dense_per_question_n500_d10_20260726_r01,dense,per_question,5ab48c325542996a3a969f93,4,Battle of Stamford Bridge,0.48906970024108887
dense_per_question_n500_d10_20260726_r01,dense,per_question,5ab48c325542996a3a969f93,5,Cultural depictions of Harold Godwinson,0.48862716555595398
dense_per_question_n500_d10_20260726_r01,dense,per_question,5ab48c325542996a3a969f93,6,Gytha Thorkelsdóttir,0.45145106315612793
dense_per_question_n500_d10_20260726_r01,dense,per_question,5ab48c325542996a3a969f93,7,The Last English King,0.44292110204696655
dense_per_question_n500_d10_20260726_r01,dense,per_question,5ab48c325542996a3a969f93,8,Edith the Fair,0.37324857711791992
dense_per_question_n500_d10_20260726_r01,dense,per_question,5ab48c325542996a3a969f93,9,Edith Walks,0.34216788411140442
dense_per_question_n500_d10_20260726_r01,dense,per_question,5ab48c325542996a3a969f93,10,Waltham Abbey Church,0.33931365609169006
dense_per_question_n500_d10_20260726_r01,dense,per_question,5ab4e3065542990594ba9cb4,1,Truth in Science,0.60854852199554443
dense_per_question_n500_d10_20260726_r01,dense,per_question,5ab4e3065542990594ba9cb4,2,Discovery Institute,0.49737405776977539
dense_per_question_n500_d10_20260726_r01,dense,per_question,5ab4e3065542990594ba9cb4,3,Truth (anti-tobacco campaign),0.43465486168861389
dense_per_question_n500_d10_20260726_r01,dense,per_question,5ab4e3065542990594ba9cb4,4,Discovery Museum and Planetarium,0.39217346906661987
dense_per_question_n500_d10_20260726_r01,dense,per_question,5ab4e3065542990594ba9cb4,5,Truth Initiative,0.37675637006759644
dense_per_question_n500_d10_20260726_r01,dense,per_question,5ab4e3065542990594ba9cb4,6,Discovery Networks Benelux,0.31324195861816406
dense_per_question_n500_d10_20260726_r01,dense,per_question,5ab4e3065542990594ba9cb4,7,Every Voice,0.27362543344497681
dense_per_question_n500_d10_20260726_r01,dense,per_question,5ab4e3065542990594ba9cb4,8,I Am... Gabriel,0.11960099637508392
dense_per_question_n500_d10_20260726_r01,dense,per_question,5ab4e3065542990594ba9cb4,9,The Last Embrace,0.051871515810489655
dense_per_question_n500_d10_20260726_r01,dense,per_question,5ab4e3065542990594ba9cb4,10,Extrema (band),-0.035082191228866577
dense_per_question_n500_d10_20260726_r01,dense,per_question,5ab5057b5542991779162d56,1,Wishing Stairs,0.75993657112121582
dense_per_question_n500_d10_20260726_r01,dense,per_question,5ab5057b5542991779162d56,2,Voice (film),0.47732585668563843
dense_per_question_n500_d10_20260726_r01,dense,per_question,5ab5057b5542991779162d56,3,Song Ji-hyo,0.47015193104743958
dense_per_question_n500_d10_20260726_r01,dense,per_question,5ab5057b5542991779162d56,4,Ninnu Kori,0.35369265079498291
dense_per_question_n500_d10_20260726_r01,dense,per_question,5ab5057b5542991779162d56,5,List of ancient spiral stairs,0.26989257335662842
dense_per_question_n500_d10_20260726_r01,dense,per_question,5ab5057b5542991779162d56,6,Voice type,0.18050655722618103
dense_per_question_n500_d10_20260726_r01,dense,per_question,5ab5057b5542991779162d56,7,Highland Inn,0.11220721155405045
dense_per_question_n500_d10_20260726_r01,dense,per_question,5ab5057b5542991779162d56,8,Rimstone,0.095807157456874847
dense_per_question_n500_d10_20260726_r01,dense,per_question,5ab5057b5542991779162d56,9,Exchange Ilford,0.064895026385784149
dense_per_question_n500_d10_20260726_r01,dense,per_question,5ab5057b5542991779162d56,10,Callington Mill,0.039342284202575684
dense_per_question_n500_d10_20260726_r01,dense,per_question,5ab51dae5542991779162d82,1,Gerald R. Ford International Airport,0.65106195211410522
dense_per_question_n500_d10_20260726_r01,dense,per_question,5ab51dae5542991779162d82,2,Elko Regional Airport,0.57674306631088257
dense_per_question_n500_d10_20260726_r01,dense,per_question,5ab51dae5542991779162d82,3,John Glenn Columbus International Airport,0.53447628021240234
dense_per_question_n500_d10_20260726_r01,dense,per_question,5ab51dae5542991779162d82,4,Bishop International Airport,0.51655763387680054
dense_per_question_n500_d10_20260726_r01,dense,per_question,5ab51dae5542991779162d82,5,Gerald R. Ford Presidential Library,0.47905564308166504
dense_per_question_n500_d10_20260726_r01,dense,per_question,5ab51dae5542991779162d82,6,Gerald R. Ford Freeway,0.46930503845214844
dense_per_question_n500_d10_20260726_r01,dense,per_question,5ab51dae5542991779162d82,7,Raleigh Executive Jetport,0.38521209359169006
dense_per_question_n500_d10_20260726_r01,dense,per_question,5ab51dae5542991779162d82,8,Grantley Adams International Airport,0.36233651638031006
dense_per_question_n500_d10_20260726_r01,dense,per_question,5ab51dae5542991779162d82,9,Pensacola International Airport,0.342079758644104
dense_per_question_n500_d10_20260726_r01,dense,per_question,5ab51dae5542991779162d82,10,Pre-Commissioning Unit,0.24433416128158569
dense_per_question_n500_d10_20260726_r01,dense,per_question,5ab531cc5542990594ba9d23,1,Park City Center,0.53462046384811401
dense_per_question_n500_d10_20260726_r01,dense,per_question,5ab531cc5542990594ba9d23,2,KGOT,0.52626693248748779
dense_per_question_n500_d10_20260726_r01,dense,per_question,5ab531cc5542990594ba9d23,3,Kentucky Oaks Mall,0.50293648242950439
dense_per_question_n500_d10_20260726_r01,dense,per_question,5ab531cc5542990594ba9d23,4,Pavilion Mall,0.48327925801277161
dense_per_question_n500_d10_20260726_r01,dense,per_question,5ab531cc5542990594ba9d23,5,Dimond Center,0.46956855058670044
dense_per_question_n500_d10_20260726_r01,dense,per_question,5ab531cc5542990594ba9d23,6,Mall of Georgia,0.43219098448753357
dense_per_question_n500_d10_20260726_r01,dense,per_question,5ab531cc5542990594ba9d23,7,Mall of New Hampshire,0.41212296485900879
dense_per_question_n500_d10_20260726_r01,dense,per_question,5ab531cc5542990594ba9d23,8,Bedok Mall,0.39786159992218018
dense_per_question_n500_d10_20260726_r01,dense,per_question,5ab531cc5542990594ba9d23,9,SM City Cebu,0.36541521549224854
dense_per_question_n500_d10_20260726_r01,dense,per_question,5ab531cc5542990594ba9d23,10,Tower City station,0.35741609334945679
dense_per_question_n500_d10_20260726_r01,dense,per_question,5ab5499e5542992aa134a295,1,Luke Clark,0.69519937038421631
dense_per_question_n500_d10_20260726_r01,dense,per_question,5ab5499e5542992aa134a295,2,Luke Hubbins,0.44063824415206909
dense_per_question_n500_d10_20260726_r01,dense,per_question,5ab5499e5542992aa134a295,3,Leigh Broxham,0.35317105054855347
dense_per_question_n500_d10_20260726_r01,dense,per_question,5ab5499e5542992aa134a295,4,Michalis Bakakis,0.33361265063285828
dense_per_question_n500_d10_20260726_r01,dense,per_question,5ab5499e5542992aa134a295,5,Nico Pandiani,0.27340918779373169
dense_per_question_n500_d10_20260726_r01,dense,per_question,5ab5499e5542992aa134a295,6,Atiqur Rahman Meshu,0.21921393275260925
dense_per_question_n500_d10_20260726_r01,dense,per_question,5ab5499e5542992aa134a295,7,Martin Linnes,0.21844664216041565
dense_per_question_n500_d10_20260726_r01,dense,per_question,5ab5499e5542992aa134a295,8,Curzon Ashton F.C.,0.17998407781124115
dense_per_question_n500_d10_20260726_r01,dense,per_question,5ab5499e5542992aa134a295,9,Ibrahim Tall,0.15623825788497925
dense_per_question_n500_d10_20260726_r01,dense,per_question,5ab5499e5542992aa134a295,10,Bjørn Helge Riise,0.14527583122253418
dense_per_question_n500_d10_20260726_r01,dense,per_question,5ab56e32554299637185c594,1,Random House Tower,0.67899537086486816
dense_per_question_n500_d10_20260726_r01,dense,per_question,5ab56e32554299637185c594,2,888 7th Avenue,0.555705726146698
dense_per_question_n500_d10_20260726_r01,dense,per_question,5ab56e32554299637185c594,3,Villard (imprint),0.37047857046127319
dense_per_question_n500_d10_20260726_r01,dense,per_question,5ab56e32554299637185c594,4,Carl B. Stokes United States Courthouse,0.27575361728668213
dense_per_question_n500_d10_20260726_r01,dense,per_question,5ab56e32554299637185c594,5,Real estate technology,0.27265998721122742
dense_per_question_n500_d10_20260726_r01,dense,per_question,5ab56e32554299637185c594,6,Real estate benchmarking,0.21352021396160126
dense_per_question_n500_d10_20260726_r01,dense,per_question,5ab56e32554299637185c594,7,South Phoenix,0.20561361312866211
dense_per_question_n500_d10_20260726_r01,dense,per_question,5ab56e32554299637185c594,8,Pershing Square Capital Management,0.19540566205978394
dense_per_question_n500_d10_20260726_r01,dense,per_question,5ab56e32554299637185c594,9,"Hounsfield Heights/Briar Hill, Calgary",0.18006500601768494
dense_per_question_n500_d10_20260726_r01,dense,per_question,5ab56e32554299637185c594,10,Loan modification in the United States,0.17147764563560486
dense_per_question_n500_d10_20260726_r01,dense,per_question,5ab5b6c1554299637185c5e5,1,Valli (album),0.53468573093414307
dense_per_question_n500_d10_20260726_r01,dense,per_question,5ab5b6c1554299637185c5e5,2,The Four Seasons (band),0.47078537940979004
dense_per_question_n500_d10_20260726_r01,dense,per_question,5ab5b6c1554299637185c5e5,3,Bobby Fox,0.44012200832366943
dense_per_question_n500_d10_20260726_r01,dense,per_question,5ab5b6c1554299637185c5e5,4,Jersey Boys: Original Broadway Cast Recording,0.4112047553062439
dense_per_question_n500_d10_20260726_r01,dense,per_question,5ab5b6c1554299637185c5e5,5,The Wonder Who?,0.40113437175750732
dense_per_question_n500_d10_20260726_r01,dense,per_question,5ab5b6c1554299637185c5e5,6,Can't Take My Eyes Off You,0.34622764587402344
dense_per_question_n500_d10_20260726_r01,dense,per_question,5ab5b6c1554299637185c5e5,7,My Eyes Adored You,0.32844278216362
dense_per_question_n500_d10_20260726_r01,dense,per_question,5ab5b6c1554299637185c5e5,8,Hellogoodbye,0.32823532819747925
dense_per_question_n500_d10_20260726_r01,dense,per_question,5ab5b6c1554299637185c5e5,9,Dean Valli,0.22311314940452576
dense_per_question_n500_d10_20260726_r01,dense,per_question,5ab5b6c1554299637185c5e5,10,Roy Roman,0.14866051077842712
dense_per_question_n500_d10_20260726_r01,dense,per_question,5ab5ed505542997d4ad1f255,1,Bruce Spizer,0.56902420520782471
dense_per_question_n500_d10_20260726_r01,dense,per_question,5ab5ed505542997d4ad1f255,2,Cultural depictions of Elvis Presley,0.35070124268531799
dense_per_question_n500_d10_20260726_r01,dense,per_question,5ab5ed505542997d4ad1f255,3,The Beach Boys,0.2910841703414917
dense_per_question_n500_d10_20260726_r01,dense,per_question,5ab5ed505542997d4ad1f255,4,The Beatles,0.23371054232120514
dense_per_question_n500_d10_20260726_r01,dense,per_question,5ab5ed505542997d4ad1f255,5,Christian Death,0.21795901656150818
dense_per_question_n500_d10_20260726_r01,dense,per_question,5ab5ed505542997d4ad1f255,6,Cultural impact of the Beatles,0.21323263645172119
dense_per_question_n500_d10_20260726_r01,dense,per_question,5ab5ed505542997d4ad1f255,7,Marsha Albert,0.20724701881408691
dense_per_question_n500_d10_20260726_r01,dense,per_question,5ab5ed505542997d4ad1f255,8,Azra,0.2039540708065033
dense_per_question_n500_d10_20260726_r01,dense,per_question,5ab5ed505542997d4ad1f255,9,Adam and the Ants,0.16628363728523254
dense_per_question_n500_d10_20260726_r01,dense,per_question,5ab5ed505542997d4ad1f255,10,Cargo Records (Canada),0.16606783866882324
dense_per_question_n500_d10_20260726_r01,dense,per_question,5ab5f854554299637185c64e,1,Adnan Akmal,0.71376627683639526
dense_per_question_n500_d10_20260726_r01,dense,per_question,5ab5f854554299637185c64e,2,Kamran Akmal,0.70773923397064209
dense_per_question_n500_d10_20260726_r01,dense,per_question,5ab5f854554299637185c64e,3,"Mohammad Salman (cricketer, born 1981)",0.59771132469177246
dense_per_question_n500_d10_20260726_r01,dense,per_question,5ab5f854554299637185c64e,4,Umar Akmal,0.59496915340423584
dense_per_question_n500_d10_20260726_r01,dense,per_question,5ab5f854554299637185c64e,5,Kamran Rasheed,0.49164962768554688
dense_per_question_n500_d10_20260726_r01,dense,per_question,5ab5f854554299637185c64e,6,"Imran Ali (cricketer, born 1985)",0.47976565361022949
dense_per_question_n500_d10_20260726_r01,dense,per_question,5ab5f854554299637185c64e,7,Zulqarnain Haider,0.43931698799133301
dense_per_question_n500_d10_20260726_r01,dense,per_question,5ab5f854554299637185c64e,8,2013 East Africa Premier League,0.42830675840377808
dense_per_question_n500_d10_20260726_r01,dense,per_question,5ab5f854554299637185c64e,9,Lahore Qalandars in 2016,0.41891300678253174
dense_per_question_n500_d10_20260726_r01,dense,per_question,5ab5f854554299637185c64e,10,999 (Malaysian TV series),0.1396729052066803
dense_per_question_n500_d10_20260726_r01,dense,per_question,5ab626d555429953192ad279,1,Anthony Avent,0.61435484886169434
dense_per_question_n500_d10_20260726_r01,dense,per_question,5ab626d555429953192ad279,2,Larry Friend,0.43801796436309814
dense_per_question_n500_d10_20260726_r01,dense,per_question,5ab626d555429953192ad279,3,Presley Askew,0.42934185266494751
dense_per_question_n500_d10_20260726_r01,dense,per_question,5ab626d555429953192ad279,4,James Blackmon Sr.,0.40650078654289246
dense_per_question_n500_d10_20260726_r01,dense,per_question,5ab626d555429953192ad279,5,Jeff Horner,0.28770285844802856
dense_per_question_n500_d10_20260726_r01,dense,per_question,5ab626d555429953192ad279,6,Weldon Drew,0.25578898191452026
dense_per_question_n500_d10_20260726_r01,dense,per_question,5ab626d555429953192ad279,7,"Newark, New Jersey",0.13145902752876282
dense_per_question_n500_d10_20260726_r01,dense,per_question,5ab626d555429953192ad279,8,Finchampstead,0.088880822062492371
dense_per_question_n500_d10_20260726_r01,dense,per_question,5ab626d555429953192ad279,9,"Canton, Michigan",0.037404872477054596
dense_per_question_n500_d10_20260726_r01,dense,per_question,5ab626d555429953192ad279,10,Kelsall,0.026521628722548485
dense_per_question_n500_d10_20260726_r01,dense,per_question,5ab6369655429953192ad2a1,1,Eucryphia,0.62544506788253784
dense_per_question_n500_d10_20260726_r01,dense,per_question,5ab6369655429953192ad2a1,2,Lepidozamia,0.61567926406860352
dense_per_question_n500_d10_20260726_r01,dense,per_question,5ab642845542995eadeeff8e,1,Laeliocattleya,0.72242581844329834
dense_per_question_n500_d10_20260726_r01,dense,per_question,5ab642845542995eadeeff8e,2,Broughtonia,0.69923627376556396
dense_per_question_n500_d10_20260726_r01,dense,per_question,5ab642845542995eadeeff8e,3,Broughtonia sanguinea,0.66757023334503174
dense_per_question_n500_d10_20260726_r01,dense,per_question,5ab642845542995eadeeff8e,4,Caladenia,0.59300148487091064
dense_per_question_n500_d10_20260726_r01,dense,per_question,5ab642845542995eadeeff8e,5,Paracaleana,0.53364098072052002
dense_per_question_n500_d10_20260726_r01,dense,per_question,5ab642845542995eadeeff8e,6,Hawkinsara,0.50770664215087891
dense_per_question_n500_d10_20260726_r01,dense,per_question,5ab642845542995eadeeff8e,7,William Henry Nicholls,0.49592256546020508
dense_per_question_n500_d10_20260726_r01,dense,per_question,5ab642845542995eadeeff8e,8,Calochilus,0.48263236880302429
dense_per_question_n500_d10_20260726_r01,dense,per_question,5ab642845542995eadeeff8e,9,Cattleytonia,0.46917977929115295
dense_per_question_n500_d10_20260726_r01,dense,per_question,5ab642845542995eadeeff8e,10,Otaara,0.43827307224273682
dense_per_question_n500_d10_20260726_r01,dense,per_question,5ab659e355429954757d324e,1,Three Men on a Horse,0.57055717706680298
dense_per_question_n500_d10_20260726_r01,dense,per_question,5ab659e355429954757d324e,2,DeObia Oparei,0.35960355401039124
dense_per_question_n500_d10_20260726_r01,dense,per_question,5ab659e355429954757d324e,3,Jeffrey Stanley,0.35933959484100342
dense_per_question_n500_d10_20260726_r01,dense,per_question,5ab659e355429954757d324e,4,Michael Wynne (playwright),0.32933005690574646
dense_per_question_n500_d10_20260726_r01,dense,per_question,5ab659e355429954757d324e,5,Sumie Tanaka,0.28776571154594421
dense_per_question_n500_d10_20260726_r01,dense,per_question,5ab659e355429954757d324e,6,Bertha Runkle,0.24752160906791687
dense_per_question_n500_d10_20260726_r01,dense,per_question,5ab659e355429954757d324e,7,George Abbott,0.2384735643863678
dense_per_question_n500_d10_20260726_r01,dense,per_question,5ab659e355429954757d324e,8,James Roland MacLaren,0.23736457526683807
dense_per_question_n500_d10_20260726_r01,dense,per_question,5ab659e355429954757d324e,9,Finn Iunker,0.23589393496513367
dense_per_question_n500_d10_20260726_r01,dense,per_question,5ab659e355429954757d324e,10,Lenelle Moïse,0.2108752578496933
dense_per_question_n500_d10_20260726_r01,dense,per_question,5ab67772554299110f219a12,1,J. T. Petty,0.53962874412536621
dense_per_question_n500_d10_20260726_r01,dense,per_question,5ab67772554299110f219a12,2,M Music &amp; Musicians,0.29761672019958496
dense_per_question_n500_d10_20260726_r01,dense,per_question,5ab67772554299110f219a12,3,W. Morgan Petty,0.29448890686035156
dense_per_question_n500_d10_20260726_r01,dense,per_question,5ab67772554299110f219a12,4,Outlast,0.24389100074768066
dense_per_question_n500_d10_20260726_r01,dense,per_question,5ab67772554299110f219a12,5,Petty treason,0.18049371242523193
dense_per_question_n500_d10_20260726_r01,dense,per_question,5ab67772554299110f219a12,6,High treason,0.16420188546180725
dense_per_question_n500_d10_20260726_r01,dense,per_question,5ab67772554299110f219a12,7,Petit jury,0.082988917827606201
dense_per_question_n500_d10_20260726_r01,dense,per_question,5ab67772554299110f219a12,8,Imprest system,0.0706891268491745
dense_per_question_n500_d10_20260726_r01,dense,per_question,5ab67772554299110f219a12,9,Kegelhelm,0.033106010407209396
dense_per_question_n500_d10_20260726_r01,dense,per_question,5ab67772554299110f219a12,10,Uterine cancer,-0.010530369356274605
dense_per_question_n500_d10_20260726_r01,dense,per_question,5ab67bd355429954757d32f2,1,Curt Menefee,0.81711053848266602
dense_per_question_n500_d10_20260726_r01,dense,per_question,5ab67bd355429954757d32f2,2,Michael Strahan,0.67573052644729614
dense_per_question_n500_d10_20260726_r01,dense,per_question,5ab67bd355429954757d32f2,3,Charissa Thompson,0.35802164673805237
dense_per_question_n500_d10_20260726_r01,dense,per_question,5ab67bd355429954757d32f2,4,Fiona Forbes,0.28440052270889282
dense_per_question_n500_d10_20260726_r01,dense,per_question,5ab67bd355429954757d32f2,5,Ray Nitschke,0.26730793714523315
dense_per_question_n500_d10_20260726_r01,dense,per_question,5ab67bd355429954757d32f2,6,Merlin Olsen,0.25815007090568542
dense_per_question_n500_d10_20260726_r01,dense,per_question,5ab67bd355429954757d32f2,7,Al Wilson (offensive lineman),0.25749421119689941
dense_per_question_n500_d10_20260726_r01,dense,per_question,5ab67bd355429954757d32f2,8,Michael Hjälm,0.24341028928756714
dense_per_question_n500_d10_20260726_r01,dense,per_question,5ab67bd355429954757d32f2,9,Bill Freehan,0.20479518175125122
dense_per_question_n500_d10_20260726_r01,dense,per_question,5ab67bd355429954757d32f2,10,Tamika Catchings,0.13273239135742188
dense_per_question_n500_d10_20260726_r01,dense,per_question,5ab69c25554299110f219a39,1,Owsley Stanley,0.60349023342132568
dense_per_question_n500_d10_20260726_r01,dense,per_question,5ab69c25554299110f219a39,2,Old and in the Way (album),0.48466628789901733
dense_per_question_n500_d10_20260726_r01,dense,per_question,5ab69c25554299110f219a39,3,Gary Arlington,0.42410397529602051
dense_per_question_n500_d10_20260726_r01,dense,per_question,5ab69c25554299110f219a39,4,Jory Prum,0.37323105335235596
dense_per_question_n500_d10_20260726_r01,dense,per_question,5ab69c25554299110f219a39,5,Key System,0.22255022823810577
dense_per_question_n500_d10_20260726_r01,dense,per_question,5ab69c25554299110f219a39,6,Ragazzi Boys Chorus,0.19161859154701233
dense_per_question_n500_d10_20260726_r01,dense,per_question,5ab69c25554299110f219a39,7,Codornices Creek,0.15269222855567932
dense_per_question_n500_d10_20260726_r01,dense,per_question,5ab69c25554299110f219a39,8,San Francisco Bay Area Water Trail,0.11715422570705414
dense_per_question_n500_d10_20260726_r01,dense,per_question,5ab69c25554299110f219a39,9,"Oakland, California",0.10210785269737244
dense_per_question_n500_d10_20260726_r01,dense,per_question,5ab69c25554299110f219a39,10,Association of Bay Area Governments,0.076094567775726318
dense_per_question_n500_d10_20260726_r01,dense,per_question,5ab6a2be554299710c8d1f08,1,Battle Beyond the Sun,0.58161067962646484
dense_per_question_n500_d10_20260726_r01,dense,per_question,5ab6a2be554299710c8d1f08,2,I Was a Satellite of the Sun,0.54699420928955078
dense_per_question_n500_d10_20260726_r01,dense,per_question,5ab6a2be554299710c8d1f08,3,Queen of Blood,0.53178268671035767
dense_per_question_n500_d10_20260726_r01,dense,per_question,5ab6a2be554299710c8d1f08,4,Girl Seeks Father,0.44708529114723206
dense_per_question_n500_d10_20260726_r01,dense,per_question,5ab6a2be554299710c8d1f08,5,The Scarlet Flower (1952 film),0.42200225591659546
dense_per_question_n500_d10_20260726_r01,dense,per_question,5ab6a2be554299710c8d1f08,6,Tracker (1987 film),0.37495625019073486
dense_per_question_n500_d10_20260726_r01,dense,per_question,5ab6a2be554299710c8d1f08,7,All Costs Paid,0.37376517057418823
dense_per_question_n500_d10_20260726_r01,dense,per_question,5ab6a2be554299710c8d1f08,8,Older Sister,0.3708670437335968
dense_per_question_n500_d10_20260726_r01,dense,per_question,5ab6a2be554299710c8d1f08,9,Battle Beyond the Stars,0.35317718982696533
dense_per_question_n500_d10_20260726_r01,dense,per_question,5ab6a2be554299710c8d1f08,10,The Key (1961 film),0.26556295156478882
dense_per_question_n500_d10_20260726_r01,dense,per_question,5ab6aaff55429953192ad35b,1,Phoenix Hong Kong Channel,0.77050399780273438
dense_per_question_n500_d10_20260726_r01,dense,per_question,5ab6aaff55429953192ad35b,2,Phoenix Television,0.7388540506362915
dense_per_question_n500_d10_20260726_r01,dense,per_question,5ab6aaff55429953192ad35b,3,Cayman Islands national rugby sevens team,0.53319036960601807
dense_per_question_n500_d10_20260726_r01,dense,per_question,5ab6aaff55429953192ad35b,4,.ky,0.52841293811798096
dense_per_question_n500_d10_20260726_r01,dense,per_question,5ab6aaff55429953192ad35b,5,Cayman Islands at the 2011 Pan American Games,0.47102698683738708
dense_per_question_n500_d10_20260726_r01,dense,per_question,5ab6aaff55429953192ad35b,6,Cayman Enterprise City,0.40732717514038086
dense_per_question_n500_d10_20260726_r01,dense,per_question,5ab6aaff55429953192ad35b,7,Cayman Islands Open 2011,0.40423744916915894
dense_per_question_n500_d10_20260726_r01,dense,per_question,5ab6aaff55429953192ad35b,8,Walkers (law firm),0.38300678133964539
dense_per_question_n500_d10_20260726_r01,dense,per_question,5ab6aaff55429953192ad35b,9,Carey Olsen,0.35046330094337463
dense_per_question_n500_d10_20260726_r01,dense,per_question,5ab6aaff55429953192ad35b,10,Anthony Travers,0.3371816873550415
dense_per_question_n500_d10_20260726_r01,dense,per_question,5ab6ba245542995eadef007f,1,Bamboo Mañalac,0.60328257083892822
dense_per_question_n500_d10_20260726_r01,dense,per_question,5ab6ba245542995eadef007f,2,Bamboo (band),0.5774267315864563
dense_per_question_n500_d10_20260726_r01,dense,per_question,5ab6ba245542995eadef007f,3,Kakoy Legaspi,0.52944183349609375
dense_per_question_n500_d10_20260726_r01,dense,per_question,5ab6ba245542995eadef007f,4,Danny Jones,0.5121452808380127
dense_per_question_n500_d10_20260726_r01,dense,per_question,5ab6ba245542995eadef007f,5,Rivermaya,0.51176232099533081
dense_per_question_n500_d10_20260726_r01,dense,per_question,5ab6ba245542995eadef007f,6,As the Music Plays,0.486794114112854
dense_per_question_n500_d10_20260726_r01,dense,per_question,5ab6ba245542995eadef007f,7,"No Water, No Moon",0.44314789772033691
dense_per_question_n500_d10_20260726_r01,dense,per_question,5ab6ba245542995eadef007f,8,The Voice Teens (Philippine TV series),0.20664244890213013
dense_per_question_n500_d10_20260726_r01,dense,per_question,5ab6ba245542995eadef007f,9,The Voice of the Philippines,0.16634951531887054
dense_per_question_n500_d10_20260726_r01,dense,per_question,5ab6ba245542995eadef007f,10,The Voice Teens (Philippines season 1),0.14680540561676025
dense_per_question_n500_d10_20260726_r01,dense,per_question,5ab6bf6d55429953192ad372,1,Phlebodium,0.80258023738861084
dense_per_question_n500_d10_20260726_r01,dense,per_question,5ab6bf6d55429953192ad372,2,Leptosporangiate fern,0.63837909698486328
dense_per_question_n500_d10_20260726_r01,dense,per_question,5ab6bf6d55429953192ad372,3,Phlebodium aureum,0.62019479274749756
dense_per_question_n500_d10_20260726_r01,dense,per_question,5ab6bf6d55429953192ad372,4,Pieris floribunda,0.59812581539154053
dense_per_question_n500_d10_20260726_r01,dense,per_question,5ab6bf6d55429953192ad372,5,Pieris (plant),0.57818114757537842
dense_per_question_n500_d10_20260726_r01,dense,per_question,5ab6bf6d55429953192ad372,6,Tree fern,0.56197547912597656
dense_per_question_n500_d10_20260726_r01,dense,per_question,5ab6bf6d55429953192ad372,7,Pieris (butterfly),0.51797747611999512
dense_per_question_n500_d10_20260726_r01,dense,per_question,5ab6bf6d55429953192ad372,8,Pieris canidia,0.49012657999992371
dense_per_question_n500_d10_20260726_r01,dense,per_question,5ab6bf6d55429953192ad372,9,Stephanitis takeyai,0.46982935070991516
dense_per_question_n500_d10_20260726_r01,dense,per_question,5ab6bf6d55429953192ad372,10,Sinopieris,0.39832621812820435
dense_per_question_n500_d10_20260726_r01,dense,per_question,5ab6d09255429954757d337d,1,Ernest Mangnall,0.63436853885650635
dense_per_question_n500_d10_20260726_r01,dense,per_question,5ab6d09255429954757d337d,2,Matt Busby,0.61242872476577759
dense_per_question_n500_d10_20260726_r01,dense,per_question,5ab6d09255429954757d337d,3,Alex Ferguson,0.5873410701751709
dense_per_question_n500_d10_20260726_r01,dense,per_question,5ab6d09255429954757d337d,4,David Beckham Academy,0.58170294761657715
dense_per_question_n500_d10_20260726_r01,dense,per_question,5ab6d09255429954757d337d,5,Joshua Parlby,0.57248544692993164
dense_per_question_n500_d10_20260726_r01,dense,per_question,5ab6d09255429954757d337d,6,David Beckham's Soccer USA,0.52920138835906982
dense_per_question_n500_d10_20260726_r01,dense,per_question,5ab6d09255429954757d337d,7,1995–96 Manchester United F.C. season,0.49026226997375488
dense_per_question_n500_d10_20260726_r01,dense,per_question,5ab6d09255429954757d337d,8,The Class of '92,0.43889337778091431
dense_per_question_n500_d10_20260726_r01,dense,per_question,5ab6d09255429954757d337d,9,Sir Matt Busby Sports Complex,0.4336199164390564
dense_per_question_n500_d10_20260726_r01,dense,per_question,5ab6d09255429954757d337d,10,1996 FA Charity Shield,0.3852541446685791
dense_per_question_n500_d10_20260726_r01,dense,per_question,5ab6f0c25542995eadef00ea,1,Buried Country,0.54268431663513184
dense_per_question_n500_d10_20260726_r01,dense,per_question,5ab6f0c25542995eadef00ea,2,South of the Border (2009 film),0.39808544516563416
dense_per_question_n500_d10_20260726_r01,dense,per_question,5ab6f0c25542995eadef00ea,3,Araby Lockhart,0.27270454168319702
dense_per_question_n500_d10_20260726_r01,dense,per_question,5ab6f0c25542995eadef00ea,4,Clinton Walker,0.26068496704101562
dense_per_question_n500_d10_20260726_r01,dense,per_question,5ab6f0c25542995eadef00ea,5,E. J. Carroll,0.21466639637947083
dense_per_question_n500_d10_20260726_r01,dense,per_question,5ab6f0c25542995eadef00ea,6,Manorama (Tamil actress),0.2081129252910614
dense_per_question_n500_d10_20260726_r01,dense,per_question,5ab6f0c25542995eadef00ea,7,Sine Novela,0.19348090887069702
dense_per_question_n500_d10_20260726_r01,dense,per_question,5ab6f0c25542995eadef00ea,8,Woody Guthrie Folk Festival,0.18596246838569641
dense_per_question_n500_d10_20260726_r01,dense,per_question,5ab6f0c25542995eadef00ea,9,Milan Murray,0.17662161588668823
dense_per_question_n500_d10_20260726_r01,dense,per_question,5ab6f0c25542995eadef00ea,10,Leah Flanagan,0.11919112503528595
dense_per_question_n500_d10_20260726_r01,dense,per_question,5ab6ff3a5542991d3222372a,1,James Fieser,0.62351787090301514
dense_per_question_n500_d10_20260726_r01,dense,per_question,5ab6ff3a5542991d3222372a,2,Liberal arts college,0.50453811883926392
dense_per_question_n500_d10_20260726_r01,dense,per_question,5ab6ff3a5542991d3222372a,3,Macalester College,0.4882017970085144
dense_per_question_n500_d10_20260726_r01,dense,per_question,5ab6ff3a5542991d3222372a,4,List of liberal arts colleges,0.48785775899887085
dense_per_question_n500_d10_20260726_r01,dense,per_question,5ab6ff3a5542991d3222372a,5,Bard College Berlin,0.35521918535232544
dense_per_question_n500_d10_20260726_r01,dense,per_question,5ab6ff3a5542991d3222372a,6,Work college,0.33858233690261841
dense_per_question_n500_d10_20260726_r01,dense,per_question,5ab6ff3a5542991d3222372a,7,Alice Lloyd College,0.33816763758659363
dense_per_question_n500_d10_20260726_r01,dense,per_question,5ab6ff3a5542991d3222372a,8,Berea College,0.27288663387298584
dense_per_question_n500_d10_20260726_r01,dense,per_question,5ab6ff3a5542991d3222372a,9,Nancy K. Pearson,0.18539243936538696
dense_per_question_n500_d10_20260726_r01,dense,per_question,5ab6ff3a5542991d3222372a,10,Altruism (ethics),0.04063454270362854
dense_per_question_n500_d10_20260726_r01,dense,per_question,5ab72a025542992aa3b8c7b8,1,A Summer in the Cage,0.66438186168670654
dense_per_question_n500_d10_20260726_r01,dense,per_question,5ab72a025542992aa3b8c7b8,2,American Hardcore (film),0.52917158603668213
dense_per_question_n500_d10_20260726_r01,dense,per_question,5ab72a025542992aa3b8c7b8,3,Punk's Not Dead (2007 film),0.41546928882598877
dense_per_question_n500_d10_20260726_r01,dense,per_question,5ab72a025542992aa3b8c7b8,4,All Ages: The Boston Hardcore Film,0.4066396951675415
dense_per_question_n500_d10_20260726_r01,dense,per_question,5ab72a025542992aa3b8c7b8,5,Combat Zone Wrestling,0.35832095146179199
dense_per_question_n500_d10_20260726_r01,dense,per_question,5ab72a025542992aa3b8c7b8,6,Hellfest (American music festival),0.31114000082015991
dense_per_question_n500_d10_20260726_r01,dense,per_question,5ab72a025542992aa3b8c7b8,7,Deadfall (1993 film),0.30346590280532837
dense_per_question_n500_d10_20260726_r01,dense,per_question,5ab72a025542992aa3b8c7b8,8,The Suicide File,0.25563514232635498
dense_per_question_n500_d10_20260726_r01,dense,per_question,5ab72a025542992aa3b8c7b8,9,I Against I,0.186881422996521
dense_per_question_n500_d10_20260726_r01,dense,per_question,5ab72a025542992aa3b8c7b8,10,"When People Grow, People Go",0.15902569890022278
dense_per_question_n500_d10_20260726_r01,dense,per_question,5ab78edc5542995dae37e95c,1,Tyler Kalinoski,0.67887687683105469
dense_per_question_n500_d10_20260726_r01,dense,per_question,5ab78edc5542995dae37e95c,2,Tyler School of Art,0.43489634990692139
dense_per_question_n500_d10_20260726_r01,dense,per_question,5ab78edc5542995dae37e95c,3,Tyler Consolidated High School,0.42238712310791016
dense_per_question_n500_d10_20260726_r01,dense,per_question,5ab78edc5542995dae37e95c,4,Kevin Lockett,0.32707959413528442
dense_per_question_n500_d10_20260726_r01,dense,per_question,5ab78edc5542995dae37e95c,5,Harvest Time Christian Academy,0.32521742582321167
dense_per_question_n500_d10_20260726_r01,dense,per_question,5ab78edc5542995dae37e95c,6,East Haven High School,0.323508620262146
dense_per_question_n500_d10_20260726_r01,dense,per_question,5ab78edc5542995dae37e95c,7,Olathe East High School,0.29484826326370239
dense_per_question_n500_d10_20260726_r01,dense,per_question,5ab78edc5542995dae37e95c,8,Woodville High School (Texas),0.24642129242420197
dense_per_question_n500_d10_20260726_r01,dense,per_question,5ab78edc5542995dae37e95c,9,Calvin Tyler Scott,0.24232923984527588
dense_per_question_n500_d10_20260726_r01,dense,per_question,5ab78edc5542995dae37e95c,10,Middlebourne Historic District,0.11745306104421616
dense_per_question_n500_d10_20260726_r01,dense,per_question,5ab7bae95542993667793ff4,1,1994 FA Women's Cup Final,0.80993640422821045
dense_per_question_n500_d10_20260726_r01,dense,per_question,5ab7bae95542993667793ff4,2,Doncaster Rovers Belles L.F.C.,0.70309531688690186
dense_per_question_n500_d10_20260726_r01,dense,per_question,5ab7bae95542993667793ff4,3,2002 FA Women's Cup Final,0.67234432697296143
dense_per_question_n500_d10_20260726_r01,dense,per_question,5ab7bae95542993667793ff4,4,1997 FA Women's Cup Final,0.65993434190750122
dense_per_question_n500_d10_20260726_r01,dense,per_question,5ab7bae95542993667793ff4,5,2000 FA Women's Cup Final,0.64929008483886719
dense_per_question_n500_d10_20260726_r01,dense,per_question,5ab7bae95542993667793ff4,6,2017 FA Women's Cup Final,0.57984805107116699
dense_per_question_n500_d10_20260726_r01,dense,per_question,5ab7bae95542993667793ff4,7,2016 FA Women's Cup Final,0.54628610610961914
dense_per_question_n500_d10_20260726_r01,dense,per_question,5ab7bae95542993667793ff4,8,2015 FA Women's Cup Final,0.50636452436447144
dense_per_question_n500_d10_20260726_r01,dense,per_question,5ab7bae95542993667793ff4,9,Glanford Park,0.49311995506286621
dense_per_question_n500_d10_20260726_r01,dense,per_question,5ab7bae95542993667793ff4,10,Sammy Howarth,0.24687919020652771
dense_per_question_n500_d10_20260726_r01,dense,per_question,5ab7bbbf55429928e1fe38bf,1,William Cammisano,0.50372493267059326
dense_per_question_n500_d10_20260726_r01,dense,per_question,5ab7bbbf55429928e1fe38bf,2,Greco Mafia clan,0.46836826205253601
dense_per_question_n500_d10_20260726_r01,dense,per_question,5ab7bbbf55429928e1fe38bf,3,Antonio Cottone,0.46810942888259888
dense_per_question_n500_d10_20260726_r01,dense,per_question,5ab7bbbf55429928e1fe38bf,4,Gaspare Spatuzza,0.46778795123100281
dense_per_question_n500_d10_20260726_r01,dense,per_question,5ab7bbbf55429928e1fe38bf,5,Angelo La Barbera,0.45968419313430786
dense_per_question_n500_d10_20260726_r01,dense,per_question,5ab7bbbf55429928e1fe38bf,6,Kansas City crime family,0.43446284532546997
dense_per_question_n500_d10_20260726_r01,dense,per_question,5ab7bbbf55429928e1fe38bf,7,Calcedonio Di Pisa,0.41763758659362793
dense_per_question_n500_d10_20260726_r01,dense,per_question,5ab7bbbf55429928e1fe38bf,8,Salvatore La Barbera,0.40890783071517944
dense_per_question_n500_d10_20260726_r01,dense,per_question,5ab7bbbf55429928e1fe38bf,9,Antonio Rotolo,0.39083868265151978
dense_per_question_n500_d10_20260726_r01,dense,per_question,5ab7bbbf55429928e1fe38bf,10,Rosario Naimo,0.360322505235672
dense_per_question_n500_d10_20260726_r01,dense,per_question,5ab7c1a955429928e1fe38c8,1,Cressida Bonas,0.59487831592559814
dense_per_question_n500_d10_20260726_r01,dense,per_question,5ab7c1a955429928e1fe38c8,2,Lady Alexandra Curzon,0.48751205205917358
dense_per_question_n500_d10_20260726_r01,dense,per_question,5ab7c1a955429928e1fe38c8,3,One Night in Istanbul,0.29957613348960876
dense_per_question_n500_d10_20260726_r01,dense,per_question,5ab7c1a955429928e1fe38c8,4,Princess Olga of Hanover,0.24981182813644409
dense_per_question_n500_d10_20260726_r01,dense,per_question,5ab7c1a955429928e1fe38c8,5,Sian Powers,0.23230823874473572
dense_per_question_n500_d10_20260726_r01,dense,per_question,5ab7c1a955429928e1fe38c8,6,The Bye Bye Man,0.21921433508396149
dense_per_question_n500_d10_20260726_r01,dense,per_question,5ab7c1a955429928e1fe38c8,7,Love Beats Rhymes,0.19966289401054382
dense_per_question_n500_d10_20260726_r01,dense,per_question,5ab7c1a955429928e1fe38c8,8,Chainsaw (Scream Queens),0.1933228075504303
dense_per_question_n500_d10_20260726_r01,dense,per_question,5ab7c1a955429928e1fe38c8,9,Bottom of the World (film),0.15841227769851685
dense_per_question_n500_d10_20260726_r01,dense,per_question,5ab7c1a955429928e1fe38c8,10,Gelston Castle,0.14316771924495697
dense_per_question_n500_d10_20260726_r01,dense,per_question,5ab7da6f55429928e1fe3928,1,Patrick Kennedy (folklorist),0.87945753335952759
dense_per_question_n500_d10_20260726_r01,dense,per_question,5ab7da6f55429928e1fe3928,2,Irish Fairy Tales,0.58061456680297852
dense_per_question_n500_d10_20260726_r01,dense,per_question,5ab7da6f55429928e1fe3928,3,Jack and His Comrades,0.56759464740753174
dense_per_question_n500_d10_20260726_r01,dense,per_question,5ab7da6f55429928e1fe3928,4,Brian Kennedy (singer),0.56481420993804932
dense_per_question_n500_d10_20260726_r01,dense,per_question,5ab7da6f55429928e1fe3928,5,Patrick Kennedy (1823–1858),0.51773560047149658
dense_per_question_n500_d10_20260726_r01,dense,per_question,5ab7da6f55429928e1fe3928,6,The Greek Princess and the Young Gardener,0.47552365064620972
dense_per_question_n500_d10_20260726_r01,dense,per_question,5ab7da6f55429928e1fe3928,7,Seumas MacManus,0.3925856351852417
dense_per_question_n500_d10_20260726_r01,dense,per_question,5ab7da6f55429928e1fe3928,8,Leinster,0.3397122323513031
dense_per_question_n500_d10_20260726_r01,dense,per_question,5ab7da6f55429928e1fe3928,9,Sindhi folk tales,0.31459718942642212
dense_per_question_n500_d10_20260726_r01,dense,per_question,5ab7da6f55429928e1fe3928,10,Amy Corzine,0.24235790967941284
dense_per_question_n500_d10_20260726_r01,dense,per_question,5ab7e4dc5542995dae37e9df,1,The Polar Bears,0.57956916093826294
dense_per_question_n500_d10_20260726_r01,dense,per_question,5ab7e4dc5542995dae37e9df,2,Armie Hammer,0.50085759162902832
dense_per_question_n500_d10_20260726_r01,dense,per_question,5ab7e4dc5542995dae37e9df,3,Cars 3,0.465221107006073
dense_per_question_n500_d10_20260726_r01,dense,per_question,5ab7e4dc5542995dae37e9df,4,Cheech Marin,0.4129517674446106
dense_per_question_n500_d10_20260726_r01,dense,per_question,5ab7e4dc5542995dae37e9df,5,Ian Stirling (biologist),0.33525750041007996
dense_per_question_n500_d10_20260726_r01,dense,per_question,5ab7e4dc5542995dae37e9df,6,Beatitude (album),0.31747353076934814
dense_per_question_n500_d10_20260726_r01,dense,per_question,5ab7e4dc5542995dae37e9df,7,Kermode bear,0.26718464493751526
dense_per_question_n500_d10_20260726_r01,dense,per_question,5ab7e4dc5542995dae37e9df,8,Wapusk National Park,0.22668273746967316
dense_per_question_n500_d10_20260726_r01,dense,per_question,5ab7e4dc5542995dae37e9df,9,The Lone Ranger (2013 film),0.21541698276996613
dense_per_question_n500_d10_20260726_r01,dense,per_question,5ab7e4dc5542995dae37e9df,10,Nagesh Bhonsle,0.1328732967376709
dense_per_question_n500_d10_20260726_r01,dense,per_question,5ab7f0015542992aa3b8c88b,1,Sean Yseult,0.57833188772201538
dense_per_question_n500_d10_20260726_r01,dense,per_question,5ab7f0015542992aa3b8c88b,2,Supagroup,0.38786253333091736
dense_per_question_n500_d10_20260726_r01,dense,per_question,5ab7f0015542992aa3b8c88b,3,Rodney Slatford,0.37077853083610535
dense_per_question_n500_d10_20260726_r01,dense,per_question,5ab7f0015542992aa3b8c88b,4,Didi Beck,0.35114014148712158
dense_per_question_n500_d10_20260726_r01,dense,per_question,5ab7f0015542992aa3b8c88b,5,Double Dagger,0.34242796897888184
dense_per_question_n500_d10_20260726_r01,dense,per_question,5ab7f0015542992aa3b8c88b,6,Even Steven Levee,0.34223964810371399
dense_per_question_n500_d10_20260726_r01,dense,per_question,5ab7f0015542992aa3b8c88b,7,Dave Meros,0.27859863638877869
dense_per_question_n500_d10_20260726_r01,dense,per_question,5ab7f0015542992aa3b8c88b,8,Zachary Throne,0.23139272630214691
dense_per_question_n500_d10_20260726_r01,dense,per_question,5ab7f0015542992aa3b8c88b,9,Winnebago Deal,0.22773729264736176
dense_per_question_n500_d10_20260726_r01,dense,per_question,5ab7f0015542992aa3b8c88b,10,Walkdown,0.1573043018579483
dense_per_question_n500_d10_20260726_r01,dense,per_question,5ab7f97a5542991d322237ef,1,Opry Mills,0.68216240406036377
dense_per_question_n500_d10_20260726_r01,dense,per_question,5ab7f97a5542991d322237ef,2,Grand Ole Opry,0.52159160375595093
dense_per_question_n500_d10_20260726_r01,dense,per_question,5ab7f97a5542991d322237ef,3,Ryman Auditorium,0.49511802196502686
dense_per_question_n500_d10_20260726_r01,dense,per_question,5ab7f97a5542991d322237ef,4,Music City Queen,0.44133251905441284
dense_per_question_n500_d10_20260726_r01,dense,per_question,5ab7f97a5542991d322237ef,5,Nashville Terminal Subdivision,0.43724381923675537
dense_per_question_n500_d10_20260726_r01,dense,per_question,5ab7f97a5542991d322237ef,6,Keith Bilbrey,0.40949007868766785
dense_per_question_n500_d10_20260726_r01,dense,per_question,5ab7f97a5542991d322237ef,7,John England &amp; the Western Swingers,0.22920653223991394
dense_per_question_n500_d10_20260726_r01,dense,per_question,5ab7f97a5542991d322237ef,8,The Bailey Brothers and the Happy Valley Boys,0.20916369557380676
dense_per_question_n500_d10_20260726_r01,dense,per_question,5ab7f97a5542991d322237ef,9,Bradley Gaskin,0.20508682727813721
dense_per_question_n500_d10_20260726_r01,dense,per_question,5ab7f97a5542991d322237ef,10,Infinity Cat Recordings,0.19359743595123291
dense_per_question_n500_d10_20260726_r01,dense,per_question,5ab802085542990e739ec7ca,1,Alexander Gordon Smith,0.71694815158843994
dense_per_question_n500_d10_20260726_r01,dense,per_question,5ab802085542990e739ec7ca,2,Young adult fiction,0.53790920972824097
dense_per_question_n500_d10_20260726_r01,dense,per_question,5ab802085542990e739ec7ca,3,Irish prose fiction,0.3539273738861084
dense_per_question_n500_d10_20260726_r01,dense,per_question,5ab802085542990e739ec7ca,4,Grant Smith (footballer),0.35317039489746094
dense_per_question_n500_d10_20260726_r01,dense,per_question,5ab802085542990e739ec7ca,5,Escape from Furnace,0.31306231021881104
dense_per_question_n500_d10_20260726_r01,dense,per_question,5ab802085542990e739ec7ca,6,The Inventors,0.26626956462860107
dense_per_question_n500_d10_20260726_r01,dense,per_question,5ab802085542990e739ec7ca,7,George Gordon (bishop),0.24550618231296539
dense_per_question_n500_d10_20260726_r01,dense,per_question,5ab802085542990e739ec7ca,8,James Ogilvie,0.20439009368419647
dense_per_question_n500_d10_20260726_r01,dense,per_question,5ab802085542990e739ec7ca,9,Junior school,0.19929677248001099
dense_per_question_n500_d10_20260726_r01,dense,per_question,5ab802085542990e739ec7ca,10,Sugardaddyforme.com,0.07938162237405777
dense_per_question_n500_d10_20260726_r01,dense,per_question,5ab808ea5542991d3222380e,1,Kauffman Stadium,0.51935535669326782
dense_per_question_n500_d10_20260726_r01,dense,per_question,5ab808ea5542991d3222380e,2,Charles Deaton,0.49195820093154907
dense_per_question_n500_d10_20260726_r01,dense,per_question,5ab808ea5542991d3222380e,3,Arrowhead Stadium,0.45292234420776367
dense_per_question_n500_d10_20260726_r01,dense,per_question,5ab808ea5542991d3222380e,4,Truman Sports Complex,0.43258076906204224
dense_per_question_n500_d10_20260726_r01,dense,per_question,5ab808ea5542991d3222380e,5,2012 Major League Baseball All-Star Game,0.39293909072875977
dense_per_question_n500_d10_20260726_r01,dense,per_question,5ab808ea5542991d3222380e,6,2009 Kansas City Royals season,0.34112012386322021
dense_per_question_n500_d10_20260726_r01,dense,per_question,5ab808ea5542991d3222380e,7,2012 Kansas City Royals season,0.31182652711868286
dense_per_question_n500_d10_20260726_r01,dense,per_question,5ab808ea5542991d3222380e,8,2017 Kansas City Royals season,0.30253559350967407
dense_per_question_n500_d10_20260726_r01,dense,per_question,5ab808ea5542991d3222380e,9,2016 Kansas City Royals season,0.2772902250289917
dense_per_question_n500_d10_20260726_r01,dense,per_question,5ab808ea5542991d3222380e,10,Sculptured House,0.14475774765014648
dense_per_question_n500_d10_20260726_r01,dense,per_question,5ab83d595542990e739ec886,1,Banshee,0.56636524200439453
dense_per_question_n500_d10_20260726_r01,dense,per_question,5ab83d595542990e739ec886,2,VMAQT-1,0.51600438356399536
dense_per_question_n500_d10_20260726_r01,dense,per_question,5ab83d595542990e739ec886,3,Fomorians,0.43081411719322205
dense_per_question_n500_d10_20260726_r01,dense,per_question,5ab83d595542990e739ec886,4,Al Basty,0.42519375681877136
dense_per_question_n500_d10_20260726_r01,dense,per_question,5ab83d595542990e739ec886,5,Sea nymph,0.37108629941940308
dense_per_question_n500_d10_20260726_r01,dense,per_question,5ab83d595542990e739ec886,6,Rusalka,0.35734325647354126
dense_per_question_n500_d10_20260726_r01,dense,per_question,5ab83d595542990e739ec886,7,Pramlocha,0.35551875829696655
dense_per_question_n500_d10_20260726_r01,dense,per_question,5ab83d595542990e739ec886,8,Likhoradka,0.35388621687889099
dense_per_question_n500_d10_20260726_r01,dense,per_question,5ab83d595542990e739ec886,9,Apsara (disambiguation),0.34466660022735596
dense_per_question_n500_d10_20260726_r01,dense,per_question,5ab83d595542990e739ec886,10,Picobrouwerij Alvinne,0.21138060092926025
dense_per_question_n500_d10_20260726_r01,dense,per_question,5ab84bf555429916710eb01f,1,Euromarché,0.73706364631652832
dense_per_question_n500_d10_20260726_r01,dense,per_question,5ab84bf555429916710eb01f,2,Carrefour,0.52562737464904785
dense_per_question_n500_d10_20260726_r01,dense,per_question,5ab84bf555429916710eb01f,3,SavaCentre,0.4615749716758728
dense_per_question_n500_d10_20260726_r01,dense,per_question,5ab84bf555429916710eb01f,4,Tesco Extra,0.39572274684906006
dense_per_question_n500_d10_20260726_r01,dense,per_question,5ab84bf555429916710eb01f,5,Selver,0.35717934370040894
dense_per_question_n500_d10_20260726_r01,dense,per_question,5ab84bf555429916710eb01f,6,Lewis's,0.34430736303329468
dense_per_question_n500_d10_20260726_r01,dense,per_question,5ab84bf555429916710eb01f,7,John A. Brown (department store),0.32884499430656433
dense_per_question_n500_d10_20260726_r01,dense,per_question,5ab84bf555429916710eb01f,8,Uno-X,0.3194890022277832
dense_per_question_n500_d10_20260726_r01,dense,per_question,5ab84bf555429916710eb01f,9,Tazweed Center,0.26128032803535461
dense_per_question_n500_d10_20260726_r01,dense,per_question,5ab84bf555429916710eb01f,10,Holiday Inn Lake Buena Vista Downtown,0.15187221765518188
dense_per_question_n500_d10_20260726_r01,dense,per_question,5ab859a955429934fafe6d7b,1,Back to Mono (1958–1969),0.43559730052947998
dense_per_question_n500_d10_20260726_r01,dense,per_question,5ab859a955429934fafe6d7b,2,Nashville Rebel (box set),0.39931589365005493
dense_per_question_n500_d10_20260726_r01,dense,per_question,5ab859a955429934fafe6d7b,3,Mono Masters,0.3948112428188324
dense_per_question_n500_d10_20260726_r01,dense,per_question,5ab859a955429934fafe6d7b,4,Radiohead Box Set,0.38596895337104797
dense_per_question_n500_d10_20260726_r01,dense,per_question,5ab859a955429934fafe6d7b,5,Trash Box,0.3717072606086731
dense_per_question_n500_d10_20260726_r01,dense,per_question,5ab859a955429934fafe6d7b,6,To Know Him Is to Love Him,0.31471771001815796
dense_per_question_n500_d10_20260726_r01,dense,per_question,5ab859a955429934fafe6d7b,7,"Chrome, Smoke &amp; BBQ",0.31209242343902588
dense_per_question_n500_d10_20260726_r01,dense,per_question,5ab859a955429934fafe6d7b,8,Led Zeppelin Boxed Set 2,0.30728030204772949
dense_per_question_n500_d10_20260726_r01,dense,per_question,5ab859a955429934fafe6d7b,9,The Doors: Vinyl Box Set,0.29121357202529907
dense_per_question_n500_d10_20260726_r01,dense,per_question,5ab859a955429934fafe6d7b,10,Live in Japan (John Coltrane album),0.24757856130599976
dense_per_question_n500_d10_20260726_r01,dense,per_question,5ab85a1155429934fafe6d7c,1,Carnegie Mellon University,0.59852731227874756
dense_per_question_n500_d10_20260726_r01,dense,per_question,5ab85a1155429934fafe6d7c,2,Rutgers University,0.57816994190216064
dense_per_question_n500_d10_20260726_r01,dense,per_question,5ab85a1155429934fafe6d7c,3,Carnegie Mellon University in Qatar,0.54297775030136108
dense_per_question_n500_d10_20260726_r01,dense,per_question,5ab85a1155429934fafe6d7c,4,Gloriana St. Clair,0.30481600761413574
dense_per_question_n500_d10_20260726_r01,dense,per_question,5ab85a1155429934fafe6d7c,5,Venkatesan Guruswami,0.29671576619148254
dense_per_question_n500_d10_20260726_r01,dense,per_question,5ab85a1155429934fafe6d7c,6,CUPS (CMU),0.28950056433677673
dense_per_question_n500_d10_20260726_r01,dense,per_question,5ab85a1155429934fafe6d7c,7,David S. Touretzky,0.24949611723423004
dense_per_question_n500_d10_20260726_r01,dense,per_question,5ab85a1155429934fafe6d7c,8,Lori L. Holt,0.22628720104694366
dense_per_question_n500_d10_20260726_r01,dense,per_question,5ab85a1155429934fafe6d7c,9,Jeff Friedman,0.13955870270729065
dense_per_question_n500_d10_20260726_r01,dense,per_question,5ab85a1155429934fafe6d7c,10,Dzvinia Orlowsky,0.13832077383995056
dense_per_question_n500_d10_20260726_r01,dense,per_question,5ab8688b55429934fafe6daa,1,Maurice Ward,0.37589222192764282
dense_per_question_n500_d10_20260726_r01,dense,per_question,5ab8688b55429934fafe6daa,2,Nidderdale Museum,0.35689744353294373
dense_per_question_n500_d10_20260726_r01,dense,per_question,5ab8688b55429934fafe6daa,3,Bedale,0.33819854259490967
dense_per_question_n500_d10_20260726_r01,dense,per_question,5ab8688b55429934fafe6daa,4,William Levett (baron),0.3287387490272522
dense_per_question_n500_d10_20260726_r01,dense,per_question,5ab8688b55429934fafe6daa,5,Starlite,0.29684537649154663
dense_per_question_n500_d10_20260726_r01,dense,per_question,5ab8688b55429934fafe6daa,6,History of the East Riding of Yorkshire,0.2927824854850769
dense_per_question_n500_d10_20260726_r01,dense,per_question,5ab8688b55429934fafe6daa,7,West Yorkshire Association Football League,0.25326365232467651
dense_per_question_n500_d10_20260726_r01,dense,per_question,5ab8688b55429934fafe6daa,8,Norman Yardley,0.19979734718799591
dense_per_question_n500_d10_20260726_r01,dense,per_question,5ab8688b55429934fafe6daa,9,University of Leeds,0.18862640857696533
dense_per_question_n500_d10_20260726_r01,dense,per_question,5ab8688b55429934fafe6daa,10,"Bradley, North Yorkshire",0.15788668394088745
dense_per_question_n500_d10_20260726_r01,dense,per_question,5ab8854555429934fafe6e0c,1,Hanna Varis,0.68149107694625854
dense_per_question_n500_d10_20260726_r01,dense,per_question,5ab8854555429934fafe6e0c,2,Albertina,0.39103996753692627
dense_per_question_n500_d10_20260726_r01,dense,per_question,5ab8854555429934fafe6e0c,3,Remington Model 51,0.12930977344512939
dense_per_question_n500_d10_20260726_r01,dense,per_question,5ab8854555429934fafe6e0c,4,Gwangjang Market,0.11919224262237549
dense_per_question_n500_d10_20260726_r01,dense,per_question,5ab8854555429934fafe6e0c,5,Pakistan Air Force,0.070758379995822906
dense_per_question_n500_d10_20260726_r01,dense,per_question,5ab8854555429934fafe6e0c,6,United Negro College Fund,0.066598199307918549
dense_per_question_n500_d10_20260726_r01,dense,per_question,5ab8854555429934fafe6e0c,7,Karaboro languages,0.059982255101203918
dense_per_question_n500_d10_20260726_r01,dense,per_question,5ab8854555429934fafe6e0c,8,Darayim District,0.02681756392121315
dense_per_question_n500_d10_20260726_r01,dense,per_question,5ab8854555429934fafe6e0c,9,Amistad Dam Port of Entry,0.0034324117004871368
dense_per_question_n500_d10_20260726_r01,dense,per_question,5ab8854555429934fafe6e0c,10,Marovoay,-0.037396248430013657
dense_per_question_n500_d10_20260726_r01,dense,per_question,5ab8ee035542991b5579f04b,1,Hot Rod (magazine),0.53947734832763672
dense_per_question_n500_d10_20260726_r01,dense,per_question,5ab8ee035542991b5579f04b,2,The Memory of Our People,0.47581377625465393
dense_per_question_n500_d10_20260726_r01,dense,per_question,5ab8ee035542991b5579f04b,3,National Hot Rod Reunion,0.45978403091430664
dense_per_question_n500_d10_20260726_r01,dense,per_question,5ab8ee035542991b5579f04b,4,California Hot Rod Reunion,0.43393078446388245
dense_per_question_n500_d10_20260726_r01,dense,per_question,5ab8ee035542991b5579f04b,5,Rat rod,0.38221833109855652
dense_per_question_n500_d10_20260726_r01,dense,per_question,5ab8ee035542991b5579f04b,6,Hot Rod Lincoln,0.35719981789588928
dense_per_question_n500_d10_20260726_r01,dense,per_question,5ab8ee035542991b5579f04b,7,Fender Hot Rod Deluxe,0.30286392569541931
dense_per_question_n500_d10_20260726_r01,dense,per_question,5ab8ee035542991b5579f04b,8,Fender Hot Rod DeVille,0.24433058500289917
dense_per_question_n500_d10_20260726_r01,dense,per_question,5ab8ee035542991b5579f04b,9,Volvo T6,0.24147127568721771
dense_per_question_n500_d10_20260726_r01,dense,per_question,5ab8ee035542991b5579f04b,10,Ala Kart (custom car),0.22048406302928925
dense_per_question_n500_d10_20260726_r01,dense,per_question,5ab8f57b5542991b5579f097,1,Joseph McGrath (film director),0.62045949697494507
dense_per_question_n500_d10_20260726_r01,dense,per_question,5ab8f57b5542991b5579f097,2,John Ince (actor),0.47942587733268738
dense_per_question_n500_d10_20260726_r01,dense,per_question,5ab8f57b5542991b5579f097,3,Thomas Ince: Hollywood's Independent Pioneer,0.45743173360824585
dense_per_question_n500_d10_20260726_r01,dense,per_question,5ab8f57b5542991b5579f097,4,Thomas H. Ince,0.41996210813522339
dense_per_question_n500_d10_20260726_r01,dense,per_question,5ab8f57b5542991b5579f097,5,Ralph Ince,0.3824954628944397
dense_per_question_n500_d10_20260726_r01,dense,per_question,5ab8f57b5542991b5579f097,6,Elinor Kershaw,0.32788506150245667
dense_per_question_n500_d10_20260726_r01,dense,per_question,5ab8f57b5542991b5579f097,7,Château Élysée,0.22971239686012268
dense_per_question_n500_d10_20260726_r01,dense,per_question,5ab8f57b5542991b5579f097,8,The Coward (1915 film),0.16002313792705536
dense_per_question_n500_d10_20260726_r01,dense,per_question,5ab8f57b5542991b5579f097,9,The Deserter (1912 film),0.036364316940307617
dense_per_question_n500_d10_20260726_r01,dense,per_question,5ab8f57b5542991b5579f097,10,The Scourge of the Desert,0.023277077823877335
dense_per_question_n500_d10_20260726_r01,dense,per_question,5ab8f7535542991b5579f0a7,1,Sacred Planet,0.6629410982131958
dense_per_question_n500_d10_20260726_r01,dense,per_question,5ab8f7535542991b5579f0a7,2,Oz the Great and Powerful,0.53665828704833984
dense_per_question_n500_d10_20260726_r01,dense,per_question,5ab8f7535542991b5579f0a7,3,The Marvelous Land of Oz,0.43402078747749329
dense_per_question_n500_d10_20260726_r01,dense,per_question,5ab8f7535542991b5579f0a7,4,James Franco,0.31785094738006592
dense_per_question_n500_d10_20260726_r01,dense,per_question,5ab8f7535542991b5579f0a7,5,Snegithiye,0.22887319326400757
dense_per_question_n500_d10_20260726_r01,dense,per_question,5ab8f7535542991b5579f0a7,6,Compilation (The Clean album),0.19579088687896729
dense_per_question_n500_d10_20260726_r01,dense,per_question,5ab8f7535542991b5579f0a7,7,Deewana (1992 film),0.16527727246284485
dense_per_question_n500_d10_20260726_r01,dense,per_question,5ab8f7535542991b5579f0a7,8,Sneha (actress),0.16219297051429749
dense_per_question_n500_d10_20260726_r01,dense,per_question,5ab8f7535542991b5579f0a7,9,Game (2016 film),0.13616126775741577
dense_per_question_n500_d10_20260726_r01,dense,per_question,5ab8f7535542991b5579f0a7,10,Toys in the Attic (2009 film),0.12822520732879639
dense_per_question_n500_d10_20260726_r01,dense,per_question,5ab9374b554299131ca422c6,1,Australia 2022 FIFA World Cup bid,0.64306402206420898
dense_per_question_n500_d10_20260726_r01,dense,per_question,5ab9374b554299131ca422c6,2,Japan 2022 FIFA World Cup bid,0.50886791944503784
dense_per_question_n500_d10_20260726_r01,dense,per_question,5ab9374b554299131ca422c6,3,Qatar 2022 FIFA World Cup bid,0.49246299266815186
dense_per_question_n500_d10_20260726_r01,dense,per_question,5ab9374b554299131ca422c6,4,2018 and 2022 FIFA World Cup bids,0.49047082662582397
dense_per_question_n500_d10_20260726_r01,dense,per_question,5ab9374b554299131ca422c6,5,South Korea 2022 FIFA World Cup bid,0.47067070007324219
dense_per_question_n500_d10_20260726_r01,dense,per_question,5ab9374b554299131ca422c6,6,United States 2022 FIFA World Cup bid,0.470042884349823
dense_per_question_n500_d10_20260726_r01,dense,per_question,5ab9374b554299131ca422c6,7,Russia 2018 FIFA World Cup bid,0.4649626612663269
dense_per_question_n500_d10_20260726_r01,dense,per_question,5ab9374b554299131ca422c6,8,Indonesia 2022 FIFA World Cup bid,0.44005721807479858
dense_per_question_n500_d10_20260726_r01,dense,per_question,5ab9374b554299131ca422c6,9,Morocco 2026 FIFA World Cup bid,0.37732064723968506
dense_per_question_n500_d10_20260726_r01,dense,per_question,5ab9374b554299131ca422c6,10,Frank Lowy,0.28393095731735229
dense_per_question_n500_d10_20260726_r01,dense,per_question,5ab96ab755429970cfb8eacd,1,Delirium (Ellie Goulding album),0.77887487411499023
dense_per_question_n500_d10_20260726_r01,dense,per_question,5ab96ab755429970cfb8eacd,2,Delirium World Tour,0.67799603939056396
dense_per_question_n500_d10_20260726_r01,dense,per_question,5ab96ab755429970cfb8eacd,3,Halcyon (album),0.64239418506622314
dense_per_question_n500_d10_20260726_r01,dense,per_question,5ab96ab755429970cfb8eacd,4,List of songs recorded by Ellie Goulding,0.55900347232818604
dense_per_question_n500_d10_20260726_r01,dense,per_question,5ab96ab755429970cfb8eacd,5,Something in the Way You Move,0.55878853797912598
dense_per_question_n500_d10_20260726_r01,dense,per_question,5ab96ab755429970cfb8eacd,6,Flashlight (DJ Fresh song),0.53121232986450195
dense_per_question_n500_d10_20260726_r01,dense,per_question,5ab96ab755429970cfb8eacd,7,Army (Ellie Goulding song),0.52084344625473022
dense_per_question_n500_d10_20260726_r01,dense,per_question,5ab96ab755429970cfb8eacd,8,On My Mind (Ellie Goulding song),0.44889727234840393
dense_per_question_n500_d10_20260726_r01,dense,per_question,5ab96ab755429970cfb8eacd,9,Outside (Calvin Harris song),0.42349329590797424
dense_per_question_n500_d10_20260726_r01,dense,per_question,5ab96ab755429970cfb8eacd,10,Love Me like You Do,0.35493022203445435
dense_per_question_n500_d10_20260726_r01,dense,per_question,5ab978855542996be2020512,1,List of oldest synagogues,0.42842531204223633
dense_per_question_n500_d10_20260726_r01,dense,per_question,5ab978855542996be2020512,2,Tabernacle,0.37294408679008484
dense_per_question_n500_d10_20260726_r01,dense,per_question,5ab978855542996be2020512,3,Heaven in Judaism,0.35241812467575073
dense_per_question_n500_d10_20260726_r01,dense,per_question,5ab978855542996be2020512,4,Château de Druyes,0.33805856108665466
dense_per_question_n500_d10_20260726_r01,dense,per_question,5ab978855542996be2020512,5,Oldest synagogues in the United Kingdom,0.33012139797210693
dense_per_question_n500_d10_20260726_r01,dense,per_question,5ab978855542996be2020512,6,Montezuma Castle National Monument,0.31734746694564819
dense_per_question_n500_d10_20260726_r01,dense,per_question,5ab978855542996be2020512,7,Vídbláin,0.2972646951675415
dense_per_question_n500_d10_20260726_r01,dense,per_question,5ab978855542996be2020512,8,Andlang,0.21929377317428589
dense_per_question_n500_d10_20260726_r01,dense,per_question,5ab978855542996be2020512,9,Flaming Feather,0.11220644414424896
dense_per_question_n500_d10_20260726_r01,dense,per_question,5ab978855542996be2020512,10,Inquiline,0.054460965096950531
dense_per_question_n500_d10_20260726_r01,dense,per_question,5ab9b29c554299743d22ebae,1,"United States v. Paramount Pictures, Inc.",0.61399352550506592
dense_per_question_n500_d10_20260726_r01,dense,per_question,5ab9b29c554299743d22ebae,2,Craig v. Boren,0.58191490173339844
dense_per_question_n500_d10_20260726_r01,dense,per_question,5ab9b29c554299743d22ebae,3,Block booking,0.50225251913070679
dense_per_question_n500_d10_20260726_r01,dense,per_question,5ab9b29c554299743d22ebae,4,Criminal law in the Marshall Court,0.44035011529922485
dense_per_question_n500_d10_20260726_r01,dense,per_question,5ab9b29c554299743d22ebae,5,Criminal law in the Waite Court,0.42860668897628784
dense_per_question_n500_d10_20260726_r01,dense,per_question,5ab9b29c554299743d22ebae,6,United States v. Binion,0.36154055595397949
dense_per_question_n500_d10_20260726_r01,dense,per_question,5ab9b29c554299743d22ebae,7,Baker v. Nelson,0.31298637390136719
dense_per_question_n500_d10_20260726_r01,dense,per_question,5ab9b29c554299743d22ebae,8,City of Norwood v. Horney,0.30342850089073181
dense_per_question_n500_d10_20260726_r01,dense,per_question,5ab9b29c554299743d22ebae,9,R v Van der Peet,0.28744465112686157
dense_per_question_n500_d10_20260726_r01,dense,per_question,5ab9b29c554299743d22ebae,10,Lau Kong Yung v Director of Immigration,0.28288495540618896
dense_per_question_n500_d10_20260726_r01,dense,per_question,5ab9debb55429955dce3ed97,1,Death in Paradise (TV series),0.69479256868362427
dense_per_question_n500_d10_20260726_r01,dense,per_question,5ab9debb55429955dce3ed97,2,Humphrey Goodman,0.65639567375183105
dense_per_question_n500_d10_20260726_r01,dense,per_question,5ab9debb55429955dce3ed97,3,Kris Marshall,0.61352932453155518
dense_per_question_n500_d10_20260726_r01,dense,per_question,5ab9debb55429955dce3ed97,4,List of Death in Paradise episodes,0.59247690439224243
dense_per_question_n500_d10_20260726_r01,dense,per_question,5ab9debb55429955dce3ed97,5,Murder City (TV series),0.30811455845832825
dense_per_question_n500_d10_20260726_r01,dense,per_question,5ab9debb55429955dce3ed97,6,Citizen Khan,0.30456143617630005
dense_per_question_n500_d10_20260726_r01,dense,per_question,5ab9debb55429955dce3ed97,7,Ambulance (TV series),0.29147082567214966
dense_per_question_n500_d10_20260726_r01,dense,per_question,5ab9debb55429955dce3ed97,8,Sold (TV series),0.28693786263465881
dense_per_question_n500_d10_20260726_r01,dense,per_question,5ab9debb55429955dce3ed97,9,Metropolis (TV series),0.20671159029006958
dense_per_question_n500_d10_20260726_r01,dense,per_question,5ab9debb55429955dce3ed97,10,My Family (series 1),0.20307600498199463
dense_per_question_n500_d10_20260726_r01,dense,per_question,5aba5d2e55429901930fa799,1,Their Lives,0.74248957633972168
dense_per_question_n500_d10_20260726_r01,dense,per_question,5aba5d2e55429901930fa799,2,Monica Lewinsky,0.54052245616912842
dense_per_question_n500_d10_20260726_r01,dense,per_question,5aba5d2e55429901930fa799,3,The White House Doctor,0.48710298538208008
dense_per_question_n500_d10_20260726_r01,dense,per_question,5aba5d2e55429901930fa799,4,William H. Ginsburg,0.43663889169692993
dense_per_question_n500_d10_20260726_r01,dense,per_question,5aba5d2e55429901930fa799,5,Once Upon a Secret,0.41535067558288574
dense_per_question_n500_d10_20260726_r01,dense,per_question,5aba5d2e55429901930fa799,6,Lewinsky scandal,0.37953349947929382
dense_per_question_n500_d10_20260726_r01,dense,per_question,5aba5d2e55429901930fa799,7,Mark D. Fabiani,0.37180569767951965
dense_per_question_n500_d10_20260726_r01,dense,per_question,5aba5d2e55429901930fa799,8,Eric Schultz,0.32376211881637573
dense_per_question_n500_d10_20260726_r01,dense,per_question,5aba5d2e55429901930fa799,9,Sheila Cavanagh,0.29989263415336609
dense_per_question_n500_d10_20260726_r01,dense,per_question,5aba5d2e55429901930fa799,10,Gregory B. Craig,0.27283766865730286
dense_per_question_n500_d10_20260726_r01,dense,per_question,5aba65a055429939ce03dcd2,1,Georges-Henri Bousquet,0.69881075620651245
dense_per_question_n500_d10_20260726_r01,dense,per_question,5aba65a055429939ce03dcd2,2,Latresne,0.508228600025177
dense_per_question_n500_d10_20260726_r01,dense,per_question,5aba65a055429939ce03dcd2,3,Jean Portante,0.44683188199996948
dense_per_question_n500_d10_20260726_r01,dense,per_question,5aba65a055429939ce03dcd2,4,Don Bousquet,0.40257042646408081
dense_per_question_n500_d10_20260726_r01,dense,per_question,5aba65a055429939ce03dcd2,5,John Hirst (historian),0.35356509685516357
dense_per_question_n500_d10_20260726_r01,dense,per_question,5aba65a055429939ce03dcd2,6,Armando Mook,0.31657379865646362
dense_per_question_n500_d10_20260726_r01,dense,per_question,5aba65a055429939ce03dcd2,7,Sally Gibson,0.26910591125488281
dense_per_question_n500_d10_20260726_r01,dense,per_question,5aba65a055429939ce03dcd2,8,Ibn Khaldun,0.26316040754318237
dense_per_question_n500_d10_20260726_r01,dense,per_question,5aba65a055429939ce03dcd2,9,Ghulam Nabi Firaq,0.1281464695930481
dense_per_question_n500_d10_20260726_r01,dense,per_question,5aba65a055429939ce03dcd2,10,Blackstone River and Canal Heritage State Park,-0.00063015986233949661
dense_per_question_n500_d10_20260726_r01,dense,per_question,5aba749055429901930fa7d8,1,Chris Menges,0.4758741557598114
dense_per_question_n500_d10_20260726_r01,dense,per_question,5aba749055429901930fa7d8,2,Aram Avakian,0.35017457604408264
dense_per_question_n500_d10_20260726_r01,dense,per_question,5aba749055429901930fa7d8,3,A World Apart (film),0.19194307923316956
dense_per_question_n500_d10_20260726_r01,dense,per_question,5aba749055429901930fa7d8,4,Linda Mvusi,0.16180193424224854
dense_per_question_n500_d10_20260726_r01,dense,per_question,5aba749055429901930fa7d8,5,CrissCross,0.14640423655509949
dense_per_question_n500_d10_20260726_r01,dense,per_question,5aba749055429901930fa7d8,6,Made in Britain,0.10843151807785034
dense_per_question_n500_d10_20260726_r01,dense,per_question,5aba749055429901930fa7d8,7,Second Best (film),0.091071315109729767
dense_per_question_n500_d10_20260726_r01,dense,per_question,5aba749055429901930fa7d8,8,End of the Road (1970 film),0.079198926687240601
dense_per_question_n500_d10_20260726_r01,dense,per_question,5aba749055429901930fa7d8,9,11 Harrowhouse,0.066584348678588867
dense_per_question_n500_d10_20260726_r01,dense,per_question,5aba749055429901930fa7d8,10,Cops and Robbers (1973 film),0.061725392937660217
dense_per_question_n500_d10_20260726_r01,dense,per_question,5aba7cfe554299232ef4a2fd,1,2017–18 Wigan Athletic F.C. season,0.67080909013748169
dense_per_question_n500_d10_20260726_r01,dense,per_question,5aba7cfe554299232ef4a2fd,2,2006–07 Wigan Athletic F.C. season,0.66846346855163574
dense_per_question_n500_d10_20260726_r01,dense,per_question,5aba7cfe554299232ef4a2fd,3,2007–08 Wigan Athletic F.C. season,0.64385771751403809
dense_per_question_n500_d10_20260726_r01,dense,per_question,5aba7cfe554299232ef4a2fd,4,1979–80 Wigan Athletic F.C. season,0.59623271226882935
dense_per_question_n500_d10_20260726_r01,dense,per_question,5aba7cfe554299232ef4a2fd,5,1978–79 Wigan Athletic F.C. season,0.57390892505645752
dense_per_question_n500_d10_20260726_r01,dense,per_question,5aba7cfe554299232ef4a2fd,6,List of Wigan Borough F.C. players,0.56211328506469727
dense_per_question_n500_d10_20260726_r01,dense,per_question,5aba7cfe554299232ef4a2fd,7,EFL Cup,0.47909641265869141
dense_per_question_n500_d10_20260726_r01,dense,per_question,5aba7cfe554299232ef4a2fd,8,Springfield Park (Wigan),0.42639139294624329
dense_per_question_n500_d10_20260726_r01,dense,per_question,5aba7cfe554299232ef4a2fd,9,Nick Powell,0.41173702478408813
dense_per_question_n500_d10_20260726_r01,dense,per_question,5aba7cfe554299232ef4a2fd,10,Trinidad and Tobago League Cup,0.38138186931610107
dense_per_question_n500_d10_20260726_r01,dense,per_question,5aba9e2455429939ce03dd3a,1,Rejuvelac,0.7638852596282959
dense_per_question_n500_d10_20260726_r01,dense,per_question,5aba9e2455429939ce03dd3a,2,Holistic dentistry,0.36795857548713684
dense_per_question_n500_d10_20260726_r01,dense,per_question,5aba9e2455429939ce03dd3a,3,Mickey Mehta,0.36081892251968384
dense_per_question_n500_d10_20260726_r01,dense,per_question,5aba9e2455429939ce03dd3a,4,Susan Lark,0.35750094056129456
dense_per_question_n500_d10_20260726_r01,dense,per_question,5aba9e2455429939ce03dd3a,5,Ann Wigmore,0.34097787737846375
dense_per_question_n500_d10_20260726_r01,dense,per_question,5aba9e2455429939ce03dd3a,6,Viktoras Kulvinskas,0.32305467128753662
dense_per_question_n500_d10_20260726_r01,dense,per_question,5aba9e2455429939ce03dd3a,7,Kripalu Center,0.28129521012306213
dense_per_question_n500_d10_20260726_r01,dense,per_question,5aba9e2455429939ce03dd3a,8,Elizabeth Neilson,0.25806689262390137
dense_per_question_n500_d10_20260726_r01,dense,per_question,5aba9e2455429939ce03dd3a,9,Guelph Community Health Centre,0.13569918274879456
dense_per_question_n500_d10_20260726_r01,dense,per_question,5aba9e2455429939ce03dd3a,10,Crystal Bright,0.12419628351926804
dense_per_question_n500_d10_20260726_r01,dense,per_question,5abaf3195542996cc5e49f2c,1,Falkland Islands at the 2010 Commonwealth Games,0.85354477167129517
dense_per_question_n500_d10_20260726_r01,dense,per_question,5abaf3195542996cc5e49f2c,2,Falkland Islands at the 2014 Commonwealth Games,0.76225781440734863
dense_per_question_n500_d10_20260726_r01,dense,per_question,5abaf3195542996cc5e49f2c,3,Falkland Islands official football team,0.68114852905273438
dense_per_question_n500_d10_20260726_r01,dense,per_question,5abaf3195542996cc5e49f2c,4,Gerald Reive,0.50645613670349121
dense_per_question_n500_d10_20260726_r01,dense,per_question,5abaf3195542996cc5e49f2c,5,George Paice (bowls),0.48803937435150146
dense_per_question_n500_d10_20260726_r01,dense,per_question,5abaf3195542996cc5e49f2c,6,2010 Commonwealth Games medal table,0.45774385333061218
dense_per_question_n500_d10_20260726_r01,dense,per_question,5abaf3195542996cc5e49f2c,7,2010 Commonwealth Games,0.37832444906234741
dense_per_question_n500_d10_20260726_r01,dense,per_question,5abaf3195542996cc5e49f2c,8,Archery at the Commonwealth Games,0.32870575785636902
dense_per_question_n500_d10_20260726_r01,dense,per_question,5abaf3195542996cc5e49f2c,9,Samoa,0.31311231851577759
dense_per_question_n500_d10_20260726_r01,dense,per_question,5abaf3195542996cc5e49f2c,10,KTV Ltd.,0.25415158271789551
dense_per_question_n500_d10_20260726_r01,dense,per_question,5abb30755542996cc5e49fd8,1,Presidency of Ronald Reagan,0.62450927495956421
dense_per_question_n500_d10_20260726_r01,dense,per_question,5abb30755542996cc5e49fd8,2,Reagan Democrat,0.59773159027099609
dense_per_question_n500_d10_20260726_r01,dense,per_question,5abb30755542996cc5e49fd8,3,Second inauguration of Ronald Reagan,0.5506056547164917
dense_per_question_n500_d10_20260726_r01,dense,per_question,5abb30755542996cc5e49fd8,4,First inauguration of Ronald Reagan,0.5488429069519043
dense_per_question_n500_d10_20260726_r01,dense,per_question,5abb30755542996cc5e49fd8,5,Ronald Reagan judicial appointment controversies,0.5411871075630188
dense_per_question_n500_d10_20260726_r01,dense,per_question,5abb30755542996cc5e49fd8,6,William Flynn Martin,0.49607512354850769
dense_per_question_n500_d10_20260726_r01,dense,per_question,5abb30755542996cc5e49fd8,7,George H. W. Bush,0.46651291847229004
dense_per_question_n500_d10_20260726_r01,dense,per_question,5abb30755542996cc5e49fd8,8,Lawrence Eagleburger,0.3987802267074585
dense_per_question_n500_d10_20260726_r01,dense,per_question,5abb30755542996cc5e49fd8,9,Otto Reich,0.37851434946060181
dense_per_question_n500_d10_20260726_r01,dense,per_question,5abb30755542996cc5e49fd8,10,Elliott Abrams,0.34629124402999878
dense_per_question_n500_d10_20260726_r01,dense,per_question,5abba4855542993f40c73b68,1,List of Dexter episodes,0.67479187250137329
dense_per_question_n500_d10_20260726_r01,dense,per_question,5abba4855542993f40c73b68,2,Dexter (TV series),0.66493332386016846
dense_per_question_n500_d10_20260726_r01,dense,per_question,5abba4855542993f40c73b68,3,Michael C. Hall,0.66103708744049072
dense_per_question_n500_d10_20260726_r01,dense,per_question,5abba4855542993f40c73b68,4,"Hello, Dexter Morgan",0.60928255319595337
dense_per_question_n500_d10_20260726_r01,dense,per_question,5abba4855542993f40c73b68,5,It's Alive! (Dexter),0.60034996271133423
dense_per_question_n500_d10_20260726_r01,dense,per_question,5abba4855542993f40c73b68,6,The British Invasion (Dexter),0.58842623233795166
dense_per_question_n500_d10_20260726_r01,dense,per_question,5abba4855542993f40c73b68,7,Vince Masuka,0.56474924087524414
dense_per_question_n500_d10_20260726_r01,dense,per_question,5abba4855542993f40c73b68,8,The Damage a Man Can Do,0.56027418375015259
dense_per_question_n500_d10_20260726_r01,dense,per_question,5abba4855542993f40c73b68,9,Sage Kirkpatrick,0.54576456546783447
dense_per_question_n500_d10_20260726_r01,dense,per_question,5abba4855542993f40c73b68,10,Gamer (film),0.20596937835216522
dense_per_question_n500_d10_20260726_r01,dense,per_question,5abbd3ac55429931dba1458b,1,Duke Energy,0.68694078922271729
dense_per_question_n500_d10_20260726_r01,dense,per_question,5abbd3ac55429931dba1458b,2,Affiliated Managers Group,0.57504606246948242
dense_per_question_n500_d10_20260726_r01,dense,per_question,5abbd3ac55429931dba1458b,3,Duke Energy Florida,0.57434427738189697
dense_per_question_n500_d10_20260726_r01,dense,per_question,5abbd3ac55429931dba1458b,4,Progress Energy Inc,0.51618808507919312
dense_per_question_n500_d10_20260726_r01,dense,per_question,5abbd3ac55429931dba1458b,5,Crescent Communities,0.44312518835067749
dense_per_question_n500_d10_20260726_r01,dense,per_question,5abbd3ac55429931dba1458b,6,Sean Healey,0.41594812273979187
dense_per_question_n500_d10_20260726_r01,dense,per_question,5abbd3ac55429931dba1458b,7,Crystal River Energy Complex,0.40507644414901733
dense_per_question_n500_d10_20260726_r01,dense,per_question,5abbd3ac55429931dba1458b,8,Gulfstream Natural Gas Pipeline,0.35612690448760986
dense_per_question_n500_d10_20260726_r01,dense,per_question,5abbd3ac55429931dba1458b,9,Sabal Trail Transmission Pipeline,0.32699412107467651
dense_per_question_n500_d10_20260726_r01,dense,per_question,5abbd3ac55429931dba1458b,10,Darrell Crate,0.30466729402542114
dense_per_question_n500_d10_20260726_r01,dense,per_question,5abbf698554299114383a0b5,1,English Electric Canberra,0.57599973678588867
dense_per_question_n500_d10_20260726_r01,dense,per_question,5abbf698554299114383a0b5,2,South West Pacific theatre of World War II,0.52501928806304932
dense_per_question_n500_d10_20260726_r01,dense,per_question,5abbf698554299114383a0b5,3,No. 2 Squadron RAAF,0.49288848042488098
dense_per_question_n500_d10_20260726_r01,dense,per_question,5abbf698554299114383a0b5,4,Savoia-Marchetti SM.79,0.45452749729156494
dense_per_question_n500_d10_20260726_r01,dense,per_question,5abbf698554299114383a0b5,5,Asiatic-Pacific Theater,0.44654035568237305
dense_per_question_n500_d10_20260726_r01,dense,per_question,5abbf698554299114383a0b5,6,Edwin A. Doss,0.44151559472084045
dense_per_question_n500_d10_20260726_r01,dense,per_question,5abbf698554299114383a0b5,7,South West Pacific Area (command),0.43436267971992493
dense_per_question_n500_d10_20260726_r01,dense,per_question,5abbf698554299114383a0b5,8,No. 12 Squadron RAAF,0.43288835883140564
dense_per_question_n500_d10_20260726_r01,dense,per_question,5abbf698554299114383a0b5,9,Tupolev Tu-12,0.41652205586433411
dense_per_question_n500_d10_20260726_r01,dense,per_question,5abbf698554299114383a0b5,10,Coastwatchers,0.25016498565673828
dense_per_question_n500_d10_20260726_r01,dense,per_question,5abc0a5d5542993f40c73c64,1,Freakonomics (film),0.60726207494735718
dense_per_question_n500_d10_20260726_r01,dense,per_question,5abc0a5d5542993f40c73c64,2,Freakonomics Radio,0.59690093994140625
dense_per_question_n500_d10_20260726_r01,dense,per_question,5abc0a5d5542993f40c73c64,3,In the Realm of the Hackers,0.49085256457328796
dense_per_question_n500_d10_20260726_r01,dense,per_question,5abc0a5d5542993f40c73c64,4,Hackers (film),0.45218968391418457
dense_per_question_n500_d10_20260726_r01,dense,per_question,5abc0a5d5542993f40c73c64,5,Robin Goldstein,0.3351617157459259
dense_per_question_n500_d10_20260726_r01,dense,per_question,5abc0a5d5542993f40c73c64,6,Jay Leiderman,0.31806835532188416
dense_per_question_n500_d10_20260726_r01,dense,per_question,5abc0a5d5542993f40c73c64,7,Peter W. Smith,0.28643530607223511
dense_per_question_n500_d10_20260726_r01,dense,per_question,5abc0a5d5542993f40c73c64,8,Psycho Realm,0.24636375904083252
dense_per_question_n500_d10_20260726_r01,dense,per_question,5abc0a5d5542993f40c73c64,9,Heidi Ewing,0.21871814131736755
dense_per_question_n500_d10_20260726_r01,dense,per_question,5abc0a5d5542993f40c73c64,10,Shayne Workman,0.17251643538475037
dense_per_question_n500_d10_20260726_r01,dense,per_question,5abc3a65554299700f9d782d,1,Candy Coburn,0.66300326585769653
dense_per_question_n500_d10_20260726_r01,dense,per_question,5abc3a65554299700f9d782d,2,Lady Antebellum,0.37048798799514771
dense_per_question_n500_d10_20260726_r01,dense,per_question,5abc3a65554299700f9d782d,3,Highspeed Hayride,0.34316885471343994
dense_per_question_n500_d10_20260726_r01,dense,per_question,5abc3a65554299700f9d782d,4,Hometown News,0.32691475749015808
dense_per_question_n500_d10_20260726_r01,dense,per_question,5abc3a65554299700f9d782d,5,The Bama Band,0.31344294548034668
dense_per_question_n500_d10_20260726_r01,dense,per_question,5abc3a65554299700f9d782d,6,Snapback (song),0.30625051259994507
dense_per_question_n500_d10_20260726_r01,dense,per_question,5abc3a65554299700f9d782d,7,Hanna–McEuen,0.29601567983627319
dense_per_question_n500_d10_20260726_r01,dense,per_question,5abc3a65554299700f9d782d,8,Baby Girl (Sugarland song),0.22012177109718323
dense_per_question_n500_d10_20260726_r01,dense,per_question,5abc3a65554299700f9d782d,9,Heaven Bound (I'm Ready),0.21385453641414642
dense_per_question_n500_d10_20260726_r01,dense,per_question,5abc3a65554299700f9d782d,10,Carolina Rain,0.19273357093334198
dense_per_question_n500_d10_20260726_r01,dense,per_question,5abc5951554299114383a116,1,Patricia Longo,0.56843304634094238
dense_per_question_n500_d10_20260726_r01,dense,per_question,5abc5951554299114383a116,2,Niní,0.56220990419387817
dense_per_question_n500_d10_20260726_r01,dense,per_question,5abc5951554299114383a116,3,Montecristo (Argentine telenovela),0.53993594646453857
dense_per_question_n500_d10_20260726_r01,dense,per_question,5abc5951554299114383a116,4,Botineras,0.48514598608016968
dense_per_question_n500_d10_20260726_r01,dense,per_question,5abc5951554299114383a116,5,Verano del '98,0.45069774985313416
dense_per_question_n500_d10_20260726_r01,dense,per_question,5abc5951554299114383a116,6,Guapas,0.4410473108291626
dense_per_question_n500_d10_20260726_r01,dense,per_question,5abc5951554299114383a116,7,Graduados,0.42921155691146851
dense_per_question_n500_d10_20260726_r01,dense,per_question,5abc5951554299114383a116,8,Amar después de amar,0.4207574725151062
dense_per_question_n500_d10_20260726_r01,dense,per_question,5abc5951554299114383a116,9,List of songs recorded by Lali Espósito,0.38574245572090149
dense_per_question_n500_d10_20260726_r01,dense,per_question,5abc5951554299114383a116,10,Alma Pirata,0.36706459522247314
dense_per_question_n500_d10_20260726_r01,dense,per_question,5abc8620554299700f9d78e2,1,Bitter Jester,0.61675786972045898
dense_per_question_n500_d10_20260726_r01,dense,per_question,5abc8620554299700f9d78e2,2,Hollywood Outlaw Movie,0.44175451993942261
dense_per_question_n500_d10_20260726_r01,dense,per_question,5abc8620554299700f9d78e2,3,Jester,0.37134280800819397
dense_per_question_n500_d10_20260726_r01,dense,per_question,5abc8620554299700f9d78e2,4,Sicko,0.34458589553833008
dense_per_question_n500_d10_20260726_r01,dense,per_question,5abc8620554299700f9d78e2,5,Bitter electromagnet,0.27265793085098267
dense_per_question_n500_d10_20260726_r01,dense,per_question,5abc8620554299700f9d78e2,6,Light cavalerie vodka,0.2629179060459137
dense_per_question_n500_d10_20260726_r01,dense,per_question,5abc8620554299700f9d78e2,7,Zaječická hořká,0.22148619592189789
dense_per_question_n500_d10_20260726_r01,dense,per_question,5abc8620554299700f9d78e2,8,Leucopaxillus gentianeus,0.21084496378898621
dense_per_question_n500_d10_20260726_r01,dense,per_question,5abc8620554299700f9d78e2,9,Mırra,0.19433540105819702
dense_per_question_n500_d10_20260726_r01,dense,per_question,5abc8620554299700f9d78e2,10,Ratafia,0.17266383767127991
dense_per_question_n500_d10_20260726_r01,dense,per_question,5abc8d75554299700f9d7900,1,Leader of Fine Gael,0.81243979930877686
dense_per_question_n500_d10_20260726_r01,dense,per_question,5abc8d75554299700f9d7900,2,Liam Cosgrave,0.78769266605377197
dense_per_question_n500_d10_20260726_r01,dense,per_question,5abc8d75554299700f9d7900,3,"Fine Gael leadership election, 2017",0.72395157814025879
dense_per_question_n500_d10_20260726_r01,dense,per_question,5abc8d75554299700f9d7900,4,James Reilly (Irish politician),0.71423161029815674
dense_per_question_n500_d10_20260726_r01,dense,per_question,5abc8d75554299700f9d7900,5,Leo Varadkar,0.71399587392807007
dense_per_question_n500_d10_20260726_r01,dense,per_question,5abc8d75554299700f9d7900,6,Simon Coveney,0.66246366500854492
dense_per_question_n500_d10_20260726_r01,dense,per_question,5abc8d75554299700f9d7900,7,Enda Kenny,0.66172409057617188
dense_per_question_n500_d10_20260726_r01,dense,per_question,5abc8d75554299700f9d7900,8,John Bruton,0.64316260814666748
dense_per_question_n500_d10_20260726_r01,dense,per_question,5abc8d75554299700f9d7900,9,Frances Fitzgerald (politician),0.62861490249633789
dense_per_question_n500_d10_20260726_r01,dense,per_question,5abc8d75554299700f9d7900,10,Paddy O'Toole,0.6036909818649292
dense_per_question_n500_d10_20260726_r01,dense,per_question,5abcc96c5542996583600492,1,Earl and Edgar McGraw,0.53478825092315674
dense_per_question_n500_d10_20260726_r01,dense,per_question,5abcc96c5542996583600492,2,Dead Awake (2010 film),0.44586721062660217
dense_per_question_n500_d10_20260726_r01,dense,per_question,5abcc96c5542996583600492,3,The Pastor's Wife (film),0.4227311909198761
dense_per_question_n500_d10_20260726_r01,dense,per_question,5abcc96c5542996583600492,4,Devil in the Flesh (1998 film),0.35580632090568542
dense_per_question_n500_d10_20260726_r01,dense,per_question,5abcc96c5542996583600492,5,The Doom Generation,0.30442553758621216
dense_per_question_n500_d10_20260726_r01,dense,per_question,5abcc96c5542996583600492,6,Planet Terror,0.29253047704696655
dense_per_question_n500_d10_20260726_r01,dense,per_question,5abcc96c5542996583600492,7,Scream (1996 film),0.25276309251785278
dense_per_question_n500_d10_20260726_r01,dense,per_question,5abcc96c5542996583600492,8,Conan the Barbarian (2011 film),0.22268098592758179
dense_per_question_n500_d10_20260726_r01,dense,per_question,5abcc96c5542996583600492,9,Paige Matthews,0.22069057822227478
dense_per_question_n500_d10_20260726_r01,dense,per_question,5abcc96c5542996583600492,10,Emotional Technology,0.12040278315544128
dense_per_question_n500_d10_20260726_r01,dense,per_question,5abcfc365542993a06baf9d6,1,Jack Grinnage,0.63994348049163818
dense_per_question_n500_d10_20260726_r01,dense,per_question,5abcfc365542993a06baf9d6,2,Stewart Stern,0.63281476497650146
dense_per_question_n500_d10_20260726_r01,dense,per_question,5abcfc365542993a06baf9d6,3,Corey Allen,0.60527157783508301
dense_per_question_n500_d10_20260726_r01,dense,per_question,5abcfc365542993a06baf9d6,4,James Dean,0.57094544172286987
dense_per_question_n500_d10_20260726_r01,dense,per_question,5abcfc365542993a06baf9d6,5,Sal Mineo,0.56175398826599121
dense_per_question_n500_d10_20260726_r01,dense,per_question,5abcfc365542993a06baf9d6,6,CBS Television Workshop,0.49675089120864868
dense_per_question_n500_d10_20260726_r01,dense,per_question,5abcfc365542993a06baf9d6,7,Rebel Highway,0.46301549673080444
dense_per_question_n500_d10_20260726_r01,dense,per_question,5abcfc365542993a06baf9d6,8,Rebel Without a Pause,0.40424561500549316
dense_per_question_n500_d10_20260726_r01,dense,per_question,5abcfc365542993a06baf9d6,9,Jim Backus,0.39990982413291931
dense_per_question_n500_d10_20260726_r01,dense,per_question,5abcfc365542993a06baf9d6,10,Casey Braxton,0.2386784553527832
dense_per_question_n500_d10_20260726_r01,dense,per_question,5abd01205542992ac4f3819b,1,Mummulgum,0.64822900295257568
dense_per_question_n500_d10_20260726_r01,dense,per_question,5abd01205542992ac4f3819b,2,Bruxner Highway,0.56972688436508179
dense_per_question_n500_d10_20260726_r01,dense,per_question,5abd01205542992ac4f3819b,3,"Goonellabah, New South Wales",0.3695330023765564
dense_per_question_n500_d10_20260726_r01,dense,per_question,5abd01205542992ac4f3819b,4,"Alstonville, New South Wales",0.3577914834022522
dense_per_question_n500_d10_20260726_r01,dense,per_question,5abd01205542992ac4f3819b,5,"Tenterfield, New South Wales",0.35627084970474243
dense_per_question_n500_d10_20260726_r01,dense,per_question,5abd01205542992ac4f3819b,6,Tabulam,0.30008268356323242
dense_per_question_n500_d10_20260726_r01,dense,per_question,5abd01205542992ac4f3819b,7,"Wollongbar, New South Wales",0.29332256317138672
dense_per_question_n500_d10_20260726_r01,dense,per_question,5abd01205542992ac4f3819b,8,"Bonshaw, New South Wales",0.29123103618621826
dense_per_question_n500_d10_20260726_r01,dense,per_question,5abd01205542992ac4f3819b,9,Richmond Valley Council,0.27985936403274536
dense_per_question_n500_d10_20260726_r01,dense,per_question,5abd01205542992ac4f3819b,10,"Casino, New South Wales",0.2216198593378067
dense_per_question_n500_d10_20260726_r01,dense,per_question,5abd0d635542992ac4f381b8,1,List of Billboard 200 number-one albums of 2002,0.62766402959823608
dense_per_question_n500_d10_20260726_r01,dense,per_question,5abd0d635542992ac4f381b8,2,Robson &amp; Jerome (album),0.57011401653289795
dense_per_question_n500_d10_20260726_r01,dense,per_question,5abd0d635542992ac4f381b8,3,Encore (Eminem album),0.54030048847198486
dense_per_question_n500_d10_20260726_r01,dense,per_question,5abd0d635542992ac4f381b8,4,Japan Record Award for Best New Artist,0.41913712024688721
dense_per_question_n500_d10_20260726_r01,dense,per_question,5abd0d635542992ac4f381b8,5,Adele,0.39105904102325439
dense_per_question_n500_d10_20260726_r01,dense,per_question,5abd0d635542992ac4f381b8,6,Every End of the Day,0.36655896902084351
dense_per_question_n500_d10_20260726_r01,dense,per_question,5abd0d635542992ac4f381b8,7,The Foundation (Zac Brown Band album),0.35064339637756348
dense_per_question_n500_d10_20260726_r01,dense,per_question,5abd0d635542992ac4f381b8,8,MTV Video Music Award for Best New Artist,0.34430527687072754
dense_per_question_n500_d10_20260726_r01,dense,per_question,5abd0d635542992ac4f381b8,9,Premio Lo Nuestro 2003,0.25440049171447754
dense_per_question_n500_d10_20260726_r01,dense,per_question,5abd0d635542992ac4f381b8,10,SAIC-GM-Wuling,0.091150820255279541
dense_per_question_n500_d10_20260726_r01,dense,per_question,5abd1529554299114383a1e3,1,Eugene Habecker,0.53434962034225464
dense_per_question_n500_d10_20260726_r01,dense,per_question,5abd1529554299114383a1e3,2,Christianity Today,0.26976382732391357
dense_per_question_n500_d10_20260726_r01,dense,per_question,5abd1529554299114383a1e3,3,Eugene R. Black Sr.,0.24723204970359802
dense_per_question_n500_d10_20260726_r01,dense,per_question,5abd1529554299114383a1e3,4,Edward E. Cox,0.21933566033840179
dense_per_question_n500_d10_20260726_r01,dense,per_question,5abd1529554299114383a1e3,5,Chasing Daylight (book),0.21357476711273193
dense_per_question_n500_d10_20260726_r01,dense,per_question,5abd1529554299114383a1e3,6,Eugene Melnyk,0.19796188175678253
dense_per_question_n500_d10_20260726_r01,dense,per_question,5abd1529554299114383a1e3,7,Eugene Cross Park,0.091006487607955933
dense_per_question_n500_d10_20260726_r01,dense,per_question,5abd1529554299114383a1e3,8,QBB-95,0.088738657534122467
dense_per_question_n500_d10_20260726_r01,dense,per_question,5abd1529554299114383a1e3,9,Type I Rifle,0.064016446471214294
dense_per_question_n500_d10_20260726_r01,dense,per_question,5abd1529554299114383a1e3,10,Type 4 rifle,0.038148388266563416
dense_per_question_n500_d10_20260726_r01,dense,per_question,5abd259d55429924427fcf1a,1,Dictyosperma,0.5574069619178772
dense_per_question_n500_d10_20260726_r01,dense,per_question,5abd259d55429924427fcf1a,2,Huernia,0.54406279325485229
dense_per_question_n500_d10_20260726_r01,dense,per_question,5abd2eab5542992ac4f38210,1,Beverly Marshall,0.67680203914642334
dense_per_question_n500_d10_20260726_r01,dense,per_question,5abd2eab5542992ac4f38210,2,Shaunna O'Grady,0.4499533474445343
dense_per_question_n500_d10_20260726_r01,dense,per_question,5abd2eab5542992ac4f38210,3,Alamo Heights SA,0.38885420560836792
dense_per_question_n500_d10_20260726_r01,dense,per_question,5abd2eab5542992ac4f38210,4,Katie Landers,0.38606995344161987
dense_per_question_n500_d10_20260726_r01,dense,per_question,5abd2eab5542992ac4f38210,5,Ramsay Street,0.37944561243057251
dense_per_question_n500_d10_20260726_r01,dense,per_question,5abd2eab5542992ac4f38210,6,Phil Mitchell,0.2864689826965332
dense_per_question_n500_d10_20260726_r01,dense,per_question,5abd2eab5542992ac4f38210,7,Roger Howarth,0.24627397954463959
dense_per_question_n500_d10_20260726_r01,dense,per_question,5abd2eab5542992ac4f38210,8,Victor Newman,0.24339404702186584
dense_per_question_n500_d10_20260726_r01,dense,per_question,5abd2eab5542992ac4f38210,9,The Greatest Gift (TV series),0.19702214002609253
dense_per_question_n500_d10_20260726_r01,dense,per_question,5abd2eab5542992ac4f38210,10,John Black (Days of Our Lives),0.14631742238998413
dense_per_question_n500_d10_20260726_r01,dense,per_question,5abd6bf055429933744ab7c8,1,2006 Miami Hurricanes football team,0.57180666923522949
dense_per_question_n500_d10_20260726_r01,dense,per_question,5abd6bf055429933744ab7c8,2,2006 Alabama Crimson Tide football team,0.55453097820281982
dense_per_question_n500_d10_20260726_r01,dense,per_question,5abd6bf055429933744ab7c8,3,Larry Coker,0.50711047649383545
dense_per_question_n500_d10_20260726_r01,dense,per_question,5abd6bf055429933744ab7c8,4,Brian Knorr,0.49765971302986145
dense_per_question_n500_d10_20260726_r01,dense,per_question,5abd6bf055429933744ab7c8,5,Reggie Witherspoon (basketball),0.49216577410697937
dense_per_question_n500_d10_20260726_r01,dense,per_question,5abd6bf055429933744ab7c8,6,Buzz Peterson,0.49115979671478271
dense_per_question_n500_d10_20260726_r01,dense,per_question,5abd6bf055429933744ab7c8,7,2009 Virginia Cavaliers football team,0.47930294275283813
dense_per_question_n500_d10_20260726_r01,dense,per_question,5abd6bf055429933744ab7c8,8,Holly Bruder,0.45347046852111816
dense_per_question_n500_d10_20260726_r01,dense,per_question,5abd6bf055429933744ab7c8,9,Richard Jacob,0.44793131947517395
dense_per_question_n500_d10_20260726_r01,dense,per_question,5abd6bf055429933744ab7c8,10,Maggie Dixon Award,0.44497603178024292
dense_per_question_n500_d10_20260726_r01,dense,per_question,5abd94525542992ac4f382d2,1,2014 S/S,0.88645672798156738
dense_per_question_n500_d10_20260726_r01,dense,per_question,5abd94525542992ac4f382d2,2,BTS discography,0.59939694404602051
dense_per_question_n500_d10_20260726_r01,dense,per_question,5abd94525542992ac4f382d2,3,List of awards and nominations received by Shinee,0.5743863582611084
dense_per_question_n500_d10_20260726_r01,dense,per_question,5abd94525542992ac4f382d2,4,Seventeen discography,0.56912553310394287
dense_per_question_n500_d10_20260726_r01,dense,per_question,5abd94525542992ac4f382d2,5,History (band),0.50792109966278076
dense_per_question_n500_d10_20260726_r01,dense,per_question,5abd94525542992ac4f382d2,6,Cho Kyuhyun,0.49864104390144348
dense_per_question_n500_d10_20260726_r01,dense,per_question,5abd94525542992ac4f382d2,7,Madtown,0.46938657760620117
dense_per_question_n500_d10_20260726_r01,dense,per_question,5abd94525542992ac4f382d2,8,List of songs written by Ravi,0.43594998121261597
dense_per_question_n500_d10_20260726_r01,dense,per_question,5abd94525542992ac4f382d2,9,Winner (band),0.42796730995178223
dense_per_question_n500_d10_20260726_r01,dense,per_question,5abd94525542992ac4f382d2,10,SF9 (band),0.3713499903678894
dense_per_question_n500_d10_20260726_r01,dense,per_question,5abdf12255429976d4830a2f,1,Against the Wind (album),0.69730448722839355
dense_per_question_n500_d10_20260726_r01,dense,per_question,5abdf12255429976d4830a2f,2,Bob Seger,0.52488762140274048
dense_per_question_n500_d10_20260726_r01,dense,per_question,5abdf12255429976d4830a2f,3,Ride Out (album),0.39909693598747253
dense_per_question_n500_d10_20260726_r01,dense,per_question,5abdf12255429976d4830a2f,4,Stranger in Town (album),0.3914254903793335
dense_per_question_n500_d10_20260726_r01,dense,per_question,5abdf12255429976d4830a2f,5,Heaven Knows (Robert Plant song),0.27717331051826477
dense_per_question_n500_d10_20260726_r01,dense,per_question,5abdf12255429976d4830a2f,6,10 Hronia Mazi,0.27120393514633179
dense_per_question_n500_d10_20260726_r01,dense,per_question,5abdf12255429976d4830a2f,7,Gary Cherone,0.22703880071640015
dense_per_question_n500_d10_20260726_r01,dense,per_question,5abdf12255429976d4830a2f,8,Freudiana,0.22340378165245056
dense_per_question_n500_d10_20260726_r01,dense,per_question,5abdf12255429976d4830a2f,9,Mark Britten,0.18733090162277222
dense_per_question_n500_d10_20260726_r01,dense,per_question,5abdf12255429976d4830a2f,10,Anggun discography,0.15616694092750549
dense_per_question_n500_d10_20260726_r01,dense,per_question,5abe239355429976d4830a7d,1,Jamie Harris (actor),0.45978778600692749
dense_per_question_n500_d10_20260726_r01,dense,per_question,5abe239355429976d4830a7d,2,Badla Jatti Da,0.30704006552696228
dense_per_question_n500_d10_20260726_r01,dense,per_question,5abe239355429976d4830a7d,3,Usman Ally,0.30003011226654053
dense_per_question_n500_d10_20260726_r01,dense,per_question,5abe239355429976d4830a7d,4,Estelle Hemsley,0.2291451096534729
dense_per_question_n500_d10_20260726_r01,dense,per_question,5abe239355429976d4830a7d,5,Maurice Walsh,0.22403895854949951
dense_per_question_n500_d10_20260726_r01,dense,per_question,5abe239355429976d4830a7d,6,"The Dragon, the Hero",0.21477188169956207
dense_per_question_n500_d10_20260726_r01,dense,per_question,5abe239355429976d4830a7d,7,Man Against the Mob,0.19328358769416809
dense_per_question_n500_d10_20260726_r01,dense,per_question,5abe239355429976d4830a7d,8,Lemony Snicket's A Series of Unfortunate Events,0.15533459186553955
dense_per_question_n500_d10_20260726_r01,dense,per_question,5abe239355429976d4830a7d,9,Midnight Sun (2006 film),0.14031241834163666
dense_per_question_n500_d10_20260726_r01,dense,per_question,5abe239355429976d4830a7d,10,Jalam (film),0.12546156346797943
dense_per_question_n500_d10_20260726_r01,dense,per_question,5abe689a55429976d4830b16,1,Francesca Schiavone,0.67025935649871826
dense_per_question_n500_d10_20260726_r01,dense,per_question,5abe689a55429976d4830b16,2,2011 French Open – Women's Singles,0.65616250038146973
dense_per_question_n500_d10_20260726_r01,dense,per_question,5abe689a55429976d4830b16,3,Olga Morozova,0.6239006519317627
dense_per_question_n500_d10_20260726_r01,dense,per_question,5abe689a55429976d4830b16,4,Williams sisters,0.47677302360534668
dense_per_question_n500_d10_20260726_r01,dense,per_question,5abe689a55429976d4830b16,5,Sandra Reynolds,0.47556686401367188
dense_per_question_n500_d10_20260726_r01,dense,per_question,5abe689a55429976d4830b16,6,Li Na,0.45039662718772888
dense_per_question_n500_d10_20260726_r01,dense,per_question,5abe689a55429976d4830b16,7,2017 Australian Open – Men's singles final,0.43579834699630737
dense_per_question_n500_d10_20260726_r01,dense,per_question,5abe689a55429976d4830b16,8,1973 Queen's Club Championships,0.42269641160964966
dense_per_question_n500_d10_20260726_r01,dense,per_question,5abe689a55429976d4830b16,9,1968 US Open (tennis),0.38317891955375671
dense_per_question_n500_d10_20260726_r01,dense,per_question,5abe689a55429976d4830b16,10,2012 US Open – Men's singles final,0.28074872493743896
dense_per_question_n500_d10_20260726_r01,dense,per_question,5abf10b75542997719eab659,1,2015 AFL Rising Star,0.68826073408126831
dense_per_question_n500_d10_20260726_r01,dense,per_question,5abf10b75542997719eab659,2,AFL Rising Star,0.6488419771194458
dense_per_question_n500_d10_20260726_r01,dense,per_question,5abf10b75542997719eab659,3,Jesse Hogan,0.54112470149993896
dense_per_question_n500_d10_20260726_r01,dense,per_question,5abf10b75542997719eab659,4,Stephen Coniglio,0.51237094402313232
dense_per_question_n500_d10_20260726_r01,dense,per_question,5abf10b75542997719eab659,5,Clayton Oliver,0.50471127033233643
dense_per_question_n500_d10_20260726_r01,dense,per_question,5abf10b75542997719eab659,6,Daniel Talia,0.43995469808578491
dense_per_question_n500_d10_20260726_r01,dense,per_question,5abf10b75542997719eab659,7,Marcus Bontempelli,0.41358131170272827
dense_per_question_n500_d10_20260726_r01,dense,per_question,5abf10b75542997719eab659,8,Kevin Sheehan,0.40415161848068237
dense_per_question_n500_d10_20260726_r01,dense,per_question,5abf10b75542997719eab659,9,Nick Holland,0.39272964000701904
dense_per_question_n500_d10_20260726_r01,dense,per_question,5abf10b75542997719eab659,10,BAFTA Rising Star Award,0.33401203155517578
dense_per_question_n500_d10_20260726_r01,dense,per_question,5abf44025542993fe9a41def,1,Langston Hughes,0.60585737228393555
dense_per_question_n500_d10_20260726_r01,dense,per_question,5abf44025542993fe9a41def,2,Langston Hughes Society,0.57443487644195557
dense_per_question_n500_d10_20260726_r01,dense,per_question,5abf44025542993fe9a41def,3,Langston Hughes Medal,0.54628831148147583
dense_per_question_n500_d10_20260726_r01,dense,per_question,5abf44025542993fe9a41def,4,Ian McEwan,0.52941370010375977
dense_per_question_n500_d10_20260726_r01,dense,per_question,5abf44025542993fe9a41def,5,Langston Hughes House,0.47273409366607666
dense_per_question_n500_d10_20260726_r01,dense,per_question,5abf44025542993fe9a41def,6,"I, Too (Langston Hughes poem)",0.45440530776977539
dense_per_question_n500_d10_20260726_r01,dense,per_question,5abf44025542993fe9a41def,7,Langston Hughes Performing Arts Center,0.44341957569122314
dense_per_question_n500_d10_20260726_r01,dense,per_question,5abf44025542993fe9a41def,8,Robert Earl Jones,0.27044263482093811
dense_per_question_n500_d10_20260726_r01,dense,per_question,5abf44025542993fe9a41def,9,Black Nativity,0.16123303771018982
dense_per_question_n500_d10_20260726_r01,dense,per_question,5abf44025542993fe9a41def,10,Le Conversazioni,0.095874957740306854
dense_per_question_n500_d10_20260726_r01,dense,per_question,5abf63f15542997ec76fd3ea,1,Kerensky–Krasnov uprising,0.70706444978713989
dense_per_question_n500_d10_20260726_r01,dense,per_question,5abf63f15542997ec76fd3ea,2,Battle of Romanovka,0.57431173324584961
dense_per_question_n500_d10_20260726_r01,dense,per_question,5abf63f15542997ec76fd3ea,3,Russian Civil War,0.55581438541412354
dense_per_question_n500_d10_20260726_r01,dense,per_question,5abf63f15542997ec76fd3ea,4,Communism in Russia,0.55355501174926758
dense_per_question_n500_d10_20260726_r01,dense,per_question,5abf63f15542997ec76fd3ea,5,Socialist Revolutionary Party,0.54718208312988281
dense_per_question_n500_d10_20260726_r01,dense,per_question,5abf63f15542997ec76fd3ea,6,Alexander Kerensky,0.53950363397598267
dense_per_question_n500_d10_20260726_r01,dense,per_question,5abf63f15542997ec76fd3ea,7,Lavr Kornilov,0.51224303245544434
dense_per_question_n500_d10_20260726_r01,dense,per_question,5abf63f15542997ec76fd3ea,8,Left-wing uprisings against the Bolsheviks,0.50955826044082642
dense_per_question_n500_d10_20260726_r01,dense,per_question,5abf63f15542997ec76fd3ea,9,Timofey Samsonov,0.43851044774055481
dense_per_question_n500_d10_20260726_r01,dense,per_question,5abf63f15542997ec76fd3ea,10,Louise Bryant,0.32205897569656372
dense_per_question_n500_d10_20260726_r01,dense,per_question,5abfb3425542990832d3a1c0,1,Andrew Jaspan,0.69738054275512695
dense_per_question_n500_d10_20260726_r01,dense,per_question,5abfb3425542990832d3a1c0,2,State media,0.33796665072441101
dense_per_question_n500_d10_20260726_r01,dense,per_question,5abfb3425542990832d3a1c0,3,14ymedio,0.31711843609809875
dense_per_question_n500_d10_20260726_r01,dense,per_question,5abfb3425542990832d3a1c0,4,Accessible Media,0.28114211559295654
dense_per_question_n500_d10_20260726_r01,dense,per_question,5abfb3425542990832d3a1c0,5,EvidenceNetwork.ca,0.25175535678863525
dense_per_question_n500_d10_20260726_r01,dense,per_question,5abfb3425542990832d3a1c0,6,Vatican leaks scandal,0.24533693492412567
dense_per_question_n500_d10_20260726_r01,dense,per_question,5abfb3425542990832d3a1c0,7,Chicago Public Media,0.23783183097839355
dense_per_question_n500_d10_20260726_r01,dense,per_question,5abfb3425542990832d3a1c0,8,The Conversation (website),0.22485518455505371
dense_per_question_n500_d10_20260726_r01,dense,per_question,5abfb3425542990832d3a1c0,9,990WBOB,0.21072599291801453
dense_per_question_n500_d10_20260726_r01,dense,per_question,5abfb3425542990832d3a1c0,10,Advice column,0.12057715654373169
dense_per_question_n500_d10_20260726_r01,dense,per_question,5abffc41554299012d1db551,1,Marlene (1984 film),0.75201380252838135
dense_per_question_n500_d10_20260726_r01,dense,per_question,5abffc41554299012d1db551,2,Marlene Dietrich,0.54987233877182007
dense_per_question_n500_d10_20260726_r01,dense,per_question,5abffc41554299012d1db551,3,Sara Botsford,0.39896845817565918
dense_per_question_n500_d10_20260726_r01,dense,per_question,5abffc41554299012d1db551,4,Evelina Simonaho,0.39564445614814758
dense_per_question_n500_d10_20260726_r01,dense,per_question,5abffc41554299012d1db551,5,Julie Ordon,0.38289758563041687
dense_per_question_n500_d10_20260726_r01,dense,per_question,5abffc41554299012d1db551,6,Madhuri Dixit filmography,0.32185095548629761
dense_per_question_n500_d10_20260726_r01,dense,per_question,5abffc41554299012d1db551,7,Gina Pareño,0.277823805809021
dense_per_question_n500_d10_20260726_r01,dense,per_question,5abffc41554299012d1db551,8,Lisa Wilcox,0.24841204285621643
dense_per_question_n500_d10_20260726_r01,dense,per_question,5abffc41554299012d1db551,9,Daniela Castillo,0.2070767730474472
dense_per_question_n500_d10_20260726_r01,dense,per_question,5abffc41554299012d1db551,10,Kishore Dang,0.139720618724823
dense_per_question_n500_d10_20260726_r01,dense,per_question,5ac01bb8554299012d1db5a6,1,Don S. Davis,0.71299195289611816
dense_per_question_n500_d10_20260726_r01,dense,per_question,5ac01bb8554299012d1db5a6,2,Stargate SG-1 (season 8),0.67340505123138428
dense_per_question_n500_d10_20260726_r01,dense,per_question,5ac01bb8554299012d1db5a6,3,Samantha Carter,0.65936964750289917
dense_per_question_n500_d10_20260726_r01,dense,per_question,5ac01bb8554299012d1db5a6,4,George Hammond (Stargate),0.62989366054534912
dense_per_question_n500_d10_20260726_r01,dense,per_question,5ac01bb8554299012d1db5a6,5,Redemption (Stargate SG-1),0.61752974987030029
dense_per_question_n500_d10_20260726_r01,dense,per_question,5ac01bb8554299012d1db5a6,6,Vala Mal Doran,0.59339344501495361
dense_per_question_n500_d10_20260726_r01,dense,per_question,5ac01bb8554299012d1db5a6,7,Stargate: Continuum,0.56358098983764648
dense_per_question_n500_d10_20260726_r01,dense,per_question,5ac01bb8554299012d1db5a6,8,Stargate SG-1,0.56234967708587646
dense_per_question_n500_d10_20260726_r01,dense,per_question,5ac01bb8554299012d1db5a6,9,Lost City (Stargate SG-1),0.55277132987976074
dense_per_question_n500_d10_20260726_r01,dense,per_question,5ac01bb8554299012d1db5a6,10,Episode 8 (Twin Peaks),0.485003262758255
dense_per_question_n500_d10_20260726_r01,dense,per_question,5ac01bca5542992a796dec8d,1,Savage Weekend,0.42804935574531555
dense_per_question_n500_d10_20260726_r01,dense,per_question,5ac01bca5542992a796dec8d,2,Happy Death Day,0.42077848315238953
dense_per_question_n500_d10_20260726_r01,dense,per_question,5ac01bca5542992a796dec8d,3,Jessica Rothe,0.41802865266799927
dense_per_question_n500_d10_20260726_r01,dense,per_question,5ac01bca5542992a796dec8d,4,Scouts Guide to the Zombie Apocalypse,0.40613853931427002
dense_per_question_n500_d10_20260726_r01,dense,per_question,5ac01bca5542992a796dec8d,5,Fatal Games,0.37012064456939697
dense_per_question_n500_d10_20260726_r01,dense,per_question,5ac01bca5542992a796dec8d,6,My Bloody Valentine 3D,0.36693048477172852
dense_per_question_n500_d10_20260726_r01,dense,per_question,5ac01bca5542992a796dec8d,7,Parallels (film),0.34998074173927307
dense_per_question_n500_d10_20260726_r01,dense,per_question,5ac01bca5542992a796dec8d,8,Paranormal Activity: The Marked Ones,0.33684444427490234
dense_per_question_n500_d10_20260726_r01,dense,per_question,5ac01bca5542992a796dec8d,9,Forever My Girl,0.310741126537323
dense_per_question_n500_d10_20260726_r01,dense,per_question,5ac01bca5542992a796dec8d,10,The Preppie Connection,0.26803117990493774
dense_per_question_n500_d10_20260726_r01,dense,per_question,5ac02e31554299294b218f3f,1,List of DC Extended Universe cast members,0.60088151693344116
dense_per_question_n500_d10_20260726_r01,dense,per_question,5ac02e31554299294b218f3f,2,DC Extended Universe,0.50856912136077881
dense_per_question_n500_d10_20260726_r01,dense,per_question,5ac02e31554299294b218f3f,3,Justice League (film),0.50174260139465332
dense_per_question_n500_d10_20260726_r01,dense,per_question,5ac02e31554299294b218f3f,4,Gal Gadot,0.50138825178146362
dense_per_question_n500_d10_20260726_r01,dense,per_question,5ac02e31554299294b218f3f,5,Arrowverse,0.48448839783668518
dense_per_question_n500_d10_20260726_r01,dense,per_question,5ac02e31554299294b218f3f,6,Wonder Woman (2017 film),0.43046575784683228
dense_per_question_n500_d10_20260726_r01,dense,per_question,5ac02e31554299294b218f3f,7,Aquaman (film),0.41169893741607666
dense_per_question_n500_d10_20260726_r01,dense,per_question,5ac02e31554299294b218f3f,8,Batman v Superman: Dawn of Justice,0.35944297909736633
dense_per_question_n500_d10_20260726_r01,dense,per_question,5ac02e31554299294b218f3f,9,Suicide Squad (film),0.33336710929870605
dense_per_question_n500_d10_20260726_r01,dense,per_question,5ac02e31554299294b218f3f,10,Man of Steel (film),0.23893651366233826
dense_per_question_n500_d10_20260726_r01,dense,per_question,5ac02edb554299294b218f41,1,You'll Be in My Heart,0.74051982164382935
dense_per_question_n500_d10_20260726_r01,dense,per_question,5ac02edb554299294b218f41,2,Tarzan (1999 film),0.5884174108505249
dense_per_question_n500_d10_20260726_r01,dense,per_question,5ac02edb554299294b218f41,3,The Sword in the Stone (film),0.41908711194992065
dense_per_question_n500_d10_20260726_r01,dense,per_question,5ac02edb554299294b218f41,4,Hercules (1997 film),0.40901511907577515
dense_per_question_n500_d10_20260726_r01,dense,per_question,5ac02edb554299294b218f41,5,Beauty and the Beast (1991 film),0.37663859128952026
dense_per_question_n500_d10_20260726_r01,dense,per_question,5ac02edb554299294b218f41,6,Dinosaur (film),0.34453833103179932
dense_per_question_n500_d10_20260726_r01,dense,per_question,5ac02edb554299294b218f41,7,Home on the Range (2004 film),0.33414733409881592
dense_per_question_n500_d10_20260726_r01,dense,per_question,5ac02edb554299294b218f41,8,Brother Bear,0.30046963691711426
dense_per_question_n500_d10_20260726_r01,dense,per_question,5ac02edb554299294b218f41,9,Peter Pan (1953 film),0.29467868804931641
dense_per_question_n500_d10_20260726_r01,dense,per_question,5ac02edb554299294b218f41,10,Lady and the Tramp,0.27205979824066162
dense_per_question_n500_d10_20260726_r01,dense,per_question,5ac038db554299294b218f57,1,Rich Lee,0.5048748254776001
dense_per_question_n500_d10_20260726_r01,dense,per_question,5ac038db554299294b218f57,2,Red Sparrow,0.36753630638122559
dense_per_question_n500_d10_20260726_r01,dense,per_question,5ac038db554299294b218f57,3,Kristof Konrad,0.36560580134391785
dense_per_question_n500_d10_20260726_r01,dense,per_question,5ac038db554299294b218f57,4,The Hunger Games (film series),0.34011101722717285
dense_per_question_n500_d10_20260726_r01,dense,per_question,5ac038db554299294b218f57,5,Constantine (film),0.25229492783546448
dense_per_question_n500_d10_20260726_r01,dense,per_question,5ac038db554299294b218f57,6,The Hunger Games: Mockingjay – Part 1,0.23355767130851746
dense_per_question_n500_d10_20260726_r01,dense,per_question,5ac038db554299294b218f57,7,The Hunger Games: Mockingjay – Part 2,0.21529662609100342
dense_per_question_n500_d10_20260726_r01,dense,per_question,5ac038db554299294b218f57,8,Justin Timberlake videography,0.063817135989665985
dense_per_question_n500_d10_20260726_r01,dense,per_question,5ac038db554299294b218f57,9,What's So Different?,0.04534129798412323
dense_per_question_n500_d10_20260726_r01,dense,per_question,5ac038db554299294b218f57,10,Rhythm Divine,0.031864672899246216
dense_per_question_n500_d10_20260726_r01,dense,per_question,5ac056385542997d64295a08,1,Ambrose Mendy,0.7206154465675354
dense_per_question_n500_d10_20260726_r01,dense,per_question,5ac056385542997d64295a08,2,Chris Eubank Jr.,0.55983543395996094
dense_per_question_n500_d10_20260726_r01,dense,per_question,5ac056385542997d64295a08,3,Scott Dixon (boxer),0.5489315390586853
dense_per_question_n500_d10_20260726_r01,dense,per_question,5ac056385542997d64295a08,4,Luke Blackledge,0.5483277440071106
dense_per_question_n500_d10_20260726_r01,dense,per_question,5ac056385542997d64295a08,5,Dean Francis,0.54685664176940918
dense_per_question_n500_d10_20260726_r01,dense,per_question,5ac056385542997d64295a08,6,Andre Thysse,0.46653342247009277
dense_per_question_n500_d10_20260726_r01,dense,per_question,5ac056385542997d64295a08,7,Henry Wharton (boxer),0.43669164180755615
dense_per_question_n500_d10_20260726_r01,dense,per_question,5ac056385542997d64295a08,8,Rod Carr,0.42592376470565796
dense_per_question_n500_d10_20260726_r01,dense,per_question,5ac056385542997d64295a08,9,Jermain Mackey,0.41433572769165039
dense_per_question_n500_d10_20260726_r01,dense,per_question,5ac056385542997d64295a08,10,Natascha Ragosina,0.28250828385353088
dense_per_question_n500_d10_20260726_r01,dense,per_question,5ac0cf0f554299294b219018,1,Test Icicles,0.64549463987350464
dense_per_question_n500_d10_20260726_r01,dense,per_question,5ac0cf0f554299294b219018,2,X Ambassadors,0.60745042562484741
dense_per_question_n500_d10_20260726_r01,dense,per_question,5ac0cf0f554299294b219018,3,For Screening Purposes Only,0.52977955341339111
dense_per_question_n500_d10_20260726_r01,dense,per_question,5ac0cf0f554299294b219018,4,Rory Attwell,0.48523056507110596
dense_per_question_n500_d10_20260726_r01,dense,per_question,5ac0cf0f554299294b219018,5,Dev Hynes,0.40600109100341797
dense_per_question_n500_d10_20260726_r01,dense,per_question,5ac0cf0f554299294b219018,6,Circle. Square. Triangle,0.33200889825820923
dense_per_question_n500_d10_20260726_r01,dense,per_question,5ac0cf0f554299294b219018,7,Cannonball (Skylar Grey song),0.30461332201957703
dense_per_question_n500_d10_20260726_r01,dense,per_question,5ac0cf0f554299294b219018,8,Dig Your Own Grave,0.28845590353012085
dense_per_question_n500_d10_20260726_r01,dense,per_question,5ac0cf0f554299294b219018,9,Jungle (X Ambassadors and Jamie N Commons song),0.27341827750205994
dense_per_question_n500_d10_20260726_r01,dense,per_question,5ac0cf0f554299294b219018,10,Boa vs. Python (song),0.26904946565628052
dense_per_question_n500_d10_20260726_r01,dense,per_question,5ac0d83a554299294b219038,1,Randall Cunningham II,0.76569581031799316
dense_per_question_n500_d10_20260726_r01,dense,per_question,5ac0d83a554299294b219038,2,Randall Cunningham,0.62810611724853516
dense_per_question_n500_d10_20260726_r01,dense,per_question,5ac0d83a554299294b219038,3,Vashti Cunningham,0.60289472341537476
dense_per_question_n500_d10_20260726_r01,dense,per_question,5ac0d83a554299294b219038,4,Bishop Gorman High School,0.41708898544311523
dense_per_question_n500_d10_20260726_r01,dense,per_question,5ac0d83a554299294b219038,5,Nevada Union High School,0.37997230887413025
dense_per_question_n500_d10_20260726_r01,dense,per_question,5ac0d83a554299294b219038,6,Ken Rose (gridiron football),0.3697478175163269
dense_per_question_n500_d10_20260726_r01,dense,per_question,5ac0d83a554299294b219038,7,List of multi-sport athletes,0.31551951169967651
dense_per_question_n500_d10_20260726_r01,dense,per_question,5ac0d83a554299294b219038,8,David Masur,0.29989463090896606
dense_per_question_n500_d10_20260726_r01,dense,per_question,5ac0d83a554299294b219038,9,Adam Thielen,0.28026622533798218
dense_per_question_n500_d10_20260726_r01,dense,per_question,5ac0d83a554299294b219038,10,Guo Jie,0.23799540102481842
dense_per_question_n500_d10_20260726_r01,dense,per_question,5ac119335542992a796dede4,1,I'd Come for You,0.52248400449752808
dense_per_question_n500_d10_20260726_r01,dense,per_question,5ac119335542992a796dede4,2,The Famines (band),0.36826148629188538
dense_per_question_n500_d10_20260726_r01,dense,per_question,5ac119335542992a796dede4,3,Wool on Wolves,0.34816926717758179
dense_per_question_n500_d10_20260726_r01,dense,per_question,5ac119335542992a796dede4,4,The Smalls,0.30958622694015503
dense_per_question_n500_d10_20260726_r01,dense,per_question,5ac119335542992a796dede4,5,The Grassroot Deviation,0.30247783660888672
dense_per_question_n500_d10_20260726_r01,dense,per_question,5ac119335542992a796dede4,6,Chixdiggit,0.29907768964767456
dense_per_question_n500_d10_20260726_r01,dense,per_question,5ac119335542992a796dede4,7,Jane Vain and the Dark Matter,0.27352094650268555
dense_per_question_n500_d10_20260726_r01,dense,per_question,5ac119335542992a796dede4,8,Dead Jesus,0.25244235992431641
dense_per_question_n500_d10_20260726_r01,dense,per_question,5ac119335542992a796dede4,9,Nickelback,0.24592086672782898
dense_per_question_n500_d10_20260726_r01,dense,per_question,5ac119335542992a796dede4,10,Beija Flor,0.18049530684947968
dense_per_question_n500_d10_20260726_r01,dense,per_question,5ac120c55542992a796dedfc,1,Maxeda,0.70873880386352539
dense_per_question_n500_d10_20260726_r01,dense,per_question,5ac120c55542992a796dedfc,2,Manischewitz,0.32975703477859497
dense_per_question_n500_d10_20260726_r01,dense,per_question,5ac120c55542992a796dedfc,3,Polycom,0.30685597658157349
dense_per_question_n500_d10_20260726_r01,dense,per_question,5ac120c55542992a796dedfc,4,Leeds Equity Partners,0.29471245408058167
dense_per_question_n500_d10_20260726_r01,dense,per_question,5ac120c55542992a796dedfc,5,Avenue Capital Group,0.29149067401885986
dense_per_question_n500_d10_20260726_r01,dense,per_question,5ac120c55542992a796dedfc,6,HGGC,0.27508705854415894
dense_per_question_n500_d10_20260726_r01,dense,per_question,5ac120c55542992a796dedfc,7,Mekong Capital,0.27000421285629272
dense_per_question_n500_d10_20260726_r01,dense,per_question,5ac120c55542992a796dedfc,8,Lincolnshire Management,0.26889756321907043
dense_per_question_n500_d10_20260726_r01,dense,per_question,5ac120c55542992a796dedfc,9,Kohlberg Kravis Roberts,0.23437294363975525
dense_per_question_n500_d10_20260726_r01,dense,per_question,5ac120c55542992a796dedfc,10,Court Square Capital Partners,0.17271637916564941
dense_per_question_n500_d10_20260726_r01,dense,per_question,5ac1795f5542994ab5c67d5f,1,The Day the Universe Changed,0.67729127407073975
dense_per_question_n500_d10_20260726_r01,dense,per_question,5ac1795f5542994ab5c67d5f,2,James Burke (science historian),0.62769138813018799
dense_per_question_n500_d10_20260726_r01,dense,per_question,5ac1795f5542994ab5c67d5f,3,Connections (TV series),0.5410047173500061
dense_per_question_n500_d10_20260726_r01,dense,per_question,5ac1795f5542994ab5c67d5f,4,Cosmos: A Spacetime Odyssey,0.46345144510269165
dense_per_question_n500_d10_20260726_r01,dense,per_question,5ac1795f5542994ab5c67d5f,5,Richard Hammond's Engineering Connections,0.42606404423713684
dense_per_question_n500_d10_20260726_r01,dense,per_question,5ac1795f5542994ab5c67d5f,6,Sci Fi Science: Physics of the Impossible,0.40909641981124878
dense_per_question_n500_d10_20260726_r01,dense,per_question,5ac1795f5542994ab5c67d5f,7,National Geographic Explorer,0.28732949495315552
dense_per_question_n500_d10_20260726_r01,dense,per_question,5ac1795f5542994ab5c67d5f,8,Aaron Faulls,0.27352336049079895
dense_per_question_n500_d10_20260726_r01,dense,per_question,5ac1795f5542994ab5c67d5f,9,Ripley's Believe It or Not! (TV series),0.23682540655136108
dense_per_question_n500_d10_20260726_r01,dense,per_question,5ac1795f5542994ab5c67d5f,10,Freaky Eaters (TLC series),0.2103821337223053
dense_per_question_n500_d10_20260726_r01,dense,per_question,5ac1a3665542994ab5c67daf,1,"Prince Andrew, Duke of York",0.60902881622314453
dense_per_question_n500_d10_20260726_r01,dense,per_question,5ac1a3665542994ab5c67daf,2,Neil Blair,0.37634614109992981
dense_per_question_n500_d10_20260726_r01,dense,per_question,5ac1a3665542994ab5c67daf,3,List of royal tours of Canada (21st century),0.34024098515510559
dense_per_question_n500_d10_20260726_r01,dense,per_question,5ac1a3665542994ab5c67daf,4,Princess Henriette of Nassau-Weilburg,0.31632745265960693
dense_per_question_n500_d10_20260726_r01,dense,per_question,5ac1a3665542994ab5c67daf,5,Royal Marriages Act 1772,0.28201818466186523
dense_per_question_n500_d10_20260726_r01,dense,per_question,5ac1a3665542994ab5c67daf,6,Wedding dress of Sarah Ferguson,0.26678124070167542
dense_per_question_n500_d10_20260726_r01,dense,per_question,5ac1a3665542994ab5c67daf,7,Joe Gilmore,0.17718154191970825
dense_per_question_n500_d10_20260726_r01,dense,per_question,5ac1a3665542994ab5c67daf,8,Krajmir,0.17182004451751709
dense_per_question_n500_d10_20260726_r01,dense,per_question,5ac1a3665542994ab5c67daf,9,John Hartmann,0.14611034095287323
dense_per_question_n500_d10_20260726_r01,dense,per_question,5ac1a3665542994ab5c67daf,10,Armie Hammer,0.13808265328407288
dense_per_question_n500_d10_20260726_r01,dense,per_question,5ac1b8ee5542994d76dccedc,1,Pamela B. Green,0.5975944995880127
dense_per_question_n500_d10_20260726_r01,dense,per_question,5ac1b8ee5542994d76dccedc,2,Lev Yilmaz,0.57503032684326172
dense_per_question_n500_d10_20260726_r01,dense,per_question,5ac1b8ee5542994d76dccedc,3,Aryanto Yuniawan,0.40647530555725098
dense_per_question_n500_d10_20260726_r01,dense,per_question,5ac1b8ee5542994d76dccedc,4,Lev Kuleshov,0.37666848301887512
dense_per_question_n500_d10_20260726_r01,dense,per_question,5ac1b8ee5542994d76dccedc,5,AES+F,0.3357011079788208
dense_per_question_n500_d10_20260726_r01,dense,per_question,5ac1b8ee5542994d76dccedc,6,Pamela Gilbert,0.28168615698814392
dense_per_question_n500_d10_20260726_r01,dense,per_question,5ac1b8ee5542994d76dccedc,7,Pamela B. Davis,0.27540302276611328
dense_per_question_n500_d10_20260726_r01,dense,per_question,5ac1b8ee5542994d76dccedc,8,Eliezer ben Jacob I,0.10226555168628693
dense_per_question_n500_d10_20260726_r01,dense,per_question,5ac1b8ee5542994d76dccedc,9,Anani ben Sason,0.09531247615814209
dense_per_question_n500_d10_20260726_r01,dense,per_question,5ac1b8ee5542994d76dccedc,10,Seasoned Veteran,0.051511965692043304
dense_per_question_n500_d10_20260726_r01,dense,per_question,5ac1c6805542994ab5c67e11,1,The Year Without a Santa Claus,0.64704656600952148
dense_per_question_n500_d10_20260726_r01,dense,per_question,5ac1c6805542994ab5c67e11,2,The Year Without a Santa Claus (2006 film),0.5702662467956543
dense_per_question_n500_d10_20260726_r01,dense,per_question,5ac1c6805542994ab5c67e11,3,Santa Claus: The Movie,0.54819321632385254
dense_per_question_n500_d10_20260726_r01,dense,per_question,5ac1c6805542994ab5c67e11,4,Jonathan Meath,0.52911889553070068
dense_per_question_n500_d10_20260726_r01,dense,per_question,5ac1c6805542994ab5c67e11,5,Santa's Workshop (Colorado),0.52121800184249878
dense_per_question_n500_d10_20260726_r01,dense,per_question,5ac1c6805542994ab5c67e11,6,Santa Claus in film,0.51725089550018311
dense_per_question_n500_d10_20260726_r01,dense,per_question,5ac1c6805542994ab5c67e11,7,A Miser Brothers' Christmas,0.50538361072540283
dense_per_question_n500_d10_20260726_r01,dense,per_question,5ac1c6805542994ab5c67e11,8,Larry Wilson (screenwriter),0.42228099703788757
dense_per_question_n500_d10_20260726_r01,dense,per_question,5ac1c6805542994ab5c67e11,9,Santa Claus Is a Black Man,0.38801240921020508
dense_per_question_n500_d10_20260726_r01,dense,per_question,5ac1c6805542994ab5c67e11,10,Rankin/Bass Productions,0.34516888856887817
dense_per_question_n500_d10_20260726_r01,dense,per_question,5ac1f4495542991316484bd2,1,Phil Rosen,0.46507769823074341
dense_per_question_n500_d10_20260726_r01,dense,per_question,5ac1f4495542991316484bd2,2,Delmer Daves,0.44397419691085815
dense_per_question_n500_d10_20260726_r01,dense,per_question,5ac1f4495542991316484bd2,3,Parrish (film),0.096050232648849487
dense_per_question_n500_d10_20260726_r01,dense,per_question,5ac1f4495542991316484bd2,4,Dark Passage (film),0.07233361154794693
dense_per_question_n500_d10_20260726_r01,dense,per_question,5ac1f4495542991316484bd2,5,Broken Arrow (1950 film),0.069327168166637421
dense_per_question_n500_d10_20260726_r01,dense,per_question,5ac1f4495542991316484bd2,6,The Hanging Tree,0.062390774488449097
dense_per_question_n500_d10_20260726_r01,dense,per_question,5ac1f4495542991316484bd2,7,Drum Beat,0.052206702530384064
dense_per_question_n500_d10_20260726_r01,dense,per_question,5ac1f4495542991316484bd2,8,Shipmates Forever,-0.0035778582096099854
dense_per_question_n500_d10_20260726_r01,dense,per_question,5ac1f4495542991316484bd2,9,Destination Tokyo,-0.044669579714536667
dense_per_question_n500_d10_20260726_r01,dense,per_question,5ac1f4495542991316484bd2,10,The Petrified Forest,-0.050811599940061569
dense_per_question_n500_d10_20260726_r01,dense,per_question,5ac23ff0554299636651994d,1,"Shut Up, Make Love",0.68483561277389526
dense_per_question_n500_d10_20260726_r01,dense,per_question,5ac23ff0554299636651994d,2,Poison (American band),0.57585805654525757
dense_per_question_n500_d10_20260726_r01,dense,per_question,5ac23ff0554299636651994d,3,Be the One (Poison song),0.56062018871307373
dense_per_question_n500_d10_20260726_r01,dense,per_question,5ac23ff0554299636651994d,4,Make Love Not War (album),0.38079136610031128
dense_per_question_n500_d10_20260726_r01,dense,per_question,5ac23ff0554299636651994d,5,Make Love,0.37268984317779541
dense_per_question_n500_d10_20260726_r01,dense,per_question,5ac23ff0554299636651994d,6,Mind If We Make Love to You,0.3390595018863678
dense_per_question_n500_d10_20260726_r01,dense,per_question,5ac23ff0554299636651994d,7,Greatest Hits (Dan Fogelberg album),0.30872905254364014
dense_per_question_n500_d10_20260726_r01,dense,per_question,5ac23ff0554299636651994d,8,Chuck Berry on Stage,0.30776488780975342
dense_per_question_n500_d10_20260726_r01,dense,per_question,5ac23ff0554299636651994d,9,All I Wanna Do Is Make Love to You,0.25188803672790527
dense_per_question_n500_d10_20260726_r01,dense,per_question,5ac23ff0554299636651994d,10,The Longer We Make Love,0.23743785917758942
dense_per_question_n500_d10_20260726_r01,dense,per_question,5ac2659b55429963665199a1,1,Harry Prowell,0.62883263826370239
dense_per_question_n500_d10_20260726_r01,dense,per_question,5ac2659b55429963665199a1,2,Dave Bailey (athlete),0.53132140636444092
dense_per_question_n500_d10_20260726_r01,dense,per_question,5ac2659b55429963665199a1,3,Brian MacLaren,0.52421247959136963
dense_per_question_n500_d10_20260726_r01,dense,per_question,5ac2659b55429963665199a1,4,"10,000 metres",0.46045041084289551
dense_per_question_n500_d10_20260726_r01,dense,per_question,5ac2659b55429963665199a1,5,Ross MacKenzie (athlete),0.44262567162513733
dense_per_question_n500_d10_20260726_r01,dense,per_question,5ac2659b55429963665199a1,6,Kavita Tungar,0.39172482490539551
dense_per_question_n500_d10_20260726_r01,dense,per_question,5ac2659b55429963665199a1,7,Nora Rocha,0.38299828767776489
dense_per_question_n500_d10_20260726_r01,dense,per_question,5ac2659b55429963665199a1,8,2011 Pan American Games,0.37399458885192871
dense_per_question_n500_d10_20260726_r01,dense,per_question,5ac2659b55429963665199a1,9,"European 10,000m Cup",0.34921559691429138
dense_per_question_n500_d10_20260726_r01,dense,per_question,5ac2659b55429963665199a1,10,2015 Pan American Games,0.25031217932701111
dense_per_question_n500_d10_20260726_r01,dense,per_question,5ac289ff5542996366519a02,1,Marsilea,0.64436817169189453
dense_per_question_n500_d10_20260726_r01,dense,per_question,5ac289ff5542996366519a02,2,Marsilea minuta,0.57868301868438721
dense_per_question_n500_d10_20260726_r01,dense,per_question,5ac289ff5542996366519a02,3,Brabejum,0.55524969100952148
dense_per_question_n500_d10_20260726_r01,dense,per_question,5ac289ff5542996366519a02,4,Marsileaceae,0.54710924625396729
dense_per_question_n500_d10_20260726_r01,dense,per_question,5ac289ff5542996366519a02,5,Leptospermum,0.41964155435562134
dense_per_question_n500_d10_20260726_r01,dense,per_question,5ac289ff5542996366519a02,6,Araripesuchus wegeneri,0.39725944399833679
dense_per_question_n500_d10_20260726_r01,dense,per_question,5ac289ff5542996366519a02,7,Fen,0.33266514539718628
dense_per_question_n500_d10_20260726_r01,dense,per_question,5ac289ff5542996366519a02,8,Myiodynastes,0.32743653655052185
dense_per_question_n500_d10_20260726_r01,dense,per_question,5ac289ff5542996366519a02,9,Be'er Sheva fringe-fingered lizard,0.30391529202461243
dense_per_question_n500_d10_20260726_r01,dense,per_question,5ac289ff5542996366519a02,10,Sinocyclocheilus,0.28537768125534058
dense_per_question_n500_d10_20260726_r01,dense,per_question,5ac298f9554299657fa28fc9,1,Ian Watkins (Lostprophets),0.48884892463684082
dense_per_question_n500_d10_20260726_r01,dense,per_question,5ac298f9554299657fa28fc9,2,Josey Scott,0.36222970485687256
dense_per_question_n500_d10_20260726_r01,dense,per_question,5ac298f9554299657fa28fc9,3,Lostprophets,0.34185898303985596
dense_per_question_n500_d10_20260726_r01,dense,per_question,5ac298f9554299657fa28fc9,4,Under Your Skin (album),0.31451386213302612
dense_per_question_n500_d10_20260726_r01,dense,per_question,5ac298f9554299657fa28fc9,5,In It to Win It (Saliva album),0.2660709023475647
dense_per_question_n500_d10_20260726_r01,dense,per_question,5ac298f9554299657fa28fc9,6,Always (Saliva song),0.26410794258117676
dense_per_question_n500_d10_20260726_r01,dense,per_question,5ac298f9554299657fa28fc9,7,Where We Belong (Lostprophets song),0.21545152366161346
dense_per_question_n500_d10_20260726_r01,dense,per_question,5ac298f9554299657fa28fc9,8,Family Reunion (Saliva song),0.2104765772819519
dense_per_question_n500_d10_20260726_r01,dense,per_question,5ac298f9554299657fa28fc9,9,Shinobi vs. Dragon Ninja,0.19995346665382385
dense_per_question_n500_d10_20260726_r01,dense,per_question,5ac298f9554299657fa28fc9,10,We Bring an Arsenal,0.1769530177116394
dense_per_question_n500_d10_20260726_r01,dense,per_question,5ac2a399554299218029dada,1,Atari Assembler Editor,0.65931177139282227
dense_per_question_n500_d10_20260726_r01,dense,per_question,5ac2a399554299218029dada,2,Atari XEGS,0.51629388332366943
dense_per_question_n500_d10_20260726_r01,dense,per_question,5ac2a399554299218029dada,3,Surround (video game),0.48406106233596802
dense_per_question_n500_d10_20260726_r01,dense,per_question,5ac2a399554299218029dada,4,HP 64000,0.41604924201965332
dense_per_question_n500_d10_20260726_r01,dense,per_question,5ac2a399554299218029dada,5,Manned Orbital Development System,0.39963215589523315
dense_per_question_n500_d10_20260726_r01,dense,per_question,5ac2a399554299218029dada,6,Shepardson Microsystems,0.37811699509620667
dense_per_question_n500_d10_20260726_r01,dense,per_question,5ac2a399554299218029dada,7,Star Ship,0.33433786034584045
dense_per_question_n500_d10_20260726_r01,dense,per_question,5ac2a399554299218029dada,8,New York City Employment and Training Coalition,0.099069163203239441
dense_per_question_n500_d10_20260726_r01,dense,per_question,5ac2a399554299218029dada,9,Vancouver Whitecaps FC U-23,0.056605998426675797
dense_per_question_n500_d10_20260726_r01,dense,per_question,5ac2a399554299218029dada,10,Portland Timbers U23s,-0.0081278784200549126
dense_per_question_n500_d10_20260726_r01,dense,per_question,5ac2acff55429921a00ab02b,1,The Hard Easy (film),0.74153023958206177
dense_per_question_n500_d10_20260726_r01,dense,per_question,5ac2acff55429921a00ab02b,2,The Hard Easy (Adventure Time),0.65038657188415527
dense_per_question_n500_d10_20260726_r01,dense,per_question,5ac2acff55429921a00ab02b,3,Brother from Another Series,0.39795789122581482
dense_per_question_n500_d10_20260726_r01,dense,per_question,5ac2acff55429921a00ab02b,4,The Farm (The Office),0.28462958335876465
dense_per_question_n500_d10_20260726_r01,dense,per_question,5ac2acff55429921a00ab02b,5,Roy's Wedding,0.26322665810585022
dense_per_question_n500_d10_20260726_r01,dense,per_question,5ac2acff55429921a00ab02b,6,Web Weirdos,0.23057368397712708
dense_per_question_n500_d10_20260726_r01,dense,per_question,5ac2acff55429921a00ab02b,7,Moving On (The Office),0.22333425283432007
dense_per_question_n500_d10_20260726_r01,dense,per_question,5ac2acff55429921a00ab02b,8,Evicted!,0.21169114112854004
dense_per_question_n500_d10_20260726_r01,dense,per_question,5ac2acff55429921a00ab02b,9,Andy's Ancestry,0.21039833128452301
dense_per_question_n500_d10_20260726_r01,dense,per_question,5ac2acff55429921a00ab02b,10,Brian Doyle-Murray,0.20789916813373566
dense_per_question_n500_d10_20260726_r01,dense,per_question,5ac2bbd0554299218029db09,1,The Thing of It Is...,0.60892391204833984
dense_per_question_n500_d10_20260726_r01,dense,per_question,5ac2bbd0554299218029db09,2,Who Goes There? (collection),0.41804641485214233
dense_per_question_n500_d10_20260726_r01,dense,per_question,5ac2bbd0554299218029db09,3,The Most Incredible Thing,0.31887441873550415
dense_per_question_n500_d10_20260726_r01,dense,per_question,5ac2bbd0554299218029db09,4,A Thing of Beauty,0.3098653256893158
dense_per_question_n500_d10_20260726_r01,dense,per_question,5ac2bbd0554299218029db09,5,Australian property law,0.26174783706665039
dense_per_question_n500_d10_20260726_r01,dense,per_question,5ac2bbd0554299218029db09,6,Creacionismo,0.24546962976455688
dense_per_question_n500_d10_20260726_r01,dense,per_question,5ac2bbd0554299218029db09,7,Man Booker International Prize,0.24244683980941772
dense_per_question_n500_d10_20260726_r01,dense,per_question,5ac2bbd0554299218029db09,8,Joshua D. Zimmerman,0.19291159510612488
dense_per_question_n500_d10_20260726_r01,dense,per_question,5ac2bbd0554299218029db09,9,Viola Concerto (Walton),0.09992486983537674
dense_per_question_n500_d10_20260726_r01,dense,per_question,5ac2bbd0554299218029db09,10,William Goldman,0.02698075957596302
dense_per_question_n500_d10_20260726_r01,dense,per_question,5ac2d1d755429921a00ab053,1,Roberta Vinci,0.59847021102905273
dense_per_question_n500_d10_20260726_r01,dense,per_question,5ac2d1d755429921a00ab053,2,2011 Barcelona Ladies Open – Doubles,0.52728164196014404
dense_per_question_n500_d10_20260726_r01,dense,per_question,5ac2d1d755429921a00ab053,3,2015 Rogers Cup – Women's Doubles,0.48435229063034058
dense_per_question_n500_d10_20260726_r01,dense,per_question,5ac2d1d755429921a00ab053,4,Flavia Pennetta,0.47330766916275024
dense_per_question_n500_d10_20260726_r01,dense,per_question,5ac2d1d755429921a00ab053,5,2015 Wimbledon Championships – Women's Doubles,0.46869462728500366
dense_per_question_n500_d10_20260726_r01,dense,per_question,5ac2d1d755429921a00ab053,6,Jorge Lozano,0.46298032999038696
dense_per_question_n500_d10_20260726_r01,dense,per_question,5ac2d1d755429921a00ab053,7,1988 Volvo International – Doubles,0.40100878477096558
dense_per_question_n500_d10_20260726_r01,dense,per_question,5ac2d1d755429921a00ab053,8,1994 Athens International – Doubles,0.38247638940811157
dense_per_question_n500_d10_20260726_r01,dense,per_question,5ac2d1d755429921a00ab053,9,Marta Domachowska,0.30508455634117126
dense_per_question_n500_d10_20260726_r01,dense,per_question,5ac2d1d755429921a00ab053,10,Morbo (band),0.2926190197467804
dense_per_question_n500_d10_20260726_r01,dense,per_question,5ac2ffbd554299677310267b,1,SuperMansion,0.63966661691665649
dense_per_question_n500_d10_20260726_r01,dense,per_question,5ac2ffbd554299677310267b,2,Jillian Bell,0.44346112012863159
dense_per_question_n500_d10_20260726_r01,dense,per_question,5ac2ffbd554299677310267b,3,Jenna Dewan,0.41291698813438416
dense_per_question_n500_d10_20260726_r01,dense,per_question,5ac2ffbd554299677310267b,4,Hilarie Burton,0.32378882169723511
dense_per_question_n500_d10_20260726_r01,dense,per_question,5ac2ffbd554299677310267b,5,Helen Modern,0.30539190769195557
dense_per_question_n500_d10_20260726_r01,dense,per_question,5ac2ffbd554299677310267b,6,Jeff Hephner,0.26792815327644348
dense_per_question_n500_d10_20260726_r01,dense,per_question,5ac2ffbd554299677310267b,7,Jo Marie Payton,0.26762962341308594
dense_per_question_n500_d10_20260726_r01,dense,per_question,5ac2ffbd554299677310267b,8,John Amos,0.23920190334320068
dense_per_question_n500_d10_20260726_r01,dense,per_question,5ac2ffbd554299677310267b,9,Mitch Pileggi,0.22286339104175568
dense_per_question_n500_d10_20260726_r01,dense,per_question,5ac2ffbd554299677310267b,10,John Pappas,0.16279119253158569
dense_per_question_n500_d10_20260726_r01,dense,per_question,5ac3165c5542995ef918c10a,1,18th Independent Spirit Awards,0.85589730739593506
dense_per_question_n500_d10_20260726_r01,dense,per_question,5ac3165c5542995ef918c10a,2,32nd Independent Spirit Awards,0.73479336500167847
dense_per_question_n500_d10_20260726_r01,dense,per_question,5ac3165c5542995ef918c10a,3,28th Independent Spirit Awards,0.72788971662521362
dense_per_question_n500_d10_20260726_r01,dense,per_question,5ac3165c5542995ef918c10a,4,Independent Spirit Award for Best Cinematography,0.71567237377166748
dense_per_question_n500_d10_20260726_r01,dense,per_question,5ac3165c5542995ef918c10a,5,Independent Spirit Award for Best Editing,0.67346549034118652
dense_per_question_n500_d10_20260726_r01,dense,per_question,5ac3165c5542995ef918c10a,6,Independent Spirit Award for Best First Feature,0.64595675468444824
dense_per_question_n500_d10_20260726_r01,dense,per_question,5ac3165c5542995ef918c10a,7,Independent Spirit Awards,0.61763638257980347
dense_per_question_n500_d10_20260726_r01,dense,per_question,5ac3165c5542995ef918c10a,8,Mihai Mălaimare Jr.,0.36479955911636353
dense_per_question_n500_d10_20260726_r01,dense,per_question,5ac3165c5542995ef918c10a,9,John Waters,0.29880762100219727
dense_per_question_n500_d10_20260726_r01,dense,per_question,5ac3165c5542995ef918c10a,10,Silent Light,0.15297433733940125
dense_per_question_n500_d10_20260726_r01,dense,per_question,5ac32b565542995ef918c154,1,1964 Georgia Tech Yellow Jackets football team,0.79221594333648682
dense_per_question_n500_d10_20260726_r01,dense,per_question,5ac32b565542995ef918c154,2,1987 Georgia Tech Yellow Jackets football team,0.73434531688690186
dense_per_question_n500_d10_20260726_r01,dense,per_question,5ac32b565542995ef918c154,3,Georgia Tech Yellow Jackets football,0.70586192607879639
dense_per_question_n500_d10_20260726_r01,dense,per_question,5ac32b565542995ef918c154,4,1988 Georgia Tech Yellow Jackets football team,0.68381929397583008
dense_per_question_n500_d10_20260726_r01,dense,per_question,5ac32b565542995ef918c154,5,1953 Georgia Tech Yellow Jackets football team,0.68144655227661133
dense_per_question_n500_d10_20260726_r01,dense,per_question,5ac32b565542995ef918c154,6,Bobby Dodd Stadium,0.67850756645202637
dense_per_question_n500_d10_20260726_r01,dense,per_question,5ac32b565542995ef918c154,7,1959 Georgia Tech Yellow Jackets football team,0.6586189866065979
dense_per_question_n500_d10_20260726_r01,dense,per_question,5ac32b565542995ef918c154,8,1980 Georgia Tech Yellow Jackets football team,0.62174117565155029
dense_per_question_n500_d10_20260726_r01,dense,per_question,5ac32b565542995ef918c154,9,Georgia Tech Yellow Jackets men's basketball,0.61138290166854858
dense_per_question_n500_d10_20260726_r01,dense,per_question,5ac32b565542995ef918c154,10,1990 Georgia Tech Yellow Jackets football team,0.59471809864044189
dense_per_question_n500_d10_20260726_r01,dense,per_question,5ac3ae475542995ef918c1e5,1,The Progressive Populist,0.54450404644012451
dense_per_question_n500_d10_20260726_r01,dense,per_question,5ac3ae475542995ef918c1e5,2,Skeptical Inquirer,0.50552523136138916
dense_per_question_n500_d10_20260726_r01,dense,per_question,5ac3ae475542995ef918c1e5,3,Kendrick Frazier,0.44911420345306396
dense_per_question_n500_d10_20260726_r01,dense,per_question,5ac3ae475542995ef918c1e5,4,Wonder en is gheen Wonder,0.39175796508789062
dense_per_question_n500_d10_20260726_r01,dense,per_question,5ac3ae475542995ef918c1e5,5,Susan Gerbic,0.35534152388572693
dense_per_question_n500_d10_20260726_r01,dense,per_question,5ac3ae475542995ef918c1e5,6,CSICon,0.33712750673294067
dense_per_question_n500_d10_20260726_r01,dense,per_question,5ac3ae475542995ef918c1e5,7,James Alcock,0.27379679679870605
dense_per_question_n500_d10_20260726_r01,dense,per_question,5ac3ae475542995ef918c1e5,8,Barry Beyerstein,0.26669460535049438
dense_per_question_n500_d10_20260726_r01,dense,per_question,5ac3ae475542995ef918c1e5,9,William R. Harwood,0.21086680889129639
dense_per_question_n500_d10_20260726_r01,dense,per_question,5ac3ae475542995ef918c1e5,10,Exeter incident,0.19886144995689392
dense_per_question_n500_d10_20260726_r01,dense,per_question,5ac3d9c9554299204fd21ea3,1,Erica Packer,0.80859178304672241
dense_per_question_n500_d10_20260726_r01,dense,per_question,5ac3d9c9554299204fd21ea3,2,James Packer,0.48541161417961121
dense_per_question_n500_d10_20260726_r01,dense,per_question,5ac3d9c9554299204fd21ea3,3,Trevor Kennedy,0.3568497896194458
dense_per_question_n500_d10_20260726_r01,dense,per_question,5ac3d9c9554299204fd21ea3,4,Polygamy in Morocco,0.22142499685287476
dense_per_question_n500_d10_20260726_r01,dense,per_question,5ac3d9c9554299204fd21ea3,5,Crazy John's,0.19613651931285858
dense_per_question_n500_d10_20260726_r01,dense,per_question,5ac3d9c9554299204fd21ea3,6,Leg of mutton nude,0.19429893791675568
dense_per_question_n500_d10_20260726_r01,dense,per_question,5ac3d9c9554299204fd21ea3,7,Brian Cook (football administrator),0.18357408046722412
dense_per_question_n500_d10_20260726_r01,dense,per_question,5ac3d9c9554299204fd21ea3,8,Ben Roberts-Smith,0.17599004507064819
dense_per_question_n500_d10_20260726_r01,dense,per_question,5ac3d9c9554299204fd21ea3,9,Alan Cransberg,0.14098016917705536
dense_per_question_n500_d10_20260726_r01,dense,per_question,5ac3d9c9554299204fd21ea3,10,Dipangkorn Rasmijoti,0.12577159702777863
dense_per_question_n500_d10_20260726_r01,dense,per_question,5ac3e0f7554299194317388b,1,American Beauty (1999 film),0.64470952749252319
dense_per_question_n500_d10_20260726_r01,dense,per_question,5ac3e0f7554299194317388b,2,American Beauty (1927 film),0.58603167533874512
dense_per_question_n500_d10_20260726_r01,dense,per_question,5ac3e0f7554299194317388b,3,La Belle Américaine,0.58441317081451416
dense_per_question_n500_d10_20260726_r01,dense,per_question,5ac3e0f7554299194317388b,4,List of accolades received by American Beauty,0.53830128908157349
dense_per_question_n500_d10_20260726_r01,dense,per_question,5ac3e0f7554299194317388b,5,Christopher Greenbury,0.52420294284820557
dense_per_question_n500_d10_20260726_r01,dense,per_question,5ac3e0f7554299194317388b,6,American Beauty (soundtrack),0.44208559393882751
dense_per_question_n500_d10_20260726_r01,dense,per_question,5ac3e0f7554299194317388b,7,Miss American Beauty 1963,0.33927750587463379
dense_per_question_n500_d10_20260726_r01,dense,per_question,5ac3e0f7554299194317388b,8,American Beauty/American Psycho Tour,0.33300021290779114
dense_per_question_n500_d10_20260726_r01,dense,per_question,5ac3e0f7554299194317388b,9,"Coty, Inc.",0.26829943060874939
dense_per_question_n500_d10_20260726_r01,dense,per_question,5ac3e0f7554299194317388b,10,The Kids Aren't Alright (Fall Out Boy song),0.22261145710945129
dense_per_question_n500_d10_20260726_r01,dense,per_question,5ac4392e5542997ea680ca32,1,Enrique Carreras,0.60102248191833496
dense_per_question_n500_d10_20260726_r01,dense,per_question,5ac4392e5542997ea680ca32,2,Lionel Ngakane,0.53110694885253906
dense_per_question_n500_d10_20260726_r01,dense,per_question,5ac4392e5542997ea680ca32,3,Enrique Grau,0.44033974409103394
dense_per_question_n500_d10_20260726_r01,dense,per_question,5ac4392e5542997ea680ca32,4,Enrique Echeverría,0.35145998001098633
dense_per_question_n500_d10_20260726_r01,dense,per_question,5ac4392e5542997ea680ca32,5,Manuel Quiroga (violinist),0.33737686276435852
dense_per_question_n500_d10_20260726_r01,dense,per_question,5ac4392e5542997ea680ca32,6,John Darby (Dean of Chester),0.30918189883232117
dense_per_question_n500_d10_20260726_r01,dense,per_question,5ac4392e5542997ea680ca32,7,Carreras Cigarette Factory,0.29437592625617981
dense_per_question_n500_d10_20260726_r01,dense,per_question,5ac4392e5542997ea680ca32,8,Lionel S. Reiss,0.28149014711380005
dense_per_question_n500_d10_20260726_r01,dense,per_question,5ac4392e5542997ea680ca32,9,Enrique Banchs,0.26859435439109802
dense_per_question_n500_d10_20260726_r01,dense,per_question,5ac4392e5542997ea680ca32,10,Conchita Badía,0.20222187042236328
dense_per_question_n500_d10_20260726_r01,dense,per_question,5ac45b58554299076e296dad,1,Hanggin Rear Banner,0.58655321598052979
dense_per_question_n500_d10_20260726_r01,dense,per_question,5ac45b58554299076e296dad,2,Urad Rear Banner,0.56692802906036377
dense_per_question_n500_d10_20260726_r01,dense,per_question,5ac45b58554299076e296dad,3,Chahar Right Rear Banner,0.47848474979400635
dense_per_question_n500_d10_20260726_r01,dense,per_question,5ac45b58554299076e296dad,4,Shanghai,0.45845097303390503
dense_per_question_n500_d10_20260726_r01,dense,per_question,5ac45b58554299076e296dad,5,Horqin Left Rear Banner,0.45384997129440308
dense_per_question_n500_d10_20260726_r01,dense,per_question,5ac45b58554299076e296dad,6,"Shuangmiao, Inner Mongolia",0.43619099259376526
dense_per_question_n500_d10_20260726_r01,dense,per_question,5ac45b58554299076e296dad,7,Altanochir (1882–1949),0.26522639393806458
dense_per_question_n500_d10_20260726_r01,dense,per_question,5ac45b58554299076e296dad,8,Shia Muslims in the Arab world,0.18625038862228394
dense_per_question_n500_d10_20260726_r01,dense,per_question,5ac45b58554299076e296dad,9,"Riverview, New Brunswick",0.14893233776092529
dense_per_question_n500_d10_20260726_r01,dense,per_question,5ac45b58554299076e296dad,10,Statistical inference,0.069558240473270416
dense_per_question_n500_d10_20260726_r01,dense,per_question,5ac497025542997ea680ca8d,1,Chris McKay,0.61963331699371338
dense_per_question_n500_d10_20260726_r01,dense,per_question,5ac497025542997ea680ca8d,2,Peter McKay (cricketer),0.47014322876930237
dense_per_question_n500_d10_20260726_r01,dense,per_question,5ac497025542997ea680ca8d,3,The Lego Batman Movie,0.36875033378601074
dense_per_question_n500_d10_20260726_r01,dense,per_question,5ac497025542997ea680ca8d,4,Brandon Dickerson,0.36806106567382812
dense_per_question_n500_d10_20260726_r01,dense,per_question,5ac497025542997ea680ca8d,5,Spare Me (film),0.25256705284118652
dense_per_question_n500_d10_20260726_r01,dense,per_question,5ac497025542997ea680ca8d,6,Afflicted (film),0.24170100688934326
dense_per_question_n500_d10_20260726_r01,dense,per_question,5ac497025542997ea680ca8d,7,ATL (film),0.21359215676784515
dense_per_question_n500_d10_20260726_r01,dense,per_question,5ac497025542997ea680ca8d,8,You Can't Kill Stephen King,0.16428421437740326
dense_per_question_n500_d10_20260726_r01,dense,per_question,5ac497025542997ea680ca8d,9,Paresh Mokashi,0.11254537850618362
dense_per_question_n500_d10_20260726_r01,dense,per_question,5ac497025542997ea680ca8d,10,Chimères (film),0.1117500513792038
dense_per_question_n500_d10_20260726_r01,dense,per_question,5ac5199a5542994611c8b38a,1,Pachypodium,0.65290570259094238
dense_per_question_n500_d10_20260726_r01,dense,per_question,5ac5199a5542994611c8b38a,2,Stenocereus,0.58363312482833862
dense_per_question_n500_d10_20260726_r01,dense,per_question,5ac5199a5542994611c8b38a,3,Pachypodium lealii,0.58146727085113525
dense_per_question_n500_d10_20260726_r01,dense,per_question,5ac5199a5542994611c8b38a,4,Coprosma repens,0.46544629335403442
dense_per_question_n500_d10_20260726_r01,dense,per_question,5ac5199a5542994611c8b38a,5,Parkia timoriana,0.41648703813552856
dense_per_question_n500_d10_20260726_r01,dense,per_question,5ac5199a5542994611c8b38a,6,Our Casuarina Tree,0.33881485462188721
dense_per_question_n500_d10_20260726_r01,dense,per_question,5ac5199a5542994611c8b38a,7,Durvillaea willana,0.29569339752197266
dense_per_question_n500_d10_20260726_r01,dense,per_question,5ac5199a5542994611c8b38a,8,Davey Tree Expert Company,0.25945448875427246
dense_per_question_n500_d10_20260726_r01,dense,per_question,5ac5199a5542994611c8b38a,9,Weak heap,0.14918875694274902
dense_per_question_n500_d10_20260726_r01,dense,per_question,5ac5199a5542994611c8b38a,10,Nitrogen assimilation,0.1454969197511673
dense_per_question_n500_d10_20260726_r01,dense,per_question,5ac52fc35542994611c8b403,1,Catholic Church in Ireland,0.66123795509338379
dense_per_question_n500_d10_20260726_r01,dense,per_question,5ac52fc35542994611c8b403,2,Official Ireland,0.61589503288269043
dense_per_question_n500_d10_20260726_r01,dense,per_question,5ac52fc35542994611c8b403,3,2013 Rugby League World Cup Group A,0.34939867258071899
dense_per_question_n500_d10_20260726_r01,dense,per_question,5ac52fc35542994611c8b403,4,2017 Rugby League World Cup Group C,0.34113135933876038
dense_per_question_n500_d10_20260726_r01,dense,per_question,5ac52fc35542994611c8b403,5,Arbuthnott-Garvock Group,0.29400217533111572
dense_per_question_n500_d10_20260726_r01,dense,per_question,5ac52fc35542994611c8b403,6,Lord Howe Island,0.23370420932769775
dense_per_question_n500_d10_20260726_r01,dense,per_question,5ac52fc35542994611c8b403,7,Mangsee Islands,0.21579314768314362
dense_per_question_n500_d10_20260726_r01,dense,per_question,5ac52fc35542994611c8b403,8,Young People's Socialist League,0.18383295834064484
dense_per_question_n500_d10_20260726_r01,dense,per_question,5ac52fc35542994611c8b403,9,Solway Group,0.14334802329540253
dense_per_question_n500_d10_20260726_r01,dense,per_question,5ac52fc35542994611c8b403,10,Booty Luv,0.107740618288517
dense_per_question_n500_d10_20260726_r01,dense,per_question,5ac537975542996feb3fea3c,1,Walt Zeboski,0.75150710344314575
dense_per_question_n500_d10_20260726_r01,dense,per_question,5ac537975542996feb3fea3c,2,Ronald Reagan,0.44955253601074219
dense_per_question_n500_d10_20260726_r01,dense,per_question,5ac537975542996feb3fea3c,3,Speeches and debates of Ronald Reagan,0.41099011898040771
dense_per_question_n500_d10_20260726_r01,dense,per_question,5ac537975542996feb3fea3c,4,Gerald Ford,0.37718766927719116
dense_per_question_n500_d10_20260726_r01,dense,per_question,5ac537975542996feb3fea3c,5,"John F. Kennedy presidential campaign, 1960",0.32332521677017212
dense_per_question_n500_d10_20260726_r01,dense,per_question,5ac537975542996feb3fea3c,6,José Mujica,0.29067873954772949
dense_per_question_n500_d10_20260726_r01,dense,per_question,5ac537975542996feb3fea3c,7,Bernhard Vogel (politician),0.28916138410568237
dense_per_question_n500_d10_20260726_r01,dense,per_question,5ac537975542996feb3fea3c,8,"Wyman Park, Baltimore",0.16453041136264801
dense_per_question_n500_d10_20260726_r01,dense,per_question,5ac537975542996feb3fea3c,9,2/40th Battalion (Australia),0.151661217212677
dense_per_question_n500_d10_20260726_r01,dense,per_question,5ac537975542996feb3fea3c,10,40th Battalion (Australia),0.11920881271362305
dense_per_question_n500_d10_20260726_r01,dense,per_question,5ac547525542993e66e822a3,1,New Bolton Center,0.5426868200302124
dense_per_question_n500_d10_20260726_r01,dense,per_question,5ac547525542993e66e822a3,2,United States Public Health Service,0.46461564302444458
dense_per_question_n500_d10_20260726_r01,dense,per_question,5ac547525542993e66e822a3,3,Food and Drug Administration,0.44280350208282471
dense_per_question_n500_d10_20260726_r01,dense,per_question,5ac547525542993e66e822a3,4,Ontario Veterinary College,0.42636197805404663
dense_per_question_n500_d10_20260726_r01,dense,per_question,5ac547525542993e66e822a3,5,Brenda McCowan,0.40655869245529175
dense_per_question_n500_d10_20260726_r01,dense,per_question,5ac547525542993e66e822a3,6,"Center for Pan Asian Community Services, Inc.",0.38073903322219849
dense_per_question_n500_d10_20260726_r01,dense,per_question,5ac547525542993e66e822a3,7,Oyewale Tomori,0.37208017706871033
dense_per_question_n500_d10_20260726_r01,dense,per_question,5ac547525542993e66e822a3,8,Western University of Health Sciences,0.36741361021995544
dense_per_question_n500_d10_20260726_r01,dense,per_question,5ac547525542993e66e822a3,9,Supporting Healthy Marriage Project,0.29946392774581909
dense_per_question_n500_d10_20260726_r01,dense,per_question,5ac547525542993e66e822a3,10,Melarsomine,0.27297759056091309
dense_per_question_n500_d10_20260726_r01,dense,per_question,5adbda2755429944faac2385,1,The Ganymede Takeover,0.69153487682342529
dense_per_question_n500_d10_20260726_r01,dense,per_question,5adbda2755429944faac2385,2,The Man in the High Castle,0.63074970245361328
dense_per_question_n500_d10_20260726_r01,dense,per_question,5adbda2755429944faac2385,3,The Man in the High Castle (TV series),0.60361349582672119
dense_per_question_n500_d10_20260726_r01,dense,per_question,5adbda2755429944faac2385,4,Eric Overmyer,0.50596094131469727
dense_per_question_n500_d10_20260726_r01,dense,per_question,5adbda2755429944faac2385,5,Vulcan's Hammer,0.35254970192909241
dense_per_question_n500_d10_20260726_r01,dense,per_question,5adbda2755429944faac2385,6,Tzi Ma,0.34963905811309814
dense_per_question_n500_d10_20260726_r01,dense,per_question,5adbda2755429944faac2385,7,Nobuteru Yūki,0.2932727038860321
dense_per_question_n500_d10_20260726_r01,dense,per_question,5adbda2755429944faac2385,8,Hartbeat!,0.25019475817680359
dense_per_question_n500_d10_20260726_r01,dense,per_question,5adbda2755429944faac2385,9,"Aye, and Gomorrah, and other stories",0.23325765132904053
dense_per_question_n500_d10_20260726_r01,dense,per_question,5adbda2755429944faac2385,10,Kanakkan,0.061615452170372009
dense_per_question_n500_d10_20260726_r01,dense,per_question,5adbe1a7554299438c868cc3,1,Lowe's,0.54787266254425049
dense_per_question_n500_d10_20260726_r01,dense,per_question,5adbe1a7554299438c868cc3,2,Pergament Home Centers,0.52295458316802979
dense_per_question_n500_d10_20260726_r01,dense,per_question,5adbe1a7554299438c868cc3,3,Brico Dépôt,0.43119734525680542
dense_per_question_n500_d10_20260726_r01,dense,per_question,5adbe1a7554299438c868cc3,4,BauMax,0.42735090851783752
dense_per_question_n500_d10_20260726_r01,dense,per_question,5adbe1a7554299438c868cc3,5,S.A.C.I. Falabella,0.42635548114776611
dense_per_question_n500_d10_20260726_r01,dense,per_question,5adbe1a7554299438c868cc3,6,EpiCentre K,0.41903853416442871
dense_per_question_n500_d10_20260726_r01,dense,per_question,5adbe1a7554299438c868cc3,7,Lithia Motors,0.39307993650436401
dense_per_question_n500_d10_20260726_r01,dense,per_question,5adbe1a7554299438c868cc3,8,House Rules (2003 TV series),0.38264325261116028
dense_per_question_n500_d10_20260726_r01,dense,per_question,5adbe1a7554299438c868cc3,9,Yardbirds Home Center,0.30952802300453186
dense_per_question_n500_d10_20260726_r01,dense,per_question,5adbe1a7554299438c868cc3,10,Charlotte metropolitan area,0.22002212703227997
dense_per_question_n500_d10_20260726_r01,dense,per_question,5adbf0a255429947ff17385a,1,Esma Sultan Mansion,0.67402255535125732
dense_per_question_n500_d10_20260726_r01,dense,per_question,5adbf0a255429947ff17385a,2,Laleli Mosque,0.64240872859954834
dense_per_question_n500_d10_20260726_r01,dense,per_question,5adbf0a255429947ff17385a,3,Sultan Ahmed Mosque,0.51108288764953613
dense_per_question_n500_d10_20260726_r01,dense,per_question,5adbf0a255429947ff17385a,4,Esma Sultan (daughter of Abdülaziz),0.50577723979949951
dense_per_question_n500_d10_20260726_r01,dense,per_question,5adbf0a255429947ff17385a,5,Esma Sultan,0.49970456957817078
dense_per_question_n500_d10_20260726_r01,dense,per_question,5adbf0a255429947ff17385a,6,Esma Sultan (daughter of Abdul Hamid I),0.49540108442306519
dense_per_question_n500_d10_20260726_r01,dense,per_question,5adbf0a255429947ff17385a,7,Esma Sultan (daughter of Ahmed III),0.48580551147460938
dense_per_question_n500_d10_20260726_r01,dense,per_question,5adbf0a255429947ff17385a,8,Djamaâ el Kebir,0.47007536888122559
dense_per_question_n500_d10_20260726_r01,dense,per_question,5adbf0a255429947ff17385a,9,Gevheri Kadın,0.34049248695373535
dense_per_question_n500_d10_20260726_r01,dense,per_question,5adbf0a255429947ff17385a,10,Küçük Hüseyin Pasha,0.17795777320861816
dense_per_question_n500_d10_20260726_r01,dense,per_question,5adbfbd555429947ff173893,1,2013 Young Hollywood Awards,0.74422311782836914
dense_per_question_n500_d10_20260726_r01,dense,per_question,5adbfbd555429947ff173893,2,2014 Young Hollywood Awards,0.73773026466369629
dense_per_question_n500_d10_20260726_r01,dense,per_question,5adbfbd555429947ff173893,3,Young Hollywood Awards,0.72756552696228027
dense_per_question_n500_d10_20260726_r01,dense,per_question,5adbfbd555429947ff173893,4,12th Youth in Film Awards,0.61296087503433228
dense_per_question_n500_d10_20260726_r01,dense,per_question,5adbfbd555429947ff173893,5,Maureen Dragone,0.54873323440551758
dense_per_question_n500_d10_20260726_r01,dense,per_question,5adbfbd555429947ff173893,6,2003 Kids' Choice Awards,0.33475548028945923
dense_per_question_n500_d10_20260726_r01,dense,per_question,5adbfbd555429947ff173893,7,Penske Media Corporation,0.29565083980560303
dense_per_question_n500_d10_20260726_r01,dense,per_question,5adbfbd555429947ff173893,8,Puerto Roc Records,0.20756623148918152
dense_per_question_n500_d10_20260726_r01,dense,per_question,5adbfbd555429947ff173893,9,Kelly Osbourne,0.19149240851402283
dense_per_question_n500_d10_20260726_r01,dense,per_question,5adbfbd555429947ff173893,10,Jeremy Schoenberg,0.13079920411109924
dense_per_question_n500_d10_20260726_r01,dense,per_question,5adc094a55429947ff1738c0,1,American Blues,0.56238424777984619
dense_per_question_n500_d10_20260726_r01,dense,per_question,5adc094a55429947ff1738c0,2,List of Canned Heat members,0.48902219533920288
dense_per_question_n500_d10_20260726_r01,dense,per_question,5adc094a55429947ff1738c0,3,Slash's Blues Ball,0.4704742431640625
dense_per_question_n500_d10_20260726_r01,dense,per_question,5adc094a55429947ff1738c0,4,Double Trouble (band),0.44684189558029175
dense_per_question_n500_d10_20260726_r01,dense,per_question,5adc094a55429947ff1738c0,5,Frank Beard (musician),0.4231792688369751
dense_per_question_n500_d10_20260726_r01,dense,per_question,5adc094a55429947ff1738c0,6,Chris Robinson Brotherhood,0.40088176727294922
dense_per_question_n500_d10_20260726_r01,dense,per_question,5adc094a55429947ff1738c0,7,Live at Carnegie Hall (Stevie Ray Vaughan album),0.34245741367340088
dense_per_question_n500_d10_20260726_r01,dense,per_question,5adc094a55429947ff1738c0,8,Five Horse Johnson,0.32649487257003784
dense_per_question_n500_d10_20260726_r01,dense,per_question,5adc094a55429947ff1738c0,9,The Muggs,0.31722405552864075
dense_per_question_n500_d10_20260726_r01,dense,per_question,5adc094a55429947ff1738c0,10,Mabel Greer's Toyshop,0.26434937119483948
dense_per_question_n500_d10_20260726_r01,dense,per_question,5adc0c2b55429947ff1738db,1,To Shoot an Elephant,0.66140824556350708
dense_per_question_n500_d10_20260726_r01,dense,per_question,5adc0c2b55429947ff1738db,2,Hannibal Brooks,0.48471945524215698
dense_per_question_n500_d10_20260726_r01,dense,per_question,5adc0c2b55429947ff1738db,3,James Howard Williams,0.41825079917907715
dense_per_question_n500_d10_20260726_r01,dense,per_question,5adc0c2b55429947ff1738db,4,North African elephant,0.40121239423751831
dense_per_question_n500_d10_20260726_r01,dense,per_question,5adc0c2b55429947ff1738db,5,Khan Kluay,0.37050104141235352
dense_per_question_n500_d10_20260726_r01,dense,per_question,5adc0c2b55429947ff1738db,6,Agee (film),0.36816585063934326
dense_per_question_n500_d10_20260726_r01,dense,per_question,5adc0c2b55429947ff1738db,7,Surus,0.34361216425895691
dense_per_question_n500_d10_20260726_r01,dense,per_question,5adc0c2b55429947ff1738db,8,Carlos Rendón Zipagauta,0.27789202332496643
dense_per_question_n500_d10_20260726_r01,dense,per_question,5adc0c2b55429947ff1738db,9,Marcel Trillat,0.27599260210990906
dense_per_question_n500_d10_20260726_r01,dense,per_question,5adc0c2b55429947ff1738db,10,Elephant Pass railway station,0.15217672288417816
dense_per_question_n500_d10_20260726_r01,dense,per_question,5adc1ae5554299438c868d5c,1,Hate Them,0.71430659294128418
dense_per_question_n500_d10_20260726_r01,dense,per_question,5adc1ae5554299438c868d5c,2,I Hate Myself (for Loving You),0.52927994728088379
dense_per_question_n500_d10_20260726_r01,dense,per_question,5adc1ae5554299438c868d5c,3,Darkthrone,0.44567003846168518
dense_per_question_n500_d10_20260726_r01,dense,per_question,5adc1ae5554299438c868d5c,4,Free (Bonfire album),0.3798033595085144
dense_per_question_n500_d10_20260726_r01,dense,per_question,5adc1ae5554299438c868d5c,5,Osc-Dis,0.33367753028869629
dense_per_question_n500_d10_20260726_r01,dense,per_question,5adc1ae5554299438c868d5c,6,Reckless (Jeremy Camp album),0.30999213457107544
dense_per_question_n500_d10_20260726_r01,dense,per_question,5adc1ae5554299438c868d5c,7,Lonestar discography,0.29982262849807739
dense_per_question_n500_d10_20260726_r01,dense,per_question,5adc1ae5554299438c868d5c,8,Liquid Acrobat as Regards the Air,0.29112496972084045
dense_per_question_n500_d10_20260726_r01,dense,per_question,5adc1ae5554299438c868d5c,9,Still Restless,0.25208467245101929
dense_per_question_n500_d10_20260726_r01,dense,per_question,5adc1ae5554299438c868d5c,10,Timbiriche VIII &amp; IX,0.24527955055236816
dense_per_question_n500_d10_20260726_r01,dense,per_question,5adc53f75542996e6852530a,1,Ajugeae,0.58965480327606201
dense_per_question_n500_d10_20260726_r01,dense,per_question,5adc53f75542996e6852530a,2,Cypress-pine,0.56792944669723511
dense_per_question_n500_d10_20260726_r01,dense,per_question,5adc53f75542996e6852530a,3,Cypress,0.52973884344100952
dense_per_question_n500_d10_20260726_r01,dense,per_question,5adc53f75542996e6852530a,4,Cupressus,0.50169366598129272
dense_per_question_n500_d10_20260726_r01,dense,per_question,5adc53f75542996e6852530a,5,Ajuga,0.50153863430023193
dense_per_question_n500_d10_20260726_r01,dense,per_question,5adc53f75542996e6852530a,6,Fokienia,0.46758386492729187
dense_per_question_n500_d10_20260726_r01,dense,per_question,5adc53f75542996e6852530a,7,Libocedrus,0.45382827520370483
dense_per_question_n500_d10_20260726_r01,dense,per_question,5adc53f75542996e6852530a,8,Pilgerodendron,0.36049807071685791
dense_per_question_n500_d10_20260726_r01,dense,per_question,5adc53f75542996e6852530a,9,Cedrol,0.24247370660305023
dense_per_question_n500_d10_20260726_r01,dense,per_question,5adc53f75542996e6852530a,10,Frenchman Formation,0.12638577818870544
dense_per_question_n500_d10_20260726_r01,dense,per_question,5adc65e85542996e68525350,1,Dafeng District,0.71649152040481567
dense_per_question_n500_d10_20260726_r01,dense,per_question,5adc65e85542996e68525350,2,Dazhou,0.6841314435005188
dense_per_question_n500_d10_20260726_r01,dense,per_question,5adc65e85542996e68525350,3,Yandu District,0.53075969219207764
dense_per_question_n500_d10_20260726_r01,dense,per_question,5adc65e85542996e68525350,4,Tinghu District,0.4764900803565979
dense_per_question_n500_d10_20260726_r01,dense,per_question,5adc65e85542996e68525350,5,Sichuan–Shanghai gas pipeline,0.33395135402679443
dense_per_question_n500_d10_20260726_r01,dense,per_question,5adc8977554299438c868de2,1,Hlín,0.60663223266601562
dense_per_question_n500_d10_20260726_r01,dense,per_question,5adc8977554299438c868de2,2,Sága and Sökkvabekkr,0.59343641996383667
dense_per_question_n500_d10_20260726_r01,dense,per_question,5adc8977554299438c868de2,3,Fulla,0.58992087841033936
dense_per_question_n500_d10_20260726_r01,dense,per_question,5adc8977554299438c868de2,4,Fensalir,0.57973098754882812
dense_per_question_n500_d10_20260726_r01,dense,per_question,5adc8977554299438c868de2,5,Gná and Hófvarpnir,0.46483021974563599
dense_per_question_n500_d10_20260726_r01,dense,per_question,5adc8977554299438c868de2,6,Norse mythology,0.46413779258728027
dense_per_question_n500_d10_20260726_r01,dense,per_question,5adc8977554299438c868de2,7,Eir,0.4584043025970459
dense_per_question_n500_d10_20260726_r01,dense,per_question,5adc8977554299438c868de2,8,Nanna (Norse deity),0.44983908534049988
dense_per_question_n500_d10_20260726_r01,dense,per_question,5adc8977554299438c868de2,9,Marzanna,0.3687499463558197
dense_per_question_n500_d10_20260726_r01,dense,per_question,5adc8977554299438c868de2,10,Frigg gas field,0.36082783341407776
dense_per_question_n500_d10_20260726_r01,dense,per_question,5adccd795542990d50227d2c,1,Moroccan Ambassador to China,0.61491239070892334
dense_per_question_n500_d10_20260726_r01,dense,per_question,5adccd795542990d50227d2c,2,Rabat,0.43856352567672729
dense_per_question_n500_d10_20260726_r01,dense,per_question,5adccd795542990d50227d2c,3,Sinuiju Special Administrative Region,0.37908953428268433
dense_per_question_n500_d10_20260726_r01,dense,per_question,5adccd795542990d50227d2c,4,Liaison Office (Hong Kong),0.29124078154563904
dense_per_question_n500_d10_20260726_r01,dense,per_question,5adccd795542990d50227d2c,5,Ilocos Region,0.25895228981971741
dense_per_question_n500_d10_20260726_r01,dense,per_question,5adccd795542990d50227d2c,6,Wolong Special Administrative Region,0.23448801040649414
dense_per_question_n500_d10_20260726_r01,dense,per_question,5adccd795542990d50227d2c,7,2014 NPCSC Decision on Hong Kong,0.23011869192123413
dense_per_question_n500_d10_20260726_r01,dense,per_question,5adccd795542990d50227d2c,8,Hong Kong Basic Law,0.21023041009902954
dense_per_question_n500_d10_20260726_r01,dense,per_question,5adccd795542990d50227d2c,9,Visa policy of Hong Kong,0.18254563212394714
dense_per_question_n500_d10_20260726_r01,dense,per_question,5adccd795542990d50227d2c,10,Caraga,0.15228933095932007
dense_per_question_n500_d10_20260726_r01,dense,per_question,5adccdd55542992c1e3a2408,1,Butch Van Artsdalen,0.65572518110275269
dense_per_question_n500_d10_20260726_r01,dense,per_question,5adccdd55542992c1e3a2408,2,"Waimea Bay, Hawaii",0.49259689450263977
dense_per_question_n500_d10_20260726_r01,dense,per_question,5adccdd55542992c1e3a2408,3,Waimea,0.46373072266578674
dense_per_question_n500_d10_20260726_r01,dense,per_question,5adccdd55542992c1e3a2408,4,Waimea Canyon State Park,0.43052083253860474
dense_per_question_n500_d10_20260726_r01,dense,per_question,5adccdd55542992c1e3a2408,5,Lake surfing,0.42992356419563293
dense_per_question_n500_d10_20260726_r01,dense,per_question,5adccdd55542992c1e3a2408,6,Tow-in surfing,0.38582032918930054
dense_per_question_n500_d10_20260726_r01,dense,per_question,5adccdd55542992c1e3a2408,7,Mister Pipeline,0.30036666989326477
dense_per_question_n500_d10_20260726_r01,dense,per_question,5adccdd55542992c1e3a2408,8,Skimboarding,0.26816701889038086
dense_per_question_n500_d10_20260726_r01,dense,per_question,5adccdd55542992c1e3a2408,9,Donald West VanArtsdalen,0.23996923863887787
dense_per_question_n500_d10_20260726_r01,dense,per_question,5adccdd55542992c1e3a2408,10,Brylan Van Artsdalen,0.20264968276023865
dense_per_question_n500_d10_20260726_r01,dense,per_question,5add11935542994734353827,1,Skin Yard,0.65130937099456787
dense_per_question_n500_d10_20260726_r01,dense,per_question,5add11935542994734353827,2,Ostava,0.58832961320877075
dense_per_question_n500_d10_20260726_r01,dense,per_question,5add11935542994734353827,3,Skin Yard (album),0.52013933658599854
dense_per_question_n500_d10_20260726_r01,dense,per_question,5add11935542994734353827,4,Jack Endino,0.45686125755310059
dense_per_question_n500_d10_20260726_r01,dense,per_question,5add11935542994734353827,5,Daniel House,0.44315534830093384
dense_per_question_n500_d10_20260726_r01,dense,per_question,5add11935542994734353827,6,Mark Arm,0.42342343926429749
dense_per_question_n500_d10_20260726_r01,dense,per_question,5add11935542994734353827,7,Gruntruck,0.38405397534370422
dense_per_question_n500_d10_20260726_r01,dense,per_question,5add11935542994734353827,8,Matt Cameron,0.35809445381164551
dense_per_question_n500_d10_20260726_r01,dense,per_question,5add11935542994734353827,9,Cat Butt,0.34870722889900208
dense_per_question_n500_d10_20260726_r01,dense,per_question,5add11935542994734353827,10,Chris Hanzsek,0.34304830431938171
dense_per_question_n500_d10_20260726_r01,dense,per_question,5add311b5542994ed6169cc5,1,Raymond Ochoa,0.75807356834411621
dense_per_question_n500_d10_20260726_r01,dense,per_question,5add311b5542994ed6169cc5,2,The Good Dinosaur,0.66955357789993286
dense_per_question_n500_d10_20260726_r01,dense,per_question,5add311b5542994ed6169cc5,3,Enrico Casarosa,0.59044963121414185
dense_per_question_n500_d10_20260726_r01,dense,per_question,5add311b5542994ed6169cc5,4,Adrian Molina,0.44457662105560303
dense_per_question_n500_d10_20260726_r01,dense,per_question,5add311b5542994ed6169cc5,5,Xtractaurs,0.43751740455627441
dense_per_question_n500_d10_20260726_r01,dense,per_question,5add311b5542994ed6169cc5,6,Dinosaur behavior,0.36264228820800781
dense_per_question_n500_d10_20260726_r01,dense,per_question,5add311b5542994ed6169cc5,7,Richard Kind,0.31900274753570557
dense_per_question_n500_d10_20260726_r01,dense,per_question,5add311b5542994ed6169cc5,8,Sanjay's Super Team,0.30862545967102051
dense_per_question_n500_d10_20260726_r01,dense,per_question,5add311b5542994ed6169cc5,9,Harley Jessup,0.30392342805862427
dense_per_question_n500_d10_20260726_r01,dense,per_question,5add311b5542994ed6169cc5,10,Golden Globe Award for Best Animated Feature Film,0.22340153157711029
dense_per_question_n500_d10_20260726_r01,dense,per_question,5add405f5542992c1e3a2581,1,Masters and Johnson,0.70815390348434448
dense_per_question_n500_d10_20260726_r01,dense,per_question,5add405f5542992c1e3a2581,2,William Masters,0.57466864585876465
dense_per_question_n500_d10_20260726_r01,dense,per_question,5add405f5542992c1e3a2581,3,Virginia E. Johnson,0.52617990970611572
dense_per_question_n500_d10_20260726_r01,dense,per_question,5add405f5542992c1e3a2581,4,Patterns of Sexual Behavior,0.36033964157104492
dense_per_question_n500_d10_20260726_r01,dense,per_question,5add405f5542992c1e3a2581,5,Dana Shires,0.26313474774360657
dense_per_question_n500_d10_20260726_r01,dense,per_question,5add405f5542992c1e3a2581,6,AlphaPets,0.23650112748146057
dense_per_question_n500_d10_20260726_r01,dense,per_question,5add405f5542992c1e3a2581,7,Fukomys vandewoestijneae,0.21661862730979919
dense_per_question_n500_d10_20260726_r01,dense,per_question,5add405f5542992c1e3a2581,8,Josef Peukert,0.17609256505966187
dense_per_question_n500_d10_20260726_r01,dense,per_question,5add405f5542992c1e3a2581,9,Berlin Diary,0.17071005702018738
dense_per_question_n500_d10_20260726_r01,dense,per_question,5add405f5542992c1e3a2581,10,Sheep (novel),0.14808252453804016
dense_per_question_n500_d10_20260726_r01,dense,per_question,5add564a5542990dbb2f7e38,1,Las Vegas Festival Grounds,0.79877501726150513
dense_per_question_n500_d10_20260726_r01,dense,per_question,5add564a5542990dbb2f7e38,2,Circus Circus Las Vegas,0.67330491542816162
dense_per_question_n500_d10_20260726_r01,dense,per_question,5add564a5542990dbb2f7e38,3,Westgate Las Vegas Resort &amp; Casino,0.60344082117080688
dense_per_question_n500_d10_20260726_r01,dense,per_question,5add564a5542990dbb2f7e38,4,Downtown Las Vegas,0.59368729591369629
dense_per_question_n500_d10_20260726_r01,dense,per_question,5add564a5542990dbb2f7e38,5,Trump International Hotel Las Vegas,0.58188474178314209
dense_per_question_n500_d10_20260726_r01,dense,per_question,5add564a5542990dbb2f7e38,6,Air Vegas,0.56920152902603149
dense_per_question_n500_d10_20260726_r01,dense,per_question,5add564a5542990dbb2f7e38,7,Tropicana – Las Vegas Boulevard intersection,0.51096010208129883
dense_per_question_n500_d10_20260726_r01,dense,per_question,5add564a5542990dbb2f7e38,8,Sports in the Las Vegas metropolitan area,0.46982771158218384
dense_per_question_n500_d10_20260726_r01,dense,per_question,5add564a5542990dbb2f7e38,9,Rock in Rio USA,0.46450775861740112
dense_per_question_n500_d10_20260726_r01,dense,per_question,5add564a5542990dbb2f7e38,10,Boots and Hearts Music Festival,0.28796547651290894
dense_per_question_n500_d10_20260726_r01,dense,per_question,5add61d65542995b365fab21,1,Mikhail Suslov,0.58887910842895508
dense_per_question_n500_d10_20260726_r01,dense,per_question,5add61d65542995b365fab21,2,Andrei Kirilenko (politician),0.55000710487365723
dense_per_question_n500_d10_20260726_r01,dense,per_question,5add61d65542995b365fab21,3,Nikolai Podgorny,0.54871928691864014
dense_per_question_n500_d10_20260726_r01,dense,per_question,5add61d65542995b365fab21,4,Mikhail Gorbachev,0.53935813903808594
dense_per_question_n500_d10_20260726_r01,dense,per_question,5add61d65542995b365fab21,5,Anastas Mikoyan,0.52695596218109131
dense_per_question_n500_d10_20260726_r01,dense,per_question,5add61d65542995b365fab21,6,Sergo Mikoyan,0.48868957161903381
dense_per_question_n500_d10_20260726_r01,dense,per_question,5add61d65542995b365fab21,7,Ephraim Sklyansky,0.45549282431602478
dense_per_question_n500_d10_20260726_r01,dense,per_question,5add61d65542995b365fab21,8,David Waksberg,0.31780749559402466
dense_per_question_n500_d10_20260726_r01,dense,per_question,5add61d65542995b365fab21,9,MS Excelsior Neptune,0.31271755695343018
dense_per_question_n500_d10_20260726_r01,dense,per_question,5add61d65542995b365fab21,10,World Summit of Nobel Peace Laureates,0.19260172545909882
dense_per_question_n500_d10_20260726_r01,dense,per_question,5add673e5542992ae4cec54d,1,Joe Walker (American football),0.64136505126953125
dense_per_question_n500_d10_20260726_r01,dense,per_question,5add673e5542992ae4cec54d,2,Civil War (college football game),0.51377809047698975
dense_per_question_n500_d10_20260726_r01,dense,per_question,5add673e5542992ae4cec54d,3,The Rivalry (Lehigh–Lafayette),0.37886881828308105
dense_per_question_n500_d10_20260726_r01,dense,per_question,5add673e5542992ae4cec54d,4,1983 Oregon State vs. Oregon football game,0.36364957690238953
dense_per_question_n500_d10_20260726_r01,dense,per_question,5add673e5542992ae4cec54d,5,Magnolia Bowl,0.3055247962474823
dense_per_question_n500_d10_20260726_r01,dense,per_question,5add673e5542992ae4cec54d,6,Army–Navy Game,0.28796786069869995
dense_per_question_n500_d10_20260726_r01,dense,per_question,5add673e5542992ae4cec54d,7,Battle for the Bell,0.27245613932609558
dense_per_question_n500_d10_20260726_r01,dense,per_question,5add673e5542992ae4cec54d,8,Textile Bowl,0.2406218945980072
dense_per_question_n500_d10_20260726_r01,dense,per_question,5add673e5542992ae4cec54d,9,Oregon Ducks football,0.22786085307598114
dense_per_question_n500_d10_20260726_r01,dense,per_question,5add673e5542992ae4cec54d,10,Battle of the Blue,0.20808440446853638
dense_per_question_n500_d10_20260726_r01,dense,per_question,5add67555542992ae4cec54e,1,Battle of Belleau Wood,0.67208725214004517
dense_per_question_n500_d10_20260726_r01,dense,per_question,5add67555542992ae4cec54e,2,Battle of Peleliu,0.59627723693847656
dense_per_question_n500_d10_20260726_r01,dense,per_question,5add67555542992ae4cec54e,3,USS Belleau Wood,0.54603910446166992
dense_per_question_n500_d10_20260726_r01,dense,per_question,5add67555542992ae4cec54e,4,USS Belleau Wood (LHA-3),0.42668527364730835
dense_per_question_n500_d10_20260726_r01,dense,per_question,5add67555542992ae4cec54e,5,Aisne-Marne American Cemetery and Memorial,0.41852080821990967
dense_per_question_n500_d10_20260726_r01,dense,per_question,5add67555542992ae4cec54e,6,American Expeditionary Forces,0.39767032861709595
dense_per_question_n500_d10_20260726_r01,dense,per_question,5add67555542992ae4cec54e,7,USS Belleau Wood (CVL-24),0.36586490273475647
dense_per_question_n500_d10_20260726_r01,dense,per_question,5add67555542992ae4cec54e,8,Elmo M. Haney,0.34603583812713623
dense_per_question_n500_d10_20260726_r01,dense,per_question,5add67555542992ae4cec54e,9,Battle of Norfolk,0.30524301528930664
dense_per_question_n500_d10_20260726_r01,dense,per_question,5add67555542992ae4cec54e,10,Clifton B. Cates,0.21439866721630096
dense_per_question_n500_d10_20260726_r01,dense,per_question,5add67915542992200553af8,1,Joseph LoPiccolo (organized crime),0.47627162933349609
dense_per_question_n500_d10_20260726_r01,dense,per_question,5add67915542992200553af8,2,Philadelphia crime family,0.43822294473648071
dense_per_question_n500_d10_20260726_r01,dense,per_question,5add67915542992200553af8,3,Mexican Mafia,0.42530292272567749
dense_per_question_n500_d10_20260726_r01,dense,per_question,5add67915542992200553af8,4,Los Angeles crime family,0.41629180312156677
dense_per_question_n500_d10_20260726_r01,dense,per_question,5add67915542992200553af8,5,Italian American One Voice Coalition,0.40898406505584717
dense_per_question_n500_d10_20260726_r01,dense,per_question,5add67915542992200553af8,6,Salvatore Testa,0.40677189826965332
dense_per_question_n500_d10_20260726_r01,dense,per_question,5add67915542992200553af8,7,National Italian American Sports Hall of Fame,0.36806786060333252
dense_per_question_n500_d10_20260726_r01,dense,per_question,5add67915542992200553af8,8,Barrow Gang,0.30743241310119629
dense_per_question_n500_d10_20260726_r01,dense,per_question,5add67915542992200553af8,9,The Sopranos,0.30565980076789856
dense_per_question_n500_d10_20260726_r01,dense,per_question,5add67915542992200553af8,10,Operation Power Outage,0.23179633915424347
dense_per_question_n500_d10_20260726_r01,dense,per_question,5adda7585542997dc790700c,1,Bridge to Terabithia (1985 film),0.44437366724014282
dense_per_question_n500_d10_20260726_r01,dense,per_question,5adda7585542997dc790700c,2,The Great Gilly Hopkins (film),0.43274387717247009
dense_per_question_n500_d10_20260726_r01,dense,per_question,5adda7585542997dc790700c,3,The Great Gilly Hopkins,0.41969436407089233
dense_per_question_n500_d10_20260726_r01,dense,per_question,5adda7585542997dc790700c,4,Bridge to Terabithia (novel),0.38210040330886841
dense_per_question_n500_d10_20260726_r01,dense,per_question,5adda7585542997dc790700c,5,Bridge to Terabithia (2007 film),0.38154241442680359
dense_per_question_n500_d10_20260726_r01,dense,per_question,5adda7585542997dc790700c,6,The Master Puppeteer,0.33211398124694824
dense_per_question_n500_d10_20260726_r01,dense,per_question,5adda7585542997dc790700c,7,"Bread and Roses, Too",0.31095176935195923
dense_per_question_n500_d10_20260726_r01,dense,per_question,5adda7585542997dc790700c,8,"Come Sing, Jimmy Jo",0.26872184872627258
dense_per_question_n500_d10_20260726_r01,dense,per_question,5adda7585542997dc790700c,9,Rebels of the Heavenly Kingdom,0.15349432826042175
dense_per_question_n500_d10_20260726_r01,dense,per_question,5adda7585542997dc790700c,10,Sligo Creek,0.091068580746650696
dense_per_question_n500_d10_20260726_r01,dense,per_question,5adddccd5542997dc7907069,1,Apple Remote,0.68901205062866211
dense_per_question_n500_d10_20260726_r01,dense,per_question,5adddccd5542997dc7907069,2,Apple Remote Desktop,0.61079150438308716
dense_per_question_n500_d10_20260726_r01,dense,per_question,5adddccd5542997dc7907069,3,Siri Remote,0.59066575765609741
dense_per_question_n500_d10_20260726_r01,dense,per_question,5adddccd5542997dc7907069,4,Remote control,0.55787068605422974
dense_per_question_n500_d10_20260726_r01,dense,per_question,5adddccd5542997dc7907069,5,Universal remote,0.52892833948135376
dense_per_question_n500_d10_20260726_r01,dense,per_question,5adddccd5542997dc7907069,6,NetSupport Manager,0.43210306763648987
dense_per_question_n500_d10_20260726_r01,dense,per_question,5adddccd5542997dc7907069,7,Front Row (software),0.34636956453323364
dense_per_question_n500_d10_20260726_r01,dense,per_question,5adddccd5542997dc7907069,8,Apple Watch,0.34396177530288696
dense_per_question_n500_d10_20260726_r01,dense,per_question,5adddccd5542997dc7907069,9,MacScan,0.33760452270507812
dense_per_question_n500_d10_20260726_r01,dense,per_question,5adddccd5542997dc7907069,10,Trainmaster Command Control,0.23000898957252502
dense_per_question_n500_d10_20260726_r01,dense,per_question,5adddd075542992200553b71,1,Rick and Morty (season 2),0.73027610778808594
dense_per_question_n500_d10_20260726_r01,dense,per_question,5adddd075542992200553b71,2,A Rickle in Time,0.71325421333312988
dense_per_question_n500_d10_20260726_r01,dense,per_question,5adddd075542992200553b71,3,The Ricks Must Be Crazy,0.60321974754333496
dense_per_question_n500_d10_20260726_r01,dense,per_question,5adddd075542992200553b71,4,Pilot (Rick and Morty),0.58417594432830811
dense_per_question_n500_d10_20260726_r01,dense,per_question,5adddd075542992200553b71,5,Rixty Minutes,0.58216613531112671
dense_per_question_n500_d10_20260726_r01,dense,per_question,5adddd075542992200553b71,6,Meeseeks and Destroy,0.58095985651016235
dense_per_question_n500_d10_20260726_r01,dense,per_question,5adddd075542992200553b71,7,Rick Potion No. 9,0.51202481985092163
dense_per_question_n500_d10_20260726_r01,dense,per_question,5adddd075542992200553b71,8,Lawnmower Dog,0.50743722915649414
dense_per_question_n500_d10_20260726_r01,dense,per_question,5adddd075542992200553b71,9,Gangland Undercover,0.2964739203453064
dense_per_question_n500_d10_20260726_r01,dense,per_question,5adddd075542992200553b71,10,Angry Birds Stella (TV series),0.1604243665933609
dense_per_question_n500_d10_20260726_r01,dense,per_question,5ade0fb95542997545bbbe39,1,Frenchmans Creek (New South Wales),0.75459933280944824
dense_per_question_n500_d10_20260726_r01,dense,per_question,5ade0fb95542997545bbbe39,2,Frenchmans Creek (California),0.61289232969284058
dense_per_question_n500_d10_20260726_r01,dense,per_question,5ade0fb95542997545bbbe39,3,Darling River,0.4535142183303833
dense_per_question_n500_d10_20260726_r01,dense,per_question,5ade0fb95542997545bbbe39,4,Red Rock River (Montana),0.4464840292930603
dense_per_question_n500_d10_20260726_r01,dense,per_question,5ade0fb95542997545bbbe39,5,Locks Creek,0.37448263168334961
dense_per_question_n500_d10_20260726_r01,dense,per_question,5ade0fb95542997545bbbe39,6,Jemez River,0.36970952153205872
dense_per_question_n500_d10_20260726_r01,dense,per_question,5ade0fb95542997545bbbe39,7,Tomichi Creek,0.36610615253448486
dense_per_question_n500_d10_20260726_r01,dense,per_question,5ade0fb95542997545bbbe39,8,East Branch South Fork Eel River,0.34421682357788086
dense_per_question_n500_d10_20260726_r01,dense,per_question,5ade0fb95542997545bbbe39,9,Lithia Springs Creek,0.3263193666934967
dense_per_question_n500_d10_20260726_r01,dense,per_question,5ade0fb95542997545bbbe39,10,Cow Creek (Montana),0.29040259122848511
dense_per_question_n500_d10_20260726_r01,dense,per_question,5ade15f35542997545bbbe47,1,Chrisann Brennan,0.4767986536026001
dense_per_question_n500_d10_20260726_r01,dense,per_question,5ade15f35542997545bbbe47,2,Lisa Brennan-Jobs,0.45436671376228333
dense_per_question_n500_d10_20260726_r01,dense,per_question,5ade15f35542997545bbbe47,3,Katherine Waterston,0.4340081512928009
dense_per_question_n500_d10_20260726_r01,dense,per_question,5ade15f35542997545bbbe47,4,The Bite in the Apple,0.34973782300949097
dense_per_question_n500_d10_20260726_r01,dense,per_question,5ade15f35542997545bbbe47,5,Manhattan Romance,0.29946351051330566
dense_per_question_n500_d10_20260726_r01,dense,per_question,5ade15f35542997545bbbe47,6,Logan Lucky,0.16674113273620605
dense_per_question_n500_d10_20260726_r01,dense,per_question,5ade15f35542997545bbbe47,7,The Current War,0.092420794069766998
dense_per_question_n500_d10_20260726_r01,dense,per_question,5ade15f35542997545bbbe47,8,Fantastic Beasts and Where to Find Them (film),0.055332094430923462
dense_per_question_n500_d10_20260726_r01,dense,per_question,5ade15f35542997545bbbe47,9,Alien: Covenant,0.0022434443235397339
dense_per_question_n500_d10_20260726_r01,dense,per_question,5ade15f35542997545bbbe47,10,Inherent Vice (film),-0.015117920935153961
dense_per_question_n500_d10_20260726_r01,dense,per_question,5ade24e35542992fa25da6e6,1,Mamie Gummer,0.62103754281997681
dense_per_question_n500_d10_20260726_r01,dense,per_question,5ade24e35542992fa25da6e6,2,Burt Gummer,0.41092836856842041
dense_per_question_n500_d10_20260726_r01,dense,per_question,5ade24e35542992fa25da6e6,3,The Good Wife,0.28417834639549255
dense_per_question_n500_d10_20260726_r01,dense,per_question,5ade24e35542992fa25da6e6,4,The Voice Kids (Arabic TV series),0.25796261429786682
dense_per_question_n500_d10_20260726_r01,dense,per_question,5ade24e35542992fa25da6e6,5,Cool Center,0.21898448467254639
dense_per_question_n500_d10_20260726_r01,dense,per_question,5ade24e35542992fa25da6e6,6,Hank Zipzer's Christmas Catastrophe,0.18394055962562561
dense_per_question_n500_d10_20260726_r01,dense,per_question,5ade24e35542992fa25da6e6,7,The Lightkeepers,0.17419317364692688
dense_per_question_n500_d10_20260726_r01,dense,per_question,5ade24e35542992fa25da6e6,8,Love It or List It Vancouver,0.13686962425708771
dense_per_question_n500_d10_20260726_r01,dense,per_question,5ade24e35542992fa25da6e6,9,Kamen Rider Battle: Ganbaride,0.0890054851770401
dense_per_question_n500_d10_20260726_r01,dense,per_question,5ade24e35542992fa25da6e6,10,Pakdam Pakdai,0.054082151502370834
dense_per_question_n500_d10_20260726_r01,dense,per_question,5ade42b55542992fa25da717,1,Shadows in Flight,0.68609607219696045
dense_per_question_n500_d10_20260726_r01,dense,per_question,5ade42b55542992fa25da717,2,Merlin Book 10: Shadows on the Stars,0.5614769458770752
dense_per_question_n500_d10_20260726_r01,dense,per_question,5ade42b55542992fa25da717,3,Walter Sorrells,0.43838876485824585
dense_per_question_n500_d10_20260726_r01,dense,per_question,5ade42b55542992fa25da717,4,Persistence of Memory,0.3863145112991333
dense_per_question_n500_d10_20260726_r01,dense,per_question,5ade42b55542992fa25da717,5,The Diamond Chariot,0.36067983508110046
dense_per_question_n500_d10_20260726_r01,dense,per_question,5ade42b55542992fa25da717,6,Castle Richmond,0.32415103912353516
dense_per_question_n500_d10_20260726_r01,dense,per_question,5ade42b55542992fa25da717,7,Ender's Game (series),0.32358825206756592
dense_per_question_n500_d10_20260726_r01,dense,per_question,5ade42b55542992fa25da717,8,Generosity: An Enhancement,0.28243446350097656
dense_per_question_n500_d10_20260726_r01,dense,per_question,5ade42b55542992fa25da717,9,&quot;J&quot; Is for Judgment,0.27761057019233704
dense_per_question_n500_d10_20260726_r01,dense,per_question,5ade42b55542992fa25da717,10,Eve Unsell,0.23202864825725555
dense_per_question_n500_d10_20260726_r01,dense,per_question,5ade51b45542997c77adedf4,1,2008 Kansas City Wizards season,0.77590382099151611
dense_per_question_n500_d10_20260726_r01,dense,per_question,5ade51b45542997c77adedf4,2,1999 Kansas City Wizards season,0.68231874704360962
dense_per_question_n500_d10_20260726_r01,dense,per_question,5ade51b45542997c77adedf4,3,1997 Kansas City Wizards season,0.6508946418762207
dense_per_question_n500_d10_20260726_r01,dense,per_question,5ade51b45542997c77adedf4,4,1998 Kansas City Wizards season,0.63132333755493164
dense_per_question_n500_d10_20260726_r01,dense,per_question,5ade51b45542997c77adedf4,5,Children's Mercy Park,0.59630978107452393
dense_per_question_n500_d10_20260726_r01,dense,per_question,5ade51b45542997c77adedf4,6,CommunityAmerica Ballpark,0.57593470811843872
dense_per_question_n500_d10_20260726_r01,dense,per_question,5ade51b45542997c77adedf4,7,All-time Sporting Kansas City roster,0.5732312798500061
dense_per_question_n500_d10_20260726_r01,dense,per_question,5ade51b45542997c77adedf4,8,Shawnee Mission District Stadium,0.50994670391082764
dense_per_question_n500_d10_20260726_r01,dense,per_question,5ade51b45542997c77adedf4,9,MLS Cup 2004,0.50627166032791138
dense_per_question_n500_d10_20260726_r01,dense,per_question,5ade51b45542997c77adedf4,10,Curt Johnson (soccer),0.41308480501174927
dense_per_question_n500_d10_20260726_r01,dense,per_question,5ade69e455429975fa854ec5,1,Rajneesh Duggal,0.60138845443725586
dense_per_question_n500_d10_20260726_r01,dense,per_question,5ade69e455429975fa854ec5,2,Ankahee (2006 film),0.54907238483428955
dense_per_question_n500_d10_20260726_r01,dense,per_question,5ade69e455429975fa854ec5,3,Udanchhoo,0.51651841402053833
dense_per_question_n500_d10_20260726_r01,dense,per_question,5ade69e455429975fa854ec5,4,1920 (film series),0.4951518177986145
dense_per_question_n500_d10_20260726_r01,dense,per_question,5ade69e455429975fa854ec5,5,Spark (2014 film),0.43968671560287476
dense_per_question_n500_d10_20260726_r01,dense,per_question,5ade69e455429975fa854ec5,6,1920 (film),0.40013977885246277
dense_per_question_n500_d10_20260726_r01,dense,per_question,5ade69e455429975fa854ec5,7,Be Careful (film),0.39767199754714966
dense_per_question_n500_d10_20260726_r01,dense,per_question,5ade69e455429975fa854ec5,8,Anhoniyon Ka Andhera,0.39534223079681396
dense_per_question_n500_d10_20260726_r01,dense,per_question,5ade69e455429975fa854ec5,9,Phhir,0.35089719295501709
dense_per_question_n500_d10_20260726_r01,dense,per_question,5ade69e455429975fa854ec5,10,Inteha (2003 film),0.30513250827789307
dense_per_question_n500_d10_20260726_r01,dense,per_question,5ade7a435542997c77adee3a,1,Mountbatten-Windsor,0.82615935802459717
dense_per_question_n500_d10_20260726_r01,dense,per_question,5ade7a435542997c77adee3a,2,List of members of the House of Windsor,0.65118706226348877
dense_per_question_n500_d10_20260726_r01,dense,per_question,5ade7a435542997c77adee3a,3,Mountbatten family,0.63981926441192627
dense_per_question_n500_d10_20260726_r01,dense,per_question,5ade7a435542997c77adee3a,4,House of Capet,0.41773954033851624
dense_per_question_n500_d10_20260726_r01,dense,per_question,5ade7a435542997c77adee3a,5,Cadet branch,0.41436153650283813
dense_per_question_n500_d10_20260726_r01,dense,per_question,5ade7a435542997c77adee3a,6,Capetian dynasty,0.3535606861114502
dense_per_question_n500_d10_20260726_r01,dense,per_question,5ade7a435542997c77adee3a,7,Zulu royal family,0.30665940046310425
dense_per_question_n500_d10_20260726_r01,dense,per_question,5ade7a435542997c77adee3a,8,Duke of Leuchtenberg,0.29537805914878845
dense_per_question_n500_d10_20260726_r01,dense,per_question,5ade7a435542997c77adee3a,9,Batonishvili,0.28975012898445129
dense_per_question_n500_d10_20260726_r01,dense,per_question,5ade7a435542997c77adee3a,10,Line of succession to the former Egyptian throne,0.13155882060527802
dense_per_question_n500_d10_20260726_r01,dense,per_question,5ade908b55429975fa854f13,1,Dario Franchitti,0.57061946392059326
dense_per_question_n500_d10_20260726_r01,dense,per_question,5ade908b55429975fa854f13,2,Marino Franchitti,0.5643620491027832
dense_per_question_n500_d10_20260726_r01,dense,per_question,5ade908b55429975fa854f13,3,1998 Molson Indy Vancouver,0.3520926833152771
dense_per_question_n500_d10_20260726_r01,dense,per_question,5ade908b55429975fa854f13,4,2009 Honda Indy Toronto,0.34863686561584473
dense_per_question_n500_d10_20260726_r01,dense,per_question,5ade908b55429975fa854f13,5,2011 Honda Indy Toronto,0.32608744502067566
dense_per_question_n500_d10_20260726_r01,dense,per_question,5ade908b55429975fa854f13,6,2002 Gran Premio Telmex-Gigante,0.30096518993377686
dense_per_question_n500_d10_20260726_r01,dense,per_question,5ade908b55429975fa854f13,7,2007 Firestone Indy 400,0.26074060797691345
dense_per_question_n500_d10_20260726_r01,dense,per_question,5ade908b55429975fa854f13,8,2011 Indy Grand Prix of Sonoma,0.25388669967651367
dense_per_question_n500_d10_20260726_r01,dense,per_question,5ade908b55429975fa854f13,9,Johnny Mowlem,0.22834879159927368
dense_per_question_n500_d10_20260726_r01,dense,per_question,5ade908b55429975fa854f13,10,Mercedes-AMG,0.19048234820365906
dense_per_question_n500_d10_20260726_r01,dense,per_question,5ade9545554299728e26c740,1,2007 Brownlow Medal,0.70508110523223877
dense_per_question_n500_d10_20260726_r01,dense,per_question,5ade9545554299728e26c740,2,2006 Brownlow Medal,0.66166722774505615
dense_per_question_n500_d10_20260726_r01,dense,per_question,5ade9545554299728e26c740,3,2005 Brownlow Medal,0.6586604118347168
dense_per_question_n500_d10_20260726_r01,dense,per_question,5ade9545554299728e26c740,4,2015 Brownlow Medal,0.62127619981765747
dense_per_question_n500_d10_20260726_r01,dense,per_question,5ade9545554299728e26c740,5,1993 Brownlow Medal,0.56476151943206787
dense_per_question_n500_d10_20260726_r01,dense,per_question,5ade9545554299728e26c740,6,2011 Brownlow Medal,0.55950617790222168
dense_per_question_n500_d10_20260726_r01,dense,per_question,5ade9545554299728e26c740,7,1995 Brownlow Medal,0.54782438278198242
dense_per_question_n500_d10_20260726_r01,dense,per_question,5ade9545554299728e26c740,8,1976 Brownlow Medal,0.54438424110412598
dense_per_question_n500_d10_20260726_r01,dense,per_question,5ade9545554299728e26c740,9,2014 Brownlow Medal,0.50827479362487793
dense_per_question_n500_d10_20260726_r01,dense,per_question,5ade9545554299728e26c740,10,Jimmy Bartel,0.18750008940696716
dense_per_question_n500_d10_20260726_r01,dense,per_question,5adea9ea55429939a52fe934,1,The Flowers of Romance (band),0.65503358840942383
dense_per_question_n500_d10_20260726_r01,dense,per_question,5adea9ea55429939a52fe934,2,Sid Vicious,0.63523375988006592
dense_per_question_n500_d10_20260726_r01,dense,per_question,5adea9ea55429939a52fe934,3,Nancy Spungen,0.60242635011672974
dense_per_question_n500_d10_20260726_r01,dense,per_question,5adea9ea55429939a52fe934,4,The Idols with Sid Vicious,0.56452322006225586
dense_per_question_n500_d10_20260726_r01,dense,per_question,5adea9ea55429939a52fe934,5,Glen Matlock,0.54424417018890381
dense_per_question_n500_d10_20260726_r01,dense,per_question,5adea9ea55429939a52fe934,6,Ex Pistols,0.50660204887390137
dense_per_question_n500_d10_20260726_r01,dense,per_question,5adea9ea55429939a52fe934,7,The Swindle Continues,0.48706117272377014
dense_per_question_n500_d10_20260726_r01,dense,per_question,5adea9ea55429939a52fe934,8,Live at Winterland 1978 (Avengers album),0.47709843516349792
dense_per_question_n500_d10_20260726_r01,dense,per_question,5adea9ea55429939a52fe934,9,Bodies (Sex Pistols song),0.46645534038543701
dense_per_question_n500_d10_20260726_r01,dense,per_question,5adea9ea55429939a52fe934,10,Revolution in the Classroom,0.40030217170715332
dense_per_question_n500_d10_20260726_r01,dense,per_question,5adef80b5542993a75d263c4,1,Snatch (TV series),0.67960208654403687
dense_per_question_n500_d10_20260726_r01,dense,per_question,5adef80b5542993a75d263c4,2,Snatch (film),0.64499175548553467
dense_per_question_n500_d10_20260726_r01,dense,per_question,5adef80b5542993a75d263c4,3,Swedish Dicks,0.25897321105003357
dense_per_question_n500_d10_20260726_r01,dense,per_question,5adef80b5542993a75d263c4,4,Romper Stomper (TV series),0.25731202960014343
dense_per_question_n500_d10_20260726_r01,dense,per_question,5adef80b5542993a75d263c4,5,AXN,0.22644561529159546
dense_per_question_n500_d10_20260726_r01,dense,per_question,5adef80b5542993a75d263c4,6,Bajillion Dollar Propertie$,0.1902124434709549
dense_per_question_n500_d10_20260726_r01,dense,per_question,5adef80b5542993a75d263c4,7,Orange Is the New Black,0.17521406710147858
dense_per_question_n500_d10_20260726_r01,dense,per_question,5adef80b5542993a75d263c4,8,Gilmore Girls: A Year in the Life,0.16685640811920166
dense_per_question_n500_d10_20260726_r01,dense,per_question,5adef80b5542993a75d263c4,9,Please Twins!,0.13361471891403198
dense_per_question_n500_d10_20260726_r01,dense,per_question,5adef80b5542993a75d263c4,10,Please Don't Eat the Daisies,0.067237861454486847
dense_per_question_n500_d10_20260726_r01,dense,per_question,5adeffa85542992d7e9f926f,1,Tappi Tíkarrass,0.70855468511581421
dense_per_question_n500_d10_20260726_r01,dense,per_question,5adeffa85542992d7e9f926f,2,Miranda (album),0.55135536193847656
dense_per_question_n500_d10_20260726_r01,dense,per_question,5adeffa85542992d7e9f926f,3,Bitið fast í vitið,0.54958188533782959
dense_per_question_n500_d10_20260726_r01,dense,per_question,5adeffa85542992d7e9f926f,4,Nýtt líf,0.43527787923812866
dense_per_question_n500_d10_20260726_r01,dense,per_question,5adeffa85542992d7e9f926f,5,Kidandali,0.40038937330245972
dense_per_question_n500_d10_20260726_r01,dense,per_question,5adeffa85542992d7e9f926f,6,INXS,0.39335775375366211
dense_per_question_n500_d10_20260726_r01,dense,per_question,5adeffa85542992d7e9f926f,7,Rave music,0.37051761150360107
dense_per_question_n500_d10_20260726_r01,dense,per_question,5adeffa85542992d7e9f926f,8,Disco polo,0.31571424007415771
dense_per_question_n500_d10_20260726_r01,dense,per_question,5adeffa85542992d7e9f926f,9,Steeltown (band),0.29190057516098022
dense_per_question_n500_d10_20260726_r01,dense,per_question,5adeffa85542992d7e9f926f,10,Folk rock,0.24207071959972382
dense_per_question_n500_d10_20260726_r01,dense,per_question,5adf043b5542993a75d263d4,1,Joe Scarborough,0.54628849029541016
dense_per_question_n500_d10_20260726_r01,dense,per_question,5adf043b5542993a75d263d4,2,Sean Hannity,0.50822460651397705
dense_per_question_n500_d10_20260726_r01,dense,per_question,5adf043b5542993a75d263d4,3,David Gold (talk radio host),0.48560890555381775
dense_per_question_n500_d10_20260726_r01,dense,per_question,5adf043b5542993a75d263d4,4,Morning Joe,0.43176889419555664
dense_per_question_n500_d10_20260726_r01,dense,per_question,5adf043b5542993a75d263d4,5,Mike Hogan (sportscaster),0.41591817140579224
dense_per_question_n500_d10_20260726_r01,dense,per_question,5adf043b5542993a75d263d4,6,Ronn Owens,0.39497667551040649
dense_per_question_n500_d10_20260726_r01,dense,per_question,5adf043b5542993a75d263d4,7,Talk radio,0.37138605117797852
dense_per_question_n500_d10_20260726_r01,dense,per_question,5adf043b5542993a75d263d4,8,Spectrum News Rochester,0.35289514064788818
dense_per_question_n500_d10_20260726_r01,dense,per_question,5adf043b5542993a75d263d4,9,Steve Malzberg,0.34583118557929993
dense_per_question_n500_d10_20260726_r01,dense,per_question,5adf043b5542993a75d263d4,10,Spectrum News Buffalo,0.32786765694618225
dense_per_question_n500_d10_20260726_r01,dense,per_question,5adf34d35542993a75d26425,1,Hume–Adams dialogue,0.83845198154449463
dense_per_question_n500_d10_20260726_r01,dense,per_question,5adf34d35542993a75d26425,2,Leader of Sinn Féin,0.68971502780914307
dense_per_question_n500_d10_20260726_r01,dense,per_question,5adf34d35542993a75d26425,3,History of Sinn Féin,0.59590494632720947
dense_per_question_n500_d10_20260726_r01,dense,per_question,5adf34d35542993a75d26425,4,Workers' Party of Ireland,0.58988535404205322
dense_per_question_n500_d10_20260726_r01,dense,per_question,5adf34d35542993a75d26425,5,Gerry Adams,0.58822870254516602
dense_per_question_n500_d10_20260726_r01,dense,per_question,5adf34d35542993a75d26425,6,Sinn Féin Front Bench,0.58532929420471191
dense_per_question_n500_d10_20260726_r01,dense,per_question,5adf34d35542993a75d26425,7,Republican Sinn Féin,0.56527042388916016
dense_per_question_n500_d10_20260726_r01,dense,per_question,5adf34d35542993a75d26425,8,Sinn Féin Republican Youth,0.53721070289611816
dense_per_question_n500_d10_20260726_r01,dense,per_question,5adf34d35542993a75d26425,9,Volunteer Political Party,0.46606239676475525
dense_per_question_n500_d10_20260726_r01,dense,per_question,5adf34d35542993a75d26425,10,Iraqi National Dialogue Council,0.32538950443267822
dense_per_question_n500_d10_20260726_r01,dense,per_question,5adf37a95542995ec70e8f97,1,2009–10 VCU Rams men's basketball team,0.84486949443817139
dense_per_question_n500_d10_20260726_r01,dense,per_question,5adf37a95542995ec70e8f97,2,2011–12 VCU Rams men's basketball team,0.81218171119689941
dense_per_question_n500_d10_20260726_r01,dense,per_question,5adf37a95542995ec70e8f97,3,2015–16 VCU Rams men's basketball team,0.79548126459121704
dense_per_question_n500_d10_20260726_r01,dense,per_question,5adf37a95542995ec70e8f97,4,2014–15 VCU Rams men's basketball team,0.79183441400527954
dense_per_question_n500_d10_20260726_r01,dense,per_question,5adf37a95542995ec70e8f97,5,2013–14 VCU Rams men's basketball team,0.78652787208557129
dense_per_question_n500_d10_20260726_r01,dense,per_question,5adf37a95542995ec70e8f97,6,2010–11 VCU Rams men's basketball team,0.77121388912200928
dense_per_question_n500_d10_20260726_r01,dense,per_question,5adf37a95542995ec70e8f97,7,2012–13 VCU Rams men's basketball team,0.76211303472518921
dense_per_question_n500_d10_20260726_r01,dense,per_question,5adf37a95542995ec70e8f97,8,1995–96 VCU Rams men's basketball team,0.75452613830566406
dense_per_question_n500_d10_20260726_r01,dense,per_question,5adf37a95542995ec70e8f97,9,2004–05 VCU Rams men's basketball team,0.68740695714950562
dense_per_question_n500_d10_20260726_r01,dense,per_question,5adf37a95542995ec70e8f97,10,Virginia Commonwealth University,0.52448594570159912
dense_per_question_n500_d10_20260726_r01,dense,per_question,5adf3e355542993a75d26440,1,Øresund Region,0.74467980861663818
dense_per_question_n500_d10_20260726_r01,dense,per_question,5adf3e355542993a75d26440,2,Øresund Bridge,0.72480952739715576
dense_per_question_n500_d10_20260726_r01,dense,per_question,5adf3e355542993a75d26440,3,European route E47,0.70031213760375977
dense_per_question_n500_d10_20260726_r01,dense,per_question,5adf3e355542993a75d26440,4,Copenhagen Malmö Port,0.69326567649841309
dense_per_question_n500_d10_20260726_r01,dense,per_question,5adf3e355542993a75d26440,5,Øresund,0.64792358875274658
dense_per_question_n500_d10_20260726_r01,dense,per_question,5adf3e355542993a75d26440,6,City Tunnel (Malmö),0.64261031150817871
dense_per_question_n500_d10_20260726_r01,dense,per_question,5adf3e355542993a75d26440,7,Malmö Harbour Heliport,0.57209670543670654
dense_per_question_n500_d10_20260726_r01,dense,per_question,5adf3e355542993a75d26440,8,Öresund Committee,0.51986932754516602
dense_per_question_n500_d10_20260726_r01,dense,per_question,5adf3e355542993a75d26440,9,Bjarkøy Fixed Link,0.5189821720123291
dense_per_question_n500_d10_20260726_r01,dense,per_question,5adf3e355542993a75d26440,10,Sweden,0.5115666389465332
dense_per_question_n500_d10_20260726_r01,dense,per_question,5adf4a275542993a75d26498,1,Summer of the Monkeys,0.62002599239349365
dense_per_question_n500_d10_20260726_r01,dense,per_question,5adf4a275542993a75d26498,2,William Allen White,0.39841824769973755
dense_per_question_n500_d10_20260726_r01,dense,per_question,5adf4a275542993a75d26498,3,Vance Powell,0.3730892539024353
dense_per_question_n500_d10_20260726_r01,dense,per_question,5adf4a275542993a75d26498,4,Horace Bumstead,0.336434006690979
dense_per_question_n500_d10_20260726_r01,dense,per_question,5adf4a275542993a75d26498,5,Søren Solkær,0.25387471914291382
dense_per_question_n500_d10_20260726_r01,dense,per_question,5adf4a275542993a75d26498,6,Mike Smith (A&amp;R man),0.23534438014030457
dense_per_question_n500_d10_20260726_r01,dense,per_question,5adf4a275542993a75d26498,7,Australian Ecology Research Award (AERA),0.17276471853256226
dense_per_question_n500_d10_20260726_r01,dense,per_question,5adf4a275542993a75d26498,8,Holden-Keating Gang,0.14066612720489502
dense_per_question_n500_d10_20260726_r01,dense,per_question,5adf4a275542993a75d26498,9,Curtis Glencross,0.1064150482416153
dense_per_question_n500_d10_20260726_r01,dense,per_question,5adf4a275542993a75d26498,10,Hätteberget,-0.082069694995880127
dense_per_question_n500_d10_20260726_r01,dense,per_question,5adf58f15542993a75d264d2,1,The Young Ones (TV series),0.69204425811767578
dense_per_question_n500_d10_20260726_r01,dense,per_question,5adf58f15542993a75d264d2,2,The Young Ones (video game),0.66428911685943604
dense_per_question_n500_d10_20260726_r01,dense,per_question,5adf58f15542993a75d264d2,3,Filthy Rich &amp; Catflap,0.63316863775253296
dense_per_question_n500_d10_20260726_r01,dense,per_question,5adf58f15542993a75d264d2,4,Ade Edmondson,0.61943405866622925
dense_per_question_n500_d10_20260726_r01,dense,per_question,5adf58f15542993a75d264d2,5,"Oh, No! Not THEM!",0.60963797569274902
dense_per_question_n500_d10_20260726_r01,dense,per_question,5adf58f15542993a75d264d2,6,David Mirkin,0.48969924449920654
dense_per_question_n500_d10_20260726_r01,dense,per_question,5adf58f15542993a75d264d2,7,Carole Gray,0.45796146988868713
dense_per_question_n500_d10_20260726_r01,dense,per_question,5adf58f15542993a75d264d2,8,Ben Elton,0.39676135778427124
dense_per_question_n500_d10_20260726_r01,dense,per_question,5adf58f15542993a75d264d2,9,Roland Rat,0.31346279382705688
dense_per_question_n500_d10_20260726_r01,dense,per_question,5adf58f15542993a75d264d2,10,Bad News (band),0.26385572552680969
dense_per_question_n500_d10_20260726_r01,dense,per_question,5adf65555542992d7e9f9334,1,Wendell Berry,0.56846415996551514
dense_per_question_n500_d10_20260726_r01,dense,per_question,5adf65555542992d7e9f9334,2,New York State Writers Hall of Fame,0.49687090516090393
dense_per_question_n500_d10_20260726_r01,dense,per_question,5adf65555542992d7e9f9334,3,Dim Gray Bar Press,0.47431355714797974
dense_per_question_n500_d10_20260726_r01,dense,per_question,5adf65555542992d7e9f9334,4,Melissa Fay Greene,0.4449554979801178
dense_per_question_n500_d10_20260726_r01,dense,per_question,5adf65555542992d7e9f9334,5,Judith Ortiz Cofer,0.43450585007667542
dense_per_question_n500_d10_20260726_r01,dense,per_question,5adf65555542992d7e9f9334,6,Blinkey Horn,0.42723762989044189
dense_per_question_n500_d10_20260726_r01,dense,per_question,5adf65555542992d7e9f9334,7,Winfred Blevins,0.41347849369049072
dense_per_question_n500_d10_20260726_r01,dense,per_question,5adf65555542992d7e9f9334,8,Jay Cronley,0.3495064377784729
dense_per_question_n500_d10_20260726_r01,dense,per_question,5adf65555542992d7e9f9334,9,Nebula Award for Best Novel,0.26883023977279663
dense_per_question_n500_d10_20260726_r01,dense,per_question,5adf65555542992d7e9f9334,10,Franci Cerar,0.16905561089515686
dense_per_question_n500_d10_20260726_r01,dense,per_question,5adf8fe55542993344016d0f,1,The Age of Not Believing,0.65853023529052734
dense_per_question_n500_d10_20260726_r01,dense,per_question,5adf8fe55542993344016d0f,2,Kingsglaive: Final Fantasy XV,0.32193237543106079
dense_per_question_n500_d10_20260726_r01,dense,per_question,5adf8fe55542993344016d0f,3,Final Fantasy VII: Advent Children,0.30625841021537781
dense_per_question_n500_d10_20260726_r01,dense,per_question,5adf8fe55542993344016d0f,4,Bedknobs and Broomsticks,0.30602937936782837
dense_per_question_n500_d10_20260726_r01,dense,per_question,5adf8fe55542993344016d0f,5,Stark Electric Jesus,0.28208115696907043
dense_per_question_n500_d10_20260726_r01,dense,per_question,5adf8fe55542993344016d0f,6,The Golden Voyage of Sinbad,0.23102891445159912
dense_per_question_n500_d10_20260726_r01,dense,per_question,5adf8fe55542993344016d0f,7,Sianoa Smit-McPhee,0.21966463327407837
dense_per_question_n500_d10_20260726_r01,dense,per_question,5adf8fe55542993344016d0f,8,Dicen que soy mujeriego,0.17895781993865967
dense_per_question_n500_d10_20260726_r01,dense,per_question,5adf8fe55542993344016d0f,9,Once Upon a Time in Vietnam,0.155429407954216
dense_per_question_n500_d10_20260726_r01,dense,per_question,5adf8fe55542993344016d0f,10,"Baseball Hall of Fame balloting, 1971",0.04807494580745697
dense_per_question_n500_d10_20260726_r01,dense,per_question,5adf9dc3554299025d62a2e6,1,Grease: The New Broadway Cast Recording,0.69691509008407593
dense_per_question_n500_d10_20260726_r01,dense,per_question,5adf9dc3554299025d62a2e6,2,Laura Osnes,0.54363512992858887
dense_per_question_n500_d10_20260726_r01,dense,per_question,5adf9dc3554299025d62a2e6,3,Drama Desk Award for Outstanding Director,0.54156088829040527
dense_per_question_n500_d10_20260726_r01,dense,per_question,5adf9dc3554299025d62a2e6,4,Drama Desk Award for Outstanding Solo Performance,0.50279450416564941
dense_per_question_n500_d10_20260726_r01,dense,per_question,5adf9dc3554299025d62a2e6,5,Gerard Alessandrini,0.48964309692382812
dense_per_question_n500_d10_20260726_r01,dense,per_question,5adf9dc3554299025d62a2e6,6,Open Admissions,0.43608081340789795
dense_per_question_n500_d10_20260726_r01,dense,per_question,5adf9dc3554299025d62a2e6,7,Kenneth Posner,0.43217927217483521
dense_per_question_n500_d10_20260726_r01,dense,per_question,5adf9dc3554299025d62a2e6,8,Brad Alexander,0.39440968632698059
dense_per_question_n500_d10_20260726_r01,dense,per_question,5adf9dc3554299025d62a2e6,9,Nick Cordero,0.35279333591461182
dense_per_question_n500_d10_20260726_r01,dense,per_question,5adf9dc3554299025d62a2e6,10,9 to 5 (musical),0.33491125702857971
dense_per_question_n500_d10_20260726_r01,dense,per_question,5adfa3da554299025d62a317,1,Revengers Tragedy,0.64880859851837158
dense_per_question_n500_d10_20260726_r01,dense,per_question,5adfa3da554299025d62a317,2,Emily Jewell,0.55256807804107666
dense_per_question_n500_d10_20260726_r01,dense,per_question,5adfa3da554299025d62a317,3,The Duchess of Padua,0.50408256053924561
dense_per_question_n500_d10_20260726_r01,dense,per_question,5adfa3da554299025d62a317,4,The Revengers' Comedies,0.47746950387954712
dense_per_question_n500_d10_20260726_r01,dense,per_question,5adfa3da554299025d62a317,5,Revengers Tragedy (album),0.44505637884140015
dense_per_question_n500_d10_20260726_r01,dense,per_question,5adfa3da554299025d62a317,6,Grand Duke's Official Birthday,0.41210371255874634
dense_per_question_n500_d10_20260726_r01,dense,per_question,5adfa3da554299025d62a317,7,Diana Quick,0.33941426873207092
dense_per_question_n500_d10_20260726_r01,dense,per_question,5adfa3da554299025d62a317,8,Revengers Tragedy (song),0.33619594573974609
dense_per_question_n500_d10_20260726_r01,dense,per_question,5adfa3da554299025d62a317,9,Appius and Virginia,0.33206027746200562
dense_per_question_n500_d10_20260726_r01,dense,per_question,5adfa3da554299025d62a317,10,Murder of Grace Brown,0.29861879348754883
dense_per_question_n500_d10_20260726_r01,dense,per_question,5adfbca255429942ec259b2c,1,All Join Hands,0.6534125804901123
dense_per_question_n500_d10_20260726_r01,dense,per_question,5adfbca255429942ec259b2c,2,Join Hands,0.6383587121963501
dense_per_question_n500_d10_20260726_r01,dense,per_question,5adfbca255429942ec259b2c,3,Crackers: The Christmas Party Album,0.42113685607910156
dense_per_question_n500_d10_20260726_r01,dense,per_question,5adfbca255429942ec259b2c,4,The Rats (American band),0.39667725563049316
dense_per_question_n500_d10_20260726_r01,dense,per_question,5adfbca255429942ec259b2c,5,Tom Morello discography,0.38637316226959229
dense_per_question_n500_d10_20260726_r01,dense,per_question,5adfbca255429942ec259b2c,6,Slade,0.36362114548683167
dense_per_question_n500_d10_20260726_r01,dense,per_question,5adfbca255429942ec259b2c,7,The Joys of Living 2008–2010,0.35339948534965515
dense_per_question_n500_d10_20260726_r01,dense,per_question,5adfbca255429942ec259b2c,8,Playground Twist,0.33446964621543884
dense_per_question_n500_d10_20260726_r01,dense,per_question,5adfbca255429942ec259b2c,9,Rise Above (Dirty Projectors album),0.29061132669448853
dense_per_question_n500_d10_20260726_r01,dense,per_question,5adfbca255429942ec259b2c,10,"You're Gonna Go Far, Kid",0.18471294641494751
dense_per_question_n500_d10_20260726_r01,dense,per_question,5adfd2f255429925eb1afaa5,1,Portal (video game),0.50947415828704834
dense_per_question_n500_d10_20260726_r01,dense,per_question,5adfd2f255429925eb1afaa5,2,Gateways (video game),0.506458580493927
dense_per_question_n500_d10_20260726_r01,dense,per_question,5adfd2f255429925eb1afaa5,3,Portal 2,0.49696463346481323
dense_per_question_n500_d10_20260726_r01,dense,per_question,5adfd2f255429925eb1afaa5,4,Aperture Tag: The Paint Gun Testing Initiative,0.48271086812019348
dense_per_question_n500_d10_20260726_r01,dense,per_question,5adfd2f255429925eb1afaa5,5,The Lost Vikings,0.424854576587677
dense_per_question_n500_d10_20260726_r01,dense,per_question,5adfd2f255429925eb1afaa5,6,Half-Life 2: Lost Coast,0.41904062032699585
dense_per_question_n500_d10_20260726_r01,dense,per_question,5adfd2f255429925eb1afaa5,7,Team Fortress 2,0.40169578790664673
dense_per_question_n500_d10_20260726_r01,dense,per_question,5adfd2f255429925eb1afaa5,8,Portal (series),0.39616617560386658
dense_per_question_n500_d10_20260726_r01,dense,per_question,5adfd2f255429925eb1afaa5,9,Fez (video game),0.3324047327041626
dense_per_question_n500_d10_20260726_r01,dense,per_question,5adfd2f255429925eb1afaa5,10,Prince of Persia: The Sands of Time,0.3211500346660614
dense_per_question_n500_d10_20260726_r01,dense,per_question,5adfeb0555429942ec259b88,1,"Detroit mayoral election, 2009",0.76330149173736572
dense_per_question_n500_d10_20260726_r01,dense,per_question,5adfeb0555429942ec259b88,2,Kwame Kilpatrick,0.60814768075942993
dense_per_question_n500_d10_20260726_r01,dense,per_question,5adfeb0555429942ec259b88,3,"United Kingdom local elections, 2013",0.44044482707977295
dense_per_question_n500_d10_20260726_r01,dense,per_question,5adfeb0555429942ec259b88,4,"United States Senate elections in Illinois, 2010",0.4188123345375061
dense_per_question_n500_d10_20260726_r01,dense,per_question,5adfeb0555429942ec259b88,5,"Charlotte mayoral election, 2015",0.37478673458099365
dense_per_question_n500_d10_20260726_r01,dense,per_question,5adfeb0555429942ec259b88,6,List of Calgary municipal elections,0.36403322219848633
dense_per_question_n500_d10_20260726_r01,dense,per_question,5adfeb0555429942ec259b88,7,Brian DelGrosso,0.28371691703796387
dense_per_question_n500_d10_20260726_r01,dense,per_question,5adfeb0555429942ec259b88,8,Jane Marum Roush,0.27650988101959229
dense_per_question_n500_d10_20260726_r01,dense,per_question,5adfeb0555429942ec259b88,9,Joseph Vitale (politician),0.26027160882949829
dense_per_question_n500_d10_20260726_r01,dense,per_question,5adfeb0555429942ec259b88,10,Jon Bramnick,0.19765007495880127
dense_per_question_n500_d10_20260726_r01,dense,per_question,5adffe7155429906c02daa9e,1,When Harry Met Sally... (soundtrack),0.57424420118331909
dense_per_question_n500_d10_20260726_r01,dense,per_question,5adffe7155429906c02daa9e,2,When Harry Met Sally...,0.47100099921226501
dense_per_question_n500_d10_20260726_r01,dense,per_question,5adffe7155429906c02daa9e,3,Connie Sawyer,0.36313867568969727
dense_per_question_n500_d10_20260726_r01,dense,per_question,5adffe7155429906c02daa9e,4,Meg Ryan,0.34172931313514709
dense_per_question_n500_d10_20260726_r01,dense,per_question,5adffe7155429906c02daa9e,5,Nora Ephron,0.32699829339981079
dense_per_question_n500_d10_20260726_r01,dense,per_question,5adffe7155429906c02daa9e,6,Dumb and Dumberer: When Harry Met Lloyd,0.32438963651657104
dense_per_question_n500_d10_20260726_r01,dense,per_question,5adffe7155429906c02daa9e,7,Harry Connick Jr.,0.24458058178424835
dense_per_question_n500_d10_20260726_r01,dense,per_question,5adffe7155429906c02daa9e,8,Bruno Kirby,0.2021244615316391
dense_per_question_n500_d10_20260726_r01,dense,per_question,5adffe7155429906c02daa9e,9,Sunset Las Palmas Studios,0.15282686054706573
dense_per_question_n500_d10_20260726_r01,dense,per_question,5adffe7155429906c02daa9e,10,Golden Gate University School of Law,-0.041614916175603867
dense_per_question_n500_d10_20260726_r01,dense,per_question,5ae0006755429925eb1afbd3,1,Bubblegum Alley,0.83324259519577026
dense_per_question_n500_d10_20260726_r01,dense,per_question,5ae0006755429925eb1afbd3,2,Gum Wall,0.74344164133071899
dense_per_question_n500_d10_20260726_r01,dense,per_question,5ae0006755429925eb1afbd3,3,Ouch! (gum),0.44353288412094116
dense_per_question_n500_d10_20260726_r01,dense,per_question,5ae0006755429925eb1afbd3,4,Up Your Alley Fair,0.41613507270812988
dense_per_question_n500_d10_20260726_r01,dense,per_question,5ae0006755429925eb1afbd3,5,Digital Media Factory,0.40844887495040894
dense_per_question_n500_d10_20260726_r01,dense,per_question,5ae0006755429925eb1afbd3,6,Hollywood Star Lanes,0.39707881212234497
dense_per_question_n500_d10_20260726_r01,dense,per_question,5ae0006755429925eb1afbd3,7,Lower Louviers and Chicken Alley,0.32386934757232666
dense_per_question_n500_d10_20260726_r01,dense,per_question,5ae0006755429925eb1afbd3,8,Old US 67 Rest Area,0.28041192889213562
dense_per_question_n500_d10_20260726_r01,dense,per_question,5ae0006755429925eb1afbd3,9,Philadelphia Baseball Wall of Fame,0.25920665264129639
dense_per_question_n500_d10_20260726_r01,dense,per_question,5ae0006755429925eb1afbd3,10,"San Luis Obispo, California",0.20305293798446655
dense_per_question_n500_d10_20260726_r01,dense,per_question,5ae0038655429925eb1afbe0,1,Tea Moderna (magazine),0.68480372428894043
dense_per_question_n500_d10_20260726_r01,dense,per_question,5ae0038655429925eb1afbe0,2,Makedonsko Sonce,0.39584779739379883
dense_per_question_n500_d10_20260726_r01,dense,per_question,5ae0038655429925eb1afbe0,3,Hänt Extra,0.39260265231132507
dense_per_question_n500_d10_20260726_r01,dense,per_question,5ae0038655429925eb1afbe0,4,2015 Macedonian Football Supercup,0.37879836559295654
dense_per_question_n500_d10_20260726_r01,dense,per_question,5ae0038655429925eb1afbe0,5,Den Za Nas,0.35209488868713379
dense_per_question_n500_d10_20260726_r01,dense,per_question,5ae0038655429925eb1afbe0,6,Nikola Mladenov,0.30745375156402588
dense_per_question_n500_d10_20260726_r01,dense,per_question,5ae0038655429925eb1afbe0,7,Orange Field Tea Factory,0.26640141010284424
dense_per_question_n500_d10_20260726_r01,dense,per_question,5ae0038655429925eb1afbe0,8,Hänt Bild,0.2587369978427887
dense_per_question_n500_d10_20260726_r01,dense,per_question,5ae0038655429925eb1afbe0,9,Football Weekly,0.215981125831604
dense_per_question_n500_d10_20260726_r01,dense,per_question,5ae0038655429925eb1afbe0,10,Henrik Dorsin,0.17708685994148254
dense_per_question_n500_d10_20260726_r01,dense,per_question,5ae005b555429942ec259bec,1,Lourenço Mutarelli,0.64033448696136475
dense_per_question_n500_d10_20260726_r01,dense,per_question,5ae005b555429942ec259bec,2,The Birds on the Trees,0.44812032580375671
dense_per_question_n500_d10_20260726_r01,dense,per_question,5ae005b555429942ec259bec,3,4 a.m. (novel),0.44208860397338867
dense_per_question_n500_d10_20260726_r01,dense,per_question,5ae005b555429942ec259bec,4,The Golden Hour (novel),0.38100266456604004
dense_per_question_n500_d10_20260726_r01,dense,per_question,5ae005b555429942ec259bec,5,Before We Say Goodbye,0.31281083822250366
dense_per_question_n500_d10_20260726_r01,dense,per_question,5ae005b555429942ec259bec,6,Crime and Punishment,0.2871016263961792
dense_per_question_n500_d10_20260726_r01,dense,per_question,5ae005b555429942ec259bec,7,Drained,0.24938210844993591
dense_per_question_n500_d10_20260726_r01,dense,per_question,5ae005b555429942ec259bec,8,Spirit of the Border,0.24316024780273438
dense_per_question_n500_d10_20260726_r01,dense,per_question,5ae005b555429942ec259bec,9,Three Comrades (novel),0.23914152383804321
dense_per_question_n500_d10_20260726_r01,dense,per_question,5ae005b555429942ec259bec,10,Quando Eu Era Vivo,0.23451212048530579
dense_per_question_n500_d10_20260726_r01,dense,per_question,5ae0361155429925eb1afc2c,1,L'Oiseau Blanc,0.63196253776550293
dense_per_question_n500_d10_20260726_r01,dense,per_question,5ae0361155429925eb1afc2c,2,Gervais Raoul Lufbery,0.618366539478302
dense_per_question_n500_d10_20260726_r01,dense,per_question,5ae0361155429925eb1afc2c,3,Paul Sauvage (aviator),0.5970579981803894
dense_per_question_n500_d10_20260726_r01,dense,per_question,5ae0361155429925eb1afc2c,4,François Coli,0.59154748916625977
dense_per_question_n500_d10_20260726_r01,dense,per_question,5ae0361155429925eb1afc2c,5,Georges Madon,0.53723716735839844
dense_per_question_n500_d10_20260726_r01,dense,per_question,5ae0361155429925eb1afc2c,6,Charles Nungesser,0.51475828886032104
dense_per_question_n500_d10_20260726_r01,dense,per_question,5ae0361155429925eb1afc2c,7,Wooster and Davis,0.47202533483505249
dense_per_question_n500_d10_20260726_r01,dense,per_question,5ae0361155429925eb1afc2c,8,Levasseur PL.8,0.46573880314826965
dense_per_question_n500_d10_20260726_r01,dense,per_question,5ae0361155429925eb1afc2c,9,L'Oiseau bleu (Metzinger),0.4129956066608429
dense_per_question_n500_d10_20260726_r01,dense,per_question,5ae0361155429925eb1afc2c,10,W. E. Johns,0.3719409704208374
dense_per_question_n500_d10_20260726_r01,dense,per_question,5ae048a255429924de1b708e,1,Tron Evolution: Battle Grids,0.46376752853393555
dense_per_question_n500_d10_20260726_r01,dense,per_question,5ae048a255429924de1b708e,2,Lego Star Wars: The Video Game,0.44661200046539307
dense_per_question_n500_d10_20260726_r01,dense,per_question,5ae048a255429924de1b708e,3,X-Men: The Official Game,0.38607138395309448
dense_per_question_n500_d10_20260726_r01,dense,per_question,5ae048a255429924de1b708e,4,Star Trek (2013 video game),0.38074743747711182
dense_per_question_n500_d10_20260726_r01,dense,per_question,5ae048a255429924de1b708e,5,Tron: Evolution,0.37034446001052856
dense_per_question_n500_d10_20260726_r01,dense,per_question,5ae048a255429924de1b708e,6,Lego Knights' Kingdom,0.35205700993537903
dense_per_question_n500_d10_20260726_r01,dense,per_question,5ae048a255429924de1b708e,7,Catwoman (video game),0.32093596458435059
dense_per_question_n500_d10_20260726_r01,dense,per_question,5ae048a255429924de1b708e,8,Mighty Max (toyline),0.30969703197479248
dense_per_question_n500_d10_20260726_r01,dense,per_question,5ae048a255429924de1b708e,9,Shrek Forever After (video game),0.28088998794555664
dense_per_question_n500_d10_20260726_r01,dense,per_question,5ae048a255429924de1b708e,10,Catwoman (film),0.24473583698272705
dense_per_question_n500_d10_20260726_r01,dense,per_question,5ae057fd55429945ae959328,1,Robert Smith (Illinois politician),0.62481033802032471
dense_per_question_n500_d10_20260726_r01,dense,per_question,5ae057fd55429945ae959328,2,Hyrum W. Smith,0.39842396974563599
dense_per_question_n500_d10_20260726_r01,dense,per_question,5ae057fd55429945ae959328,3,Corey Smith (artist),0.36143624782562256
dense_per_question_n500_d10_20260726_r01,dense,per_question,5ae057fd55429945ae959328,4,RetailMeNot,0.29757487773895264
dense_per_question_n500_d10_20260726_r01,dense,per_question,5ae057fd55429945ae959328,5,Henkel,0.24287432432174683
dense_per_question_n500_d10_20260726_r01,dense,per_question,5ae057fd55429945ae959328,6,General Mills,0.23322497308254242
dense_per_question_n500_d10_20260726_r01,dense,per_question,5ae057fd55429945ae959328,7,Stevanato Group,0.20129780471324921
dense_per_question_n500_d10_20260726_r01,dense,per_question,5ae057fd55429945ae959328,8,Teleperformance,0.18910756707191467
dense_per_question_n500_d10_20260726_r01,dense,per_question,5ae057fd55429945ae959328,9,Namsung electronics,0.17842948436737061
dense_per_question_n500_d10_20260726_r01,dense,per_question,5ae057fd55429945ae959328,10,Equinix,0.096134454011917114
dense_per_question_n500_d10_20260726_r01,dense,per_question,5ae058e855429945ae959331,1,Chrysalis (magazine),0.56083649396896362
dense_per_question_n500_d10_20260726_r01,dense,per_question,5ae058e855429945ae959331,2,Look (UK magazine),0.49404227733612061
dense_per_question_n500_d10_20260726_r01,dense,per_question,5ae058e855429945ae959331,3,List of magazines in Malaysia,0.4137762188911438
dense_per_question_n500_d10_20260726_r01,dense,per_question,5ae058e855429945ae959331,4,List of magazines in Austria,0.38211101293563843
dense_per_question_n500_d10_20260726_r01,dense,per_question,5ae058e855429945ae959331,5,Lifestyle magazine,0.38107830286026001
dense_per_question_n500_d10_20260726_r01,dense,per_question,5ae058e855429945ae959331,6,List of magazines in Portugal,0.37211942672729492
dense_per_question_n500_d10_20260726_r01,dense,per_question,5ae058e855429945ae959331,7,Customer magazine,0.31326380372047424
dense_per_question_n500_d10_20260726_r01,dense,per_question,5ae058e855429945ae959331,8,Surfer hair,0.23437416553497314
dense_per_question_n500_d10_20260726_r01,dense,per_question,5ae058e855429945ae959331,9,Transition House Association of Nova Scotia,0.20334182679653168
dense_per_question_n500_d10_20260726_r01,dense,per_question,5ae058e855429945ae959331,10,Rick Wilber,0.16420415043830872
dense_per_question_n500_d10_20260726_r01,dense,per_question,5ae0a59a55429945ae9593e2,1,Roman conquest of Britain,0.59403753280639648
dense_per_question_n500_d10_20260726_r01,dense,per_question,5ae0a59a55429945ae9593e2,2,History of Wales,0.53554797172546387
dense_per_question_n500_d10_20260726_r01,dense,per_question,5ae0a59a55429945ae9593e2,3,Romano-British culture,0.52669548988342285
dense_per_question_n500_d10_20260726_r01,dense,per_question,5ae0a59a55429945ae9593e2,4,History of England,0.46209421753883362
dense_per_question_n500_d10_20260726_r01,dense,per_question,5ae0a59a55429945ae9593e2,5,Catuvellauni,0.44956421852111816
dense_per_question_n500_d10_20260726_r01,dense,per_question,5ae0a59a55429945ae9593e2,6,Durotriges,0.43645215034484863
dense_per_question_n500_d10_20260726_r01,dense,per_question,5ae0a59a55429945ae9593e2,7,Corieltauvi,0.33504676818847656
dense_per_question_n500_d10_20260726_r01,dense,per_question,5ae0a59a55429945ae9593e2,8,Togodumnus,0.22222791612148285
dense_per_question_n500_d10_20260726_r01,dense,per_question,5ae0a59a55429945ae9593e2,9,Sussex chicken,0.19541376829147339
dense_per_question_n500_d10_20260726_r01,dense,per_question,5ae0a59a55429945ae9593e2,10,AD 43,0.16082409024238586
dense_per_question_n500_d10_20260726_r01,dense,per_question,5ae0aaf455429945ae959401,1,Chris Williams (English footballer),0.74873024225234985
dense_per_question_n500_d10_20260726_r01,dense,per_question,5ae0aaf455429945ae959401,2,Jack Truelove,0.48447948694229126
dense_per_question_n500_d10_20260726_r01,dense,per_question,5ae0aaf455429945ae959401,3,National League North,0.4393315315246582
dense_per_question_n500_d10_20260726_r01,dense,per_question,5ae0aaf455429945ae959401,4,National League (English football),0.40754446387290955
dense_per_question_n500_d10_20260726_r01,dense,per_question,5ae0aaf455429945ae959401,5,Curzon Ashton F.C.,0.40373912453651428
dense_per_question_n500_d10_20260726_r01,dense,per_question,5ae0aaf455429945ae959401,6,Salford City F.C.,0.39953500032424927
dense_per_question_n500_d10_20260726_r01,dense,per_question,5ae0aaf455429945ae959401,7,Gainsborough Trinity F.C.,0.39456987380981445
dense_per_question_n500_d10_20260726_r01,dense,per_question,5ae0aaf455429945ae959401,8,National League South,0.33882302045822144
dense_per_question_n500_d10_20260726_r01,dense,per_question,5ae0aaf455429945ae959401,9,Boston United F.C.,0.28777861595153809
dense_per_question_n500_d10_20260726_r01,dense,per_question,5ae0aaf455429945ae959401,10,Spennymoor Town F.C.,0.26583346724510193
dense_per_question_n500_d10_20260726_r01,dense,per_question,5ae0bae555429906c02dab08,1,Ralph Garman,0.69165325164794922
dense_per_question_n500_d10_20260726_r01,dense,per_question,5ae0bae555429906c02dab08,2,List of The Joe Schmo Show episodes,0.67117905616760254
dense_per_question_n500_d10_20260726_r01,dense,per_question,5ae0bae555429906c02dab08,3,The Joe Schmo Show,0.65684902667999268
dense_per_question_n500_d10_20260726_r01,dense,per_question,5ae0bae555429906c02dab08,4,Matt Kennedy Gould,0.63353854417800903
dense_per_question_n500_d10_20260726_r01,dense,per_question,5ae0bae555429906c02dab08,5,Lance Krall,0.56866937875747681
dense_per_question_n500_d10_20260726_r01,dense,per_question,5ae0bae555429906c02dab08,6,Hidden America with Jonah Ray,0.51509237289428711
dense_per_question_n500_d10_20260726_r01,dense,per_question,5ae0bae555429906c02dab08,7,Free Radio (TV series),0.46380504965782166
dense_per_question_n500_d10_20260726_r01,dense,per_question,5ae0bae555429906c02dab08,8,Robert Belushi,0.42505928874015808
dense_per_question_n500_d10_20260726_r01,dense,per_question,5ae0bae555429906c02dab08,9,Stone Stanley Entertainment,0.32483154535293579
dense_per_question_n500_d10_20260726_r01,dense,per_question,5ae0bae555429906c02dab08,10,Gretchen Palmer,0.29576295614242554
dense_per_question_n500_d10_20260726_r01,dense,per_question,5ae0d4c9554299603e418468,1,Roger O. Egeberg,0.72877418994903564
dense_per_question_n500_d10_20260726_r01,dense,per_question,5ae0d4c9554299603e418468,2,Robert Hormats,0.48627573251724243
dense_per_question_n500_d10_20260726_r01,dense,per_question,5ae0d4c9554299603e418468,3,Bradford P. Campbell,0.42020735144615173
dense_per_question_n500_d10_20260726_r01,dense,per_question,5ae0d4c9554299603e418468,4,Steven K. Galson,0.39412933588027954
dense_per_question_n500_d10_20260726_r01,dense,per_question,5ae0d4c9554299603e418468,5,Robert R. Hood,0.38256070017814636
dense_per_question_n500_d10_20260726_r01,dense,per_question,5ae0d4c9554299603e418468,6,Edward D. Martin,0.37619975209236145
dense_per_question_n500_d10_20260726_r01,dense,per_question,5ae0d4c9554299603e418468,7,Office of Population Affairs,0.37388870120048523
dense_per_question_n500_d10_20260726_r01,dense,per_question,5ae0d4c9554299603e418468,8,Douglas J. Bennet,0.33019834756851196
dense_per_question_n500_d10_20260726_r01,dense,per_question,5ae0d4c9554299603e418468,9,United States Assistant Secretary of State,0.29804730415344238
dense_per_question_n500_d10_20260726_r01,dense,per_question,5ae0d4c9554299603e418468,10,Richard Nixon,0.28240931034088135
dense_per_question_n500_d10_20260726_r01,dense,per_question,5ae0d52e554299603e418469,1,Barbara Niven,0.45663422346115112
dense_per_question_n500_d10_20260726_r01,dense,per_question,5ae0d52e554299603e418469,2,Ashley Cheadle,0.35900565981864929
dense_per_question_n500_d10_20260726_r01,dense,per_question,5ae0d52e554299603e418469,3,Siobhan Finneran,0.33088117837905884
dense_per_question_n500_d10_20260726_r01,dense,per_question,5ae0d52e554299603e418469,4,Out in Fifty,0.3236561119556427
dense_per_question_n500_d10_20260726_r01,dense,per_question,5ae0d52e554299603e418469,5,Sebastián Mantilla,0.27055650949478149
dense_per_question_n500_d10_20260726_r01,dense,per_question,5ae0d52e554299603e418469,6,Dead at 17,0.24201543629169464
dense_per_question_n500_d10_20260726_r01,dense,per_question,5ae0d52e554299603e418469,7,Steve Arbuckle,0.20478470623493195
dense_per_question_n500_d10_20260726_r01,dense,per_question,5ae0d52e554299603e418469,8,Branko Tomović,0.19230124354362488
dense_per_question_n500_d10_20260726_r01,dense,per_question,5ae0d52e554299603e418469,9,Jolin Tsai filmography,0.1913093775510788
dense_per_question_n500_d10_20260726_r01,dense,per_question,5ae0d52e554299603e418469,10,My Brother (2006 film),0.17684090137481689
dense_per_question_n500_d10_20260726_r01,dense,per_question,5ae0f6f5554299422ee99583,1,I've Been Working,0.79299676418304443
dense_per_question_n500_d10_20260726_r01,dense,per_question,5ae0f6f5554299422ee99583,2,His Band and the Street Choir,0.74303460121154785
dense_per_question_n500_d10_20260726_r01,dense,per_question,5ae0f6f5554299422ee99583,3,Duets: Re-working the Catalogue,0.59529930353164673
dense_per_question_n500_d10_20260726_r01,dense,per_question,5ae0f6f5554299422ee99583,4,Blue Money,0.54624330997467041
dense_per_question_n500_d10_20260726_r01,dense,per_question,5ae0f6f5554299422ee99583,5,The Caledonia Soul Orchestra,0.54485917091369629
dense_per_question_n500_d10_20260726_r01,dense,per_question,5ae0f6f5554299422ee99583,6,"I'll Be Your Lover, Too",0.53071773052215576
dense_per_question_n500_d10_20260726_r01,dense,per_question,5ae0f6f5554299422ee99583,7,Domino (Van Morrison song),0.53034931421279907
dense_per_question_n500_d10_20260726_r01,dense,per_question,5ae0f6f5554299422ee99583,8,Call Me Up in Dreamland,0.51854598522186279
dense_per_question_n500_d10_20260726_r01,dense,per_question,5ae0f6f5554299422ee99583,9,The Best of Van Morrison Volume 3,0.51094323396682739
dense_per_question_n500_d10_20260726_r01,dense,per_question,5ae0f6f5554299422ee99583,10,No Prima Donna: The Songs of Van Morrison,0.46448749303817749
dense_per_question_n500_d10_20260726_r01,dense,per_question,5ae1316555429901ffe4adda,1,Goo Goo Dolls,0.52446025609970093
dense_per_question_n500_d10_20260726_r01,dense,per_question,5ae1316555429901ffe4adda,2,Hold Me Up,0.5039360523223877
dense_per_question_n500_d10_20260726_r01,dense,per_question,5ae1316555429901ffe4adda,3,"Live in Buffalo: July 4th, 2004",0.48824995756149292
dense_per_question_n500_d10_20260726_r01,dense,per_question,5ae1316555429901ffe4adda,4,Something for the Rest of Us,0.48490315675735474
dense_per_question_n500_d10_20260726_r01,dense,per_question,5ae1316555429901ffe4adda,5,Echosmith,0.44435161352157593
dense_per_question_n500_d10_20260726_r01,dense,per_question,5ae1316555429901ffe4adda,6,ITunes Originals – Goo Goo Dolls,0.44147616624832153
dense_per_question_n500_d10_20260726_r01,dense,per_question,5ae1316555429901ffe4adda,7,Goo Goo Dolls (album),0.42239642143249512
dense_per_question_n500_d10_20260726_r01,dense,per_question,5ae1316555429901ffe4adda,8,Notbroken,0.37014585733413696
dense_per_question_n500_d10_20260726_r01,dense,per_question,5ae1316555429901ffe4adda,9,Waiting for the Rest of It,0.35926055908203125
dense_per_question_n500_d10_20260726_r01,dense,per_question,5ae1316555429901ffe4adda,10,All That You Are (Goo Goo Dolls song),0.33956670761108398
dense_per_question_n500_d10_20260726_r01,dense,per_question,5ae15e125542990adbacf773,1,Mississippi University for Women v. Hogan,0.7477683424949646
dense_per_question_n500_d10_20260726_r01,dense,per_question,5ae15e125542990adbacf773,2,Whole Woman's Health v. Hellerstedt,0.59566015005111694
dense_per_question_n500_d10_20260726_r01,dense,per_question,5ae15e125542990adbacf773,3,Berghuis v. Thompkins,0.57036298513412476
dense_per_question_n500_d10_20260726_r01,dense,per_question,5ae15e125542990adbacf773,4,Summers v. Earth Island Institute,0.49662196636199951
dense_per_question_n500_d10_20260726_r01,dense,per_question,5ae15e125542990adbacf773,5,Hoffman v. Jones,0.49001732468605042
dense_per_question_n500_d10_20260726_r01,dense,per_question,5ae15e125542990adbacf773,6,Van Staphorst v. Maryland,0.48113077878952026
dense_per_question_n500_d10_20260726_r01,dense,per_question,5ae15e125542990adbacf773,7,United States v. Quiver,0.48034414649009705
dense_per_question_n500_d10_20260726_r01,dense,per_question,5ae15e125542990adbacf773,8,V.L. v. E.L.,0.39690816402435303
dense_per_question_n500_d10_20260726_r01,dense,per_question,5ae15e125542990adbacf773,9,Hirabayashi v. United States,0.38584166765213013
dense_per_question_n500_d10_20260726_r01,dense,per_question,5ae15e125542990adbacf773,10,Commissioner v. Banks,0.29616078734397888
dense_per_question_n500_d10_20260726_r01,dense,per_question,5ae1801955429901ffe4aec4,1,Cocoa Krispies,0.40614348649978638
dense_per_question_n500_d10_20260726_r01,dense,per_question,5ae1801955429901ffe4aec4,2,Superman: Tower of Power,0.35334473848342896
dense_per_question_n500_d10_20260726_r01,dense,per_question,5ae1801955429901ffe4aec4,3,Kellogg's,0.34506809711456299
dense_per_question_n500_d10_20260726_r01,dense,per_question,5ae1801955429901ffe4aec4,4,1 Wall Street Court,0.31834906339645386
dense_per_question_n500_d10_20260726_r01,dense,per_question,5ae1801955429901ffe4aec4,5,Conexus Arts Centre,0.26464048027992249
dense_per_question_n500_d10_20260726_r01,dense,per_question,5ae1801955429901ffe4aec4,6,Adventures of Superman (TV series),0.22542411088943481
dense_per_question_n500_d10_20260726_r01,dense,per_question,5ae1801955429901ffe4aec4,7,Vodafone Events Centre,0.19412475824356079
dense_per_question_n500_d10_20260726_r01,dense,per_question,5ae1801955429901ffe4aec4,8,The O2 Arena,0.19188211858272552
dense_per_question_n500_d10_20260726_r01,dense,per_question,5ae1801955429901ffe4aec4,9,Musée Henri-Mathieu,0.17547701299190521
dense_per_question_n500_d10_20260726_r01,dense,per_question,5ae1801955429901ffe4aec4,10,Wisconsin Center,0.12430296093225479
dense_per_question_n500_d10_20260726_r01,dense,per_question,5ae1f4cb554299234fd0436d,1,122nd SS-Standarte,0.69959241151809692
dense_per_question_n500_d10_20260726_r01,dense,per_question,5ae1f4cb554299234fd0436d,2,122d Fighter Squadron,0.2942192554473877
dense_per_question_n500_d10_20260726_r01,dense,per_question,5ae1f4cb554299234fd0436d,3,Strasbourg,0.27303093671798706
dense_per_question_n500_d10_20260726_r01,dense,per_question,5ae1f4cb554299234fd0436d,4,122nd Infantry Regiment (United States),0.24517601728439331
dense_per_question_n500_d10_20260726_r01,dense,per_question,5ae1f4cb554299234fd0436d,5,122nd Division (Imperial Japanese Army),0.24368306994438171
dense_per_question_n500_d10_20260726_r01,dense,per_question,5ae1f4cb554299234fd0436d,6,122nd Fighter Aviation Squadron,0.2208762913942337
dense_per_question_n500_d10_20260726_r01,dense,per_question,5ae1f4cb554299234fd0436d,7,122nd Ohio Infantry,0.21582397818565369
dense_per_question_n500_d10_20260726_r01,dense,per_question,5ae1f4cb554299234fd0436d,8,122nd Hydroplane Liaison Squadron,0.21315570175647736
dense_per_question_n500_d10_20260726_r01,dense,per_question,5ae1f4cb554299234fd0436d,9,122nd Division,0.19452652335166931
dense_per_question_n500_d10_20260726_r01,dense,per_question,5ae1f4cb554299234fd0436d,10,"122nd (Muskoka) Battalion, CEF",0.15854562819004059
dense_per_question_n500_d10_20260726_r01,dense,per_question,5ae1f596554299234fd04372,1,EAFF E-1 Football Championship,0.53531402349472046
dense_per_question_n500_d10_20260726_r01,dense,per_question,5ae1f596554299234fd04372,2,2008 Summer Olympics,0.47354227304458618
dense_per_question_n500_d10_20260726_r01,dense,per_question,5ae1f596554299234fd04372,3,Summer Olympic Games,0.36113446950912476
dense_per_question_n500_d10_20260726_r01,dense,per_question,5ae1f596554299234fd04372,4,Australian Correspondence Chess Championship,0.29374074935913086
dense_per_question_n500_d10_20260726_r01,dense,per_question,5ae1f596554299234fd04372,5,Fruit Bowl,0.2847423255443573
dense_per_question_n500_d10_20260726_r01,dense,per_question,5ae1f596554299234fd04372,6,International Teen Princess,0.26593190431594849
dense_per_question_n500_d10_20260726_r01,dense,per_question,5ae1f596554299234fd04372,7,6 Hours of Mexico,0.19406574964523315
dense_per_question_n500_d10_20260726_r01,dense,per_question,5ae1f596554299234fd04372,8,Moonpark,0.13205131888389587
dense_per_question_n500_d10_20260726_r01,dense,per_question,5ae1f596554299234fd04372,9,Memorabilia (event),0.1058933287858963
dense_per_question_n500_d10_20260726_r01,dense,per_question,5ae1f596554299234fd04372,10,Toronto Marathon,0.08287714421749115
dense_per_question_n500_d10_20260726_r01,dense,per_question,5ae1f5a15542997f29b3c1b5,1,Charlotte's Shorts,0.55554395914077759
dense_per_question_n500_d10_20260726_r01,dense,per_question,5ae1f5a15542997f29b3c1b5,2,Spencer Bell (actor),0.37926331162452698
dense_per_question_n500_d10_20260726_r01,dense,per_question,5ae1f5a15542997f29b3c1b5,3,Gary Anthony Williams,0.33487379550933838
dense_per_question_n500_d10_20260726_r01,dense,per_question,5ae1f5a15542997f29b3c1b5,4,A Story of Floating Weeds,0.33124071359634399
dense_per_question_n500_d10_20260726_r01,dense,per_question,5ae1f5a15542997f29b3c1b5,5,Charles Eldridge,0.31382152438163757
dense_per_question_n500_d10_20260726_r01,dense,per_question,5ae1f5a15542997f29b3c1b5,6,Andy Umberger,0.3031860888004303
dense_per_question_n500_d10_20260726_r01,dense,per_question,5ae1f5a15542997f29b3c1b5,7,Milton (cartoon),0.30122914910316467
dense_per_question_n500_d10_20260726_r01,dense,per_question,5ae1f5a15542997f29b3c1b5,8,Harry Bowen (actor),0.29398450255393982
dense_per_question_n500_d10_20260726_r01,dense,per_question,5ae1f5a15542997f29b3c1b5,9,Andy Milder,0.28700989484786987
dense_per_question_n500_d10_20260726_r01,dense,per_question,5ae1f5a15542997f29b3c1b5,10,Billy Sullivan (actor),0.20939458906650543
dense_per_question_n500_d10_20260726_r01,dense,per_question,5ae2070a5542994d89d5b313,1,Wolf Alice,0.37690973281860352
dense_per_question_n500_d10_20260726_r01,dense,per_question,5ae2070a5542994d89d5b313,2,The Hour of Bewilderbeast,0.33055794239044189
dense_per_question_n500_d10_20260726_r01,dense,per_question,5ae2070a5542994d89d5b313,3,About a Boy (soundtrack),0.32647767663002014
dense_per_question_n500_d10_20260726_r01,dense,per_question,5ae2070a5542994d89d5b313,4,Badly Drawn Boy discography,0.31244224309921265
dense_per_question_n500_d10_20260726_r01,dense,per_question,5ae2070a5542994d89d5b313,5,Badly Drawn Boy,0.29478394985198975
dense_per_question_n500_d10_20260726_r01,dense,per_question,5ae2070a5542994d89d5b313,6,Under an Hour,0.28254282474517822
dense_per_question_n500_d10_20260726_r01,dense,per_question,5ae2070a5542994d89d5b313,7,About a Boy (film),0.23915937542915344
dense_per_question_n500_d10_20260726_r01,dense,per_question,5ae2070a5542994d89d5b313,8,Silent Sigh,0.21064093708992004
dense_per_question_n500_d10_20260726_r01,dense,per_question,5ae2070a5542994d89d5b313,9,Tom Rothrock,0.19809727370738983
dense_per_question_n500_d10_20260726_r01,dense,per_question,5ae2070a5542994d89d5b313,10,Something to Talk About (Badly Drawn Boy song),0.15273492038249969
dense_per_question_n500_d10_20260726_r01,dense,per_question,5ae224da554299234fd043ee,1,Phillips Distilling Company,0.53227055072784424
dense_per_question_n500_d10_20260726_r01,dense,per_question,5ae224da554299234fd043ee,2,Gibson (cocktail),0.53216499090194702
dense_per_question_n500_d10_20260726_r01,dense,per_question,5ae224da554299234fd043ee,3,Zurracapote,0.49581575393676758
dense_per_question_n500_d10_20260726_r01,dense,per_question,5ae224da554299234fd043ee,4,List of soft drinks by country,0.42418274283409119
dense_per_question_n500_d10_20260726_r01,dense,per_question,5ae224da554299234fd043ee,5,Soft drink,0.40339890122413635
dense_per_question_n500_d10_20260726_r01,dense,per_question,5ae224da554299234fd043ee,6,Gin pennant,0.39896196126937866
dense_per_question_n500_d10_20260726_r01,dense,per_question,5ae224da554299234fd043ee,7,Rubicon Drinks,0.34201449155807495
dense_per_question_n500_d10_20260726_r01,dense,per_question,5ae224da554299234fd043ee,8,Energy shot,0.30971261858940125
dense_per_question_n500_d10_20260726_r01,dense,per_question,5ae224da554299234fd043ee,9,CytoSport,0.29998558759689331
dense_per_question_n500_d10_20260726_r01,dense,per_question,5ae224da554299234fd043ee,10,Flaming beverage,0.28751549124717712
dense_per_question_n500_d10_20260726_r01,dense,per_question,5ae22b8d554299234fd0440f,1,Kasper Schmeichel,0.60402429103851318
dense_per_question_n500_d10_20260726_r01,dense,per_question,5ae22b8d554299234fd0440f,2,Kasper Hvidt,0.50495231151580811
dense_per_question_n500_d10_20260726_r01,dense,per_question,5ae22b8d554299234fd0440f,3,Isaak Hassler,0.4481092095375061
dense_per_question_n500_d10_20260726_r01,dense,per_question,5ae22b8d554299234fd0440f,4,Peter Schmeichel,0.4480023980140686
dense_per_question_n500_d10_20260726_r01,dense,per_question,5ae22b8d554299234fd0440f,5,IFFHS World's Best Goalkeeper,0.37602978944778442
dense_per_question_n500_d10_20260726_r01,dense,per_question,5ae22b8d554299234fd0440f,6,IFFHS World's Best Club Coach,0.37150388956069946
dense_per_question_n500_d10_20260726_r01,dense,per_question,5ae22b8d554299234fd0440f,7,Sommeren '92,0.31365302205085754
dense_per_question_n500_d10_20260726_r01,dense,per_question,5ae22b8d554299234fd0440f,8,Gus Williams (musician),0.30531743168830872
dense_per_question_n500_d10_20260726_r01,dense,per_question,5ae22b8d554299234fd0440f,9,Pelé,0.28848963975906372
dense_per_question_n500_d10_20260726_r01,dense,per_question,5ae22b8d554299234fd0440f,10,Goštautai,0.23861730098724365
dense_per_question_n500_d10_20260726_r01,dense,per_question,5ae24abc5542994d89d5b3c3,1,Hungry Horse,0.57407695055007935
dense_per_question_n500_d10_20260726_r01,dense,per_question,5ae24abc5542994d89d5b3c3,2,Greene King,0.52185064554214478
dense_per_question_n500_d10_20260726_r01,dense,per_question,5ae24abc5542994d89d5b3c3,3,The Works (restaurant),0.49194756150245667
dense_per_question_n500_d10_20260726_r01,dense,per_question,5ae24abc5542994d89d5b3c3,4,VIP's,0.42781078815460205
dense_per_question_n500_d10_20260726_r01,dense,per_question,5ae24abc5542994d89d5b3c3,5,Piccadilly Pub,0.41022187471389771
dense_per_question_n500_d10_20260726_r01,dense,per_question,5ae24abc5542994d89d5b3c3,6,The Chessels,0.38683581352233887
dense_per_question_n500_d10_20260726_r01,dense,per_question,5ae24abc5542994d89d5b3c3,7,Chefette,0.3765806257724762
dense_per_question_n500_d10_20260726_r01,dense,per_question,5ae24abc5542994d89d5b3c3,8,Klenger Burger,0.34978842735290527
dense_per_question_n500_d10_20260726_r01,dense,per_question,5ae24abc5542994d89d5b3c3,9,Fazoli's,0.3420405387878418
dense_per_question_n500_d10_20260726_r01,dense,per_question,5ae24abc5542994d89d5b3c3,10,Todai (restaurant),0.30566143989562988
dense_per_question_n500_d10_20260726_r01,dense,per_question,5ae25ed15542992decbdccd2,1,Sorbaria,0.74655622243881226
dense_per_question_n500_d10_20260726_r01,dense,per_question,5ae25ed15542992decbdccd2,2,Goldenrod,0.67182719707489014
dense_per_question_n500_d10_20260726_r01,dense,per_question,5ae25ed15542992decbdccd2,3,Solidago curtisii,0.57561922073364258
dense_per_question_n500_d10_20260726_r01,dense,per_question,5ae25ed15542992decbdccd2,4,Solidago speciosa,0.56793618202209473
dense_per_question_n500_d10_20260726_r01,dense,per_question,5ae25ed15542992decbdccd2,5,Solidago elongata,0.56129980087280273
dense_per_question_n500_d10_20260726_r01,dense,per_question,5ae25ed15542992decbdccd2,6,Solidago rugosa,0.53828239440917969
dense_per_question_n500_d10_20260726_r01,dense,per_question,5ae25ed15542992decbdccd2,7,Solidago rupestris,0.53680145740509033
dense_per_question_n500_d10_20260726_r01,dense,per_question,5ae25ed15542992decbdccd2,8,Solidago ouachitensis,0.53087759017944336
dense_per_question_n500_d10_20260726_r01,dense,per_question,5ae25ed15542992decbdccd2,9,Solidago uliginosa,0.51377540826797485
dense_per_question_n500_d10_20260726_r01,dense,per_question,5ae25ed15542992decbdccd2,10,Brintonia,0.49474245309829712
dense_per_question_n500_d10_20260726_r01,dense,per_question,5ae2b770554299495565db0f,1,London International Documentary Festival,0.56079906225204468
dense_per_question_n500_d10_20260726_r01,dense,per_question,5ae2b770554299495565db0f,2,Docville,0.55790513753890991
dense_per_question_n500_d10_20260726_r01,dense,per_question,5ae2b770554299495565db0f,3,Doc NYC,0.54131048917770386
dense_per_question_n500_d10_20260726_r01,dense,per_question,5ae2b770554299495565db0f,4,New Haven Documentary Film Festival,0.53505134582519531
dense_per_question_n500_d10_20260726_r01,dense,per_question,5ae2b770554299495565db0f,5,Chagrin Documentary Film Festival,0.51587343215942383
dense_per_question_n500_d10_20260726_r01,dense,per_question,5ae2b770554299495565db0f,6,FreedomFilmFest,0.43828260898590088
dense_per_question_n500_d10_20260726_r01,dense,per_question,5ae2b770554299495565db0f,7,British Journal,0.41534274816513062
dense_per_question_n500_d10_20260726_r01,dense,per_question,5ae2b770554299495565db0f,8,London Review of Books,0.3849189281463623
dense_per_question_n500_d10_20260726_r01,dense,per_question,5ae2b770554299495565db0f,9,British Journal of Social Psychology,0.2846144437789917
dense_per_question_n500_d10_20260726_r01,dense,per_question,5ae2b770554299495565db0f,10,Thomas Gordon (writer),0.2467384934425354
dense_per_question_n500_d10_20260726_r01,dense,per_question,5ae2dd2055429928c423950d,1,"East Lempster, New Hampshire",0.89154040813446045
dense_per_question_n500_d10_20260726_r01,dense,per_question,5ae2dd2055429928c423950d,2,"Lempster, New Hampshire",0.79796212911605835
dense_per_question_n500_d10_20260726_r01,dense,per_question,5ae2dd2055429928c423950d,3,Miner Memorial Library,0.59360820055007935
dense_per_question_n500_d10_20260726_r01,dense,per_question,5ae2dd2055429928c423950d,4,"Sullivan County, New Hampshire",0.51930773258209229
dense_per_question_n500_d10_20260726_r01,dense,per_question,5ae2dd2055429928c423950d,5,"Dover, New Hampshire",0.51919728517532349
dense_per_question_n500_d10_20260726_r01,dense,per_question,5ae2dd2055429928c423950d,6,"Carroll County, New Hampshire",0.48383992910385132
dense_per_question_n500_d10_20260726_r01,dense,per_question,5ae2dd2055429928c423950d,7,Steven D. Smith,0.47511798143386841
dense_per_question_n500_d10_20260726_r01,dense,per_question,5ae2dd2055429928c423950d,8,"Hampden County, Massachusetts",0.47211569547653198
dense_per_question_n500_d10_20260726_r01,dense,per_question,5ae2dd2055429928c423950d,9,"Woodsville, New Hampshire",0.32716315984725952
dense_per_question_n500_d10_20260726_r01,dense,per_question,5ae2dd2055429928c423950d,10,Gardnerville Branch Jail,0.13447016477584839
dense_per_question_n500_d10_20260726_r01,dense,per_question,5ae2dfd155429928c423951b,1,"Shelly Beach, New South Wales",0.75631320476531982
dense_per_question_n500_d10_20260726_r01,dense,per_question,5ae2dfd155429928c423951b,2,Shelly Beach (Manly),0.71954774856567383
dense_per_question_n500_d10_20260726_r01,dense,per_question,5ae2dfd155429928c423951b,3,City of Newcastle,0.60524004697799683
dense_per_question_n500_d10_20260726_r01,dense,per_question,5ae2dfd155429928c423951b,4,"Mount View, New South Wales",0.52917385101318359
dense_per_question_n500_d10_20260726_r01,dense,per_question,5ae2dfd155429928c423951b,5,Unincorporated Far West Region,0.52289843559265137
dense_per_question_n500_d10_20260726_r01,dense,per_question,5ae2dfd155429928c423951b,6,Gillieston Heights,0.48804730176925659
dense_per_question_n500_d10_20260726_r01,dense,per_question,5ae2dfd155429928c423951b,7,Bucketty,0.36780506372451782
dense_per_question_n500_d10_20260726_r01,dense,per_question,5ae2dfd155429928c423951b,8,"Niagara Park, New South Wales",0.30226832628250122
dense_per_question_n500_d10_20260726_r01,dense,per_question,5ae2dfd155429928c423951b,9,Grahamstown Dam,0.29450172185897827
dense_per_question_n500_d10_20260726_r01,dense,per_question,5ae2dfd155429928c423951b,10,Yanco Agricultural High School,0.26158046722412109
dense_per_question_n500_d10_20260726_r01,dense,per_question,5ae2ee5e5542991a06ce990a,1,1st Virginia Regiment,0.74876362085342407
dense_per_question_n500_d10_20260726_r01,dense,per_question,5ae2ee5e5542991a06ce990a,2,1st Virginia State Regiment,0.67937445640563965
dense_per_question_n500_d10_20260726_r01,dense,per_question,5ae2ee5e5542991a06ce990a,3,12th Virginia Regiment,0.6300806999206543
dense_per_question_n500_d10_20260726_r01,dense,per_question,5ae2ee5e5542991a06ce990a,4,7th Virginia Regiment,0.62632036209106445
dense_per_question_n500_d10_20260726_r01,dense,per_question,5ae2ee5e5542991a06ce990a,5,9th Virginia Regiment,0.61685365438461304
dense_per_question_n500_d10_20260726_r01,dense,per_question,5ae2ee5e5542991a06ce990a,6,4th Virginia Regiment,0.60793936252593994
dense_per_question_n500_d10_20260726_r01,dense,per_question,5ae2ee5e5542991a06ce990a,7,5th Virginia Regiment,0.60421395301818848
dense_per_question_n500_d10_20260726_r01,dense,per_question,5ae2ee5e5542991a06ce990a,8,3rd Virginia Regiment,0.57486104965209961
dense_per_question_n500_d10_20260726_r01,dense,per_question,5ae2ee5e5542991a06ce990a,9,6th Connecticut Regiment,0.42723369598388672
dense_per_question_n500_d10_20260726_r01,dense,per_question,5ae2ee5e5542991a06ce990a,10,Battle of Great Bridge,0.42487144470214844
dense_per_question_n500_d10_20260726_r01,dense,per_question,5ae305df5542992decbdcdc3,1,2012 Louisville Cardinals football team,0.58707356452941895
dense_per_question_n500_d10_20260726_r01,dense,per_question,5ae305df5542992decbdcdc3,2,Parkway Field,0.50507068634033203
dense_per_question_n500_d10_20260726_r01,dense,per_question,5ae305df5542992decbdcdc3,3,2013 Sugar Bowl,0.49556165933609009
dense_per_question_n500_d10_20260726_r01,dense,per_question,5ae305df5542992decbdcdc3,4,2008 Fiesta Bowl,0.46905383467674255
dense_per_question_n500_d10_20260726_r01,dense,per_question,5ae305df5542992decbdcdc3,5,1943 NAIA Division I Men's Basketball Tournament,0.45688506960868835
dense_per_question_n500_d10_20260726_r01,dense,per_question,5ae305df5542992decbdcdc3,6,1956 NAIA Division I Men's Basketball Tournament,0.41422063112258911
dense_per_question_n500_d10_20260726_r01,dense,per_question,5ae305df5542992decbdcdc3,7,1989 Cotton Bowl Classic,0.3534674346446991
dense_per_question_n500_d10_20260726_r01,dense,per_question,5ae305df5542992decbdcdc3,8,1989 Fiesta Bowl,0.34413841366767883
dense_per_question_n500_d10_20260726_r01,dense,per_question,5ae305df5542992decbdcdc3,9,List of NBL Canada All-Stars,0.23844043910503387
dense_per_question_n500_d10_20260726_r01,dense,per_question,5ae305df5542992decbdcdc3,10,Dead or Alive 5 Plus,0.042216934263706207
dense_per_question_n500_d10_20260726_r01,dense,per_question,5ae32b6755429928c4239644,1,Wengie,0.69498872756958008
dense_per_question_n500_d10_20260726_r01,dense,per_question,5ae32b6755429928c4239644,2,YouTube Rewind,0.36936679482460022
dense_per_question_n500_d10_20260726_r01,dense,per_question,5ae32b6755429928c4239644,3,Blast! (musical),0.27308827638626099
dense_per_question_n500_d10_20260726_r01,dense,per_question,5ae32b6755429928c4239644,4,Return to Eden,0.26456752419471741
dense_per_question_n500_d10_20260726_r01,dense,per_question,5ae32b6755429928c4239644,5,Sima Hydroelectric Power Station,0.13596291840076447
dense_per_question_n500_d10_20260726_r01,dense,per_question,5ae32b6755429928c4239644,6,Nore Hydroelectric Power Station,0.092624634504318237
dense_per_question_n500_d10_20260726_r01,dense,per_question,5ae32b6755429928c4239644,7,Tubular Bells for Two,0.080454930663108826
dense_per_question_n500_d10_20260726_r01,dense,per_question,5ae32b6755429928c4239644,8,Rana Hydroelectric Power Station,0.070215009152889252
dense_per_question_n500_d10_20260726_r01,dense,per_question,5ae32b6755429928c4239644,9,Automotive industry in Brazil,0.051656156778335571
dense_per_question_n500_d10_20260726_r01,dense,per_question,5ae32b6755429928c4239644,10,Svartisen Hydroelectric Power Station,0.033332671970129013
dense_per_question_n500_d10_20260726_r01,dense,per_question,5ae32e125542991a06ce9946,1,"Kirton, Nottinghamshire",0.78147178888320923
dense_per_question_n500_d10_20260726_r01,dense,per_question,5ae32e125542991a06ce9946,2,Kirton End,0.69845819473266602
dense_per_question_n500_d10_20260726_r01,dense,per_question,5ae32e125542991a06ce9946,3,"Kirton, Suffolk",0.68776595592498779
dense_per_question_n500_d10_20260726_r01,dense,per_question,5ae32e125542991a06ce9946,4,2001 Bangladesh census,0.33973675966262817
dense_per_question_n500_d10_20260726_r01,dense,per_question,5ae32e125542991a06ce9946,5,"Parkridge, Saskatoon",0.31931003928184509
dense_per_question_n500_d10_20260726_r01,dense,per_question,5ae32e125542991a06ce9946,6,Borough of Berwick-upon-Tweed,0.29245448112487793
dense_per_question_n500_d10_20260726_r01,dense,per_question,5ae32e125542991a06ce9946,7,Urbanisation in India,0.28667384386062622
dense_per_question_n500_d10_20260726_r01,dense,per_question,5ae32e125542991a06ce9946,8,"Boston, Lincolnshire",0.2819722592830658
dense_per_question_n500_d10_20260726_r01,dense,per_question,5ae32e125542991a06ce9946,9,Willoughton,0.2404211163520813
dense_per_question_n500_d10_20260726_r01,dense,per_question,5ae32e125542991a06ce9946,10,"Sauce Viejo, Argentina",0.21684452891349792
dense_per_question_n500_d10_20260726_r01,dense,per_question,5ae33c4d5542992f92d82262,1,Robert Suettinger,0.60874313116073608
dense_per_question_n500_d10_20260726_r01,dense,per_question,5ae33c4d5542992f92d82262,2,Director of the Defense Intelligence Agency,0.33498209714889526
dense_per_question_n500_d10_20260726_r01,dense,per_question,5ae33c4d5542992f92d82262,3,National Intelligence Board,0.30288490653038025
dense_per_question_n500_d10_20260726_r01,dense,per_question,5ae33c4d5542992f92d82262,4,Bill Clinton,0.29622280597686768
dense_per_question_n500_d10_20260726_r01,dense,per_question,5ae33c4d5542992f92d82262,5,National Intelligence Estimate,0.28497791290283203
dense_per_question_n500_d10_20260726_r01,dense,per_question,5ae33c4d5542992f92d82262,6,National Intelligence Superior Service Medal,0.28095826506614685
dense_per_question_n500_d10_20260726_r01,dense,per_question,5ae33c4d5542992f92d82262,7,National Intelligence Reform Medal,0.28078576922416687
dense_per_question_n500_d10_20260726_r01,dense,per_question,5ae33c4d5542992f92d82262,8,National Intelligence Cross,0.2763458788394928
dense_per_question_n500_d10_20260726_r01,dense,per_question,5ae33c4d5542992f92d82262,9,National Intelligence Medal of Achievement,0.27137461304664612
dense_per_question_n500_d10_20260726_r01,dense,per_question,5ae33c4d5542992f92d82262,10,Ground Intelligence Officer,0.2163788378238678
dense_per_question_n500_d10_20260726_r01,dense,per_question,5ae37c765542992f92d822d4,1,Romeo + Juliet,0.66634303331375122
dense_per_question_n500_d10_20260726_r01,dense,per_question,5ae37c765542992f92d822d4,2,Tromeo and Juliet,0.66284072399139404
dense_per_question_n500_d10_20260726_r01,dense,per_question,5ae37c765542992f92d822d4,3,The Tragedy of Romeo and Juliet (film),0.59375596046447754
dense_per_question_n500_d10_20260726_r01,dense,per_question,5ae37c765542992f92d822d4,4,Romeo × Juliet,0.47543466091156006
dense_per_question_n500_d10_20260726_r01,dense,per_question,5ae37c765542992f92d822d4,5,Romeo and Juliet on screen,0.47144550085067749
dense_per_question_n500_d10_20260726_r01,dense,per_question,5ae37c765542992f92d822d4,6,List of Romeo × Juliet episodes,0.43336468935012817
dense_per_question_n500_d10_20260726_r01,dense,per_question,5ae37c765542992f92d822d4,7,Romeo,0.4307863712310791
dense_per_question_n500_d10_20260726_r01,dense,per_question,5ae37c765542992f92d822d4,8,A rose by any other name would smell as sweet,0.4212646484375
dense_per_question_n500_d10_20260726_r01,dense,per_question,5ae37c765542992f92d822d4,9,James Gunn,0.40765723586082458
dense_per_question_n500_d10_20260726_r01,dense,per_question,5ae37c765542992f92d822d4,10,James Gunn's PG Porn,0.30417206883430481
dense_per_question_n500_d10_20260726_r01,dense,per_question,5ae3dc205542992f92d823a1,1,"Colonna di San Zanobi, Florence",0.85452508926391602
dense_per_question_n500_d10_20260726_r01,dense,per_question,5ae3dc205542992f92d823a1,2,Alexander II Column in Odessa,0.54712724685668945
dense_per_question_n500_d10_20260726_r01,dense,per_question,5ae3dc205542992f92d823a1,3,Column of Phocas,0.48408231139183044
dense_per_question_n500_d10_20260726_r01,dense,per_question,5ae3dc205542992f92d823a1,4,Column of the Vicariate,0.48280271887779236
dense_per_question_n500_d10_20260726_r01,dense,per_question,5ae3dc205542992f92d823a1,5,Florence Baptistery,0.42870891094207764
dense_per_question_n500_d10_20260726_r01,dense,per_question,5ae3dc205542992f92d823a1,6,Piazza Colonna,0.42359453439712524
dense_per_question_n500_d10_20260726_r01,dense,per_question,5ae3dc205542992f92d823a1,7,"Pestsäule, Vienna",0.41892960667610168
dense_per_question_n500_d10_20260726_r01,dense,per_question,5ae3dc205542992f92d823a1,8,Berlin Peace Column,0.40204548835754395
dense_per_question_n500_d10_20260726_r01,dense,per_question,5ae3dc205542992f92d823a1,9,San Jacinto Monument,0.3975604772567749
dense_per_question_n500_d10_20260726_r01,dense,per_question,5ae3dc205542992f92d823a1,10,"Colonna dell'Abbondanza, Florence",0.38164502382278442
dense_per_question_n500_d10_20260726_r01,dense,per_question,5ae3ff575542995dadf242aa,1,National Archives and Library of Ethiopia,0.73015874624252319
dense_per_question_n500_d10_20260726_r01,dense,per_question,5ae3ff575542995dadf242aa,2,Addis Ababa,0.57502543926239014
dense_per_question_n500_d10_20260726_r01,dense,per_question,5ae3ff575542995dadf242aa,3,List of ethnic groups in Ethiopia,0.56976401805877686
dense_per_question_n500_d10_20260726_r01,dense,per_question,5ae3ff575542995dadf242aa,4,National Archives of Zambia,0.50997400283813477
dense_per_question_n500_d10_20260726_r01,dense,per_question,5ae3ff575542995dadf242aa,5,National Archives of Bangladesh,0.4927484393119812
dense_per_question_n500_d10_20260726_r01,dense,per_question,5ae3ff575542995dadf242aa,6,National Archives of Namibia,0.43594726920127869
dense_per_question_n500_d10_20260726_r01,dense,per_question,5ae3ff575542995dadf242aa,7,National Archives of Mauritania,0.42228084802627563
dense_per_question_n500_d10_20260726_r01,dense,per_question,5ae3ff575542995dadf242aa,8,Bibliothèque et Archives nationales du Québec,0.36086621880531311
dense_per_question_n500_d10_20260726_r01,dense,per_question,5ae3ff575542995dadf242aa,9,Religion in Ghana,0.31836506724357605
dense_per_question_n500_d10_20260726_r01,dense,per_question,5ae3ff575542995dadf242aa,10,Gaboš,0.25063532590866089
dense_per_question_n500_d10_20260726_r01,dense,per_question,5ae406245542995dadf242e2,1,Everette James,0.53666317462921143
dense_per_question_n500_d10_20260726_r01,dense,per_question,5ae406245542995dadf242e2,2,Marion Greene,0.51298201084136963
dense_per_question_n500_d10_20260726_r01,dense,per_question,5ae406245542995dadf242e2,3,National Association for Public Health Policy,0.4443494975566864
dense_per_question_n500_d10_20260726_r01,dense,per_question,5ae406245542995dadf242e2,4,Diana Zuckerman,0.4178432822227478
dense_per_question_n500_d10_20260726_r01,dense,per_question,5ae406245542995dadf242e2,5,Sachin H. Jain,0.40847265720367432
dense_per_question_n500_d10_20260726_r01,dense,per_question,5ae406245542995dadf242e2,6,Health services research,0.34550344944000244
dense_per_question_n500_d10_20260726_r01,dense,per_question,5ae406245542995dadf242e2,7,California Center for Public Health Advocacy,0.32881617546081543
dense_per_question_n500_d10_20260726_r01,dense,per_question,5ae406245542995dadf242e2,8,St. Jude Medical,0.28882807493209839
dense_per_question_n500_d10_20260726_r01,dense,per_question,5ae406245542995dadf242e2,9,25 Field Ambulance,0.28000429272651672
dense_per_question_n500_d10_20260726_r01,dense,per_question,5ae406245542995dadf242e2,10,Forward surgical teams,0.22003448009490967
dense_per_question_n500_d10_20260726_r01,dense,per_question,5ae4563e5542996836b02c7f,1,Spirit Halloween,0.74211275577545166
dense_per_question_n500_d10_20260726_r01,dense,per_question,5ae4563e5542996836b02c7f,2,Halloween Adventure,0.65444839000701904
dense_per_question_n500_d10_20260726_r01,dense,per_question,5ae4563e5542996836b02c7f,3,Spencer Gifts,0.59501546621322632
dense_per_question_n500_d10_20260726_r01,dense,per_question,5ae4563e5542996836b02c7f,4,Citadel Mall,0.41395381093025208
dense_per_question_n500_d10_20260726_r01,dense,per_question,5ae4563e5542996836b02c7f,5,Rolling Acres Mall,0.36986705660820007
dense_per_question_n500_d10_20260726_r01,dense,per_question,5ae4563e5542996836b02c7f,6,FedMart,0.35043531656265259
dense_per_question_n500_d10_20260726_r01,dense,per_question,5ae4563e5542996836b02c7f,7,The Crossings at Northwest,0.33611130714416504
dense_per_question_n500_d10_20260726_r01,dense,per_question,5ae4563e5542996836b02c7f,8,Warehouse store,0.31990307569503784
dense_per_question_n500_d10_20260726_r01,dense,per_question,5ae4563e5542996836b02c7f,9,Walt Whitman Shops,0.29361554980278015
dense_per_question_n500_d10_20260726_r01,dense,per_question,5ae4563e5542996836b02c7f,10,Eastern Hills Mall,0.24230366945266724
dense_per_question_n500_d10_20260726_r01,dense,per_question,5ae4627d5542991a06ce9a4d,1,Sexual Politics,0.69522774219512939
dense_per_question_n500_d10_20260726_r01,dense,per_question,5ae4627d5542991a06ce9a4d,2,Harris G. Mirkin,0.61943793296813965
dense_per_question_n500_d10_20260726_r01,dense,per_question,5ae4627d5542991a06ce9a4d,3,Kate Millett,0.6182248592376709
dense_per_question_n500_d10_20260726_r01,dense,per_question,5ae4627d5542991a06ce9a4d,4,Susie Bright,0.43083631992340088
dense_per_question_n500_d10_20260726_r01,dense,per_question,5ae4627d5542991a06ce9a4d,5,Carol J. Adams,0.4058564305305481
dense_per_question_n500_d10_20260726_r01,dense,per_question,5ae4627d5542991a06ce9a4d,6,Shannon Bell,0.22617357969284058
dense_per_question_n500_d10_20260726_r01,dense,per_question,5ae4627d5542991a06ce9a4d,7,Contract with the World,0.2109183669090271
dense_per_question_n500_d10_20260726_r01,dense,per_question,5ae4627d5542991a06ce9a4d,8,Au Pairs (band),0.18872040510177612
dense_per_question_n500_d10_20260726_r01,dense,per_question,5ae4627d5542991a06ce9a4d,9,British University Hurling Championship,0.15090307593345642
dense_per_question_n500_d10_20260726_r01,dense,per_question,5ae4627d5542991a06ce9a4d,10,C. V. Balakrishnan,0.11475598067045212
dense_per_question_n500_d10_20260726_r01,dense,per_question,5ae4890a5542995ad6573d60,1,Claudio Fernández-Aráoz,0.75941181182861328
dense_per_question_n500_d10_20260726_r01,dense,per_question,5ae4890a5542995ad6573d60,2,Thomas Shea,0.3614199161529541
dense_per_question_n500_d10_20260726_r01,dense,per_question,5ae4890a5542995ad6573d60,3,Peter Torry,0.3194199800491333
dense_per_question_n500_d10_20260726_r01,dense,per_question,5ae4890a5542995ad6573d60,4,Richard Socarides,0.31776571273803711
dense_per_question_n500_d10_20260726_r01,dense,per_question,5ae4890a5542995ad6573d60,5,Shomwa Shamapande,0.31193041801452637
dense_per_question_n500_d10_20260726_r01,dense,per_question,5ae4890a5542995ad6573d60,6,Egon Zehnder,0.30615714192390442
dense_per_question_n500_d10_20260726_r01,dense,per_question,5ae4890a5542995ad6573d60,7,Michael Green (political expert),0.2888108491897583
dense_per_question_n500_d10_20260726_r01,dense,per_question,5ae4890a5542995ad6573d60,8,Yousef Pashtun,0.26639208197593689
dense_per_question_n500_d10_20260726_r01,dense,per_question,5ae4890a5542995ad6573d60,9,Yulchon,0.24704110622406006
dense_per_question_n500_d10_20260726_r01,dense,per_question,5ae4890a5542995ad6573d60,10,Lee Terry,0.19234053790569305
dense_per_question_n500_d10_20260726_r01,dense,per_question,5ae497f15542995ad6573db8,1,Sean Connor,0.69180667400360107
dense_per_question_n500_d10_20260726_r01,dense,per_question,5ae497f15542995ad6573db8,2,NIFL Premier Intermediate League,0.58935743570327759
dense_per_question_n500_d10_20260726_r01,dense,per_question,5ae497f15542995ad6573db8,3,Northern Ireland Intermediate League,0.57387006282806396
dense_per_question_n500_d10_20260726_r01,dense,per_question,5ae497f15542995ad6573db8,4,Sport &amp; Leisure Swifts F.C.,0.54611468315124512
dense_per_question_n500_d10_20260726_r01,dense,per_question,5ae497f15542995ad6573db8,5,Northern Ireland Football League,0.53648495674133301
dense_per_question_n500_d10_20260726_r01,dense,per_question,5ae497f15542995ad6573db8,6,Donegal Celtic F.C.,0.48927217721939087
dense_per_question_n500_d10_20260726_r01,dense,per_question,5ae497f15542995ad6573db8,7,Newington Youth F.C.,0.46064099669456482
dense_per_question_n500_d10_20260726_r01,dense,per_question,5ae497f15542995ad6573db8,8,Queen's University Belfast A.F.C.,0.40815103054046631
dense_per_question_n500_d10_20260726_r01,dense,per_question,5ae497f15542995ad6573db8,9,Portstewart F.C.,0.34743446111679077
dense_per_question_n500_d10_20260726_r01,dense,per_question,5ae497f15542995ad6573db8,10,Lisburn Distillery F.C.,0.30536618828773499
dense_per_question_n500_d10_20260726_r01,dense,per_question,5ae4a3265542995ad6573de5,1,Hayden (musician),0.53329199552536011
dense_per_question_n500_d10_20260726_r01,dense,per_question,5ae4a3265542995ad6573de5,2,Atsushi Sakurai,0.52851283550262451
dense_per_question_n500_d10_20260726_r01,dense,per_question,5ae4a3265542995ad6573de5,3,Buck-Tick,0.51070094108581543
dense_per_question_n500_d10_20260726_r01,dense,per_question,5ae4a3265542995ad6573de5,4,Skyscraper National Park,0.43197950720787048
dense_per_question_n500_d10_20260726_r01,dense,per_question,5ae4a3265542995ad6573de5,5,Masami Tsuchiya,0.42929816246032715
dense_per_question_n500_d10_20260726_r01,dense,per_question,5ae4a3265542995ad6573de5,6,Kyo (musician),0.34277871251106262
dense_per_question_n500_d10_20260726_r01,dense,per_question,5ae4a3265542995ad6573de5,7,Mild and Hazy,0.27290770411491394
dense_per_question_n500_d10_20260726_r01,dense,per_question,5ae4a3265542995ad6573de5,8,Hailstorm Alley,0.22782985866069794
dense_per_question_n500_d10_20260726_r01,dense,per_question,5ae4a3265542995ad6573de5,9,Dewey Beard,0.2205318957567215
dense_per_question_n500_d10_20260726_r01,dense,per_question,5ae4a3265542995ad6573de5,10,Alberta Hail Project,0.20718096196651459
dense_per_question_n500_d10_20260726_r01,dense,per_question,5ae4c2b95542995dadf243ef,1,1955 Arizona State Sun Devils football team,0.6934199333190918
dense_per_question_n500_d10_20260726_r01,dense,per_question,5ae4c2b95542995dadf243ef,2,1954 Arizona State Sun Devils football team,0.68942797183990479
dense_per_question_n500_d10_20260726_r01,dense,per_question,5ae4c2b95542995dadf243ef,3,1961 Arizona State Sun Devils football team,0.68558716773986816
dense_per_question_n500_d10_20260726_r01,dense,per_question,5ae4c2b95542995dadf243ef,4,1951 Arizona State Sun Devils football team,0.68159008026123047
dense_per_question_n500_d10_20260726_r01,dense,per_question,5ae4c2b95542995dadf243ef,5,1952 Arizona State Sun Devils football team,0.67548155784606934
dense_per_question_n500_d10_20260726_r01,dense,per_question,5ae4c2b95542995dadf243ef,6,1958 Arizona State Sun Devils football team,0.66944873332977295
dense_per_question_n500_d10_20260726_r01,dense,per_question,5ae4c2b95542995dadf243ef,7,1956 Arizona State Sun Devils football team,0.66730523109436035
dense_per_question_n500_d10_20260726_r01,dense,per_question,5ae4c2b95542995dadf243ef,8,Arizona State Sun Devils football,0.65465128421783447
dense_per_question_n500_d10_20260726_r01,dense,per_question,5ae4c2b95542995dadf243ef,9,Phil Bennett (American football),0.60758078098297119
dense_per_question_n500_d10_20260726_r01,dense,per_question,5ae4c2b95542995dadf243ef,10,SMU Mustangs football under Mike Cavan,0.53543704748153687
dense_per_question_n500_d10_20260726_r01,dense,per_question,5ae4c39f5542995dadf243fb,1,Rivington Hall Barn,0.81251555681228638
dense_per_question_n500_d10_20260726_r01,dense,per_question,5ae4c39f5542995dadf243fb,2,Rivington Hall,0.68978512287139893
dense_per_question_n500_d10_20260726_r01,dense,per_question,5ae4c39f5542995dadf243fb,3,Manor of Rivington,0.56567263603210449
dense_per_question_n500_d10_20260726_r01,dense,per_question,5ae4c39f5542995dadf243fb,4,Stank Hall,0.44137400388717651
dense_per_question_n500_d10_20260726_r01,dense,per_question,5ae4c39f5542995dadf243fb,5,"Savage, Maryland",0.32579565048217773
dense_per_question_n500_d10_20260726_r01,dense,per_question,5ae4c39f5542995dadf243fb,6,Bolton,0.28341132402420044
dense_per_question_n500_d10_20260726_r01,dense,per_question,5ae4c39f5542995dadf243fb,7,"Almonte, Ontario",0.264137864112854
dense_per_question_n500_d10_20260726_r01,dense,per_question,5ae4c39f5542995dadf243fb,8,Muddy Creek Forks Historic District,0.25490096211433411
dense_per_question_n500_d10_20260726_r01,dense,per_question,5ae4c39f5542995dadf243fb,9,Baron Burnham,0.15621264278888702
dense_per_question_n500_d10_20260726_r01,dense,per_question,5ae4c39f5542995dadf243fb,10,"Wilton, Maine",0.092998817563056946
dense_per_question_n500_d10_20260726_r01,dense,per_question,5ae4c49a5542995dadf24400,1,Henry Hall (American revolution),0.62628358602523804
dense_per_question_n500_d10_20260726_r01,dense,per_question,5ae4c49a5542995dadf24400,2,John Adlum,0.30419531464576721
dense_per_question_n500_d10_20260726_r01,dense,per_question,5ae4c49a5542995dadf24400,3,List of fossils with consumulites,0.23748974502086639
dense_per_question_n500_d10_20260726_r01,dense,per_question,5ae4c49a5542995dadf24400,4,Blanket bog,0.23165878653526306
dense_per_question_n500_d10_20260726_r01,dense,per_question,5ae4c49a5542995dadf24400,5,Cranberry,0.22803419828414917
dense_per_question_n500_d10_20260726_r01,dense,per_question,5ae4c49a5542995dadf24400,6,Boortsog,0.1853732168674469
dense_per_question_n500_d10_20260726_r01,dense,per_question,5ae4c49a5542995dadf24400,7,Carnival Cravings,0.16326829791069031
dense_per_question_n500_d10_20260726_r01,dense,per_question,5ae4c49a5542995dadf24400,8,Historic Camden Revolutionary War Site,0.1448657214641571
dense_per_question_n500_d10_20260726_r01,dense,per_question,5ae4c49a5542995dadf24400,9,Robert Plampin,0.14406788349151611
dense_per_question_n500_d10_20260726_r01,dense,per_question,5ae4c49a5542995dadf24400,10,Cuisine of Karachi,0.058028567582368851
dense_per_question_n500_d10_20260726_r01,dense,per_question,5ae4c5595542990ba0bbb123,1,War Chhod Na Yaar,0.69618618488311768
dense_per_question_n500_d10_20260726_r01,dense,per_question,5ae4c5595542990ba0bbb123,2,Utpal Dutt,0.54031181335449219
dense_per_question_n500_d10_20260726_r01,dense,per_question,5ae4c5595542990ba0bbb123,3,Anil Chatterjee,0.53507936000823975
dense_per_question_n500_d10_20260726_r01,dense,per_question,5ae4c5595542990ba0bbb123,4,Gita Dey,0.51498305797576904
dense_per_question_n500_d10_20260726_r01,dense,per_question,5ae4c5595542990ba0bbb123,5,Farida Jalal,0.51057744026184082
dense_per_question_n500_d10_20260726_r01,dense,per_question,5ae4c5595542990ba0bbb123,6,Soha Ali Khan,0.49202209711074829
dense_per_question_n500_d10_20260726_r01,dense,per_question,5ae4c5595542990ba0bbb123,7,Debashree Roy filmography,0.48764526844024658
dense_per_question_n500_d10_20260726_r01,dense,per_question,5ae4c5595542990ba0bbb123,8,Siddhartha Jadhav,0.43542161583900452
dense_per_question_n500_d10_20260726_r01,dense,per_question,5ae4c5595542990ba0bbb123,9,Maharshi Raghava,0.42141661047935486
dense_per_question_n500_d10_20260726_r01,dense,per_question,5ae4c5595542990ba0bbb123,10,David Dencik,0.37408202886581421
dense_per_question_n500_d10_20260726_r01,dense,per_question,5ae4d3c95542990ba0bbb165,1,Nusretiye Clock Tower,0.6612548828125
dense_per_question_n500_d10_20260726_r01,dense,per_question,5ae4d3c95542990ba0bbb165,2,Clock Tower of Murshidabad,0.54210609197616577
dense_per_question_n500_d10_20260726_r01,dense,per_question,5ae4d3c95542990ba0bbb165,3,Hysen Pasha Mosque,0.51896882057189941
dense_per_question_n500_d10_20260726_r01,dense,per_question,5ae4d3c95542990ba0bbb165,4,Kumanovo Clock Tower,0.51476126909255981
dense_per_question_n500_d10_20260726_r01,dense,per_question,5ae4d3c95542990ba0bbb165,5,Azam mosque of Qom,0.51167762279510498
dense_per_question_n500_d10_20260726_r01,dense,per_question,5ae4d3c95542990ba0bbb165,6,Eski Imaret Mosque,0.50188499689102173
dense_per_question_n500_d10_20260726_r01,dense,per_question,5ae4d3c95542990ba0bbb165,7,Galle Clock Tower,0.46989452838897705
dense_per_question_n500_d10_20260726_r01,dense,per_question,5ae4d3c95542990ba0bbb165,8,Birgu Clock Tower,0.41196566820144653
dense_per_question_n500_d10_20260726_r01,dense,per_question,5ae4d3c95542990ba0bbb165,9,"Clock Tower, Brighton",0.28943121433258057
dense_per_question_n500_d10_20260726_r01,dense,per_question,5ae4d3c95542990ba0bbb165,10,Tashkopryu Mosque,0.2846871018409729
dense_per_question_n500_d10_20260726_r01,dense,per_question,5ae4ec1e5542990ba0bbb19b,1,The Bears and I,0.56735992431640625
dense_per_question_n500_d10_20260726_r01,dense,per_question,5ae4ec1e5542990ba0bbb19b,2,List of Walt Disney Pictures films,0.36280632019042969
dense_per_question_n500_d10_20260726_r01,dense,per_question,5ae4ec1e5542990ba0bbb19b,3,Walt Disney Studios Motion Pictures,0.32764321565628052
dense_per_question_n500_d10_20260726_r01,dense,per_question,5ae4ec1e5542990ba0bbb19b,4,Oceans (film),0.30930310487747192
dense_per_question_n500_d10_20260726_r01,dense,per_question,5ae4ec1e5542990ba0bbb19b,5,Buena Vista (brand),0.25200361013412476
dense_per_question_n500_d10_20260726_r01,dense,per_question,5ae4ec1e5542990ba0bbb19b,6,Best Western Lake Buena Vista Resort Hotel,0.21632027626037598
dense_per_question_n500_d10_20260726_r01,dense,per_question,5ae4ec1e5542990ba0bbb19b,7,Buena Vista High School (Michigan),0.18723553419113159
dense_per_question_n500_d10_20260726_r01,dense,per_question,5ae4ec1e5542990ba0bbb19b,8,"Buena Vista, Pennsylvania",0.18093001842498779
dense_per_question_n500_d10_20260726_r01,dense,per_question,5ae4ec1e5542990ba0bbb19b,9,Buena Vista Park,0.17732557654380798
dense_per_question_n500_d10_20260726_r01,dense,per_question,5ae4ec1e5542990ba0bbb19b,10,Buena Vista Downtown Historic District,0.15486350655555725
dense_per_question_n500_d10_20260726_r01,dense,per_question,5ae4f2c75542993aec5ec0fb,1,American Airlines Shuttle,0.70984864234924316
dense_per_question_n500_d10_20260726_r01,dense,per_question,5ae4f2c75542993aec5ec0fb,2,Logan International Airport,0.60996317863464355
dense_per_question_n500_d10_20260726_r01,dense,per_question,5ae4f2c75542993aec5ec0fb,3,Denver International Airport,0.59615850448608398
dense_per_question_n500_d10_20260726_r01,dense,per_question,5ae4f2c75542993aec5ec0fb,4,Pitt Meadows Airport,0.50098729133605957
dense_per_question_n500_d10_20260726_r01,dense,per_question,5ae4f2c75542993aec5ec0fb,5,Charlotte Douglas International Airport,0.4738084077835083
dense_per_question_n500_d10_20260726_r01,dense,per_question,5ae4f2c75542993aec5ec0fb,6,Dalian Zhoushuizi International Airport,0.39377263188362122
dense_per_question_n500_d10_20260726_r01,dense,per_question,5ae4f2c75542993aec5ec0fb,7,Townsville Airport,0.3873283863067627
dense_per_question_n500_d10_20260726_r01,dense,per_question,5ae4f2c75542993aec5ec0fb,8,Kazan International Airport,0.37683147192001343
dense_per_question_n500_d10_20260726_r01,dense,per_question,5ae4f2c75542993aec5ec0fb,9,Eastern Air Lines Shuttle,0.37669041752815247
dense_per_question_n500_d10_20260726_r01,dense,per_question,5ae4f2c75542993aec5ec0fb,10,Coimbatore International Airport,0.3490365743637085
dense_per_question_n500_d10_20260726_r01,dense,per_question,5ae5072e55429960a22e0246,1,Raimund Marasigan,0.48599380254745483
dense_per_question_n500_d10_20260726_r01,dense,per_question,5ae5072e55429960a22e0246,2,What Lovers Do,0.4844699501991272
dense_per_question_n500_d10_20260726_r01,dense,per_question,5ae5072e55429960a22e0246,3,Peter Morén (drummer),0.47001659870147705
dense_per_question_n500_d10_20260726_r01,dense,per_question,5ae5072e55429960a22e0246,4,Timothy &quot;Yogi&quot; Watts,0.46945297718048096
dense_per_question_n500_d10_20260726_r01,dense,per_question,5ae5072e55429960a22e0246,5,Hans Orifice,0.41354471445083618
dense_per_question_n500_d10_20260726_r01,dense,per_question,5ae5072e55429960a22e0246,6,Kent Stax,0.40341305732727051
dense_per_question_n500_d10_20260726_r01,dense,per_question,5ae5072e55429960a22e0246,7,The Unguided,0.40057015419006348
dense_per_question_n500_d10_20260726_r01,dense,per_question,5ae5072e55429960a22e0246,8,Mark Castillo,0.3944334089756012
dense_per_question_n500_d10_20260726_r01,dense,per_question,5ae5072e55429960a22e0246,9,4 Tune Kookies,0.34243172407150269
dense_per_question_n500_d10_20260726_r01,dense,per_question,5ae5072e55429960a22e0246,10,Maroon 5,0.31710013747215271
dense_per_question_n500_d10_20260726_r01,dense,per_question,5ae52c0f5542992663a4f12e,1,Faith Lutheran Middle School &amp; High School,0.72784411907196045
dense_per_question_n500_d10_20260726_r01,dense,per_question,5ae52c0f5542992663a4f12e,2,"Lutheran High School (La Verne, California)",0.67583048343658447
dense_per_question_n500_d10_20260726_r01,dense,per_question,5ae52c0f5542992663a4f12e,3,Faith Lutheran High School,0.6411665678024292
dense_per_question_n500_d10_20260726_r01,dense,per_question,5ae52c0f5542992663a4f12e,4,"Faith Lutheran College, Redlands",0.5955767035484314
dense_per_question_n500_d10_20260726_r01,dense,per_question,5ae52c0f5542992663a4f12e,5,Mentor High School,0.37580662965774536
dense_per_question_n500_d10_20260726_r01,dense,per_question,5ae52c0f5542992663a4f12e,6,Paso Robles High School,0.36397117376327515
dense_per_question_n500_d10_20260726_r01,dense,per_question,5ae52c0f5542992663a4f12e,7,Sullivan East High School,0.35924214124679565
dense_per_question_n500_d10_20260726_r01,dense,per_question,5ae52c0f5542992663a4f12e,8,Port Charlotte High School,0.35202628374099731
dense_per_question_n500_d10_20260726_r01,dense,per_question,5ae52c0f5542992663a4f12e,9,"Summerlin, Nevada",0.14660368859767914
dense_per_question_n500_d10_20260726_r01,dense,per_question,5ae52c0f5542992663a4f12e,10,Vernon Fox,0.13718022406101227
dense_per_question_n500_d10_20260726_r01,dense,per_question,5ae53b545542990ba0bbb23c,1,Inside the Mind of Bill Cosby,0.64287459850311279
dense_per_question_n500_d10_20260726_r01,dense,per_question,5ae53b545542990ba0bbb23c,2,Disco Bill,0.56682515144348145
dense_per_question_n500_d10_20260726_r01,dense,per_question,5ae53b545542990ba0bbb23c,3,Why Is There Air?,0.55772697925567627
dense_per_question_n500_d10_20260726_r01,dense,per_question,5ae53b545542990ba0bbb23c,4,At Last Bill Cosby Really Sings,0.54429793357849121
dense_per_question_n500_d10_20260726_r01,dense,per_question,5ae53b545542990ba0bbb23c,5,The Original Jam Sessions 1969,0.51463115215301514
dense_per_question_n500_d10_20260726_r01,dense,per_question,5ae53b545542990ba0bbb23c,6,Bill Cosby Is a Very Funny Fellow...Right!,0.50398135185241699
dense_per_question_n500_d10_20260726_r01,dense,per_question,5ae53b545542990ba0bbb23c,7,Bill's Best Friend,0.48559713363647461
dense_per_question_n500_d10_20260726_r01,dense,per_question,5ae53b545542990ba0bbb23c,8,Hikky Burr,0.45439237356185913
dense_per_question_n500_d10_20260726_r01,dense,per_question,5ae53b545542990ba0bbb23c,9,"Yes, Yes, Yes",0.38697028160095215
dense_per_question_n500_d10_20260726_r01,dense,per_question,5ae53b545542990ba0bbb23c,10,Flamingo Las Vegas,0.3672027587890625
dense_per_question_n500_d10_20260726_r01,dense,per_question,5ae5736e5542990ba0bbb2b3,1,Paul Manafort,0.58821618556976318
dense_per_question_n500_d10_20260726_r01,dense,per_question,5ae5736e5542990ba0bbb2b3,2,Trump campaign–Russian meeting,0.50363051891326904
dense_per_question_n500_d10_20260726_r01,dense,per_question,5ae5736e5542990ba0bbb2b3,3,Brad Parscale,0.47696217894554138
dense_per_question_n500_d10_20260726_r01,dense,per_question,5ae5736e5542990ba0bbb2b3,4,"Donald Trump presidential campaign, 2000",0.47585996985435486
dense_per_question_n500_d10_20260726_r01,dense,per_question,5ae5736e5542990ba0bbb2b3,5,David Urban,0.44112306833267212
dense_per_question_n500_d10_20260726_r01,dense,per_question,5ae5736e5542990ba0bbb2b3,6,Tony Fabrizio,0.42871558666229248
dense_per_question_n500_d10_20260726_r01,dense,per_question,5ae5736e5542990ba0bbb2b3,7,Donald Trump (Last Week Tonight),0.37001383304595947
dense_per_question_n500_d10_20260726_r01,dense,per_question,5ae5736e5542990ba0bbb2b3,8,Immigration policy of Donald Trump,0.33860719203948975
dense_per_question_n500_d10_20260726_r01,dense,per_question,5ae5736e5542990ba0bbb2b3,9,Donald Trump in music,0.29648536443710327
dense_per_question_n500_d10_20260726_r01,dense,per_question,5ae5736e5542990ba0bbb2b3,10,Protests against Donald Trump,0.17913699150085449
dense_per_question_n500_d10_20260726_r01,dense,per_question,5ae5aba0554299546bf82f17,1,Tara Strong,0.78267472982406616
dense_per_question_n500_d10_20260726_r01,dense,per_question,5ae5aba0554299546bf82f17,2,Tara Strong filmography,0.78267472982406616
dense_per_question_n500_d10_20260726_r01,dense,per_question,5ae5aba0554299546bf82f17,3,Teen Titans (season 1),0.69283950328826904
dense_per_question_n500_d10_20260726_r01,dense,per_question,5ae5aba0554299546bf82f17,4,List of Teen Titans episodes,0.6873939037322998
dense_per_question_n500_d10_20260726_r01,dense,per_question,5ae5aba0554299546bf82f17,5,List of Teen Titans Go! episodes,0.67671746015548706
dense_per_question_n500_d10_20260726_r01,dense,per_question,5ae5aba0554299546bf82f17,6,Teen Titans,0.6469956636428833
dense_per_question_n500_d10_20260726_r01,dense,per_question,5ae5aba0554299546bf82f17,7,Teen Titans Go! (TV series),0.61841011047363281
dense_per_question_n500_d10_20260726_r01,dense,per_question,5ae5aba0554299546bf82f17,8,Teen Titans (season 4),0.60939645767211914
dense_per_question_n500_d10_20260726_r01,dense,per_question,5ae5aba0554299546bf82f17,9,Teen Titans: Trouble in Tokyo,0.52703976631164551
dense_per_question_n500_d10_20260726_r01,dense,per_question,5ae5aba0554299546bf82f17,10,Roy Harper (comics),0.38037407398223877
dense_per_question_n500_d10_20260726_r01,dense,per_question,5ae5b301554299546bf82f2d,1,Aldosterone,0.60421586036682129
dense_per_question_n500_d10_20260726_r01,dense,per_question,5ae5b301554299546bf82f2d,2,Angiotensin,0.52825313806533813
dense_per_question_n500_d10_20260726_r01,dense,per_question,5ae5b301554299546bf82f2d,3,Sodium-chloride symporter,0.52704370021820068
dense_per_question_n500_d10_20260726_r01,dense,per_question,5ae5b301554299546bf82f2d,4,Low pressure receptors,0.49419689178466797
dense_per_question_n500_d10_20260726_r01,dense,per_question,5ae5b301554299546bf82f2d,5,Tubuloglomerular feedback,0.46444851160049438
dense_per_question_n500_d10_20260726_r01,dense,per_question,5ae5b301554299546bf82f2d,6,Distal renal tubular acidosis,0.45468655228614807
dense_per_question_n500_d10_20260726_r01,dense,per_question,5ae5b301554299546bf82f2d,7,Renal tubular acidosis,0.43621832132339478
dense_per_question_n500_d10_20260726_r01,dense,per_question,5ae5b301554299546bf82f2d,8,Ascending limb of loop of Henle,0.43175229430198669
dense_per_question_n500_d10_20260726_r01,dense,per_question,5ae5b301554299546bf82f2d,9,Sylvia Agnes Sophia Tait,0.35154864192008972
dense_per_question_n500_d10_20260726_r01,dense,per_question,5ae5b301554299546bf82f2d,10,Loop of Henle,0.2957574725151062
dense_per_question_n500_d10_20260726_r01,dense,per_question,5ae5e1345542996de7b71a50,1,Jack Ryan (character),0.59487128257751465
dense_per_question_n500_d10_20260726_r01,dense,per_question,5ae5e1345542996de7b71a50,2,Sam Fisher (Splinter Cell),0.52438187599182129
dense_per_question_n500_d10_20260726_r01,dense,per_question,5ae5e1345542996de7b71a50,3,The Sum of All Fears,0.50820815563201904
dense_per_question_n500_d10_20260726_r01,dense,per_question,5ae5e1345542996de7b71a50,4,Tom Clancy's Net Force Explorers: Cold Case,0.48825174570083618
dense_per_question_n500_d10_20260726_r01,dense,per_question,5ae5e1345542996de7b71a50,5,Tom Clancy's Net Force Explorers: Deathworld,0.43224236369132996
dense_per_question_n500_d10_20260726_r01,dense,per_question,5ae5e1345542996de7b71a50,6,Tom Clancy's Net Force Explorers: High Wire,0.43224236369132996
dense_per_question_n500_d10_20260726_r01,dense,per_question,5ae5e1345542996de7b71a50,7,Tom Clancy's Net Force Explorers: Duel Identity,0.43224236369132996
dense_per_question_n500_d10_20260726_r01,dense,per_question,5ae5e1345542996de7b71a50,8,Tom Clancy's Net Force Explorers: Death Match,0.43224236369132996
dense_per_question_n500_d10_20260726_r01,dense,per_question,5ae5e1345542996de7b71a50,9,Tom Clancy's Net Force Explorers: Gameprey,0.43224236369132996
dense_per_question_n500_d10_20260726_r01,dense,per_question,5ae5e1345542996de7b71a50,10,Tom Clancy's Splinter Cell: Pandora Tomorrow,0.39091014862060547
dense_per_question_n500_d10_20260726_r01,dense,per_question,5ae60426554299546bf83019,1,Celebrity Home Entertainment,0.48892050981521606
dense_per_question_n500_d10_20260726_r01,dense,per_question,5ae60426554299546bf83019,2,BraveStarr,0.46215742826461792
dense_per_question_n500_d10_20260726_r01,dense,per_question,5ae60426554299546bf83019,3,Sterling Entertainment Group,0.35338371992111206
dense_per_question_n500_d10_20260726_r01,dense,per_question,5ae60426554299546bf83019,4,Monster Force,0.34770494699478149
dense_per_question_n500_d10_20260726_r01,dense,per_question,5ae60426554299546bf83019,5,The Fairies,0.3262656033039093
dense_per_question_n500_d10_20260726_r01,dense,per_question,5ae60426554299546bf83019,6,Magna Home Entertainment,0.23731504380702972
dense_per_question_n500_d10_20260726_r01,dense,per_question,5ae60426554299546bf83019,7,Noel C. Bloom,0.22959870100021362
dense_per_question_n500_d10_20260726_r01,dense,per_question,5ae60426554299546bf83019,8,COPS (animated TV series),0.19543533027172089
dense_per_question_n500_d10_20260726_r01,dense,per_question,5ae60426554299546bf83019,9,Locke the Superman,0.11338387429714203
dense_per_question_n500_d10_20260726_r01,dense,per_question,5ae60426554299546bf83019,10,Tottoi,0.10767209529876709
dense_per_question_n500_d10_20260726_r01,dense,per_question,5ae6050f55429929b0807a5e,1,Jim Cummings,0.58053362369537354
dense_per_question_n500_d10_20260726_r01,dense,per_question,5ae6050f55429929b0807a5e,2,Kate Higgins,0.47540333867073059
dense_per_question_n500_d10_20260726_r01,dense,per_question,5ae6050f55429929b0807a5e,3,A Rather Blustery Day,0.44371896982192993
dense_per_question_n500_d10_20260726_r01,dense,per_question,5ae6050f55429929b0807a5e,4,Heffalumps and Woozles,0.37564358115196228
dense_per_question_n500_d10_20260726_r01,dense,per_question,5ae6050f55429929b0807a5e,5,Winnie the Pooh and the Blustery Day,0.35389047861099243
dense_per_question_n500_d10_20260726_r01,dense,per_question,5ae6050f55429929b0807a5e,6,Hip Hip Pooh-Ray!,0.34070351719856262
dense_per_question_n500_d10_20260726_r01,dense,per_question,5ae6050f55429929b0807a5e,7,The Rain Rain Rain Came Down Down Down,0.29993003606796265
dense_per_question_n500_d10_20260726_r01,dense,per_question,5ae6050f55429929b0807a5e,8,The House That Jack Built (1967 film),0.2945132851600647
dense_per_question_n500_d10_20260726_r01,dense,per_question,5ae6050f55429929b0807a5e,9,Little Black Rain Cloud,0.26869416236877441
dense_per_question_n500_d10_20260726_r01,dense,per_question,5ae6050f55429929b0807a5e,10,The Wonderful Thing About Tiggers,0.25385802984237671
dense_per_question_n500_d10_20260726_r01,dense,per_question,5ae628f55542995703ce8b32,1,"Six Violin Sonatas, Op. 5 (Vivaldi)",0.68100523948669434
dense_per_question_n500_d10_20260726_r01,dense,per_question,5ae628f55542995703ce8b32,2,Domenico Scarlatti,0.5889507532119751
dense_per_question_n500_d10_20260726_r01,dense,per_question,5ae628f55542995703ce8b32,3,Antonio Vivaldi,0.54749858379364014
dense_per_question_n500_d10_20260726_r01,dense,per_question,5ae628f55542995703ce8b32,4,Tomaso Albinoni,0.54405653476715088
dense_per_question_n500_d10_20260726_r01,dense,per_question,5ae628f55542995703ce8b32,5,Luigi Rossi,0.53592884540557861
dense_per_question_n500_d10_20260726_r01,dense,per_question,5ae628f55542995703ce8b32,6,Antonio Lotti,0.53121030330657959
dense_per_question_n500_d10_20260726_r01,dense,per_question,5ae628f55542995703ce8b32,7,Lorenzo Ratti,0.51285696029663086
dense_per_question_n500_d10_20260726_r01,dense,per_question,5ae628f55542995703ce8b32,8,Jean-Baptiste Senaillé,0.48699274659156799
dense_per_question_n500_d10_20260726_r01,dense,per_question,5ae628f55542995703ce8b32,9,Francesco Scarlatti,0.47128817439079285
dense_per_question_n500_d10_20260726_r01,dense,per_question,5ae628f55542995703ce8b32,10,George Frideric Handel,0.46183502674102783
dense_per_question_n500_d10_20260726_r01,dense,per_question,5ae63dad55429929b0807afe,1,Here We Go Round the Mulberry Bush (film),0.79410576820373535
dense_per_question_n500_d10_20260726_r01,dense,per_question,5ae63dad55429929b0807afe,2,Here We Go Round the Mulberry Bush (disambiguation),0.7037045955657959
dense_per_question_n500_d10_20260726_r01,dense,per_question,5ae63dad55429929b0807afe,3,Here We Go Round the Mulberry Bush,0.67151933908462524
dense_per_question_n500_d10_20260726_r01,dense,per_question,5ae63dad55429929b0807afe,4,Here We Go Round the Mulberry Bush (Traffic song),0.65901482105255127
dense_per_question_n500_d10_20260726_r01,dense,per_question,5ae63dad55429929b0807afe,5,Michael Finnegan (song),0.56456780433654785
dense_per_question_n500_d10_20260726_r01,dense,per_question,5ae63dad55429929b0807afe,6,The Wheels on the Bus,0.51902419328689575
dense_per_question_n500_d10_20260726_r01,dense,per_question,5ae63dad55429929b0807afe,7,Clive Donner,0.49079534411430359
dense_per_question_n500_d10_20260726_r01,dense,per_question,5ae63dad55429929b0807afe,8,Christopher Mitchell (actor),0.43889546394348145
dense_per_question_n500_d10_20260726_r01,dense,per_question,5ae63dad55429929b0807afe,9,Roy Holder,0.26501458883285522
dense_per_question_n500_d10_20260726_r01,dense,per_question,5ae63dad55429929b0807afe,10,Hunter Davies,0.26019546389579773
dense_per_question_n500_d10_20260726_r01,dense,per_question,5ae67dba55429908198fa5f0,1,Memphis Hustle,0.67291903495788574
dense_per_question_n500_d10_20260726_r01,dense,per_question,5ae67dba55429908198fa5f0,2,"West Memphis, Arkansas",0.51192617416381836
dense_per_question_n500_d10_20260726_r01,dense,per_question,5ae67dba55429908198fa5f0,3,Memphis metropolitan area,0.47111117839813232
dense_per_question_n500_d10_20260726_r01,dense,per_question,5ae67dba55429908198fa5f0,4,"Covington, Tennessee",0.37361931800842285
dense_per_question_n500_d10_20260726_r01,dense,per_question,5ae67dba55429908198fa5f0,5,"Millington, Tennessee",0.37276795506477356
dense_per_question_n500_d10_20260726_r01,dense,per_question,5ae67dba55429908198fa5f0,6,"Southaven, Mississippi",0.37068638205528259
dense_per_question_n500_d10_20260726_r01,dense,per_question,5ae67dba55429908198fa5f0,7,"Ellenbrook, Western Australia",0.30748546123504639
dense_per_question_n500_d10_20260726_r01,dense,per_question,5ae67dba55429908198fa5f0,8,"Marion, Arkansas",0.28695815801620483
dense_per_question_n500_d10_20260726_r01,dense,per_question,5ae67dba55429908198fa5f0,9,"Olive Branch, Mississippi",0.28653764724731445
dense_per_question_n500_d10_20260726_r01,dense,per_question,5ae67dba55429908198fa5f0,10,"Lakeland, Tennessee",0.22191134095191956
dense_per_question_n500_d10_20260726_r01,dense,per_question,5ae6828f5542996d980e7bb9,1,"Salisbury Woodland Gardens, Blackpool",0.67499816417694092
dense_per_question_n500_d10_20260726_r01,dense,per_question,5ae6828f5542996d980e7bb9,2,"Stanley Park, Blackpool",0.34107929468154907
dense_per_question_n500_d10_20260726_r01,dense,per_question,5ae6828f5542996d980e7bb9,3,Sasquatched! The Musical,0.1488906592130661
dense_per_question_n500_d10_20260726_r01,dense,per_question,5ae6828f5542996d980e7bb9,4,Toby Sibbick,0.09859050065279007
dense_per_question_n500_d10_20260726_r01,dense,per_question,5ae6828f5542996d980e7bb9,5,Conferencier,0.0693349689245224
dense_per_question_n500_d10_20260726_r01,dense,per_question,5ae6828f5542996d980e7bb9,6,Patan minara,0.063805922865867615
dense_per_question_n500_d10_20260726_r01,dense,per_question,5ae6828f5542996d980e7bb9,7,List of The Thick of It characters,0.053703226149082184
dense_per_question_n500_d10_20260726_r01,dense,per_question,5ae6828f5542996d980e7bb9,8,Double Trouble (U.S. TV series),0.038063477724790573
dense_per_question_n500_d10_20260726_r01,dense,per_question,5ae6828f5542996d980e7bb9,9,Kiyoshi Kohatsu,0.020269047468900681
dense_per_question_n500_d10_20260726_r01,dense,per_question,5ae6828f5542996d980e7bb9,10,Charles de Lorme,-0.037800677120685577
dense_per_question_n500_d10_20260726_r01,dense,per_question,5ae6860e5542991bbc976112,1,Voltaire in Love,0.66576731204986572
dense_per_question_n500_d10_20260726_r01,dense,per_question,5ae6860e5542991bbc976112,2,Émilie du Châtelet,0.49370718002319336
dense_per_question_n500_d10_20260726_r01,dense,per_question,5ae6860e5542991bbc976112,3,Jean de Chastelet,0.42976242303848267
dense_per_question_n500_d10_20260726_r01,dense,per_question,5ae6860e5542991bbc976112,4,Laws of association,0.37997111678123474
dense_per_question_n500_d10_20260726_r01,dense,per_question,5ae6860e5542991bbc976112,5,The Physics of Superheroes,0.28224676847457886
dense_per_question_n500_d10_20260726_r01,dense,per_question,5ae6860e5542991bbc976112,6,12 basic principles of animation,0.20424202084541321
dense_per_question_n500_d10_20260726_r01,dense,per_question,5ae6860e5542991bbc976112,7,Ethiopian Legal Information Website,0.15306779742240906
dense_per_question_n500_d10_20260726_r01,dense,per_question,5ae6860e5542991bbc976112,8,Katherine Kath,0.11744822561740875
dense_per_question_n500_d10_20260726_r01,dense,per_question,5ae6860e5542991bbc976112,9,Constitution of Israel,0.05303293839097023
dense_per_question_n500_d10_20260726_r01,dense,per_question,5ae6860e5542991bbc976112,10,Basic Laws of Israel,0.0066821910440921783
dense_per_question_n500_d10_20260726_r01,dense,per_question,5ae68fcb5542992ae0d1635b,1,Ew!,0.74549025297164917
dense_per_question_n500_d10_20260726_r01,dense,per_question,5ae68fcb5542992ae0d1635b,2,Jason Byrne (comedian),0.34335839748382568
dense_per_question_n500_d10_20260726_r01,dense,per_question,5ae68fcb5542992ae0d1635b,3,Zhu Xun,0.30600321292877197
dense_per_question_n500_d10_20260726_r01,dense,per_question,5ae68fcb5542992ae0d1635b,4,Jimmy Fallon,0.29398393630981445
dense_per_question_n500_d10_20260726_r01,dense,per_question,5ae68fcb5542992ae0d1635b,5,Mat Dan,0.28745979070663452
dense_per_question_n500_d10_20260726_r01,dense,per_question,5ae68fcb5542992ae0d1635b,6,Dayna Hart,0.28665599226951599
dense_per_question_n500_d10_20260726_r01,dense,per_question,5ae68fcb5542992ae0d1635b,7,Denis Latin,0.26121637225151062
dense_per_question_n500_d10_20260726_r01,dense,per_question,5ae68fcb5542992ae0d1635b,8,Erika Moulet,0.25250670313835144
dense_per_question_n500_d10_20260726_r01,dense,per_question,5ae68fcb5542992ae0d1635b,9,Susan Stafford,0.1853131502866745
dense_per_question_n500_d10_20260726_r01,dense,per_question,5ae68fcb5542992ae0d1635b,10,Jim Puplava,0.14039906859397888
dense_per_question_n500_d10_20260726_r01,dense,per_question,5ae6f2a7554299572ea5464a,1,Benvolio,0.7223353385925293
dense_per_question_n500_d10_20260726_r01,dense,per_question,5ae6f2a7554299572ea5464a,2,Romeo,0.57766067981719971
dense_per_question_n500_d10_20260726_r01,dense,per_question,5ae6f2a7554299572ea5464a,3,Juliet,0.55460035800933838
dense_per_question_n500_d10_20260726_r01,dense,per_question,5ae6f2a7554299572ea5464a,4,Prince Hamlet,0.46622687578201294
dense_per_question_n500_d10_20260726_r01,dense,per_question,5ae6f2a7554299572ea5464a,5,Shakespearean tragedy,0.46094238758087158
dense_per_question_n500_d10_20260726_r01,dense,per_question,5ae6f2a7554299572ea5464a,6,Romeo and Juliet (1954 film),0.4329049289226532
dense_per_question_n500_d10_20260726_r01,dense,per_question,5ae6f2a7554299572ea5464a,7,Revenge tragedy,0.37360066175460815
dense_per_question_n500_d10_20260726_r01,dense,per_question,5ae6f2a7554299572ea5464a,8,Macbeth,0.33584600687026978
dense_per_question_n500_d10_20260726_r01,dense,per_question,5ae6f2a7554299572ea5464a,9,Anna Devane,0.27374526858329773
dense_per_question_n500_d10_20260726_r01,dense,per_question,5ae6f2a7554299572ea5464a,10,Rory Williams,0.12087689340114594
dense_per_question_n500_d10_20260726_r01,dense,per_question,5ae7385d5542992ae0d163da,1,Bartlett's Bridge,0.74698376655578613
dense_per_question_n500_d10_20260726_r01,dense,per_question,5ae7385d5542992ae0d163da,2,Henry Covered Bridge (Ohio),0.61159610748291016
dense_per_question_n500_d10_20260726_r01,dense,per_question,5ae7385d5542992ae0d163da,3,"Eisenhower Bridge (Milton, Iowa)",0.460396409034729
dense_per_question_n500_d10_20260726_r01,dense,per_question,5ae7385d5542992ae0d163da,4,"Main Street Bridge (Charles City, Iowa)",0.44612044095993042
dense_per_question_n500_d10_20260726_r01,dense,per_question,5ae7385d5542992ae0d163da,5,Shinn Covered Bridge,0.40526336431503296
dense_per_question_n500_d10_20260726_r01,dense,per_question,5ae7385d5542992ae0d163da,6,"Worcester, Massachusetts",0.34775310754776001
dense_per_question_n500_d10_20260726_r01,dense,per_question,5ae7385d5542992ae0d163da,7,Sutliff Bridge,0.30170494318008423
dense_per_question_n500_d10_20260726_r01,dense,per_question,5ae7385d5542992ae0d163da,8,Gardnerville Branch Jail,0.18943701684474945
dense_per_question_n500_d10_20260726_r01,dense,per_question,5ae7385d5542992ae0d163da,9,"Old Allamakee County Courthouse (Lansing, Iowa)",0.15682810544967651
dense_per_question_n500_d10_20260726_r01,dense,per_question,5ae7385d5542992ae0d163da,10,Cerro Gordo County Courthouse (Iowa),0.11705038696527481
dense_per_question_n500_d10_20260726_r01,dense,per_question,5ae738f75542991bbc9761c4,1,Ron Snidow,0.49439051747322083
dense_per_question_n500_d10_20260726_r01,dense,per_question,5ae738f75542991bbc9761c4,2,Fred Hageman,0.47738000750541687
dense_per_question_n500_d10_20260726_r01,dense,per_question,5ae738f75542991bbc9761c4,3,Champ Bailey,0.47607684135437012
dense_per_question_n500_d10_20260726_r01,dense,per_question,5ae738f75542991bbc9761c4,4,Jeris White,0.47097241878509521
dense_per_question_n500_d10_20260726_r01,dense,per_question,5ae738f75542991bbc9761c4,5,Boss Bailey,0.45299625396728516
dense_per_question_n500_d10_20260726_r01,dense,per_question,5ae738f75542991bbc9761c4,6,LaRon Landry,0.444539874792099
dense_per_question_n500_d10_20260726_r01,dense,per_question,5ae738f75542991bbc9761c4,7,Tom Draper,0.41227829456329346
dense_per_question_n500_d10_20260726_r01,dense,per_question,5ae738f75542991bbc9761c4,8,Robin Cole,0.37248897552490234
dense_per_question_n500_d10_20260726_r01,dense,per_question,5ae738f75542991bbc9761c4,9,Marc Parenteau,0.36799103021621704
dense_per_question_n500_d10_20260726_r01,dense,per_question,5ae738f75542991bbc9761c4,10,Anthony Woodson,0.36615169048309326
dense_per_question_n500_d10_20260726_r01,dense,per_question,5ae73acb5542991e8301cc07,1,D1NZ,0.60329771041870117
dense_per_question_n500_d10_20260726_r01,dense,per_question,5ae73acb5542991e8301cc07,2,Drifting (motorsport),0.2400050163269043
dense_per_question_n500_d10_20260726_r01,dense,per_question,5ae73acb5542991e8301cc07,3,Raaz Pichhle Janam Ka,0.20307549834251404
dense_per_question_n500_d10_20260726_r01,dense,per_question,5ae73acb5542991e8301cc07,4,Rising Star (France),0.18467198312282562
dense_per_question_n500_d10_20260726_r01,dense,per_question,5ae73acb5542991e8301cc07,5,Night School: the Web Series,0.12274875491857529
dense_per_question_n500_d10_20260726_r01,dense,per_question,5ae73acb5542991e8301cc07,6,Iron Man (TV series),0.081290371716022491
dense_per_question_n500_d10_20260726_r01,dense,per_question,5ae73acb5542991e8301cc07,7,List of The Office (U.S. TV series) characters,0.077683180570602417
dense_per_question_n500_d10_20260726_r01,dense,per_question,5ae73acb5542991e8301cc07,8,Raimund Harmstorf,0.041452247649431229
dense_per_question_n500_d10_20260726_r01,dense,per_question,5ae73acb5542991e8301cc07,9,"Katri, Girl of the Meadows",0.01600286178290844
dense_per_question_n500_d10_20260726_r01,dense,per_question,5ae73acb5542991e8301cc07,10,Ripley's Believe It or Not! (TV series),-0.0085641704499721527
dense_per_question_n500_d10_20260726_r01,dense,per_question,5ae73c065542991e8301cc18,1,Encore (Eminem song),0.61292898654937744
dense_per_question_n500_d10_20260726_r01,dense,per_question,5ae73c065542991e8301cc18,2,Rabid Neurosis,0.4877626895904541
dense_per_question_n500_d10_20260726_r01,dense,per_question,5ae73c065542991e8301cc18,3,The Monster (song),0.47708261013031006
dense_per_question_n500_d10_20260726_r01,dense,per_question,5ae73c065542991e8301cc18,4,Numb (Rihanna song),0.42424395680427551
dense_per_question_n500_d10_20260726_r01,dense,per_question,5ae73c065542991e8301cc18,5,Drop the World,0.40112107992172241
dense_per_question_n500_d10_20260726_r01,dense,per_question,5ae73c065542991e8301cc18,6,In Death Reborn,0.3464311957359314
dense_per_question_n500_d10_20260726_r01,dense,per_question,5ae73c065542991e8301cc18,7,Barbara Higbie,0.32717865705490112
dense_per_question_n500_d10_20260726_r01,dense,per_question,5ae73c065542991e8301cc18,8,List of songs recorded by Linkin Park,0.29478070139884949
dense_per_question_n500_d10_20260726_r01,dense,per_question,5ae73c065542991e8301cc18,9,Better Off Alone,0.24933281540870667
dense_per_question_n500_d10_20260726_r01,dense,per_question,5ae73c065542991e8301cc18,10,You and Me (Uniting Nations song),0.21615409851074219
dense_per_question_n500_d10_20260726_r01,dense,per_question,5ae74890554299572ea547af,1,Dance Dance Dance (novel),0.79190289974212646
dense_per_question_n500_d10_20260726_r01,dense,per_question,5ae74890554299572ea547af,2,"Pinball, 1973",0.45542925596237183
dense_per_question_n500_d10_20260726_r01,dense,per_question,5ae74890554299572ea547af,3,The Wind-Up Bird Chronicle,0.40418592095375061
dense_per_question_n500_d10_20260726_r01,dense,per_question,5ae74890554299572ea547af,4,Norwegian Wood (novel),0.37850528955459595
dense_per_question_n500_d10_20260726_r01,dense,per_question,5ae74890554299572ea547af,5,Dance Factory (video game),0.30137848854064941
dense_per_question_n500_d10_20260726_r01,dense,per_question,5ae74890554299572ea547af,6,Meiko Nakahara,0.29571354389190674
dense_per_question_n500_d10_20260726_r01,dense,per_question,5ae74890554299572ea547af,7,Dance Dance Revolution Mario Mix,0.27287688851356506
dense_per_question_n500_d10_20260726_r01,dense,per_question,5ae74890554299572ea547af,8,Dance Dance Revolution Disney Grooves,0.26180791854858398
dense_per_question_n500_d10_20260726_r01,dense,per_question,5ae74890554299572ea547af,9,Dancing Stage Fusion,0.24140983819961548
dense_per_question_n500_d10_20260726_r01,dense,per_question,5ae74890554299572ea547af,10,Dub-I-Dub,0.23462846875190735
dense_per_question_n500_d10_20260726_r01,dense,per_question,5ae748d1554299572ea547b0,1,Wayne Garland,0.64547598361968994
dense_per_question_n500_d10_20260726_r01,dense,per_question,5ae748d1554299572ea547b0,2,Baltimore Orioles,0.62714695930480957
dense_per_question_n500_d10_20260726_r01,dense,per_question,5ae748d1554299572ea547b0,3,History of the Washington Senators (1901–60),0.50238120555877686
dense_per_question_n500_d10_20260726_r01,dense,per_question,5ae748d1554299572ea547b0,4,Detroit Tigers,0.48780995607376099
dense_per_question_n500_d10_20260726_r01,dense,per_question,5ae748d1554299572ea547b0,5,List of Atlanta Braves managers,0.46535119414329529
dense_per_question_n500_d10_20260726_r01,dense,per_question,5ae748d1554299572ea547b0,6,History of the Cleveland Indians,0.45572257041931152
dense_per_question_n500_d10_20260726_r01,dense,per_question,5ae748d1554299572ea547b0,7,History of the Minnesota Twins,0.42270177602767944
dense_per_question_n500_d10_20260726_r01,dense,per_question,5ae748d1554299572ea547b0,8,List of Detroit Tigers managers,0.41336995363235474
dense_per_question_n500_d10_20260726_r01,dense,per_question,5ae748d1554299572ea547b0,9,Boston Red Sox,0.40168517827987671
dense_per_question_n500_d10_20260726_r01,dense,per_question,5ae748d1554299572ea547b0,10,Guelph Royals (baseball),0.22780650854110718
dense_per_question_n500_d10_20260726_r01,dense,per_question,5ae74fc45542997b22f6a6b4,1,Yi Guan,0.74694257974624634
dense_per_question_n500_d10_20260726_r01,dense,per_question,5ae74fc45542997b22f6a6b4,2,Severe acute respiratory syndrome,0.54492855072021484
dense_per_question_n500_d10_20260726_r01,dense,per_question,5ae74fc45542997b22f6a6b4,3,Timeline of the SARS outbreak,0.52003753185272217
dense_per_question_n500_d10_20260726_r01,dense,per_question,5ae74fc45542997b22f6a6b4,4,Asthma-related microbes,0.47611665725708008
dense_per_question_n500_d10_20260726_r01,dense,per_question,5ae74fc45542997b22f6a6b4,5,Feline viral rhinotracheitis,0.46316945552825928
dense_per_question_n500_d10_20260726_r01,dense,per_question,5ae74fc45542997b22f6a6b4,6,SARS (disambiguation),0.46246984601020813
dense_per_question_n500_d10_20260726_r01,dense,per_question,5ae74fc45542997b22f6a6b4,7,Journal of Thoracic Disease,0.44534677267074585
dense_per_question_n500_d10_20260726_r01,dense,per_question,5ae74fc45542997b22f6a6b4,8,Chronic Respiratory Disease,0.37604051828384399
dense_per_question_n500_d10_20260726_r01,dense,per_question,5ae74fc45542997b22f6a6b4,9,Irish Thoracic Society,0.26027661561965942
dense_per_question_n500_d10_20260726_r01,dense,per_question,5ae74fc45542997b22f6a6b4,10,Pulmonary rehabilitation,0.21724765002727509
dense_per_question_n500_d10_20260726_r01,dense,per_question,5ae75a4c5542997b22f6a6f1,1,Bart the Fink,0.79782825708389282
dense_per_question_n500_d10_20260726_r01,dense,per_question,5ae75a4c5542997b22f6a6f1,2,Bart to the Future,0.69339025020599365
dense_per_question_n500_d10_20260726_r01,dense,per_question,5ae75a4c5542997b22f6a6f1,3,Bart Gets Hit by a Car,0.59649920463562012
dense_per_question_n500_d10_20260726_r01,dense,per_question,5ae75a4c5542997b22f6a6f1,4,Krusty the Clown,0.58982270956039429
dense_per_question_n500_d10_20260726_r01,dense,per_question,5ae75a4c5542997b22f6a6f1,5,Postcards from the Wedge,0.55009615421295166
dense_per_question_n500_d10_20260726_r01,dense,per_question,5ae75a4c5542997b22f6a6f1,6,The Itchy &amp; Scratchy Show,0.52954840660095215
dense_per_question_n500_d10_20260726_r01,dense,per_question,5ae75a4c5542997b22f6a6f1,7,Good Night (The Simpsons short),0.48523429036140442
dense_per_question_n500_d10_20260726_r01,dense,per_question,5ae75a4c5542997b22f6a6f1,8,The Telltale Head,0.45826131105422974
dense_per_question_n500_d10_20260726_r01,dense,per_question,5ae75a4c5542997b22f6a6f1,9,A Day with Doodles,0.33763870596885681
dense_per_question_n500_d10_20260726_r01,dense,per_question,5ae75a4c5542997b22f6a6f1,10,Rodel Flordeliz,0.30241879820823669
dense_per_question_n500_d10_20260726_r01,dense,per_question,5ae77c245542997b22f6a795,1,Mera Damad,0.7896764874458313
dense_per_question_n500_d10_20260726_r01,dense,per_question,5ae77c245542997b22f6a795,2,Tariq Khan (actor),0.52407920360565186
dense_per_question_n500_d10_20260726_r01,dense,per_question,5ae77c245542997b22f6a795,3,Duniya Vijay,0.47320592403411865
dense_per_question_n500_d10_20260726_r01,dense,per_question,5ae77c245542997b22f6a795,4,Farooq Sheikh,0.4723019003868103
dense_per_question_n500_d10_20260726_r01,dense,per_question,5ae77c245542997b22f6a795,5,Sunil Rawal,0.43798291683197021
dense_per_question_n500_d10_20260726_r01,dense,per_question,5ae77c245542997b22f6a795,6,Fayyaz Hashmi,0.41526839137077332
dense_per_question_n500_d10_20260726_r01,dense,per_question,5ae77c245542997b22f6a795,7,Komal,0.40891659259796143
dense_per_question_n500_d10_20260726_r01,dense,per_question,5ae77c245542997b22f6a795,8,Krishnabhaskar Mangalasserri,0.39815843105316162
dense_per_question_n500_d10_20260726_r01,dense,per_question,5ae77c245542997b22f6a795,9,Tulu cinema,0.36978167295455933
dense_per_question_n500_d10_20260726_r01,dense,per_question,5ae77c245542997b22f6a795,10,Doddanna,0.34350544214248657
dense_per_question_n500_d10_20260726_r01,dense,per_question,5ae789615542997ec2727695,1,Kam Heskin,0.51059973239898682
dense_per_question_n500_d10_20260726_r01,dense,per_question,5ae789615542997ec2727695,2,The Prince and Me,0.38642305135726929
dense_per_question_n500_d10_20260726_r01,dense,per_question,5ae789615542997ec2727695,3,The Prince &amp; Me 2: The Royal Wedding,0.3826795220375061
dense_per_question_n500_d10_20260726_r01,dense,per_question,5ae789615542997ec2727695,4,Turning Paige,0.35884320735931396
dense_per_question_n500_d10_20260726_r01,dense,per_question,5ae789615542997ec2727695,5,True True Lie,0.34628143906593323
dense_per_question_n500_d10_20260726_r01,dense,per_question,5ae789615542997ec2727695,6,Sunset at Chaophraya (1996 film),0.30600845813751221
dense_per_question_n500_d10_20260726_r01,dense,per_question,5ae789615542997ec2727695,7,Sunset at Chaophraya (2013 film),0.30095946788787842
dense_per_question_n500_d10_20260726_r01,dense,per_question,5ae789615542997ec2727695,8,Super Size Me 2: Holy Chicken!,0.28131943941116333
dense_per_question_n500_d10_20260726_r01,dense,per_question,5ae789615542997ec2727695,9,R-Point,0.2203374058008194
dense_per_question_n500_d10_20260726_r01,dense,per_question,5ae789615542997ec2727695,10,Pride &amp; Prejudice: A Latter-Day Comedy,0.1862349808216095
dense_per_question_n500_d10_20260726_r01,dense,per_question,5ae791ef55429952e35ea979,1,EgyptAir Flight 990,0.60295671224594116
dense_per_question_n500_d10_20260726_r01,dense,per_question,5ae791ef55429952e35ea979,2,Gameel Al-Batouti,0.5444800853729248
dense_per_question_n500_d10_20260726_r01,dense,per_question,5ae791ef55429952e35ea979,3,Colgan Air Flight 9446,0.4854809045791626
dense_per_question_n500_d10_20260726_r01,dense,per_question,5ae791ef55429952e35ea979,4,Air Tahoma Flight 185,0.45835813879966736
dense_per_question_n500_d10_20260726_r01,dense,per_question,5ae791ef55429952e35ea979,5,FedEx Express Flight 80,0.42860937118530273
dense_per_question_n500_d10_20260726_r01,dense,per_question,5ae791ef55429952e35ea979,6,Garuda Indonesia Flight 200,0.39335167407989502
dense_per_question_n500_d10_20260726_r01,dense,per_question,5ae791ef55429952e35ea979,7,LeRoy W. Homer Jr. Foundation,0.39319026470184326
dense_per_question_n500_d10_20260726_r01,dense,per_question,5ae791ef55429952e35ea979,8,Summit Air Flight 409,0.38264161348342896
dense_per_question_n500_d10_20260726_r01,dense,per_question,5ae791ef55429952e35ea979,9,Third officer (aeronautics),0.28881198167800903
dense_per_question_n500_d10_20260726_r01,dense,per_question,5ae791ef55429952e35ea979,10,Aurelio Valle,0.17994293570518494
dense_per_question_n500_d10_20260726_r01,dense,per_question,5ae7a8175542993210983ed8,1,Formula One drivers from Mexico,0.73666083812713623
dense_per_question_n500_d10_20260726_r01,dense,per_question,5ae7a8175542993210983ed8,2,Sergio Pérez,0.58935278654098511
dense_per_question_n500_d10_20260726_r01,dense,per_question,5ae7a8175542993210983ed8,3,Eduardo Troconis,0.55574613809585571
dense_per_question_n500_d10_20260726_r01,dense,per_question,5ae7a8175542993210983ed8,4,Michael James Lewis,0.49305695295333862
dense_per_question_n500_d10_20260726_r01,dense,per_question,5ae7a8175542993210983ed8,5,2009 Singapore Grand Prix,0.49210193753242493
dense_per_question_n500_d10_20260726_r01,dense,per_question,5ae7a8175542993210983ed8,6,Tony Ave,0.43070197105407715
dense_per_question_n500_d10_20260726_r01,dense,per_question,5ae7a8175542993210983ed8,7,Force India VJM04,0.42306038737297058
dense_per_question_n500_d10_20260726_r01,dense,per_question,5ae7a8175542993210983ed8,8,Catharina Felser,0.41725730895996094
dense_per_question_n500_d10_20260726_r01,dense,per_question,5ae7a8175542993210983ed8,9,Mike Shank,0.37779331207275391
dense_per_question_n500_d10_20260726_r01,dense,per_question,5ae7a8175542993210983ed8,10,2014 Bahrain Grand Prix,0.31840473413467407
dense_per_question_n500_d10_20260726_r01,dense,per_question,5ae7ba7a5542993210983f12,1,Yeah! (Usher song),0.4538922905921936
dense_per_question_n500_d10_20260726_r01,dense,per_question,5ae7ba7a5542993210983f12,2,I Don't Wanna Know,0.37486857175827026
dense_per_question_n500_d10_20260726_r01,dense,per_question,5ae7ba7a5542993210983f12,3,Stay (Shakespears Sister song),0.36805453896522522
dense_per_question_n500_d10_20260726_r01,dense,per_question,5ae7ba7a5542993210983f12,4,Stay (Sugarland song),0.36222070455551147
dense_per_question_n500_d10_20260726_r01,dense,per_question,5ae7ba7a5542993210983f12,5,Billy Ray Cyrus discography,0.35913026332855225
dense_per_question_n500_d10_20260726_r01,dense,per_question,5ae7ba7a5542993210983f12,6,No One (Alicia Keys song),0.32053136825561523
dense_per_question_n500_d10_20260726_r01,dense,per_question,5ae7ba7a5542993210983f12,7,Feel Good Inc.,0.31667289137840271
dense_per_question_n500_d10_20260726_r01,dense,per_question,5ae7ba7a5542993210983f12,8,U Know What's Up,0.30366122722625732
dense_per_question_n500_d10_20260726_r01,dense,per_question,5ae7ba7a5542993210983f12,9,Can't Touch It,0.24971121549606323
dense_per_question_n500_d10_20260726_r01,dense,per_question,5ae7ba7a5542993210983f12,10,My Fair Lady (Broadway cast recording),0.19734202325344086
dense_per_question_n500_d10_20260726_r01,dense,per_question,5ae7e1fc55429952e35ea9cc,1,Oranjegekte,0.68783414363861084
dense_per_question_n500_d10_20260726_r01,dense,per_question,5ae7e1fc55429952e35ea9cc,2,Koningsdag,0.57475847005844116
dense_per_question_n500_d10_20260726_r01,dense,per_question,5ae7e1fc55429952e35ea9cc,3,Queen's Day (disambiguation),0.51414811611175537
dense_per_question_n500_d10_20260726_r01,dense,per_question,5ae7e1fc55429952e35ea9cc,4,Christmas in the Basque Country,0.45469409227371216
dense_per_question_n500_d10_20260726_r01,dense,per_question,5ae7e1fc55429952e35ea9cc,5,Children's Day (Japan),0.32578641176223755
dense_per_question_n500_d10_20260726_r01,dense,per_question,5ae7e1fc55429952e35ea9cc,6,Jounen Kwéyòl,0.31218379735946655
dense_per_question_n500_d10_20260726_r01,dense,per_question,5ae7e1fc55429952e35ea9cc,7,White Sunday,0.27449667453765869
dense_per_question_n500_d10_20260726_r01,dense,per_question,5ae7e1fc55429952e35ea9cc,8,Garifuna Settlement Day,0.25080192089080811
dense_per_question_n500_d10_20260726_r01,dense,per_question,5ae7e1fc55429952e35ea9cc,9,Saint-Jean-Baptiste Day,0.22586454451084137
dense_per_question_n500_d10_20260726_r01,dense,per_question,5ae7e1fc55429952e35ea9cc,10,The Eighth (United States),0.19183771312236786
dense_per_question_n500_d10_20260726_r01,dense,per_question,5ae7eaf65542994a481bbe1d,1,2000 ICC KnockOut Trophy squads,0.65792930126190186
dense_per_question_n500_d10_20260726_r01,dense,per_question,5ae7eaf65542994a481bbe1d,2,2000 ICC KnockOut Trophy,0.63572514057159424
dense_per_question_n500_d10_20260726_r01,dense,per_question,5ae7eaf65542994a481bbe1d,3,1998 ICC KnockOut Trophy squads,0.58043354749679565
dense_per_question_n500_d10_20260726_r01,dense,per_question,5ae7eaf65542994a481bbe1d,4,1998 ICC KnockOut Trophy Final,0.54425352811813354
dense_per_question_n500_d10_20260726_r01,dense,per_question,5ae7eaf65542994a481bbe1d,5,Sam Davies (cricketer),0.39648425579071045
dense_per_question_n500_d10_20260726_r01,dense,per_question,5ae7eaf65542994a481bbe1d,6,Zaheer Khan,0.38143625855445862
dense_per_question_n500_d10_20260726_r01,dense,per_question,5ae7eaf65542994a481bbe1d,7,Guy Randall-Johnson,0.35482150316238403
dense_per_question_n500_d10_20260726_r01,dense,per_question,5ae7eaf65542994a481bbe1d,8,Peter Kingston-Davey,0.34064429998397827
dense_per_question_n500_d10_20260726_r01,dense,per_question,5ae7eaf65542994a481bbe1d,9,Lindum Sports Club Ground,0.30705052614212036
dense_per_question_n500_d10_20260726_r01,dense,per_question,5ae7eaf65542994a481bbe1d,10,Digswell Park,0.26930180191993713
dense_per_question_n500_d10_20260726_r01,dense,per_question,5ae7ed17554299540e5a56a3,1,Ernest Foot,0.6842690110206604
dense_per_question_n500_d10_20260726_r01,dense,per_question,5ae7ed17554299540e5a56a3,2,Manfred Meurer,0.57549601793289185
dense_per_question_n500_d10_20260726_r01,dense,per_question,5ae7ed17554299540e5a56a3,3,Albert Ball,0.57434999942779541
dense_per_question_n500_d10_20260726_r01,dense,per_question,5ae7ed17554299540e5a56a3,4,Egon Mayer,0.52542382478713989
dense_per_question_n500_d10_20260726_r01,dense,per_question,5ae7ed17554299540e5a56a3,5,Lydia Litvyak,0.47452238202095032
dense_per_question_n500_d10_20260726_r01,dense,per_question,5ae7ed17554299540e5a56a3,6,Paul Zorner,0.47426998615264893
dense_per_question_n500_d10_20260726_r01,dense,per_question,5ae7ed17554299540e5a56a3,7,Ilmari Juutilainen,0.41160658001899719
dense_per_question_n500_d10_20260726_r01,dense,per_question,5ae7ed17554299540e5a56a3,8,Fighter Pilot: Operation Red Flag,0.36568796634674072
dense_per_question_n500_d10_20260726_r01,dense,per_question,5ae7ed17554299540e5a56a3,9,Ashley Rolfe,0.36213994026184082
dense_per_question_n500_d10_20260726_r01,dense,per_question,5ae7ed17554299540e5a56a3,10,Ayesha Farooq,0.33924815058708191
dense_per_question_n500_d10_20260726_r01,dense,per_question,5ae7edee554299540e5a56ad,1,Church of the Guanche People,0.77633899450302124
dense_per_question_n500_d10_20260726_r01,dense,per_question,5ae7edee554299540e5a56ad,2,Guanche mummies,0.46491372585296631
dense_per_question_n500_d10_20260726_r01,dense,per_question,5ae7edee554299540e5a56ad,3,Tenerife,0.42516371607780457
dense_per_question_n500_d10_20260726_r01,dense,per_question,5ae7edee554299540e5a56ad,4,Mactan,0.38240507245063782
dense_per_question_n500_d10_20260726_r01,dense,per_question,5ae7edee554299540e5a56ad,5,Vilsandi,0.33565303683280945
dense_per_question_n500_d10_20260726_r01,dense,per_question,5ae7edee554299540e5a56ad,6,Pungdo,0.31910079717636108
dense_per_question_n500_d10_20260726_r01,dense,per_question,5ae7edee554299540e5a56ad,7,Karlsøy Church,0.31613653898239136
dense_per_question_n500_d10_20260726_r01,dense,per_question,5ae7edee554299540e5a56ad,8,Loppa Church,0.29969200491905212
dense_per_question_n500_d10_20260726_r01,dense,per_question,5ae7edee554299540e5a56ad,9,Wheeling Island,0.28253412246704102
dense_per_question_n500_d10_20260726_r01,dense,per_question,5ae7edee554299540e5a56ad,10,"Bjørnøya, Haram",0.20059344172477722
dense_per_question_n500_d10_20260726_r01,dense,per_question,5ae819ac55429952e35eaa16,1,"Marry Me a Little, Marry Me a Little More",0.56206679344177246
dense_per_question_n500_d10_20260726_r01,dense,per_question,5ae819ac55429952e35eaa16,2,David Kohan,0.44031062722206116
dense_per_question_n500_d10_20260726_r01,dense,per_question,5ae819ac55429952e35eaa16,3,Boston Common (TV series),0.41217887401580811
dense_per_question_n500_d10_20260726_r01,dense,per_question,5ae819ac55429952e35eaa16,4,Pilot (Will &amp; Grace),0.38983562588691711
dense_per_question_n500_d10_20260726_r01,dense,per_question,5ae819ac55429952e35eaa16,5,Partners (2012 TV series),0.36538642644882202
dense_per_question_n500_d10_20260726_r01,dense,per_question,5ae819ac55429952e35eaa16,6,"Good Morning, Miami",0.31367295980453491
dense_per_question_n500_d10_20260726_r01,dense,per_question,5ae819ac55429952e35eaa16,7,James Carroll (actor),0.29390811920166016
dense_per_question_n500_d10_20260726_r01,dense,per_question,5ae819ac55429952e35eaa16,8,Four Kings,0.27981308102607727
dense_per_question_n500_d10_20260726_r01,dense,per_question,5ae819ac55429952e35eaa16,9,Will &amp; Grace,0.27171307802200317
dense_per_question_n500_d10_20260726_r01,dense,per_question,5ae819ac55429952e35eaa16,10,The Stones (TV series),0.24974006414413452
dense_per_question_n500_d10_20260726_r01,dense,per_question,5ae82ae555429952e35eaa71,1,Pat Hingle,0.48732882738113403
dense_per_question_n500_d10_20260726_r01,dense,per_question,5ae82ae555429952e35eaa71,2,Kyle Craig,0.31050807237625122
dense_per_question_n500_d10_20260726_r01,dense,per_question,5ae82ae555429952e35eaa71,3,Damon Dark,0.25013613700866699
dense_per_question_n500_d10_20260726_r01,dense,per_question,5ae82ae555429952e35eaa71,4,Alie Ward,0.23007696866989136
dense_per_question_n500_d10_20260726_r01,dense,per_question,5ae82ae555429952e35eaa71,5,Clint Eastwood,0.2111356109380722
dense_per_question_n500_d10_20260726_r01,dense,per_question,5ae82ae555429952e35eaa71,6,Virginia Foster Durr,0.17861269414424896
dense_per_question_n500_d10_20260726_r01,dense,per_question,5ae82ae555429952e35eaa71,7,Longhorn Ballroom,0.14746655523777008
dense_per_question_n500_d10_20260726_r01,dense,per_question,5ae82ae555429952e35eaa71,8,Dr. Kildare (TV series),0.12955625355243683
dense_per_question_n500_d10_20260726_r01,dense,per_question,5ae82ae555429952e35eaa71,9,A. C. Tirulokchandar,0.087594904005527496
dense_per_question_n500_d10_20260726_r01,dense,per_question,5ae82ae555429952e35eaa71,10,Dirás que estoy loco,-0.00093628466129302979
